{
"type": "FeatureCollection",
"name": "Bioswale Suitability",
"crs": { "type": "name", "properties": { "name": "urn:ogc:def:crs:OGC:1.3:CRS84" } },
"features": [
{ "type": "Feature", "properties": { "DN": 1, "gml_id": "DENW41AL30005czGFL", "identifier": "urn:adv:oid:DENW41AL30005czGFL", "aktualit_2": "2024-08-20Z", "idflurst": "DENW41AL30005czG", "flaeche": 603.0, "flstkennz_": "05468201900114______", "flstnrzae": "114", "flstnrnen": null, "gemarkung": "Horrem", "gemaschl": "054682", "flur": "19", "flurschl": "054682019", "land": "Nordrhein-Westfalen", "landschl": "05", "regbezirk": "Köln", "regbezschl": "053", "kreis": "Rhein-Erft-Kreis", "kreisschl": "05362", "gemeinde": "Kerpen", "gmdschl": "05362032", "abwrecht": "Kein abweichender Rechtszustand", "lagebeztxt": "Merodestraße 32", "tntxt": "Wohnbaufläche;603", "area": 599, "s area": 183.0, "layer": "Clipped", "path": "MultiPolygon?crs=EPSG:25832&field=DN:integer(9,0)&field=gml_id:string(80,0)&field=identifier:string(80,0)&field=aktualit_2:string(11,0)&field=idflurst:string(16,0)&field=flaeche:double(16,2)&field=flstkennz_:string(20,0)&field=flstnrzae:string(16,0)&fiel", "final area": 116.7 }, "geometry": { "type": "MultiPolygon", "coordinates": [ [ [ [ 6.70720855815479, 50.908749893780623 ], [ 6.707215543769495, 50.908719415316746 ], [ 6.707207849158989, 50.908719264138583 ], [ 6.707207407519124, 50.908728249573336 ], [ 6.707193195619151, 50.90872797034681 ], [ 6.707192312333278, 50.908745941216061 ], [ 6.707178100428068, 50.908745661987638 ], [ 6.70717755549047, 50.908756748923132 ], [ 6.707206315396837, 50.908759576290308 ], [ 6.70720855815479, 50.908749893780623 ] ] ], [ [ [ 6.707225804724825, 50.908674646356843 ], [ 6.707224269238732, 50.90867461618889 ], [ 6.707223848187218, 50.908683182816155 ], [ 6.707225804724825, 50.908674646356843 ] ] ], [ [ [ 6.707238117843415, 50.908620923603031 ], [ 6.707212707182574, 50.908620424355334 ], [ 6.707212265545198, 50.908629409790251 ], [ 6.707226477415348, 50.908629689014077 ], [ 6.707225594145381, 50.908647659884053 ], [ 6.707231961287912, 50.908647784980218 ], [ 6.707238117843415, 50.908620923603031 ] ] ], [ [ [ 6.707252483110104, 50.908558247054231 ], [ 6.707230010486168, 50.908557805533491 ], [ 6.707229568853108, 50.908566790968628 ], [ 6.707243780704363, 50.908567070190095 ], [ 6.707242455812019, 50.908594026495649 ], [ 6.707244274391338, 50.908594062225319 ], [ 6.707252483110104, 50.908558247054231 ] ] ], [ [ [ 6.707071212777481, 50.908626638400733 ], [ 6.707084358724027, 50.908626896698081 ], [ 6.707084800385988, 50.90861791126396 ], [ 6.70709901225137, 50.908618190503248 ], [ 6.707099453910374, 50.908609205069013 ], [ 6.70711366577325, 50.908609484306481 ], [ 6.707114107429295, 50.908600498872161 ], [ 6.707128319289666, 50.908600778107804 ], [ 6.707127877636353, 50.908609763542231 ], [ 6.707142089499682, 50.908610042776239 ], [ 6.70714120619784, 50.908628013645227 ], [ 6.707126994329047, 50.908627734411034 ], [ 6.707126111020836, 50.90864570527976 ], [ 6.707140322895092, 50.908645984514131 ], [ 6.707139439591439, 50.908663955382977 ], [ 6.707111015832226, 50.908663396912161 ], [ 6.707110574174597, 50.908672382346381 ], [ 6.707082150410828, 50.908671823868453 ], [ 6.707082592073919, 50.908662838434424 ], [ 6.707068380195106, 50.908662559192955 ], [ 6.707069849513116, 50.908632666740552 ], [ 6.707046853059653, 50.908734356546006 ], [ 6.707044748770962, 50.90874369268721 ], [ 6.707120926599012, 50.908751181753011 ], [ 6.707121252809492, 50.908744545056621 ], [ 6.707078617097938, 50.9087437073402 ], [ 6.707080383756193, 50.908707765604461 ], [ 6.707094595648893, 50.90870804484463 ], [ 6.707095037310157, 50.908699059410587 ], [ 6.707166096763387, 50.908700455585098 ], [ 6.707166538410769, 50.908691470150572 ], [ 6.707180750299362, 50.908691749380189 ], [ 6.707181633587983, 50.908673778510916 ], [ 6.70719584547134, 50.908674057738637 ], [ 6.70719628711258, 50.90866507230389 ], [ 6.70721049899343, 50.908665351529798 ], [ 6.707210940631712, 50.908656366094924 ], [ 6.707225152510057, 50.90865664531902 ], [ 6.707225594145381, 50.908647659884053 ], [ 6.707211382269767, 50.908647380660057 ], [ 6.707211823907596, 50.908638395225161 ], [ 6.70718340016251, 50.908637836772165 ], [ 6.707184283448416, 50.908619865902686 ], [ 6.707198495315382, 50.908620145129873 ], [ 6.707198936955264, 50.908611159695013 ], [ 6.707184725091029, 50.908610880467911 ], [ 6.707185166733415, 50.908601895033136 ], [ 6.707156743011088, 50.90860133657393 ], [ 6.70715762630611, 50.908583365704679 ], [ 6.707129202595614, 50.908582807238908 ], [ 6.707130527552839, 50.908555850935429 ], [ 6.707116315706126, 50.908555571700226 ], [ 6.707116757360812, 50.908546586265786 ], [ 6.707102545517057, 50.908546307028942 ], [ 6.707102103859637, 50.908555292463291 ], [ 6.707087892013377, 50.908555013224614 ], [ 6.707087450353002, 50.908563998658856 ], [ 6.707085387434326, 50.90856395812586 ], [ 6.707071212777481, 50.908626638400733 ] ] ] ] } },
{ "type": "Feature", "properties": { "DN": 1, "gml_id": "DENW41AL30005dAXFL", "identifier": "urn:adv:oid:DENW41AL30005dAXFL", "aktualit_2": "2024-08-20Z", "idflurst": "DENW41AL30005dAX", "flaeche": 770.0, "flstkennz_": "05468202000223______", "flstnrzae": "223", "flstnrnen": null, "gemarkung": "Horrem", "gemaschl": "054682", "flur": "20", "flurschl": "054682020", "land": "Nordrhein-Westfalen", "landschl": "05", "regbezirk": "Köln", "regbezschl": "053", "kreis": "Rhein-Erft-Kreis", "kreisschl": "05362", "gemeinde": "Kerpen", "gmdschl": "05362032", "abwrecht": "Kein abweichender Rechtszustand", "lagebeztxt": "Heinrich-Heine-Straße 6", "tntxt": "Wohnbaufläche;770", "area": 768, "s area": 370.5, "layer": "Clipped", "path": "MultiPolygon?crs=EPSG:25832&field=DN:integer(9,0)&field=gml_id:string(80,0)&field=identifier:string(80,0)&field=aktualit_2:string(11,0)&field=idflurst:string(16,0)&field=flaeche:double(16,2)&field=flstkennz_:string(20,0)&field=flstnrzae:string(16,0)&fiel", "final area": 288.5 }, "geometry": { "type": "MultiPolygon", "coordinates": [ [ [ [ 6.707023155196604, 50.909390193621469 ], [ 6.706989968231129, 50.909389541532768 ], [ 6.706990409923256, 50.909380556100409 ], [ 6.70697619782681, 50.909380276844921 ], [ 6.706976639521442, 50.90937129141264 ], [ 6.706891366963915, 50.909369615843929 ], [ 6.706891808674711, 50.909360630412166 ], [ 6.706856870998055, 50.909359943884063 ], [ 6.706850619449394, 50.9093868033737 ], [ 6.706862059346684, 50.909387028170315 ], [ 6.706862501063397, 50.909378042738766 ], [ 6.706876713158032, 50.909378322008081 ], [ 6.706876271444051, 50.909387307439722 ], [ 6.706890483541643, 50.909387586707403 ], [ 6.706887833269398, 50.909441499297429 ], [ 6.706873621155414, 50.909441220029215 ], [ 6.70687317943985, 50.909450205460729 ], [ 6.706858967323361, 50.909449926190703 ], [ 6.706858525604838, 50.909458911622117 ], [ 6.706844313485844, 50.909458632350272 ], [ 6.706843871764363, 50.90946761778158 ], [ 6.706831864757258, 50.909467381839377 ], [ 6.706799968304658, 50.909604422435507 ], [ 6.706837057510702, 50.909606231709546 ], [ 6.706837687639857, 50.909593413818214 ], [ 6.706851899799829, 50.909593693091409 ], [ 6.706852783243438, 50.90957572222905 ], [ 6.706866995398172, 50.909576001500334 ], [ 6.706866553679212, 50.909584986931598 ], [ 6.706880765836903, 50.90958526620124 ], [ 6.706880324120448, 50.909594251632591 ], [ 6.706894536281098, 50.909594530900577 ], [ 6.706893823957984, 50.909609021114193 ], [ 6.7069724091379, 50.909612882925721 ], [ 6.707023155196604, 50.909390193621469 ] ] ], [ [ [ 6.70684436789304, 50.909413662862796 ], [ 6.706874946300752, 50.909414263734547 ], [ 6.706875388015411, 50.909405278302948 ], [ 6.706846451746013, 50.909404709699828 ], [ 6.70684436789304, 50.909413662862796 ] ] ] ] } },
{ "type": "Feature", "properties": { "DN": 1, "gml_id": "DENW41AL30005c70FL", "identifier": "urn:adv:oid:DENW41AL30005c70FL", "aktualit_2": "2024-08-20Z", "idflurst": "DENW41AL30005c70", "flaeche": 747.0, "flstkennz_": "05468202000222______", "flstnrzae": "222", "flstnrnen": null, "gemarkung": "Horrem", "gemaschl": "054682", "flur": "20", "flurschl": "054682020", "land": "Nordrhein-Westfalen", "landschl": "05", "regbezirk": "Köln", "regbezschl": "053", "kreis": "Rhein-Erft-Kreis", "kreisschl": "05362", "gemeinde": "Kerpen", "gmdschl": "05362032", "abwrecht": "Kein abweichender Rechtszustand", "lagebeztxt": "Heinrich-Heine-Straße 4", "tntxt": "Wohnbaufläche;747", "area": 745, "s area": 237.1, "layer": "Clipped", "path": "MultiPolygon?crs=EPSG:25832&field=DN:integer(9,0)&field=gml_id:string(80,0)&field=identifier:string(80,0)&field=aktualit_2:string(11,0)&field=idflurst:string(16,0)&field=flaeche:double(16,2)&field=flstkennz_:string(20,0)&field=flstnrzae:string(16,0)&fiel", "final area": 171.1 }, "geometry": { "type": "MultiPolygon", "coordinates": [ [ [ [ 6.707215790879657, 50.909483919630226 ], [ 6.707184521092108, 50.909483305264395 ], [ 6.707184962748253, 50.909474319830963 ], [ 6.707156538494616, 50.909473761364886 ], [ 6.707155655171173, 50.909491732231366 ], [ 6.70714144303923, 50.909491452995553 ], [ 6.707141884703796, 50.90948246756242 ], [ 6.707127672574812, 50.909482188324965 ], [ 6.707128114241884, 50.909473202891888 ], [ 6.707113902115858, 50.909472923652793 ], [ 6.707114343785435, 50.909463938219801 ], [ 6.70712855590873, 50.909464217458797 ], [ 6.707131647570313, 50.909401319426692 ], [ 6.707103223362195, 50.909400760948202 ], [ 6.707101456677936, 50.909436702680232 ], [ 6.707073032448871, 50.909436144194103 ], [ 6.707073474125738, 50.909427158761304 ], [ 6.707059262014275, 50.909426879515749 ], [ 6.707059638634734, 50.909419217628255 ], [ 6.707047696707513, 50.909471622829635 ], [ 6.707085477864484, 50.909472365169428 ], [ 6.707085919539526, 50.909463379736607 ], [ 6.707100131662368, 50.909463658979064 ], [ 6.707097481625117, 50.909517571576295 ], [ 6.707083269485883, 50.909517292333291 ], [ 6.707082827809485, 50.909526277766027 ], [ 6.707054403526235, 50.909525719274669 ], [ 6.707053961844146, 50.909534704707198 ], [ 6.707039749700129, 50.909534425458844 ], [ 6.707041500132719, 50.909498815437814 ], [ 6.707027292511069, 50.909561163024236 ], [ 6.707038424644309, 50.90956138175607 ], [ 6.70703754127263, 50.909579352620803 ], [ 6.70702332911518, 50.909579073370274 ], [ 6.707023361564473, 50.909578413242748 ], [ 6.707019130809024, 50.909596979100442 ], [ 6.707036657900046, 50.909597323485471 ], [ 6.707035741852705, 50.909615959048573 ], [ 6.707149279415839, 50.909621443906595 ], [ 6.70714947188172, 50.909617528294923 ], [ 6.707135259711532, 50.909617249057867 ], [ 6.707135701379268, 50.909608263624953 ], [ 6.707121489212038, 50.909607984386255 ], [ 6.707121930882278, 50.90959899895342 ], [ 6.707136143046776, 50.909599278192026 ], [ 6.70713658471406, 50.909590292759077 ], [ 6.707190853928738, 50.909591359016886 ], [ 6.707215790879657, 50.909483919630226 ] ], [ [ 6.707067732308805, 50.909543969386426 ], [ 6.707065965588208, 50.909579911116687 ], [ 6.707051753430306, 50.909579631869612 ], [ 6.70705352016183, 50.909543690139721 ], [ 6.707067732308805, 50.909543969386426 ] ], [ [ 6.707183637779139, 50.909501276131202 ], [ 6.707183196122315, 50.909510261564577 ], [ 6.707168983984456, 50.909509982332047 ], [ 6.707169425644012, 50.909500996898764 ], [ 6.707183637779139, 50.909501276131202 ] ], [ [ 6.707184079435737, 50.909492290697798 ], [ 6.707198291568359, 50.909492569928439 ], [ 6.707197849914492, 50.909501555361928 ], [ 6.707183637779139, 50.909501276131202 ], [ 6.707184079435737, 50.909492290697798 ] ] ] ] } },
{ "type": "Feature", "properties": { "DN": 1, "gml_id": "DENW41AL30005aGyFL", "identifier": "urn:adv:oid:DENW41AL30005aGyFL", "aktualit_2": "2024-08-20Z", "idflurst": "DENW41AL30005aGy", "flaeche": 780.0, "flstkennz_": "05468202000224______", "flstnrzae": "224", "flstnrnen": null, "gemarkung": "Horrem", "gemaschl": "054682", "flur": "20", "flurschl": "054682020", "land": "Nordrhein-Westfalen", "landschl": "05", "regbezirk": "Köln", "regbezschl": "053", "kreis": "Rhein-Erft-Kreis", "kreisschl": "05362", "gemeinde": "Kerpen", "gmdschl": "05362032", "abwrecht": "Kein abweichender Rechtszustand", "lagebeztxt": "Heinrich-Heine-Straße 8", "tntxt": "Wohnbaufläche;780", "area": 779, "s area": 382.8, "layer": "Clipped", "path": "MultiPolygon?crs=EPSG:25832&field=DN:integer(9,0)&field=gml_id:string(80,0)&field=identifier:string(80,0)&field=aktualit_2:string(11,0)&field=idflurst:string(16,0)&field=flaeche:double(16,2)&field=flstkennz_:string(20,0)&field=flstnrzae:string(16,0)&fiel", "final area": 292.0 }, "geometry": { "type": "MultiPolygon", "coordinates": [ [ [ [ 6.70663443011277, 50.909391549104136 ], [ 6.70664843615544, 50.909391824351907 ], [ 6.706647994397299, 50.909400809782099 ], [ 6.706633782298092, 50.909400530484838 ], [ 6.706634168631965, 50.909392672441932 ], [ 6.706587289226955, 50.909594068328033 ], [ 6.706682031140645, 50.909598670602783 ], [ 6.706757335829931, 50.90960234303283 ], [ 6.7068139510667, 50.909359100489688 ], [ 6.706749687790924, 50.909357837660224 ], [ 6.706750129528811, 50.909348852229328 ], [ 6.706735917444409, 50.909348572944715 ], [ 6.706735033962945, 50.9093665438063 ], [ 6.706706609783894, 50.909365985231538 ], [ 6.706707051530203, 50.909356999800927 ], [ 6.706642760566625, 50.909355736368397 ], [ 6.706638571314581, 50.909373758236114 ], [ 6.70663443011277, 50.909391549104136 ] ], [ [ 6.706610734879471, 50.909579959782505 ], [ 6.706610293111112, 50.909588945212164 ], [ 6.706596080954989, 50.909588665909588 ], [ 6.70659652272608, 50.909579680480022 ], [ 6.706610734879471, 50.909579959782505 ] ], [ [ 6.706654254860648, 50.909562826819695 ], [ 6.706653813100938, 50.909571812249645 ], [ 6.706639600949599, 50.909571532952441 ], [ 6.706640042712043, 50.909562547522562 ], [ 6.706654254860648, 50.909562826819695 ] ], [ [ 6.706683562666356, 50.909545414548418 ], [ 6.706682679158541, 50.909563385408745 ], [ 6.706668467009481, 50.90956310611508 ], [ 6.70666935052276, 50.90954513525493 ], [ 6.706683562666356, 50.909545414548418 ] ], [ [ 6.706739969500133, 50.909555517135594 ], [ 6.706739527757039, 50.909564502566113 ], [ 6.706725315607075, 50.909564223279361 ], [ 6.706725757352901, 50.909555237848934 ], [ 6.706739969500133, 50.909555517135594 ] ], [ [ 6.706711545205895, 50.909554958560555 ], [ 6.706711986954225, 50.9095459731302 ], [ 6.706726199098499, 50.909546252418494 ], [ 6.706725757352901, 50.909555237848934 ], [ 6.706711545205895, 50.909554958560555 ] ], [ [ 6.706772369423764, 50.909475206826805 ], [ 6.70677192768817, 50.909484192257636 ], [ 6.70675771556234, 50.909483912975155 ], [ 6.706758157300664, 50.909474927544416 ], [ 6.706772369423764, 50.909475206826805 ] ], [ [ 6.706744386918621, 50.909465662829604 ], [ 6.706743945177791, 50.909474648260272 ], [ 6.706729733055144, 50.909474368974422 ], [ 6.706730174798706, 50.909465383543839 ], [ 6.706744386918621, 50.909465662829604 ] ], [ [ 6.706690630696281, 50.909401647663472 ], [ 6.706690188946109, 50.909410633093898 ], [ 6.706704401048953, 50.909410912384317 ], [ 6.706703075805273, 50.909437868675788 ], [ 6.70671728791654, 50.909438147964757 ], [ 6.706716846170925, 50.90944713339529 ], [ 6.706702634056927, 50.90944685410625 ], [ 6.706702192308355, 50.90945583953669 ], [ 6.706659555959522, 50.909455001658905 ], [ 6.706662206496733, 50.909401089077619 ], [ 6.706690630696281, 50.909401647663472 ] ], [ [ 6.706692397694708, 50.909365705941553 ], [ 6.70669195594544, 50.909374691372065 ], [ 6.706720380129503, 50.909375249950457 ], [ 6.706719938385473, 50.909384235381133 ], [ 6.706677302101523, 50.909383397510659 ], [ 6.706678185605748, 50.909365426649856 ], [ 6.706692397694708, 50.909365705941553 ] ] ] ] } },
{ "type": "Feature", "properties": { "DN": 1, "gml_id": "DENW41AL30005WImFL", "identifier": "urn:adv:oid:DENW41AL30005WImFL", "aktualit_2": "2024-08-20Z", "idflurst": "DENW41AL30005WIm", "flaeche": 701.0, "flstkennz_": "05468201900333______", "flstnrzae": "333", "flstnrnen": null, "gemarkung": "Horrem", "gemaschl": "054682", "flur": "19", "flurschl": "054682019", "land": "Nordrhein-Westfalen", "landschl": "05", "regbezirk": "Köln", "regbezschl": "053", "kreis": "Rhein-Erft-Kreis", "kreisschl": "05362", "gemeinde": "Kerpen", "gmdschl": "05362032", "abwrecht": "Kein abweichender Rechtszustand", "lagebeztxt": "Merodestraße 34, 36", "tntxt": "Wohnbaufläche;701", "area": 701, "s area": 242.5, "layer": "Clipped", "path": "MultiPolygon?crs=EPSG:25832&field=DN:integer(9,0)&field=gml_id:string(80,0)&field=identifier:string(80,0)&field=aktualit_2:string(11,0)&field=idflurst:string(16,0)&field=flaeche:double(16,2)&field=flstkennz_:string(20,0)&field=flstnrzae:string(16,0)&fiel", "final area": 173.0 }, "geometry": { "type": "MultiPolygon", "coordinates": [ [ [ [ 6.706823249032428, 50.908603777797182 ], [ 6.706857852276097, 50.908604457767503 ], [ 6.706857410570656, 50.90861344320021 ], [ 6.706885834294404, 50.908614001732388 ], [ 6.7068853925942, 50.908622987165259 ], [ 6.706913816324317, 50.908623545690709 ], [ 6.706914258019056, 50.908614560257654 ], [ 6.706956893607734, 50.908615398032566 ], [ 6.706956451921188, 50.908624383465877 ], [ 6.706970663787266, 50.908624662720833 ], [ 6.706970222103226, 50.908633648154215 ], [ 6.706984433972258, 50.908633927407521 ], [ 6.706983992290724, 50.908642912840989 ], [ 6.706955568547418, 50.908642354332478 ], [ 6.706955126860193, 50.908651339765754 ], [ 6.706926703112329, 50.908650781250174 ], [ 6.706927144805017, 50.908641795817061 ], [ 6.706912932934157, 50.90864151655677 ], [ 6.706913374629349, 50.908632531123743 ], [ 6.706899162761447, 50.908632251861796 ], [ 6.706898279365369, 50.908650222727658 ], [ 6.706912491238736, 50.908650501989776 ], [ 6.706911607847217, 50.908668472855737 ], [ 6.706868972211407, 50.908667635063665 ], [ 6.706869413915475, 50.908658649630958 ], [ 6.706840990164864, 50.908658091094445 ], [ 6.706841431874168, 50.908649105661887 ], [ 6.706813545960621, 50.908648557687386 ], [ 6.706802696522978, 50.908698627970267 ], [ 6.70690344062272, 50.908707707960588 ], [ 6.706903466624414, 50.908707710314417 ], [ 6.707007646745847, 50.908717182678778 ], [ 6.707038438208824, 50.90858102386435 ], [ 6.706987084056717, 50.908580014806354 ], [ 6.706987525736668, 50.908571029372766 ], [ 6.706873830943699, 50.908568795302962 ], [ 6.706874272645277, 50.908559809870077 ], [ 6.706832952084235, 50.908558997905622 ], [ 6.706823249032428, 50.908603777797182 ] ], [ [ 6.70693870653297, 50.908695987674506 ], [ 6.706938264841656, 50.908704973107589 ], [ 6.706924052951448, 50.908704693848392 ], [ 6.706924494645492, 50.908695708415401 ], [ 6.70693870653297, 50.908695987674506 ] ], [ [ 6.706910282758242, 50.908695429154569 ], [ 6.706910724454794, 50.908686443721649 ], [ 6.706924936339312, 50.908686722982395 ], [ 6.706924494645492, 50.908695708415401 ], [ 6.706910282758242, 50.908695429154569 ] ], [ [ 6.706886717694132, 50.908596030866583 ], [ 6.706887159393657, 50.908587045433642 ], [ 6.706901371247675, 50.908587324696875 ], [ 6.706900487853863, 50.908605295562893 ], [ 6.706872064135127, 50.908604737034352 ], [ 6.706872505837608, 50.908595751601531 ], [ 6.706886717694132, 50.908596030866583 ] ] ] ] } },
{ "type": "Feature", "properties": { "DN": 1, "gml_id": "DENW41AL30005YFkFL", "identifier": "urn:adv:oid:DENW41AL30005YFkFL", "aktualit_2": "2024-08-20Z", "idflurst": "DENW41AL30005YFk", "flaeche": 678.0, "flstkennz_": "05468202000294______", "flstnrzae": "294", "flstnrnen": null, "gemarkung": "Horrem", "gemaschl": "054682", "flur": "20", "flurschl": "054682020", "land": "Nordrhein-Westfalen", "landschl": "05", "regbezirk": "Köln", "regbezschl": "053", "kreis": "Rhein-Erft-Kreis", "kreisschl": "05362", "gemeinde": "Kerpen", "gmdschl": "05362032", "abwrecht": "Kein abweichender Rechtszustand", "lagebeztxt": "Grabenweg 25", "tntxt": "Wohnbaufläche;678", "area": 678, "s area": 264.2, "layer": "Clipped", "path": "MultiPolygon?crs=EPSG:25832&field=DN:integer(9,0)&field=gml_id:string(80,0)&field=identifier:string(80,0)&field=aktualit_2:string(11,0)&field=idflurst:string(16,0)&field=flaeche:double(16,2)&field=flstkennz_:string(20,0)&field=flstnrzae:string(16,0)&fiel", "final area": 195.6 }, "geometry": { "type": "MultiPolygon", "coordinates": [ [ [ [ 6.706488566651087, 50.90961638509561 ], [ 6.706438350012784, 50.909614010743326 ], [ 6.706437980045759, 50.909621535181365 ], [ 6.706452192210318, 50.909621814503311 ], [ 6.706451750410777, 50.909630799931911 ], [ 6.706437538243486, 50.909630520609873 ], [ 6.706437096440987, 50.909639506038367 ], [ 6.70638024776316, 50.909638388732581 ], [ 6.706380689576586, 50.909629403304436 ], [ 6.706366477410428, 50.909629123973765 ], [ 6.706367361042063, 50.909611153117631 ], [ 6.706385419308783, 50.909611508040463 ], [ 6.706360866211945, 50.909610347097264 ], [ 6.706360803405713, 50.909610344068632 ], [ 6.706339001733994, 50.909609272272654 ], [ 6.706338936721353, 50.909610594451436 ], [ 6.706317842194371, 50.909610179844293 ], [ 6.706303246570093, 50.909753798756171 ], [ 6.70630344314826, 50.909753802619889 ], [ 6.706303001318005, 50.909762788047338 ], [ 6.706317213524236, 50.909763067386272 ], [ 6.70631765535176, 50.909754081958724 ], [ 6.706346079759435, 50.90975464063122 ], [ 6.706345637937376, 50.90976362605894 ], [ 6.706416698974189, 50.90976502271036 ], [ 6.706416257165563, 50.90977400813852 ], [ 6.706430469376335, 50.909774287463705 ], [ 6.706430027570214, 50.909783272891929 ], [ 6.706444239783947, 50.909783552215472 ], [ 6.70644379798033, 50.909792537643774 ], [ 6.70647031613684, 50.909793058820881 ], [ 6.706488566651087, 50.90961638509561 ] ] ] ] } },
{ "type": "Feature", "properties": { "DN": 1, "gml_id": "DENW41AL30005dsLFL", "identifier": "urn:adv:oid:DENW41AL30005dsLFL", "aktualit_2": "2024-08-20Z", "idflurst": "DENW41AL30005dsL", "flaeche": 947.0, "flstkennz_": "05468202100395______", "flstnrzae": "395", "flstnrnen": null, "gemarkung": "Horrem", "gemaschl": "054682", "flur": "21", "flurschl": "054682021", "land": "Nordrhein-Westfalen", "landschl": "05", "regbezirk": "Kï¿½ln", "regbezschl": "053", "kreis": "Rhein-Erft-Kreis", "kreisschl": "05362", "gemeinde": "Kerpen", "gmdschl": "05362032", "abwrecht": "Kein abweichender Rechtszustand", "lagebeztxt": "Sistenichstraï¿½e 37", "tntxt": "Wohnbauflï¿½che;947", "area": 934, "s area": 400.1, "layer": "swale suitability new", "path": "C:\\Users\\kanis\\Desktop\\Thesis\\Data\\Analysis\\Horrem\\S\\swale suitability new.shp", "final area": 342.9 }, "geometry": { "type": "MultiPolygon", "coordinates": [ [ [ [ 6.710021705229258, 50.912435115898077 ], [ 6.710012819966725, 50.912434941545492 ], [ 6.710012378808508, 50.912443926992118 ], [ 6.709998165749125, 50.912443648092484 ], [ 6.709998606910074, 50.912434662645971 ], [ 6.709970180797449, 50.912434104841722 ], [ 6.709971063129599, 50.912416133948966 ], [ 6.709956850079091, 50.912415855044429 ], [ 6.709957817790976, 50.912396145281619 ], [ 6.70992965222952, 50.912390281277553 ], [ 6.709929306326391, 50.912397326337882 ], [ 6.709900880237884, 50.912396768517048 ], [ 6.709899997879316, 50.912414739408973 ], [ 6.709871571780787, 50.912414181580864 ], [ 6.709872454150283, 50.912396210689295 ], [ 6.709829815020577, 50.912395373934707 ], [ 6.709830256213182, 50.912386388489168 ], [ 6.709901321416829, 50.912387783071054 ], [ 6.709901486675344, 50.912384417266765 ], [ 6.709892815554112, 50.912382611955394 ], [ 6.709790534358809, 50.912361321821663 ], [ 6.709746575722908, 50.91235217597464 ], [ 6.709746301601911, 50.912357758598702 ], [ 6.709732088571413, 50.912357479667044 ], [ 6.709732492870183, 50.912349245951887 ], [ 6.709728499608849, 50.912348415129323 ], [ 6.709704103727389, 50.912347936353697 ], [ 6.709704327170186, 50.912343385901352 ], [ 6.709690251724751, 50.912340457413585 ], [ 6.709666892236451, 50.912335593746569 ], [ 6.709576926169642, 50.912330363024878 ], [ 6.709576627732402, 50.912336440416489 ], [ 6.709619266800718, 50.912337277262836 ], [ 6.70961882556826, 50.912346262707125 ], [ 6.709661464646806, 50.912347099538195 ], [ 6.709661023422318, 50.912356084982733 ], [ 6.709675236451685, 50.91235636392306 ], [ 6.709673030339513, 50.912401291145962 ], [ 6.709715669469953, 50.912402127957876 ], [ 6.709715228255036, 50.91241111340269 ], [ 6.709729441301701, 50.912411392336622 ], [ 6.709729000089292, 50.912420377781487 ], [ 6.709743213138915, 50.912420656713778 ], [ 6.709741889508525, 50.912447613048556 ], [ 6.709727676450704, 50.91244733411601 ], [ 6.70972723523739, 50.912456319560803 ], [ 6.709713022177064, 50.912456040626431 ], [ 6.709711257310616, 50.912491982405129 ], [ 6.70972547038187, 50.912492261339878 ], [ 6.709724146737857, 50.912519217673974 ], [ 6.709738359817535, 50.912519496607239 ], [ 6.7097388010297, 50.91251051116248 ], [ 6.709753014106872, 50.91251079009394 ], [ 6.70975257289744, 50.912519775538797 ], [ 6.709780999057926, 50.912520333396692 ], [ 6.709780557853732, 50.91252931884172 ], [ 6.709823197104354, 50.912530155615869 ], [ 6.709822755908132, 50.912539141061139 ], [ 6.709865395168986, 50.912539977819982 ], [ 6.709864953980734, 50.912548963265515 ], [ 6.709893380161231, 50.912549521096288 ], [ 6.709892938978218, 50.912558506541963 ], [ 6.709921365165084, 50.912559064366 ], [ 6.709920923987308, 50.912568049811853 ], [ 6.709935137083813, 50.912568328721356 ], [ 6.709934832954607, 50.912574522941519 ], [ 6.710021705229258, 50.912435115898077 ] ], [ [ 6.709781881465637, 50.912502362506601 ], [ 6.709810307616099, 50.912502920357213 ], [ 6.709810748814151, 50.912493934911964 ], [ 6.709824961886989, 50.912494213834592 ], [ 6.709823638300353, 50.912521170170564 ], [ 6.709780999057926, 50.912520333396692 ], [ 6.709781881465637, 50.912502362506601 ] ], [ [ 6.709939989996859, 50.912469488815134 ], [ 6.709925776930409, 50.912469209906604 ], [ 6.709926218105698, 50.912460224460553 ], [ 6.709940431169415, 50.912460503369005 ], [ 6.709939989996859, 50.912469488815134 ] ] ] ] } },
{ "type": "Feature", "properties": { "DN": 1, "gml_id": "DENW41AL30005dR3FL", "identifier": "urn:adv:oid:DENW41AL30005dR3FL", "aktualit_2": "2024-08-20Z", "idflurst": "DENW41AL30005dR3", "flaeche": 2265.0, "flstkennz_": "05468200800839______", "flstnrzae": "839", "flstnrnen": null, "gemarkung": "Horrem", "gemaschl": "054682", "flur": "8", "flurschl": "054682008", "land": "Nordrhein-Westfalen", "landschl": "05", "regbezirk": "Kï¿½ln", "regbezschl": "053", "kreis": "Rhein-Erft-Kreis", "kreisschl": "05362", "gemeinde": "Kerpen", "gmdschl": "05362032", "abwrecht": "Kein abweichender Rechtszustand", "lagebeztxt": "Kirschkaul 1, 3, 5", "tntxt": "Wohnbauflï¿½che;2265", "area": 2258, "s area": 146.3, "layer": "swale suitability new", "path": "C:\\Users\\kanis\\Desktop\\Thesis\\Data\\Analysis\\Horrem\\S\\swale suitability new.shp", "final area": 113.0 }, "geometry": { "type": "MultiPolygon", "coordinates": [ [ [ [ 6.713379446010829, 50.913722573853242 ], [ 6.713386450919712, 50.913705697101307 ], [ 6.713195796933353, 50.913673415697531 ], [ 6.713195250176655, 50.913684566980891 ], [ 6.713181036707817, 50.913684288463877 ], [ 6.713179715003763, 50.913711244857502 ], [ 6.713165501526954, 50.913710966338478 ], [ 6.713165060955752, 50.913719951802904 ], [ 6.713193487915063, 50.913720508839383 ], [ 6.713193047349098, 50.913729494303958 ], [ 6.713207260831825, 50.9137297728197 ], [ 6.713206820268368, 50.913738758284346 ], [ 6.713235247239963, 50.913739315310814 ], [ 6.713234806681745, 50.91374830077563 ], [ 6.713263233659708, 50.913748857795355 ], [ 6.713262793106731, 50.913757843260328 ], [ 6.713277006598783, 50.913758121767685 ], [ 6.713276566048313, 50.913767107232722 ], [ 6.713290779543322, 50.913767385738446 ], [ 6.713289898447169, 50.913785356668662 ], [ 6.713318325448797, 50.913785913675255 ], [ 6.713317884905845, 50.91379489914052 ], [ 6.713346311913843, 50.913795456140392 ], [ 6.713345912614123, 50.91380360049174 ], [ 6.713379446010829, 50.913722573853242 ] ] ] ] } },
{ "type": "Feature", "properties": { "DN": 1, "gml_id": "DENW41AL30005WAiFL", "identifier": "urn:adv:oid:DENW41AL30005WAiFL", "aktualit_2": "2024-08-20Z", "idflurst": "DENW41AL30005WAi", "flaeche": 662.0, "flstkennz_": "05468200800505______", "flstnrzae": "505", "flstnrnen": null, "gemarkung": "Horrem", "gemaschl": "054682", "flur": "8", "flurschl": "054682008", "land": "Nordrhein-Westfalen", "landschl": "05", "regbezirk": "Kï¿½ln", "regbezschl": "053", "kreis": "Rhein-Erft-Kreis", "kreisschl": "05362", "gemeinde": "Kerpen", "gmdschl": "05362032", "abwrecht": "Kein abweichender Rechtszustand", "lagebeztxt": "Hï¿½henweg 22", "tntxt": "Wohnbauflï¿½che;662", "area": 636, "s area": 63.8, "layer": "swale suitability new", "path": "C:\\Users\\kanis\\Desktop\\Thesis\\Data\\Analysis\\Horrem\\S\\swale suitability new.shp", "final area": 41.7 }, "geometry": { "type": "MultiPolygon", "coordinates": [ [ [ [ 6.714277394409883, 50.913870242024473 ], [ 6.714239235560887, 50.913864571957838 ], [ 6.714237799829752, 50.913893867334131 ], [ 6.714223586286828, 50.91389358894321 ], [ 6.714222265175167, 50.913920545355467 ], [ 6.71420805162427, 50.913920266962542 ], [ 6.714207611250534, 50.913929252433171 ], [ 6.714193397697129, 50.913928974038434 ], [ 6.714192516943513, 50.913946944979465 ], [ 6.714206730502382, 50.913947223374386 ], [ 6.714205849753329, 50.913965194315523 ], [ 6.714191636188995, 50.913964915920424 ], [ 6.714190755433573, 50.913982886861334 ], [ 6.714204969003371, 50.91398316525661 ], [ 6.714204528628054, 50.913992150727125 ], [ 6.714231677030845, 50.913992682466841 ], [ 6.714277394409883, 50.913870242024473 ] ] ] ] } },
{ "type": "Feature", "properties": { "DN": 1, "gml_id": "DENW41AL30005gK8FL", "identifier": "urn:adv:oid:DENW41AL30005gK8FL", "aktualit_2": "2024-08-20Z", "idflurst": "DENW41AL30005gK8", "flaeche": 250.0, "flstkennz_": "05468202100429______", "flstnrzae": "429", "flstnrnen": null, "gemarkung": "Horrem", "gemaschl": "054682", "flur": "21", "flurschl": "054682021", "land": "Nordrhein-Westfalen", "landschl": "05", "regbezirk": "Kï¿½ln", "regbezschl": "053", "kreis": "Rhein-Erft-Kreis", "kreisschl": "05362", "gemeinde": "Kerpen", "gmdschl": "05362032", "abwrecht": "Kein abweichender Rechtszustand", "lagebeztxt": "Merkurweg 18", "tntxt": "Wohnbauflï¿½che;250", "area": 249, "s area": 175.4, "layer": "swale suitability new", "path": "C:\\Users\\kanis\\Desktop\\Thesis\\Data\\Analysis\\Horrem\\S\\swale suitability new.shp", "final area": 109.8 }, "geometry": { "type": "MultiPolygon", "coordinates": [ [ [ [ 6.709520542125737, 50.913279287047814 ], [ 6.709319517213399, 50.913226441324547 ], [ 6.709318420529212, 50.913248771020399 ], [ 6.709275780637021, 50.913247934053487 ], [ 6.709276221949699, 50.913238948612744 ], [ 6.709290435244138, 50.913239227603349 ], [ 6.709290876553856, 50.913230242162498 ], [ 6.709305089845789, 50.913230521151291 ], [ 6.709305471565258, 50.913222748966682 ], [ 6.709291425919382, 50.913219056607176 ], [ 6.709291317863351, 50.913221256721627 ], [ 6.709277104574376, 50.913220977731193 ], [ 6.709277380275778, 50.913215364245993 ], [ 6.709249288995379, 50.913207979518639 ], [ 6.709249119314572, 50.913211434304536 ], [ 6.709227789906812, 50.913211015624526 ], [ 6.709194947875636, 50.913261431078993 ], [ 6.709217912944871, 50.913267473603362 ], [ 6.709218044802705, 50.913264788954137 ], [ 6.709232258104435, 50.91326506795194 ], [ 6.709231958439383, 50.913271169223606 ], [ 6.709274094936547, 50.913282256074332 ], [ 6.709274456697629, 50.913274890375632 ], [ 6.709317096614411, 50.913275727343326 ], [ 6.709316655309025, 50.913284712784268 ], [ 6.709359295236041, 50.913285549736678 ], [ 6.709358853938627, 50.913294535177876 ], [ 6.709401493875874, 50.91329537211498 ], [ 6.709401052586431, 50.913304357556427 ], [ 6.709429479217858, 50.913304915506039 ], [ 6.709429037933654, 50.913313900947642 ], [ 6.709457464571451, 50.913314458890518 ], [ 6.709457023292485, 50.913323444332285 ], [ 6.709471236614454, 50.913323723301218 ], [ 6.709470795337994, 50.913332708743049 ], [ 6.709485008662922, 50.913332987710348 ], [ 6.709484777798909, 50.913337688679938 ], [ 6.709485174929086, 50.913337793171003 ], [ 6.709520542125737, 50.913279287047814 ] ], [ [ 6.709346847125136, 50.913249328989686 ], [ 6.709346405825894, 50.913258314430855 ], [ 6.709317979224505, 50.913257756461384 ], [ 6.709318420529212, 50.913248771020399 ], [ 6.709346847125136, 50.913249328989686 ] ], [ [ 6.709389045729676, 50.913259151372081 ], [ 6.709388604438405, 50.913268136813507 ], [ 6.709345964526426, 50.913267299872004 ], [ 6.709346405825894, 50.913258314430855 ], [ 6.709389045729676, 50.913259151372081 ] ], [ [ 6.709431244352418, 50.913268973739449 ], [ 6.709430803069117, 50.913277959181116 ], [ 6.709459229685057, 50.913278517123267 ], [ 6.709458788406994, 50.913287502565112 ], [ 6.7094872150293, 50.913288060500534 ], [ 6.709486773756478, 50.913297045942521 ], [ 6.709444133815159, 50.913296209036538 ], [ 6.709444575096179, 50.9132872235948 ], [ 6.709416148475229, 50.913286665649011 ], [ 6.709416589761488, 50.91327768020745 ], [ 6.709388163146907, 50.913277122254904 ], [ 6.709388604438405, 50.913268136813507 ], [ 6.709431244352418, 50.913268973739449 ] ], [ [ 6.709262008655486, 50.913238669620405 ], [ 6.70926244997067, 50.913229684179733 ], [ 6.709276663262151, 50.913229963171979 ], [ 6.709276221949699, 50.913238948612744 ], [ 6.709262008655486, 50.913238669620405 ] ] ] ] } },
{ "type": "Feature", "properties": { "DN": 1, "gml_id": "DENW41AL30005dThFL", "identifier": "urn:adv:oid:DENW41AL30005dThFL", "aktualit_2": "2024-08-20Z", "idflurst": "DENW41AL30005dTh", "flaeche": 508.0, "flstkennz_": "05468202100033______", "flstnrzae": "33", "flstnrnen": null, "gemarkung": "Horrem", "gemaschl": "054682", "flur": "21", "flurschl": "054682021", "land": "Nordrhein-Westfalen", "landschl": "05", "regbezirk": "Kï¿½ln", "regbezschl": "053", "kreis": "Rhein-Erft-Kreis", "kreisschl": "05362", "gemeinde": "Kerpen", "gmdschl": "05362032", "abwrecht": "Kein abweichender Rechtszustand", "lagebeztxt": "Merkurweg 20; Sistenichstraï¿½e 21", "tntxt": "Wohnbauflï¿½che;508", "area": 505, "s area": 223.2, "layer": "swale suitability new", "path": "C:\\Users\\kanis\\Desktop\\Thesis\\Data\\Analysis\\Horrem\\S\\swale suitability new.shp", "final area": 163.3 }, "geometry": { "type": "MultiPolygon", "coordinates": [ [ [ [ 6.709134740876149, 50.913148665967753 ], [ 6.709190133446101, 50.913163225648226 ], [ 6.709229235413845, 50.913173499650654 ], [ 6.709235681070219, 50.913175194109101 ], [ 6.709236671307536, 50.913175213546715 ], [ 6.709236659627557, 50.913175451355897 ], [ 6.70947543561736, 50.913238221349879 ], [ 6.709475649366619, 50.91323386888191 ], [ 6.709489862661492, 50.913234147848215 ], [ 6.709489481284244, 50.913241913687493 ], [ 6.709535777141226, 50.913254083968241 ], [ 6.709547148441238, 50.913235272186597 ], [ 6.709546715843242, 50.913235263696173 ], [ 6.709547157103553, 50.913226278253703 ], [ 6.709552521427025, 50.913226383536937 ], [ 6.709563267392312, 50.913208606236786 ], [ 6.709562252911303, 50.913208586326114 ], [ 6.709562694168202, 50.913199600883523 ], [ 6.709534267598282, 50.913199042967165 ], [ 6.709532943810509, 50.91322599929439 ], [ 6.709490303932732, 50.913225162406093 ], [ 6.709491186474533, 50.913207191521835 ], [ 6.709519613048562, 50.913207749448731 ], [ 6.70952005431366, 50.913198764006388 ], [ 6.709505841029264, 50.9131984850439 ], [ 6.709506282296868, 50.913189499601636 ], [ 6.709477855734221, 50.913188941671628 ], [ 6.709478297007063, 50.913179956229513 ], [ 6.709435657172985, 50.913179119321796 ], [ 6.709436098453798, 50.913170133879952 ], [ 6.709407671904343, 50.913169575933011 ], [ 6.709408113190394, 50.913160590491309 ], [ 6.709365473376102, 50.91315975355819 ], [ 6.709366355963921, 50.913141782675289 ], [ 6.709352142698407, 50.913141503694312 ], [ 6.709352326055994, 50.913137770264889 ], [ 6.709293659093574, 50.913122367540772 ], [ 6.709267745735243, 50.913121858890349 ], [ 6.709267304422773, 50.913130844331228 ], [ 6.709253091161576, 50.913130565338221 ], [ 6.709253532476779, 50.913121579897435 ], [ 6.709225105960526, 50.913121021906434 ], [ 6.709225547280967, 50.913112036465812 ], [ 6.709168694262106, 50.913110920463403 ], [ 6.709167811599139, 50.913128891343916 ], [ 6.709139385080135, 50.913128333331983 ], [ 6.709138943742848, 50.913137318772037 ], [ 6.709124730480952, 50.913137039763392 ], [ 6.709124294386864, 50.913145918394541 ], [ 6.709134740876149, 50.913148665967753 ] ], [ [ 6.70946275990141, 50.913206633588004 ], [ 6.70943433332919, 50.913206075647274 ], [ 6.70943477461068, 50.913197090205472 ], [ 6.709463201177436, 50.913197648146031 ], [ 6.70946275990141, 50.913206633588004 ] ], [ [ 6.709420561327643, 50.913196811232602 ], [ 6.70940634804483, 50.913196532257992 ], [ 6.709406789331561, 50.913187546816353 ], [ 6.70942100261164, 50.913187825790864 ], [ 6.709420561327643, 50.913196811232602 ] ], [ [ 6.709336164234719, 50.913177166476622 ], [ 6.709321950958729, 50.913176887491829 ], [ 6.7093223922614, 50.913167902050688 ], [ 6.709336605534658, 50.913168181035402 ], [ 6.709336164234719, 50.913177166476622 ] ], [ [ 6.709308178988369, 50.91316762306424 ], [ 6.709293965715562, 50.913167344076072 ], [ 6.709294407023473, 50.913158358635094 ], [ 6.709308620293546, 50.913158637623162 ], [ 6.709308178988369, 50.91316762306424 ] ], [ [ 6.709280193753625, 50.913158079645285 ], [ 6.709280635064043, 50.913149094204371 ], [ 6.709294848331158, 50.913149373194095 ], [ 6.709294407023473, 50.913158358635094 ], [ 6.709280193753625, 50.913158079645285 ] ], [ [ 6.709196238119046, 50.913129449348929 ], [ 6.70918202485898, 50.91312917034729 ], [ 6.709182466187844, 50.913120184906951 ], [ 6.709196679445179, 50.913120463908506 ], [ 6.709196238119046, 50.913129449348929 ] ] ] ] } },
{ "type": "Feature", "properties": { "DN": 1, "gml_id": "DENW41AL30005e1RFL", "identifier": "urn:adv:oid:DENW41AL30005e1RFL", "aktualit_2": "2024-08-20Z", "idflurst": "DENW41AL30005e1R", "flaeche": 2994.0, "flstkennz_": "05468202000448______", "flstnrzae": "448", "flstnrnen": null, "gemarkung": "Horrem", "gemaschl": "054682", "flur": "20", "flurschl": "054682020", "land": "Nordrhein-Westfalen", "landschl": "05", "regbezirk": "Kï¿½ln", "regbezschl": "053", "kreis": "Rhein-Erft-Kreis", "kreisschl": "05362", "gemeinde": "Kerpen", "gmdschl": "05362032", "abwrecht": "Kein abweichender Rechtszustand", "lagebeztxt": "Am grï¿½nen Weg 12, 14; Thomas-Mann-Straï¿½e 1, 2", "tntxt": "Wohnbauflï¿½che;2994", "area": 2993, "s area": 47.2, "layer": "swale suitability new", "path": "C:\\Users\\kanis\\Desktop\\Thesis\\Data\\Analysis\\Horrem\\S\\swale suitability new.shp", "final area": 36.6 }, "geometry": { "type": "MultiPolygon", "coordinates": [ [ [ [ 6.70624065478601, 50.911209614441603 ], [ 6.706302926926764, 50.911210838399157 ], [ 6.706302664145719, 50.911216182253781 ], [ 6.706340019075977, 50.91121763464848 ], [ 6.70645887423296, 50.911221879709665 ], [ 6.706459266058455, 50.911213911094698 ], [ 6.706402415461943, 50.911212793775071 ], [ 6.706402857295868, 50.911203808349228 ], [ 6.706360219359058, 50.911202970341627 ], [ 6.706360661200953, 50.911193984916039 ], [ 6.706318023274377, 50.911193146893133 ], [ 6.706318465124242, 50.911184161467794 ], [ 6.706304252485235, 50.911183882123453 ], [ 6.706304694337605, 50.911174896698192 ], [ 6.706276269065734, 50.911174338004514 ], [ 6.706276710923343, 50.911165352579403 ], [ 6.706262765790443, 50.911165078487798 ], [ 6.70624065478601, 50.911209614441603 ] ] ] ] } },
{ "type": "Feature", "properties": { "DN": 1, "gml_id": "DENW41AL30005e1RFL", "identifier": "urn:adv:oid:DENW41AL30005e1RFL", "aktualit_2": "2024-08-20Z", "idflurst": "DENW41AL30005e1R", "flaeche": 2994.0, "flstkennz_": "05468202000448______", "flstnrzae": "448", "flstnrnen": null, "gemarkung": "Horrem", "gemaschl": "054682", "flur": "20", "flurschl": "054682020", "land": "Nordrhein-Westfalen", "landschl": "05", "regbezirk": "Kï¿½ln", "regbezschl": "053", "kreis": "Rhein-Erft-Kreis", "kreisschl": "05362", "gemeinde": "Kerpen", "gmdschl": "05362032", "abwrecht": "Kein abweichender Rechtszustand", "lagebeztxt": "Am grï¿½nen Weg 12, 14; Thomas-Mann-Straï¿½e 1, 2", "tntxt": "Wohnbauflï¿½che;2994", "area": 2993, "s area": 40.8, "layer": "swale suitability new", "path": "C:\\Users\\kanis\\Desktop\\Thesis\\Data\\Analysis\\Horrem\\S\\swale suitability new.shp", "final area": 26.0 }, "geometry": { "type": "MultiPolygon", "coordinates": [ [ [ [ 6.706302820007984, 50.911084401103714 ], [ 6.706267187986113, 50.911156171296426 ], [ 6.706277152780724, 50.911156367154284 ], [ 6.706276710923343, 50.911165352579403 ], [ 6.706305136189749, 50.911165911272917 ], [ 6.706306461744822, 50.911138954996964 ], [ 6.70632067437017, 50.911139234340858 ], [ 6.70632199991501, 50.9111122780645 ], [ 6.706336212532388, 50.911112557406391 ], [ 6.706337979911409, 50.91107661570399 ], [ 6.706309554698738, 50.91107605701918 ], [ 6.706309839801309, 50.911070259192591 ], [ 6.706302820007984, 50.911084401103714 ] ] ] ] } },
{ "type": "Feature", "properties": { "DN": 1, "gml_id": "DENW41AL30005e1RFL", "identifier": "urn:adv:oid:DENW41AL30005e1RFL", "aktualit_2": "2024-08-20Z", "idflurst": "DENW41AL30005e1R", "flaeche": 2994.0, "flstkennz_": "05468202000448______", "flstnrzae": "448", "flstnrnen": null, "gemarkung": "Horrem", "gemaschl": "054682", "flur": "20", "flurschl": "054682020", "land": "Nordrhein-Westfalen", "landschl": "05", "regbezirk": "Kï¿½ln", "regbezschl": "053", "kreis": "Rhein-Erft-Kreis", "kreisschl": "05362", "gemeinde": "Kerpen", "gmdschl": "05362032", "abwrecht": "Kein abweichender Rechtszustand", "lagebeztxt": "Am grï¿½nen Weg 12, 14; Thomas-Mann-Straï¿½e 1, 2", "tntxt": "Wohnbauflï¿½che;2994", "area": 2993, "s area": 70.2, "layer": "swale suitability new", "path": "C:\\Users\\kanis\\Desktop\\Thesis\\Data\\Analysis\\Horrem\\S\\swale suitability new.shp", "final area": 52.8 }, "geometry": { "type": "MultiPolygon", "coordinates": [ [ [ [ 6.706357211617632, 50.910974824797513 ], [ 6.706357052761662, 50.910978055359827 ], [ 6.706355621990065, 50.910978027239032 ], [ 6.706315829672138, 50.911058192131819 ], [ 6.706324650998576, 50.91105836551133 ], [ 6.706324209151881, 50.911067350936897 ], [ 6.706352634359542, 50.911067909618069 ], [ 6.706353518041777, 50.91104993876656 ], [ 6.706367730640483, 50.911050218104371 ], [ 6.706369497991309, 50.911014276400785 ], [ 6.706383710579313, 50.911014555736521 ], [ 6.706385036081858, 50.910987599458394 ], [ 6.706399248661894, 50.91098787879212 ], [ 6.706401015984524, 50.910951937087347 ], [ 6.706415228553857, 50.910952216418991 ], [ 6.706416554035256, 50.91092526013999 ], [ 6.706430766596619, 50.910925539469659 ], [ 6.706432092067785, 50.910898583190217 ], [ 6.706395414167168, 50.910897862329882 ], [ 6.706357211617632, 50.910974824797513 ] ] ] ] } },
{ "type": "Feature", "properties": { "DN": 1, "gml_id": "DENW41AL30005WZ0FL", "identifier": "urn:adv:oid:DENW41AL30005WZ0FL", "aktualit_2": "2024-08-20Z", "idflurst": "DENW41AL30005WZ0", "flaeche": 3547.0, "flstkennz_": "05468202000451______", "flstnrzae": "451", "flstnrnen": null, "gemarkung": "Horrem", "gemaschl": "054682", "flur": "20", "flurschl": "054682020", "land": "Nordrhein-Westfalen", "landschl": "05", "regbezirk": "Kï¿½ln", "regbezschl": "053", "kreis": "Rhein-Erft-Kreis", "kreisschl": "05362", "gemeinde": "Kerpen", "gmdschl": "05362032", "abwrecht": "Kein abweichender Rechtszustand", "lagebeztxt": "Am grï¿½nen Weg 16, 18; Thomas-Mann-Straï¿½e 7, 8, 9", "tntxt": "Wohnbauflï¿½che;3547", "area": 3550, "s area": 245.6, "layer": "swale suitability new", "path": "C:\\Users\\kanis\\Desktop\\Thesis\\Data\\Analysis\\Horrem\\S\\swale suitability new.shp", "final area": 200.0 }, "geometry": { "type": "MultiPolygon", "coordinates": [ [ [ [ 6.706372318709589, 50.91066759784475 ], [ 6.706372516990772, 50.910663565442853 ], [ 6.706386729472002, 50.910663844776842 ], [ 6.706387613128395, 50.910645873923649 ], [ 6.706401825604388, 50.91064615325574 ], [ 6.70640359290353, 50.910610211548793 ], [ 6.706417805368821, 50.910610490878796 ], [ 6.70642045629435, 50.910556578317347 ], [ 6.706434668743477, 50.910556857645084 ], [ 6.706435552378044, 50.91053888679096 ], [ 6.706449764821932, 50.910539166116799 ], [ 6.70645109026389, 50.910512209835218 ], [ 6.706408452957491, 50.910511371853325 ], [ 6.706408894779218, 50.910502386426373 ], [ 6.706394682346937, 50.910502107095716 ], [ 6.706396891465844, 50.910457179961099 ], [ 6.706411103884466, 50.910457459291322 ], [ 6.70641287116459, 50.910421517582982 ], [ 6.70642708357251, 50.910421796911102 ], [ 6.706428409022029, 50.910394840629408 ], [ 6.706414196622303, 50.910394561301537 ], [ 6.706414638441089, 50.910385575874365 ], [ 6.706443063235302, 50.910386134528189 ], [ 6.706444830486324, 50.910350192818591 ], [ 6.706459042872843, 50.910350472142561 ], [ 6.706460810109315, 50.910314530432352 ], [ 6.706475022485132, 50.91031480975424 ], [ 6.706476789707054, 50.910278868043399 ], [ 6.70649100207217, 50.910279147363184 ], [ 6.706492769279541, 50.910243205651739 ], [ 6.706506981633956, 50.910243484969442 ], [ 6.70650786523082, 50.910225514113435 ], [ 6.706493652881869, 50.910225234795909 ], [ 6.706494094682693, 50.910216249367963 ], [ 6.70646851880574, 50.910215746716929 ], [ 6.70646530400346, 50.910223134157832 ], [ 6.706464344571391, 50.910242647011138 ], [ 6.706456876436717, 50.910242500236158 ], [ 6.706449265780821, 50.910259989083954 ], [ 6.706449248598031, 50.910260338543452 ], [ 6.706449114849692, 50.910260335914828 ], [ 6.706433227531961, 50.910296844007313 ], [ 6.706432827172375, 50.910304986355989 ], [ 6.706429710855264, 50.91030492510869 ], [ 6.706398664384345, 50.910376267810534 ], [ 6.706400867865614, 50.910376311117751 ], [ 6.706400426044322, 50.91038529654486 ], [ 6.706394783568572, 50.910385185647527 ], [ 6.706344332823809, 50.910501117513945 ], [ 6.70635204505145, 50.910501269093352 ], [ 6.70635116138591, 50.910519239946538 ], [ 6.70633657114774, 50.910518953183278 ], [ 6.706326550511888, 50.910541979727633 ], [ 6.706322727344608, 50.910552279935558 ], [ 6.706320208545954, 50.910562468669781 ], [ 6.706318940026607, 50.910572751869744 ], [ 6.706318911563056, 50.910583065232515 ], [ 6.706320125684935, 50.910593348918852 ], [ 6.706322586407665, 50.910603546018464 ], [ 6.706326270213681, 50.910613623004174 ], [ 6.706331165699509, 50.910623491268971 ], [ 6.706337240044289, 50.910633099333957 ], [ 6.706344453264178, 50.910642382990709 ], [ 6.706352769335216, 50.910651285314763 ], [ 6.706362139568201, 50.910659757543904 ], [ 6.706372318709589, 50.91066759784475 ] ] ] ] } },
{ "type": "Feature", "properties": { "DN": 1, "gml_id": "DENW41AL30005ZaAFL", "identifier": "urn:adv:oid:DENW41AL30005ZaAFL", "aktualit_2": "2024-08-20Z", "idflurst": "DENW41AL30005ZaA", "flaeche": 444.0, "flstkennz_": "05468202100025______", "flstnrzae": "25", "flstnrnen": null, "gemarkung": "Horrem", "gemaschl": "054682", "flur": "21", "flurschl": "054682021", "land": "Nordrhein-Westfalen", "landschl": "05", "regbezirk": "Kï¿½ln", "regbezschl": "053", "kreis": "Rhein-Erft-Kreis", "kreisschl": "05362", "gemeinde": "Kerpen", "gmdschl": "05362032", "abwrecht": "Kein abweichender Rechtszustand", "lagebeztxt": "Merkurweg 4; Sistenichstraï¿½e 5", "tntxt": "Wohnbauflï¿½che;444", "area": 442, "s area": 156.6, "layer": "swale suitability new", "path": "C:\\Users\\kanis\\Desktop\\Thesis\\Data\\Analysis\\Horrem\\S\\swale suitability new.shp", "final area": 105.0 }, "geometry": { "type": "MultiPolygon", "coordinates": [ [ [ [ 6.709018292127933, 50.913771484690834 ], [ 6.70902114873804, 50.913767453768429 ], [ 6.709025912468915, 50.913764222628863 ], [ 6.709032072209621, 50.913762137947806 ], [ 6.709038967068718, 50.913761423395009 ], [ 6.709094058452057, 50.913761494073299 ], [ 6.709094572767144, 50.913751023274976 ], [ 6.708867509959001, 50.913691076446945 ], [ 6.708855807939639, 50.913687983210359 ], [ 6.708855738660398, 50.913689393503638 ], [ 6.708841525233166, 50.913689114458357 ], [ 6.708840642426032, 50.913707085332987 ], [ 6.70882642899356, 50.913706806285795 ], [ 6.708825546180056, 50.913724777160162 ], [ 6.708910826811064, 50.913726451418427 ], [ 6.708910385420368, 50.913735436856122 ], [ 6.708867745095648, 50.913734599734511 ], [ 6.708867303696528, 50.913743585171915 ], [ 6.708853090252675, 50.913743306127841 ], [ 6.708852648850596, 50.913752291565153 ], [ 6.708838435404236, 50.913752012519247 ], [ 6.708838255305432, 50.913755678691125 ], [ 6.708894408771023, 50.913771051353535 ], [ 6.708894847796924, 50.913762114130044 ], [ 6.708909061246921, 50.913762393169115 ], [ 6.708908619855319, 50.913771378606747 ], [ 6.708922833308273, 50.913771657644176 ], [ 6.708922484829567, 50.913778751688682 ], [ 6.70900577654882, 50.913801629647139 ], [ 6.709018292127933, 50.913771484690834 ] ] ] ] } },
{ "type": "Feature", "properties": { "DN": 1, "gml_id": "DENW41AL30005WJ2FL", "identifier": "urn:adv:oid:DENW41AL30005WJ2FL", "aktualit_2": "2024-08-20Z", "idflurst": "DENW41AL30005WJ2", "flaeche": 823.0, "flstkennz_": "05468201900252______", "flstnrzae": "252", "flstnrnen": null, "gemarkung": "Horrem", "gemaschl": "054682", "flur": "19", "flurschl": "054682019", "land": "Nordrhein-Westfalen", "landschl": "05", "regbezirk": "Kï¿½ln", "regbezschl": "053", "kreis": "Rhein-Erft-Kreis", "kreisschl": "05362", "gemeinde": "Kerpen", "gmdschl": "05362032", "abwrecht": "Kein abweichender Rechtszustand", "lagebeztxt": "Heinrich-Heine-Straï¿½e 7", "tntxt": "Wohnbauflï¿½che;823", "area": 822, "s area": 46.5, "layer": "swale suitability new", "path": "C:\\Users\\kanis\\Desktop\\Thesis\\Data\\Analysis\\Horrem\\S\\swale suitability new.shp", "final area": 23.7 }, "geometry": { "type": "MultiPolygon", "coordinates": [ [ [ [ 6.706968501096694, 50.909081026986065 ], [ 6.707075788341667, 50.909090668221303 ], [ 6.707076045671331, 50.909085433060291 ], [ 6.707019197642972, 50.909084316074264 ], [ 6.707019639324671, 50.909075330641258 ], [ 6.707005427320878, 50.909075051390516 ], [ 6.707009844152737, 50.908985197060403 ], [ 6.706995632176488, 50.908984917808816 ], [ 6.70699519049159, 50.908993903241814 ], [ 6.706988226978231, 50.908993766414874 ], [ 6.706968501096694, 50.909081026986065 ] ] ] ] } },
{ "type": "Feature", "properties": { "DN": 1, "gml_id": "DENW41AL30005WJ2FL", "identifier": "urn:adv:oid:DENW41AL30005WJ2FL", "aktualit_2": "2024-08-20Z", "idflurst": "DENW41AL30005WJ2", "flaeche": 823.0, "flstkennz_": "05468201900252______", "flstnrzae": "252", "flstnrnen": null, "gemarkung": "Horrem", "gemaschl": "054682", "flur": "19", "flurschl": "054682019", "land": "Nordrhein-Westfalen", "landschl": "05", "regbezirk": "Kï¿½ln", "regbezschl": "053", "kreis": "Rhein-Erft-Kreis", "kreisschl": "05362", "gemeinde": "Kerpen", "gmdschl": "05362032", "abwrecht": "Kein abweichender Rechtszustand", "lagebeztxt": "Heinrich-Heine-Straï¿½e 7", "tntxt": "Wohnbauflï¿½che;823", "area": 822, "s area": 365.3, "layer": "swale suitability new", "path": "C:\\Users\\kanis\\Desktop\\Thesis\\Data\\Analysis\\Horrem\\S\\swale suitability new.shp", "final area": 302.6 }, "geometry": { "type": "MultiPolygon", "coordinates": [ [ [ [ 6.707205206573727, 50.908828437602004 ], [ 6.707199819878999, 50.908825993576592 ], [ 6.707195880547834, 50.908822621790598 ], [ 6.707193769266802, 50.908818648084846 ], [ 6.707193690064191, 50.908814456468008 ], [ 6.707200161201252, 50.908786264673701 ], [ 6.707038721656924, 50.908770393563287 ], [ 6.707032758926151, 50.908796770962383 ], [ 6.707033331345078, 50.908796782209734 ], [ 6.707031564644989, 50.908832723943732 ], [ 6.707024662238295, 50.908832588319463 ], [ 6.707014541359757, 50.908877360014515 ], [ 6.707015144321092, 50.908877371862054 ], [ 6.707014260961962, 50.90889534272862 ], [ 6.70701049300252, 50.90889526869212 ], [ 6.706997134043962, 50.908954364478042 ], [ 6.706996957229828, 50.908957961509728 ], [ 6.707011169197882, 50.908958240761031 ], [ 6.707011610879144, 50.90894925532789 ], [ 6.707025822844693, 50.908949534577388 ], [ 6.707026706201074, 50.908931563710844 ], [ 6.707040918161385, 50.908931842958424 ], [ 6.707041359836505, 50.908922857525063 ], [ 6.707069783752344, 50.908923416014872 ], [ 6.707069342082687, 50.908932401448425 ], [ 6.707211461702777, 50.908935193794633 ], [ 6.707211020060211, 50.908944179229067 ], [ 6.707239443992409, 50.908944737677743 ], [ 6.707239002355079, 50.90895372311234 ], [ 6.707267426293646, 50.908954281554287 ], [ 6.707266543029236, 50.908972252423766 ], [ 6.707277032729814, 50.908972458512039 ], [ 6.707277598897844, 50.908969250238201 ], [ 6.707277602137377, 50.908969231993616 ], [ 6.707282175325668, 50.908943633641471 ], [ 6.707282521521309, 50.908936589902915 ], [ 6.707283430509876, 50.908936607761483 ], [ 6.707300955747369, 50.908838510190968 ], [ 6.707211520075667, 50.908829717682401 ], [ 6.707205206573727, 50.908828437602004 ] ] ] ] } },
{ "type": "Feature", "properties": { "DN": 1, "gml_id": "DENW41AL30005cmNFL", "identifier": "urn:adv:oid:DENW41AL30005cmNFL", "aktualit_2": "2024-08-20Z", "idflurst": "DENW41AL30005cmN", "flaeche": 378.0, "flstkennz_": "05468201900166______", "flstnrzae": "166", "flstnrnen": null, "gemarkung": "Horrem", "gemaschl": "054682", "flur": "19", "flurschl": "054682019", "land": "Nordrhein-Westfalen", "landschl": "05", "regbezirk": "Kï¿½ln", "regbezschl": "053", "kreis": "Rhein-Erft-Kreis", "kreisschl": "05362", "gemeinde": "Kerpen", "gmdschl": "05362032", "abwrecht": "Kein abweichender Rechtszustand", "lagebeztxt": "Merodestraï¿½e 30", "tntxt": "Wohnbauflï¿½che;378", "area": 375, "s area": 178.6, "layer": "swale suitability new", "path": "C:\\Users\\kanis\\Desktop\\Thesis\\Data\\Analysis\\Horrem\\S\\swale suitability new.shp", "final area": 103.1 }, "geometry": { "type": "MultiPolygon", "coordinates": [ [ [ [ 6.707250766594099, 50.908753791628889 ], [ 6.707245405594074, 50.908776936400436 ], [ 6.7072440289708, 50.908782933750871 ], [ 6.707247393425622, 50.908782999852242 ], [ 6.707246951792367, 50.908791985287124 ], [ 6.707241973743061, 50.908791887483467 ], [ 6.707238936456884, 50.908805119610335 ], [ 6.707305738714463, 50.908811686999478 ], [ 6.707312219474664, 50.90877527935762 ], [ 6.707304682718152, 50.908775131287186 ], [ 6.707305124340029, 50.908766145851907 ], [ 6.70731381489476, 50.908766316590309 ], [ 6.707314825399575, 50.908760639764068 ], [ 6.707315055214465, 50.90875966848283 ], [ 6.707328966082919, 50.908712649585929 ], [ 6.707321985962849, 50.908712512452382 ], [ 6.707322427580408, 50.908703527016897 ], [ 6.707331611672684, 50.908703707450243 ], [ 6.707347485188844, 50.908650054634293 ], [ 6.707325077281015, 50.908649614403622 ], [ 6.707327285358629, 50.908604687225441 ], [ 6.70731307349509, 50.908604408014 ], [ 6.707313515112665, 50.908595422578394 ], [ 6.707299303252084, 50.908595143365304 ], [ 6.707300628111648, 50.908568187058684 ], [ 6.707293339385647, 50.908568043860228 ], [ 6.707250771221928, 50.908753771543978 ], [ 6.707250766594099, 50.908753791628889 ] ], [ [ 6.707291354051925, 50.908756881201917 ], [ 6.707290912427545, 50.908765866637125 ], [ 6.707276700515289, 50.908765587420611 ], [ 6.7072771421424, 50.908756601985495 ], [ 6.707291354051925, 50.908756881201917 ] ] ] ] } },
{ "type": "Feature", "properties": { "DN": 1, "gml_id": "DENW41AL30005dwAFL", "identifier": "urn:adv:oid:DENW41AL30005dwAFL", "aktualit_2": "2024-08-20Z", "idflurst": "DENW41AL30005dwA", "flaeche": 434.0, "flstkennz_": "05468201900301______", "flstnrzae": "301", "flstnrnen": null, "gemarkung": "Horrem", "gemaschl": "054682", "flur": "19", "flurschl": "054682019", "land": "Nordrhein-Westfalen", "landschl": "05", "regbezirk": "Kï¿½ln", "regbezschl": "053", "kreis": "Rhein-Erft-Kreis", "kreisschl": "05362", "gemeinde": "Kerpen", "gmdschl": "05362032", "abwrecht": "Kein abweichender Rechtszustand", "lagebeztxt": "Merodestraï¿½e 28", "tntxt": "Wohnbauflï¿½che;434", "area": 433, "s area": 214.5, "layer": "swale suitability new", "path": "C:\\Users\\kanis\\Desktop\\Thesis\\Data\\Analysis\\Horrem\\S\\swale suitability new.shp", "final area": 134.4 }, "geometry": { "type": "MultiPolygon", "coordinates": [ [ [ [ 6.707448143092969, 50.908824943707366 ], [ 6.707459543172875, 50.908774281432159 ], [ 6.707500865503445, 50.908590109081253 ], [ 6.707484499041869, 50.908589787563962 ], [ 6.707484057457299, 50.908598773000648 ], [ 6.707469845594003, 50.908598493808299 ], [ 6.707469404006475, 50.908607479244885 ], [ 6.707483615872504, 50.90860775843732 ], [ 6.707483174287482, 50.908616743873957 ], [ 6.707468962418721, 50.90861646468143 ], [ 6.707468520830742, 50.908625450117981 ], [ 6.707482732702234, 50.908625729310586 ], [ 6.707481407945131, 50.908652685620375 ], [ 6.707467196065442, 50.908652406427507 ], [ 6.707467637654101, 50.908643420991012 ], [ 6.707453425777373, 50.908643141796489 ], [ 6.707452984185982, 50.908652127232898 ], [ 6.707438772306746, 50.908651848036556 ], [ 6.707438330712397, 50.908660833472851 ], [ 6.707424118830658, 50.908660554274704 ], [ 6.707423677233351, 50.9086695397109 ], [ 6.707409465349105, 50.908669260510926 ], [ 6.70740902374884, 50.908678245947002 ], [ 6.707382693734338, 50.908677728675315 ], [ 6.707357127195027, 50.908764144217116 ], [ 6.7073479480219, 50.908815711293087 ], [ 6.707448143092969, 50.908824943707366 ] ] ] ] } },
{ "type": "Feature", "properties": { "DN": 1, "gml_id": "DENW41AL30005eHnFL", "identifier": "urn:adv:oid:DENW41AL30005eHnFL", "aktualit_2": "2024-08-20Z", "idflurst": "DENW41AL30005eHn", "flaeche": 678.0, "flstkennz_": "05468201900234______", "flstnrzae": "234", "flstnrnen": null, "gemarkung": "Horrem", "gemaschl": "054682", "flur": "19", "flurschl": "054682019", "land": "Nordrhein-Westfalen", "landschl": "05", "regbezirk": "Kï¿½ln", "regbezschl": "053", "kreis": "Rhein-Erft-Kreis", "kreisschl": "05362", "gemeinde": "Kerpen", "gmdschl": "05362032", "abwrecht": "Kein abweichender Rechtszustand", "lagebeztxt": "Merodestraï¿½e 26", "tntxt": "Wohnbauflï¿½che;678", "area": 664, "s area": 35.0, "layer": "swale suitability new", "path": "C:\\Users\\kanis\\Desktop\\Thesis\\Data\\Analysis\\Horrem\\S\\swale suitability new.shp", "final area": 24.9 }, "geometry": { "type": "MultiPolygon", "coordinates": [ [ [ [ 6.707540666703305, 50.908604736996658 ], [ 6.707540463338884, 50.908608875189756 ], [ 6.70756888707343, 50.908609433555618 ], [ 6.707569328641837, 50.90860044811842 ], [ 6.707583540506718, 50.908600727298669 ], [ 6.707583098941043, 50.908609712735952 ], [ 6.707611522676949, 50.908610271091433 ], [ 6.707611964237159, 50.908601285653972 ], [ 6.70762617610272, 50.908601564829027 ], [ 6.707625734545241, 50.90861055026658 ], [ 6.707654158282504, 50.908611108611687 ], [ 6.707653275177792, 50.908629079487099 ], [ 6.707667487052226, 50.908629358657244 ], [ 6.707668811700759, 50.908602402343817 ], [ 6.707683023567224, 50.908602681511979 ], [ 6.707682582020671, 50.908611666949888 ], [ 6.707696663355621, 50.90861194355228 ], [ 6.707700691458148, 50.908594034454161 ], [ 6.707598193934542, 50.908592021039787 ], [ 6.707598635497033, 50.908583035602376 ], [ 6.707545768764593, 50.908581997077405 ], [ 6.707540666703305, 50.908604736996658 ] ] ] ] } },
{ "type": "Feature", "properties": { "DN": 1, "gml_id": "DENW41AL30005bf4FL", "identifier": "urn:adv:oid:DENW41AL30005bf4FL", "aktualit_2": "2024-08-20Z", "idflurst": "DENW41AL30005bf4", "flaeche": 363.0, "flstkennz_": "054682021000520024__", "flstnrzae": "52", "flstnrnen": "24", "gemarkung": "Horrem", "gemaschl": "054682", "flur": "21", "flurschl": "054682021", "land": "Nordrhein-Westfalen", "landschl": "05", "regbezirk": "Kï¿½ln", "regbezschl": "053", "kreis": "Rhein-Erft-Kreis", "kreisschl": "05362", "gemeinde": "Kerpen", "gmdschl": "05362032", "abwrecht": "Kein abweichender Rechtszustand", "lagebeztxt": "Am grï¿½nen Weg 7", "tntxt": "Wohnbauflï¿½che;363", "area": 366, "s area": 140.9, "layer": "swale suitability new", "path": "C:\\Users\\kanis\\Desktop\\Thesis\\Data\\Analysis\\Horrem\\S\\swale suitability new.shp", "final area": 124.3 }, "geometry": { "type": "MultiPolygon", "coordinates": [ [ [ [ 6.707234331910597, 50.911942997183573 ], [ 6.707233169965887, 50.911966635200407 ], [ 6.707204744193305, 50.911966076726578 ], [ 6.707201570983332, 50.912030629946159 ], [ 6.707215704787775, 50.912032518365727 ], [ 6.707215865253202, 50.912029253972527 ], [ 6.707230078158732, 50.912029533209214 ], [ 6.707230961533337, 50.912011562349633 ], [ 6.707259387334146, 50.912012120817444 ], [ 6.707258106208289, 50.912038183614264 ], [ 6.707410690248007, 50.912058570210554 ], [ 6.707414890519656, 50.912032256381615 ], [ 6.707417054208436, 50.911988235973858 ], [ 6.707421901941458, 50.91198833120766 ], [ 6.70742619544153, 50.911961433231603 ], [ 6.707418379160054, 50.911961279680753 ], [ 6.707417495859202, 50.911979250542835 ], [ 6.707389070075272, 50.91197869211377 ], [ 6.70738862841904, 50.911987677544609 ], [ 6.70736020263055, 50.91198711910846 ], [ 6.707360644292245, 50.911978133677792 ], [ 6.707346431401072, 50.911977854457213 ], [ 6.707347756392993, 50.911950898165387 ], [ 6.707305117745419, 50.911950060494064 ], [ 6.707305233850427, 50.911947698438205 ], [ 6.707234331910597, 50.911942997183573 ] ], [ [ 6.707316680609051, 50.912004252301983 ], [ 6.707317122279394, 50.911995266871621 ], [ 6.707331335175581, 50.911995546095838 ], [ 6.707330893507969, 50.9120045315263 ], [ 6.707345106407113, 50.912004810748876 ], [ 6.707344664742008, 50.912013796179387 ], [ 6.70735887764411, 50.912014075400336 ], [ 6.707358435981511, 50.912023060830933 ], [ 6.707301584363529, 50.912021943936445 ], [ 6.70730246771036, 50.912003973075954 ], [ 6.707316680609051, 50.912004252301983 ] ], [ [ 6.707290463188672, 50.911958766697104 ], [ 6.707290021513769, 50.911967752127346 ], [ 6.707261595739376, 50.911967193667337 ], [ 6.707262037419743, 50.911958208237273 ], [ 6.707290463188672, 50.911958766697104 ] ] ] ] } },
{ "type": "Feature", "properties": { "DN": 1, "gml_id": "DENW41AL30005bf4FL", "identifier": "urn:adv:oid:DENW41AL30005bf4FL", "aktualit_2": "2024-08-20Z", "idflurst": "DENW41AL30005bf4", "flaeche": 363.0, "flstkennz_": "054682021000520024__", "flstnrzae": "52", "flstnrnen": "24", "gemarkung": "Horrem", "gemaschl": "054682", "flur": "21", "flurschl": "054682021", "land": "Nordrhein-Westfalen", "landschl": "05", "regbezirk": "Kï¿½ln", "regbezschl": "053", "kreis": "Rhein-Erft-Kreis", "kreisschl": "05362", "gemeinde": "Kerpen", "gmdschl": "05362032", "abwrecht": "Kein abweichender Rechtszustand", "lagebeztxt": "Am grï¿½nen Weg 7", "tntxt": "Wohnbauflï¿½che;363", "area": 366, "s area": 140.9, "layer": "swale suitability new", "path": "C:\\Users\\kanis\\Desktop\\Thesis\\Data\\Analysis\\Horrem\\S\\swale suitability new.shp", "final area": 1.0 }, "geometry": { "type": "MultiPolygon", "coordinates": [ [ [ [ 6.707373973865494, 50.911996383758122 ], [ 6.70735976096863, 50.911996104539099 ], [ 6.707359319306482, 50.912005089969725 ], [ 6.707373532206079, 50.912005369188847 ], [ 6.707373973865494, 50.911996383758122 ] ] ] ] } },
{ "type": "Feature", "properties": { "DN": 1, "gml_id": "DENW41AL30005fPaFL", "identifier": "urn:adv:oid:DENW41AL30005fPaFL", "aktualit_2": "2024-08-20Z", "idflurst": "DENW41AL30005fPa", "flaeche": 197.0, "flstkennz_": "054682021000520025__", "flstnrzae": "52", "flstnrnen": "25", "gemarkung": "Horrem", "gemaschl": "054682", "flur": "21", "flurschl": "054682021", "land": "Nordrhein-Westfalen", "landschl": "05", "regbezirk": "Kï¿½ln", "regbezschl": "053", "kreis": "Rhein-Erft-Kreis", "kreisschl": "05362", "gemeinde": "Kerpen", "gmdschl": "05362032", "abwrecht": "Kein abweichender Rechtszustand", "lagebeztxt": "Adenauerstraï¿½e", "tntxt": "Wohnbauflï¿½che;197", "area": 198, "s area": 114.0, "layer": "swale suitability new", "path": "C:\\Users\\kanis\\Desktop\\Thesis\\Data\\Analysis\\Horrem\\S\\swale suitability new.shp", "final area": 78.8 }, "geometry": { "type": "MultiPolygon", "coordinates": [ [ [ [ 6.707503759315845, 50.911960862730247 ], [ 6.707502331582057, 50.91198991122009 ], [ 6.707488118685887, 50.911989632016706 ], [ 6.707487677048555, 50.911998617448141 ], [ 6.707501889947458, 50.911998896651617 ], [ 6.707501448312632, 50.912007882083145 ], [ 6.707487235411, 50.912007602879576 ], [ 6.707486793773215, 50.912016588310983 ], [ 6.707501006677581, 50.91201686751463 ], [ 6.707499681771068, 50.912043823809036 ], [ 6.707457043034061, 50.912042986192105 ], [ 6.707457483179754, 50.912034031243131 ], [ 6.707452670695695, 50.912064180625684 ], [ 6.707591185340011, 50.912082698191426 ], [ 6.707591364104862, 50.912081601238121 ], [ 6.707583192771581, 50.912081440723988 ], [ 6.707583634391824, 50.912072455292069 ], [ 6.707555208547817, 50.912071896902731 ], [ 6.707555650173298, 50.912062911470969 ], [ 6.707569863092456, 50.912063190666423 ], [ 6.707570304714977, 50.912054205234561 ], [ 6.707584517631631, 50.912054484428182 ], [ 6.707584959251195, 50.912045498996235 ], [ 6.707597208837065, 50.912045739621441 ], [ 6.707604525057483, 50.912000912802434 ], [ 6.707601380246104, 50.912000851027514 ], [ 6.707601821861577, 50.911991865595361 ], [ 6.707587608963824, 50.911991586404078 ], [ 6.707586725727186, 50.912009557268199 ], [ 6.70755829992143, 50.912008998880097 ], [ 6.70755962479244, 50.91198204258442 ], [ 6.707573837687009, 50.911982321779078 ], [ 6.707574661252041, 50.91196556510792 ], [ 6.707503759315845, 50.911960862730247 ] ], [ [ 6.707570746337274, 50.912045219802678 ], [ 6.707571187959343, 50.912036234370795 ], [ 6.707585400870531, 50.912036513564239 ], [ 6.707584959251195, 50.912045498996235 ], [ 6.707570746337274, 50.912045219802678 ] ], [ [ 6.707542762137647, 50.912035675978693 ], [ 6.707528549227137, 50.912035396780048 ], [ 6.707528990857177, 50.912026411348414 ], [ 6.707543203764954, 50.912026690546966 ], [ 6.707542762137647, 50.912035675978693 ] ] ] ] } },
{ "type": "Feature", "properties": { "DN": 1, "gml_id": "DENW41AL30005WpoFL", "identifier": "urn:adv:oid:DENW41AL30005WpoFL", "aktualit_2": "2024-08-20Z", "idflurst": "DENW41AL30005Wpo", "flaeche": 725.0, "flstkennz_": "054682019000340002__", "flstnrzae": "34", "flstnrnen": "2", "gemarkung": "Horrem", "gemaschl": "054682", "flur": "19", "flurschl": "054682019", "land": "Nordrhein-Westfalen", "landschl": "05", "regbezirk": "Kï¿½ln", "regbezschl": "053", "kreis": "Rhein-Erft-Kreis", "kreisschl": "05362", "gemeinde": "Kerpen", "gmdschl": "05362032", "abwrecht": "Kein abweichender Rechtszustand", "lagebeztxt": "Hauptstraï¿½e 236", "tntxt": "Flï¿½che gemischter Nutzung(funktion:Gebï¿½ude- und Freiflï¿½che Mischnutzung mit Wohnen);725", "area": 732, "s area": 152.3, "layer": "swale suitability new", "path": "C:\\Users\\kanis\\Desktop\\Thesis\\Data\\Analysis\\Horrem\\S\\swale suitability new.shp", "final area": 126.6 }, "geometry": { "type": "MultiPolygon", "coordinates": [ [ [ [ 6.71147813180458, 50.909602898660424 ], [ 6.711495930073944, 50.909603909908235 ], [ 6.711517467900383, 50.909604332271599 ], [ 6.711518790371252, 50.909577375890187 ], [ 6.711533002572838, 50.909577654593519 ], [ 6.71153388421349, 50.909559683672313 ], [ 6.711548096409839, 50.909559962373756 ], [ 6.711551182125882, 50.909497064148404 ], [ 6.711565394303334, 50.90949734284748 ], [ 6.711565835116278, 50.909488357386564 ], [ 6.711580047291223, 50.909488636083822 ], [ 6.711579606481012, 50.90949762154483 ], [ 6.711593818658916, 50.909497900240446 ], [ 6.711593377851212, 50.909506885701525 ], [ 6.711607590032073, 50.909507164395507 ], [ 6.711603622777151, 50.909588033545269 ], [ 6.711546773956716, 50.909586918755792 ], [ 6.711546333138558, 50.909595904216431 ], [ 6.711532120931282, 50.909595625514662 ], [ 6.711531680110165, 50.909604610975194 ], [ 6.711588528951551, 50.909605725772302 ], [ 6.71158896976174, 50.909596740311414 ], [ 6.711645818595813, 50.909597855080499 ], [ 6.711649785779009, 50.909516985928491 ], [ 6.711635573594737, 50.909516707239618 ], [ 6.711636895993266, 50.90948975085557 ], [ 6.711651108169341, 50.90949002954418 ], [ 6.711651548965666, 50.909481044082725 ], [ 6.71165689379239, 50.909481148889746 ], [ 6.711658167289735, 50.909445197441379 ], [ 6.711610675662139, 50.909444266166979 ], [ 6.711609353250608, 50.909471222550728 ], [ 6.711595141080675, 50.909470943857102 ], [ 6.711594700273648, 50.909479929318238 ], [ 6.711566275928995, 50.909479371925634 ], [ 6.711566716741484, 50.909470386464676 ], [ 6.711538292403199, 50.909469829065316 ], [ 6.711538733220927, 50.909460843604535 ], [ 6.711510308889007, 50.909460286198446 ], [ 6.711510749711973, 50.909451300737807 ], [ 6.711502221800214, 50.90945113350265 ], [ 6.71147813180458, 50.909602898660424 ] ] ] ] } },
{ "type": "Feature", "properties": { "DN": 1, "gml_id": "DENW41AL30005bJ9FL", "identifier": "urn:adv:oid:DENW41AL30005bJ9FL", "aktualit_2": "2024-08-20Z", "idflurst": "DENW41AL30005bJ9", "flaeche": 322.0, "flstkennz_": "05468202100424______", "flstnrzae": "424", "flstnrnen": null, "gemarkung": "Horrem", "gemaschl": "054682", "flur": "21", "flurschl": "054682021", "land": "Nordrhein-Westfalen", "landschl": "05", "regbezirk": "Kï¿½ln", "regbezschl": "053", "kreis": "Rhein-Erft-Kreis", "kreisschl": "05362", "gemeinde": "Kerpen", "gmdschl": "05362032", "abwrecht": "Kein abweichender Rechtszustand", "lagebeztxt": "Wiesenstraï¿½e", "tntxt": "Wohnbauflï¿½che;322", "area": 323, "s area": 137.5, "layer": "swale suitability new", "path": "C:\\Users\\kanis\\Desktop\\Thesis\\Data\\Analysis\\Horrem\\S\\swale suitability new.shp", "final area": 95.9 }, "geometry": { "type": "MultiPolygon", "coordinates": [ [ [ [ 6.707491438434211, 50.91264383331378 ], [ 6.707434406288009, 50.912628589074949 ], [ 6.707400254875073, 50.912619454569935 ], [ 6.707399909514584, 50.912626480751747 ], [ 6.707428335693314, 50.912627039183242 ], [ 6.707427894034449, 50.912636024613327 ], [ 6.707442107126885, 50.912636303826574 ], [ 6.70744122381394, 50.912654274686858 ], [ 6.707384371423694, 50.912653157822817 ], [ 6.707383929755953, 50.912662143252575 ], [ 6.707369716656225, 50.912661864032152 ], [ 6.707369274985525, 50.912670849461819 ], [ 6.707340848781284, 50.912670291015601 ], [ 6.707341732133385, 50.912652320156617 ], [ 6.707355945229929, 50.912652599380408 ], [ 6.707356828575661, 50.912634628521189 ], [ 6.707314189303105, 50.912633790845156 ], [ 6.707314238087849, 50.91263279838217 ], [ 6.707292660194894, 50.912665321941176 ], [ 6.707259777795999, 50.912714915593554 ], [ 6.707242932041903, 50.912740320194303 ], [ 6.707280462870621, 50.912741057534845 ], [ 6.707281787936655, 50.912714101247829 ], [ 6.707310214166408, 50.912714659708755 ], [ 6.707310655849168, 50.912705674279529 ], [ 6.707324868961652, 50.912705953507306 ], [ 6.707325310641455, 50.912696968077981 ], [ 6.707339523751433, 50.912697247303946 ], [ 6.707338198719544, 50.912724203592148 ], [ 6.70732398560137, 50.912723924365913 ], [ 6.707323543920888, 50.912732909795196 ], [ 6.707337757041796, 50.912733189021509 ], [ 6.70733687368562, 50.912751159880202 ], [ 6.707365299939041, 50.91275171832801 ], [ 6.707366624956573, 50.912724762039431 ], [ 6.707352411837945, 50.91272448281665 ], [ 6.707352853512735, 50.912715497387182 ], [ 6.70736706662863, 50.912715776609879 ], [ 6.707367508300463, 50.912706791180291 ], [ 6.707424360755378, 50.912707908053392 ], [ 6.707425685736728, 50.912680951763498 ], [ 6.707439898842825, 50.912681230977178 ], [ 6.70744034050009, 50.912672245547085 ], [ 6.7074687667075, 50.912672803969095 ], [ 6.707469208359075, 50.912663818538803 ], [ 6.707476203148557, 50.9126639559477 ], [ 6.707491438434211, 50.91264383331378 ] ] ] ] } },
{ "type": "Feature", "properties": { "DN": 1, "gml_id": "DENW41AL30005Y4CFL", "identifier": "urn:adv:oid:DENW41AL30005Y4CFL", "aktualit_2": "2024-08-20Z", "idflurst": "DENW41AL30005Y4C", "flaeche": 961.0, "flstkennz_": "05468202100449______", "flstnrzae": "449", "flstnrnen": null, "gemarkung": "Horrem", "gemaschl": "054682", "flur": "21", "flurschl": "054682021", "land": "Nordrhein-Westfalen", "landschl": "05", "regbezirk": "Kï¿½ln", "regbezschl": "053", "kreis": "Rhein-Erft-Kreis", "kreisschl": "05362", "gemeinde": "Kerpen", "gmdschl": "05362032", "abwrecht": "Kein abweichender Rechtszustand", "lagebeztxt": "Wiesenstraï¿½e 9", "tntxt": "Wohnbauflï¿½che;961", "area": 958, "s area": 204.2, "layer": "swale suitability new", "path": "C:\\Users\\kanis\\Desktop\\Thesis\\Data\\Analysis\\Horrem\\S\\swale suitability new.shp", "final area": 0.0 }, "geometry": { "type": "MultiPolygon", "coordinates": [ [ [ [ 6.707091677106985, 50.912485513485329 ], [ 6.707093847447748, 50.912485556127642 ], [ 6.707093999923034, 50.912482454495475 ], [ 6.707091677106985, 50.912485513485329 ] ] ] ] } },
{ "type": "Feature", "properties": { "DN": 1, "gml_id": "DENW41AL30005cHXFL", "identifier": "urn:adv:oid:DENW41AL30005cHXFL", "aktualit_2": "2024-08-20Z", "idflurst": "DENW41AL30005cHX", "flaeche": 553.0, "flstkennz_": "05468200800581______", "flstnrzae": "581", "flstnrnen": null, "gemarkung": "Horrem", "gemaschl": "054682", "flur": "8", "flurschl": "054682008", "land": "Nordrhein-Westfalen", "landschl": "05", "regbezirk": "Kï¿½ln", "regbezschl": "053", "kreis": "Rhein-Erft-Kreis", "kreisschl": "05362", "gemeinde": "Kerpen", "gmdschl": "05362032", "abwrecht": "Kein abweichender Rechtszustand", "lagebeztxt": "Hauptstraï¿½e 180; Merkurweg 15", "tntxt": "Flï¿½che gemischter Nutzung(funktion:Gebï¿½ude- und Freiflï¿½che Mischnutzung mit Wohnen);553", "area": 553, "s area": 93.7, "layer": "swale suitability new", "path": "C:\\Users\\kanis\\Desktop\\Thesis\\Data\\Analysis\\Horrem\\S\\swale suitability new.shp", "final area": 61.0 }, "geometry": { "type": "MultiPolygon", "coordinates": [ [ [ [ 6.7103127222237, 50.913281122792071 ], [ 6.710312469697675, 50.913286266724782 ], [ 6.710227189787568, 50.913284593500556 ], [ 6.71022763091763, 50.91327560805388 ], [ 6.710170777659677, 50.913274492536843 ], [ 6.71017121880044, 50.913265507090522 ], [ 6.710142792178285, 50.9132649493218 ], [ 6.710142351032056, 50.91327393476795 ], [ 6.71011392440534, 50.913273376992137 ], [ 6.710114365557034, 50.913264391546164 ], [ 6.710100152246748, 50.913264112655753 ], [ 6.71009926993767, 50.9132820835475 ], [ 6.710085056622145, 50.913281804655178 ], [ 6.710085938936687, 50.913263833763615 ], [ 6.710029085698708, 50.913262718177762 ], [ 6.71002864453062, 50.913271703623202 ], [ 6.710042857842508, 50.913271982522346 ], [ 6.710042483166086, 50.91327961374936 ], [ 6.710126719691647, 50.913294890071242 ], [ 6.71023587733772, 50.91331467794484 ], [ 6.71029631033806, 50.913325628237864 ], [ 6.710297374145283, 50.913303958752557 ], [ 6.710311587469664, 50.913304237619116 ], [ 6.710312028583783, 50.913295252171956 ], [ 6.710326241905657, 50.913295531036702 ], [ 6.710326683016817, 50.913286545589443 ], [ 6.710344045808688, 50.913286886244244 ], [ 6.7103127222237, 50.913281122792071 ] ] ] ] } },
{ "type": "Feature", "properties": { "DN": 1, "gml_id": "DENW41AL30005VP8FL", "identifier": "urn:adv:oid:DENW41AL30005VP8FL", "aktualit_2": "2024-08-20Z", "idflurst": "DENW41AL30005VP8", "flaeche": 724.0, "flstkennz_": "05468202000053______", "flstnrzae": "53", "flstnrnen": null, "gemarkung": "Horrem", "gemaschl": "054682", "flur": "20", "flurschl": "054682020", "land": "Nordrhein-Westfalen", "landschl": "05", "regbezirk": "Kï¿½ln", "regbezschl": "053", "kreis": "Rhein-Erft-Kreis", "kreisschl": "05362", "gemeinde": "Kerpen", "gmdschl": "05362032", "abwrecht": "Kein abweichender Rechtszustand", "lagebeztxt": "Hauptstraï¿½e 232", "tntxt": "Wohnbauflï¿½che;724", "area": 716, "s area": 24.9, "layer": "swale suitability new", "path": "C:\\Users\\kanis\\Desktop\\Thesis\\Data\\Analysis\\Horrem\\S\\swale suitability new.shp", "final area": 11.7 }, "geometry": { "type": "MultiPolygon", "coordinates": [ [ [ [ 6.711452848762844, 50.90962854017458 ], [ 6.711331684229882, 50.909621599447036 ], [ 6.711330945754068, 50.909636650804515 ], [ 6.711444643502572, 50.909638880567542 ], [ 6.711445084340983, 50.909629895107607 ], [ 6.711459296557831, 50.909630173820105 ], [ 6.711459358559907, 50.909628910044596 ], [ 6.711452848762844, 50.90962854017458 ] ] ] ] } },
{ "type": "Feature", "properties": { "DN": 1, "gml_id": "DENW41AL30005VP8FL", "identifier": "urn:adv:oid:DENW41AL30005VP8FL", "aktualit_2": "2024-08-20Z", "idflurst": "DENW41AL30005VP8", "flaeche": 724.0, "flstkennz_": "05468202000053______", "flstnrzae": "53", "flstnrnen": null, "gemarkung": "Horrem", "gemaschl": "054682", "flur": "20", "flurschl": "054682020", "land": "Nordrhein-Westfalen", "landschl": "05", "regbezirk": "Kï¿½ln", "regbezschl": "053", "kreis": "Rhein-Erft-Kreis", "kreisschl": "05362", "gemeinde": "Kerpen", "gmdschl": "05362032", "abwrecht": "Kein abweichender Rechtszustand", "lagebeztxt": "Hauptstraï¿½e 232", "tntxt": "Wohnbauflï¿½che;724", "area": 716, "s area": 157.2, "layer": "swale suitability new", "path": "C:\\Users\\kanis\\Desktop\\Thesis\\Data\\Analysis\\Horrem\\S\\swale suitability new.shp", "final area": 93.2 }, "geometry": { "type": "MultiPolygon", "coordinates": [ [ [ [ 6.711005973884808, 50.909603046339797 ], [ 6.710835660048962, 50.909593357157085 ], [ 6.710830506311363, 50.90963533156534 ], [ 6.710830491399218, 50.909635446630801 ], [ 6.710824486569531, 50.909679465128818 ], [ 6.710901925968777, 50.909682357837646 ], [ 6.710901933667887, 50.909682200946818 ], [ 6.710916145895272, 50.909682479725646 ], [ 6.710916125847315, 50.909682888261187 ], [ 6.710987125245685, 50.909685540352989 ], [ 6.710987207035587, 50.909683873593842 ], [ 6.71094457035072, 50.909683037278107 ], [ 6.710946775025368, 50.909638109994255 ], [ 6.710960987239771, 50.909638388767448 ], [ 6.710961428171291, 50.909629403310547 ], [ 6.710975640383189, 50.909629682081921 ], [ 6.710976081311752, 50.909620696624906 ], [ 6.710990293521143, 50.909620975394468 ], [ 6.710990734446749, 50.909611989937346 ], [ 6.711076007691454, 50.90961366251787 ], [ 6.711076330554188, 50.909607082771693 ], [ 6.711005973884808, 50.909603046339797 ] ] ] ] } },
{ "type": "Feature", "properties": { "DN": 1, "gml_id": "DENW41AL30005cDjFL", "identifier": "urn:adv:oid:DENW41AL30005cDjFL", "aktualit_2": "2024-08-20Z", "idflurst": "DENW41AL30005cDj", "flaeche": 366.0, "flstkennz_": "05468202100443______", "flstnrzae": "443", "flstnrnen": null, "gemarkung": "Horrem", "gemaschl": "054682", "flur": "21", "flurschl": "054682021", "land": "Nordrhein-Westfalen", "landschl": "05", "regbezirk": "Kï¿½ln", "regbezschl": "053", "kreis": "Rhein-Erft-Kreis", "kreisschl": "05362", "gemeinde": "Kerpen", "gmdschl": "05362032", "abwrecht": "Kein abweichender Rechtszustand", "lagebeztxt": "Wiesenstraï¿½e 30", "tntxt": "Wohnbauflï¿½che;366", "area": 364, "s area": 109.4, "layer": "swale suitability new", "path": "C:\\Users\\kanis\\Desktop\\Thesis\\Data\\Analysis\\Horrem\\S\\swale suitability new.shp", "final area": 71.8 }, "geometry": { "type": "MultiPolygon", "coordinates": [ [ [ [ 6.705920675107013, 50.912910358693317 ], [ 6.705920579968314, 50.912910460123307 ], [ 6.705920494298106, 50.912912201896447 ], [ 6.705934707459667, 50.912912481294256 ], [ 6.705933381606144, 50.912939437554954 ], [ 6.705947594776127, 50.912939716951314 ], [ 6.705948478673239, 50.912921746110676 ], [ 6.705962691837985, 50.912922025505132 ], [ 6.705963575728725, 50.912904054664253 ], [ 6.705977788888231, 50.91290433405679 ], [ 6.70597823083053, 50.912895348636248 ], [ 6.705992443987532, 50.912895628026959 ], [ 6.705993327865984, 50.912877657185625 ], [ 6.706007541017748, 50.912877936574439 ], [ 6.706008424889829, 50.912859965732871 ], [ 6.706022638036354, 50.912860245119774 ], [ 6.706023521902067, 50.912842274277963 ], [ 6.706037735043354, 50.912842553662955 ], [ 6.706038618902694, 50.912824582820889 ], [ 6.706052832038744, 50.912824862203969 ], [ 6.706053273965342, 50.912815876782822 ], [ 6.706067487098886, 50.912816156164098 ], [ 6.706068370945938, 50.912798185321577 ], [ 6.706082584074244, 50.912798464700948 ], [ 6.706084793674249, 50.912753537593915 ], [ 6.706113219904217, 50.912754096346568 ], [ 6.706113661818074, 50.912745110924938 ], [ 6.706127874930665, 50.912745390298575 ], [ 6.706128316841564, 50.912736404876846 ], [ 6.706155493227262, 50.91273693905233 ], [ 6.706156813505594, 50.912735531262662 ], [ 6.70615718496717, 50.912727978196827 ], [ 6.70611454564511, 50.912727140081614 ], [ 6.706114987558287, 50.912718154659935 ], [ 6.706101252016648, 50.912717884671899 ], [ 6.705920675107013, 50.912910358693317 ] ] ] ] } },
{ "type": "Feature", "properties": { "DN": 1, "gml_id": "DENW41AL30005ZfgFL", "identifier": "urn:adv:oid:DENW41AL30005ZfgFL", "aktualit_2": "2024-08-20Z", "idflurst": "DENW41AL30005Zfg", "flaeche": 271.0, "flstkennz_": "054682021000880007__", "flstnrzae": "88", "flstnrnen": "7", "gemarkung": "Horrem", "gemaschl": "054682", "flur": "21", "flurschl": "054682021", "land": "Nordrhein-Westfalen", "landschl": "05", "regbezirk": "Kï¿½ln", "regbezschl": "053", "kreis": "Rhein-Erft-Kreis", "kreisschl": "05362", "gemeinde": "Kerpen", "gmdschl": "05362032", "abwrecht": "Kein abweichender Rechtszustand", "lagebeztxt": "Am Kalkofen 23", "tntxt": "Wohnbauflï¿½che;271", "area": 271, "s area": 77.9, "layer": "swale suitability new", "path": "C:\\Users\\kanis\\Desktop\\Thesis\\Data\\Analysis\\Horrem\\S\\swale suitability new.shp", "final area": 40.3 }, "geometry": { "type": "MultiPolygon", "coordinates": [ [ [ [ 6.706576241980414, 50.912958604434863 ], [ 6.706498277606991, 50.912930108468046 ], [ 6.70646883767051, 50.912962395362293 ], [ 6.706458383692748, 50.912973849818599 ], [ 6.706458068131273, 50.912974195734364 ], [ 6.70645794349411, 50.912976730338791 ], [ 6.70647215668067, 50.912977009671437 ], [ 6.706471272983486, 50.912994980518491 ], [ 6.706485486175738, 50.912995259849581 ], [ 6.706485928021711, 50.912986274425975 ], [ 6.706500141211456, 50.912986553755253 ], [ 6.706499699368215, 50.912995539178944 ], [ 6.70651391256092, 50.912995818506573 ], [ 6.706513028879224, 50.913013789354082 ], [ 6.706498815681055, 50.913013510026268 ], [ 6.706497254903365, 50.913045250283382 ], [ 6.706576241980414, 50.912958604434863 ] ], [ [ 6.70647304037695, 50.912959038824319 ], [ 6.70650146673982, 50.912959597484061 ], [ 6.70650058305447, 50.912977568331549 ], [ 6.706486369867457, 50.912977289002356 ], [ 6.706486811712978, 50.912968303578722 ], [ 6.706472598528923, 50.912968024247895 ], [ 6.70647304037695, 50.912959038824319 ] ] ] ] } },
{ "type": "Feature", "properties": { "DN": 1, "gml_id": "DENW41AL30005dK9FL", "identifier": "urn:adv:oid:DENW41AL30005dK9FL", "aktualit_2": "2024-08-20Z", "idflurst": "DENW41AL30005dK9", "flaeche": 392.0, "flstkennz_": "05468202000215______", "flstnrzae": "215", "flstnrnen": null, "gemarkung": "Horrem", "gemaschl": "054682", "flur": "20", "flurschl": "054682020", "land": "Nordrhein-Westfalen", "landschl": "05", "regbezirk": "Kï¿½ln", "regbezschl": "053", "kreis": "Rhein-Erft-Kreis", "kreisschl": "05362", "gemeinde": "Kerpen", "gmdschl": "05362032", "abwrecht": "Kein abweichender Rechtszustand", "lagebeztxt": "Hebbelstraï¿½e 2 a", "tntxt": "Wohnbauflï¿½che;392", "area": 392, "s area": 72.5, "layer": "swale suitability new", "path": "C:\\Users\\kanis\\Desktop\\Thesis\\Data\\Analysis\\Horrem\\S\\swale suitability new.shp", "final area": 49.5 }, "geometry": { "type": "MultiPolygon", "coordinates": [ [ [ [ 6.707490266278568, 50.909919748436025 ], [ 6.707488878577747, 50.909947984316432 ], [ 6.707474666303556, 50.9099477051194 ], [ 6.707473341479436, 50.909974661422915 ], [ 6.707459129197274, 50.909974382223879 ], [ 6.707456921138892, 50.910019309395608 ], [ 6.707471133434711, 50.910019588595084 ], [ 6.707470407795101, 50.910034353187328 ], [ 6.707541400322528, 50.910037152688091 ], [ 6.707541753321241, 50.910029970001361 ], [ 6.707527541021559, 50.910029690810433 ], [ 6.707529307414986, 50.909993749071383 ], [ 6.707515095126456, 50.909993469879083 ], [ 6.707516419927346, 50.909966513574872 ], [ 6.70753063220768, 50.909966792766902 ], [ 6.707531073804793, 50.909957807332042 ], [ 6.70751686152719, 50.909957528140104 ], [ 6.707517303126808, 50.909948542705315 ], [ 6.707531515401678, 50.909948821897174 ], [ 6.707532752344406, 50.909923653062116 ], [ 6.707490266278568, 50.909919748436025 ] ] ] ] } },
{ "type": "Feature", "properties": { "DN": 1, "gml_id": "DENW41AL30005VCXFL", "identifier": "urn:adv:oid:DENW41AL30005VCXFL", "aktualit_2": "2024-08-20Z", "idflurst": "DENW41AL30005VCX", "flaeche": 5959.0, "flstkennz_": "05468200800832______", "flstnrzae": "832", "flstnrnen": null, "gemarkung": "Horrem", "gemaschl": "054682", "flur": "8", "flurschl": "054682008", "land": "Nordrhein-Westfalen", "landschl": "05", "regbezirk": "Kï¿½ln", "regbezschl": "053", "kreis": "Rhein-Erft-Kreis", "kreisschl": "05362", "gemeinde": "Kerpen", "gmdschl": "05362032", "abwrecht": "Kein abweichender Rechtszustand", "lagebeztxt": "Mittelstraï¿½e 6, 8, 10, 12, 14, 16, 18, 20, 22, 24, 26", "tntxt": "Wohnbauflï¿½che;5959", "area": 5965, "s area": 1202.5, "layer": "swale suitability new", "path": "C:\\Users\\kanis\\Desktop\\Thesis\\Data\\Analysis\\Horrem\\S\\swale suitability new.shp", "final area": 1144.7 }, "geometry": { "type": "MultiPolygon", "coordinates": [ [ [ [ 6.712030376034779, 50.913068848789685 ], [ 6.712029089185113, 50.913095081686485 ], [ 6.712043302463063, 50.91309536034143 ], [ 6.71204286168544, 50.913104345799766 ], [ 6.712057074966348, 50.913104624453076 ], [ 6.712056634191231, 50.913113609911484 ], [ 6.71204242090759, 50.913113331258089 ], [ 6.712040657793932, 50.913149273091193 ], [ 6.711998017911578, 50.913148437119567 ], [ 6.711999340271751, 50.913121480745552 ], [ 6.711985126986281, 50.913121202085165 ], [ 6.711985567775286, 50.913112216627219 ], [ 6.711999781058023, 50.913112495287521 ], [ 6.712000662629891, 50.913094524371402 ], [ 6.711972236075572, 50.913093967049413 ], [ 6.711973117657466, 50.913075996133571 ], [ 6.711987330929047, 50.913076274795259 ], [ 6.711988099310359, 50.913060611344136 ], [ 6.711974919222909, 50.913058043254686 ], [ 6.711959785972565, 50.913057746554429 ], [ 6.711959914835959, 50.913055119705355 ], [ 6.711920620251044, 50.913047463289914 ], [ 6.711919110662991, 50.913050436637874 ], [ 6.711919078895721, 50.913050498691888 ], [ 6.711917290776254, 50.913053962973102 ], [ 6.711916705374936, 50.91306589601195 ], [ 6.711911187273294, 50.91306578782234 ], [ 6.711901569652706, 50.913084420865246 ], [ 6.711901169693729, 50.91309257371416 ], [ 6.711897399633519, 50.913092499796733 ], [ 6.711885848508047, 50.913114878754847 ], [ 6.711885633994321, 50.913119251413939 ], [ 6.711883611977505, 50.913119211769164 ], [ 6.711870127342278, 50.913145336641918 ], [ 6.711870098276711, 50.913145929111316 ], [ 6.711869824305254, 50.913145923739648 ], [ 6.711854406155399, 50.913175794526445 ], [ 6.711853240094689, 50.913199563177329 ], [ 6.711842248912042, 50.913199347674777 ], [ 6.711838684947408, 50.913206252408457 ], [ 6.711837528198852, 50.913229831055261 ], [ 6.711841518137414, 50.913244303846376 ], [ 6.711851036013153, 50.913244490462056 ], [ 6.711848391107853, 50.9132984032032 ], [ 6.711862604445937, 50.913298681880931 ], [ 6.711861722814496, 50.913316652794691 ], [ 6.711847509470946, 50.913316374116775 ], [ 6.711846627833135, 50.913334345030286 ], [ 6.711836122537013, 50.913334139054086 ], [ 6.711833454364259, 50.9133610690388 ], [ 6.711845305374725, 50.913361301400435 ], [ 6.711843982914282, 50.913388257770428 ], [ 6.711830386609397, 50.91338799118877 ], [ 6.711829545654299, 50.913392542816851 ], [ 6.711828887902209, 50.913405950003153 ], [ 6.711843101272856, 50.913406228683669 ], [ 6.711841337987295, 50.91344217050996 ], [ 6.711827124605717, 50.913441891829081 ], [ 6.711823157175396, 50.913522760936466 ], [ 6.711808943769452, 50.91352248225305 ], [ 6.711807180450283, 50.913558424077763 ], [ 6.711792967033637, 50.913558145392258 ], [ 6.711792085367232, 50.913576116304341 ], [ 6.711783297682878, 50.913575944001423 ], [ 6.711777227517862, 50.913588972820229 ], [ 6.711776108598896, 50.913611779440537 ], [ 6.711766687897319, 50.913611594724586 ], [ 6.711761325918237, 50.913623103495823 ], [ 6.711761013486259, 50.913629471662581 ], [ 6.711758383292929, 50.913629420090935 ], [ 6.711729515833221, 50.913691503717992 ], [ 6.711729500685296, 50.913691812466638 ], [ 6.711729373432177, 50.913691809971482 ], [ 6.711718104286234, 50.913716045842818 ], [ 6.711681810464442, 50.913793901451619 ], [ 6.711681129175965, 50.913807787291027 ], [ 6.711675389774047, 50.91380767475156 ], [ 6.71167369070231, 50.913811319502159 ], [ 6.711634101893231, 50.913896360025497 ], [ 6.711633639156028, 50.913905791181129 ], [ 6.711629746939114, 50.913905714860164 ], [ 6.71162905124629, 50.913907209270796 ], [ 6.71161819955268, 50.913930501371269 ], [ 6.711617662146111, 50.913941454290736 ], [ 6.711613137959915, 50.913941365577138 ], [ 6.7116048331897, 50.913959190929226 ], [ 6.711616780400162, 50.913959425199423 ], [ 6.711615457779541, 50.913986381562353 ], [ 6.711601244234446, 50.913986102851851 ], [ 6.711602125987217, 50.913968131943427 ], [ 6.711600680802136, 50.913968103604994 ], [ 6.711586395733605, 50.913998765017261 ], [ 6.711584826290036, 50.914030751409911 ], [ 6.711571624088133, 50.914030492527296 ], [ 6.711570492490311, 50.914032923284765 ], [ 6.71157017184841, 50.914039458149432 ], [ 6.711584385409449, 50.91403973686392 ], [ 6.711583503647598, 50.914057707771903 ], [ 6.711569290081094, 50.91405742905723 ], [ 6.711567967428427, 50.914084385418796 ], [ 6.711553753853952, 50.91408410670212 ], [ 6.711551990302968, 50.914120048516956 ], [ 6.711537776717789, 50.914119769798205 ], [ 6.711535572260312, 50.914164697065928 ], [ 6.711521358661696, 50.914164418345003 ], [ 6.711520476871659, 50.914182389251799 ], [ 6.711506263267803, 50.914182110528962 ], [ 6.711505381471397, 50.91420008143551 ], [ 6.711492747737022, 50.914199833691747 ], [ 6.711490980276054, 50.914203625670268 ], [ 6.711489404255849, 50.914235744523324 ], [ 6.71147614123079, 50.914235484437576 ], [ 6.711475077635335, 50.914237768703053 ], [ 6.711473427015049, 50.914271407608446 ], [ 6.711459545231754, 50.914271135387075 ], [ 6.711459173936347, 50.914271932810465 ], [ 6.711457449749, 50.914307070690832 ], [ 6.711443236107794, 50.914306791959852 ], [ 6.711441472457702, 50.914342733770532 ], [ 6.711427258805791, 50.914342455037463 ], [ 6.711425936057652, 50.914369411395022 ], [ 6.711413902655869, 50.914369175415729 ], [ 6.711411463117896, 50.914374416501154 ], [ 6.711408635958407, 50.914432030826418 ], [ 6.711394422279622, 50.914431752088994 ], [ 6.711393981356077, 50.914440737541192 ], [ 6.711380714096899, 50.91444047736195 ], [ 6.711379655123036, 50.914442752446206 ], [ 6.711379326748282, 50.914449444254039 ], [ 6.711393540432305, 50.914449722993361 ], [ 6.711392217659636, 50.914476679349811 ], [ 6.711364119778147, 50.914476128330712 ], [ 6.711363751089536, 50.914476920414749 ], [ 6.711362026553501, 50.91451206367654 ], [ 6.7113478128508, 50.91451178493314 ], [ 6.711346490048791, 50.914538741288432 ], [ 6.711335063010479, 50.914538517192653 ], [ 6.711331945042888, 50.914545213702951 ], [ 6.711330071649924, 50.914583389801052 ], [ 6.711315857925814, 50.914583111053489 ], [ 6.711314976043488, 50.914601081956413 ], [ 6.711306013977033, 50.914600906198977 ], [ 6.711300137957751, 50.914613526183913 ], [ 6.711298116645343, 50.914654715914757 ], [ 6.711283902899825, 50.914654437163009 ], [ 6.711283461951502, 50.914663422614176 ], [ 6.711276890255547, 50.914663293733284 ], [ 6.711268336951877, 50.914681712815387 ], [ 6.71126704344481, 50.914708071115712 ], [ 6.711256195677742, 50.914707858372942 ], [ 6.711252428313295, 50.914715971175958 ], [ 6.711251065861416, 50.914743734163402 ], [ 6.71123963998611, 50.914743510081436 ], [ 6.711236519650592, 50.914750229533865 ], [ 6.711236275279873, 50.914755209093329 ], [ 6.711256331625539, 50.914761825631572 ], [ 6.711264397726951, 50.914761983821279 ], [ 6.711264276440186, 50.914764455319514 ], [ 6.711278276392526, 50.914769091309545 ], [ 6.711278611505034, 50.91476226257582 ], [ 6.71130703906188, 50.914762820079702 ], [ 6.71130659811631, 50.914771805530847 ], [ 6.711320811897804, 50.91477208428028 ], [ 6.71132037095474, 50.914781069731497 ], [ 6.711334584739194, 50.914781348479302 ], [ 6.711334276230106, 50.914787635253219 ], [ 6.711342947184407, 50.914790506573716 ], [ 6.71137678516155, 50.914791170163859 ], [ 6.711378989821082, 50.914746242905963 ], [ 6.711393203595509, 50.914746521646485 ], [ 6.711394967308136, 50.914710579839507 ], [ 6.71138075354464, 50.91471030109934 ], [ 6.711381635405063, 50.914692330195926 ], [ 6.71141006292135, 50.914692887674192 ], [ 6.711411826617623, 50.914656945866462 ], [ 6.711426040365176, 50.914657224602635 ], [ 6.711426922206491, 50.914639253698496 ], [ 6.711441135948805, 50.914639532432773 ], [ 6.711442458700884, 50.914612576076173 ], [ 6.711414031232881, 50.914612018606427 ], [ 6.711414472155254, 50.914603033154364 ], [ 6.711457113349401, 50.914603869356128 ], [ 6.71145931791689, 50.914558942094267 ], [ 6.711430890481227, 50.914558384629039 ], [ 6.711431772317569, 50.914540413724538 ], [ 6.711417558605541, 50.914540134989501 ], [ 6.711418440446447, 50.914522164085099 ], [ 6.711432654153011, 50.914522442819944 ], [ 6.711433976904477, 50.914495486462968 ], [ 6.711448190603067, 50.914495765195824 ], [ 6.711449954257596, 50.914459823385904 ], [ 6.711464167945481, 50.914460102116685 ], [ 6.711464608855817, 50.914451116664068 ], [ 6.711478822541197, 50.914451395393023 ], [ 6.711479263448571, 50.914442409940321 ], [ 6.711493477131445, 50.914442688667449 ], [ 6.711494799844019, 50.914415732308946 ], [ 6.71150901351892, 50.914416011034092 ], [ 6.711510336221264, 50.914389054675169 ], [ 6.711496122554558, 50.9143887759503 ], [ 6.711497004360456, 50.914370805044442 ], [ 6.711468577038656, 50.914370247589865 ], [ 6.71146901794673, 50.914361262137085 ], [ 6.711483231604785, 50.914361540865158 ], [ 6.711483672509902, 50.914352555412279 ], [ 6.711497886165448, 50.914352834138519 ], [ 6.711499208871244, 50.914325877779525 ], [ 6.711513422518819, 50.914326156503776 ], [ 6.711515627010295, 50.914281229237993 ], [ 6.711529840644435, 50.914281507960069 ], [ 6.711530281539319, 50.914272522506778 ], [ 6.711516067907913, 50.914272243784787 ], [ 6.711517390599409, 50.914245287425068 ], [ 6.711531604222618, 50.914245566146782 ], [ 6.711532045116599, 50.914236580693427 ], [ 6.7115462587373, 50.914236859413329 ], [ 6.711548022300035, 50.914200917599359 ], [ 6.711562235910033, 50.914201196317187 ], [ 6.711563558571513, 50.914174239956274 ], [ 6.711577772173539, 50.914174518672098 ], [ 6.711578653941264, 50.914156547764556 ], [ 6.711592867538052, 50.914156826478482 ], [ 6.71159463105986, 50.914120884662843 ], [ 6.711608844645943, 50.914121163374681 ], [ 6.711609726400027, 50.914103192466598 ], [ 6.71162393998087, 50.914103471176524 ], [ 6.711624380854841, 50.914094485722352 ], [ 6.711638594433179, 50.914094764430466 ], [ 6.71164035791587, 50.914058822613299 ], [ 6.711654571483503, 50.914059101319332 ], [ 6.711655894084953, 50.91403214495601 ], [ 6.711641680525518, 50.914031866250248 ], [ 6.711643884870409, 50.913986938978177 ], [ 6.711629671324863, 50.913986660271128 ], [ 6.711630112195896, 50.913977674816749 ], [ 6.71164432573871, 50.913977953523705 ], [ 6.711644766606784, 50.913968968069227 ], [ 6.711658980147093, 50.913969246774364 ], [ 6.711660302741763, 50.913942290410546 ], [ 6.7116745162741, 50.913942569113694 ], [ 6.711675397997285, 50.913924598204225 ], [ 6.711689611524383, 50.913924876905462 ], [ 6.711691815814731, 50.913879949631038 ], [ 6.711706029328393, 50.913880228330108 ], [ 6.711707351891692, 50.913853271964996 ], [ 6.711693138386229, 50.913852993266197 ], [ 6.711694460955693, 50.913826036901199 ], [ 6.711708674452959, 50.913826315599728 ], [ 6.711709997012192, 50.913799359234318 ], [ 6.711724210501486, 50.913799637930858 ], [ 6.711725092201048, 50.913781667020316 ], [ 6.711739305685102, 50.913781945714945 ], [ 6.711739746531811, 50.913772960259571 ], [ 6.71175396001336, 50.913773238952388 ], [ 6.711754841700635, 50.913755268041406 ], [ 6.711769055176945, 50.913755546732304 ], [ 6.711771700216953, 50.9137016339984 ], [ 6.711785913677094, 50.913701912687038 ], [ 6.711787677021652, 50.913665970863754 ], [ 6.711801890471087, 50.91366624955031 ], [ 6.711802772136547, 50.913648278638384 ], [ 6.711816985580744, 50.913648557323029 ], [ 6.711817867239835, 50.913630586410861 ], [ 6.711803653801103, 50.913630307726386 ], [ 6.711804094633041, 50.913621322270366 ], [ 6.711818308069041, 50.913621600954755 ], [ 6.711819189726774, 50.913603630042495 ], [ 6.711833403157535, 50.913603908724973 ], [ 6.711834725634245, 50.913576952356181 ], [ 6.711848939057035, 50.913577231036669 ], [ 6.711850702345221, 50.913541289211018 ], [ 6.711864915757308, 50.913541567889418 ], [ 6.711866238212878, 50.913514611519744 ], [ 6.711880451616993, 50.913514890196154 ], [ 6.711880892432331, 50.91350590473948 ], [ 6.711866679030949, 50.913505626063163 ], [ 6.711870205567391, 50.913433742409822 ], [ 6.711884418946913, 50.913434021085429 ], [ 6.711886182198782, 50.913398079258016 ], [ 6.711871968830189, 50.913397800582757 ], [ 6.711872409645324, 50.913388815125948 ], [ 6.711886623011184, 50.913389093801115 ], [ 6.711887063823361, 50.913380108344207 ], [ 6.711901277186714, 50.913380387017547 ], [ 6.711903040422232, 50.91334444518936 ], [ 6.711917253774882, 50.913344723860625 ], [ 6.711918135385821, 50.913326752946254 ], [ 6.711932348733231, 50.913327031615616 ], [ 6.711932789535629, 50.913318046158324 ], [ 6.711947002880533, 50.913318324825859 ], [ 6.711948325278175, 50.913291368453599 ], [ 6.711976751952267, 50.913291925782964 ], [ 6.711975870364996, 50.913309896698181 ], [ 6.712004297050921, 50.913310454020973 ], [ 6.712005178627263, 50.913292483105408 ], [ 6.7120193919651, 50.913292761764041 ], [ 6.712020714319721, 50.91326580539031 ], [ 6.712034927649587, 50.913266084046938 ], [ 6.71203580921274, 50.913248113130848 ], [ 6.71202159588834, 50.91324783447439 ], [ 6.712022036672309, 50.913238849016416 ], [ 6.711993610029651, 50.913238291698491 ], [ 6.71199405081886, 50.913229306240673 ], [ 6.712008264137344, 50.913229584900414 ], [ 6.712008704923595, 50.913220599442482 ], [ 6.712022918239573, 50.913220878100411 ], [ 6.712023359022866, 50.91321189264238 ], [ 6.71200914570962, 50.913211613984544 ], [ 6.712010908851461, 50.913175672152619 ], [ 6.712039335456319, 50.91317622946584 ], [ 6.712039776235748, 50.913167244007639 ], [ 6.712053989535783, 50.913167522661574 ], [ 6.712052667205011, 50.913194479036385 ], [ 6.712066880513469, 50.913194757688849 ], [ 6.712067321287887, 50.913185772230506 ], [ 6.712095747900015, 50.913186329530078 ], [ 6.712096629437244, 50.913168358612978 ], [ 6.712110842738182, 50.913168637259986 ], [ 6.712112165034133, 50.913141680883953 ], [ 6.712126378327101, 50.913141959528964 ], [ 6.712128141374277, 50.913106017693678 ], [ 6.712142354656542, 50.913106296336608 ], [ 6.712143114041774, 50.913090815237169 ], [ 6.712030376034779, 50.913068848789685 ] ], [ [ 6.711367421647259, 50.91469205145421 ], [ 6.711367862579864, 50.914683066002567 ], [ 6.711382076334935, 50.914683344744198 ], [ 6.711381635405063, 50.914692330195926 ], [ 6.711367421647259, 50.91469205145421 ] ], [ [ 6.71132742601663, 50.914637302510151 ], [ 6.711313212276125, 50.914637023762054 ], [ 6.711314094160259, 50.914619052859265 ], [ 6.711328307895299, 50.914619331607192 ], [ 6.71132742601663, 50.914637302510151 ] ], [ [ 6.711402463046466, 50.914557827156898 ], [ 6.711416676763732, 50.914558105893832 ], [ 6.711416235842489, 50.914567091345972 ], [ 6.711430449562715, 50.914567370081272 ], [ 6.711430008643978, 50.914576355533484 ], [ 6.711387367475781, 50.914575519322142 ], [ 6.711387808402716, 50.9145665338702 ], [ 6.711402022122489, 50.914566812608946 ], [ 6.711402463046466, 50.914557827156898 ] ], [ [ 6.71190965252323, 50.913209663331322 ], [ 6.711895439211792, 50.913209384659659 ], [ 6.71189588001945, 50.913200399202424 ], [ 6.711910093328155, 50.913200677873988 ], [ 6.71190965252323, 50.913209663331322 ] ], [ [ 6.71188166671097, 50.913200120529119 ], [ 6.711882548331074, 50.913182149614748 ], [ 6.711896761634089, 50.913182428287875 ], [ 6.71189588001945, 50.913200399202424 ], [ 6.71188166671097, 50.913200120529119 ] ] ] ] } },
{ "type": "Feature", "properties": { "DN": 1, "gml_id": "DENW41AL30005Yr5FL", "identifier": "urn:adv:oid:DENW41AL30005Yr5FL", "aktualit_2": "2024-08-20Z", "idflurst": "DENW41AL30005Yr5", "flaeche": 1692.0, "flstkennz_": "05468200800264______", "flstnrzae": "264", "flstnrnen": null, "gemarkung": "Horrem", "gemaschl": "054682", "flur": "8", "flurschl": "054682008", "land": "Nordrhein-Westfalen", "landschl": "05", "regbezirk": "Kï¿½ln", "regbezschl": "053", "kreis": "Rhein-Erft-Kreis", "kreisschl": "05362", "gemeinde": "Kerpen", "gmdschl": "05362032", "abwrecht": "Kein abweichender Rechtszustand", "lagebeztxt": "Hauptstraï¿½e 191", "tntxt": "Flï¿½che gemischter Nutzung(funktion:Gebï¿½ude- und Freiflï¿½che Mischnutzung mit Wohnen);1692", "area": 1693, "s area": 77.4, "layer": "swale suitability new", "path": "C:\\Users\\kanis\\Desktop\\Thesis\\Data\\Analysis\\Horrem\\S\\swale suitability new.shp", "final area": 51.8 }, "geometry": { "type": "MultiPolygon", "coordinates": [ [ [ [ 6.711406315636284, 50.912614572588666 ], [ 6.711346208930713, 50.912721927561407 ], [ 6.71136448838431, 50.912722286042516 ], [ 6.711364929286555, 50.912713300587853 ], [ 6.711421781908228, 50.912714415514685 ], [ 6.711422222799319, 50.912705430059646 ], [ 6.711450649106047, 50.912705987512517 ], [ 6.711452412646292, 50.912670045691478 ], [ 6.711466625789066, 50.912670324414954 ], [ 6.711467066670829, 50.912661338959573 ], [ 6.711438640390972, 50.91266078151105 ], [ 6.711439081277975, 50.912651796055819 ], [ 6.711453294415057, 50.912652074780858 ], [ 6.711453735299103, 50.912643089325506 ], [ 6.711425309030628, 50.912642531873892 ], [ 6.71142574991991, 50.912633546418718 ], [ 6.711439963051303, 50.912633825145306 ], [ 6.711440403937628, 50.912624839690025 ], [ 6.71145408985121, 50.912625108075943 ], [ 6.711406315636284, 50.912614572588666 ] ] ] ] } },
{ "type": "Feature", "properties": { "DN": 1, "gml_id": "DENW41AL30005QxvFL", "identifier": "urn:adv:oid:DENW41AL30005QxvFL", "aktualit_2": "2024-08-20Z", "idflurst": "DENW41AL30005Qxv", "flaeche": 426.0, "flstkennz_": "05468200800262______", "flstnrzae": "262", "flstnrnen": null, "gemarkung": "Horrem", "gemaschl": "054682", "flur": "8", "flurschl": "054682008", "land": "Nordrhein-Westfalen", "landschl": "05", "regbezirk": "Kï¿½ln", "regbezschl": "053", "kreis": "Rhein-Erft-Kreis", "kreisschl": "05362", "gemeinde": "Kerpen", "gmdschl": "05362032", "abwrecht": "Kein abweichender Rechtszustand", "lagebeztxt": "Hauptstraï¿½e 193", "tntxt": "Flï¿½che gemischter Nutzung(funktion:Gebï¿½ude- und Freiflï¿½che Mischnutzung mit Wohnen);426", "area": 425, "s area": 114.8, "layer": "swale suitability new", "path": "C:\\Users\\kanis\\Desktop\\Thesis\\Data\\Analysis\\Horrem\\S\\swale suitability new.shp", "final area": 86.2 }, "geometry": { "type": "MultiPolygon", "coordinates": [ [ [ [ 6.711845321239965, 50.912578672334362 ], [ 6.711657994825297, 50.912539461568791 ], [ 6.711657568492537, 50.912548151269789 ], [ 6.711643355385078, 50.912547872570023 ], [ 6.711642914539039, 50.91255685802669 ], [ 6.711628701429075, 50.912556579325113 ], [ 6.711627819730854, 50.912574550238233 ], [ 6.711599393500673, 50.912573992829515 ], [ 6.71159851179062, 50.912591963742209 ], [ 6.711584298670403, 50.912591685035089 ], [ 6.711583857812305, 50.912600670491322 ], [ 6.711626497181828, 50.912601506607785 ], [ 6.711627378881404, 50.912583535694765 ], [ 6.711655805117954, 50.912584093096733 ], [ 6.711655364273743, 50.912593078553421 ], [ 6.711712216760482, 50.912594193336972 ], [ 6.711711775926974, 50.912603178794008 ], [ 6.711740202177165, 50.912603736175583 ], [ 6.711739761348896, 50.912612721632769 ], [ 6.711782400734072, 50.912613557692438 ], [ 6.711781959913774, 50.91262254314988 ], [ 6.71179617304535, 50.912622821833068 ], [ 6.711795732227559, 50.912631807290573 ], [ 6.711809945362092, 50.912632085972128 ], [ 6.711809504546808, 50.912641071429711 ], [ 6.711812186581446, 50.91264112401705 ], [ 6.711845321239965, 50.912578672334362 ] ] ] ] } },
{ "type": "Feature", "properties": { "DN": 1, "gml_id": "DENW41AL4000BXFLFL", "identifier": "urn:adv:oid:DENW41AL4000BXFLFL", "aktualit_2": "2024-08-20Z", "idflurst": "DENW41AL4000BXFL", "flaeche": 2307.0, "flstkennz_": "05468200800864______", "flstnrzae": "864", "flstnrnen": null, "gemarkung": "Horrem", "gemaschl": "054682", "flur": "8", "flurschl": "054682008", "land": "Nordrhein-Westfalen", "landschl": "05", "regbezirk": "Kï¿½ln", "regbezschl": "053", "kreis": "Rhein-Erft-Kreis", "kreisschl": "05362", "gemeinde": "Kerpen", "gmdschl": "05362032", "abwrecht": "Kein abweichender Rechtszustand", "lagebeztxt": "Mittelstraï¿½e 28, 30, 32, 34", "tntxt": "Wohnbauflï¿½che;2307", "area": 2308, "s area": 1026.1, "layer": "swale suitability new", "path": "C:\\Users\\kanis\\Desktop\\Thesis\\Data\\Analysis\\Horrem\\S\\swale suitability new.shp", "final area": 957.6 }, "geometry": { "type": "MultiPolygon", "coordinates": [ [ [ [ 6.712290214078448, 50.912443971441419 ], [ 6.712265519667628, 50.91244040300743 ], [ 6.712212565694717, 50.912529134010377 ], [ 6.712182414317269, 50.912579650466583 ], [ 6.712182131399998, 50.912585418325691 ], [ 6.712179008237977, 50.912585357098934 ], [ 6.712166913664768, 50.91260562064371 ], [ 6.712166155292143, 50.91262108152916 ], [ 6.712157783574606, 50.912620917407942 ], [ 6.712151412994601, 50.912631590818471 ], [ 6.712151060658684, 50.9126387738105 ], [ 6.7121471712305, 50.912638697560766 ], [ 6.712135912306769, 50.912657560990823 ], [ 6.712135525260725, 50.91266545154928 ], [ 6.712131252698816, 50.912665367787909 ], [ 6.712120411601271, 50.912683531160781 ], [ 6.712119989844566, 50.912692129285659 ], [ 6.712115334148501, 50.91269203801253 ], [ 6.712104910878109, 50.912709501328358 ], [ 6.712104454410206, 50.912718807019615 ], [ 6.712099415579556, 50.912718708234621 ], [ 6.712089410137281, 50.912735471493541 ], [ 6.712088918957645, 50.91274548475117 ], [ 6.712083496991981, 50.912745378454204 ], [ 6.7120811934655, 50.912749237811205 ], [ 6.712073839733796, 50.912762861438402 ], [ 6.712073383486882, 50.912772162480302 ], [ 6.712068867029773, 50.912772073935159 ], [ 6.712042541744696, 50.912820844437441 ], [ 6.712041871717173, 50.912834503390116 ], [ 6.712035239110048, 50.912834373356027 ], [ 6.712026892720186, 50.912849835933237 ], [ 6.712025013856075, 50.912888137487592 ], [ 6.712039227070955, 50.912888416142238 ], [ 6.712038786295794, 50.912897401600858 ], [ 6.712024573078182, 50.912897122946134 ], [ 6.712023691521719, 50.912915093863162 ], [ 6.712009478298867, 50.912914815206541 ], [ 6.712009037517565, 50.912923800664935 ], [ 6.711994824292208, 50.912923522006487 ], [ 6.71199394272346, 50.912941492923061 ], [ 6.711979729492864, 50.912941214262702 ], [ 6.711978847917748, 50.912959185179041 ], [ 6.71196798299392, 50.912958972163359 ], [ 6.711964296422427, 50.912965801891566 ], [ 6.711963753100427, 50.912976877432861 ], [ 6.711958374947214, 50.912976771989243 ], [ 6.711948647298057, 50.912994793374935 ], [ 6.711947335888027, 50.913021526058181 ], [ 6.711934354797514, 50.913021271549816 ], [ 6.711934038968329, 50.913021856652136 ], [ 6.712158577503088, 50.913065607000732 ], [ 6.712160534732781, 50.913025705845804 ], [ 6.712174747990904, 50.913025984484491 ], [ 6.712176510993547, 50.912990042647252 ], [ 6.712190724240966, 50.912990321283843 ], [ 6.712192927975524, 50.912945393986476 ], [ 6.712207141209508, 50.912945672620907 ], [ 6.712208463439336, 50.912918716242025 ], [ 6.712222676665348, 50.91291899487446 ], [ 6.712223558145307, 50.912901023954937 ], [ 6.712237771366081, 50.912901302585446 ], [ 6.71223997504836, 50.912856375285934 ], [ 6.712254188255699, 50.912856653914275 ], [ 6.712255951186528, 50.912820712074009 ], [ 6.712270164383161, 50.912820990700268 ], [ 6.712271486570714, 50.912794034319617 ], [ 6.712285699759379, 50.912794312943873 ], [ 6.712287021936701, 50.912767356562824 ], [ 6.712301235117394, 50.912767635185098 ], [ 6.712302557284487, 50.912740678803615 ], [ 6.712316770457209, 50.912740957423892 ], [ 6.712318092614073, 50.912714001041998 ], [ 6.712346518943798, 50.912714558276839 ], [ 6.712346959656838, 50.912705572815987 ], [ 6.712332746494594, 50.912705294199526 ], [ 6.712334068640549, 50.912678337817169 ], [ 6.712348281794596, 50.912678616433368 ], [ 6.71235004464178, 50.91264267458962 ], [ 6.712364257785124, 50.912642953203736 ], [ 6.712367342739873, 50.912580054975948 ], [ 6.712381555864316, 50.912580333587712 ], [ 6.712383318679704, 50.912544391742529 ], [ 6.712369105566189, 50.912544113131126 ], [ 6.712369546272203, 50.912535127669877 ], [ 6.712383759382985, 50.912535406281201 ], [ 6.712384200086042, 50.912526420819844 ], [ 6.712441052520498, 50.912527535247484 ], [ 6.71244281528675, 50.912491593400475 ], [ 6.712457028385, 50.912491872002697 ], [ 6.712457909761304, 50.912473901078926 ], [ 6.71244369666852, 50.912473622476867 ], [ 6.712444055354742, 50.912466309042919 ], [ 6.712290214078448, 50.912443971441419 ] ], [ [ 6.712175960978989, 50.912711214764101 ], [ 6.712161747816723, 50.9127109361268 ], [ 6.71216086631893, 50.912728907046116 ], [ 6.712146653151425, 50.912728628406924 ], [ 6.712146212399457, 50.912737613866462 ], [ 6.712131999229445, 50.912737335225444 ], [ 6.712133762246893, 50.912701393387493 ], [ 6.712176401724816, 50.912702229304323 ], [ 6.712175960978989, 50.912711214764101 ] ], [ [ 6.71223325436521, 50.912703343835872 ], [ 6.712219041204772, 50.912703065205569 ], [ 6.712219481942175, 50.912694079745521 ], [ 6.71223369509988, 50.912694358375724 ], [ 6.71223325436521, 50.912703343835872 ] ], [ [ 6.712276775300597, 50.912686208795542 ], [ 6.712262562144947, 50.912685930170603 ], [ 6.712263002873701, 50.912676944710249 ], [ 6.712277216026619, 50.912677223335088 ], [ 6.712276775300597, 50.912686208795542 ] ], [ [ 6.712310490244358, 50.912578940511601 ], [ 6.712296277121043, 50.912578661891189 ], [ 6.712296717841623, 50.912569676430451 ], [ 6.712310930962205, 50.912569955050778 ], [ 6.712311371679826, 50.912560969589947 ], [ 6.712325584797902, 50.912561248208434 ], [ 6.712326466227002, 50.912543277286517 ], [ 6.7123548924529, 50.912543834517983 ], [ 6.71235401103473, 50.912561805440255 ], [ 6.712339797916202, 50.912561526825215 ], [ 6.712338916491664, 50.912579497747238 ], [ 6.712324703367898, 50.912579219130286 ], [ 6.712323821936991, 50.912597190052054 ], [ 6.712295395679208, 50.912596632812615 ], [ 6.712295836400238, 50.912587647351913 ], [ 6.712310049526285, 50.91258792597241 ], [ 6.712310490244358, 50.912578940511601 ] ], [ [ 6.712373071912189, 50.912463243979296 ], [ 6.712387285001112, 50.912463522589903 ], [ 6.712386844299638, 50.912472508051373 ], [ 6.71240105739152, 50.912472786660338 ], [ 6.71240061669255, 50.912481772121886 ], [ 6.712386403597936, 50.912481493512828 ], [ 6.712385962896009, 50.912490478974256 ], [ 6.712357536701994, 50.912489921750776 ], [ 6.712358418116552, 50.912471950828241 ], [ 6.712372631207982, 50.912472229440667 ], [ 6.712373071912189, 50.912463243979296 ] ] ] ] } },
{ "type": "Feature", "properties": { "DN": 1, "gml_id": "DENW41AL30005Yr5FL", "identifier": "urn:adv:oid:DENW41AL30005Yr5FL", "aktualit_2": "2024-08-20Z", "idflurst": "DENW41AL30005Yr5", "flaeche": 1692.0, "flstkennz_": "05468200800264______", "flstnrzae": "264", "flstnrnen": null, "gemarkung": "Horrem", "gemaschl": "054682", "flur": "8", "flurschl": "054682008", "land": "Nordrhein-Westfalen", "landschl": "05", "regbezirk": "Kï¿½ln", "regbezschl": "053", "kreis": "Rhein-Erft-Kreis", "kreisschl": "05362", "gemeinde": "Kerpen", "gmdschl": "05362032", "abwrecht": "Kein abweichender Rechtszustand", "lagebeztxt": "Hauptstraï¿½e 191", "tntxt": "Flï¿½che gemischter Nutzung(funktion:Gebï¿½ude- und Freiflï¿½che Mischnutzung mit Wohnen);1692", "area": 1693, "s area": 29.0, "layer": "swale suitability new", "path": "C:\\Users\\kanis\\Desktop\\Thesis\\Data\\Analysis\\Horrem\\S\\swale suitability new.shp", "final area": 3.3 }, "geometry": { "type": "MultiPolygon", "coordinates": [ [ [ [ 6.711306056566873, 50.912793092927373 ], [ 6.711318321620554, 50.912793333463604 ], [ 6.711319203444829, 50.912775362555038 ], [ 6.711333416618356, 50.912775641295148 ], [ 6.711334739344878, 50.912748684931927 ], [ 6.711331186440265, 50.912748615254714 ], [ 6.711306056566873, 50.912793092927373 ] ] ] ] } },
{ "type": "Feature", "properties": { "DN": 1, "gml_id": "DENW41AL30005Yr5FL", "identifier": "urn:adv:oid:DENW41AL30005Yr5FL", "aktualit_2": "2024-08-20Z", "idflurst": "DENW41AL30005Yr5", "flaeche": 1692.0, "flstkennz_": "05468200800264______", "flstnrzae": "264", "flstnrnen": null, "gemarkung": "Horrem", "gemaschl": "054682", "flur": "8", "flurschl": "054682008", "land": "Nordrhein-Westfalen", "landschl": "05", "regbezirk": "Kï¿½ln", "regbezschl": "053", "kreis": "Rhein-Erft-Kreis", "kreisschl": "05362", "gemeinde": "Kerpen", "gmdschl": "05362032", "abwrecht": "Kein abweichender Rechtszustand", "lagebeztxt": "Hauptstraï¿½e 191", "tntxt": "Flï¿½che gemischter Nutzung(funktion:Gebï¿½ude- und Freiflï¿½che Mischnutzung mit Wohnen);1692", "area": 1693, "s area": 29.0, "layer": "swale suitability new", "path": "C:\\Users\\kanis\\Desktop\\Thesis\\Data\\Analysis\\Horrem\\S\\swale suitability new.shp", "final area": 8.0 }, "geometry": { "type": "MultiPolygon", "coordinates": [ [ [ [ 6.711270874661577, 50.912855361658451 ], [ 6.711301022030581, 50.912855952900387 ], [ 6.711302344779597, 50.912828996538146 ], [ 6.711316557969292, 50.912829275280515 ], [ 6.711316998882447, 50.912820289826307 ], [ 6.711302785695483, 50.912820011084023 ], [ 6.711303921103576, 50.912796872505886 ], [ 6.711270874661577, 50.912855361658451 ] ] ] ] } },
{ "type": "Feature", "properties": { "DN": 1, "gml_id": "DENW41AL30005ZhrFL", "identifier": "urn:adv:oid:DENW41AL30005ZhrFL", "aktualit_2": "2024-08-20Z", "idflurst": "DENW41AL30005Zhr", "flaeche": 511.0, "flstkennz_": "054682021000080001__", "flstnrzae": "8", "flstnrnen": "1", "gemarkung": "Horrem", "gemaschl": "054682", "flur": "21", "flurschl": "054682021", "land": "Nordrhein-Westfalen", "landschl": "05", "regbezirk": "Kï¿½ln", "regbezschl": "053", "kreis": "Rhein-Erft-Kreis", "kreisschl": "05362", "gemeinde": "Kerpen", "gmdschl": "05362032", "abwrecht": "Kein abweichender Rechtszustand", "lagebeztxt": "Am Kalkofen 15", "tntxt": "Wohnbauflï¿½che;511", "area": 508, "s area": 236.8, "layer": "swale suitability new", "path": "C:\\Users\\kanis\\Desktop\\Thesis\\Data\\Analysis\\Horrem\\S\\swale suitability new.shp", "final area": 173.6 }, "geometry": { "type": "MultiPolygon", "coordinates": [ [ [ [ 6.706976699540834, 50.913089560487045 ], [ 6.706930343892498, 50.913138913334883 ], [ 6.706962108523727, 50.913139537475303 ], [ 6.706960341495583, 50.913175479180644 ], [ 6.70694612824372, 50.913175199906647 ], [ 6.706944802962038, 50.913202156185207 ], [ 6.7069590162221, 50.913202435459468 ], [ 6.706959457980154, 50.913193450033198 ], [ 6.706973671237709, 50.913193729305647 ], [ 6.706972345971064, 50.913220685584641 ], [ 6.706986559237042, 50.913220964855626 ], [ 6.706986117483773, 50.913229950282009 ], [ 6.707014544021874, 50.913230508818955 ], [ 6.707014102273844, 50.913239494245509 ], [ 6.707016200229257, 50.913239535466786 ], [ 6.707062728304384, 50.913189574499768 ], [ 6.707152787260771, 50.913092867614445 ], [ 6.707155780094195, 50.913089657007617 ], [ 6.707149603409567, 50.913087782335126 ], [ 6.707149530998777, 50.913089255309821 ], [ 6.707135317771294, 50.913088976059186 ], [ 6.707135585767141, 50.91308352454157 ], [ 6.707123152845742, 50.913079742944454 ], [ 6.707121546269092, 50.913079711379375 ], [ 6.707121568408729, 50.91307926102197 ], [ 6.707024245568429, 50.913049659240372 ], [ 6.707016423857242, 50.913047278365497 ], [ 6.706976699540834, 50.913089560487045 ] ] ] ] } },
{ "type": "Feature", "properties": { "DN": 1, "gml_id": "DENW41AL30005ZOeFL", "identifier": "urn:adv:oid:DENW41AL30005ZOeFL", "aktualit_2": "2024-08-20Z", "idflurst": "DENW41AL30005ZOe", "flaeche": 263.0, "flstkennz_": "054682021000930007__", "flstnrzae": "93", "flstnrnen": "7", "gemarkung": "Horrem", "gemaschl": "054682", "flur": "21", "flurschl": "054682021", "land": "Nordrhein-Westfalen", "landschl": "05", "regbezirk": "Kï¿½ln", "regbezschl": "053", "kreis": "Rhein-Erft-Kreis", "kreisschl": "05362", "gemeinde": "Kerpen", "gmdschl": "05362032", "abwrecht": "Kein abweichender Rechtszustand", "lagebeztxt": "Wiesenstraï¿½e 18", "tntxt": "Wohnbauflï¿½che;263", "area": 262, "s area": 72.0, "layer": "swale suitability new", "path": "C:\\Users\\kanis\\Desktop\\Thesis\\Data\\Analysis\\Horrem\\S\\swale suitability new.shp", "final area": 41.6 }, "geometry": { "type": "MultiPolygon", "coordinates": [ [ [ [ 6.706751067708328, 50.912991348592293 ], [ 6.7068304826828, 50.913020370977272 ], [ 6.706914979237645, 50.912940642430499 ], [ 6.706915857916444, 50.912922770141272 ], [ 6.706873218393764, 50.912921932300833 ], [ 6.706871893081917, 50.912948888579201 ], [ 6.706857679899946, 50.91294860929532 ], [ 6.70685679635212, 50.912966580147305 ], [ 6.70684258316491, 50.91296630086152 ], [ 6.706842141387924, 50.912975286287399 ], [ 6.706827928198209, 50.912975006999801 ], [ 6.706827486418265, 50.912983992425573 ], [ 6.70679906003405, 50.912983433845007 ], [ 6.706799501819459, 50.912974448419405 ], [ 6.706769941126406, 50.91297386754232 ], [ 6.706751067708328, 50.912991348592293 ] ] ] ] } },
{ "type": "Feature", "properties": { "DN": 1, "gml_id": "DENW41AL30005XD7FL", "identifier": "urn:adv:oid:DENW41AL30005XD7FL", "aktualit_2": "2024-08-20Z", "idflurst": "DENW41AL30005XD7", "flaeche": 271.0, "flstkennz_": "054682021000890007__", "flstnrzae": "89", "flstnrnen": "7", "gemarkung": "Horrem", "gemaschl": "054682", "flur": "21", "flurschl": "054682021", "land": "Nordrhein-Westfalen", "landschl": "05", "regbezirk": "Kï¿½ln", "regbezschl": "053", "kreis": "Rhein-Erft-Kreis", "kreisschl": "05362", "gemeinde": "Kerpen", "gmdschl": "05362032", "abwrecht": "Kein abweichender Rechtszustand", "lagebeztxt": "Am Kalkofen 21", "tntxt": "Wohnbauflï¿½che;271", "area": 271, "s area": 87.0, "layer": "swale suitability new", "path": "C:\\Users\\kanis\\Desktop\\Thesis\\Data\\Analysis\\Horrem\\S\\swale suitability new.shp", "final area": 60.3 }, "geometry": { "type": "MultiPolygon", "coordinates": [ [ [ [ 6.706638888994866, 50.913058171456804 ], [ 6.706639180405187, 50.913052244924607 ], [ 6.706644208273799, 50.913052343729937 ], [ 6.70669136413138, 50.913000680362536 ], [ 6.706687389414782, 50.912999227655696 ], [ 6.706684470891031, 50.912999170303308 ], [ 6.706684519643053, 50.912998178791582 ], [ 6.70661317416131, 50.912972102911745 ], [ 6.706557969210232, 50.913032660755846 ], [ 6.706583211218186, 50.913033156815537 ], [ 6.70658188573357, 50.913060113087909 ], [ 6.706567672520608, 50.913059833768308 ], [ 6.706567230689217, 50.913068819192304 ], [ 6.706525749985352, 50.91306800399898 ], [ 6.706524523781129, 50.913069349096304 ], [ 6.706524149203677, 50.91307696664655 ], [ 6.7065525756394, 50.913077525294774 ], [ 6.706552133804824, 50.913086510718649 ], [ 6.706580560246917, 50.913087069360138 ], [ 6.706581002076027, 50.913078083936078 ], [ 6.706595215294681, 50.913078363254144 ], [ 6.706596098946759, 50.913060392405804 ], [ 6.706610312160175, 50.913060671721958 ], [ 6.706610753983141, 50.913051686297656 ], [ 6.706624967194051, 50.913051965611992 ], [ 6.706624525373816, 50.913060951036371 ], [ 6.706636143526887, 50.913061179352049 ], [ 6.706638888994866, 50.913058171456804 ] ] ] ] } },
{ "type": "Feature", "properties": { "DN": 1, "gml_id": "DENW41AL30005ZQTFL", "identifier": "urn:adv:oid:DENW41AL30005ZQTFL", "aktualit_2": "2024-08-20Z", "idflurst": "DENW41AL30005ZQT", "flaeche": 5590.0, "flstkennz_": "05468202000426______", "flstnrzae": "426", "flstnrnen": null, "gemarkung": "Horrem", "gemaschl": "054682", "flur": "20", "flurschl": "054682020", "land": "Nordrhein-Westfalen", "landschl": "05", "regbezirk": "Kï¿½ln", "regbezschl": "053", "kreis": "Rhein-Erft-Kreis", "kreisschl": "05362", "gemeinde": "Kerpen", "gmdschl": "05362032", "abwrecht": "Kein abweichender Rechtszustand", "lagebeztxt": "Herderstraï¿½e 21, 22, 23, 24, 25, 26, 27, 28, 30, 32", "tntxt": "Wohnbauflï¿½che;5590", "area": 5588, "s area": 191.0, "layer": "swale suitability new", "path": "C:\\Users\\kanis\\Desktop\\Thesis\\Data\\Analysis\\Horrem\\S\\swale suitability new.shp", "final area": 191.0 }, "geometry": { "type": "MultiPolygon", "coordinates": [ [ [ [ 6.708630097362892, 50.91075288503383 ], [ 6.708631421555583, 50.910725928712132 ], [ 6.70864563407826, 50.910726207771411 ], [ 6.708648723834163, 50.910663309686242 ], [ 6.708662936337944, 50.910663588743162 ], [ 6.708663819117844, 50.910645617861363 ], [ 6.708649606619528, 50.910645338804613 ], [ 6.70865093079588, 50.910618382482042 ], [ 6.708537230883061, 50.910616149967957 ], [ 6.708537672296581, 50.910607164527789 ], [ 6.708409759936552, 50.91060465281798 ], [ 6.708409318498444, 50.910613638257352 ], [ 6.708451955957947, 50.910614475509789 ], [ 6.708451514527808, 50.910623460949424 ], [ 6.708465727017495, 50.910623740030196 ], [ 6.708464844162003, 50.910641710909573 ], [ 6.70849326915298, 50.910642269066287 ], [ 6.708492827730359, 50.910651254506135 ], [ 6.708478615232025, 50.910650975428545 ], [ 6.708478173806445, 50.910659960868287 ], [ 6.708463961305607, 50.910659681788893 ], [ 6.708463519877069, 50.910668667228521 ], [ 6.708477732380639, 50.910668946308014 ], [ 6.708477290954609, 50.910677931747713 ], [ 6.708491503461138, 50.910678210825559 ], [ 6.708491062037612, 50.910687196265336 ], [ 6.708448424510506, 50.910686359026343 ], [ 6.708447983078558, 50.910695344465843 ], [ 6.708462195590099, 50.910695623547326 ], [ 6.708461312730988, 50.910713594426433 ], [ 6.708475525248219, 50.910713873506367 ], [ 6.708475083821056, 50.910722858946002 ], [ 6.708489296341245, 50.910723138024288 ], [ 6.708489737765676, 50.910714152584575 ], [ 6.70850395028336, 50.910714431661049 ], [ 6.708503508861661, 50.910723417100854 ], [ 6.708517721382303, 50.910723696175687 ], [ 6.70851727996311, 50.910732681615556 ], [ 6.708460429870971, 50.91073156530549 ], [ 6.708459988440625, 50.910740550744997 ], [ 6.708474200966052, 50.910740829825194 ], [ 6.70847375953821, 50.910749815264765 ], [ 6.708630097362892, 50.91075288503383 ] ], [ [ 6.708466168444901, 50.910614754590469 ], [ 6.70848038093208, 50.910615033669423 ], [ 6.708479939507406, 50.910624019109228 ], [ 6.708465727017495, 50.910623740030196 ], [ 6.708466168444901, 50.910614754590469 ] ] ] ] } },
{ "type": "Feature", "properties": { "DN": 1, "gml_id": "DENW41AL30005ZQTFL", "identifier": "urn:adv:oid:DENW41AL30005ZQTFL", "aktualit_2": "2024-08-20Z", "idflurst": "DENW41AL30005ZQT", "flaeche": 5590.0, "flstkennz_": "05468202000426______", "flstnrzae": "426", "flstnrnen": null, "gemarkung": "Horrem", "gemaschl": "054682", "flur": "20", "flurschl": "054682020", "land": "Nordrhein-Westfalen", "landschl": "05", "regbezirk": "Kï¿½ln", "regbezschl": "053", "kreis": "Rhein-Erft-Kreis", "kreisschl": "05362", "gemeinde": "Kerpen", "gmdschl": "05362032", "abwrecht": "Kein abweichender Rechtszustand", "lagebeztxt": "Herderstraï¿½e 21, 22, 23, 24, 25, 26, 27, 28, 30, 32", "tntxt": "Wohnbauflï¿½che;5590", "area": 5588, "s area": 400.8, "layer": "swale suitability new", "path": "C:\\Users\\kanis\\Desktop\\Thesis\\Data\\Analysis\\Horrem\\S\\swale suitability new.shp", "final area": 365.1 }, "geometry": { "type": "MultiPolygon", "coordinates": [ [ [ [ 6.707738648143554, 50.910876853743446 ], [ 6.707728443655554, 50.910933693909413 ], [ 6.707726661661636, 50.910937761832088 ], [ 6.707722977667366, 50.910941282145416 ], [ 6.707717752649618, 50.910943909910486 ], [ 6.707711498583154, 50.910945387644936 ], [ 6.707704828274615, 50.910945570552499 ], [ 6.707704812902976, 50.910945569441637 ], [ 6.707689687748583, 50.911028755018243 ], [ 6.707691828702106, 50.911028871386925 ], [ 6.707692152810083, 50.91102227635907 ], [ 6.707706365413675, 50.911022555533833 ], [ 6.707706806993553, 50.911013570099506 ], [ 6.707721019594639, 50.911013849272457 ], [ 6.707720578017494, 50.911022834706863 ], [ 6.707749003225809, 50.911023393047756 ], [ 6.707748582408875, 50.911031956144733 ], [ 6.70776076146787, 50.91103261811454 ], [ 6.707833837300669, 50.911034053464022 ], [ 6.707833712984772, 50.911036583229844 ], [ 6.707890466712533, 50.911039667918885 ], [ 6.707890687736374, 50.911035170083913 ], [ 6.707904900345866, 50.911035449234561 ], [ 6.707904655145786, 50.911040439086847 ], [ 6.708019876866215, 50.91104670153873 ], [ 6.708046584938468, 50.911047226082381 ], [ 6.708047909482075, 50.911020269773047 ], [ 6.70801948426972, 50.911019711504956 ], [ 6.708019925789267, 50.91101072606866 ], [ 6.708005713186161, 50.911010446932096 ], [ 6.708006154708214, 50.911001461495871 ], [ 6.708020367308587, 50.911001740632337 ], [ 6.708020808827683, 50.910992755195998 ], [ 6.708049234023646, 50.910993313463557 ], [ 6.708050558563181, 50.910966357153917 ], [ 6.70802213338361, 50.910965798886899 ], [ 6.708023457937498, 50.910938842577643 ], [ 6.708037670518975, 50.910939121711756 ], [ 6.708038112033753, 50.910930136275219 ], [ 6.708052324612724, 50.910930415407506 ], [ 6.708052766124544, 50.91092142997087 ], [ 6.708066978701009, 50.910921709101338 ], [ 6.7080687447351, 50.910885767354237 ], [ 6.708054532169563, 50.910885488224118 ], [ 6.708055415190715, 50.910867517350646 ], [ 6.708026990071249, 50.910866959085574 ], [ 6.70802743158695, 50.91085797364898 ], [ 6.708041644143838, 50.910858252782297 ], [ 6.708042527169098, 50.910840281908904 ], [ 6.708056739720747, 50.91084056104031 ], [ 6.708057181230306, 50.910831575603495 ], [ 6.70807139377945, 50.910831854733068 ], [ 6.70807183528605, 50.910822869296169 ], [ 6.708043410193451, 50.910822311035439 ], [ 6.708045176239442, 50.910786369288317 ], [ 6.7080593887747, 50.910786648419183 ], [ 6.708059830282901, 50.910777662982277 ], [ 6.708045617750375, 50.910777383851482 ], [ 6.708046059261081, 50.910768398414653 ], [ 6.708031846731513, 50.910768119282238 ], [ 6.708030522190519, 50.910795075592432 ], [ 6.708016309652982, 50.910794796458013 ], [ 6.708016751169605, 50.910785811021384 ], [ 6.708002538635025, 50.910785531885338 ], [ 6.708002980154154, 50.910776546448766 ], [ 6.707960342559968, 50.910775709030489 ], [ 6.707959901032644, 50.910784694466777 ], [ 6.707945688498969, 50.910784415323803 ], [ 6.707945246968687, 50.910793400759992 ], [ 6.707931034432507, 50.9107931216152 ], [ 6.707930592899267, 50.910802107051282 ], [ 6.707916380360579, 50.91080182790467 ], [ 6.707915938824381, 50.910810813340646 ], [ 6.707901726283189, 50.910810534192208 ], [ 6.70790216782212, 50.910801548756332 ], [ 6.70787374274588, 50.910800990454476 ], [ 6.707873301201484, 50.910809975890174 ], [ 6.707887513742223, 50.910810255042065 ], [ 6.707886630658218, 50.910828225913612 ], [ 6.707872418112015, 50.910827946761529 ], [ 6.707870651930363, 50.910863888504068 ], [ 6.707884864487493, 50.910864167656484 ], [ 6.707884422944247, 50.910873153092155 ], [ 6.707898635504336, 50.910873432242937 ], [ 6.70789951858514, 50.910855461371384 ], [ 6.707885306030514, 50.910855182220786 ], [ 6.707885747573309, 50.91084619678508 ], [ 6.707914172677321, 50.910846755084371 ], [ 6.707912406526642, 50.910882696827827 ], [ 6.707983469345274, 50.91088409254759 ], [ 6.707982586295897, 50.910902063420103 ], [ 6.707939948587647, 50.910901225992909 ], [ 6.707938623987297, 50.910928182300751 ], [ 6.707952836564683, 50.910928461445145 ], [ 6.707952395033513, 50.910937446881157 ], [ 6.707938182453393, 50.91093716773667 ], [ 6.707937299384909, 50.910955138608458 ], [ 6.707923086799553, 50.910954859462066 ], [ 6.707921762186934, 50.910981815769354 ], [ 6.707907549593608, 50.910981536620973 ], [ 6.707907108052883, 50.910990522056601 ], [ 6.707864470266066, 50.910989684600807 ], [ 6.707864911814987, 50.910980699165428 ], [ 6.707836486630371, 50.910980140853091 ], [ 6.707836045075987, 50.910989126288293 ], [ 6.707821832481286, 50.910988847129452 ], [ 6.707822715595293, 50.910970876259213 ], [ 6.707808503006283, 50.91097059709881 ], [ 6.707808944565679, 50.910961611663765 ], [ 6.707794731979628, 50.910961332501721 ], [ 6.707794290417499, 50.91097031793668 ], [ 6.707765865240611, 50.910969759607241 ], [ 6.707766306808203, 50.910960774172445 ], [ 6.707737881637683, 50.910960215836276 ], [ 6.707738764783117, 50.910942244967003 ], [ 6.707752977362799, 50.910942524135791 ], [ 6.707754743640022, 50.910906582396706 ], [ 6.707768956209003, 50.910906861563397 ], [ 6.707769397775011, 50.910897876128494 ], [ 6.707755185208762, 50.910897596961902 ], [ 6.707756141779341, 50.910878131794192 ], [ 6.707738648143554, 50.910876853743446 ] ], [ [ 6.70800209711567, 50.910794517321868 ], [ 6.707987884578585, 50.910794238183989 ], [ 6.707988326100672, 50.910785252747544 ], [ 6.708002538635025, 50.910785531885338 ], [ 6.70800209711567, 50.910794517321868 ] ], [ [ 6.707944805438177, 50.910802386196153 ], [ 6.707944363907442, 50.910811371632306 ], [ 6.707958576449314, 50.91081165077555 ], [ 6.707957693392629, 50.91082962164797 ], [ 6.707943480845294, 50.91082934250457 ], [ 6.707943922376481, 50.910820357068445 ], [ 6.707929709832106, 50.910820077923383 ], [ 6.707930592899267, 50.910802107051282 ], [ 6.707944805438177, 50.910802386196153 ] ], [ [ 6.707993708204944, 50.91096524061296 ], [ 6.70797949561595, 50.910964961473397 ], [ 6.707979937142335, 50.910955976037258 ], [ 6.707994149728597, 50.910956255176728 ], [ 6.707993708204944, 50.91096524061296 ] ], [ [ 6.708000331035989, 50.910830459067853 ], [ 6.70801454358423, 50.910830738204353 ], [ 6.708014102066476, 50.910839723640912 ], [ 6.70797146441424, 50.910838886225939 ], [ 6.707972347465913, 50.910820915353369 ], [ 6.708000772556248, 50.910821473631394 ], [ 6.708000331035989, 50.910830459067853 ] ] ] ] } },
{ "type": "Feature", "properties": { "DN": 1, "gml_id": "DENW41AL30005ZQTFL", "identifier": "urn:adv:oid:DENW41AL30005ZQTFL", "aktualit_2": "2024-08-20Z", "idflurst": "DENW41AL30005ZQT", "flaeche": 5590.0, "flstkennz_": "05468202000426______", "flstnrzae": "426", "flstnrnen": null, "gemarkung": "Horrem", "gemaschl": "054682", "flur": "20", "flurschl": "054682020", "land": "Nordrhein-Westfalen", "landschl": "05", "regbezirk": "Kï¿½ln", "regbezschl": "053", "kreis": "Rhein-Erft-Kreis", "kreisschl": "05362", "gemeinde": "Kerpen", "gmdschl": "05362032", "abwrecht": "Kein abweichender Rechtszustand", "lagebeztxt": "Herderstraï¿½e 21, 22, 23, 24, 25, 26, 27, 28, 30, 32", "tntxt": "Wohnbauflï¿½che;5590", "area": 5588, "s area": 65.0, "layer": "swale suitability new", "path": "C:\\Users\\kanis\\Desktop\\Thesis\\Data\\Analysis\\Horrem\\S\\swale suitability new.shp", "final area": 55.1 }, "geometry": { "type": "MultiPolygon", "coordinates": [ [ [ [ 6.708493646706591, 50.910397776604476 ], [ 6.708462655233, 50.910396687222061 ], [ 6.708462550213405, 50.910398824953695 ], [ 6.708434125371311, 50.910398266791411 ], [ 6.708434252020353, 50.910395688812393 ], [ 6.708334840787421, 50.910392194324317 ], [ 6.708334638431105, 50.910396313168931 ], [ 6.708306213593083, 50.910395754975518 ], [ 6.708306437581252, 50.910391195883619 ], [ 6.708235429572128, 50.910388699751707 ], [ 6.708234710033565, 50.910403344900345 ], [ 6.708248922454064, 50.910403624006655 ], [ 6.708248039522009, 50.910421594883985 ], [ 6.708276464374614, 50.910422153091758 ], [ 6.70827602291371, 50.910431138530598 ], [ 6.708318660202509, 50.91043197582956 ], [ 6.708319101655216, 50.910422990390458 ], [ 6.708347526510082, 50.910423548580951 ], [ 6.7083479679571, 50.910414563141671 ], [ 6.70840481765862, 50.91041567950154 ], [ 6.708404376222531, 50.910424664941175 ], [ 6.708432801080113, 50.91042522311092 ], [ 6.708433242510738, 50.9104162376711 ], [ 6.708504304644991, 50.910417633064746 ], [ 6.708505260051512, 50.910398184887924 ], [ 6.708493646706591, 50.910397776604476 ] ] ] ] } },
{ "type": "Feature", "properties": { "DN": 1, "gml_id": "DENW41AL30005aGHFL", "identifier": "urn:adv:oid:DENW41AL30005aGHFL", "aktualit_2": "2024-08-20Z", "idflurst": "DENW41AL30005aGH", "flaeche": 246.0, "flstkennz_": "05468202000292______", "flstnrzae": "292", "flstnrnen": null, "gemarkung": "Horrem", "gemaschl": "054682", "flur": "20", "flurschl": "054682020", "land": "Nordrhein-Westfalen", "landschl": "05", "regbezirk": "Kï¿½ln", "regbezschl": "053", "kreis": "Rhein-Erft-Kreis", "kreisschl": "05362", "gemeinde": "Kerpen", "gmdschl": "05362032", "abwrecht": "Kein abweichender Rechtszustand", "lagebeztxt": "Herderstraï¿½e 14", "tntxt": "Wohnbauflï¿½che;246", "area": 246, "s area": 50.7, "layer": "swale suitability new", "path": "C:\\Users\\kanis\\Desktop\\Thesis\\Data\\Analysis\\Horrem\\S\\swale suitability new.shp", "final area": 35.0 }, "geometry": { "type": "MultiPolygon", "coordinates": [ [ [ [ 6.707975528320209, 50.911472946009127 ], [ 6.707968914960166, 50.91151512594319 ], [ 6.707964966611543, 50.911540298998275 ], [ 6.707965450220475, 50.911540308496541 ], [ 6.707964567143526, 50.911558279366801 ], [ 6.708007205452813, 50.911559116792716 ], [ 6.708007646983204, 50.91155013135733 ], [ 6.708021859750686, 50.911550410495764 ], [ 6.70802550783266, 50.911476168978609 ], [ 6.707975528320209, 50.911472946009127 ] ] ] ] } },
{ "type": "Feature", "properties": { "DN": 1, "gml_id": "DENW41AL30005aGyFL", "identifier": "urn:adv:oid:DENW41AL30005aGyFL", "aktualit_2": "2024-08-20Z", "idflurst": "DENW41AL30005aGy", "flaeche": 780.0, "flstkennz_": "05468202000224______", "flstnrzae": "224", "flstnrnen": null, "gemarkung": "Horrem", "gemaschl": "054682", "flur": "20", "flurschl": "054682020", "land": "Nordrhein-Westfalen", "landschl": "05", "regbezirk": "Kï¿½ln", "regbezschl": "053", "kreis": "Rhein-Erft-Kreis", "kreisschl": "05362", "gemeinde": "Kerpen", "gmdschl": "05362032", "abwrecht": "Kein abweichender Rechtszustand", "lagebeztxt": "Heinrich-Heine-Straï¿½e 8", "tntxt": "Wohnbauflï¿½che;780", "area": 779, "s area": 59.6, "layer": "swale suitability new", "path": "C:\\Users\\kanis\\Desktop\\Thesis\\Data\\Analysis\\Horrem\\S\\swale suitability new.shp", "final area": 36.3 }, "geometry": { "type": "MultiPolygon", "coordinates": [ [ [ [ 6.70685279993556, 50.909192220152292 ], [ 6.706858006726309, 50.909169857295495 ], [ 6.706702736133074, 50.909155414925053 ], [ 6.70670123263251, 50.909185997328017 ], [ 6.70677229280753, 50.909187393751729 ], [ 6.706771851076449, 50.909196379183001 ], [ 6.706842911270788, 50.909197775563946 ], [ 6.706842469553139, 50.909206760995652 ], [ 6.706849381773162, 50.909206896823157 ], [ 6.70685279993556, 50.909192220152292 ] ] ] ] } },
{ "type": "Feature", "properties": { "DN": 1, "gml_id": "DENW41AL30005gRQFL", "identifier": "urn:adv:oid:DENW41AL30005gRQFL", "aktualit_2": "2024-08-20Z", "idflurst": "DENW41AL30005gRQ", "flaeche": 750.0, "flstkennz_": "05468202000283______", "flstnrzae": "283", "flstnrnen": null, "gemarkung": "Horrem", "gemaschl": "054682", "flur": "20", "flurschl": "054682020", "land": "Nordrhein-Westfalen", "landschl": "05", "regbezirk": "Kï¿½ln", "regbezschl": "053", "kreis": "Rhein-Erft-Kreis", "kreisschl": "05362", "gemeinde": "Kerpen", "gmdschl": "05362032", "abwrecht": "Kein abweichender Rechtszustand", "lagebeztxt": "Heinrich-Heine-Straï¿½e 10", "tntxt": "Wohnbauflï¿½che;750", "area": 749, "s area": 260.0, "layer": "swale suitability new", "path": "C:\\Users\\kanis\\Desktop\\Thesis\\Data\\Analysis\\Horrem\\S\\swale suitability new.shp", "final area": 200.8 }, "geometry": { "type": "MultiPolygon", "coordinates": [ [ [ [ 6.706416548760784, 50.909456820445477 ], [ 6.706401437760949, 50.909521881752632 ], [ 6.706414415587474, 50.909522136819575 ], [ 6.706413531976756, 50.909540107676577 ], [ 6.706399319837463, 50.909539828350248 ], [ 6.706398878029033, 50.909548813778635 ], [ 6.706395199365405, 50.90954874147765 ], [ 6.706386886521402, 50.909584532792358 ], [ 6.706496448248714, 50.90958971313286 ], [ 6.706499246606355, 50.909532798169245 ], [ 6.706513458744503, 50.909533077483381 ], [ 6.706519201946445, 50.909416266903335 ], [ 6.706533414049305, 50.909416546214601 ], [ 6.706533855829755, 50.909407560785155 ], [ 6.706548067930109, 50.909407840094588 ], [ 6.706545417260413, 50.909461752671518 ], [ 6.706531205143668, 50.909461473361539 ], [ 6.706528996232371, 50.909506400508079 ], [ 6.706543208362775, 50.909506679818492 ], [ 6.706542766582569, 50.909515665247845 ], [ 6.706562333382442, 50.909516049790575 ], [ 6.706589426063002, 50.909399658781609 ], [ 6.706562721805449, 50.909399133972663 ], [ 6.70656316357998, 50.909390148543018 ], [ 6.706548951484862, 50.909389869235476 ], [ 6.706548509707599, 50.909398854665042 ], [ 6.706534297609976, 50.909398575355688 ], [ 6.70653518116974, 50.909380604496732 ], [ 6.706520969077807, 50.909380325185836 ], [ 6.706521410860082, 50.909371339756412 ], [ 6.70645035041747, 50.909369943176422 ], [ 6.706451675803912, 50.909342986889399 ], [ 6.706443042733465, 50.909342817217244 ], [ 6.706435962234788, 50.909373245323501 ], [ 6.706432603933968, 50.909441547285844 ], [ 6.706420144602398, 50.909441302411267 ], [ 6.706416548760784, 50.909456820445477 ] ], [ [ 6.706462353537268, 50.909415149641021 ], [ 6.706463237125256, 50.909397178783017 ], [ 6.706491661318465, 50.909397737417279 ], [ 6.706491219530047, 50.909406722846462 ], [ 6.706505431629723, 50.909407002161089 ], [ 6.706504989843811, 50.90941598759035 ], [ 6.706490777741404, 50.909415708275638 ], [ 6.706490335952534, 50.909424693704786 ], [ 6.706476123847621, 50.909424414388255 ], [ 6.706476565639224, 50.909415428959186 ], [ 6.706462353537268, 50.909415149641021 ] ] ] ] } },
{ "type": "Feature", "properties": { "DN": 1, "gml_id": "DENW41AL30005aEuFL", "identifier": "urn:adv:oid:DENW41AL30005aEuFL", "aktualit_2": "2024-08-20Z", "idflurst": "DENW41AL30005aEu", "flaeche": 628.0, "flstkennz_": "05468202000341______", "flstnrzae": "341", "flstnrnen": null, "gemarkung": "Horrem", "gemaschl": "054682", "flur": "20", "flurschl": "054682020", "land": "Nordrhein-Westfalen", "landschl": "05", "regbezirk": "Kï¿½ln", "regbezschl": "053", "kreis": "Rhein-Erft-Kreis", "kreisschl": "05362", "gemeinde": "Kerpen", "gmdschl": "05362032", "abwrecht": "Kein abweichender Rechtszustand", "lagebeztxt": "Rote-Kreuz-Straï¿½e 26", "tntxt": "Wohnbauflï¿½che;628", "area": 627, "s area": 131.2, "layer": "swale suitability new", "path": "C:\\Users\\kanis\\Desktop\\Thesis\\Data\\Analysis\\Horrem\\S\\swale suitability new.shp", "final area": 107.1 }, "geometry": { "type": "MultiPolygon", "coordinates": [ [ [ [ 6.706356439762824, 50.909529991460083 ], [ 6.706342913101682, 50.909529725599576 ], [ 6.706342471282552, 50.909538711027622 ], [ 6.706299834868745, 50.909537873017513 ], [ 6.706301160350044, 50.909510916734121 ], [ 6.706343796739263, 50.909511754743434 ], [ 6.706344238557717, 50.909502769315317 ], [ 6.706358450685178, 50.909503048648219 ], [ 6.706359334315938, 50.909485077791793 ], [ 6.706366837117208, 50.909485225255196 ], [ 6.706374342871744, 50.909452908885484 ], [ 6.706379135754813, 50.909432225037051 ], [ 6.706361973690229, 50.909431399359796 ], [ 6.706361543388878, 50.909440150650425 ], [ 6.706333119172426, 50.90943959198416 ], [ 6.706333589156683, 50.909430033757182 ], [ 6.706319396890618, 50.909429350953317 ], [ 6.706319348886645, 50.909430327220377 ], [ 6.706305136781717, 50.909430047883006 ], [ 6.706305204625023, 50.909428668147712 ], [ 6.706274559466757, 50.909427193769304 ], [ 6.706205858890734, 50.909423886189224 ], [ 6.706204326521008, 50.909455048755021 ], [ 6.706232750744311, 50.909455607452756 ], [ 6.706232308905137, 50.909464592880234 ], [ 6.706246521019859, 50.9094648722266 ], [ 6.706245195509175, 50.909491828509168 ], [ 6.706259407632319, 50.909492107854078 ], [ 6.706256314785253, 50.909555005846826 ], [ 6.706284739070466, 50.909555564532688 ], [ 6.706284297239729, 50.909564549960344 ], [ 6.706326933677442, 50.909565387976443 ], [ 6.706326491854674, 50.909574373404332 ], [ 6.706340704003764, 50.909574652739664 ], [ 6.706342029463193, 50.909547696455668 ], [ 6.7063522808151, 50.909547897941614 ], [ 6.706356439762824, 50.909529991460083 ] ], [ [ 6.706303811306531, 50.909457004166853 ], [ 6.70626117496852, 50.909456166143585 ], [ 6.706261616802004, 50.909447180715915 ], [ 6.706304253131818, 50.909448018738935 ], [ 6.706303811306531, 50.909457004166853 ] ], [ [ 6.706233192583258, 50.909446622025278 ], [ 6.706218980474226, 50.909446342677356 ], [ 6.706219422315679, 50.909437357249928 ], [ 6.70623363442198, 50.909437636597758 ], [ 6.706233192583258, 50.909446622025278 ] ], [ [ 6.706276270742241, 50.909438474630875 ], [ 6.706262058635262, 50.909438195288232 ], [ 6.706262500468291, 50.909429209860541 ], [ 6.70627671257254, 50.909429489203092 ], [ 6.706276270742241, 50.909438474630875 ] ] ] ] } },
{ "type": "Feature", "properties": { "DN": 1, "gml_id": "DENW41AL30005alcFL", "identifier": "urn:adv:oid:DENW41AL30005alcFL", "aktualit_2": "2024-08-20Z", "idflurst": "DENW41AL30005alc", "flaeche": 296.0, "flstkennz_": "05468201900321______", "flstnrzae": "321", "flstnrnen": null, "gemarkung": "Horrem", "gemaschl": "054682", "flur": "19", "flurschl": "054682019", "land": "Nordrhein-Westfalen", "landschl": "05", "regbezirk": "Kï¿½ln", "regbezschl": "053", "kreis": "Rhein-Erft-Kreis", "kreisschl": "05362", "gemeinde": "Kerpen", "gmdschl": "05362032", "abwrecht": "Kein abweichender Rechtszustand", "lagebeztxt": "Rote-Kreuz-Straï¿½e", "tntxt": "Wohnbauflï¿½che;296", "area": 296, "s area": 126.8, "layer": "swale suitability new", "path": "C:\\Users\\kanis\\Desktop\\Thesis\\Data\\Analysis\\Horrem\\S\\swale suitability new.shp", "final area": 96.9 }, "geometry": { "type": "MultiPolygon", "coordinates": [ [ [ [ 6.706452777127779, 50.908452588517896 ], [ 6.70645410232822, 50.908425635100684 ], [ 6.706468314128784, 50.908425914415993 ], [ 6.706468755906182, 50.908416928985432 ], [ 6.706454544108351, 50.908416649670201 ], [ 6.706455427667933, 50.908398678809213 ], [ 6.706483851252896, 50.908399237437557 ], [ 6.706484293026885, 50.908390252006853 ], [ 6.706470081237021, 50.908389972693634 ], [ 6.706471406565823, 50.908363016401701 ], [ 6.706485618347492, 50.908363295714658 ], [ 6.706486060120575, 50.908354310283876 ], [ 6.706500271899738, 50.908354589595014 ], [ 6.706500713669863, 50.90834560416414 ], [ 6.706472290117226, 50.908345045540315 ], [ 6.706473110903985, 50.908328351254447 ], [ 6.706403263448713, 50.90832046292627 ], [ 6.70637744764156, 50.908334732126981 ], [ 6.706359396303707, 50.90842377372703 ], [ 6.706368831529593, 50.908423959172545 ], [ 6.706367947935872, 50.908441930032382 ], [ 6.70638215974054, 50.908442209358242 ], [ 6.70638195090808, 50.908446456694612 ], [ 6.706452777127779, 50.908452588517896 ] ] ] ] } },
{ "type": "Feature", "properties": { "DN": 1, "gml_id": "DENW41AL30005ev6FL", "identifier": "urn:adv:oid:DENW41AL30005ev6FL", "aktualit_2": "2024-08-20Z", "idflurst": "DENW41AL30005ev6", "flaeche": 300.0, "flstkennz_": "054682021002150053__", "flstnrzae": "215", "flstnrnen": "53", "gemarkung": "Horrem", "gemaschl": "054682", "flur": "21", "flurschl": "054682021", "land": "Nordrhein-Westfalen", "landschl": "05", "regbezirk": "Kï¿½ln", "regbezschl": "053", "kreis": "Rhein-Erft-Kreis", "kreisschl": "05362", "gemeinde": "Kerpen", "gmdschl": "05362032", "abwrecht": "Kein abweichender Rechtszustand", "lagebeztxt": "Sistenichstraï¿½e 36", "tntxt": "Wohnbauflï¿½che;300", "area": 301, "s area": 147.7, "layer": "swale suitability new", "path": "C:\\Users\\kanis\\Desktop\\Thesis\\Data\\Analysis\\Horrem\\S\\swale suitability new.shp", "final area": 91.6 }, "geometry": { "type": "MultiPolygon", "coordinates": [ [ [ [ 6.70900557586103, 50.912005690383239 ], [ 6.709047772558108, 50.912008263566825 ], [ 6.709052118464393, 50.91200852863652 ], [ 6.709054186637013, 50.911966421375979 ], [ 6.709068399541677, 50.911966700388639 ], [ 6.709069382781796, 50.911946681809049 ], [ 6.708876714641619, 50.911934871364359 ], [ 6.708867543462905, 50.911997263999233 ], [ 6.70900557586103, 50.912005690383239 ] ] ] ] } },
{ "type": "Feature", "properties": { "DN": 1, "gml_id": "DENW41AL30005dR3FL", "identifier": "urn:adv:oid:DENW41AL30005dR3FL", "aktualit_2": "2024-08-20Z", "idflurst": "DENW41AL30005dR3", "flaeche": 2265.0, "flstkennz_": "05468200800839______", "flstnrzae": "839", "flstnrnen": null, "gemarkung": "Horrem", "gemaschl": "054682", "flur": "8", "flurschl": "054682008", "land": "Nordrhein-Westfalen", "landschl": "05", "regbezirk": "Kï¿½ln", "regbezschl": "053", "kreis": "Rhein-Erft-Kreis", "kreisschl": "05362", "gemeinde": "Kerpen", "gmdschl": "05362032", "abwrecht": "Kein abweichender Rechtszustand", "lagebeztxt": "Kirschkaul 1, 3, 5", "tntxt": "Wohnbauflï¿½che;2265", "area": 2258, "s area": 497.4, "layer": "swale suitability new", "path": "C:\\Users\\kanis\\Desktop\\Thesis\\Data\\Analysis\\Horrem\\S\\swale suitability new.shp", "final area": 441.6 }, "geometry": { "type": "MultiPolygon", "coordinates": [ [ [ [ 6.712957275006007, 50.913895456193615 ], [ 6.712957700643289, 50.913886776151067 ], [ 6.712971914171589, 50.913887054696069 ], [ 6.712971473560348, 50.913896040159003 ], [ 6.71295996143557, 50.913895814553989 ], [ 6.713070352888454, 50.913910540332012 ], [ 6.713070968283885, 50.913897989926205 ], [ 6.713085181816722, 50.913898268457459 ], [ 6.713084487629142, 50.913912425841659 ], [ 6.713118030988248, 50.913916900364669 ], [ 6.713141154792751, 50.913917353493119 ], [ 6.713141026603853, 50.913919967863315 ], [ 6.71321170034915, 50.91392939535217 ], [ 6.713211781926699, 50.913927731554146 ], [ 6.713225995469992, 50.913928010068375 ], [ 6.713225835101797, 50.913931280844849 ], [ 6.713292002889897, 50.913940107213016 ], [ 6.713297229064509, 50.913926019424594 ], [ 6.713297503738913, 50.913920417148667 ], [ 6.713299294335168, 50.913920452234166 ], [ 6.713308763734055, 50.913894926289402 ], [ 6.713311016390748, 50.913887995317836 ], [ 6.713311274505015, 50.913887296124066 ], [ 6.713313634384986, 50.913881593985742 ], [ 6.713314801098869, 50.913857797396886 ], [ 6.713323412969956, 50.913857966139084 ], [ 6.713329773513542, 50.913842597240155 ], [ 6.7133303362466, 50.913831119502554 ], [ 6.713316122731785, 50.913830841001399 ], [ 6.713316563275638, 50.913821855536206 ], [ 6.713273922740743, 50.913821020022652 ], [ 6.71327436329257, 50.913812034557694 ], [ 6.713260149784123, 50.913811756049803 ], [ 6.713259268674781, 50.913829726979507 ], [ 6.713245055161094, 50.913829448469706 ], [ 6.713244614603352, 50.913838433934444 ], [ 6.713230401087158, 50.913838155422837 ], [ 6.713229519965532, 50.91385612635208 ], [ 6.713215306444098, 50.913855847838555 ], [ 6.713214425316104, 50.913873818767556 ], [ 6.713185998262986, 50.91387326173497 ], [ 6.713185557693185, 50.913882247199268 ], [ 6.713171344164232, 50.9138819686803 ], [ 6.713171784736766, 50.913872983216081 ], [ 6.713129144159461, 50.913872147649066 ], [ 6.713129584739964, 50.913863162185102 ], [ 6.7130585171293, 50.913861769539253 ], [ 6.713058957723243, 50.913852784075722 ], [ 6.713030530686023, 50.913852227005457 ], [ 6.713030090086614, 50.913861212468817 ], [ 6.713015876565612, 50.913860933930991 ], [ 6.713017198371354, 50.913833977541145 ], [ 6.712988771346418, 50.913833420460861 ], [ 6.712989211953346, 50.913824434997714 ], [ 6.712903930900353, 50.913822763715892 ], [ 6.712903490277031, 50.913831749178499 ], [ 6.712889276766258, 50.913831470625389 ], [ 6.712890158018141, 50.913813499700332 ], [ 6.712833303999163, 50.913812385471303 ], [ 6.712833744635696, 50.913803400009108 ], [ 6.712776890631261, 50.913802285752766 ], [ 6.712776449983798, 50.913811271214612 ], [ 6.712762236480521, 50.91381099264612 ], [ 6.712762677130717, 50.913802007184358 ], [ 6.712734250130305, 50.913801450042357 ], [ 6.712735131440949, 50.913783479119154 ], [ 6.712692490958423, 50.913782643393716 ], [ 6.712692050295016, 50.913791628855066 ], [ 6.71267783679856, 50.913791350276369 ], [ 6.712678277464698, 50.91378236481512 ], [ 6.712649850477927, 50.913781807652718 ], [ 6.712650291149305, 50.913772822191625 ], [ 6.712636077658991, 50.913772543607919 ], [ 6.712636518332876, 50.913763558146897 ], [ 6.71262230484552, 50.91376327956155 ], [ 6.712622745521911, 50.913754294100613 ], [ 6.712580105069396, 50.913753458334469 ], [ 6.712580545753759, 50.913744472873766 ], [ 6.712566332272771, 50.913744194281684 ], [ 6.712566772959641, 50.913735208821059 ], [ 6.712538346003808, 50.913734651631884 ], [ 6.712538786695918, 50.913725666171409 ], [ 6.71249614627206, 50.913724830374953 ], [ 6.712494824170464, 50.913751786755505 ], [ 6.712523251135871, 50.913752343955409 ], [ 6.712522810440353, 50.913761329415735 ], [ 6.712593877871486, 50.913762722385684 ], [ 6.712592555824561, 50.913789678767905 ], [ 6.712578342329685, 50.913789400177109 ], [ 6.712577901644194, 50.913798385637712 ], [ 6.712535261152723, 50.913797549854685 ], [ 6.712534379764667, 50.913815520775337 ], [ 6.712520166262496, 50.913815242177357 ], [ 6.71251928486807, 50.913833213097767 ], [ 6.712505071360662, 50.913832934497883 ], [ 6.712504964241638, 50.913835118553429 ], [ 6.712957275006007, 50.913895456193615 ] ] ] ] } },
{ "type": "Feature", "properties": { "DN": 1, "gml_id": "DENW41AL30005dR3FL", "identifier": "urn:adv:oid:DENW41AL30005dR3FL", "aktualit_2": "2024-08-20Z", "idflurst": "DENW41AL30005dR3", "flaeche": 2265.0, "flstkennz_": "05468200800839______", "flstnrzae": "839", "flstnrnen": null, "gemarkung": "Horrem", "gemaschl": "054682", "flur": "8", "flurschl": "054682008", "land": "Nordrhein-Westfalen", "landschl": "05", "regbezirk": "Kï¿½ln", "regbezschl": "053", "kreis": "Rhein-Erft-Kreis", "kreisschl": "05362", "gemeinde": "Kerpen", "gmdschl": "05362032", "abwrecht": "Kein abweichender Rechtszustand", "lagebeztxt": "Kirschkaul 1, 3, 5", "tntxt": "Wohnbauflï¿½che;2265", "area": 2258, "s area": 89.1, "layer": "swale suitability new", "path": "C:\\Users\\kanis\\Desktop\\Thesis\\Data\\Analysis\\Horrem\\S\\swale suitability new.shp", "final area": 66.0 }, "geometry": { "type": "MultiPolygon", "coordinates": [ [ [ [ 6.712941817506546, 50.913630411522369 ], [ 6.71293984838614, 50.913670567946873 ], [ 6.712954061848407, 50.913670846493211 ], [ 6.71295362123712, 50.913679831956358 ], [ 6.712967834702345, 50.913680110501055 ], [ 6.712967394093567, 50.91368909596428 ], [ 6.712995821030158, 50.913689653048657 ], [ 6.712996702236562, 50.913671682121809 ], [ 6.713067769554669, 50.913673074801586 ], [ 6.713067328965243, 50.913682060265451 ], [ 6.713095755899532, 50.913682617325428 ], [ 6.713095315315345, 50.913691602789463 ], [ 6.71310952878556, 50.913691881316943 ], [ 6.71310908820388, 50.913700866781035 ], [ 6.713137515150454, 50.913701423831 ], [ 6.713137074574012, 50.913710409295263 ], [ 6.713165501526954, 50.913710966338478 ], [ 6.713166823239206, 50.913684009945129 ], [ 6.713181036707817, 50.913684288463877 ], [ 6.713181686952474, 50.913671026591025 ], [ 6.712941817506546, 50.913630411522369 ] ] ] ] } },
{ "type": "Feature", "properties": { "DN": 1, "gml_id": "DENW41AL30005g7vFL", "identifier": "urn:adv:oid:DENW41AL30005g7vFL", "aktualit_2": "2024-08-20Z", "idflurst": "DENW41AL30005g7v", "flaeche": 2469.0, "flstkennz_": "05468200800842______", "flstnrzae": "842", "flstnrnen": null, "gemarkung": "Horrem", "gemaschl": "054682", "flur": "8", "flurschl": "054682008", "land": "Nordrhein-Westfalen", "landschl": "05", "regbezirk": "Kï¿½ln", "regbezschl": "053", "kreis": "Rhein-Erft-Kreis", "kreisschl": "05362", "gemeinde": "Kerpen", "gmdschl": "05362032", "abwrecht": "Kein abweichender Rechtszustand", "lagebeztxt": "Mittelstraï¿½e 15, 17", "tntxt": "Wohnbauflï¿½che;2469", "area": 2482, "s area": 1416.6, "layer": "swale suitability new", "path": "C:\\Users\\kanis\\Desktop\\Thesis\\Data\\Analysis\\Horrem\\S\\swale suitability new.shp", "final area": 1160.6 }, "geometry": { "type": "MultiPolygon", "coordinates": [ [ [ [ 6.713144671263665, 50.913458832221202 ], [ 6.713143825032022, 50.91343177073319 ], [ 6.713140758231217, 50.913358606938488 ], [ 6.713137351555707, 50.913276621588516 ], [ 6.713133738808576, 50.913191010679256 ], [ 6.713130898785868, 50.913123079171498 ], [ 6.713052783189091, 50.913108259038353 ], [ 6.713052005191185, 50.913124125887848 ], [ 6.713037791894467, 50.913123847355578 ], [ 6.713036029546783, 50.91315978921358 ], [ 6.713021816239362, 50.913159510679222 ], [ 6.713021375649143, 50.913168496143598 ], [ 6.713007162339216, 50.913168217607421 ], [ 6.713007602932166, 50.913159232143144 ], [ 6.712979176318453, 50.91315867506578 ], [ 6.712979616916643, 50.91314968960166 ], [ 6.712951190309298, 50.913149132517567 ], [ 6.712952071515929, 50.913131161589625 ], [ 6.712980498112344, 50.913131718673377 ], [ 6.712981379307142, 50.913113747745008 ], [ 6.712995592600223, 50.913114026284113 ], [ 6.712996399914907, 50.913097561935032 ], [ 6.712987535657551, 50.913095880194447 ], [ 6.712982260501037, 50.913095776816583 ], [ 6.712982304100528, 50.913094887654999 ], [ 6.712855441846123, 50.913070819058909 ], [ 6.712855222164822, 50.913075298961559 ], [ 6.712869435444941, 50.913075577515862 ], [ 6.712868994826699, 50.913084562979421 ], [ 6.712883208109777, 50.913084841532083 ], [ 6.71288232687808, 50.913102812459307 ], [ 6.712896540166849, 50.91310309101042 ], [ 6.712894777711675, 50.913139032865004 ], [ 6.712908991011599, 50.91313931141476 ], [ 6.712908109788123, 50.913157282342127 ], [ 6.712922323093736, 50.913157560890319 ], [ 6.712921441874822, 50.913175531817799 ], [ 6.712935655186127, 50.913175810364436 ], [ 6.712934773971773, 50.91319378129203 ], [ 6.712948987288768, 50.913194059837117 ], [ 6.712947224868282, 50.913230001692469 ], [ 6.712961438196433, 50.913230280236171 ], [ 6.712961878799161, 50.913221294772285 ], [ 6.712976092124804, 50.913221573314175 ], [ 6.712976532724576, 50.913212587850161 ], [ 6.712962319401663, 50.913212309308356 ], [ 6.712963200605991, 50.913194338380478 ], [ 6.71299162724111, 50.913194895462006 ], [ 6.7129881024621, 50.913266779174556 ], [ 6.712973889122568, 50.913266500633952 ], [ 6.712973448521444, 50.913275486097852 ], [ 6.712987661863709, 50.913275764638556 ], [ 6.712985899467881, 50.913311706494355 ], [ 6.713000112821302, 50.913311985033687 ], [ 6.712997909835098, 50.913356912353514 ], [ 6.712983696468016, 50.913356633813741 ], [ 6.712982815266489, 50.913374604741385 ], [ 6.712968601894168, 50.913374326199708 ], [ 6.712966839477476, 50.913410268054442 ], [ 6.71295262609445, 50.91340998951069 ], [ 6.712953066701694, 50.913401004047124 ], [ 6.712938853321627, 50.913400725501724 ], [ 6.712938412711651, 50.913409710965205 ], [ 6.712895772564607, 50.913408875318368 ], [ 6.712896213182781, 50.913399889855164 ], [ 6.712881999803615, 50.913399611302843 ], [ 6.712882440424297, 50.913390625839703 ], [ 6.712868227048091, 50.913390347285755 ], [ 6.712867786424678, 50.91339933274881 ], [ 6.712839359667478, 50.913398775635535 ], [ 6.712838919038375, 50.913407761098391 ], [ 6.712810492276614, 50.913407203978032 ], [ 6.712810051641821, 50.913416189440682 ], [ 6.712767411492676, 50.913415353746913 ], [ 6.712766970849458, 50.913424339209293 ], [ 6.712752757464129, 50.913424060641148 ], [ 6.712754079401302, 50.913397104254223 ], [ 6.712739866024396, 50.913396825684622 ], [ 6.71274074732018, 50.91337885476009 ], [ 6.712726533948965, 50.91337857618894 ], [ 6.712727415249311, 50.913360605264522 ], [ 6.712713201883786, 50.913360326691809 ], [ 6.712713642536353, 50.913351341229671 ], [ 6.712699429173787, 50.913351062655323 ], [ 6.71269986982886, 50.913342077193256 ], [ 6.712685656469252, 50.913341798617267 ], [ 6.712687859754891, 50.913296871307111 ], [ 6.712673646409172, 50.913296592729843 ], [ 6.712674527727312, 50.913278621805837 ], [ 6.712660314387282, 50.91327834322702 ], [ 6.712662077031783, 50.913242401379158 ], [ 6.712676290360882, 50.913242679957627 ], [ 6.712676731018711, 50.913233694495531 ], [ 6.712705157672121, 50.913234251647111 ], [ 6.71270559832426, 50.913225266184824 ], [ 6.712691385000173, 50.913224987609986 ], [ 6.712691825654817, 50.91321600214777 ], [ 6.712677612333689, 50.913215723571298 ], [ 6.712678052990839, 50.913206738109153 ], [ 6.712635413037006, 50.913205902369619 ], [ 6.712635853702128, 50.913196916907729 ], [ 6.712664280332326, 50.913197474068966 ], [ 6.712665161650963, 50.913179503144775 ], [ 6.712650948341216, 50.913179224565205 ], [ 6.712652710986708, 50.913143282716966 ], [ 6.712638497688116, 50.913143004136032 ], [ 6.712639379014972, 50.913125033211983 ], [ 6.712625165722072, 50.913124754629479 ], [ 6.712625633904715, 50.913115208081514 ], [ 6.712596896352175, 50.913184685113997 ], [ 6.712538213835814, 50.913338908700176 ], [ 6.712571949600519, 50.913339569947112 ], [ 6.712571508920854, 50.91334855540839 ], [ 6.712534816877826, 50.913347836215578 ], [ 6.712505030337767, 50.913426117801578 ], [ 6.712510488394151, 50.913432405620206 ], [ 6.712511129948089, 50.913419324718205 ], [ 6.712525343329579, 50.913419603315738 ], [ 6.712524461949563, 50.913437574237442 ], [ 6.712514810734029, 50.913437385063396 ], [ 6.712526326983827, 50.913450652064135 ], [ 6.713017244168641, 50.913537173209491 ], [ 6.713017524677978, 50.913537178706569 ], [ 6.71301796527472, 50.913528193242797 ], [ 6.713032178694397, 50.913528471779053 ], [ 6.713032619288183, 50.913519486315174 ], [ 6.713061046122747, 50.913520043382334 ], [ 6.713060605534427, 50.913529028846398 ], [ 6.713074818954781, 50.913529307377466 ], [ 6.713073943293083, 50.913547165929735 ], [ 6.713144469267105, 50.913559595465941 ], [ 6.713144564342805, 50.913557656400585 ], [ 6.713158777772711, 50.913557934921563 ], [ 6.713158574466573, 50.913562081368141 ], [ 6.713186784870174, 50.913567053167441 ], [ 6.713187645197605, 50.913549506493503 ], [ 6.713201858625456, 50.913549785009195 ], [ 6.713202299186904, 50.913540799544279 ], [ 6.713216512612248, 50.913541078058152 ], [ 6.713218274844849, 50.913505136197969 ], [ 6.713275128504764, 50.913506250234761 ], [ 6.713274687957882, 50.913515235700189 ], [ 6.713331541632338, 50.913516349709667 ], [ 6.713331101096161, 50.913525335175429 ], [ 6.71338795478516, 50.913526449157587 ], [ 6.713387514259686, 50.913535434623689 ], [ 6.713415941111005, 50.913535991604576 ], [ 6.713413297986212, 50.913589904401881 ], [ 6.713399084544045, 50.913589625911776 ], [ 6.713398644019723, 50.91359861137785 ], [ 6.713384430575049, 50.913598332885918 ], [ 6.713384286883226, 50.913601263778688 ], [ 6.713424484438423, 50.91360822626779 ], [ 6.713427143477995, 50.913597688148847 ], [ 6.71342883298382, 50.913563226491426 ], [ 6.713435804568543, 50.913563363087157 ], [ 6.713444078111628, 50.913530573876898 ], [ 6.713444802354918, 50.913527688003995 ], [ 6.713445248992089, 50.913518577645625 ], [ 6.713447079702628, 50.913518613514917 ], [ 6.713449176425842, 50.913510258752247 ], [ 6.713443941273898, 50.913509557925821 ], [ 6.713431476088155, 50.913509313693282 ], [ 6.713431545468359, 50.913507898506289 ], [ 6.713365236429465, 50.913499021728178 ], [ 6.71336084953167, 50.913498935772111 ], [ 6.713360873949537, 50.913498437722389 ], [ 6.713161578481283, 50.913471757822585 ], [ 6.71315495278105, 50.913470101929107 ], [ 6.713149559291695, 50.913467158981874 ], [ 6.713145999744311, 50.913463257314476 ], [ 6.713144671263665, 50.913458832221202 ] ], [ [ 6.712752316817954, 50.913433046103421 ], [ 6.712766530206014, 50.913433324671651 ], [ 6.712766089562346, 50.913442310133995 ], [ 6.712865583304225, 50.913444260063812 ], [ 6.712865142679457, 50.91345324552676 ], [ 6.712893569470349, 50.91345380263418 ], [ 6.71289312885082, 50.913462788097291 ], [ 6.712935769047048, 50.913463623745713 ], [ 6.71293532843549, 50.91347260920908 ], [ 6.712977968641949, 50.913473444842211 ], [ 6.712977528038363, 50.91348243030582 ], [ 6.712906461015067, 50.91348103757484 ], [ 6.712906020397593, 50.913490023038001 ], [ 6.712948660619091, 50.913490858682032 ], [ 6.712948220009587, 50.913499844145434 ], [ 6.712891366370447, 50.913498729949566 ], [ 6.712891806990878, 50.913489744486533 ], [ 6.712863380178128, 50.913489187378396 ], [ 6.712863820803799, 50.913480201915512 ], [ 6.712892247611085, 50.913480759023464 ], [ 6.712892688231066, 50.913471773560389 ], [ 6.712850048028672, 50.913470937896129 ], [ 6.712850488656624, 50.913461952433302 ], [ 6.712779421670814, 50.913460559625413 ], [ 6.712779862312202, 50.913451574163012 ], [ 6.712737222131624, 50.91345073845779 ], [ 6.712736340832226, 50.913468709382045 ], [ 6.712722127433687, 50.913468430810006 ], [ 6.712721686780918, 50.913477416272009 ], [ 6.712707473379871, 50.913477137698152 ], [ 6.712709676655124, 50.913432210388365 ], [ 6.712738103430118, 50.913432767533465 ], [ 6.712738544079026, 50.91342378207127 ], [ 6.712752757464129, 50.913424060641148 ], [ 6.712752316817954, 50.913433046103421 ] ], [ [ 6.713175194036274, 50.913513286117038 ], [ 6.713146767203561, 50.913512729077716 ], [ 6.713147207775036, 50.913503743613092 ], [ 6.713175634602282, 50.913504300652228 ], [ 6.713175194036274, 50.913513286117038 ] ], [ [ 6.712821180594562, 50.913479366240622 ], [ 6.712806967191937, 50.913479087678866 ], [ 6.712807407828311, 50.913470102216323 ], [ 6.712821621228206, 50.913470380777987 ], [ 6.712821180594562, 50.913479366240622 ] ], [ [ 6.712642135059552, 50.91335893380235 ], [ 6.712585281604229, 50.913357819459641 ], [ 6.712585722281386, 50.913348833998299 ], [ 6.71264257572578, 50.913349948340652 ], [ 6.712642135059552, 50.91335893380235 ] ], [ [ 6.712671002449332, 50.913350505501441 ], [ 6.712656789087443, 50.913350226921914 ], [ 6.712657229750714, 50.913341241460095 ], [ 6.71267144310987, 50.913341520039552 ], [ 6.712671002449332, 50.913350505501441 ] ], [ [ 6.713029861301437, 50.913285585714512 ], [ 6.713015647955762, 50.913285307178917 ], [ 6.713016529141844, 50.913267336250584 ], [ 6.713030742482053, 50.913267614786008 ], [ 6.713029861301437, 50.913285585714512 ] ] ] ] } },
{ "type": "Feature", "properties": { "DN": 1, "gml_id": "DENW41AL30005g7vFL", "identifier": "urn:adv:oid:DENW41AL30005g7vFL", "aktualit_2": "2024-08-20Z", "idflurst": "DENW41AL30005g7v", "flaeche": 2469.0, "flstkennz_": "05468200800842______", "flstnrzae": "842", "flstnrnen": null, "gemarkung": "Horrem", "gemaschl": "054682", "flur": "8", "flurschl": "054682008", "land": "Nordrhein-Westfalen", "landschl": "05", "regbezirk": "Kï¿½ln", "regbezschl": "053", "kreis": "Rhein-Erft-Kreis", "kreisschl": "05362", "gemeinde": "Kerpen", "gmdschl": "05362032", "abwrecht": "Kein abweichender Rechtszustand", "lagebeztxt": "Mittelstraï¿½e 15, 17", "tntxt": "Wohnbauflï¿½che;2469", "area": 2482, "s area": 1416.6, "layer": "swale suitability new", "path": "C:\\Users\\kanis\\Desktop\\Thesis\\Data\\Analysis\\Horrem\\S\\swale suitability new.shp", "final area": 1.1 }, "geometry": { "type": "MultiPolygon", "coordinates": [ [ [ [ 6.712784962874236, 50.913057447557719 ], [ 6.712784596402019, 50.913064920701061 ], [ 6.712813022954762, 50.913065477825057 ], [ 6.71281315445799, 50.913062796163238 ], [ 6.712784962874236, 50.913057447557719 ] ] ] ] } },
{ "type": "Feature", "properties": { "DN": 1, "gml_id": "DENW41AL30005g7vFL", "identifier": "urn:adv:oid:DENW41AL30005g7vFL", "aktualit_2": "2024-08-20Z", "idflurst": "DENW41AL30005g7v", "flaeche": 2469.0, "flstkennz_": "05468200800842______", "flstnrzae": "842", "flstnrnen": null, "gemarkung": "Horrem", "gemaschl": "054682", "flur": "8", "flurschl": "054682008", "land": "Nordrhein-Westfalen", "landschl": "05", "regbezirk": "Kï¿½ln", "regbezschl": "053", "kreis": "Rhein-Erft-Kreis", "kreisschl": "05362", "gemeinde": "Kerpen", "gmdschl": "05362032", "abwrecht": "Kein abweichender Rechtszustand", "lagebeztxt": "Mittelstraï¿½e 15, 17", "tntxt": "Wohnbauflï¿½che;2469", "area": 2482, "s area": 1416.6, "layer": "swale suitability new", "path": "C:\\Users\\kanis\\Desktop\\Thesis\\Data\\Analysis\\Horrem\\S\\swale suitability new.shp", "final area": 36.7 }, "geometry": { "type": "MultiPolygon", "coordinates": [ [ [ [ 6.712700388162976, 50.913041401700774 ], [ 6.712700198050143, 50.913045278362517 ], [ 6.712685984780931, 50.913044999787729 ], [ 6.712686292383601, 50.913038727385398 ], [ 6.712659380182019, 50.913033621474547 ], [ 6.712629093744924, 50.913106843421261 ], [ 6.712640260340925, 50.913107062287878 ], [ 6.712640701003563, 50.913098076825797 ], [ 6.712654914288493, 50.913098355406305 ], [ 6.712655354948172, 50.913089369944124 ], [ 6.712683781513245, 50.913089927099783 ], [ 6.712684222167233, 50.913080941637403 ], [ 6.712726862008338, 50.913081777357647 ], [ 6.712727302653904, 50.91307279189499 ], [ 6.712755729210305, 50.913073349032999 ], [ 6.712756169850181, 50.913064363570143 ], [ 6.712770383125987, 50.913064642136462 ], [ 6.712770823762904, 50.9130556566735 ], [ 6.712776064857928, 50.913055759393394 ], [ 6.712700388162976, 50.913041401700774 ] ] ] ] } },
{ "type": "Feature", "properties": { "DN": 1, "gml_id": "DENW41AL30005dR3FL", "identifier": "urn:adv:oid:DENW41AL30005dR3FL", "aktualit_2": "2024-08-20Z", "idflurst": "DENW41AL30005dR3", "flaeche": 2265.0, "flstkennz_": "05468200800839______", "flstnrzae": "839", "flstnrnen": null, "gemarkung": "Horrem", "gemaschl": "054682", "flur": "8", "flurschl": "054682008", "land": "Nordrhein-Westfalen", "landschl": "05", "regbezirk": "Kï¿½ln", "regbezschl": "053", "kreis": "Rhein-Erft-Kreis", "kreisschl": "05362", "gemeinde": "Kerpen", "gmdschl": "05362032", "abwrecht": "Kein abweichender Rechtszustand", "lagebeztxt": "Kirschkaul 1, 3, 5", "tntxt": "Wohnbauflï¿½che;2265", "area": 2258, "s area": 175.5, "layer": "swale suitability new", "path": "C:\\Users\\kanis\\Desktop\\Thesis\\Data\\Analysis\\Horrem\\S\\swale suitability new.shp", "final area": 47.0 }, "geometry": { "type": "MultiPolygon", "coordinates": [ [ [ [ 6.71244961658264, 50.913559494489306 ], [ 6.712404496533749, 50.913660075201953 ], [ 6.712442377349075, 50.913660817736073 ], [ 6.712443258767707, 50.913642846816096 ], [ 6.712457472216604, 50.913643125422759 ], [ 6.712458353628869, 50.91362515450254 ], [ 6.712472567072528, 50.913625433107299 ], [ 6.712473448478423, 50.913607462186839 ], [ 6.712487661916843, 50.913607740789701 ], [ 6.71248810261672, 50.913598755329353 ], [ 6.712502316052632, 50.913599033930389 ], [ 6.712503197446244, 50.913581063009474 ], [ 6.712517410876917, 50.913581341608605 ], [ 6.712517851570652, 50.91357235614803 ], [ 6.712532064998819, 50.913572634745343 ], [ 6.712532505689595, 50.913563649284676 ], [ 6.712549499244636, 50.913563982372914 ], [ 6.712471000327265, 50.913550690391546 ], [ 6.71244961658264, 50.913559494489306 ] ] ] ] } },
{ "type": "Feature", "properties": { "DN": 1, "gml_id": "DENW41AL30005dR3FL", "identifier": "urn:adv:oid:DENW41AL30005dR3FL", "aktualit_2": "2024-08-20Z", "idflurst": "DENW41AL30005dR3", "flaeche": 2265.0, "flstkennz_": "05468200800839______", "flstnrzae": "839", "flstnrnen": null, "gemarkung": "Horrem", "gemaschl": "054682", "flur": "8", "flurschl": "054682008", "land": "Nordrhein-Westfalen", "landschl": "05", "regbezirk": "Kï¿½ln", "regbezschl": "053", "kreis": "Rhein-Erft-Kreis", "kreisschl": "05362", "gemeinde": "Kerpen", "gmdschl": "05362032", "abwrecht": "Kein abweichender Rechtszustand", "lagebeztxt": "Kirschkaul 1, 3, 5", "tntxt": "Wohnbauflï¿½che;2265", "area": 2258, "s area": 175.5, "layer": "swale suitability new", "path": "C:\\Users\\kanis\\Desktop\\Thesis\\Data\\Analysis\\Horrem\\S\\swale suitability new.shp", "final area": 65.7 }, "geometry": { "type": "MultiPolygon", "coordinates": [ [ [ [ 6.712560849275769, 50.91356590423397 ], [ 6.71256049185583, 50.913573191934788 ], [ 6.712588918713746, 50.913573749117312 ], [ 6.712588478033674, 50.913582734578327 ], [ 6.712616904897957, 50.913583291754115 ], [ 6.712616464223125, 50.91359227721528 ], [ 6.712630677658339, 50.913592555800669 ], [ 6.712630236986012, 50.913601541261926 ], [ 6.71265866386258, 50.913602098427688 ], [ 6.712658223195493, 50.913611083889101 ], [ 6.71268665007843, 50.913611641048114 ], [ 6.712686209416581, 50.913620626509697 ], [ 6.712714636305886, 50.913621183661981 ], [ 6.712714195649277, 50.913630169123707 ], [ 6.712742622544952, 50.913630726269261 ], [ 6.712742181893581, 50.913639711731157 ], [ 6.712756395344488, 50.913639990301419 ], [ 6.712757276641538, 50.913622019377449 ], [ 6.712828343872141, 50.913623412201972 ], [ 6.712827903237391, 50.913632397664401 ], [ 6.712856330136677, 50.91363295478228 ], [ 6.712855889507167, 50.913641940244887 ], [ 6.712870102959881, 50.913642218801328 ], [ 6.712869662332878, 50.913651204264006 ], [ 6.71289808924445, 50.913651761371867 ], [ 6.712897648622684, 50.913660746834694 ], [ 6.712911862081542, 50.913661025386126 ], [ 6.712912302700573, 50.9136520399232 ], [ 6.712926516156924, 50.913652318472806 ], [ 6.712927707552612, 50.913628022385481 ], [ 6.712560849275769, 50.91356590423397 ] ] ] ] } },
{ "type": "Feature", "properties": { "DN": 1, "gml_id": "DENW41AL30005eepFL", "identifier": "urn:adv:oid:DENW41AL30005eepFL", "aktualit_2": "2024-08-20Z", "idflurst": "DENW41AL30005eep", "flaeche": 475.0, "flstkennz_": "05468201900335______", "flstnrzae": "335", "flstnrnen": null, "gemarkung": "Horrem", "gemaschl": "054682", "flur": "19", "flurschl": "054682019", "land": "Nordrhein-Westfalen", "landschl": "05", "regbezirk": "Kï¿½ln", "regbezschl": "053", "kreis": "Rhein-Erft-Kreis", "kreisschl": "05362", "gemeinde": "Kerpen", "gmdschl": "05362032", "abwrecht": "Kein abweichender Rechtszustand", "lagebeztxt": "Merodestraï¿½e 22", "tntxt": "Wohnbauflï¿½che;475", "area": 481, "s area": 179.8, "layer": "swale suitability new", "path": "C:\\Users\\kanis\\Desktop\\Thesis\\Data\\Analysis\\Horrem\\S\\swale suitability new.shp", "final area": 147.8 }, "geometry": { "type": "MultiPolygon", "coordinates": [ [ [ [ 6.707933516010155, 50.908716003859098 ], [ 6.707932214717785, 50.908742487833813 ], [ 6.707927570464161, 50.908742396615501 ], [ 6.707923688783378, 50.90875962769087 ], [ 6.707915322680027, 50.908796754309435 ], [ 6.70791481915532, 50.908807001966004 ], [ 6.708028099423737, 50.908817685277597 ], [ 6.708029049211385, 50.908798354392957 ], [ 6.708014837281898, 50.908798075266162 ], [ 6.708015278767417, 50.908789089826456 ], [ 6.708029490694171, 50.908789368953165 ], [ 6.708029932176731, 50.908780383513346 ], [ 6.70801572025271, 50.908780104386736 ], [ 6.708017486191613, 50.90874416262767 ], [ 6.70803169810471, 50.908744441753932 ], [ 6.708032581067343, 50.908726470874107 ], [ 6.708061004883287, 50.908727029121074 ], [ 6.7080614463588, 50.908718043680977 ], [ 6.708075067366456, 50.908718311196608 ], [ 6.708075816892558, 50.908715094189375 ], [ 6.708076541209265, 50.90870035192134 ], [ 6.708062329309149, 50.908700072800713 ], [ 6.708062770783983, 50.908691087360538 ], [ 6.708076982681368, 50.908691366481087 ], [ 6.708077865624895, 50.908673395600538 ], [ 6.708063653732973, 50.90867311648018 ], [ 6.708065419628239, 50.908637174719246 ], [ 6.70805120774747, 50.908636895597503 ], [ 6.708050766271262, 50.908645881037685 ], [ 6.708022342504938, 50.90864532278885 ], [ 6.70802278398661, 50.908636337348867 ], [ 6.707980148347018, 50.908635499962912 ], [ 6.70798058983666, 50.908626514523164 ], [ 6.707953793945571, 50.908625988230135 ], [ 6.707933516010155, 50.908716003859098 ] ], [ [ 6.708063212258591, 50.908682101920363 ], [ 6.708049000364164, 50.908681822798201 ], [ 6.708047675931465, 50.908708779118392 ], [ 6.70803346402907, 50.908708499994219 ], [ 6.708034346989891, 50.908690529114281 ], [ 6.708020135093185, 50.90869024998856 ], [ 6.708020576575987, 50.908681264548655 ], [ 6.708006364682238, 50.908680985421292 ], [ 6.708007247652631, 50.908663014541595 ], [ 6.708035671429427, 50.908663572794239 ], [ 6.708035229949808, 50.908672558234272 ], [ 6.708063653732973, 50.90867311648018 ], [ 6.708063212258591, 50.908682101920363 ] ] ] ] } },
{ "type": "Feature", "properties": { "DN": 1, "gml_id": "DENW41AL30005duPFL", "identifier": "urn:adv:oid:DENW41AL30005duPFL", "aktualit_2": "2024-08-20Z", "idflurst": "DENW41AL30005duP", "flaeche": 546.0, "flstkennz_": "05468202100306______", "flstnrzae": "306", "flstnrnen": null, "gemarkung": "Horrem", "gemaschl": "054682", "flur": "21", "flurschl": "054682021", "land": "Nordrhein-Westfalen", "landschl": "05", "regbezirk": "Kï¿½ln", "regbezschl": "053", "kreis": "Rhein-Erft-Kreis", "kreisschl": "05362", "gemeinde": "Kerpen", "gmdschl": "05362032", "abwrecht": "Kein abweichender Rechtszustand", "lagebeztxt": "Wiesenstraï¿½e 23", "tntxt": "Wohnbauflï¿½che;546", "area": 546, "s area": 141.4, "layer": "swale suitability new", "path": "C:\\Users\\kanis\\Desktop\\Thesis\\Data\\Analysis\\Horrem\\S\\swale suitability new.shp", "final area": 105.6 }, "geometry": { "type": "MultiPolygon", "coordinates": [ [ [ [ 6.706040283852411, 50.911970175241258 ], [ 6.705995323923704, 50.91196929146188 ], [ 6.705995765847912, 50.911960306039774 ], [ 6.705981552975742, 50.911960026653126 ], [ 6.705982436828943, 50.911942055809028 ], [ 6.705968223962464, 50.911941776420818 ], [ 6.705968665891457, 50.911932790998847 ], [ 6.705941630076569, 50.911932259539917 ], [ 6.705921292719065, 50.911958842080089 ], [ 6.705924701489324, 50.911958909089222 ], [ 6.705924259551455, 50.911967894510873 ], [ 6.705952685299676, 50.911968453296467 ], [ 6.705952243367044, 50.911977438718289 ], [ 6.705938030490088, 50.91197715932627 ], [ 6.705937146618681, 50.911995130169693 ], [ 6.705922933736488, 50.91199485077577 ], [ 6.705922491797714, 50.912003836197364 ], [ 6.705908278913014, 50.912003556801615 ], [ 6.70590783697128, 50.91201254222311 ], [ 6.705880617933374, 50.912012007148554 ], [ 6.705879327040912, 50.912013694441853 ], [ 6.705878969249673, 50.91202096884755 ], [ 6.705873838793265, 50.912020867991757 ], [ 6.705864122959043, 50.912033567307084 ], [ 6.705863872459195, 50.912038660288808 ], [ 6.705892298249319, 50.912039219089642 ], [ 6.705891856303946, 50.912048204510981 ], [ 6.70590606920208, 50.912048483908904 ], [ 6.705904743372803, 50.912075440173069 ], [ 6.705890530466473, 50.912075160774883 ], [ 6.705889646573691, 50.912093131617397 ], [ 6.705903859485484, 50.912093411015768 ], [ 6.70590297559726, 50.912111381858402 ], [ 6.705931401432457, 50.912111940650306 ], [ 6.705931395878724, 50.912112053567789 ], [ 6.706040283852411, 50.911970175241258 ] ], [ [ 6.706008652955202, 50.911987541691232 ], [ 6.706008211033046, 50.911996527113388 ], [ 6.705993998149719, 50.911996247728105 ], [ 6.705994440074607, 50.911987262306049 ], [ 6.706008652955202, 50.911987541691232 ] ] ] ] } },
{ "type": "Feature", "properties": { "DN": 1, "gml_id": "DENW41AL30005bUaFL", "identifier": "urn:adv:oid:DENW41AL30005bUaFL", "aktualit_2": "2025-01-17Z", "idflurst": "DENW41AL30005bUa", "flaeche": 441.0, "flstkennz_": "05468202100043______", "flstnrzae": "43", "flstnrnen": null, "gemarkung": "Horrem", "gemaschl": "054682", "flur": "21", "flurschl": "054682021", "land": "Nordrhein-Westfalen", "landschl": "05", "regbezirk": "Kï¿½ln", "regbezschl": "053", "kreis": "Rhein-Erft-Kreis", "kreisschl": "05362", "gemeinde": "Kerpen", "gmdschl": "05362032", "abwrecht": "Kein abweichender Rechtszustand", "lagebeztxt": "Wiesenstraï¿½e 1", "tntxt": "Wohnbauflï¿½che;441", "area": 439, "s area": 228.9, "layer": "swale suitability new", "path": "C:\\Users\\kanis\\Desktop\\Thesis\\Data\\Analysis\\Horrem\\S\\swale suitability new.shp", "final area": 160.1 }, "geometry": { "type": "MultiPolygon", "coordinates": [ [ [ [ 6.7081885740069, 50.912929782838617 ], [ 6.708266993526203, 50.912931322837082 ], [ 6.708266552024035, 50.912940308271963 ], [ 6.708294978411157, 50.912940866494928 ], [ 6.708294536914227, 50.912949851929966 ], [ 6.70832296330772, 50.912950410146188 ], [ 6.708322521816028, 50.912959395581403 ], [ 6.708323198549535, 50.912959408870499 ], [ 6.708323760276828, 50.912958719158119 ], [ 6.70833762377305, 50.912941703929896 ], [ 6.708337617993539, 50.912941703816401 ], [ 6.708338059482046, 50.912932718381072 ], [ 6.708344836493766, 50.912932851461072 ], [ 6.708431388925637, 50.912826621796675 ], [ 6.708428636284236, 50.912826567745185 ], [ 6.708428927906429, 50.912820632217844 ], [ 6.708305086424978, 50.912788109512398 ], [ 6.7081885740069, 50.912929782838617 ] ], [ [ 6.70832958565595, 50.912815628616123 ], [ 6.708301159344428, 50.912815070402573 ], [ 6.708302042331275, 50.912797099531971 ], [ 6.708330468631869, 50.912797657745166 ], [ 6.70832958565595, 50.912815628616123 ] ] ] ] } },
{ "type": "Feature", "properties": { "DN": 1, "gml_id": "DENW41AL30005cTeFL", "identifier": "urn:adv:oid:DENW41AL30005cTeFL", "aktualit_2": "2024-08-20Z", "idflurst": "DENW41AL30005cTe", "flaeche": 493.0, "flstkennz_": "054682021000740035__", "flstnrzae": "74", "flstnrnen": "35", "gemarkung": "Horrem", "gemaschl": "054682", "flur": "21", "flurschl": "054682021", "land": "Nordrhein-Westfalen", "landschl": "05", "regbezirk": "Kï¿½ln", "regbezschl": "053", "kreis": "Rhein-Erft-Kreis", "kreisschl": "05362", "gemeinde": "Kerpen", "gmdschl": "05362032", "abwrecht": "Kein abweichender Rechtszustand", "lagebeztxt": "Merkurweg 30; Sistenichstraï¿½e 31", "tntxt": "Wohnbauflï¿½che;493", "area": 491, "s area": 11.5, "layer": "swale suitability new", "path": "C:\\Users\\kanis\\Desktop\\Thesis\\Data\\Analysis\\Horrem\\S\\swale suitability new.shp", "final area": 5.4 }, "geometry": { "type": "MultiPolygon", "coordinates": [ [ [ [ 6.709811431104063, 50.912799747814468 ], [ 6.709809961119291, 50.912799718966916 ], [ 6.709810402322072, 50.912790733522115 ], [ 6.709796189159068, 50.912790454596554 ], [ 6.709795306747815, 50.912808425485949 ], [ 6.709781093579573, 50.912808146558483 ], [ 6.709779919488511, 50.912832057523332 ], [ 6.709789620833414, 50.91283462446718 ], [ 6.709811431104063, 50.912799747814468 ] ] ] ] } },
{ "type": "Feature", "properties": { "DN": 1, "gml_id": "DENW41AL30005cTeFL", "identifier": "urn:adv:oid:DENW41AL30005cTeFL", "aktualit_2": "2024-08-20Z", "idflurst": "DENW41AL30005cTe", "flaeche": 493.0, "flstkennz_": "054682021000740035__", "flstnrzae": "74", "flstnrnen": "35", "gemarkung": "Horrem", "gemaschl": "054682", "flur": "21", "flurschl": "054682021", "land": "Nordrhein-Westfalen", "landschl": "05", "regbezirk": "Kï¿½ln", "regbezschl": "053", "kreis": "Rhein-Erft-Kreis", "kreisschl": "05362", "gemeinde": "Kerpen", "gmdschl": "05362032", "abwrecht": "Kein abweichender Rechtszustand", "lagebeztxt": "Merkurweg 30; Sistenichstraï¿½e 31", "tntxt": "Wohnbauflï¿½che;493", "area": 491, "s area": 115.6, "layer": "swale suitability new", "path": "C:\\Users\\kanis\\Desktop\\Thesis\\Data\\Analysis\\Horrem\\S\\swale suitability new.shp", "final area": 100.1 }, "geometry": { "type": "MultiPolygon", "coordinates": [ [ [ [ 6.709516365932903, 50.91269446339458 ], [ 6.709516338535635, 50.912695021292031 ], [ 6.709502125404703, 50.912694742331041 ], [ 6.709501684144073, 50.912703727774044 ], [ 6.709487471010634, 50.91270344881125 ], [ 6.709486588483231, 50.912721419697029 ], [ 6.709500801622134, 50.912721698660008 ], [ 6.709500360360825, 50.912730684102961 ], [ 6.709528786644774, 50.912731242023916 ], [ 6.709528345388703, 50.912740227467033 ], [ 6.709485705954923, 50.912739390582757 ], [ 6.709485264690429, 50.912748376025597 ], [ 6.709471051543556, 50.912748097060614 ], [ 6.709470943176925, 50.912750303709529 ], [ 6.709479660993746, 50.91275260958124 ], [ 6.709499031924972, 50.912757735131535 ], [ 6.709499036575542, 50.912757640431742 ], [ 6.7095132497256, 50.91275791939335 ], [ 6.709513076281458, 50.912761451266931 ], [ 6.709572074381491, 50.91277706213382 ], [ 6.709597646144298, 50.912777564013673 ], [ 6.709598087387611, 50.91276857857018 ], [ 6.709612300541984, 50.912768857519765 ], [ 6.709611859301403, 50.912777842963358 ], [ 6.709654498774077, 50.912778679802017 ], [ 6.709654057541467, 50.912787665245837 ], [ 6.709682483863179, 50.912788223129823 ], [ 6.709682042635807, 50.912797208573814 ], [ 6.709724682128265, 50.912798045387078 ], [ 6.709724240908866, 50.91280703083131 ], [ 6.709752667243767, 50.91280758869835 ], [ 6.709752226029604, 50.912816574142759 ], [ 6.709766439200127, 50.912816853073778 ], [ 6.709767321622762, 50.912798882184788 ], [ 6.709753108457703, 50.91279860325394 ], [ 6.709753549671413, 50.912789617809501 ], [ 6.70978197599629, 50.912790175669265 ], [ 6.709782417204309, 50.912781190224635 ], [ 6.70976820404449, 50.912780911295705 ], [ 6.709768645255015, 50.912771925851153 ], [ 6.70974021894152, 50.91277136798827 ], [ 6.709740660157284, 50.912762382543889 ], [ 6.709698020696934, 50.912761545736871 ], [ 6.709698461920669, 50.912752560292716 ], [ 6.709670035620364, 50.912752002412908 ], [ 6.709670476849338, 50.912743016968918 ], [ 6.709627837408774, 50.912742180136505 ], [ 6.709628278645717, 50.91273319469277 ], [ 6.709599852358602, 50.912732636796022 ], [ 6.709600293600785, 50.912723651352451 ], [ 6.7095860804603, 50.912723372401565 ], [ 6.709586521704988, 50.912714386958079 ], [ 6.709572308567461, 50.912714108005552 ], [ 6.709572545586228, 50.912709281417413 ], [ 6.709516365932903, 50.91269446339458 ] ], [ [ 6.709739336509315, 50.912789338877019 ], [ 6.709710910185794, 50.912788781006881 ], [ 6.709711351407475, 50.912779795562692 ], [ 6.70973977772553, 50.912780353432659 ], [ 6.709739336509315, 50.912789338877019 ] ], [ [ 6.709682925090323, 50.912779237685818 ], [ 6.709668711932087, 50.912778958744781 ], [ 6.709669153161739, 50.91276997330084 ], [ 6.709683366317243, 50.912770252241785 ], [ 6.709682925090323, 50.912779237685818 ] ], [ [ 6.709654940006461, 50.912769694358154 ], [ 6.70964072685141, 50.912769415413763 ], [ 6.7096411680863, 50.912760429969978 ], [ 6.709655381238619, 50.912760708914305 ], [ 6.709654940006461, 50.912769694358154 ] ], [ [ 6.70957054357642, 50.912750049779127 ], [ 6.70955633042819, 50.912749770824526 ], [ 6.709556771679021, 50.912740785381246 ], [ 6.70957098482452, 50.912741064335748 ], [ 6.70957054357642, 50.912750049779127 ] ] ] ] } },
{ "type": "Feature", "properties": { "DN": 1, "gml_id": "DENW41AL30005gawFL", "identifier": "urn:adv:oid:DENW41AL30005gawFL", "aktualit_2": "2024-08-20Z", "idflurst": "DENW41AL30005gaw", "flaeche": 867.0, "flstkennz_": "05468202100371______", "flstnrzae": "371", "flstnrnen": null, "gemarkung": "Horrem", "gemaschl": "054682", "flur": "21", "flurschl": "054682021", "land": "Nordrhein-Westfalen", "landschl": "05", "regbezirk": "Kï¿½ln", "regbezschl": "053", "kreis": "Rhein-Erft-Kreis", "kreisschl": "05362", "gemeinde": "Kerpen", "gmdschl": "05362032", "abwrecht": "Kein abweichender Rechtszustand", "lagebeztxt": "Adenauerstraï¿½e 28", "tntxt": "Wohnbauflï¿½che;867", "area": 858, "s area": 173.1, "layer": "swale suitability new", "path": "C:\\Users\\kanis\\Desktop\\Thesis\\Data\\Analysis\\Horrem\\S\\swale suitability new.shp", "final area": 154.3 }, "geometry": { "type": "MultiPolygon", "coordinates": [ [ [ [ 6.70588523514866, 50.91174227463349 ], [ 6.705949520735936, 50.911743538355744 ], [ 6.705949078806234, 50.911752523777885 ], [ 6.705977504423765, 50.911753082555741 ], [ 6.705977062499301, 50.911762067978067 ], [ 6.70604812656075, 50.911763464892907 ], [ 6.706047684649721, 50.911772450315638 ], [ 6.706090826396453, 50.911773298337131 ], [ 6.706106631832821, 50.91170165614065 ], [ 6.706065432725461, 50.91170084631041 ], [ 6.706065874631948, 50.911691860887444 ], [ 6.706051661840835, 50.911691581510382 ], [ 6.706052103749826, 50.911682596087481 ], [ 6.706023678173746, 50.91168203732834 ], [ 6.706024120087974, 50.911673051905609 ], [ 6.706009907303006, 50.911672772523524 ], [ 6.706009465386044, 50.91168175794617 ], [ 6.705938401450937, 50.911680361009388 ], [ 6.705937959520088, 50.911689346431579 ], [ 6.705895321153545, 50.91168850824851 ], [ 6.705896205031409, 50.91167053740466 ], [ 6.705839353901045, 50.911669419803729 ], [ 6.705838911951298, 50.911678405225295 ], [ 6.705824699166542, 50.911678125820657 ], [ 6.705824257213837, 50.911687111242131 ], [ 6.705810044426574, 50.911686831835667 ], [ 6.705809602470911, 50.911695817257034 ], [ 6.705823815260906, 50.911696096663576 ], [ 6.705822931354362, 50.911714067506438 ], [ 6.705808718558903, 50.911713788099696 ], [ 6.70580827660256, 50.911722773521021 ], [ 6.705794474746376, 50.911722502191182 ], [ 6.70588523514866, 50.91174227463349 ] ] ] ] } },
{ "type": "Feature", "properties": { "DN": 1, "gml_id": "DENW41AL30005XMlFL", "identifier": "urn:adv:oid:DENW41AL30005XMlFL", "aktualit_2": "2024-08-20Z", "idflurst": "DENW41AL30005XMl", "flaeche": 666.0, "flstkennz_": "05468202000352______", "flstnrzae": "352", "flstnrnen": null, "gemarkung": "Horrem", "gemaschl": "054682", "flur": "20", "flurschl": "054682020", "land": "Nordrhein-Westfalen", "landschl": "05", "regbezirk": "Kï¿½ln", "regbezschl": "053", "kreis": "Rhein-Erft-Kreis", "kreisschl": "05362", "gemeinde": "Kerpen", "gmdschl": "05362032", "abwrecht": "Kein abweichender Rechtszustand", "lagebeztxt": "An der Malzmï¿½hle 15", "tntxt": "Wohnbauflï¿½che;666", "area": 666, "s area": 126.0, "layer": "swale suitability new", "path": "C:\\Users\\kanis\\Desktop\\Thesis\\Data\\Analysis\\Horrem\\S\\swale suitability new.shp", "final area": 122.5 }, "geometry": { "type": "MultiPolygon", "coordinates": [ [ [ [ 6.709748470236594, 50.910532145696969 ], [ 6.709741858004271, 50.910532525557677 ], [ 6.709707954183707, 50.910531116083781 ], [ 6.709707508747695, 50.91054018806885 ], [ 6.709703643149512, 50.910540112204089 ], [ 6.709698681418431, 50.910575991251612 ], [ 6.709805231416253, 50.910578082318409 ], [ 6.709804790247235, 50.910587067766592 ], [ 6.709861640216773, 50.910588183419847 ], [ 6.709862081374864, 50.910579197971302 ], [ 6.709961568811138, 50.910581150297318 ], [ 6.709962009949879, 50.910572164848141 ], [ 6.709976222438947, 50.910572443744854 ], [ 6.709978869250251, 50.910518531048908 ], [ 6.70980831959305, 50.910515184180653 ], [ 6.709807878425615, 50.910524169628957 ], [ 6.709793665952918, 50.910523890711943 ], [ 6.709793224782524, 50.91053287616014 ], [ 6.709748981296133, 50.910532007879105 ], [ 6.709748470236594, 50.910532145696969 ] ], [ [ 6.709721721224497, 50.910540466996416 ], [ 6.709721280039991, 50.910549452444137 ], [ 6.709707067560456, 50.910549173516479 ], [ 6.709707508747695, 50.91054018806885 ], [ 6.709721721224497, 50.910540466996416 ] ], [ [ 6.709863846004965, 50.910543256176986 ], [ 6.709863404847779, 50.910552241625588 ], [ 6.709849192365982, 50.910551962715232 ], [ 6.709849633525901, 50.910542977266701 ], [ 6.709863846004965, 50.910543256176986 ] ] ] ] } },
{ "type": "Feature", "properties": { "DN": 1, "gml_id": "DENW41AL30005fxgFL", "identifier": "urn:adv:oid:DENW41AL30005fxgFL", "aktualit_2": "2024-08-20Z", "idflurst": "DENW41AL30005fxg", "flaeche": 432.0, "flstkennz_": "05468201900356______", "flstnrzae": "356", "flstnrnen": null, "gemarkung": "Horrem", "gemaschl": "054682", "flur": "19", "flurschl": "054682019", "land": "Nordrhein-Westfalen", "landschl": "05", "regbezirk": "Kï¿½ln", "regbezschl": "053", "kreis": "Rhein-Erft-Kreis", "kreisschl": "05362", "gemeinde": "Kerpen", "gmdschl": "05362032", "abwrecht": "Kein abweichender Rechtszustand", "lagebeztxt": "Merodestraï¿½e 4", "tntxt": "Wohnbauflï¿½che;432", "area": 431, "s area": 81.3, "layer": "swale suitability new", "path": "C:\\Users\\kanis\\Desktop\\Thesis\\Data\\Analysis\\Horrem\\S\\swale suitability new.shp", "final area": 49.4 }, "geometry": { "type": "MultiPolygon", "coordinates": [ [ [ [ 6.71091847559327, 50.909116448464921 ], [ 6.710895661937689, 50.909230219671905 ], [ 6.710894871377148, 50.909246329754922 ], [ 6.711018036748635, 50.909254286000809 ], [ 6.711022582749654, 50.909225868072049 ], [ 6.710981269855819, 50.909225057732414 ], [ 6.710981710776946, 50.909216072274731 ], [ 6.710967498690937, 50.909215793505716 ], [ 6.710967939614569, 50.909206808048097 ], [ 6.710953727531517, 50.909206529277448 ], [ 6.710954609383566, 50.909188558362366 ], [ 6.710968821461154, 50.909188837132852 ], [ 6.710969703306836, 50.909170866217522 ], [ 6.710955491234712, 50.909170587447214 ], [ 6.71095505030925, 50.909179572904797 ], [ 6.710940838234621, 50.90917929413267 ], [ 6.710940397306204, 50.90918827959014 ], [ 6.710926185229068, 50.909188000816194 ], [ 6.710925744297692, 50.909196986273571 ], [ 6.71091153221805, 50.909196707497813 ], [ 6.710914177819304, 50.909142794753869 ], [ 6.710928389882555, 50.909143073529094 ], [ 6.710929712671934, 50.909116117156643 ], [ 6.710918585747696, 50.909115898897859 ], [ 6.71091847559327, 50.909116448464921 ] ] ] ] } },
{ "type": "Feature", "properties": { "DN": 1, "gml_id": "DENW41AL30005fxgFL", "identifier": "urn:adv:oid:DENW41AL30005fxgFL", "aktualit_2": "2024-08-20Z", "idflurst": "DENW41AL30005fxg", "flaeche": 432.0, "flstkennz_": "05468201900356______", "flstnrzae": "356", "flstnrnen": null, "gemarkung": "Horrem", "gemaschl": "054682", "flur": "19", "flurschl": "054682019", "land": "Nordrhein-Westfalen", "landschl": "05", "regbezirk": "Kï¿½ln", "regbezschl": "053", "kreis": "Rhein-Erft-Kreis", "kreisschl": "05362", "gemeinde": "Kerpen", "gmdschl": "05362032", "abwrecht": "Kein abweichender Rechtszustand", "lagebeztxt": "Merodestraï¿½e 4", "tntxt": "Wohnbauflï¿½che;432", "area": 431, "s area": 38.4, "layer": "swale suitability new", "path": "C:\\Users\\kanis\\Desktop\\Thesis\\Data\\Analysis\\Horrem\\S\\swale suitability new.shp", "final area": 33.5 }, "geometry": { "type": "MultiPolygon", "coordinates": [ [ [ [ 6.711045531168999, 50.909082412491259 ], [ 6.710988324566721, 50.909081290407613 ], [ 6.710988765484231, 50.90907230494966 ], [ 6.710974553441931, 50.909072026182052 ], [ 6.710974112521688, 50.909081011639913 ], [ 6.7109456884323, 50.909080454099346 ], [ 6.710944365653826, 50.909107410472267 ], [ 6.710958577706602, 50.90910768924369 ], [ 6.710955932159945, 50.909161601989616 ], [ 6.710970144229337, 50.909161880759839 ], [ 6.710971907917086, 50.909125938928923 ], [ 6.710986119975777, 50.909126217697057 ], [ 6.710986560894419, 50.909117232239204 ], [ 6.711039794078723, 50.90911827638736 ], [ 6.711045531168999, 50.909082412491259 ] ] ] ] } },
{ "type": "Feature", "properties": { "DN": 1, "gml_id": "DENW41AL30005e6zFL", "identifier": "urn:adv:oid:DENW41AL30005e6zFL", "aktualit_2": "2024-08-20Z", "idflurst": "DENW41AL30005e6z", "flaeche": 906.0, "flstkennz_": "05468201900226______", "flstnrzae": "226", "flstnrnen": null, "gemarkung": "Horrem", "gemaschl": "054682", "flur": "19", "flurschl": "054682019", "land": "Nordrhein-Westfalen", "landschl": "05", "regbezirk": "Kï¿½ln", "regbezschl": "053", "kreis": "Rhein-Erft-Kreis", "kreisschl": "05362", "gemeinde": "Kerpen", "gmdschl": "05362032", "abwrecht": "Kein abweichender Rechtszustand", "lagebeztxt": "Merodestraï¿½e 12", "tntxt": "Wohnbauflï¿½che;906", "area": 907, "s area": 77.7, "layer": "swale suitability new", "path": "C:\\Users\\kanis\\Desktop\\Thesis\\Data\\Analysis\\Horrem\\S\\swale suitability new.shp", "final area": 62.3 }, "geometry": { "type": "MultiPolygon", "coordinates": [ [ [ [ 6.710473709943066, 50.908857131690503 ], [ 6.710373821512942, 50.908844382730166 ], [ 6.710359808707132, 50.908844107796199 ], [ 6.710358926636875, 50.908862078704871 ], [ 6.710330502693034, 50.908861521016249 ], [ 6.710331608358562, 50.908838994953065 ], [ 6.710290552264942, 50.908833754838916 ], [ 6.710289189924985, 50.90883372810864 ], [ 6.710289197102811, 50.908833581875179 ], [ 6.710207283056737, 50.908823126888699 ], [ 6.710204359216735, 50.908823069518355 ], [ 6.710203477087285, 50.908841040425138 ], [ 6.710189265123201, 50.90884076156285 ], [ 6.710188382987385, 50.908858732469405 ], [ 6.710245230866931, 50.908859847908893 ], [ 6.710244789809611, 50.908868833362497 ], [ 6.710287425729839, 50.908869669924215 ], [ 6.710287866778965, 50.908860684470355 ], [ 6.710302078750096, 50.908860963320713 ], [ 6.710301637703702, 50.908869948774665 ], [ 6.7103726975764, 50.908871343000996 ], [ 6.710372256543438, 50.908880328455389 ], [ 6.710443316435446, 50.908881722638945 ], [ 6.710443757454749, 50.908872737184105 ], [ 6.710457969431096, 50.908873016015541 ], [ 6.710458410447441, 50.908864030560608 ], [ 6.71047198543378, 50.908864296892972 ], [ 6.710473709943066, 50.908857131690503 ] ] ] ] } },
{ "type": "Feature", "properties": { "DN": 1, "gml_id": "DENW41AL30005gqxFL", "identifier": "urn:adv:oid:DENW41AL30005gqxFL", "aktualit_2": "2024-08-20Z", "idflurst": "DENW41AL30005gqx", "flaeche": 470.0, "flstkennz_": "05468202100365______", "flstnrzae": "365", "flstnrnen": null, "gemarkung": "Horrem", "gemaschl": "054682", "flur": "21", "flurschl": "054682021", "land": "Nordrhein-Westfalen", "landschl": "05", "regbezirk": "Kï¿½ln", "regbezschl": "053", "kreis": "Rhein-Erft-Kreis", "kreisschl": "05362", "gemeinde": "Kerpen", "gmdschl": "05362032", "abwrecht": "Kein abweichender Rechtszustand", "lagebeztxt": "Sistenichstraï¿½e 32", "tntxt": "Wohnbauflï¿½che;470", "area": 469, "s area": 221.2, "layer": "swale suitability new", "path": "C:\\Users\\kanis\\Desktop\\Thesis\\Data\\Analysis\\Horrem\\S\\swale suitability new.shp", "final area": 159.1 }, "geometry": { "type": "MultiPolygon", "coordinates": [ [ [ [ 6.708825949645941, 50.912123687165703 ], [ 6.708818847565213, 50.912123445854746 ], [ 6.70881883533387, 50.912123694853847 ], [ 6.708833048284094, 50.912123973895774 ], [ 6.708832606903606, 50.912132959335452 ], [ 6.708846819856788, 50.912133238375738 ], [ 6.708846378478806, 50.912142223815508 ], [ 6.708803739611741, 50.912141386689193 ], [ 6.70880418099792, 50.9121324012497 ], [ 6.708789968045416, 50.91213212220422 ], [ 6.7087904094341, 50.912123136764805 ], [ 6.708804622383872, 50.912123415810193 ], [ 6.708804644613575, 50.912122963272672 ], [ 6.708744438741061, 50.912120917602806 ], [ 6.708605803307457, 50.912116207347957 ], [ 6.708602992559039, 50.912173421646827 ], [ 6.708617205522263, 50.912173700715222 ], [ 6.708617069265731, 50.912176474302811 ], [ 6.708633531114609, 50.912177320098998 ], [ 6.70883588119912, 50.912187372142427 ], [ 6.708835907187745, 50.91218737344353 ], [ 6.70888671477361, 50.912189936835844 ], [ 6.708887251866503, 50.912179002686187 ], [ 6.708873038898981, 50.912178723650648 ], [ 6.708873480272402, 50.912169738210785 ], [ 6.708916119167451, 50.912170575311954 ], [ 6.708915677802226, 50.91217956075208 ], [ 6.708929890770427, 50.912179839782446 ], [ 6.708929449407706, 50.912188825222657 ], [ 6.708943662378864, 50.912189104251382 ], [ 6.708945427817459, 50.912153162490071 ], [ 6.708973853738598, 50.912153720541603 ], [ 6.708974736445609, 50.912135749660507 ], [ 6.708988949401054, 50.912136028683499 ], [ 6.708989283052484, 50.912129235884144 ], [ 6.708825949645941, 50.912123687165703 ] ] ] ] } },
{ "type": "Feature", "properties": { "DN": 1, "gml_id": "DENW41AL30005ZtpFL", "identifier": "urn:adv:oid:DENW41AL30005ZtpFL", "aktualit_2": "2024-08-20Z", "idflurst": "DENW41AL30005Ztp", "flaeche": 758.0, "flstkennz_": "054682021000520002__", "flstnrzae": "52", "flstnrnen": "2", "gemarkung": "Horrem", "gemaschl": "054682", "flur": "21", "flurschl": "054682021", "land": "Nordrhein-Westfalen", "landschl": "05", "regbezirk": "Kï¿½ln", "regbezschl": "053", "kreis": "Rhein-Erft-Kreis", "kreisschl": "05362", "gemeinde": "Kerpen", "gmdschl": "05362032", "abwrecht": "Kein abweichender Rechtszustand", "lagebeztxt": "Adenauerstraï¿½e 22", "tntxt": "Wohnbauflï¿½che;758", "area": 751, "s area": 148.2, "layer": "swale suitability new", "path": "C:\\Users\\kanis\\Desktop\\Thesis\\Data\\Analysis\\Horrem\\S\\swale suitability new.shp", "final area": 116.5 }, "geometry": { "type": "MultiPolygon", "coordinates": [ [ [ [ 6.706597994226018, 50.91160558622871 ], [ 6.706595862382757, 50.911618519463154 ], [ 6.706594398889928, 50.911648284065677 ], [ 6.706590967260618, 50.911648216626752 ], [ 6.706565585191159, 50.911802200972012 ], [ 6.706572578740321, 50.911802722041813 ], [ 6.706574884410634, 50.911755829867204 ], [ 6.706589097226519, 50.911756109180828 ], [ 6.706591306256902, 50.9117111820498 ], [ 6.706605519059351, 50.911711461361271 ], [ 6.706603751846425, 50.911747403066471 ], [ 6.70661796466003, 50.91174768237655 ], [ 6.706617522858966, 50.911756667802905 ], [ 6.706631735675527, 50.91175694711135 ], [ 6.706631293876968, 50.911765932537769 ], [ 6.706659719516236, 50.911766491149649 ], [ 6.706661044894843, 50.91173953486981 ], [ 6.706675257706621, 50.91173981417289 ], [ 6.706675699496304, 50.911730828746144 ], [ 6.706689912305577, 50.911731108047405 ], [ 6.706695213731338, 50.911623282924197 ], [ 6.706709426508051, 50.911623562222658 ], [ 6.706709952946236, 50.911612854950903 ], [ 6.706597994226018, 50.91160558622871 ] ], [ [ 6.706606402664455, 50.911693490508561 ], [ 6.706605960862016, 50.911702475934923 ], [ 6.706591748062299, 50.911702196623565 ], [ 6.706592189867471, 50.911693211197282 ], [ 6.706606402664455, 50.911693490508561 ] ] ] ] } },
{ "type": "Feature", "properties": { "DN": 1, "gml_id": "DENW41AL30005VXFFL", "identifier": "urn:adv:oid:DENW41AL30005VXFFL", "aktualit_2": "2024-08-20Z", "idflurst": "DENW41AL30005VXF", "flaeche": 449.0, "flstkennz_": "05468201900129______", "flstnrzae": "129", "flstnrnen": null, "gemarkung": "Horrem", "gemaschl": "054682", "flur": "19", "flurschl": "054682019", "land": "Nordrhein-Westfalen", "landschl": "05", "regbezirk": "Kï¿½ln", "regbezschl": "053", "kreis": "Rhein-Erft-Kreis", "kreisschl": "05362", "gemeinde": "Kerpen", "gmdschl": "05362032", "abwrecht": "Kein abweichender Rechtszustand", "lagebeztxt": "Sistenichstraï¿½e 62", "tntxt": "Wohnbauflï¿½che;449", "area": 449, "s area": 155.3, "layer": "swale suitability new", "path": "C:\\Users\\kanis\\Desktop\\Thesis\\Data\\Analysis\\Horrem\\S\\swale suitability new.shp", "final area": 107.3 }, "geometry": { "type": "MultiPolygon", "coordinates": [ [ [ [ 6.709155869674627, 50.909687279116689 ], [ 6.709150209144704, 50.909744057356569 ], [ 6.709333948421481, 50.90974604576428 ], [ 6.709334177582129, 50.909741379187444 ], [ 6.709319965352516, 50.909741100215825 ], [ 6.709320406601589, 50.909732114769376 ], [ 6.709277769922301, 50.909731277844422 ], [ 6.709278211179342, 50.909722292398229 ], [ 6.709320847850433, 50.909723129322913 ], [ 6.709321289099051, 50.909714143876442 ], [ 6.70930707687786, 50.909713864903352 ], [ 6.709307518128987, 50.909704879456939 ], [ 6.709279093692745, 50.909704321505785 ], [ 6.709280417461153, 50.909677365166992 ], [ 6.709294629670965, 50.909677644143166 ], [ 6.709295070923918, 50.909668658696781 ], [ 6.709323495338755, 50.909669216643778 ], [ 6.709324377833055, 50.909651245750595 ], [ 6.709310165630986, 50.909650966778138 ], [ 6.709310606880527, 50.909641981331617 ], [ 6.709296394681417, 50.909641702357519 ], [ 6.709296585138869, 50.909637823973299 ], [ 6.709251844536175, 50.909637345777703 ], [ 6.709160970228251, 50.909636384892764 ], [ 6.709155869674627, 50.909687279116689 ] ], [ [ 6.709206267523754, 50.909738868380664 ], [ 6.709192055296175, 50.909738589393491 ], [ 6.709192496569834, 50.909729603947845 ], [ 6.709206708794681, 50.909729882934926 ], [ 6.709206267523754, 50.909738868380664 ] ], [ [ 6.70923645704008, 50.909703484566066 ], [ 6.709264881474964, 50.909704042527601 ], [ 6.709263557696325, 50.909730998865989 ], [ 6.709249345470575, 50.909730719885808 ], [ 6.709250227995357, 50.909712748993755 ], [ 6.709236015775296, 50.909712470012032 ], [ 6.70923645704008, 50.909703484566066 ] ], [ [ 6.709180049448513, 50.909693383176617 ], [ 6.709165837235045, 50.909693104186424 ], [ 6.709166278513036, 50.90968411874087 ], [ 6.709223127357332, 50.909685234690897 ], [ 6.709222686090269, 50.909694220136807 ], [ 6.709208473876123, 50.909693941151808 ], [ 6.709207150065379, 50.909720897489173 ], [ 6.709164513399716, 50.909720060522986 ], [ 6.709165395956829, 50.909702089631963 ], [ 6.709179608173027, 50.909702368622249 ], [ 6.709180049448513, 50.909693383176617 ] ] ] ] } },
{ "type": "Feature", "properties": { "DN": 1, "gml_id": "DENW41AL30005YQOFL", "identifier": "urn:adv:oid:DENW41AL30005YQOFL", "aktualit_2": "2024-08-20Z", "idflurst": "DENW41AL30005YQO", "flaeche": 381.0, "flstkennz_": "05468201900230______", "flstnrzae": "230", "flstnrnen": null, "gemarkung": "Horrem", "gemaschl": "054682", "flur": "19", "flurschl": "054682019", "land": "Nordrhein-Westfalen", "landschl": "05", "regbezirk": "Kï¿½ln", "regbezschl": "053", "kreis": "Rhein-Erft-Kreis", "kreisschl": "05362", "gemeinde": "Kerpen", "gmdschl": "05362032", "abwrecht": "Kein abweichender Rechtszustand", "lagebeztxt": "Grabenweg 1", "tntxt": "Wohnbauflï¿½che;381", "area": 381, "s area": 57.6, "layer": "swale suitability new", "path": "C:\\Users\\kanis\\Desktop\\Thesis\\Data\\Analysis\\Horrem\\S\\swale suitability new.shp", "final area": 35.2 }, "geometry": { "type": "MultiPolygon", "coordinates": [ [ [ [ 6.709131004608037, 50.909935261316704 ], [ 6.709139710356814, 50.909935432215768 ], [ 6.709140151643641, 50.909926446770768 ], [ 6.709168576212404, 50.909927004757485 ], [ 6.709168134931039, 50.909935990202676 ], [ 6.709182347218492, 50.909936269193537 ], [ 6.709181905939634, 50.909945254638799 ], [ 6.70921033052068, 50.909945812615511 ], [ 6.709210771794075, 50.909936827170064 ], [ 6.709296045526251, 50.909938501058164 ], [ 6.709297369295906, 50.909911544720146 ], [ 6.709304516426489, 50.909911685012474 ], [ 6.709305380170767, 50.90990308725641 ], [ 6.709226697395519, 50.909902218491368 ], [ 6.709226307892838, 50.909910149819048 ], [ 6.709212095612903, 50.909909870833644 ], [ 6.709211654340186, 50.90991885627912 ], [ 6.709140592930244, 50.909917461325719 ], [ 6.709141387787134, 50.909901276497088 ], [ 6.709134430851328, 50.909901199675403 ], [ 6.709131004608037, 50.909935261316704 ] ] ] ] } },
{ "type": "Feature", "properties": { "DN": 1, "gml_id": "DENW41AL30005YQOFL", "identifier": "urn:adv:oid:DENW41AL30005YQOFL", "aktualit_2": "2024-08-20Z", "idflurst": "DENW41AL30005YQO", "flaeche": 381.0, "flstkennz_": "05468201900230______", "flstnrzae": "230", "flstnrnen": null, "gemarkung": "Horrem", "gemaschl": "054682", "flur": "19", "flurschl": "054682019", "land": "Nordrhein-Westfalen", "landschl": "05", "regbezirk": "Kï¿½ln", "regbezschl": "053", "kreis": "Rhein-Erft-Kreis", "kreisschl": "05362", "gemeinde": "Kerpen", "gmdschl": "05362032", "abwrecht": "Kein abweichender Rechtszustand", "lagebeztxt": "Grabenweg 1", "tntxt": "Wohnbauflï¿½che;381", "area": 381, "s area": 57.6, "layer": "swale suitability new", "path": "C:\\Users\\kanis\\Desktop\\Thesis\\Data\\Analysis\\Horrem\\S\\swale suitability new.shp", "final area": 0.9 }, "geometry": { "type": "MultiPolygon", "coordinates": [ [ [ [ 6.709198260858783, 50.909901904500202 ], [ 6.709197883333195, 50.909909591846507 ], [ 6.709212095612903, 50.909909870833644 ], [ 6.709212479127077, 50.909902061496659 ], [ 6.709198260858783, 50.909901904500202 ] ] ] ] } },
{ "type": "Feature", "properties": { "DN": 1, "gml_id": "DENW41AL30005as1FL", "identifier": "urn:adv:oid:DENW41AL30005as1FL", "aktualit_2": "2024-08-20Z", "idflurst": "DENW41AL30005as1", "flaeche": 443.0, "flstkennz_": "05468201900140______", "flstnrzae": "140", "flstnrnen": null, "gemarkung": "Horrem", "gemaschl": "054682", "flur": "19", "flurschl": "054682019", "land": "Nordrhein-Westfalen", "landschl": "05", "regbezirk": "Kï¿½ln", "regbezschl": "053", "kreis": "Rhein-Erft-Kreis", "kreisschl": "05362", "gemeinde": "Kerpen", "gmdschl": "05362032", "abwrecht": "Kein abweichender Rechtszustand", "lagebeztxt": "Sistenichstraï¿½e 60", "tntxt": "Wohnbauflï¿½che;443", "area": 444, "s area": 174.8, "layer": "swale suitability new", "path": "C:\\Users\\kanis\\Desktop\\Thesis\\Data\\Analysis\\Horrem\\S\\swale suitability new.shp", "final area": 111.9 }, "geometry": { "type": "MultiPolygon", "coordinates": [ [ [ [ 6.709147494466002, 50.909771001254391 ], [ 6.709137137132224, 50.909874256120048 ], [ 6.70932754915144, 50.909876358582984 ], [ 6.709327558859902, 50.909876160883492 ], [ 6.709313346589313, 50.909875881910544 ], [ 6.70931820035397, 50.909777042001451 ], [ 6.70933241259451, 50.909777320973419 ], [ 6.709332624552439, 50.909773004716726 ], [ 6.709147494466002, 50.909771001254391 ] ], [ [ 6.709174754127765, 50.909801208523035 ], [ 6.709188966374239, 50.909801487512553 ], [ 6.709189407649481, 50.909792502067027 ], [ 6.709260468871586, 50.909793896988276 ], [ 6.709260027610005, 50.909802882434249 ], [ 6.70923160311502, 50.90980232447076 ], [ 6.709231161847748, 50.909811309916542 ], [ 6.709202737348206, 50.909810751945955 ], [ 6.709201413528644, 50.909837708282673 ], [ 6.709229838044578, 50.909838266253786 ], [ 6.709228955507999, 50.909856237145206 ], [ 6.709186318718046, 50.9098554001854 ], [ 6.709185877441223, 50.909864385630812 ], [ 6.709157452910254, 50.909863827648785 ], [ 6.709158335474602, 50.909845856758302 ], [ 6.70917254773451, 50.909846135749994 ], [ 6.709174754127765, 50.909801208523035 ] ], [ [ 6.709275122375308, 50.909785190521262 ], [ 6.709303546860723, 50.909785748474022 ], [ 6.709302664354176, 50.909803719366522 ], [ 6.709288452105893, 50.909803440390817 ], [ 6.709288893362011, 50.909794454944681 ], [ 6.709274681116685, 50.909794175967342 ], [ 6.709275122375308, 50.909785190521262 ] ] ] ] } },
{ "type": "Feature", "properties": { "DN": 1, "gml_id": "DENW41AL30005Tu9FL", "identifier": "urn:adv:oid:DENW41AL30005Tu9FL", "aktualit_2": "2024-08-20Z", "idflurst": "DENW41AL30005Tu9", "flaeche": 1326.0, "flstkennz_": "05468201900385______", "flstnrzae": "385", "flstnrnen": null, "gemarkung": "Horrem", "gemaschl": "054682", "flur": "19", "flurschl": "054682019", "land": "Nordrhein-Westfalen", "landschl": "05", "regbezirk": "Kï¿½ln", "regbezschl": "053", "kreis": "Rhein-Erft-Kreis", "kreisschl": "05362", "gemeinde": "Kerpen", "gmdschl": "05362032", "abwrecht": "Kein abweichender Rechtszustand", "lagebeztxt": "Hebbelstraï¿½e 7, 9, 11", "tntxt": "Wohnbauflï¿½che;1326", "area": 1325, "s area": 228.4, "layer": "swale suitability new", "path": "C:\\Users\\kanis\\Desktop\\Thesis\\Data\\Analysis\\Horrem\\S\\swale suitability new.shp", "final area": 214.7 }, "geometry": { "type": "MultiPolygon", "coordinates": [ [ [ [ 6.708402132469896, 50.908732878188289 ], [ 6.708401207924624, 50.908751698429811 ], [ 6.708372784086895, 50.908751140265466 ], [ 6.708371901254478, 50.908769111149468 ], [ 6.708386113178694, 50.908769390232685 ], [ 6.708385230350836, 50.908787361116815 ], [ 6.708399442280741, 50.908787640198476 ], [ 6.708399000869204, 50.908796625640605 ], [ 6.708384788936567, 50.908796346558844 ], [ 6.708384347522072, 50.908805332000867 ], [ 6.708398559457441, 50.908805611082705 ], [ 6.708395910982115, 50.908859523735003 ], [ 6.708381699030356, 50.908859244652625 ], [ 6.708380816197975, 50.908877215536414 ], [ 6.708366604240979, 50.908876936452138 ], [ 6.708364838562574, 50.908912878219155 ], [ 6.708350626594878, 50.90891259913279 ], [ 6.708348860901928, 50.908948540899182 ], [ 6.708363072880551, 50.908948819985902 ], [ 6.708360424350728, 50.909002732635535 ], [ 6.708346212355715, 50.909002453548283 ], [ 6.708345770930555, 50.909011438989737 ], [ 6.708359982928299, 50.909011718077075 ], [ 6.708356451540726, 50.909083601608849 ], [ 6.708342239521127, 50.9090833225208 ], [ 6.70834091523886, 50.909110278844672 ], [ 6.708326703211291, 50.909109999754627 ], [ 6.708326261780686, 50.909118985195789 ], [ 6.708340473810984, 50.909119264285927 ], [ 6.708339149526002, 50.9091462206096 ], [ 6.708353361564723, 50.909146499698281 ], [ 6.708352478712401, 50.909164470580819 ], [ 6.708366690756812, 50.909164749667937 ], [ 6.708367132180355, 50.90915576422659 ], [ 6.708381344222259, 50.909156043311896 ], [ 6.708382227063203, 50.909138072428959 ], [ 6.708396439099869, 50.909138351512361 ], [ 6.708398646184611, 50.909093424304295 ], [ 6.708384434161601, 50.909093145221341 ], [ 6.708385316999376, 50.909075174338184 ], [ 6.708399529016923, 50.909075453420968 ], [ 6.708401736093746, 50.909030526212312 ], [ 6.708415948097858, 50.909030805292929 ], [ 6.708417713744319, 50.908994863525344 ], [ 6.708431925737731, 50.908995142603871 ], [ 6.708437222622615, 50.908887317298472 ], [ 6.708451434583474, 50.9088875963742 ], [ 6.70845275879141, 50.908860640047216 ], [ 6.708438546838747, 50.908860360971765 ], [ 6.708438988243672, 50.90885137552948 ], [ 6.708453200193604, 50.90885165460486 ], [ 6.708454524398826, 50.908824698277662 ], [ 6.708468736340789, 50.908824977351038 ], [ 6.708470501933659, 50.90878903558086 ], [ 6.70848471386492, 50.908789314652154 ], [ 6.708485596654534, 50.908771343766794 ], [ 6.70849980858056, 50.908771622836177 ], [ 6.708500099869227, 50.908765693052679 ], [ 6.708402132469896, 50.908732878188289 ] ] ] ] } },
{ "type": "Feature", "properties": { "DN": 1, "gml_id": "DENW41AL30005h8MFL", "identifier": "urn:adv:oid:DENW41AL30005h8MFL", "aktualit_2": "2024-08-20Z", "idflurst": "DENW41AL30005h8M", "flaeche": 549.0, "flstkennz_": "05468201900384______", "flstnrzae": "384", "flstnrnen": null, "gemarkung": "Horrem", "gemaschl": "054682", "flur": "19", "flurschl": "054682019", "land": "Nordrhein-Westfalen", "landschl": "05", "regbezirk": "Kï¿½ln", "regbezschl": "053", "kreis": "Rhein-Erft-Kreis", "kreisschl": "05362", "gemeinde": "Kerpen", "gmdschl": "05362032", "abwrecht": "Kein abweichender Rechtszustand", "lagebeztxt": "Merodestraï¿½e 20", "tntxt": "Wohnbauflï¿½che;549", "area": 549, "s area": 51.7, "layer": "swale suitability new", "path": "C:\\Users\\kanis\\Desktop\\Thesis\\Data\\Analysis\\Horrem\\S\\swale suitability new.shp", "final area": 36.3 }, "geometry": { "type": "MultiPolygon", "coordinates": [ [ [ [ 6.708529565542654, 50.908745042417564 ], [ 6.708530880747532, 50.908718268311659 ], [ 6.708545092657846, 50.908718547375329 ], [ 6.708545975421988, 50.908700576488989 ], [ 6.708503339708116, 50.90869973929334 ], [ 6.708503781098042, 50.908690753850415 ], [ 6.708489569196602, 50.908690474781828 ], [ 6.708489127803944, 50.908699460224661 ], [ 6.708474915899998, 50.908699181154255 ], [ 6.708475357295389, 50.908690195711507 ], [ 6.70844693349364, 50.908689637565701 ], [ 6.708447374894267, 50.908680652123103 ], [ 6.708404739201535, 50.908679814891684 ], [ 6.708403856383665, 50.908697785776312 ], [ 6.708389644481077, 50.908697506695539 ], [ 6.70838961218835, 50.908698164050776 ], [ 6.708529565542654, 50.908745042417564 ] ] ] ] } },
{ "type": "Feature", "properties": { "DN": 1, "gml_id": "DENW41AL30005h8MFL", "identifier": "urn:adv:oid:DENW41AL30005h8MFL", "aktualit_2": "2024-08-20Z", "idflurst": "DENW41AL30005h8M", "flaeche": 549.0, "flstkennz_": "05468201900384______", "flstnrzae": "384", "flstnrnen": null, "gemarkung": "Horrem", "gemaschl": "054682", "flur": "19", "flurschl": "054682019", "land": "Nordrhein-Westfalen", "landschl": "05", "regbezirk": "Kï¿½ln", "regbezschl": "053", "kreis": "Rhein-Erft-Kreis", "kreisschl": "05362", "gemeinde": "Kerpen", "gmdschl": "05362032", "abwrecht": "Kein abweichender Rechtszustand", "lagebeztxt": "Merodestraï¿½e 20", "tntxt": "Wohnbauflï¿½che;549", "area": 549, "s area": 96.6, "layer": "swale suitability new", "path": "C:\\Users\\kanis\\Desktop\\Thesis\\Data\\Analysis\\Horrem\\S\\swale suitability new.shp", "final area": 61.2 }, "geometry": { "type": "MultiPolygon", "coordinates": [ [ [ [ 6.708353906430065, 50.908686204112641 ], [ 6.708359001785971, 50.908687910845146 ], [ 6.708361662093822, 50.908687963086763 ], [ 6.70836254492763, 50.908669992202618 ], [ 6.708319909247165, 50.908669154940348 ], [ 6.708320350671925, 50.908660169498532 ], [ 6.70830613878162, 50.908659890407741 ], [ 6.708306580208886, 50.908650904965981 ], [ 6.70829236832154, 50.908650625873541 ], [ 6.708293692610172, 50.908623669548469 ], [ 6.708307904489324, 50.908623948640624 ], [ 6.708309670193407, 50.908588006873252 ], [ 6.708323882061859, 50.90858828596334 ], [ 6.708325647751397, 50.908552344195336 ], [ 6.708339859609148, 50.908552623283349 ], [ 6.708340025248122, 50.908549251568736 ], [ 6.708274925420804, 50.908539001083739 ], [ 6.708274150661544, 50.908542338786503 ], [ 6.708283453609517, 50.908542521479191 ], [ 6.708283012179503, 50.908551506920972 ], [ 6.708272072390247, 50.908551292083644 ], [ 6.708243379248782, 50.908674903196832 ], [ 6.708347099955956, 50.908684785730024 ], [ 6.708353906430065, 50.908686204112641 ] ], [ [ 6.708297224036574, 50.908551786014151 ], [ 6.708296782609065, 50.908560771456003 ], [ 6.708282570749262, 50.908560492362724 ], [ 6.708283012179503, 50.908551506920972 ], [ 6.708297224036574, 50.908551786014151 ] ] ] ] } },
{ "type": "Feature", "properties": { "DN": 1, "gml_id": "DENW41AL30005X4CFL", "identifier": "urn:adv:oid:DENW41AL30005X4CFL", "aktualit_2": "2024-08-20Z", "idflurst": "DENW41AL30005X4C", "flaeche": 814.0, "flstkennz_": "05468201900364______", "flstnrzae": "364", "flstnrnen": null, "gemarkung": "Horrem", "gemaschl": "054682", "flur": "19", "flurschl": "054682019", "land": "Nordrhein-Westfalen", "landschl": "05", "regbezirk": "Kï¿½ln", "regbezschl": "053", "kreis": "Rhein-Erft-Kreis", "kreisschl": "05362", "gemeinde": "Kerpen", "gmdschl": "05362032", "abwrecht": "Kein abweichender Rechtszustand", "lagebeztxt": "Fischbachstraï¿½e 1", "tntxt": "Wohnbauflï¿½che;814", "area": 809, "s area": 460.4, "layer": "swale suitability new", "path": "C:\\Users\\kanis\\Desktop\\Thesis\\Data\\Analysis\\Horrem\\S\\swale suitability new.shp", "final area": 352.8 }, "geometry": { "type": "MultiPolygon", "coordinates": [ [ [ [ 6.709778971161532, 50.909896648267186 ], [ 6.709775504389738, 50.909896979726575 ], [ 6.709772187664126, 50.909897661732771 ], [ 6.709769107047557, 50.909898675239447 ], [ 6.70976608588656, 50.90990011314446 ], [ 6.709763915164184, 50.909901478539936 ], [ 6.709762345889472, 50.90990287662359 ], [ 6.709761164148295, 50.909904432567622 ], [ 6.709760227286303, 50.909906510857496 ], [ 6.709759045398983, 50.909910778192717 ], [ 6.709752016379058, 50.910155783578034 ], [ 6.709751555678522, 50.91017229414642 ], [ 6.709754021959593, 50.910172342547845 ], [ 6.709753683478879, 50.910179236452535 ], [ 6.709764039036646, 50.910179651202668 ], [ 6.709767881777534, 50.910179801914587 ], [ 6.709769116663705, 50.910154650571108 ], [ 6.709797541383948, 50.910155208406501 ], [ 6.709797100220092, 50.910164193855287 ], [ 6.709825524946702, 50.910164751683936 ], [ 6.709825966105095, 50.910155766234972 ], [ 6.709840178466008, 50.910156045146628 ], [ 6.709840619621442, 50.910147059697543 ], [ 6.709968530855242, 50.910149569823751 ], [ 6.709968089724395, 50.910158555273618 ], [ 6.709982302087568, 50.91015883416798 ], [ 6.709980978701865, 50.910185790517751 ], [ 6.710023615817329, 50.910186627191251 ], [ 6.710023458971094, 50.910189822085215 ], [ 6.710032512076697, 50.910190176611962 ], [ 6.710035335130235, 50.910167467370179 ], [ 6.710041825859059, 50.910115031674216 ], [ 6.710041357126201, 50.910115022476369 ], [ 6.710041798242258, 50.910106037025962 ], [ 6.71004293649104, 50.910106059361588 ], [ 6.710061817160829, 50.909953530042493 ], [ 6.710020872578392, 50.909952726594113 ], [ 6.710016902511147, 50.910033595648052 ], [ 6.710002690185767, 50.910033316758401 ], [ 6.710001807940651, 50.910051287658909 ], [ 6.709973383279644, 50.910050729874051 ], [ 6.709972942151284, 50.91005971532411 ], [ 6.709958729818386, 50.910059436429016 ], [ 6.70995917094948, 50.910050450979035 ], [ 6.709760198350915, 50.910046546267239 ], [ 6.709761080688914, 50.910028575369751 ], [ 6.709789505332211, 50.910029133206102 ], [ 6.709789064168788, 50.910038118655038 ], [ 6.709817488818454, 50.910038676484668 ], [ 6.709817929976413, 50.910029691035554 ], [ 6.709803717654199, 50.910029412121695 ], [ 6.709808129248679, 50.909939557630551 ], [ 6.709822341543574, 50.909939836543522 ], [ 6.709823223854293, 50.909921865644918 ], [ 6.709993771345103, 50.909925212463591 ], [ 6.709994511333593, 50.909910139247039 ], [ 6.709966148050894, 50.909908332983235 ], [ 6.709965787888743, 50.909915669227551 ], [ 6.709951575599782, 50.909915390332131 ], [ 6.709951966410452, 50.909907429848765 ], [ 6.709783305865013, 50.909896688844427 ], [ 6.709778971161532, 50.909896648267186 ] ], [ [ 6.709912122557286, 50.910139468779846 ], [ 6.709897910200707, 50.910139189877036 ], [ 6.709898351344762, 50.910130204427567 ], [ 6.70991256369861, 50.910130483330306 ], [ 6.709912122557286, 50.910139468779846 ] ], [ [ 6.709813518386646, 50.910119545525923 ], [ 6.709799306037113, 50.910119266611169 ], [ 6.709799747199839, 50.910110281162297 ], [ 6.70981395954664, 50.910110560076959 ], [ 6.709813518386646, 50.910119545525923 ] ], [ [ 6.709785534853264, 50.910110002245915 ], [ 6.709785976018496, 50.910101016797107 ], [ 6.709800188362339, 50.91010129571341 ], [ 6.709799747199839, 50.910110281162297 ], [ 6.709785534853264, 50.910110002245915 ] ], [ [ 6.709886344721684, 50.910084998275998 ], [ 6.709857920042438, 50.910084440462782 ], [ 6.709858802344, 50.910066469564178 ], [ 6.709887227012318, 50.910067027377039 ], [ 6.709886344721684, 50.910084998275998 ] ], [ [ 6.709901439346817, 50.91006730628088 ], [ 6.709929864016491, 50.910067864083381 ], [ 6.709929422879481, 50.910076849533134 ], [ 6.70994363521739, 50.91007712843188 ], [ 6.709943194082887, 50.910086113881697 ], [ 6.709914769401833, 50.910085556082308 ], [ 6.7099152105418, 50.910076570632654 ], [ 6.709900998204343, 50.910076291730462 ], [ 6.709901439346817, 50.91006730628088 ] ] ] ] } },
{ "type": "Feature", "properties": { "DN": 1, "gml_id": "DENW41AL30005ccrFL", "identifier": "urn:adv:oid:DENW41AL30005ccrFL", "aktualit_2": "2024-08-20Z", "idflurst": "DENW41AL30005ccr", "flaeche": 603.0, "flstkennz_": "054682019000210006__", "flstnrzae": "21", "flstnrnen": "6", "gemarkung": "Horrem", "gemaschl": "054682", "flur": "19", "flurschl": "054682019", "land": "Nordrhein-Westfalen", "landschl": "05", "regbezirk": "Kï¿½ln", "regbezschl": "053", "kreis": "Rhein-Erft-Kreis", "kreisschl": "05362", "gemeinde": "Kerpen", "gmdschl": "05362032", "abwrecht": "Kein abweichender Rechtszustand", "lagebeztxt": "Fischbachstraï¿½e 2", "tntxt": "Wohnbauflï¿½che;603", "area": 598, "s area": 207.6, "layer": "swale suitability new", "path": "C:\\Users\\kanis\\Desktop\\Thesis\\Data\\Analysis\\Horrem\\S\\swale suitability new.shp", "final area": 135.6 }, "geometry": { "type": "MultiPolygon", "coordinates": [ [ [ [ 6.710087842064853, 50.910088952312961 ], [ 6.710099529844846, 50.910089181654747 ], [ 6.710099088740169, 50.910098167105538 ], [ 6.710127513432563, 50.910098724860163 ], [ 6.710126631233456, 50.910116695762042 ], [ 6.710169268290136, 50.910117532381527 ], [ 6.710167945014368, 50.910144488735021 ], [ 6.71015373265372, 50.910144209863326 ], [ 6.710153291558613, 50.910153195314365 ], [ 6.710167503921993, 50.910153474186167 ], [ 6.710167232744754, 50.910158998309804 ], [ 6.710378985848639, 50.910166621701805 ], [ 6.710382213950895, 50.910139698755401 ], [ 6.710381571502386, 50.910139686150636 ], [ 6.710382012553328, 50.910130700698133 ], [ 6.710339375478282, 50.910129864156183 ], [ 6.710340257595885, 50.91011189325166 ], [ 6.710326045243451, 50.91011161440106 ], [ 6.710327368426354, 50.91008465804444 ], [ 6.710313156082343, 50.910084379192377 ], [ 6.71031359714559, 50.910075393740222 ], [ 6.710270960123109, 50.910074557173914 ], [ 6.710270519051665, 50.910083542625799 ], [ 6.710099970949297, 50.910080196203943 ], [ 6.710100412053524, 50.910071210753124 ], [ 6.71009006330909, 50.910071007686483 ], [ 6.710087842064853, 50.910088952312961 ] ] ] ] } },
{ "type": "Feature", "properties": { "DN": 1, "gml_id": "DENW41AL30005ccrFL", "identifier": "urn:adv:oid:DENW41AL30005ccrFL", "aktualit_2": "2024-08-20Z", "idflurst": "DENW41AL30005ccr", "flaeche": 603.0, "flstkennz_": "054682019000210006__", "flstnrzae": "21", "flstnrnen": "6", "gemarkung": "Horrem", "gemaschl": "054682", "flur": "19", "flurschl": "054682019", "land": "Nordrhein-Westfalen", "landschl": "05", "regbezirk": "Kï¿½ln", "regbezschl": "053", "kreis": "Rhein-Erft-Kreis", "kreisschl": "05362", "gemeinde": "Kerpen", "gmdschl": "05362032", "abwrecht": "Kein abweichender Rechtszustand", "lagebeztxt": "Fischbachstraï¿½e 2", "tntxt": "Wohnbauflï¿½che;603", "area": 598, "s area": 207.6, "layer": "swale suitability new", "path": "C:\\Users\\kanis\\Desktop\\Thesis\\Data\\Analysis\\Horrem\\S\\swale suitability new.shp", "final area": 1.1 }, "geometry": { "type": "MultiPolygon", "coordinates": [ [ [ [ 6.710153031787964, 50.910158487042743 ], [ 6.710153291558613, 50.910153195314365 ], [ 6.710124866832532, 50.910152637565602 ], [ 6.710124629875487, 50.910157464503428 ], [ 6.710153031787964, 50.910158487042743 ] ] ] ] } },
{ "type": "Feature", "properties": { "DN": 1, "gml_id": "DENW41AL30005byxFL", "identifier": "urn:adv:oid:DENW41AL30005byxFL", "aktualit_2": "2025-01-17Z", "idflurst": "DENW41AL30005byx", "flaeche": 619.0, "flstkennz_": "05468202100454______", "flstnrzae": "454", "flstnrnen": null, "gemarkung": "Horrem", "gemaschl": "054682", "flur": "21", "flurschl": "054682021", "land": "Nordrhein-Westfalen", "landschl": "05", "regbezirk": "Kï¿½ln", "regbezschl": "053", "kreis": "Rhein-Erft-Kreis", "kreisschl": "05362", "gemeinde": "Kerpen", "gmdschl": "05362032", "abwrecht": "Kein abweichender Rechtszustand", "lagebeztxt": "Sistenichstraï¿½e 28", "tntxt": "Wohnbauflï¿½che;619", "area": 618, "s area": 268.3, "layer": "swale suitability new", "path": "C:\\Users\\kanis\\Desktop\\Thesis\\Data\\Analysis\\Horrem\\S\\swale suitability new.shp", "final area": 185.8 }, "geometry": { "type": "MultiPolygon", "coordinates": [ [ [ [ 6.708480256915901, 50.912324633526971 ], [ 6.708776708828956, 50.9124020406216 ], [ 6.708777167675158, 50.912392699940163 ], [ 6.708791380706895, 50.912392978988215 ], [ 6.708792263491694, 50.912375008110153 ], [ 6.708863328626458, 50.91237640332357 ], [ 6.708862887247832, 50.912385388763042 ], [ 6.7089055263396, 50.91238622587062 ], [ 6.708906409080231, 50.912368254991101 ], [ 6.708920622105809, 50.912368534023322 ], [ 6.708921063473053, 50.912359548583453 ], [ 6.708935276496123, 50.912359827613855 ], [ 6.708936159224468, 50.912341856733882 ], [ 6.708950372242302, 50.912342135762366 ], [ 6.708951043851, 50.912328462829869 ], [ 6.708860646451837, 50.912323771671851 ], [ 6.708859805719106, 50.912323717422154 ], [ 6.708615502882957, 50.912304854694 ], [ 6.708494762922257, 50.912295609913464 ], [ 6.708495712887988, 50.912300923274856 ], [ 6.708495487025982, 50.912304907604707 ], [ 6.708493428152125, 50.912308676035011 ], [ 6.708480256915901, 50.912324633526971 ] ], [ [ 6.70874874161236, 50.912392141838886 ], [ 6.708749183013069, 50.912383156400118 ], [ 6.708777609070403, 50.912383714501225 ], [ 6.708777167675158, 50.912392699940163 ], [ 6.70874874161236, 50.912392141838886 ] ], [ [ 6.708906850450208, 50.912359269551317 ], [ 6.708907291819957, 50.912350284111511 ], [ 6.70892150484007, 50.912350563143555 ], [ 6.708921063473053, 50.912359548583453 ], [ 6.708906850450208, 50.912359269551317 ] ], [ [ 6.708749624413551, 50.912374170961343 ], [ 6.708735411387956, 50.912373891908288 ], [ 6.708735852790945, 50.912364906469584 ], [ 6.708750065813808, 50.912365185522546 ], [ 6.708749624413551, 50.912374170961343 ] ], [ [ 6.708694096545406, 50.912346098423377 ], [ 6.708679883528912, 50.912345819363672 ], [ 6.708679000701755, 50.912363790240406 ], [ 6.708636361637238, 50.912362953050383 ], [ 6.708637685902224, 50.912335996736047 ], [ 6.708694537955914, 50.912337112984893 ], [ 6.708694096545406, 50.912346098423377 ] ], [ [ 6.708707426745898, 50.912364348358452 ], [ 6.708693213723714, 50.912364069300295 ], [ 6.708693655134673, 50.912355083861847 ], [ 6.708707868154125, 50.912355362919918 ], [ 6.708707426745898, 50.912364348358452 ] ] ] ] } },
{ "type": "Feature", "properties": { "DN": 1, "gml_id": "DENW41AL30005byxFL", "identifier": "urn:adv:oid:DENW41AL30005byxFL", "aktualit_2": "2025-01-17Z", "idflurst": "DENW41AL30005byx", "flaeche": 619.0, "flstkennz_": "05468202100454______", "flstnrzae": "454", "flstnrnen": null, "gemarkung": "Horrem", "gemaschl": "054682", "flur": "21", "flurschl": "054682021", "land": "Nordrhein-Westfalen", "landschl": "05", "regbezirk": "Kï¿½ln", "regbezschl": "053", "kreis": "Rhein-Erft-Kreis", "kreisschl": "05362", "gemeinde": "Kerpen", "gmdschl": "05362032", "abwrecht": "Kein abweichender Rechtszustand", "lagebeztxt": "Sistenichstraï¿½e 28", "tntxt": "Wohnbauflï¿½che;619", "area": 618, "s area": 32.0, "layer": "swale suitability new", "path": "C:\\Users\\kanis\\Desktop\\Thesis\\Data\\Analysis\\Horrem\\S\\swale suitability new.shp", "final area": 32.0 }, "geometry": { "type": "MultiPolygon", "coordinates": [ [ [ [ 6.709118280499309, 50.912399396616131 ], [ 6.709119604487643, 50.912372440292877 ], [ 6.709105391458898, 50.912372161284857 ], [ 6.709106274122122, 50.912354190402787 ], [ 6.709077848076241, 50.912353632381922 ], [ 6.709078289412977, 50.912344646941044 ], [ 6.709049863373467, 50.912344088913436 ], [ 6.709050304715442, 50.912335103472714 ], [ 6.708993452650062, 50.912333987397119 ], [ 6.708992128590673, 50.912360943718177 ], [ 6.709020554639302, 50.912361501759968 ], [ 6.709020113291184, 50.912370487200462 ], [ 6.709048539346185, 50.91237104523551 ], [ 6.709048098003305, 50.912380030676168 ], [ 6.709090737095697, 50.912380867716045 ], [ 6.709090295760789, 50.912389853156952 ], [ 6.709104508794772, 50.912390132166877 ], [ 6.709104067462368, 50.912399117607855 ], [ 6.709118280499309, 50.912399396616131 ] ] ] ] } },
{ "type": "Feature", "properties": { "DN": 1, "gml_id": "DENW41AL30005dAlFL", "identifier": "urn:adv:oid:DENW41AL30005dAlFL", "aktualit_2": "2024-08-20Z", "idflurst": "DENW41AL30005dAl", "flaeche": 253.0, "flstkennz_": "05468202000270______", "flstnrzae": "270", "flstnrnen": null, "gemarkung": "Horrem", "gemaschl": "054682", "flur": "20", "flurschl": "054682020", "land": "Nordrhein-Westfalen", "landschl": "05", "regbezirk": "Kï¿½ln", "regbezschl": "053", "kreis": "Rhein-Erft-Kreis", "kreisschl": "05362", "gemeinde": "Kerpen", "gmdschl": "05362032", "abwrecht": "Kein abweichender Rechtszustand", "lagebeztxt": "Herderstraï¿½e 9", "tntxt": "Wohnbauflï¿½che;253", "area": 253, "s area": 40.0, "layer": "swale suitability new", "path": "C:\\Users\\kanis\\Desktop\\Thesis\\Data\\Analysis\\Horrem\\S\\swale suitability new.shp", "final area": 34.8 }, "geometry": { "type": "MultiPolygon", "coordinates": [ [ [ [ 6.708313436114519, 50.911598076937011 ], [ 6.708381111808023, 50.911602436154979 ], [ 6.708446035649631, 50.91160371103512 ], [ 6.70844589327961, 50.911606608908976 ], [ 6.708502619772589, 50.911610262789402 ], [ 6.708503769674734, 50.911586856488952 ], [ 6.708489556891363, 50.911586577409039 ], [ 6.708489998329314, 50.911577591970662 ], [ 6.708475785548901, 50.911577312889115 ], [ 6.708475344108217, 50.911586298327407 ], [ 6.708461131325299, 50.911586019244041 ], [ 6.708461572768716, 50.911577033805841 ], [ 6.708447359988754, 50.911576754720826 ], [ 6.708446918542605, 50.911585740158948 ], [ 6.708432705760139, 50.911585461072121 ], [ 6.708432264311034, 50.911594446510122 ], [ 6.708418051526061, 50.911594167421491 ], [ 6.708418492977898, 50.911585181983575 ], [ 6.708404280195886, 50.911584902893289 ], [ 6.70840472165023, 50.911575917455437 ], [ 6.708317182898163, 50.911574198456655 ], [ 6.708313436114519, 50.911598076937011 ] ] ] ] } },
{ "type": "Feature", "properties": { "DN": 1, "gml_id": "DENW41AL30005e1RFL", "identifier": "urn:adv:oid:DENW41AL30005e1RFL", "aktualit_2": "2024-08-20Z", "idflurst": "DENW41AL30005e1R", "flaeche": 2994.0, "flstkennz_": "05468202000448______", "flstnrzae": "448", "flstnrnen": null, "gemarkung": "Horrem", "gemaschl": "054682", "flur": "20", "flurschl": "054682020", "land": "Nordrhein-Westfalen", "landschl": "05", "regbezirk": "Kï¿½ln", "regbezschl": "053", "kreis": "Rhein-Erft-Kreis", "kreisschl": "05362", "gemeinde": "Kerpen", "gmdschl": "05362032", "abwrecht": "Kein abweichender Rechtszustand", "lagebeztxt": "Am grï¿½nen Weg 12, 14; Thomas-Mann-Straï¿½e 1, 2", "tntxt": "Wohnbauflï¿½che;2994", "area": 2993, "s area": 692.1, "layer": "swale suitability new", "path": "C:\\Users\\kanis\\Desktop\\Thesis\\Data\\Analysis\\Horrem\\S\\swale suitability new.shp", "final area": 685.9 }, "geometry": { "type": "MultiPolygon", "coordinates": [ [ [ [ 6.706856434137655, 50.911237723352208 ], [ 6.706856778588741, 50.911230716986218 ], [ 6.706885203906499, 50.911231275539016 ], [ 6.706885645647761, 50.911222290110175 ], [ 6.706899858304247, 50.911222569383895 ], [ 6.706900300042551, 50.91121358395494 ], [ 6.706886087388797, 50.911213304681311 ], [ 6.706886529129607, 50.911204319252441 ], [ 6.706872316478811, 50.911204039977171 ], [ 6.706876292160499, 50.911123171117325 ], [ 6.706890504786706, 50.911123450391791 ], [ 6.706893155214586, 50.911069537817269 ], [ 6.706907367824628, 50.911069817089484 ], [ 6.706910459961064, 50.911006919084485 ], [ 6.706924672552206, 50.911007198354348 ], [ 6.706927764658427, 50.910944300347914 ], [ 6.706941977230672, 50.910944579615418 ], [ 6.706945069306674, 50.910881681607556 ], [ 6.706959281860024, 50.910881960872707 ], [ 6.706961048744689, 50.910846019153205 ], [ 6.706975261287335, 50.910846298416281 ], [ 6.706975703005203, 50.910837312986267 ], [ 6.706989915545345, 50.910837592247518 ], [ 6.706990357260254, 50.910828606817411 ], [ 6.706976144722845, 50.910828327556246 ], [ 6.706976586440261, 50.910819342126203 ], [ 6.706948161371586, 50.910818783598884 ], [ 6.706947719648706, 50.910827769028742 ], [ 6.706933507111977, 50.910827489762397 ], [ 6.706933065386139, 50.910836475192148 ], [ 6.706947277925599, 50.910836754458586 ], [ 6.70694639447871, 50.910854725318224 ], [ 6.706917969389084, 50.91085416678326 ], [ 6.706917527659834, 50.91086315221289 ], [ 6.706775402197971, 50.910860359433471 ], [ 6.706774960441176, 50.910869344862192 ], [ 6.70671811025184, 50.910868227701656 ], [ 6.706719877321375, 50.910832285988135 ], [ 6.706705664785535, 50.910832006694037 ], [ 6.706703897705073, 50.910867948407194 ], [ 6.706689685158532, 50.910867669111013 ], [ 6.706689243385118, 50.91087665453918 ], [ 6.706703455934391, 50.910876933835461 ], [ 6.706703014163483, 50.910885919263677 ], [ 6.706717226715715, 50.910886198558316 ], [ 6.706716784947312, 50.910895183986625 ], [ 6.706730997502502, 50.910895463279616 ], [ 6.706730113970482, 50.910913434136361 ], [ 6.706744326531363, 50.910913713427789 ], [ 6.706743884767746, 50.910922698856226 ], [ 6.706729672204133, 50.910922419564692 ], [ 6.706727021601281, 50.910976332134425 ], [ 6.706712809021502, 50.910976052840631 ], [ 6.706710600165906, 50.911020979981146 ], [ 6.706696387572694, 50.911020700685178 ], [ 6.706694620473214, 50.911056642396943 ], [ 6.706680407869301, 50.911056363098893 ], [ 6.706679524312738, 50.91107433395451 ], [ 6.706665311703587, 50.911074054654549 ], [ 6.706663544576817, 50.911109996365198 ], [ 6.706649331956965, 50.911109717063162 ], [ 6.706648006601314, 50.911136673345702 ], [ 6.706633793973491, 50.911136394041669 ], [ 6.706632468607607, 50.911163350323804 ], [ 6.706618255971815, 50.911163071017775 ], [ 6.706617814180001, 50.911172056445025 ], [ 6.706603601541705, 50.91117177713717 ], [ 6.706602276156711, 50.911198733418566 ], [ 6.706588063510443, 50.911198454108721 ], [ 6.70658762171226, 50.91120743953573 ], [ 6.706573409063488, 50.911207160224073 ], [ 6.706572525460979, 50.91122513107787 ], [ 6.706657801389799, 50.911226806922983 ], [ 6.706658243174775, 50.911217821495562 ], [ 6.706672455827638, 50.911218100796944 ], [ 6.706672014045394, 50.91122708622445 ], [ 6.706700439357265, 50.911227644822205 ], [ 6.706700242489766, 50.91123164896662 ], [ 6.706856434137655, 50.911237723352208 ] ] ] ] } },
{ "type": "Feature", "properties": { "DN": 1, "gml_id": "DENW41AL30005e1RFL", "identifier": "urn:adv:oid:DENW41AL30005e1RFL", "aktualit_2": "2024-08-20Z", "idflurst": "DENW41AL30005e1R", "flaeche": 2994.0, "flstkennz_": "05468202000448______", "flstnrzae": "448", "flstnrnen": null, "gemarkung": "Horrem", "gemaschl": "054682", "flur": "20", "flurschl": "054682020", "land": "Nordrhein-Westfalen", "landschl": "05", "regbezirk": "Kï¿½ln", "regbezschl": "053", "kreis": "Rhein-Erft-Kreis", "kreisschl": "05362", "gemeinde": "Kerpen", "gmdschl": "05362032", "abwrecht": "Kein abweichender Rechtszustand", "lagebeztxt": "Am grï¿½nen Weg 12, 14; Thomas-Mann-Straï¿½e 1, 2", "tntxt": "Wohnbauflï¿½che;2994", "area": 2993, "s area": 40.8, "layer": "swale suitability new", "path": "C:\\Users\\kanis\\Desktop\\Thesis\\Data\\Analysis\\Horrem\\S\\swale suitability new.shp", "final area": 28.1 }, "geometry": { "type": "MultiPolygon", "coordinates": [ [ [ [ 6.706471951764881, 50.910795248784922 ], [ 6.706462091174685, 50.910799814918384 ], [ 6.706453116710918, 50.910805066745425 ], [ 6.706445174860534, 50.910810930976083 ], [ 6.706438351372349, 50.910817342846258 ], [ 6.706432745514224, 50.910824208427975 ], [ 6.706428203477114, 50.9108318050991 ], [ 6.706404583234373, 50.910879390379222 ], [ 6.706404108790408, 50.910889039103388 ], [ 6.706446746441716, 50.910889877091279 ], [ 6.706448071901968, 50.910862920811383 ], [ 6.706462284444661, 50.910863200136951 ], [ 6.706464051710898, 50.91082725842984 ], [ 6.70647826424289, 50.910827537753327 ], [ 6.706479993640984, 50.910792365898658 ], [ 6.706471951764881, 50.910795248784922 ] ] ] ] } },
{ "type": "Feature", "properties": { "DN": 1, "gml_id": "DENW41AL30005gRDFL", "identifier": "urn:adv:oid:DENW41AL30005gRDFL", "aktualit_2": "2024-08-20Z", "idflurst": "DENW41AL30005gRD", "flaeche": 1811.0, "flstkennz_": "05468201900184______", "flstnrzae": "184", "flstnrnen": null, "gemarkung": "Horrem", "gemaschl": "054682", "flur": "19", "flurschl": "054682019", "land": "Nordrhein-Westfalen", "landschl": "05", "regbezirk": "Kï¿½ln", "regbezschl": "053", "kreis": "Rhein-Erft-Kreis", "kreisschl": "05362", "gemeinde": "Kerpen", "gmdschl": "05362032", "abwrecht": "Kein abweichender Rechtszustand", "lagebeztxt": "Merodestraï¿½e 18, 18 a", "tntxt": "Wohnbauflï¿½che;1811", "area": 1811, "s area": 35.0, "layer": "swale suitability new", "path": "C:\\Users\\kanis\\Desktop\\Thesis\\Data\\Analysis\\Horrem\\S\\swale suitability new.shp", "final area": 35.0 }, "geometry": { "type": "MultiPolygon", "coordinates": [ [ [ [ 6.709048337143758, 50.908899315993636 ], [ 6.7090487784319, 50.908890330547592 ], [ 6.709062990399752, 50.908890609548898 ], [ 6.709064755539124, 50.908854667764196 ], [ 6.709078967496275, 50.908854946763412 ], [ 6.709079850059141, 50.908836975870784 ], [ 6.709008790302964, 50.908835580858302 ], [ 6.709008349007986, 50.90884456630419 ], [ 6.708994137054698, 50.908844287296411 ], [ 6.708993695756761, 50.908853272742185 ], [ 6.70900790771278, 50.908853551750042 ], [ 6.709007025121693, 50.908871522641711 ], [ 6.70899281316021, 50.908871243633676 ], [ 6.708992371861595, 50.908880229079401 ], [ 6.708978159897605, 50.908879950069533 ], [ 6.708977277294234, 50.908897920960761 ], [ 6.709048337143758, 50.908899315993636 ] ] ] ] } },
{ "type": "Feature", "properties": { "DN": 1, "gml_id": "DENW41AL30005gRDFL", "identifier": "urn:adv:oid:DENW41AL30005gRDFL", "aktualit_2": "2024-08-20Z", "idflurst": "DENW41AL30005gRD", "flaeche": 1811.0, "flstkennz_": "05468201900184______", "flstnrzae": "184", "flstnrnen": null, "gemarkung": "Horrem", "gemaschl": "054682", "flur": "19", "flurschl": "054682019", "land": "Nordrhein-Westfalen", "landschl": "05", "regbezirk": "Kï¿½ln", "regbezschl": "053", "kreis": "Rhein-Erft-Kreis", "kreisschl": "05362", "gemeinde": "Kerpen", "gmdschl": "05362032", "abwrecht": "Kein abweichender Rechtszustand", "lagebeztxt": "Merodestraï¿½e 18, 18 a", "tntxt": "Wohnbauflï¿½che;1811", "area": 1811, "s area": 96.4, "layer": "swale suitability new", "path": "C:\\Users\\kanis\\Desktop\\Thesis\\Data\\Analysis\\Horrem\\S\\swale suitability new.shp", "final area": 74.9 }, "geometry": { "type": "MultiPolygon", "coordinates": [ [ [ [ 6.708971948938382, 50.908649367528554 ], [ 6.708969037812872, 50.90866391235663 ], [ 6.708974539169305, 50.908664020360284 ], [ 6.708973656571326, 50.908681991252124 ], [ 6.708965451586645, 50.908681830170195 ], [ 6.708945727289223, 50.908780378141287 ], [ 6.708954590332777, 50.908780552143718 ], [ 6.708955031637099, 50.908771566698086 ], [ 6.708969243567855, 50.908771845710326 ], [ 6.708968360964448, 50.908789816601775 ], [ 6.708943934166812, 50.908789337047452 ], [ 6.708936761669734, 50.908825172671634 ], [ 6.708952383807773, 50.908825479371664 ], [ 6.708952825113226, 50.908816493926103 ], [ 6.708981249002282, 50.908817051949761 ], [ 6.708981690302046, 50.908808066504015 ], [ 6.708995902244181, 50.908808345513151 ], [ 6.708997667430048, 50.908772403729635 ], [ 6.709011879361483, 50.908772682736704 ], [ 6.709012320654653, 50.908763697290681 ], [ 6.709026532583582, 50.90876397629593 ], [ 6.709027856453539, 50.90873701995752 ], [ 6.709013644532805, 50.908736740952541 ], [ 6.70901408582507, 50.908727755506469 ], [ 6.709028297743072, 50.908728034511356 ], [ 6.709029180321461, 50.908710063618962 ], [ 6.709043392234225, 50.908710342621951 ], [ 6.709044274806245, 50.908692371729323 ], [ 6.709030062898943, 50.908692092726525 ], [ 6.709031386763472, 50.908665136387718 ], [ 6.70904559866258, 50.90866541539026 ], [ 6.709045726236244, 50.908662817735404 ], [ 6.708971948938382, 50.908649367528554 ] ], [ [ 6.708984338095878, 50.90875415382915 ], [ 6.708970126170358, 50.908753874818814 ], [ 6.70896968486922, 50.908762860264581 ], [ 6.708955472941195, 50.908762581252425 ], [ 6.70895635554871, 50.908744610361062 ], [ 6.70898477939406, 50.908745168383277 ], [ 6.708984338095878, 50.90875415382915 ] ], [ [ 6.709002521672523, 50.908673563823562 ], [ 6.708988309771363, 50.908673284815755 ], [ 6.708989192363427, 50.908655313923703 ], [ 6.709003404259124, 50.908655592931339 ], [ 6.709002521672523, 50.908673563823562 ] ] ] ] } },
{ "type": "Feature", "properties": { "DN": 1, "gml_id": "DENW41AL30005cwPFL", "identifier": "urn:adv:oid:DENW41AL30005cwPFL", "aktualit_2": "2024-08-20Z", "idflurst": "DENW41AL30005cwP", "flaeche": 668.0, "flstkennz_": "05468201900366______", "flstnrzae": "366", "flstnrnen": null, "gemarkung": "Horrem", "gemaschl": "054682", "flur": "19", "flurschl": "054682019", "land": "Nordrhein-Westfalen", "landschl": "05", "regbezirk": "Kï¿½ln", "regbezschl": "053", "kreis": "Rhein-Erft-Kreis", "kreisschl": "05362", "gemeinde": "Kerpen", "gmdschl": "05362032", "abwrecht": "Kein abweichender Rechtszustand", "lagebeztxt": "Merodestraï¿½e 14", "tntxt": "Wohnbauflï¿½che;668", "area": 666, "s area": 269.4, "layer": "swale suitability new", "path": "C:\\Users\\kanis\\Desktop\\Thesis\\Data\\Analysis\\Horrem\\S\\swale suitability new.shp", "final area": 218.8 }, "geometry": { "type": "MultiPolygon", "coordinates": [ [ [ [ 6.709806706466244, 50.908772529165326 ], [ 6.709793743844913, 50.908779170267479 ], [ 6.709788735424779, 50.908956177614947 ], [ 6.709788734175828, 50.90895621831914 ], [ 6.709788053687455, 50.908976794146135 ], [ 6.709798483886414, 50.908976998839783 ], [ 6.709799807320562, 50.908950042487824 ], [ 6.709814019314055, 50.908950321397938 ], [ 6.709814460455588, 50.908941335947176 ], [ 6.709857096429229, 50.90894217266689 ], [ 6.709856655295892, 50.908951158117922 ], [ 6.70987086729029, 50.90895143702113 ], [ 6.709869985028401, 50.90896940792333 ], [ 6.709855773028541, 50.908969129019951 ], [ 6.709854890760282, 50.908987099921916 ], [ 6.709798042741245, 50.908985984290403 ], [ 6.70979716045023, 50.909003955191586 ], [ 6.709787161899417, 50.909003758969021 ], [ 6.709786567373206, 50.909021735517527 ], [ 6.70979627815831, 50.909021926092699 ], [ 6.709795837012012, 50.909030911543233 ], [ 6.709881109123877, 50.90903258498281 ], [ 6.709880849396082, 50.90903787542085 ], [ 6.710023027571196, 50.909039483791133 ], [ 6.710024552635498, 50.909008417554546 ], [ 6.710010340622224, 50.909008138669833 ], [ 6.710011222831286, 50.908990167765978 ], [ 6.710025434839098, 50.908990446650527 ], [ 6.710025875940559, 50.908981461198479 ], [ 6.71001166393548, 50.908981182314029 ], [ 6.710012546143187, 50.908963211410082 ], [ 6.709969910145695, 50.908962374746885 ], [ 6.709969469033759, 50.908971360198599 ], [ 6.70991262102934, 50.908970244623099 ], [ 6.70991394439725, 50.908943288268972 ], [ 6.70992815638982, 50.908943567165174 ], [ 6.709928597509274, 50.90893458171368 ], [ 6.709942809499338, 50.908934860608049 ], [ 6.709942368382617, 50.908943846059636 ], [ 6.709985004362362, 50.908944682732681 ], [ 6.709985445470888, 50.908935697280825 ], [ 6.709999657461857, 50.908935976168294 ], [ 6.710000098567424, 50.908926990716331 ], [ 6.710028522544577, 50.908927548485899 ], [ 6.710029404744108, 50.908909577581575 ], [ 6.709915708884631, 50.908907346463224 ], [ 6.709916150005911, 50.908898361011751 ], [ 6.709901938027226, 50.908898082114263 ], [ 6.709902379151012, 50.908889096662861 ], [ 6.709873955199781, 50.908888538862882 ], [ 6.709873514070532, 50.908897524314114 ], [ 6.709845090114744, 50.908896966507029 ], [ 6.709845531249456, 50.90888798105599 ], [ 6.709831319274633, 50.908887702149961 ], [ 6.709832642685609, 50.908860745796957 ], [ 6.709846854652238, 50.908861024702738 ], [ 6.709847295786046, 50.90885203925162 ], [ 6.709833083822149, 50.908851760345932 ], [ 6.709833966094551, 50.908833789443825 ], [ 6.709805542178362, 50.908833231627625 ], [ 6.70980686560166, 50.90880627527487 ], [ 6.709849501451696, 50.908807111995785 ], [ 6.709849060319018, 50.90881609744698 ], [ 6.709863272272215, 50.908816376350572 ], [ 6.709864154531881, 50.908798405447989 ], [ 6.709878366479841, 50.908798684349669 ], [ 6.709878807606603, 50.908789698898268 ], [ 6.709864595661376, 50.908789419996658 ], [ 6.709865064711025, 50.908779865829295 ], [ 6.709806706466244, 50.908772529165326 ] ], [ [ 6.709881550253786, 50.909023599531743 ], [ 6.709882432512924, 50.909005628629558 ], [ 6.709896644524164, 50.909005907529838 ], [ 6.709897526776935, 50.908987936627405 ], [ 6.709954374802303, 50.908989052210522 ], [ 6.709952610339564, 50.909024994016733 ], [ 6.709938398321957, 50.909024715123202 ], [ 6.709937957202976, 50.909033700574618 ], [ 6.709895321143313, 50.909032863883347 ], [ 6.709895762270489, 50.909023878432201 ], [ 6.709881550253786, 50.909023599531743 ] ], [ [ 6.709873072941058, 50.908906509765316 ], [ 6.709872631811356, 50.908915495216519 ], [ 6.709858419827885, 50.908915216313673 ], [ 6.709858860960317, 50.908906230862563 ], [ 6.709873072941058, 50.908906509765316 ] ] ] ] } },
{ "type": "Feature", "properties": { "DN": 1, "gml_id": "DENW41AL30005cwPFL", "identifier": "urn:adv:oid:DENW41AL30005cwPFL", "aktualit_2": "2024-08-20Z", "idflurst": "DENW41AL30005cwP", "flaeche": 668.0, "flstkennz_": "05468201900366______", "flstnrzae": "366", "flstnrnen": null, "gemarkung": "Horrem", "gemaschl": "054682", "flur": "19", "flurschl": "054682019", "land": "Nordrhein-Westfalen", "landschl": "05", "regbezirk": "Kï¿½ln", "regbezschl": "053", "kreis": "Rhein-Erft-Kreis", "kreisschl": "05362", "gemeinde": "Kerpen", "gmdschl": "05362032", "abwrecht": "Kein abweichender Rechtszustand", "lagebeztxt": "Merodestraï¿½e 14", "tntxt": "Wohnbauflï¿½che;668", "area": 666, "s area": 269.4, "layer": "swale suitability new", "path": "C:\\Users\\kanis\\Desktop\\Thesis\\Data\\Analysis\\Horrem\\S\\swale suitability new.shp", "final area": 3.0 }, "geometry": { "type": "MultiPolygon", "coordinates": [ [ [ [ 6.709997010823702, 50.908989888879702 ], [ 6.70996858680921, 50.908989331101978 ], [ 6.709967704583756, 50.9090073020053 ], [ 6.709981916596353, 50.909007580895207 ], [ 6.70998235770646, 50.908998595443464 ], [ 6.709996569716552, 50.908998874331552 ], [ 6.709997010823702, 50.908989888879702 ] ] ] ] } },
{ "type": "Feature", "properties": { "DN": 1, "gml_id": "DENW41AL30005Tz6FL", "identifier": "urn:adv:oid:DENW41AL30005Tz6FL", "aktualit_2": "2024-08-20Z", "idflurst": "DENW41AL30005Tz6", "flaeche": 279.0, "flstkennz_": "054682020001540017__", "flstnrzae": "154", "flstnrnen": "17", "gemarkung": "Horrem", "gemaschl": "054682", "flur": "20", "flurschl": "054682020", "land": "Nordrhein-Westfalen", "landschl": "05", "regbezirk": "Kï¿½ln", "regbezschl": "053", "kreis": "Rhein-Erft-Kreis", "kreisschl": "05362", "gemeinde": "Kerpen", "gmdschl": "05362032", "abwrecht": "Kein abweichender Rechtszustand", "lagebeztxt": "Adenauerstraï¿½e 1 b", "tntxt": "Wohnbauflï¿½che;279", "area": 280, "s area": 115.0, "layer": "swale suitability new", "path": "C:\\Users\\kanis\\Desktop\\Thesis\\Data\\Analysis\\Horrem\\S\\swale suitability new.shp", "final area": 90.3 }, "geometry": { "type": "MultiPolygon", "coordinates": [ [ [ [ 6.709332710014934, 50.9115094031892 ], [ 6.709336495716995, 50.911432316733745 ], [ 6.709345281045537, 50.911432489177614 ], [ 6.709347697238888, 50.91141770601984 ], [ 6.709259159149987, 50.911413033942097 ], [ 6.70923749116485, 50.91154729673778 ], [ 6.709302333594469, 50.911548569543463 ], [ 6.70930189231338, 50.911557554986999 ], [ 6.709316105095983, 50.911557833967912 ], [ 6.709316987652472, 50.911539863080669 ], [ 6.70932769719832, 50.911540073295789 ], [ 6.709332710014934, 50.9115094031892 ] ] ] ] } },
{ "type": "Feature", "properties": { "DN": 1, "gml_id": "DENW41AL30005ebsFL", "identifier": "urn:adv:oid:DENW41AL30005ebsFL", "aktualit_2": "2024-08-20Z", "idflurst": "DENW41AL30005ebs", "flaeche": 583.0, "flstkennz_": "05468202000220______", "flstnrzae": "220", "flstnrnen": null, "gemarkung": "Horrem", "gemaschl": "054682", "flur": "20", "flurschl": "054682020", "land": "Nordrhein-Westfalen", "landschl": "05", "regbezirk": "Kï¿½ln", "regbezschl": "053", "kreis": "Rhein-Erft-Kreis", "kreisschl": "05362", "gemeinde": "Kerpen", "gmdschl": "05362032", "abwrecht": "Kein abweichender Rechtszustand", "lagebeztxt": "Hebbelstraï¿½e 10", "tntxt": "Wohnbauflï¿½che;583", "area": 580, "s area": 89.5, "layer": "swale suitability new", "path": "C:\\Users\\kanis\\Desktop\\Thesis\\Data\\Analysis\\Horrem\\S\\swale suitability new.shp", "final area": 74.1 }, "geometry": { "type": "MultiPolygon", "coordinates": [ [ [ [ 6.707501507454383, 50.909365844403304 ], [ 6.707588223363305, 50.909373864101973 ], [ 6.707588642909147, 50.909365326961534 ], [ 6.707602855007129, 50.909365606142423 ], [ 6.707603738154413, 50.909347635269917 ], [ 6.707617950247157, 50.909347914448894 ], [ 6.707618391817729, 50.90933892901252 ], [ 6.707589967637929, 50.909338370653025 ], [ 6.707590409213738, 50.909329385216822 ], [ 6.707604621300792, 50.909329664397355 ], [ 6.707607712305991, 50.909266766342846 ], [ 6.707621924374149, 50.90926704552102 ], [ 6.707622365942684, 50.909258060084504 ], [ 6.707608153877257, 50.909257780906415 ], [ 6.707608595448297, 50.909248795469978 ], [ 6.70755174719978, 50.909247678740691 ], [ 6.70755086403562, 50.909265649612841 ], [ 6.707536651968594, 50.90926537042602 ], [ 6.707534444040574, 50.909310297605664 ], [ 6.707520231960115, 50.909310018416676 ], [ 6.707519348781859, 50.909327989288251 ], [ 6.707510367844923, 50.909327812861434 ], [ 6.707501507454383, 50.909365844403304 ] ], [ [ 6.707533119281047, 50.909337253913257 ], [ 6.707531794519484, 50.909364210220708 ], [ 6.707517582422634, 50.909363931031173 ], [ 6.707518907192393, 50.909336974723999 ], [ 6.707533119281047, 50.909337253913257 ] ] ] ] } },
{ "type": "Feature", "properties": { "DN": 1, "gml_id": "DENW41AL30005blLFL", "identifier": "urn:adv:oid:DENW41AL30005blLFL", "aktualit_2": "2024-08-20Z", "idflurst": "DENW41AL30005blL", "flaeche": 480.0, "flstkennz_": "05468202000219______", "flstnrzae": "219", "flstnrnen": null, "gemarkung": "Horrem", "gemaschl": "054682", "flur": "20", "flurschl": "054682020", "land": "Nordrhein-Westfalen", "landschl": "05", "regbezirk": "Kï¿½ln", "regbezschl": "053", "kreis": "Rhein-Erft-Kreis", "kreisschl": "05362", "gemeinde": "Kerpen", "gmdschl": "05362032", "abwrecht": "Kein abweichender Rechtszustand", "lagebeztxt": "Hebbelstraï¿½e 8", "tntxt": "Wohnbauflï¿½che;480", "area": 479, "s area": 18.0, "layer": "swale suitability new", "path": "C:\\Users\\kanis\\Desktop\\Thesis\\Data\\Analysis\\Horrem\\S\\swale suitability new.shp", "final area": 10.1 }, "geometry": { "type": "MultiPolygon", "coordinates": [ [ [ [ 6.707911089917879, 50.909430973102673 ], [ 6.707884281158557, 50.90942849529366 ], [ 6.707881357245127, 50.909488000089787 ], [ 6.707895569383374, 50.909488279235532 ], [ 6.707895127863819, 50.909497264673398 ], [ 6.707895837658823, 50.909497278614694 ], [ 6.707911089917879, 50.909430973102673 ] ] ] ] } },
{ "type": "Feature", "properties": { "DN": 1, "gml_id": "DENW41AL30005aY7FL", "identifier": "urn:adv:oid:DENW41AL30005aY7FL", "aktualit_2": "2024-08-20Z", "idflurst": "DENW41AL30005aY7", "flaeche": 498.0, "flstkennz_": "05468201900334______", "flstnrzae": "334", "flstnrnen": null, "gemarkung": "Horrem", "gemaschl": "054682", "flur": "19", "flurschl": "054682019", "land": "Nordrhein-Westfalen", "landschl": "05", "regbezirk": "Kï¿½ln", "regbezschl": "053", "kreis": "Rhein-Erft-Kreis", "kreisschl": "05362", "gemeinde": "Kerpen", "gmdschl": "05362032", "abwrecht": "Kein abweichender Rechtszustand", "lagebeztxt": "Heinrich-Heine-Straï¿½e 1", "tntxt": "Wohnbauflï¿½che;498", "area": 499, "s area": 97.8, "layer": "swale suitability new", "path": "C:\\Users\\kanis\\Desktop\\Thesis\\Data\\Analysis\\Horrem\\S\\swale suitability new.shp", "final area": 86.8 }, "geometry": { "type": "MultiPolygon", "coordinates": [ [ [ [ 6.707896679937158, 50.908886649662016 ], [ 6.707896285258132, 50.908894682017475 ], [ 6.70789510231935, 50.908894658782927 ], [ 6.707892596169931, 50.908907381790897 ], [ 6.707892546537807, 50.90890761688145 ], [ 6.707877307780254, 50.908975256267851 ], [ 6.707878099677123, 50.908975271821923 ], [ 6.707877216647189, 50.908993242699019 ], [ 6.707873272985818, 50.908993165239401 ], [ 6.707869238188066, 50.909011074210738 ], [ 6.707947393583667, 50.909012609281177 ], [ 6.707947835085542, 50.909003623842231 ], [ 6.707962047076952, 50.909003902977972 ], [ 6.707962488575868, 50.908994917538912 ], [ 6.707976700564774, 50.908995196672848 ], [ 6.707977142060733, 50.908986211233682 ], [ 6.707962930074559, 50.908985932099846 ], [ 6.707963371573023, 50.908976946660751 ], [ 6.707977583556465, 50.908977225794509 ], [ 6.707978025051971, 50.908968240355307 ], [ 6.708006449014071, 50.908968798617458 ], [ 6.708007773482841, 50.908941842299228 ], [ 6.708021985456035, 50.908942121427444 ], [ 6.708023751400303, 50.908906179669216 ], [ 6.708009539438036, 50.908905900541356 ], [ 6.708009097949576, 50.908914885980856 ], [ 6.707994885984804, 50.908914606851177 ], [ 6.707994444493386, 50.908923592290563 ], [ 6.707966020559057, 50.908923034025854 ], [ 6.707964254569272, 50.908958975782518 ], [ 6.707950042591521, 50.908958696647211 ], [ 6.707949601090777, 50.908967682086249 ], [ 6.70793538911052, 50.908967402949116 ], [ 6.707935830613995, 50.908958417510178 ], [ 6.707907406659622, 50.908957859230924 ], [ 6.707907848168334, 50.908948873792134 ], [ 6.707893636194219, 50.908948594650006 ], [ 6.707894960727193, 50.908921638333808 ], [ 6.707937596625634, 50.908922475754224 ], [ 6.707938038127977, 50.908913490315193 ], [ 6.707952250091845, 50.908913769451786 ], [ 6.70795269159123, 50.908904784012641 ], [ 6.70798111551418, 50.908905342280455 ], [ 6.707981557007876, 50.908896356841133 ], [ 6.707995768966959, 50.908896635972354 ], [ 6.707996210457697, 50.908887650532925 ], [ 6.707981998501347, 50.908887371401782 ], [ 6.70798243999459, 50.908878385962424 ], [ 6.707939804135091, 50.908877548558912 ], [ 6.707940245636303, 50.908868563119789 ], [ 6.70792603368632, 50.908868283981924 ], [ 6.707925592182376, 50.908877269420941 ], [ 6.707911380229888, 50.908876990281243 ], [ 6.707910938722986, 50.908885975720175 ], [ 6.707896867130185, 50.908885699335571 ], [ 6.707896679937158, 50.908886649662016 ] ] ] ] } },
{ "type": "Feature", "properties": { "DN": 1, "gml_id": "DENW41AL30005ZmdFL", "identifier": "urn:adv:oid:DENW41AL30005ZmdFL", "aktualit_2": "2024-08-20Z", "idflurst": "DENW41AL30005Zmd", "flaeche": 89.0, "flstkennz_": "05468201900390______", "flstnrzae": "390", "flstnrnen": null, "gemarkung": "Horrem", "gemaschl": "054682", "flur": "19", "flurschl": "054682019", "land": "Nordrhein-Westfalen", "landschl": "05", "regbezirk": "Kï¿½ln", "regbezschl": "053", "kreis": "Rhein-Erft-Kreis", "kreisschl": "05362", "gemeinde": "Kerpen", "gmdschl": "05362032", "abwrecht": "Kein abweichender Rechtszustand", "lagebeztxt": "Sistenichstraï¿½e; Fischbachstraï¿½e 6", "tntxt": "Wohnbauflï¿½che;89", "area": 89, "s area": 29.1, "layer": "swale suitability new", "path": "C:\\Users\\kanis\\Desktop\\Thesis\\Data\\Analysis\\Horrem\\S\\swale suitability new.shp", "final area": 14.0 }, "geometry": { "type": "MultiPolygon", "coordinates": [ [ [ [ 6.709781843871744, 50.909823519989502 ], [ 6.709913901853212, 50.909831881389216 ], [ 6.709915694392135, 50.909815751033179 ], [ 6.709899578986255, 50.909815434784583 ], [ 6.709899137847381, 50.909824420234536 ], [ 6.709884925586869, 50.90982414133137 ], [ 6.709885366728475, 50.909815155881489 ], [ 6.709762968158946, 50.909812753845266 ], [ 6.709763735400188, 50.90981440910091 ], [ 6.709765843865767, 50.909817474165266 ], [ 6.709767755336998, 50.909819512595 ], [ 6.709769172046496, 50.909820377829597 ], [ 6.709771793595532, 50.909821554090257 ], [ 6.709774659451671, 50.909822463395003 ], [ 6.709777720793267, 50.909823089727176 ], [ 6.709781843871744, 50.909823519989502 ] ] ] ] } },
{ "type": "Feature", "properties": { "DN": 1, "gml_id": "DENW41AL30005YdbFL", "identifier": "urn:adv:oid:DENW41AL30005YdbFL", "aktualit_2": "2024-08-20Z", "idflurst": "DENW41AL30005Ydb", "flaeche": 458.0, "flstkennz_": "05468201900237______", "flstnrzae": "237", "flstnrnen": null, "gemarkung": "Horrem", "gemaschl": "054682", "flur": "19", "flurschl": "054682019", "land": "Nordrhein-Westfalen", "landschl": "05", "regbezirk": "Kï¿½ln", "regbezschl": "053", "kreis": "Rhein-Erft-Kreis", "kreisschl": "05362", "gemeinde": "Kerpen", "gmdschl": "05362032", "abwrecht": "Kein abweichender Rechtszustand", "lagebeztxt": "Grabenweg 3", "tntxt": "Wohnbauflï¿½che;458", "area": 457, "s area": 106.0, "layer": "swale suitability new", "path": "C:\\Users\\kanis\\Desktop\\Thesis\\Data\\Analysis\\Horrem\\S\\swale suitability new.shp", "final area": 91.0 }, "geometry": { "type": "MultiPolygon", "coordinates": [ [ [ [ 6.70894978437673, 50.909817749633653 ], [ 6.708943135326829, 50.909818140986197 ], [ 6.708940162153327, 50.909818019832734 ], [ 6.708920926037697, 50.909817245516464 ], [ 6.708913288191403, 50.909895010769283 ], [ 6.708914079116365, 50.909895026297121 ], [ 6.708913637786504, 50.909904011740764 ], [ 6.70892785006169, 50.909904290762483 ], [ 6.708927408734336, 50.909913276206183 ], [ 6.708955833290851, 50.909913834244605 ], [ 6.70895627461274, 50.909904848800721 ], [ 6.708984699164696, 50.909905406832024 ], [ 6.70898425784827, 50.9099143922761 ], [ 6.709026894686094, 50.909915229310378 ], [ 6.709028218610109, 50.909888272977319 ], [ 6.709042430881641, 50.90988855198502 ], [ 6.709042001883357, 50.909897286850644 ], [ 6.709044711621836, 50.909870608543301 ], [ 6.709043313491056, 50.909870581096051 ], [ 6.709042872186462, 50.909879566540539 ], [ 6.709028659917663, 50.909879287532917 ], [ 6.709031307758229, 50.909825374866244 ], [ 6.709049270220109, 50.90982572749509 ], [ 6.70905097661189, 50.909808927425111 ], [ 6.709051093870336, 50.909807775079813 ], [ 6.708989553630462, 50.909806566946145 ], [ 6.708989112316524, 50.909815552390391 ], [ 6.708974900067753, 50.909815273376488 ], [ 6.708975341384423, 50.909806287932327 ], [ 6.708965594649721, 50.909806096584113 ], [ 6.708964333057119, 50.909809656219466 ], [ 6.708960929496559, 50.909813288602138 ], [ 6.708960767162035, 50.909813378908645 ], [ 6.708960687819206, 50.90981499436085 ], [ 6.70895795951694, 50.909814940798469 ], [ 6.708955916123147, 50.909816077536043 ], [ 6.70894978437673, 50.909817749633653 ] ] ] ] } },
{ "type": "Feature", "properties": { "DN": 1, "gml_id": "DENW41AL30005dEXFL", "identifier": "urn:adv:oid:DENW41AL30005dEXFL", "aktualit_2": "2024-08-20Z", "idflurst": "DENW41AL30005dEX", "flaeche": 1249.0, "flstkennz_": "05468202000437______", "flstnrzae": "437", "flstnrnen": null, "gemarkung": "Horrem", "gemaschl": "054682", "flur": "20", "flurschl": "054682020", "land": "Nordrhein-Westfalen", "landschl": "05", "regbezirk": "Kï¿½ln", "regbezschl": "053", "kreis": "Rhein-Erft-Kreis", "kreisschl": "05362", "gemeinde": "Kerpen", "gmdschl": "05362032", "abwrecht": "Kein abweichender Rechtszustand", "lagebeztxt": "An der Malzmï¿½hle 3, 5", "tntxt": "Wohnbauflï¿½che;1249", "area": 1250, "s area": 396.6, "layer": "swale suitability new", "path": "C:\\Users\\kanis\\Desktop\\Thesis\\Data\\Analysis\\Horrem\\S\\swale suitability new.shp", "final area": 38.3 }, "geometry": { "type": "MultiPolygon", "coordinates": [ [ [ [ 6.710810560208963, 50.910372954696442 ], [ 6.710796918148567, 50.910372687090728 ], [ 6.710796922631325, 50.910372595748505 ], [ 6.710782710378555, 50.910372313211646 ], [ 6.710782264734587, 50.91038139374934 ], [ 6.710755370109569, 50.910380866170314 ], [ 6.710755148630374, 50.910386337891467 ], [ 6.710755005766173, 50.91038985312818 ], [ 6.711059463370253, 50.910395825165558 ], [ 6.711060400227462, 50.910380606924612 ], [ 6.710810560208963, 50.910372954696442 ] ] ] ] } },
{ "type": "Feature", "properties": { "DN": 1, "gml_id": "DENW41AL30005dEXFL", "identifier": "urn:adv:oid:DENW41AL30005dEXFL", "aktualit_2": "2024-08-20Z", "idflurst": "DENW41AL30005dEX", "flaeche": 1249.0, "flstkennz_": "05468202000437______", "flstnrzae": "437", "flstnrnen": null, "gemarkung": "Horrem", "gemaschl": "054682", "flur": "20", "flurschl": "054682020", "land": "Nordrhein-Westfalen", "landschl": "05", "regbezirk": "Kï¿½ln", "regbezschl": "053", "kreis": "Rhein-Erft-Kreis", "kreisschl": "05362", "gemeinde": "Kerpen", "gmdschl": "05362032", "abwrecht": "Kein abweichender Rechtszustand", "lagebeztxt": "An der Malzmï¿½hle 3, 5", "tntxt": "Wohnbauflï¿½che;1249", "area": 1250, "s area": 396.6, "layer": "swale suitability new", "path": "C:\\Users\\kanis\\Desktop\\Thesis\\Data\\Analysis\\Horrem\\S\\swale suitability new.shp", "final area": 255.2 }, "geometry": { "type": "MultiPolygon", "coordinates": [ [ [ [ 6.710747515622558, 50.910551600085697 ], [ 6.710802311099634, 50.910552674978184 ], [ 6.710802752076058, 50.910543689523671 ], [ 6.710845389542968, 50.91054452590128 ], [ 6.710845830510971, 50.910535540446489 ], [ 6.710916892946681, 50.910536934374136 ], [ 6.710916451992339, 50.910545919829374 ], [ 6.710944876973669, 50.9105464773885 ], [ 6.710944436024564, 50.910555462843895 ], [ 6.710987073506451, 50.91055629916989 ], [ 6.710987955388041, 50.910538328258575 ], [ 6.711002167876991, 50.910538607030276 ], [ 6.71100172693904, 50.910547592486026 ], [ 6.711015939430949, 50.910547871256078 ], [ 6.711015498495504, 50.910556856711921 ], [ 6.711072348476322, 50.910557971775219 ], [ 6.711071466626612, 50.91057594268753 ], [ 6.711085679127845, 50.910576221449219 ], [ 6.71108435635978, 50.910603177817826 ], [ 6.711112781379318, 50.910603735336537 ], [ 6.711112340461642, 50.910612720792891 ], [ 6.711098127949028, 50.910612442034314 ], [ 6.711097687028394, 50.910621427490561 ], [ 6.711111899543739, 50.910621706249231 ], [ 6.711110576788677, 50.910648662618129 ], [ 6.711124789312443, 50.910648941375342 ], [ 6.71112434839637, 50.910657926831689 ], [ 6.711110135869871, 50.910657648074405 ], [ 6.711109694950839, 50.910666633530646 ], [ 6.711123907480069, 50.910666912288036 ], [ 6.711122143812609, 50.910702854113218 ], [ 6.71110793127245, 50.910702575355486 ], [ 6.711107049431901, 50.910720546267804 ], [ 6.711092836886504, 50.910720267508161 ], [ 6.711093718732518, 50.910702296596014 ], [ 6.711065293653329, 50.910701739071911 ], [ 6.711064852724971, 50.91071072452781 ], [ 6.711050640182983, 50.910710445763065 ], [ 6.711050199251668, 50.910719431218851 ], [ 6.71099334907505, 50.910718316142244 ], [ 6.710992467189884, 50.910736287053084 ], [ 6.711006679739165, 50.910736565825005 ], [ 6.711006618534591, 50.910737813048769 ], [ 6.711148717326627, 50.910741145144087 ], [ 6.711152300225997, 50.910668128318264 ], [ 6.711151351788907, 50.910658456457774 ], [ 6.711138560923095, 50.910658205587254 ], [ 6.711139442749553, 50.910640234674354 ], [ 6.711149584440053, 50.910640433585982 ], [ 6.711142818594674, 50.910571437499186 ], [ 6.711142088223505, 50.910586321935234 ], [ 6.711127875718636, 50.910586043180373 ], [ 6.711129198460757, 50.910559086810856 ], [ 6.711141631384333, 50.910559330662167 ], [ 6.711136807573639, 50.910510138743639 ], [ 6.711073976179274, 50.910508823908607 ], [ 6.711067399993792, 50.910508021086883 ], [ 6.711061541842701, 50.910505968476841 ], [ 6.711056979379574, 50.91050286847981 ], [ 6.711054162494059, 50.910499026776648 ], [ 6.711053368949742, 50.910494822185356 ], [ 6.71105614522902, 50.910449724711135 ], [ 6.710949727398902, 50.910447637378155 ], [ 6.710949286452284, 50.910456622833721 ], [ 6.710991923844015, 50.910457459156795 ], [ 6.710991482905365, 50.910466444612616 ], [ 6.71100569537246, 50.910466723383614 ], [ 6.711005254436317, 50.910475708839492 ], [ 6.711033679376647, 50.91047626637647 ], [ 6.711032356583255, 50.91050322274458 ], [ 6.711018144104781, 50.910502943976688 ], [ 6.71101858503887, 50.910493958520753 ], [ 6.710961735138161, 50.910492843432273 ], [ 6.710961294193145, 50.910501828887867 ], [ 6.710932869238682, 50.910501271333075 ], [ 6.710933310189163, 50.910492285877666 ], [ 6.710890672767361, 50.910491449532785 ], [ 6.710891113725811, 50.910482464077631 ], [ 6.710848476314238, 50.910481627717452 ], [ 6.710848035347592, 50.910490613172335 ], [ 6.710833822874788, 50.910490334382061 ], [ 6.710833381905183, 50.910499319836845 ], [ 6.710750492705354, 50.910497693856861 ], [ 6.710747515622558, 50.910551600085697 ] ], [ [ 6.710817846511508, 50.910525997408712 ], [ 6.710789421545174, 50.910525439818812 ], [ 6.710789862523652, 50.910516454364355 ], [ 6.710818287484523, 50.910517011954077 ], [ 6.710817846511508, 50.910525997408712 ] ] ] ] } },
{ "type": "Feature", "properties": { "DN": 1, "gml_id": "DENW41AL30005bosFL", "identifier": "urn:adv:oid:DENW41AL30005bosFL", "aktualit_2": "2024-08-20Z", "idflurst": "DENW41AL30005bos", "flaeche": 927.0, "flstkennz_": "054682020000350002__", "flstnrzae": "35", "flstnrnen": "2", "gemarkung": "Horrem", "gemaschl": "054682", "flur": "20", "flurschl": "054682020", "land": "Nordrhein-Westfalen", "landschl": "05", "regbezirk": "Kï¿½ln", "regbezschl": "053", "kreis": "Rhein-Erft-Kreis", "kreisschl": "05362", "gemeinde": "Kerpen", "gmdschl": "05362032", "abwrecht": "Kein abweichender Rechtszustand", "lagebeztxt": "Hauptstraï¿½e 212", "tntxt": "Flï¿½che gemischter Nutzung(funktion:Gebï¿½ude- und Freiflï¿½che Mischnutzung mit Wohnen);927", "area": 930, "s area": 160.9, "layer": "swale suitability new", "path": "C:\\Users\\kanis\\Desktop\\Thesis\\Data\\Analysis\\Horrem\\S\\swale suitability new.shp", "final area": 96.3 }, "geometry": { "type": "MultiPolygon", "coordinates": [ [ [ [ 6.711191523096987, 50.910632262026297 ], [ 6.711196733738819, 50.910632364221769 ], [ 6.711197174640556, 50.910623378764917 ], [ 6.711225599674636, 50.910623936256322 ], [ 6.711226040570683, 50.910614950799271 ], [ 6.711268678115301, 50.910615787023147 ], [ 6.711269119002925, 50.910606801565812 ], [ 6.711283331515518, 50.910607080303556 ], [ 6.71128553593659, 50.910562153016237 ], [ 6.71129974843575, 50.910562431751799 ], [ 6.711300189316555, 50.910553446294195 ], [ 6.711314401813207, 50.910553725027938 ], [ 6.711314842691054, 50.910544739570234 ], [ 6.711329055185201, 50.910545018302166 ], [ 6.711330566204449, 50.910514222245233 ], [ 6.711313964535372, 50.910513881550919 ], [ 6.711179635838889, 50.910511040277314 ], [ 6.711191523096987, 50.910632262026297 ] ] ] ] } },
{ "type": "Feature", "properties": { "DN": 1, "gml_id": "DENW41AL30005bosFL", "identifier": "urn:adv:oid:DENW41AL30005bosFL", "aktualit_2": "2024-08-20Z", "idflurst": "DENW41AL30005bos", "flaeche": 927.0, "flstkennz_": "054682020000350002__", "flstnrzae": "35", "flstnrnen": "2", "gemarkung": "Horrem", "gemaschl": "054682", "flur": "20", "flurschl": "054682020", "land": "Nordrhein-Westfalen", "landschl": "05", "regbezirk": "Kï¿½ln", "regbezschl": "053", "kreis": "Rhein-Erft-Kreis", "kreisschl": "05362", "gemeinde": "Kerpen", "gmdschl": "05362032", "abwrecht": "Kein abweichender Rechtszustand", "lagebeztxt": "Hauptstraï¿½e 212", "tntxt": "Flï¿½che gemischter Nutzung(funktion:Gebï¿½ude- und Freiflï¿½che Mischnutzung mit Wohnen);927", "area": 930, "s area": 160.9, "layer": "swale suitability new", "path": "C:\\Users\\kanis\\Desktop\\Thesis\\Data\\Analysis\\Horrem\\S\\swale suitability new.shp", "final area": 18.8 }, "geometry": { "type": "MultiPolygon", "coordinates": [ [ [ [ 6.711202323617329, 50.910742401177082 ], [ 6.711248186652608, 50.910743474325812 ], [ 6.711249174898302, 50.910723333769141 ], [ 6.711263387446185, 50.910723612509763 ], [ 6.711263828336521, 50.910714627052634 ], [ 6.711249615791369, 50.910714348312105 ], [ 6.711250056684212, 50.910705362855047 ], [ 6.711221631600051, 50.910704805368958 ], [ 6.711222072498131, 50.910695819912078 ], [ 6.711207859959123, 50.910695541166533 ], [ 6.711208741760069, 50.910677570252865 ], [ 6.711195941511308, 50.910677319204652 ], [ 6.711202323617329, 50.910742401177082 ] ] ] ] } },
{ "type": "Feature", "properties": { "DN": 1, "gml_id": "DENW41AL30005ebsFL", "identifier": "urn:adv:oid:DENW41AL30005ebsFL", "aktualit_2": "2024-08-20Z", "idflurst": "DENW41AL30005ebs", "flaeche": 583.0, "flstkennz_": "05468202000220______", "flstnrzae": "220", "flstnrnen": null, "gemarkung": "Horrem", "gemaschl": "054682", "flur": "20", "flurschl": "054682020", "land": "Nordrhein-Westfalen", "landschl": "05", "regbezirk": "Kï¿½ln", "regbezschl": "053", "kreis": "Rhein-Erft-Kreis", "kreisschl": "05362", "gemeinde": "Kerpen", "gmdschl": "05362032", "abwrecht": "Kein abweichender Rechtszustand", "lagebeztxt": "Hebbelstraï¿½e 10", "tntxt": "Wohnbauflï¿½che;583", "area": 580, "s area": 67.2, "layer": "swale suitability new", "path": "C:\\Users\\kanis\\Desktop\\Thesis\\Data\\Analysis\\Horrem\\S\\swale suitability new.shp", "final area": 33.6 }, "geometry": { "type": "MultiPolygon", "coordinates": [ [ [ [ 6.707943507683032, 50.909290152826934 ], [ 6.707918025304782, 50.909268469510643 ], [ 6.707679847228487, 50.909246295150567 ], [ 6.707678772649047, 50.909268162216435 ], [ 6.707692984718336, 50.909268441385983 ], [ 6.707693426273212, 50.909259455949019 ], [ 6.707849759020285, 50.909262526698818 ], [ 6.707849317495459, 50.909271512136755 ], [ 6.707891953712153, 50.909272349577932 ], [ 6.707891512195295, 50.909281335016118 ], [ 6.707905724270711, 50.909281614159802 ], [ 6.707902633665496, 50.909344512227264 ], [ 6.707916845760259, 50.909344791369854 ], [ 6.707916404247056, 50.909353776808075 ], [ 6.707928803793206, 50.909354020348658 ], [ 6.707943507683032, 50.909290152826934 ] ] ] ] } },
{ "type": "Feature", "properties": { "DN": 1, "gml_id": "DENW41AL30005WZ0FL", "identifier": "urn:adv:oid:DENW41AL30005WZ0FL", "aktualit_2": "2024-08-20Z", "idflurst": "DENW41AL30005WZ0", "flaeche": 3547.0, "flstkennz_": "05468202000451______", "flstnrzae": "451", "flstnrnen": null, "gemarkung": "Horrem", "gemaschl": "054682", "flur": "20", "flurschl": "054682020", "land": "Nordrhein-Westfalen", "landschl": "05", "regbezirk": "Kï¿½ln", "regbezschl": "053", "kreis": "Rhein-Erft-Kreis", "kreisschl": "05362", "gemeinde": "Kerpen", "gmdschl": "05362032", "abwrecht": "Kein abweichender Rechtszustand", "lagebeztxt": "Am grï¿½nen Weg 16, 18; Thomas-Mann-Straï¿½e 7, 8, 9", "tntxt": "Wohnbauflï¿½che;3547", "area": 3550, "s area": 927.7, "layer": "swale suitability new", "path": "C:\\Users\\kanis\\Desktop\\Thesis\\Data\\Analysis\\Horrem\\S\\swale suitability new.shp", "final area": 869.5 }, "geometry": { "type": "MultiPolygon", "coordinates": [ [ [ [ 6.707255653534494, 50.910311372071675 ], [ 6.706788894036979, 50.910296561245197 ], [ 6.706787694810392, 50.910320954398159 ], [ 6.706773482429594, 50.91032067511432 ], [ 6.706772157182886, 50.910347631402864 ], [ 6.706757944794118, 50.910347352117029 ], [ 6.706756177784409, 50.910383293834506 ], [ 6.706741965384941, 50.910383014546589 ], [ 6.706740198360683, 50.910418956263449 ], [ 6.706725985950514, 50.910418676973443 ], [ 6.706723335390944, 50.910472589547695 ], [ 6.706709122964607, 50.910472310255429 ], [ 6.706707797673572, 50.910499266542047 ], [ 6.706693585239266, 50.910498987247784 ], [ 6.706692259937997, 50.910525943534012 ], [ 6.706678047495724, 50.910525664237746 ], [ 6.706676722184219, 50.910552620523546 ], [ 6.706662509733976, 50.910552341225284 ], [ 6.706661626186377, 50.910570312082228 ], [ 6.706647413730897, 50.910570032782061 ], [ 6.706646088399607, 50.910596989067066 ], [ 6.706631875936157, 50.91059670976491 ], [ 6.706630108813671, 50.910632651477677 ], [ 6.706615896339518, 50.910632372173438 ], [ 6.706614570987082, 50.910659328457569 ], [ 6.706628783469429, 50.910659607762078 ], [ 6.70662789990547, 50.910677578618262 ], [ 6.706656324881772, 50.910678137222455 ], [ 6.706655883104917, 50.910687122650707 ], [ 6.706712733071166, 50.910688239838699 ], [ 6.706713616602795, 50.91067026898147 ], [ 6.706727829089458, 50.91067054827397 ], [ 6.706728270852201, 50.910661562845256 ], [ 6.706714058368268, 50.910661283552848 ], [ 6.706714941898539, 50.910643312695527 ], [ 6.706757579334623, 50.910644150567038 ], [ 6.706758021091223, 50.910635165138082 ], [ 6.706928570823152, 50.910638516467444 ], [ 6.706926803926528, 50.910674458187415 ], [ 6.706941016416589, 50.910674737453981 ], [ 6.706940574694598, 50.910683722884023 ], [ 6.706954787187616, 50.910684002148948 ], [ 6.706955670625906, 50.910666031288677 ], [ 6.706969883113686, 50.910666310551697 ], [ 6.706972975121444, 50.910603412539587 ], [ 6.706987187590328, 50.910603691800254 ], [ 6.706991162987988, 50.91052282292555 ], [ 6.70700537543251, 50.910523102183681 ], [ 6.707008025671039, 50.910469189599262 ], [ 6.707022238099396, 50.91046946885514 ], [ 6.707025330014924, 50.910406570838596 ], [ 6.707039542424384, 50.910406850092123 ], [ 6.707042634309698, 50.910343952074136 ], [ 6.707056846700259, 50.910344231325318 ], [ 6.707057730088562, 50.910326260462703 ], [ 6.707071942473887, 50.910326539711967 ], [ 6.707072384164968, 50.910317554280546 ], [ 6.707129233697604, 50.910318671259972 ], [ 6.707128792017452, 50.910327656691749 ], [ 6.707214066339589, 50.910329332109541 ], [ 6.707213624675602, 50.910338317541836 ], [ 6.707250739982785, 50.910339046741313 ], [ 6.707255653534494, 50.910311372071675 ] ], [ [ 6.706803309006818, 50.91058209041811 ], [ 6.706831733928451, 50.910582648978853 ], [ 6.706830408703027, 50.91060960526729 ], [ 6.706773558827884, 50.910608488137825 ], [ 6.706775325838374, 50.910572546421299 ], [ 6.706803750753638, 50.910573104988792 ], [ 6.706803309006818, 50.91058209041811 ] ], [ [ 6.706963179814807, 50.91051327897366 ], [ 6.706948967373695, 50.910512999710427 ], [ 6.706949409091384, 50.910504014280065 ], [ 6.706963621529764, 50.910504293543212 ], [ 6.706963179814807, 50.91051327897366 ] ] ] ] } },
{ "type": "Feature", "properties": { "DN": 1, "gml_id": "DENW41AL30005gY7FL", "identifier": "urn:adv:oid:DENW41AL30005gY7FL", "aktualit_2": "2024-08-20Z", "idflurst": "DENW41AL30005gY7", "flaeche": 754.0, "flstkennz_": "05468202000450______", "flstnrzae": "450", "flstnrnen": null, "gemarkung": "Horrem", "gemaschl": "054682", "flur": "20", "flurschl": "054682020", "land": "Nordrhein-Westfalen", "landschl": "05", "regbezirk": "Kï¿½ln", "regbezschl": "053", "kreis": "Rhein-Erft-Kreis", "kreisschl": "05362", "gemeinde": "Kerpen", "gmdschl": "05362032", "abwrecht": "Kein abweichender Rechtszustand", "lagebeztxt": "Grabenweg 20", "tntxt": "Wohnbauflï¿½che;754", "area": 754, "s area": 192.0, "layer": "swale suitability new", "path": "C:\\Users\\kanis\\Desktop\\Thesis\\Data\\Analysis\\Horrem\\S\\swale suitability new.shp", "final area": 144.7 }, "geometry": { "type": "MultiPolygon", "coordinates": [ [ [ [ 6.707230541695139, 50.910283572038551 ], [ 6.707231812009297, 50.910257727880158 ], [ 6.707217599643338, 50.910257448650626 ], [ 6.707218482967012, 50.910239477785723 ], [ 6.707161633527292, 50.91023836085099 ], [ 6.70716119185464, 50.910247346283093 ], [ 6.707132767130674, 50.910246787805185 ], [ 6.70713320880879, 50.910237802373253 ], [ 6.707118996449879, 50.910237523131791 ], [ 6.707118554769031, 50.910246508563624 ], [ 6.707019068243864, 50.910244553824363 ], [ 6.707019509943835, 50.910235568393155 ], [ 6.706920023448883, 50.910233613569808 ], [ 6.706920465167751, 50.910224628139197 ], [ 6.706906252814966, 50.910224348871893 ], [ 6.706907136257485, 50.910206378010805 ], [ 6.706878711563523, 50.910205819471365 ], [ 6.706879153289908, 50.910196834040967 ], [ 6.706850728602315, 50.910196275494798 ], [ 6.706850286870466, 50.910205260925004 ], [ 6.706821862178315, 50.910204702371729 ], [ 6.706819211749693, 50.910258614951587 ], [ 6.706804999387566, 50.91025833567182 ], [ 6.706804423449252, 50.910270050784419 ], [ 6.707230541695139, 50.910283572038551 ] ] ] ] } },
{ "type": "Feature", "properties": { "DN": 1, "gml_id": "DENW41AL30005WZ0FL", "identifier": "urn:adv:oid:DENW41AL30005WZ0FL", "aktualit_2": "2024-08-20Z", "idflurst": "DENW41AL30005WZ0", "flaeche": 3547.0, "flstkennz_": "05468202000451______", "flstnrzae": "451", "flstnrnen": null, "gemarkung": "Horrem", "gemaschl": "054682", "flur": "20", "flurschl": "054682020", "land": "Nordrhein-Westfalen", "landschl": "05", "regbezirk": "Kï¿½ln", "regbezschl": "053", "kreis": "Rhein-Erft-Kreis", "kreisschl": "05362", "gemeinde": "Kerpen", "gmdschl": "05362032", "abwrecht": "Kein abweichender Rechtszustand", "lagebeztxt": "Am grï¿½nen Weg 16, 18; Thomas-Mann-Straï¿½e 7, 8, 9", "tntxt": "Wohnbauflï¿½che;3547", "area": 3550, "s area": 76.8, "layer": "swale suitability new", "path": "C:\\Users\\kanis\\Desktop\\Thesis\\Data\\Analysis\\Horrem\\S\\swale suitability new.shp", "final area": 51.6 }, "geometry": { "type": "MultiPolygon", "coordinates": [ [ [ [ 6.706768345751784, 50.910105104609897 ], [ 6.706727250204255, 50.910103599845804 ], [ 6.706727235071248, 50.910103907656364 ], [ 6.706670385816204, 50.910102790484579 ], [ 6.706670448281544, 50.910101519949464 ], [ 6.706589769781051, 50.910098565724958 ], [ 6.706581673815369, 50.910098513766826 ], [ 6.706573199094778, 50.910098916812416 ], [ 6.706564990006456, 50.910099830817629 ], [ 6.706556968892834, 50.910101255718978 ], [ 6.70654922015284, 50.910103179413156 ], [ 6.706541803356576, 50.910105584441858 ], [ 6.706534857448347, 50.910108421071406 ], [ 6.706527249174127, 50.910112301509287 ], [ 6.706520459468616, 50.910116669544401 ], [ 6.70651449284283, 50.91012150378004 ], [ 6.706509443070943, 50.910126732302778 ], [ 6.706505378082239, 50.910132286865505 ], [ 6.706502128692538, 50.910138512872237 ], [ 6.706497380370076, 50.910149424297373 ], [ 6.706497187282122, 50.910153351371925 ], [ 6.706495684279727, 50.910153321833114 ], [ 6.706480161160946, 50.910188993196257 ], [ 6.706495420083807, 50.910189293084045 ], [ 6.706494978283662, 50.910198278512041 ], [ 6.7065234029654, 50.910198837144833 ], [ 6.706524728348763, 50.910171880860283 ], [ 6.706538940681776, 50.910172160173829 ], [ 6.706541149635862, 50.910127233032128 ], [ 6.706555361955441, 50.9101275123435 ], [ 6.706556245530028, 50.910109541486527 ], [ 6.70657045784437, 50.910109820795988 ], [ 6.706570899628591, 50.910100835367388 ], [ 6.706613536564781, 50.910101673285126 ], [ 6.706613094788755, 50.910110658713997 ], [ 6.706669944051106, 50.910111775913798 ], [ 6.70666950228578, 50.910120761343009 ], [ 6.70672635156268, 50.910121878515511 ], [ 6.706725909808056, 50.910130863945056 ], [ 6.706765874244691, 50.910131649288928 ], [ 6.706768345751784, 50.910105104609897 ] ] ] ] } },
{ "type": "Feature", "properties": { "DN": 1, "gml_id": "DENW41AL30005bosFL", "identifier": "urn:adv:oid:DENW41AL30005bosFL", "aktualit_2": "2024-08-20Z", "idflurst": "DENW41AL30005bos", "flaeche": 927.0, "flstkennz_": "054682020000350002__", "flstnrzae": "35", "flstnrnen": "2", "gemarkung": "Horrem", "gemaschl": "054682", "flur": "20", "flurschl": "054682020", "land": "Nordrhein-Westfalen", "landschl": "05", "regbezirk": "Kï¿½ln", "regbezschl": "053", "kreis": "Rhein-Erft-Kreis", "kreisschl": "05362", "gemeinde": "Kerpen", "gmdschl": "05362032", "abwrecht": "Kein abweichender Rechtszustand", "lagebeztxt": "Hauptstraï¿½e 212", "tntxt": "Flï¿½che gemischter Nutzung(funktion:Gebï¿½ude- und Freiflï¿½che Mischnutzung mit Wohnen);927", "area": 930, "s area": 181.4, "layer": "swale suitability new", "path": "C:\\Users\\kanis\\Desktop\\Thesis\\Data\\Analysis\\Horrem\\S\\swale suitability new.shp", "final area": 165.4 }, "geometry": { "type": "MultiPolygon", "coordinates": [ [ [ [ 6.711589224719702, 50.910751453705906 ], [ 6.711589394454169, 50.91074799398524 ], [ 6.711603468559567, 50.910748269969574 ], [ 6.711608544606374, 50.910631446160899 ], [ 6.711552487631512, 50.910630346910352 ], [ 6.711552046798076, 50.910639332369414 ], [ 6.711537834272995, 50.910639053664262 ], [ 6.7115373934366, 50.910648039123224 ], [ 6.711523180909013, 50.910647760416254 ], [ 6.71152274006966, 50.910656745875109 ], [ 6.711437464892488, 50.910655073596409 ], [ 6.7114361423239, 50.910682029971284 ], [ 6.71145035486106, 50.91068230868899 ], [ 6.711449914007144, 50.910691294147327 ], [ 6.711520976709993, 50.910692687710359 ], [ 6.71152053586951, 50.910701673169143 ], [ 6.711506323325757, 50.910701394459906 ], [ 6.711504559950641, 50.910737336294495 ], [ 6.711476134841957, 50.910736778870103 ], [ 6.711476575691539, 50.91072779341166 ], [ 6.711419725487807, 50.910726678542538 ], [ 6.711420166348091, 50.910717693084429 ], [ 6.711334891065663, 50.910716020729389 ], [ 6.711336213694335, 50.910689064356568 ], [ 6.711350426232645, 50.910689343086474 ], [ 6.711351307978498, 50.910671372170995 ], [ 6.711337095445653, 50.910671093441273 ], [ 6.711337977196068, 50.910653122525922 ], [ 6.71130955214198, 50.910652565061653 ], [ 6.711309111261421, 50.910661550519166 ], [ 6.711266473673789, 50.910660714309529 ], [ 6.71126603278481, 50.910669699766743 ], [ 6.711237607722055, 50.910669142284839 ], [ 6.711237166827384, 50.910678127741882 ], [ 6.71125137936138, 50.91067840648379 ], [ 6.711250938469218, 50.91068739194089 ], [ 6.711265151006172, 50.910687670681156 ], [ 6.711264710116514, 50.910696656138342 ], [ 6.711293135196565, 50.910697213613865 ], [ 6.711292253427501, 50.910715184528527 ], [ 6.711278040881897, 50.910714905791444 ], [ 6.711277599994293, 50.910723891248658 ], [ 6.711291812542628, 50.910724169985833 ], [ 6.711291371657531, 50.910733155443111 ], [ 6.711277159106463, 50.910732876705858 ], [ 6.711276718218408, 50.910741862163036 ], [ 6.711305143326231, 50.910742419636009 ], [ 6.711305584208823, 50.910733434178645 ], [ 6.711405072074197, 50.910735385278919 ], [ 6.71140463121073, 50.910744370736893 ], [ 6.71143305632262, 50.910744928178737 ], [ 6.711433497180623, 50.910735942720585 ], [ 6.711447709734175, 50.910736221438825 ], [ 6.711447268878904, 50.910745206897062 ], [ 6.711560969337309, 50.910747436581438 ], [ 6.711560804875087, 50.910750788795589 ], [ 6.711589224719702, 50.910751453705906 ] ], [ [ 6.711280245316527, 50.910669978505119 ], [ 6.711279804430053, 50.910678963962418 ], [ 6.711265591895605, 50.910678685223964 ], [ 6.71126603278481, 50.910669699766743 ], [ 6.711280245316527, 50.910669978505119 ] ], [ [ 6.71155072429641, 50.910666288746526 ], [ 6.711550283462071, 50.910675274205531 ], [ 6.711536070926061, 50.910674995500017 ], [ 6.711536511763133, 50.910666010041098 ], [ 6.71155072429641, 50.910666288746526 ] ] ] ] } }
]
}
