{
"type": "FeatureCollection",
"name": "BS suitability",
"crs": { "type": "name", "properties": { "name": "urn:ogc:def:crs:EPSG::25832" } },
"features": [
{ "type": "Feature", "properties": { "DN": 1, "gml_id": "DENW41AL30005czGFL", "identifier": "urn:adv:oid:DENW41AL30005czGFL", "aktualit_2": "2024-08-20Z", "idflurst": "DENW41AL30005czG", "flaeche": 603.0, "flstkennz_": "05468201900114______", "flstnrzae": "114", "flstnrnen": null, "gemarkung": "Horrem", "gemaschl": "054682", "flur": "19", "flurschl": "054682019", "land": "Nordrhein-Westfalen", "landschl": "05", "regbezirk": "Köln", "regbezschl": "053", "kreis": "Rhein-Erft-Kreis", "kreisschl": "05362", "gemeinde": "Kerpen", "gmdschl": "05362032", "abwrecht": "Kein abweichender Rechtszustand", "lagebeztxt": "Merodestraße 32", "tntxt": "Wohnbaufläche;603", "area": 599, "s area": 183.0, "layer": "Clipped", "path": "MultiPolygon?crs=EPSG:25832&field=DN:integer(9,0)&field=gml_id:string(80,0)&field=identifier:string(80,0)&field=aktualit_2:string(11,0)&field=idflurst:string(16,0)&field=flaeche:double(16,2)&field=flstkennz_:string(20,0)&field=flstnrzae:string(16,0)&fiel", "final area": 116.7 }, "geometry": { "type": "MultiPolygon", "coordinates": [ [ [ [ 338809.155667137878481, 5642181.403972841799259 ], [ 338809.54142035235418, 5642178.0 ], [ 338809.0, 5642178.0 ], [ 338809.0, 5642179.0 ], [ 338808.0, 5642179.0 ], [ 338808.0, 5642181.0 ], [ 338807.0, 5642181.0 ], [ 338807.0, 5642182.233878615312278 ], [ 338809.03146486665355, 5642182.485410799272358 ], [ 338809.155667137878481, 5642181.403972841799259 ] ] ], [ [ [ 338810.108042403124273, 5642173.0 ], [ 338810.0, 5642173.0 ], [ 338810.0, 5642173.953390385955572 ], [ 338810.108042403124273, 5642173.0 ] ] ], [ [ [ 338810.787988864001818, 5642167.0 ], [ 338809.0, 5642167.0 ], [ 338809.0, 5642168.0 ], [ 338810.0, 5642168.0 ], [ 338810.0, 5642170.0 ], [ 338810.448015633563045, 5642170.0 ], [ 338810.787988864001818, 5642167.0 ] ] ], [ [ [ 338811.581259735103231, 5642160.0 ], [ 338810.0, 5642160.0 ], [ 338810.0, 5642161.0 ], [ 338811.0, 5642161.0 ], [ 338811.0, 5642164.0 ], [ 338811.127962094498798, 5642164.0 ], [ 338811.581259735103231, 5642160.0 ] ] ], [ [ [ 338799.075002199388109, 5642168.0 ], [ 338800.0, 5642168.0 ], [ 338800.0, 5642167.0 ], [ 338801.0, 5642167.0 ], [ 338801.0, 5642166.0 ], [ 338802.0, 5642166.0 ], [ 338802.0, 5642165.0 ], [ 338803.0, 5642165.0 ], [ 338803.0, 5642166.0 ], [ 338804.0, 5642166.0 ], [ 338804.0, 5642168.0 ], [ 338803.0, 5642168.0 ], [ 338803.0, 5642170.0 ], [ 338804.0, 5642170.0 ], [ 338804.0, 5642172.0 ], [ 338802.0, 5642172.0 ], [ 338802.0, 5642173.0 ], [ 338800.0, 5642173.0 ], [ 338800.0, 5642172.0 ], [ 338799.0, 5642172.0 ], [ 338799.0, 5642168.673232206143439 ], [ 338797.734815953590441, 5642180.029734469950199 ], [ 338797.619152959727217, 5642181.072359665296972 ], [ 338803.0, 5642181.738606090657413 ], [ 338803.0, 5642181.0 ], [ 338800.0, 5642181.0 ], [ 338800.0, 5642177.0 ], [ 338801.0, 5642177.0 ], [ 338801.0, 5642176.0 ], [ 338806.0, 5642176.0 ], [ 338806.0, 5642175.0 ], [ 338807.0, 5642175.0 ], [ 338807.0, 5642173.0 ], [ 338808.0, 5642173.0 ], [ 338808.0, 5642172.0 ], [ 338809.0, 5642172.0 ], [ 338809.0, 5642171.0 ], [ 338810.0, 5642171.0 ], [ 338810.0, 5642170.0 ], [ 338809.0, 5642170.0 ], [ 338809.0, 5642169.0 ], [ 338807.0, 5642169.0 ], [ 338807.0, 5642167.0 ], [ 338808.0, 5642167.0 ], [ 338808.0, 5642166.0 ], [ 338807.0, 5642166.0 ], [ 338807.0, 5642165.0 ], [ 338805.0, 5642165.0 ], [ 338805.0, 5642163.0 ], [ 338803.0, 5642163.0 ], [ 338803.0, 5642160.0 ], [ 338802.0, 5642160.0 ], [ 338802.0, 5642159.0 ], [ 338801.0, 5642159.0 ], [ 338801.0, 5642160.0 ], [ 338800.0, 5642160.0 ], [ 338800.0, 5642161.0 ], [ 338799.854845158057287, 5642161.0 ], [ 338799.075002199388109, 5642168.0 ] ] ] ] } },
{ "type": "Feature", "properties": { "DN": 1, "gml_id": "DENW41AL30005dAXFL", "identifier": "urn:adv:oid:DENW41AL30005dAXFL", "aktualit_2": "2024-08-20Z", "idflurst": "DENW41AL30005dAX", "flaeche": 770.0, "flstkennz_": "05468202000223______", "flstnrzae": "223", "flstnrnen": null, "gemarkung": "Horrem", "gemaschl": "054682", "flur": "20", "flurschl": "054682020", "land": "Nordrhein-Westfalen", "landschl": "05", "regbezirk": "Köln", "regbezschl": "053", "kreis": "Rhein-Erft-Kreis", "kreisschl": "05362", "gemeinde": "Kerpen", "gmdschl": "05362032", "abwrecht": "Kein abweichender Rechtszustand", "lagebeztxt": "Heinrich-Heine-Straße 6", "tntxt": "Wohnbaufläche;770", "area": 768, "s area": 370.5, "layer": "Clipped", "path": "MultiPolygon?crs=EPSG:25832&field=DN:integer(9,0)&field=gml_id:string(80,0)&field=identifier:string(80,0)&field=aktualit_2:string(11,0)&field=idflurst:string(16,0)&field=flaeche:double(16,2)&field=flstkennz_:string(20,0)&field=flstnrzae:string(16,0)&fiel", "final area": 288.5 }, "geometry": { "type": "MultiPolygon", "coordinates": [ [ [ [ 338798.335120532196015, 5642253.0 ], [ 338796.0, 5642253.0 ], [ 338796.0, 5642252.0 ], [ 338795.0, 5642252.0 ], [ 338795.0, 5642251.0 ], [ 338789.0, 5642251.0 ], [ 338789.0, 5642250.0 ], [ 338786.541693125851452, 5642250.0 ], [ 338786.195059169607703, 5642253.0 ], [ 338787.0, 5642253.0 ], [ 338787.0, 5642252.0 ], [ 338788.0, 5642252.0 ], [ 338788.0, 5642253.0 ], [ 338789.0, 5642253.0 ], [ 338789.0, 5642259.0 ], [ 338788.0, 5642259.0 ], [ 338788.0, 5642260.0 ], [ 338787.0, 5642260.0 ], [ 338787.0, 5642261.0 ], [ 338786.0, 5642261.0 ], [ 338786.0, 5642262.0 ], [ 338785.155157300760038, 5642262.0 ], [ 338783.386585729080252, 5642277.306390556506813 ], [ 338786.0, 5642277.426519355736673 ], [ 338786.0, 5642276.0 ], [ 338787.0, 5642276.0 ], [ 338787.0, 5642274.0 ], [ 338788.0, 5642274.0 ], [ 338788.0, 5642275.0 ], [ 338789.0, 5642275.0 ], [ 338789.0, 5642276.0 ], [ 338790.0, 5642276.0 ], [ 338790.0, 5642277.612634156830609 ], [ 338795.537438864761498, 5642277.870319330133498 ], [ 338798.335120532196015, 5642253.0 ] ] ], [ [ [ 338785.848425213305745, 5642256.0 ], [ 338788.0, 5642256.0 ], [ 338788.0, 5642255.0 ], [ 338785.963969865406398, 5642255.0 ], [ 338785.848425213305745, 5642256.0 ] ] ] ] } },
{ "type": "Feature", "properties": { "DN": 1, "gml_id": "DENW41AL30005c70FL", "identifier": "urn:adv:oid:DENW41AL30005c70FL", "aktualit_2": "2024-08-20Z", "idflurst": "DENW41AL30005c70", "flaeche": 747.0, "flstkennz_": "05468202000222______", "flstnrzae": "222", "flstnrnen": null, "gemarkung": "Horrem", "gemaschl": "054682", "flur": "20", "flurschl": "054682020", "land": "Nordrhein-Westfalen", "landschl": "05", "regbezirk": "Köln", "regbezschl": "053", "kreis": "Rhein-Erft-Kreis", "kreisschl": "05362", "gemeinde": "Kerpen", "gmdschl": "05362032", "abwrecht": "Kein abweichender Rechtszustand", "lagebeztxt": "Heinrich-Heine-Straße 4", "tntxt": "Wohnbaufläche;747", "area": 745, "s area": 237.1, "layer": "Clipped", "path": "MultiPolygon?crs=EPSG:25832&field=DN:integer(9,0)&field=gml_id:string(80,0)&field=identifier:string(80,0)&field=aktualit_2:string(11,0)&field=idflurst:string(16,0)&field=flaeche:double(16,2)&field=flstkennz_:string(20,0)&field=flstnrzae:string(16,0)&fiel", "final area": 171.1 }, "geometry": { "type": "MultiPolygon", "coordinates": [ [ [ [ 338812.200218228506856, 5642263.0 ], [ 338810.0, 5642263.0 ], [ 338810.0, 5642262.0 ], [ 338808.0, 5642262.0 ], [ 338808.0, 5642264.0 ], [ 338807.0, 5642264.0 ], [ 338807.0, 5642263.0 ], [ 338806.0, 5642263.0 ], [ 338806.0, 5642262.0 ], [ 338805.0, 5642262.0 ], [ 338805.0, 5642261.0 ], [ 338806.0, 5642261.0 ], [ 338806.0, 5642254.0 ], [ 338804.0, 5642254.0 ], [ 338804.0, 5642258.0 ], [ 338802.0, 5642258.0 ], [ 338802.0, 5642257.0 ], [ 338801.0, 5642257.0 ], [ 338801.0, 5642256.147298997268081 ], [ 338800.341625088010915, 5642262.0 ], [ 338803.0, 5642262.0 ], [ 338803.0, 5642261.0 ], [ 338804.0, 5642261.0 ], [ 338804.0, 5642267.0 ], [ 338803.0, 5642267.0 ], [ 338803.0, 5642268.0 ], [ 338801.0, 5642268.0 ], [ 338801.0, 5642269.0 ], [ 338800.0, 5642269.0 ], [ 338800.0, 5642265.03691628947854 ], [ 338799.216717269038782, 5642272.0 ], [ 338800.0, 5642272.0 ], [ 338800.0, 5642274.0 ], [ 338799.0, 5642274.0 ], [ 338799.0, 5642273.926533582620323 ], [ 338798.766754141426645, 5642276.0 ], [ 338800.0, 5642276.0 ], [ 338800.0, 5642278.073975129052997 ], [ 338808.0, 5642278.43577328696847 ], [ 338808.0, 5642278.0 ], [ 338807.0, 5642278.0 ], [ 338807.0, 5642277.0 ], [ 338806.0, 5642277.0 ], [ 338806.0, 5642276.0 ], [ 338807.0, 5642276.0 ], [ 338807.0, 5642275.0 ], [ 338810.818505128961988, 5642275.0 ], [ 338812.200218228506856, 5642263.0 ] ], [ [ 338802.0, 5642270.0 ], [ 338802.0, 5642274.0 ], [ 338801.0, 5642274.0 ], [ 338801.0, 5642270.0 ], [ 338802.0, 5642270.0 ] ], [ [ 338810.0, 5642265.0 ], [ 338810.0, 5642266.0 ], [ 338809.0, 5642266.0 ], [ 338809.0, 5642265.0 ], [ 338810.0, 5642265.0 ] ], [ [ 338810.0, 5642264.0 ], [ 338811.0, 5642264.0 ], [ 338811.0, 5642265.0 ], [ 338810.0, 5642265.0 ], [ 338810.0, 5642264.0 ] ] ] ] } },
{ "type": "Feature", "properties": { "DN": 1, "gml_id": "DENW41AL30005aGyFL", "identifier": "urn:adv:oid:DENW41AL30005aGyFL", "aktualit_2": "2024-08-20Z", "idflurst": "DENW41AL30005aGy", "flaeche": 780.0, "flstkennz_": "05468202000224______", "flstnrzae": "224", "flstnrnen": null, "gemarkung": "Horrem", "gemaschl": "054682", "flur": "20", "flurschl": "054682020", "land": "Nordrhein-Westfalen", "landschl": "05", "regbezirk": "Köln", "regbezschl": "053", "kreis": "Rhein-Erft-Kreis", "kreisschl": "05362", "gemeinde": "Kerpen", "gmdschl": "05362032", "abwrecht": "Kein abweichender Rechtszustand", "lagebeztxt": "Heinrich-Heine-Straße 8", "tntxt": "Wohnbaufläche;780", "area": 779, "s area": 382.8, "layer": "Clipped", "path": "MultiPolygon?crs=EPSG:25832&field=DN:integer(9,0)&field=gml_id:string(80,0)&field=identifier:string(80,0)&field=aktualit_2:string(11,0)&field=idflurst:string(16,0)&field=flaeche:double(16,2)&field=flstkennz_:string(20,0)&field=flstnrzae:string(16,0)&fiel", "final area": 292.0 }, "geometry": { "type": "MultiPolygon", "coordinates": [ [ [ [ 338771.014498480770271, 5642254.0 ], [ 338772.0, 5642254.0 ], [ 338772.0, 5642255.0 ], [ 338771.0, 5642255.0 ], [ 338771.0, 5642254.125468360260129 ], [ 338768.400661981024314, 5642276.619871974922717 ], [ 338775.076390528702177, 5642276.924559899605811 ], [ 338780.382577223354019, 5642277.16834048461169 ], [ 338783.521733672590926, 5642250.0 ], [ 338779.0, 5642250.0 ], [ 338779.0, 5642249.0 ], [ 338778.0, 5642249.0 ], [ 338778.0, 5642251.0 ], [ 338776.0, 5642251.0 ], [ 338776.0, 5642250.0 ], [ 338771.476317598600872, 5642250.0 ], [ 338771.244118244503625, 5642252.01289420388639 ], [ 338771.014498480770271, 5642254.0 ] ], [ [ 338770.0, 5642275.0 ], [ 338770.0, 5642276.0 ], [ 338769.0, 5642276.0 ], [ 338769.0, 5642275.0 ], [ 338770.0, 5642275.0 ] ], [ [ 338773.0, 5642273.0 ], [ 338773.0, 5642274.0 ], [ 338772.0, 5642274.0 ], [ 338772.0, 5642273.0 ], [ 338773.0, 5642273.0 ] ], [ [ 338775.0, 5642271.0 ], [ 338775.0, 5642273.0 ], [ 338774.0, 5642273.0 ], [ 338774.0, 5642271.0 ], [ 338775.0, 5642271.0 ] ], [ [ 338779.0, 5642272.0 ], [ 338779.0, 5642273.0 ], [ 338778.0, 5642273.0 ], [ 338778.0, 5642272.0 ], [ 338779.0, 5642272.0 ] ], [ [ 338777.0, 5642272.0 ], [ 338777.0, 5642271.0 ], [ 338778.0, 5642271.0 ], [ 338778.0, 5642272.0 ], [ 338777.0, 5642272.0 ] ], [ [ 338781.0, 5642263.0 ], [ 338781.0, 5642264.0 ], [ 338780.0, 5642264.0 ], [ 338780.0, 5642263.0 ], [ 338781.0, 5642263.0 ] ], [ [ 338779.0, 5642262.0 ], [ 338779.0, 5642263.0 ], [ 338778.0, 5642263.0 ], [ 338778.0, 5642262.0 ], [ 338779.0, 5642262.0 ] ], [ [ 338775.0, 5642255.0 ], [ 338775.0, 5642256.0 ], [ 338776.0, 5642256.0 ], [ 338776.0, 5642259.0 ], [ 338777.0, 5642259.0 ], [ 338777.0, 5642260.0 ], [ 338776.0, 5642260.0 ], [ 338776.0, 5642261.0 ], [ 338773.0, 5642261.0 ], [ 338773.0, 5642255.0 ], [ 338775.0, 5642255.0 ] ], [ [ 338775.0, 5642251.0 ], [ 338775.0, 5642252.0 ], [ 338777.0, 5642252.0 ], [ 338777.0, 5642253.0 ], [ 338774.0, 5642253.0 ], [ 338774.0, 5642251.0 ], [ 338775.0, 5642251.0 ] ] ] ] } },
{ "type": "Feature", "properties": { "DN": 1, "gml_id": "DENW41AL30005WImFL", "identifier": "urn:adv:oid:DENW41AL30005WImFL", "aktualit_2": "2024-08-20Z", "idflurst": "DENW41AL30005WIm", "flaeche": 701.0, "flstkennz_": "05468201900333______", "flstnrzae": "333", "flstnrnen": null, "gemarkung": "Horrem", "gemaschl": "054682", "flur": "19", "flurschl": "054682019", "land": "Nordrhein-Westfalen", "landschl": "05", "regbezirk": "Köln", "regbezschl": "053", "kreis": "Rhein-Erft-Kreis", "kreisschl": "05362", "gemeinde": "Kerpen", "gmdschl": "05362032", "abwrecht": "Kein abweichender Rechtszustand", "lagebeztxt": "Merodestraße 34, 36", "tntxt": "Wohnbaufläche;701", "area": 701, "s area": 242.5, "layer": "Clipped", "path": "MultiPolygon?crs=EPSG:25832&field=DN:integer(9,0)&field=gml_id:string(80,0)&field=identifier:string(80,0)&field=aktualit_2:string(11,0)&field=idflurst:string(16,0)&field=flaeche:double(16,2)&field=flstkennz_:string(20,0)&field=flstnrzae:string(16,0)&fiel", "final area": 173.0 }, "geometry": { "type": "MultiPolygon", "coordinates": [ [ [ [ 338781.56518520595273, 5642166.0 ], [ 338784.0, 5642166.0 ], [ 338784.0, 5642167.0 ], [ 338786.0, 5642167.0 ], [ 338786.0, 5642168.0 ], [ 338788.0, 5642168.0 ], [ 338788.0, 5642167.0 ], [ 338791.0, 5642167.0 ], [ 338791.0, 5642168.0 ], [ 338792.0, 5642168.0 ], [ 338792.0, 5642169.0 ], [ 338793.0, 5642169.0 ], [ 338793.0, 5642170.0 ], [ 338791.0, 5642170.0 ], [ 338791.0, 5642171.0 ], [ 338789.0, 5642171.0 ], [ 338789.0, 5642170.0 ], [ 338788.0, 5642170.0 ], [ 338788.0, 5642169.0 ], [ 338787.0, 5642169.0 ], [ 338787.0, 5642171.0 ], [ 338788.0, 5642171.0 ], [ 338788.0, 5642173.0 ], [ 338785.0, 5642173.0 ], [ 338785.0, 5642172.0 ], [ 338783.0, 5642172.0 ], [ 338783.0, 5642171.0 ], [ 338781.037843761849217, 5642171.0 ], [ 338780.448201044870075, 5642176.590710948221385 ], [ 338787.561456932337023, 5642177.380153260193765 ], [ 338787.56329287373228, 5642177.380358160473406 ], [ 338794.919439460034482, 5642178.205929312855005 ], [ 338796.613473310193513, 5642163.0 ], [ 338793.0, 5642163.0 ], [ 338793.0, 5642162.0 ], [ 338785.0, 5642162.0 ], [ 338785.0, 5642161.0 ], [ 338782.092526649998035, 5642161.0 ], [ 338781.56518520595273, 5642166.0 ] ], [ [ 338790.0, 5642176.0 ], [ 338790.0, 5642177.0 ], [ 338789.0, 5642177.0 ], [ 338789.0, 5642176.0 ], [ 338790.0, 5642176.0 ] ], [ [ 338788.0, 5642176.0 ], [ 338788.0, 5642175.0 ], [ 338789.0, 5642175.0 ], [ 338789.0, 5642176.0 ], [ 338788.0, 5642176.0 ] ], [ [ 338786.0, 5642165.0 ], [ 338786.0, 5642164.0 ], [ 338787.0, 5642164.0 ], [ 338787.0, 5642166.0 ], [ 338785.0, 5642166.0 ], [ 338785.0, 5642165.0 ], [ 338786.0, 5642165.0 ] ] ] ] } },
{ "type": "Feature", "properties": { "DN": 1, "gml_id": "DENW41AL30005YFkFL", "identifier": "urn:adv:oid:DENW41AL30005YFkFL", "aktualit_2": "2024-08-20Z", "idflurst": "DENW41AL30005YFk", "flaeche": 678.0, "flstkennz_": "05468202000294______", "flstnrzae": "294", "flstnrnen": null, "gemarkung": "Horrem", "gemaschl": "054682", "flur": "20", "flurschl": "054682020", "land": "Nordrhein-Westfalen", "landschl": "05", "regbezirk": "Köln", "regbezschl": "053", "kreis": "Rhein-Erft-Kreis", "kreisschl": "05362", "gemeinde": "Kerpen", "gmdschl": "05362032", "abwrecht": "Kein abweichender Rechtszustand", "lagebeztxt": "Grabenweg 25", "tntxt": "Wohnbaufläche;678", "area": 678, "s area": 264.2, "layer": "Clipped", "path": "MultiPolygon?crs=EPSG:25832&field=DN:integer(9,0)&field=gml_id:string(80,0)&field=identifier:string(80,0)&field=aktualit_2:string(11,0)&field=idflurst:string(16,0)&field=flaeche:double(16,2)&field=flstkennz_:string(20,0)&field=flstnrzae:string(16,0)&fiel", "final area": 195.6 }, "geometry": { "type": "MultiPolygon", "coordinates": [ [ [ [ 338761.538151792308781, 5642279.316853813827038 ], [ 338758.0, 5642279.162595526315272 ], [ 338758.0, 5642280.0 ], [ 338759.0, 5642280.0 ], [ 338759.0, 5642281.0 ], [ 338758.0, 5642281.0 ], [ 338758.0, 5642282.0 ], [ 338754.0, 5642282.0 ], [ 338754.0, 5642281.0 ], [ 338753.0, 5642281.0 ], [ 338753.0, 5642279.0 ], [ 338754.270620778028388, 5642279.0 ], [ 338752.540664241823833, 5642278.924576403573155 ], [ 338752.536238850560039, 5642278.924376916140318 ], [ 338751.0, 5642278.852852997370064 ], [ 338751.0, 5642279.0 ], [ 338749.515740954317153, 5642279.0 ], [ 338748.98616835399298, 5642295.0 ], [ 338749.0, 5642295.0 ], [ 338749.0, 5642296.0 ], [ 338750.0, 5642296.0 ], [ 338750.0, 5642295.0 ], [ 338752.0, 5642295.0 ], [ 338752.0, 5642296.0 ], [ 338757.0, 5642296.0 ], [ 338757.0, 5642297.0 ], [ 338758.0, 5642297.0 ], [ 338758.0, 5642298.0 ], [ 338759.0, 5642298.0 ], [ 338759.0, 5642299.0 ], [ 338760.865870532812551, 5642299.0 ], [ 338761.538151792308781, 5642279.316853813827038 ] ] ] ] } },
{ "type": "Feature", "properties": { "DN": 1, "gml_id": "DENW41AL30005dsLFL", "identifier": "urn:adv:oid:DENW41AL30005dsLFL", "aktualit_2": "2024-08-20Z", "idflurst": "DENW41AL30005dsL", "flaeche": 947.0, "flstkennz_": "05468202100395______", "flstnrzae": "395", "flstnrnen": null, "gemarkung": "Horrem", "gemaschl": "054682", "flur": "21", "flurschl": "054682021", "land": "Nordrhein-Westfalen", "landschl": "05", "regbezirk": "Kï¿½ln", "regbezschl": "053", "kreis": "Rhein-Erft-Kreis", "kreisschl": "05362", "gemeinde": "Kerpen", "gmdschl": "05362032", "abwrecht": "Kein abweichender Rechtszustand", "lagebeztxt": "Sistenichstraï¿½e 37", "tntxt": "Wohnbauflï¿½che;947", "area": 934, "s area": 400.1, "layer": "swale suitability new", "path": "C:\\Users\\kanis\\Desktop\\Thesis\\Data\\Analysis\\Horrem\\S\\swale suitability new.shp", "final area": 342.9 }, "geometry": { "type": "MultiPolygon", "coordinates": [ [ [ [ 339019.625147892977111, 5642585.0 ], [ 339019.0, 5642585.0 ], [ 339019.0, 5642586.0 ], [ 339018.0, 5642586.0 ], [ 339018.0, 5642585.0 ], [ 339016.0, 5642585.0 ], [ 339016.0, 5642583.0 ], [ 339015.0, 5642583.0 ], [ 339015.0, 5642580.806479265913367 ], [ 339013.0, 5642580.215947633609176 ], [ 339013.0, 5642581.0 ], [ 339011.0, 5642581.0 ], [ 339011.0, 5642583.0 ], [ 339009.0, 5642583.0 ], [ 339009.0, 5642581.0 ], [ 339006.0, 5642581.0 ], [ 339006.0, 5642580.0 ], [ 339011.0, 5642580.0 ], [ 339011.0, 5642579.625416000373662 ], [ 339010.384274660958908, 5642579.443613355979323 ], [ 339003.121428950165864, 5642577.299658901058137 ], [ 339000.0, 5642576.378703666850924 ], [ 339000.0, 5642577.0 ], [ 338999.0, 5642577.0 ], [ 338999.0, 5642576.083660835400224 ], [ 338998.716445116442628, 5642576.0 ], [ 338997.0, 5642576.0 ], [ 338997.0, 5642575.493575173430145 ], [ 338996.000525592186023, 5642575.198687414638698 ], [ 338994.341793848841917, 5642574.708897288888693 ], [ 338988.0, 5642574.323640369810164 ], [ 338988.0, 5642575.0 ], [ 338991.0, 5642575.0 ], [ 338991.0, 5642576.0 ], [ 338994.0, 5642576.0 ], [ 338994.0, 5642577.0 ], [ 338995.0, 5642577.0 ], [ 338995.0, 5642582.0 ], [ 338998.0, 5642582.0 ], [ 338998.0, 5642583.0 ], [ 338999.0, 5642583.0 ], [ 338999.0, 5642584.0 ], [ 339000.0, 5642584.0 ], [ 339000.0, 5642587.0 ], [ 338999.0, 5642587.0 ], [ 338999.0, 5642588.0 ], [ 338998.0, 5642588.0 ], [ 338998.0, 5642592.0 ], [ 338999.0, 5642592.0 ], [ 338999.0, 5642595.0 ], [ 339000.0, 5642595.0 ], [ 339000.0, 5642594.0 ], [ 339001.0, 5642594.0 ], [ 339001.0, 5642595.0 ], [ 339003.0, 5642595.0 ], [ 339003.0, 5642596.0 ], [ 339006.0, 5642596.0 ], [ 339006.0, 5642597.0 ], [ 339009.0, 5642597.0 ], [ 339009.0, 5642598.0 ], [ 339011.0, 5642598.0 ], [ 339011.0, 5642599.0 ], [ 339013.0, 5642599.0 ], [ 339013.0, 5642600.0 ], [ 339014.0, 5642600.0 ], [ 339014.0, 5642600.689361465163529 ], [ 339019.625147892977111, 5642585.0 ] ], [ [ 339003.0, 5642593.0 ], [ 339005.0, 5642593.0 ], [ 339005.0, 5642592.0 ], [ 339006.0, 5642592.0 ], [ 339006.0, 5642595.0 ], [ 339003.0, 5642595.0 ], [ 339003.0, 5642593.0 ] ], [ [ 339014.0, 5642589.0 ], [ 339013.0, 5642589.0 ], [ 339013.0, 5642588.0 ], [ 339014.0, 5642588.0 ], [ 339014.0, 5642589.0 ] ] ] ] } },
{ "type": "Feature", "properties": { "DN": 1, "gml_id": "DENW41AL30005dR3FL", "identifier": "urn:adv:oid:DENW41AL30005dR3FL", "aktualit_2": "2024-08-20Z", "idflurst": "DENW41AL30005dR3", "flaeche": 2265.0, "flstkennz_": "05468200800839______", "flstnrzae": "839", "flstnrnen": null, "gemarkung": "Horrem", "gemaschl": "054682", "flur": "8", "flurschl": "054682008", "land": "Nordrhein-Westfalen", "landschl": "05", "regbezirk": "Kï¿½ln", "regbezschl": "053", "kreis": "Rhein-Erft-Kreis", "kreisschl": "05362", "gemeinde": "Kerpen", "gmdschl": "05362032", "abwrecht": "Kein abweichender Rechtszustand", "lagebeztxt": "Kirschkaul 1, 3, 5", "tntxt": "Wohnbauflï¿½che;2265", "area": 2258, "s area": 146.3, "layer": "swale suitability new", "path": "C:\\Users\\kanis\\Desktop\\Thesis\\Data\\Analysis\\Horrem\\S\\swale suitability new.shp", "final area": 113.0 }, "geometry": { "type": "MultiPolygon", "coordinates": [ [ [ [ 339260.077779117098544, 5642720.82447034586221 ], [ 339260.51198426168412, 5642718.932784858159721 ], [ 339247.0, 5642715.758964195847511 ], [ 339247.0, 5642717.0 ], [ 339246.0, 5642717.0 ], [ 339246.0, 5642720.0 ], [ 339245.0, 5642720.0 ], [ 339245.0, 5642721.0 ], [ 339247.0, 5642721.0 ], [ 339247.0, 5642722.0 ], [ 339248.0, 5642722.0 ], [ 339248.0, 5642723.0 ], [ 339250.0, 5642723.0 ], [ 339250.0, 5642724.0 ], [ 339252.0, 5642724.0 ], [ 339252.0, 5642725.0 ], [ 339253.0, 5642725.0 ], [ 339253.0, 5642726.0 ], [ 339254.0, 5642726.0 ], [ 339254.0, 5642728.0 ], [ 339256.0, 5642728.0 ], [ 339256.0, 5642729.0 ], [ 339258.0, 5642729.0 ], [ 339258.0, 5642729.906391709111631 ], [ 339260.077779117098544, 5642720.82447034586221 ] ] ] ] } },
{ "type": "Feature", "properties": { "DN": 1, "gml_id": "DENW41AL30005WAiFL", "identifier": "urn:adv:oid:DENW41AL30005WAiFL", "aktualit_2": "2024-08-20Z", "idflurst": "DENW41AL30005WAi", "flaeche": 662.0, "flstkennz_": "05468200800505______", "flstnrzae": "505", "flstnrnen": null, "gemarkung": "Horrem", "gemaschl": "054682", "flur": "8", "flurschl": "054682008", "land": "Nordrhein-Westfalen", "landschl": "05", "regbezirk": "Kï¿½ln", "regbezschl": "053", "kreis": "Rhein-Erft-Kreis", "kreisschl": "05362", "gemeinde": "Kerpen", "gmdschl": "05362032", "abwrecht": "Kein abweichender Rechtszustand", "lagebeztxt": "Hï¿½henweg 22", "tntxt": "Wohnbauflï¿½che;662", "area": 636, "s area": 63.8, "layer": "swale suitability new", "path": "C:\\Users\\kanis\\Desktop\\Thesis\\Data\\Analysis\\Horrem\\S\\swale suitability new.shp", "final area": 41.7 }, "geometry": { "type": "MultiPolygon", "coordinates": [ [ [ [ 339323.701641061983537, 5642735.287018895149231 ], [ 339321.0, 5642734.739694929681718 ], [ 339321.0, 5642738.0 ], [ 339320.0, 5642738.0 ], [ 339320.0, 5642741.0 ], [ 339319.0, 5642741.0 ], [ 339319.0, 5642742.0 ], [ 339318.0, 5642742.0 ], [ 339318.0, 5642744.0 ], [ 339319.0, 5642744.0 ], [ 339319.0, 5642746.0 ], [ 339318.0, 5642746.0 ], [ 339318.0, 5642748.0 ], [ 339319.0, 5642748.0 ], [ 339319.0, 5642749.0 ], [ 339320.91003367403755, 5642749.0 ], [ 339323.701641061983537, 5642735.287018895149231 ] ] ] ] } },
{ "type": "Feature", "properties": { "DN": 1, "gml_id": "DENW41AL30005gK8FL", "identifier": "urn:adv:oid:DENW41AL30005gK8FL", "aktualit_2": "2024-08-20Z", "idflurst": "DENW41AL30005gK8", "flaeche": 250.0, "flstkennz_": "05468202100429______", "flstnrzae": "429", "flstnrnen": null, "gemarkung": "Horrem", "gemaschl": "054682", "flur": "21", "flurschl": "054682021", "land": "Nordrhein-Westfalen", "landschl": "05", "regbezirk": "Kï¿½ln", "regbezschl": "053", "kreis": "Rhein-Erft-Kreis", "kreisschl": "05362", "gemeinde": "Kerpen", "gmdschl": "05362032", "abwrecht": "Kein abweichender Rechtszustand", "lagebeztxt": "Merkurweg 18", "tntxt": "Wohnbauflï¿½che;250", "area": 249, "s area": 175.4, "layer": "swale suitability new", "path": "C:\\Users\\kanis\\Desktop\\Thesis\\Data\\Analysis\\Horrem\\S\\swale suitability new.shp", "final area": 109.8 }, "geometry": { "type": "MultiPolygon", "coordinates": [ [ [ [ 338987.312238325423095, 5642679.951806300319731 ], [ 338973.0, 5642674.514902631752193 ], [ 338973.0, 5642677.0 ], [ 338970.0, 5642677.0 ], [ 338970.0, 5642676.0 ], [ 338971.0, 5642676.0 ], [ 338971.0, 5642675.0 ], [ 338972.0, 5642675.0 ], [ 338972.0, 5642674.13502468727529 ], [ 338971.0, 5642673.755146743729711 ], [ 338971.0, 5642674.0 ], [ 338970.0, 5642674.0 ], [ 338970.0, 5642673.375268799252808 ], [ 338968.0, 5642672.615512912161648 ], [ 338968.0, 5642673.0 ], [ 338966.499333053594455, 5642673.0 ], [ 338964.364950831106398, 5642678.677066870965064 ], [ 338966.0, 5642679.29877770319581 ], [ 338966.0, 5642679.0 ], [ 338967.0, 5642679.0 ], [ 338967.0, 5642679.679017541930079 ], [ 338970.0, 5642680.819737057201564 ], [ 338970.0, 5642680.0 ], [ 338973.0, 5642680.0 ], [ 338973.0, 5642681.0 ], [ 338976.0, 5642681.0 ], [ 338976.0, 5642682.0 ], [ 338979.0, 5642682.0 ], [ 338979.0, 5642683.0 ], [ 338981.0, 5642683.0 ], [ 338981.0, 5642684.0 ], [ 338983.0, 5642684.0 ], [ 338983.0, 5642685.0 ], [ 338984.0, 5642685.0 ], [ 338984.0, 5642686.0 ], [ 338985.0, 5642686.0 ], [ 338985.0, 5642686.523176226764917 ], [ 338985.028274476120714, 5642686.533927332609892 ], [ 338987.312238325423095, 5642679.951806300319731 ] ], [ [ 338975.0, 5642677.0 ], [ 338975.0, 5642678.0 ], [ 338973.0, 5642678.0 ], [ 338973.0, 5642677.0 ], [ 338975.0, 5642677.0 ] ], [ [ 338978.0, 5642678.0 ], [ 338978.0, 5642679.0 ], [ 338975.0, 5642679.0 ], [ 338975.0, 5642678.0 ], [ 338978.0, 5642678.0 ] ], [ [ 338981.0, 5642679.0 ], [ 338981.0, 5642680.0 ], [ 338983.0, 5642680.0 ], [ 338983.0, 5642681.0 ], [ 338985.0, 5642681.0 ], [ 338985.0, 5642682.0 ], [ 338982.0, 5642682.0 ], [ 338982.0, 5642681.0 ], [ 338980.0, 5642681.0 ], [ 338980.0, 5642680.0 ], [ 338978.0, 5642680.0 ], [ 338978.0, 5642679.0 ], [ 338981.0, 5642679.0 ] ], [ [ 338969.0, 5642676.0 ], [ 338969.0, 5642675.0 ], [ 338970.0, 5642675.0 ], [ 338970.0, 5642676.0 ], [ 338969.0, 5642676.0 ] ] ] ] } },
{ "type": "Feature", "properties": { "DN": 1, "gml_id": "DENW41AL30005dThFL", "identifier": "urn:adv:oid:DENW41AL30005dThFL", "aktualit_2": "2024-08-20Z", "idflurst": "DENW41AL30005dTh", "flaeche": 508.0, "flstkennz_": "05468202100033______", "flstnrzae": "33", "flstnrnen": null, "gemarkung": "Horrem", "gemaschl": "054682", "flur": "21", "flurschl": "054682021", "land": "Nordrhein-Westfalen", "landschl": "05", "regbezirk": "Kï¿½ln", "regbezschl": "053", "kreis": "Rhein-Erft-Kreis", "kreisschl": "05362", "gemeinde": "Kerpen", "gmdschl": "05362032", "abwrecht": "Kein abweichender Rechtszustand", "lagebeztxt": "Merkurweg 20; Sistenichstraï¿½e 21", "tntxt": "Wohnbauflï¿½che;508", "area": 505, "s area": 223.2, "layer": "swale suitability new", "path": "C:\\Users\\kanis\\Desktop\\Thesis\\Data\\Analysis\\Horrem\\S\\swale suitability new.shp", "final area": 163.3 }, "geometry": { "type": "MultiPolygon", "coordinates": [ [ [ [ 338959.743759422039147, 5642666.270799078047276 ], [ 338963.687514391320292, 5642667.768706010654569 ], [ 338966.471421678725164, 5642668.825670810416341 ], [ 338966.930330106872134, 5642669.0 ], [ 338967.0, 5642669.0 ], [ 338967.0, 5642669.026466055773199 ], [ 338984.0, 5642675.484391082078218 ], [ 338984.0, 5642675.0 ], [ 338985.0, 5642675.0 ], [ 338985.0, 5642675.864269024692476 ], [ 338988.296094182995148, 5642677.116382502019405 ], [ 338989.030436149216257, 5642675.0 ], [ 338989.0, 5642675.0 ], [ 338989.0, 5642674.0 ], [ 338989.377415944007225, 5642674.0 ], [ 338990.071375533589162, 5642672.0 ], [ 338990.0, 5642672.0 ], [ 338990.0, 5642671.0 ], [ 338988.0, 5642671.0 ], [ 338988.0, 5642674.0 ], [ 338985.0, 5642674.0 ], [ 338985.0, 5642672.0 ], [ 338987.0, 5642672.0 ], [ 338987.0, 5642671.0 ], [ 338986.0, 5642671.0 ], [ 338986.0, 5642670.0 ], [ 338984.0, 5642670.0 ], [ 338984.0, 5642669.0 ], [ 338981.0, 5642669.0 ], [ 338981.0, 5642668.0 ], [ 338979.0, 5642668.0 ], [ 338979.0, 5642667.0 ], [ 338976.0, 5642667.0 ], [ 338976.0, 5642665.0 ], [ 338975.0, 5642665.0 ], [ 338975.0, 5642664.584502389654517 ], [ 338970.823182052874472, 5642663.0 ], [ 338969.0, 5642663.0 ], [ 338969.0, 5642664.0 ], [ 338968.0, 5642664.0 ], [ 338968.0, 5642663.0 ], [ 338966.0, 5642663.0 ], [ 338966.0, 5642662.0 ], [ 338962.0, 5642662.0 ], [ 338962.0, 5642664.0 ], [ 338960.0, 5642664.0 ], [ 338960.0, 5642665.0 ], [ 338959.0, 5642665.0 ], [ 338959.0, 5642665.988113124854863 ], [ 338959.743759422039147, 5642666.270799078047276 ] ], [ [ 338983.0, 5642672.0 ], [ 338981.0, 5642672.0 ], [ 338981.0, 5642671.0 ], [ 338983.0, 5642671.0 ], [ 338983.0, 5642672.0 ] ], [ [ 338980.0, 5642671.0 ], [ 338979.0, 5642671.0 ], [ 338979.0, 5642670.0 ], [ 338980.0, 5642670.0 ], [ 338980.0, 5642671.0 ] ], [ [ 338974.0, 5642669.0 ], [ 338973.0, 5642669.0 ], [ 338973.0, 5642668.0 ], [ 338974.0, 5642668.0 ], [ 338974.0, 5642669.0 ] ], [ [ 338972.0, 5642668.0 ], [ 338971.0, 5642668.0 ], [ 338971.0, 5642667.0 ], [ 338972.0, 5642667.0 ], [ 338972.0, 5642668.0 ] ], [ [ 338970.0, 5642667.0 ], [ 338970.0, 5642666.0 ], [ 338971.0, 5642666.0 ], [ 338971.0, 5642667.0 ], [ 338970.0, 5642667.0 ] ], [ [ 338964.0, 5642664.0 ], [ 338963.0, 5642664.0 ], [ 338963.0, 5642663.0 ], [ 338964.0, 5642663.0 ], [ 338964.0, 5642664.0 ] ] ] ] } },
{ "type": "Feature", "properties": { "DN": 1, "gml_id": "DENW41AL30005e1RFL", "identifier": "urn:adv:oid:DENW41AL30005e1RFL", "aktualit_2": "2024-08-20Z", "idflurst": "DENW41AL30005e1R", "flaeche": 2994.0, "flstkennz_": "05468202000448______", "flstnrzae": "448", "flstnrnen": null, "gemarkung": "Horrem", "gemaschl": "054682", "flur": "20", "flurschl": "054682020", "land": "Nordrhein-Westfalen", "landschl": "05", "regbezirk": "Kï¿½ln", "regbezschl": "053", "kreis": "Rhein-Erft-Kreis", "kreisschl": "05362", "gemeinde": "Kerpen", "gmdschl": "05362032", "abwrecht": "Kein abweichender Rechtszustand", "lagebeztxt": "Am grï¿½nen Weg 12, 14; Thomas-Mann-Straï¿½e 1, 2", "tntxt": "Wohnbauflï¿½che;2994", "area": 2993, "s area": 47.2, "layer": "swale suitability new", "path": "C:\\Users\\kanis\\Desktop\\Thesis\\Data\\Analysis\\Horrem\\S\\swale suitability new.shp", "final area": 36.6 }, "geometry": { "type": "MultiPolygon", "coordinates": [ [ [ [ 338749.61854012607364, 5642457.0 ], [ 338754.0, 5642457.0 ], [ 338754.0, 5642457.594724734313786 ], [ 338756.63077014364535, 5642457.674577028490603 ], [ 338765.0, 5642457.88683773111552 ], [ 338765.0, 5642457.0 ], [ 338761.0, 5642457.0 ], [ 338761.0, 5642456.0 ], [ 338758.0, 5642456.0 ], [ 338758.0, 5642455.0 ], [ 338755.0, 5642455.0 ], [ 338755.0, 5642454.0 ], [ 338754.0, 5642454.0 ], [ 338754.0, 5642453.0 ], [ 338752.0, 5642453.0 ], [ 338752.0, 5642452.0 ], [ 338751.01882128167199, 5642452.0 ], [ 338749.61854012607364, 5642457.0 ] ] ] ] } },
{ "type": "Feature", "properties": { "DN": 1, "gml_id": "DENW41AL30005e1RFL", "identifier": "urn:adv:oid:DENW41AL30005e1RFL", "aktualit_2": "2024-08-20Z", "idflurst": "DENW41AL30005e1R", "flaeche": 2994.0, "flstkennz_": "05468202000448______", "flstnrzae": "448", "flstnrnen": null, "gemarkung": "Horrem", "gemaschl": "054682", "flur": "20", "flurschl": "054682020", "land": "Nordrhein-Westfalen", "landschl": "05", "regbezirk": "Kï¿½ln", "regbezschl": "053", "kreis": "Rhein-Erft-Kreis", "kreisschl": "05362", "gemeinde": "Kerpen", "gmdschl": "05362032", "abwrecht": "Kein abweichender Rechtszustand", "lagebeztxt": "Am grï¿½nen Weg 12, 14; Thomas-Mann-Straï¿½e 1, 2", "tntxt": "Wohnbauflï¿½che;2994", "area": 2993, "s area": 40.8, "layer": "swale suitability new", "path": "C:\\Users\\kanis\\Desktop\\Thesis\\Data\\Analysis\\Horrem\\S\\swale suitability new.shp", "final area": 26.0 }, "geometry": { "type": "MultiPolygon", "coordinates": [ [ [ [ 338753.555446029524319, 5642442.942444887943566 ], [ 338751.298877512803301, 5642451.0 ], [ 338752.0, 5642451.0 ], [ 338752.0, 5642452.0 ], [ 338754.0, 5642452.0 ], [ 338754.0, 5642449.0 ], [ 338755.0, 5642449.0 ], [ 338755.0, 5642446.0 ], [ 338756.0, 5642446.0 ], [ 338756.0, 5642442.0 ], [ 338754.0, 5642442.0 ], [ 338754.0, 5642441.354752136394382 ], [ 338753.555446029524319, 5642442.942444887943566 ] ] ] ] } },
{ "type": "Feature", "properties": { "DN": 1, "gml_id": "DENW41AL30005e1RFL", "identifier": "urn:adv:oid:DENW41AL30005e1RFL", "aktualit_2": "2024-08-20Z", "idflurst": "DENW41AL30005e1R", "flaeche": 2994.0, "flstkennz_": "05468202000448______", "flstnrzae": "448", "flstnrnen": null, "gemarkung": "Horrem", "gemaschl": "054682", "flur": "20", "flurschl": "054682020", "land": "Nordrhein-Westfalen", "landschl": "05", "regbezirk": "Kï¿½ln", "regbezschl": "053", "kreis": "Rhein-Erft-Kreis", "kreisschl": "05362", "gemeinde": "Kerpen", "gmdschl": "05362032", "abwrecht": "Kein abweichender Rechtszustand", "lagebeztxt": "Am grï¿½nen Weg 12, 14; Thomas-Mann-Straï¿½e 1, 2", "tntxt": "Wohnbauflï¿½che;2994", "area": 2993, "s area": 70.2, "layer": "swale suitability new", "path": "C:\\Users\\kanis\\Desktop\\Thesis\\Data\\Analysis\\Horrem\\S\\swale suitability new.shp", "final area": 52.8 }, "geometry": { "type": "MultiPolygon", "coordinates": [ [ [ [ 338757.0, 5642430.640466422773898 ], [ 338757.0, 5642431.0 ], [ 338756.899330598243978, 5642431.0 ], [ 338754.379330598167144, 5642440.0 ], [ 338755.0, 5642440.0 ], [ 338755.0, 5642441.0 ], [ 338757.0, 5642441.0 ], [ 338757.0, 5642439.0 ], [ 338758.0, 5642439.0 ], [ 338758.0, 5642435.0 ], [ 338759.0, 5642435.0 ], [ 338759.0, 5642432.0 ], [ 338760.0, 5642432.0 ], [ 338760.0, 5642428.0 ], [ 338761.0, 5642428.0 ], [ 338761.0, 5642425.0 ], [ 338762.0, 5642425.0 ], [ 338762.0, 5642422.0 ], [ 338759.419330598320812, 5642422.0 ], [ 338757.0, 5642430.640466422773898 ] ] ] ] } },
{ "type": "Feature", "properties": { "DN": 1, "gml_id": "DENW41AL30005WZ0FL", "identifier": "urn:adv:oid:DENW41AL30005WZ0FL", "aktualit_2": "2024-08-20Z", "idflurst": "DENW41AL30005WZ0", "flaeche": 3547.0, "flstkennz_": "05468202000451______", "flstnrzae": "451", "flstnrnen": null, "gemarkung": "Horrem", "gemaschl": "054682", "flur": "20", "flurschl": "054682020", "land": "Nordrhein-Westfalen", "landschl": "05", "regbezirk": "Kï¿½ln", "regbezschl": "053", "kreis": "Rhein-Erft-Kreis", "kreisschl": "05362", "gemeinde": "Kerpen", "gmdschl": "05362032", "abwrecht": "Kein abweichender Rechtszustand", "lagebeztxt": "Am grï¿½nen Weg 16, 18; Thomas-Mann-Straï¿½e 7, 8, 9", "tntxt": "Wohnbauflï¿½che;3547", "area": 3550, "s area": 245.6, "layer": "swale suitability new", "path": "C:\\Users\\kanis\\Desktop\\Thesis\\Data\\Analysis\\Horrem\\S\\swale suitability new.shp", "final area": 200.0 }, "geometry": { "type": "MultiPolygon", "coordinates": [ [ [ [ 338757.0, 5642396.448771339841187 ], [ 338757.0, 5642396.0 ], [ 338758.0, 5642396.0 ], [ 338758.0, 5642394.0 ], [ 338759.0, 5642394.0 ], [ 338759.0, 5642390.0 ], [ 338760.0, 5642390.0 ], [ 338760.0, 5642384.0 ], [ 338761.0, 5642384.0 ], [ 338761.0, 5642382.0 ], [ 338762.0, 5642382.0 ], [ 338762.0, 5642379.0 ], [ 338759.0, 5642379.0 ], [ 338759.0, 5642378.0 ], [ 338758.0, 5642378.0 ], [ 338758.0, 5642373.0 ], [ 338759.0, 5642373.0 ], [ 338759.0, 5642369.0 ], [ 338760.0, 5642369.0 ], [ 338760.0, 5642366.0 ], [ 338759.0, 5642366.0 ], [ 338759.0, 5642365.0 ], [ 338761.0, 5642365.0 ], [ 338761.0, 5642361.0 ], [ 338762.0, 5642361.0 ], [ 338762.0, 5642357.0 ], [ 338763.0, 5642357.0 ], [ 338763.0, 5642353.0 ], [ 338764.0, 5642353.0 ], [ 338764.0, 5642349.0 ], [ 338765.0, 5642349.0 ], [ 338765.0, 5642347.0 ], [ 338764.0, 5642347.0 ], [ 338764.0, 5642346.0 ], [ 338762.200446490081958, 5642346.0 ], [ 338762.0, 5642346.828389047645032 ], [ 338762.0, 5642349.0 ], [ 338761.47453217220027, 5642349.0 ], [ 338761.0, 5642350.961108193732798 ], [ 338761.0, 5642351.0 ], [ 338760.990589293593075, 5642351.0 ], [ 338760.0, 5642355.093827339820564 ], [ 338760.0, 5642356.0 ], [ 338759.780732097162399, 5642356.0 ], [ 338757.844960582791828, 5642364.0 ], [ 338758.0, 5642364.0 ], [ 338758.0, 5642365.0 ], [ 338757.602989143517334, 5642365.0 ], [ 338754.457360432716087, 5642378.0 ], [ 338755.0, 5642378.0 ], [ 338755.0, 5642380.0 ], [ 338753.973417554167099, 5642380.0 ], [ 338753.348628407984506, 5642382.582078066654503 ], [ 338753.115489435207564, 5642383.735649704001844 ], [ 338752.973653143271804, 5642384.873976866714656 ], [ 338752.92002920730738, 5642386.020074889063835 ], [ 338752.953676666074898, 5642387.16681666020304 ], [ 338753.074566442111973, 5642388.307543493807316 ], [ 338753.282784022332635, 5642389.435919114388525 ], [ 338753.576560347166378, 5642390.548267241567373 ], [ 338753.954787511029281, 5642391.634761138819158 ], [ 338754.414980457688216, 5642392.689748921431601 ], [ 338754.954106632445473, 5642393.706179045140743 ], [ 338755.569437016383745, 5642394.677801172249019 ], [ 338756.257380536408164, 5642395.599300154484808 ], [ 338757.0, 5642396.448771339841187 ] ] ] ] } },
{ "type": "Feature", "properties": { "DN": 1, "gml_id": "DENW41AL30005ZaAFL", "identifier": "urn:adv:oid:DENW41AL30005ZaAFL", "aktualit_2": "2024-08-20Z", "idflurst": "DENW41AL30005ZaA", "flaeche": 444.0, "flstkennz_": "05468202100025______", "flstnrzae": "25", "flstnrnen": null, "gemarkung": "Horrem", "gemaschl": "054682", "flur": "21", "flurschl": "054682021", "land": "Nordrhein-Westfalen", "landschl": "05", "regbezirk": "Kï¿½ln", "regbezschl": "053", "kreis": "Rhein-Erft-Kreis", "kreisschl": "05362", "gemeinde": "Kerpen", "gmdschl": "05362032", "abwrecht": "Kein abweichender Rechtszustand", "lagebeztxt": "Merkurweg 4; Sistenichstraï¿½e 5", "tntxt": "Wohnbauflï¿½che;444", "area": 442, "s area": 156.6, "layer": "swale suitability new", "path": "C:\\Users\\kanis\\Desktop\\Thesis\\Data\\Analysis\\Horrem\\S\\swale suitability new.shp", "final area": 105.0 }, "geometry": { "type": "MultiPolygon", "coordinates": [ [ [ [ 338953.709021622315049, 5642735.772412123158574 ], [ 338953.895890178508125, 5642735.318003200925887 ], [ 338954.219568002677988, 5642734.948354729451239 ], [ 338954.645327006699517, 5642734.703127086162567 ], [ 338955.127486593730282, 5642734.608631271868944 ], [ 338959.0, 5642734.496246475726366 ], [ 338959.0, 5642733.330939076840878 ], [ 338942.833194525097497, 5642727.161421814933419 ], [ 338942.0, 5642726.843046785332263 ], [ 338942.0, 5642727.0 ], [ 338941.0, 5642727.0 ], [ 338941.0, 5642729.0 ], [ 338940.0, 5642729.0 ], [ 338940.0, 5642731.0 ], [ 338946.0, 5642731.0 ], [ 338946.0, 5642732.0 ], [ 338943.0, 5642732.0 ], [ 338943.0, 5642733.0 ], [ 338942.0, 5642733.0 ], [ 338942.0, 5642734.0 ], [ 338941.0, 5642734.0 ], [ 338941.0, 5642734.408012630417943 ], [ 338945.0, 5642735.994634201750159 ], [ 338945.0, 5642735.0 ], [ 338946.0, 5642735.0 ], [ 338946.0, 5642736.0 ], [ 338947.0, 5642736.0 ], [ 338947.0, 5642736.789504610933363 ], [ 338952.933404362236615, 5642739.151365122757852 ], [ 338953.709021622315049, 5642735.772412123158574 ] ] ] ] } },
{ "type": "Feature", "properties": { "DN": 1, "gml_id": "DENW41AL30005WJ2FL", "identifier": "urn:adv:oid:DENW41AL30005WJ2FL", "aktualit_2": "2024-08-20Z", "idflurst": "DENW41AL30005WJ2", "flaeche": 823.0, "flstkennz_": "05468201900252______", "flstnrzae": "252", "flstnrnen": null, "gemarkung": "Horrem", "gemaschl": "054682", "flur": "19", "flurschl": "054682019", "land": "Nordrhein-Westfalen", "landschl": "05", "regbezirk": "Kï¿½ln", "regbezschl": "053", "kreis": "Rhein-Erft-Kreis", "kreisschl": "05362", "gemeinde": "Kerpen", "gmdschl": "05362032", "abwrecht": "Kein abweichender Rechtszustand", "lagebeztxt": "Heinrich-Heine-Straï¿½e 7", "tntxt": "Wohnbauflï¿½che;823", "area": 822, "s area": 46.5, "layer": "swale suitability new", "path": "C:\\Users\\kanis\\Desktop\\Thesis\\Data\\Analysis\\Horrem\\S\\swale suitability new.shp", "final area": 23.7 }, "geometry": { "type": "MultiPolygon", "coordinates": [ [ [ [ 338793.424913575930987, 5642218.745061315596104 ], [ 338801.0, 5642219.582627550698817 ], [ 338801.0, 5642219.0 ], [ 338797.0, 5642219.0 ], [ 338797.0, 5642218.0 ], [ 338796.0, 5642218.0 ], [ 338796.0, 5642208.0 ], [ 338795.0, 5642208.0 ], [ 338795.0, 5642209.0 ], [ 338794.510025067545939, 5642209.0 ], [ 338793.424913575930987, 5642218.745061315596104 ] ] ] ] } },
{ "type": "Feature", "properties": { "DN": 1, "gml_id": "DENW41AL30005WJ2FL", "identifier": "urn:adv:oid:DENW41AL30005WJ2FL", "aktualit_2": "2024-08-20Z", "idflurst": "DENW41AL30005WJ2", "flaeche": 823.0, "flstkennz_": "05468201900252______", "flstnrzae": "252", "flstnrnen": null, "gemarkung": "Horrem", "gemaschl": "054682", "flur": "19", "flurschl": "054682019", "land": "Nordrhein-Westfalen", "landschl": "05", "regbezirk": "Kï¿½ln", "regbezschl": "053", "kreis": "Rhein-Erft-Kreis", "kreisschl": "05362", "gemeinde": "Kerpen", "gmdschl": "05362032", "abwrecht": "Kein abweichender Rechtszustand", "lagebeztxt": "Heinrich-Heine-Straï¿½e 7", "tntxt": "Wohnbauflï¿½che;823", "area": 822, "s area": 365.3, "layer": "swale suitability new", "path": "C:\\Users\\kanis\\Desktop\\Thesis\\Data\\Analysis\\Horrem\\S\\swale suitability new.shp", "final area": 302.6 }, "geometry": { "type": "MultiPolygon", "coordinates": [ [ [ [ 338809.191441148403101, 5642190.144099003635347 ], [ 338808.804336225788575, 5642189.884129895828664 ], [ 338808.515768962854054, 5642189.517847090959549 ], [ 338808.353625750634819, 5642189.080647209659219 ], [ 338808.333575688186102, 5642188.61478011123836 ], [ 338808.69106258044485, 5642185.466171749867499 ], [ 338797.287733460310847, 5642184.054232846945524 ], [ 338796.959722616069485, 5642187.0 ], [ 338797.0, 5642187.0 ], [ 338797.0, 5642191.0 ], [ 338796.514323061797768, 5642191.0 ], [ 338795.957573618914466, 5642196.0 ], [ 338796.0, 5642196.0 ], [ 338796.0, 5642198.0 ], [ 338795.734873841807712, 5642198.0 ], [ 338795.0, 5642204.599681878462434 ], [ 338795.0, 5642205.0 ], [ 338796.0, 5642205.0 ], [ 338796.0, 5642204.0 ], [ 338797.0, 5642204.0 ], [ 338797.0, 5642202.0 ], [ 338798.0, 5642202.0 ], [ 338798.0, 5642201.0 ], [ 338800.0, 5642201.0 ], [ 338800.0, 5642202.0 ], [ 338810.0, 5642202.0 ], [ 338810.0, 5642203.0 ], [ 338812.0, 5642203.0 ], [ 338812.0, 5642204.0 ], [ 338814.0, 5642204.0 ], [ 338814.0, 5642206.0 ], [ 338814.738088867685292, 5642206.0 ], [ 338814.766803291335236, 5642205.642055002972484 ], [ 338814.766967980598565, 5642205.640019424259663 ], [ 338815.0, 5642202.78390625026077 ], [ 338815.0, 5642202.0 ], [ 338815.063959390041418, 5642202.0 ], [ 338815.956980706192553, 5642191.054851979017258 ], [ 338809.639674915990327, 5642190.272631675004959 ], [ 338809.191441148403101, 5642190.144099003635347 ] ] ] ] } },
{ "type": "Feature", "properties": { "DN": 1, "gml_id": "DENW41AL30005cmNFL", "identifier": "urn:adv:oid:DENW41AL30005cmNFL", "aktualit_2": "2024-08-20Z", "idflurst": "DENW41AL30005cmN", "flaeche": 378.0, "flstkennz_": "05468201900166______", "flstnrzae": "166", "flstnrnen": null, "gemarkung": "Horrem", "gemaschl": "054682", "flur": "19", "flurschl": "054682019", "land": "Nordrhein-Westfalen", "landschl": "05", "regbezirk": "Kï¿½ln", "regbezschl": "053", "kreis": "Rhein-Erft-Kreis", "kreisschl": "05362", "gemeinde": "Kerpen", "gmdschl": "05362032", "abwrecht": "Kein abweichender Rechtszustand", "lagebeztxt": "Merodestraï¿½e 30", "tntxt": "Wohnbauflï¿½che;378", "area": 375, "s area": 178.6, "layer": "swale suitability new", "path": "C:\\Users\\kanis\\Desktop\\Thesis\\Data\\Analysis\\Horrem\\S\\swale suitability new.shp", "final area": 103.1 }, "geometry": { "type": "MultiPolygon", "coordinates": [ [ [ [ 338812.136204051086679, 5642181.745148724876344 ], [ 338811.839314811106306, 5642184.330184329301119 ], [ 338811.763265237794258, 5642185.0 ], [ 338812.0, 5642185.0 ], [ 338812.0, 5642186.0 ], [ 338811.6497271755361, 5642186.0 ], [ 338811.481936810887419, 5642187.477833611890674 ], [ 338816.200529473426286, 5642188.062098345719278 ], [ 338816.530312509275973, 5642184.0 ], [ 338816.0, 5642184.0 ], [ 338816.0, 5642183.0 ], [ 338816.61149789870251, 5642183.0 ], [ 338816.662918997812085, 5642182.366621266119182 ], [ 338816.67571828502696, 5642182.258128476329148 ], [ 338817.491146278451197, 5642177.0 ], [ 338817.0, 5642177.0 ], [ 338817.0, 5642176.0 ], [ 338817.64622578950366, 5642176.0 ], [ 338818.576702856109478, 5642170.0 ], [ 338817.0, 5642170.0 ], [ 338817.0, 5642165.0 ], [ 338816.0, 5642165.0 ], [ 338816.0, 5642164.0 ], [ 338815.0, 5642164.0 ], [ 338815.0, 5642161.0 ], [ 338814.487137503921986, 5642161.0 ], [ 338812.13645997364074, 5642181.742905497550964 ], [ 338812.136204051086679, 5642181.745148724876344 ] ], [ [ 338815.0, 5642182.0 ], [ 338815.0, 5642183.0 ], [ 338814.0, 5642183.0 ], [ 338814.0, 5642182.0 ], [ 338815.0, 5642182.0 ] ] ] ] } },
{ "type": "Feature", "properties": { "DN": 1, "gml_id": "DENW41AL30005dwAFL", "identifier": "urn:adv:oid:DENW41AL30005dwAFL", "aktualit_2": "2024-08-20Z", "idflurst": "DENW41AL30005dwA", "flaeche": 434.0, "flstkennz_": "05468201900301______", "flstnrzae": "301", "flstnrnen": null, "gemarkung": "Horrem", "gemaschl": "054682", "flur": "19", "flurschl": "054682019", "land": "Nordrhein-Westfalen", "landschl": "05", "regbezirk": "Kï¿½ln", "regbezschl": "053", "kreis": "Rhein-Erft-Kreis", "kreisschl": "05362", "gemeinde": "Kerpen", "gmdschl": "05362032", "abwrecht": "Kein abweichender Rechtszustand", "lagebeztxt": "Merodestraï¿½e 28", "tntxt": "Wohnbauflï¿½che;434", "area": 433, "s area": 214.5, "layer": "swale suitability new", "path": "C:\\Users\\kanis\\Desktop\\Thesis\\Data\\Analysis\\Horrem\\S\\swale suitability new.shp", "final area": 134.4 }, "geometry": { "type": "MultiPolygon", "coordinates": [ [ [ [ 338826.256723364756908, 5642189.22497623693198 ], [ 338826.883075090532657, 5642183.567248653620481 ], [ 338829.151605816790834, 5642163.0 ], [ 338828.0, 5642163.0 ], [ 338828.0, 5642164.0 ], [ 338827.0, 5642164.0 ], [ 338827.0, 5642165.0 ], [ 338828.0, 5642165.0 ], [ 338828.0, 5642166.0 ], [ 338827.0, 5642166.0 ], [ 338827.0, 5642167.0 ], [ 338828.0, 5642167.0 ], [ 338828.0, 5642170.0 ], [ 338827.0, 5642170.0 ], [ 338827.0, 5642169.0 ], [ 338826.0, 5642169.0 ], [ 338826.0, 5642170.0 ], [ 338825.0, 5642170.0 ], [ 338825.0, 5642171.0 ], [ 338824.0, 5642171.0 ], [ 338824.0, 5642172.0 ], [ 338823.0, 5642172.0 ], [ 338823.0, 5642173.0 ], [ 338821.147324479650706, 5642173.0 ], [ 338819.648658055288251, 5642182.663858325220644 ], [ 338819.181559813092463, 5642188.417334976606071 ], [ 338826.256723364756908, 5642189.22497623693198 ] ] ] ] } },
{ "type": "Feature", "properties": { "DN": 1, "gml_id": "DENW41AL30005eHnFL", "identifier": "urn:adv:oid:DENW41AL30005eHnFL", "aktualit_2": "2024-08-20Z", "idflurst": "DENW41AL30005eHn", "flaeche": 678.0, "flstkennz_": "05468201900234______", "flstnrzae": "234", "flstnrnen": null, "gemarkung": "Horrem", "gemaschl": "054682", "flur": "19", "flurschl": "054682019", "land": "Nordrhein-Westfalen", "landschl": "05", "regbezirk": "Kï¿½ln", "regbezschl": "053", "kreis": "Rhein-Erft-Kreis", "kreisschl": "05362", "gemeinde": "Kerpen", "gmdschl": "05362032", "abwrecht": "Kein abweichender Rechtszustand", "lagebeztxt": "Merodestraï¿½e 26", "tntxt": "Wohnbauflï¿½che;678", "area": 664, "s area": 35.0, "layer": "swale suitability new", "path": "C:\\Users\\kanis\\Desktop\\Thesis\\Data\\Analysis\\Horrem\\S\\swale suitability new.shp", "final area": 24.9 }, "geometry": { "type": "MultiPolygon", "coordinates": [ [ [ [ 338832.0, 5642164.539455554448068 ], [ 338832.0, 5642165.0 ], [ 338834.0, 5642165.0 ], [ 338834.0, 5642164.0 ], [ 338835.0, 5642164.0 ], [ 338835.0, 5642165.0 ], [ 338837.0, 5642165.0 ], [ 338837.0, 5642164.0 ], [ 338838.0, 5642164.0 ], [ 338838.0, 5642165.0 ], [ 338840.0, 5642165.0 ], [ 338840.0, 5642167.0 ], [ 338841.0, 5642167.0 ], [ 338841.0, 5642164.0 ], [ 338842.0, 5642164.0 ], [ 338842.0, 5642165.0 ], [ 338842.990815108874813, 5642165.0 ], [ 338843.212110150780063, 5642163.0 ], [ 338836.0, 5642163.0 ], [ 338836.0, 5642162.0 ], [ 338832.280097403971013, 5642162.0 ], [ 338832.0, 5642164.539455554448068 ] ] ] ] } },
{ "type": "Feature", "properties": { "DN": 1, "gml_id": "DENW41AL30005bf4FL", "identifier": "urn:adv:oid:DENW41AL30005bf4FL", "aktualit_2": "2024-08-20Z", "idflurst": "DENW41AL30005bf4", "flaeche": 363.0, "flstkennz_": "054682021000520024__", "flstnrzae": "52", "flstnrnen": "24", "gemarkung": "Horrem", "gemaschl": "054682", "flur": "21", "flurschl": "054682021", "land": "Nordrhein-Westfalen", "landschl": "05", "regbezirk": "Kï¿½ln", "regbezschl": "053", "kreis": "Rhein-Erft-Kreis", "kreisschl": "05362", "gemeinde": "Kerpen", "gmdschl": "05362032", "abwrecht": "Kein abweichender Rechtszustand", "lagebeztxt": "Am grï¿½nen Weg 7", "tntxt": "Wohnbauflï¿½che;363", "area": 366, "s area": 140.9, "layer": "swale suitability new", "path": "C:\\Users\\kanis\\Desktop\\Thesis\\Data\\Analysis\\Horrem\\S\\swale suitability new.shp", "final area": 124.3 }, "geometry": { "type": "MultiPolygon", "coordinates": [ [ [ [ 338822.0, 5642536.369294838048518 ], [ 338822.0, 5642539.0 ], [ 338820.0, 5642539.0 ], [ 338820.0, 5642546.184210672974586 ], [ 338821.0, 5642546.36329850833863 ], [ 338821.0, 5642546.0 ], [ 338822.0, 5642546.0 ], [ 338822.0, 5642544.0 ], [ 338824.0, 5642544.0 ], [ 338824.0, 5642546.900562014430761 ], [ 338834.795672551495954, 5642548.833935643546283 ], [ 338835.0, 5642545.899086968041956 ], [ 338835.0, 5642541.0 ], [ 338835.341079916106537, 5642541.0 ], [ 338835.549943272722885, 5642538.0 ], [ 338835.0, 5642538.0 ], [ 338835.0, 5642540.0 ], [ 338833.0, 5642540.0 ], [ 338833.0, 5642541.0 ], [ 338831.0, 5642541.0 ], [ 338831.0, 5642540.0 ], [ 338830.0, 5642540.0 ], [ 338830.0, 5642537.0 ], [ 338827.0, 5642537.0 ], [ 338827.0, 5642536.737123793922365 ], [ 338822.0, 5642536.369294838048518 ] ], [ [ 338828.0, 5642543.0 ], [ 338828.0, 5642542.0 ], [ 338829.0, 5642542.0 ], [ 338829.0, 5642543.0 ], [ 338830.0, 5642543.0 ], [ 338830.0, 5642544.0 ], [ 338831.0, 5642544.0 ], [ 338831.0, 5642545.0 ], [ 338827.0, 5642545.0 ], [ 338827.0, 5642543.0 ], [ 338828.0, 5642543.0 ] ], [ [ 338826.0, 5642538.0 ], [ 338826.0, 5642539.0 ], [ 338824.0, 5642539.0 ], [ 338824.0, 5642538.0 ], [ 338826.0, 5642538.0 ] ] ] ] } },
{ "type": "Feature", "properties": { "DN": 1, "gml_id": "DENW41AL30005bf4FL", "identifier": "urn:adv:oid:DENW41AL30005bf4FL", "aktualit_2": "2024-08-20Z", "idflurst": "DENW41AL30005bf4", "flaeche": 363.0, "flstkennz_": "054682021000520024__", "flstnrzae": "52", "flstnrnen": "24", "gemarkung": "Horrem", "gemaschl": "054682", "flur": "21", "flurschl": "054682021", "land": "Nordrhein-Westfalen", "landschl": "05", "regbezirk": "Kï¿½ln", "regbezschl": "053", "kreis": "Rhein-Erft-Kreis", "kreisschl": "05362", "gemeinde": "Kerpen", "gmdschl": "05362032", "abwrecht": "Kein abweichender Rechtszustand", "lagebeztxt": "Am grï¿½nen Weg 7", "tntxt": "Wohnbauflï¿½che;363", "area": 366, "s area": 140.9, "layer": "swale suitability new", "path": "C:\\Users\\kanis\\Desktop\\Thesis\\Data\\Analysis\\Horrem\\S\\swale suitability new.shp", "final area": 1.0 }, "geometry": { "type": "MultiPolygon", "coordinates": [ [ [ [ 338832.0, 5642542.0 ], [ 338831.0, 5642542.0 ], [ 338831.0, 5642543.0 ], [ 338832.0, 5642543.0 ], [ 338832.0, 5642542.0 ] ] ] ] } },
{ "type": "Feature", "properties": { "DN": 1, "gml_id": "DENW41AL30005fPaFL", "identifier": "urn:adv:oid:DENW41AL30005fPaFL", "aktualit_2": "2024-08-20Z", "idflurst": "DENW41AL30005fPa", "flaeche": 197.0, "flstkennz_": "054682021000520025__", "flstnrzae": "52", "flstnrnen": "25", "gemarkung": "Horrem", "gemaschl": "054682", "flur": "21", "flurschl": "054682021", "land": "Nordrhein-Westfalen", "landschl": "05", "regbezirk": "Kï¿½ln", "regbezschl": "053", "kreis": "Rhein-Erft-Kreis", "kreisschl": "05362", "gemeinde": "Kerpen", "gmdschl": "05362032", "abwrecht": "Kein abweichender Rechtszustand", "lagebeztxt": "Adenauerstraï¿½e", "tntxt": "Wohnbauflï¿½che;197", "area": 198, "s area": 114.0, "layer": "swale suitability new", "path": "C:\\Users\\kanis\\Desktop\\Thesis\\Data\\Analysis\\Horrem\\S\\swale suitability new.shp", "final area": 78.8 }, "geometry": { "type": "MultiPolygon", "coordinates": [ [ [ [ 338841.0, 5642537.76715696696192 ], [ 338841.0, 5642541.0 ], [ 338840.0, 5642541.0 ], [ 338840.0, 5642542.0 ], [ 338841.0, 5642542.0 ], [ 338841.0, 5642543.0 ], [ 338840.0, 5642543.0 ], [ 338840.0, 5642544.0 ], [ 338841.0, 5642544.0 ], [ 338841.0, 5642547.0 ], [ 338838.0, 5642547.0 ], [ 338838.0, 5642546.003392403945327 ], [ 338837.765889411210082, 5642549.366029957309365 ], [ 338847.566146816418041, 5642551.122353991493583 ], [ 338847.57492270343937, 5642551.0 ], [ 338847.0, 5642551.0 ], [ 338847.0, 5642550.0 ], [ 338845.0, 5642550.0 ], [ 338845.0, 5642549.0 ], [ 338846.0, 5642549.0 ], [ 338846.0, 5642548.0 ], [ 338847.0, 5642548.0 ], [ 338847.0, 5642547.0 ], [ 338847.861863074533176, 5642547.0 ], [ 338848.221264572406653, 5642542.0 ], [ 338848.0, 5642542.0 ], [ 338848.0, 5642541.0 ], [ 338847.0, 5642541.0 ], [ 338847.0, 5642543.0 ], [ 338845.0, 5642543.0 ], [ 338845.0, 5642540.0 ], [ 338846.0, 5642540.0 ], [ 338846.0, 5642538.135129048489034 ], [ 338841.0, 5642537.76715696696192 ] ], [ [ 338846.0, 5642547.0 ], [ 338846.0, 5642546.0 ], [ 338847.0, 5642546.0 ], [ 338847.0, 5642547.0 ], [ 338846.0, 5642547.0 ] ], [ [ 338844.0, 5642546.0 ], [ 338843.0, 5642546.0 ], [ 338843.0, 5642545.0 ], [ 338844.0, 5642545.0 ], [ 338844.0, 5642546.0 ] ] ] ] } },
{ "type": "Feature", "properties": { "DN": 1, "gml_id": "DENW41AL30005WpoFL", "identifier": "urn:adv:oid:DENW41AL30005WpoFL", "aktualit_2": "2024-08-20Z", "idflurst": "DENW41AL30005Wpo", "flaeche": 725.0, "flstkennz_": "054682019000340002__", "flstnrzae": "34", "flstnrnen": "2", "gemarkung": "Horrem", "gemaschl": "054682", "flur": "19", "flurschl": "054682019", "land": "Nordrhein-Westfalen", "landschl": "05", "regbezirk": "Kï¿½ln", "regbezschl": "053", "kreis": "Rhein-Erft-Kreis", "kreisschl": "05362", "gemeinde": "Kerpen", "gmdschl": "05362032", "abwrecht": "Kein abweichender Rechtszustand", "lagebeztxt": "Hauptstraï¿½e 236", "tntxt": "Flï¿½che gemischter Nutzung(funktion:Gebï¿½ude- und Freiflï¿½che Mischnutzung mit Wohnen);725", "area": 732, "s area": 152.3, "layer": "swale suitability new", "path": "C:\\Users\\kanis\\Desktop\\Thesis\\Data\\Analysis\\Horrem\\S\\swale suitability new.shp", "final area": 126.6 }, "geometry": { "type": "MultiPolygon", "coordinates": [ [ [ [ 339112.229948403604794, 5642266.926372297108173 ], [ 339113.484554675174877, 5642267.0 ], [ 339115.0, 5642267.0 ], [ 339115.0, 5642264.0 ], [ 339116.0, 5642264.0 ], [ 339116.0, 5642262.0 ], [ 339117.0, 5642262.0 ], [ 339117.0, 5642255.0 ], [ 339118.0, 5642255.0 ], [ 339118.0, 5642254.0 ], [ 339119.0, 5642254.0 ], [ 339119.0, 5642255.0 ], [ 339120.0, 5642255.0 ], [ 339120.0, 5642256.0 ], [ 339121.0, 5642256.0 ], [ 339121.0, 5642265.0 ], [ 339117.0, 5642265.0 ], [ 339117.0, 5642266.0 ], [ 339116.0, 5642266.0 ], [ 339116.0, 5642267.0 ], [ 339120.0, 5642267.0 ], [ 339120.0, 5642266.0 ], [ 339124.0, 5642266.0 ], [ 339124.0, 5642257.0 ], [ 339123.0, 5642257.0 ], [ 339123.0, 5642254.0 ], [ 339124.0, 5642254.0 ], [ 339124.0, 5642253.0 ], [ 339124.376073844381608, 5642253.0 ], [ 339124.341618736914825, 5642249.0 ], [ 339121.0, 5642249.0 ], [ 339121.0, 5642252.0 ], [ 339120.0, 5642252.0 ], [ 339120.0, 5642253.0 ], [ 339118.0, 5642253.0 ], [ 339118.0, 5642252.0 ], [ 339116.0, 5642252.0 ], [ 339116.0, 5642251.0 ], [ 339114.0, 5642251.0 ], [ 339114.0, 5642250.0 ], [ 339113.399956797657069, 5642250.0 ], [ 339112.229948403604794, 5642266.926372297108173 ] ] ] ] } },
{ "type": "Feature", "properties": { "DN": 1, "gml_id": "DENW41AL30005bJ9FL", "identifier": "urn:adv:oid:DENW41AL30005bJ9FL", "aktualit_2": "2024-08-20Z", "idflurst": "DENW41AL30005bJ9", "flaeche": 322.0, "flstkennz_": "05468202100424______", "flstnrzae": "424", "flstnrnen": null, "gemarkung": "Horrem", "gemaschl": "054682", "flur": "21", "flurschl": "054682021", "land": "Nordrhein-Westfalen", "landschl": "05", "regbezirk": "Kï¿½ln", "regbezschl": "053", "kreis": "Rhein-Erft-Kreis", "kreisschl": "05362", "gemeinde": "Kerpen", "gmdschl": "05362032", "abwrecht": "Kein abweichender Rechtszustand", "lagebeztxt": "Wiesenstraï¿½e", "tntxt": "Wohnbauflï¿½che;322", "area": 323, "s area": 137.5, "layer": "swale suitability new", "path": "C:\\Users\\kanis\\Desktop\\Thesis\\Data\\Analysis\\Horrem\\S\\swale suitability new.shp", "final area": 95.9 }, "geometry": { "type": "MultiPolygon", "coordinates": [ [ [ [ 338842.493500634096563, 5642613.729410702362657 ], [ 338838.43205569969723, 5642612.159063709899783 ], [ 338836.0, 5642611.218047228641808 ], [ 338836.0, 5642612.0 ], [ 338838.0, 5642612.0 ], [ 338838.0, 5642613.0 ], [ 338839.0, 5642613.0 ], [ 338839.0, 5642615.0 ], [ 338835.0, 5642615.0 ], [ 338835.0, 5642616.0 ], [ 338834.0, 5642616.0 ], [ 338834.0, 5642617.0 ], [ 338832.0, 5642617.0 ], [ 338832.0, 5642615.0 ], [ 338833.0, 5642615.0 ], [ 338833.0, 5642613.0 ], [ 338830.0, 5642613.0 ], [ 338830.0, 5642612.889547516591847 ], [ 338828.595667858084198, 5642616.552777029573917 ], [ 338826.455728097935207, 5642622.138619787059724 ], [ 338825.359424110443797, 5642625.0 ], [ 338828.0, 5642625.0 ], [ 338828.0, 5642622.0 ], [ 338830.0, 5642622.0 ], [ 338830.0, 5642621.0 ], [ 338831.0, 5642621.0 ], [ 338831.0, 5642620.0 ], [ 338832.0, 5642620.0 ], [ 338832.0, 5642623.0 ], [ 338831.0, 5642623.0 ], [ 338831.0, 5642624.0 ], [ 338832.0, 5642624.0 ], [ 338832.0, 5642626.0 ], [ 338834.0, 5642626.0 ], [ 338834.0, 5642623.0 ], [ 338833.0, 5642623.0 ], [ 338833.0, 5642622.0 ], [ 338834.0, 5642622.0 ], [ 338834.0, 5642621.0 ], [ 338838.0, 5642621.0 ], [ 338838.0, 5642618.0 ], [ 338839.0, 5642618.0 ], [ 338839.0, 5642617.0 ], [ 338841.0, 5642617.0 ], [ 338841.0, 5642616.0 ], [ 338841.492136751650833, 5642616.0 ], [ 338842.493500634096563, 5642613.729410702362657 ] ] ] ] } },
{ "type": "Feature", "properties": { "DN": 1, "gml_id": "DENW41AL30005Y4CFL", "identifier": "urn:adv:oid:DENW41AL30005Y4CFL", "aktualit_2": "2024-08-20Z", "idflurst": "DENW41AL30005Y4C", "flaeche": 961.0, "flstkennz_": "05468202100449______", "flstnrzae": "449", "flstnrnen": null, "gemarkung": "Horrem", "gemaschl": "054682", "flur": "21", "flurschl": "054682021", "land": "Nordrhein-Westfalen", "landschl": "05", "regbezirk": "Kï¿½ln", "regbezschl": "053", "kreis": "Rhein-Erft-Kreis", "kreisschl": "05362", "gemeinde": "Kerpen", "gmdschl": "05362032", "abwrecht": "Kein abweichender Rechtszustand", "lagebeztxt": "Wiesenstraï¿½e 9", "tntxt": "Wohnbauflï¿½che;961", "area": 958, "s area": 204.2, "layer": "swale suitability new", "path": "C:\\Users\\kanis\\Desktop\\Thesis\\Data\\Analysis\\Horrem\\S\\swale suitability new.shp", "final area": 0.0 }, "geometry": { "type": "MultiPolygon", "coordinates": [ [ [ [ 338813.847299361543264, 5642597.0 ], [ 338814.0, 5642597.0 ], [ 338814.0, 5642596.654815318994224 ], [ 338813.847299361543264, 5642597.0 ] ] ] ] } },
{ "type": "Feature", "properties": { "DN": 1, "gml_id": "DENW41AL30005cHXFL", "identifier": "urn:adv:oid:DENW41AL30005cHXFL", "aktualit_2": "2024-08-20Z", "idflurst": "DENW41AL30005cHX", "flaeche": 553.0, "flstkennz_": "05468200800581______", "flstnrzae": "581", "flstnrnen": null, "gemarkung": "Horrem", "gemaschl": "054682", "flur": "8", "flurschl": "054682008", "land": "Nordrhein-Westfalen", "landschl": "05", "regbezirk": "Kï¿½ln", "regbezschl": "053", "kreis": "Rhein-Erft-Kreis", "kreisschl": "05362", "gemeinde": "Kerpen", "gmdschl": "05362032", "abwrecht": "Kein abweichender Rechtszustand", "lagebeztxt": "Hauptstraï¿½e 180; Merkurweg 15", "tntxt": "Flï¿½che gemischter Nutzung(funktion:Gebï¿½ude- und Freiflï¿½che Mischnutzung mit Wohnen);553", "area": 553, "s area": 93.7, "layer": "swale suitability new", "path": "C:\\Users\\kanis\\Desktop\\Thesis\\Data\\Analysis\\Horrem\\S\\swale suitability new.shp", "final area": 61.0 }, "geometry": { "type": "MultiPolygon", "coordinates": [ [ [ [ 339043.0, 5642678.427526243962348 ], [ 339043.0, 5642679.0 ], [ 339037.0, 5642679.0 ], [ 339037.0, 5642678.0 ], [ 339033.0, 5642678.0 ], [ 339033.0, 5642677.0 ], [ 339031.0, 5642677.0 ], [ 339031.0, 5642678.0 ], [ 339029.0, 5642678.0 ], [ 339029.0, 5642677.0 ], [ 339028.0, 5642677.0 ], [ 339028.0, 5642679.0 ], [ 339027.0, 5642679.0 ], [ 339027.0, 5642677.0 ], [ 339023.0, 5642677.0 ], [ 339023.0, 5642678.0 ], [ 339024.0, 5642678.0 ], [ 339024.0, 5642678.849287551827729 ], [ 339029.973605602921452, 5642680.363995213992894 ], [ 339037.714451381994877, 5642682.32595612667501 ], [ 339042.0, 5642683.411620166152716 ], [ 339042.0, 5642681.0 ], [ 339043.0, 5642681.0 ], [ 339043.0, 5642680.0 ], [ 339044.0, 5642680.0 ], [ 339044.0, 5642679.0 ], [ 339045.221585992025211, 5642679.0 ], [ 339043.0, 5642678.427526243962348 ] ] ] ] } },
{ "type": "Feature", "properties": { "DN": 1, "gml_id": "DENW41AL30005VP8FL", "identifier": "urn:adv:oid:DENW41AL30005VP8FL", "aktualit_2": "2024-08-20Z", "idflurst": "DENW41AL30005VP8", "flaeche": 724.0, "flstkennz_": "05468202000053______", "flstnrzae": "53", "flstnrnen": null, "gemarkung": "Horrem", "gemaschl": "054682", "flur": "20", "flurschl": "054682020", "land": "Nordrhein-Westfalen", "landschl": "05", "regbezirk": "Kï¿½ln", "regbezschl": "053", "kreis": "Rhein-Erft-Kreis", "kreisschl": "05362", "gemeinde": "Kerpen", "gmdschl": "05362032", "abwrecht": "Kein abweichender Rechtszustand", "lagebeztxt": "Hauptstraï¿½e 232", "tntxt": "Wohnbauflï¿½che;724", "area": 716, "s area": 24.9, "layer": "swale suitability new", "path": "C:\\Users\\kanis\\Desktop\\Thesis\\Data\\Analysis\\Horrem\\S\\swale suitability new.shp", "final area": 11.7 }, "geometry": { "type": "MultiPolygon", "coordinates": [ [ [ [ 339110.541122341295704, 5642269.832423626445234 ], [ 339102.0, 5642269.324920620769262 ], [ 339102.0, 5642271.0 ], [ 339110.0, 5642271.0 ], [ 339110.0, 5642270.0 ], [ 339111.0, 5642270.0 ], [ 339111.0, 5642269.859353276900947 ], [ 339110.541122341295704, 5642269.832423626445234 ] ] ] ] } },
{ "type": "Feature", "properties": { "DN": 1, "gml_id": "DENW41AL30005VP8FL", "identifier": "urn:adv:oid:DENW41AL30005VP8FL", "aktualit_2": "2024-08-20Z", "idflurst": "DENW41AL30005VP8", "flaeche": 724.0, "flstkennz_": "05468202000053______", "flstnrzae": "53", "flstnrnen": null, "gemarkung": "Horrem", "gemaschl": "054682", "flur": "20", "flurschl": "054682020", "land": "Nordrhein-Westfalen", "landschl": "05", "regbezirk": "Kï¿½ln", "regbezschl": "053", "kreis": "Rhein-Erft-Kreis", "kreisschl": "05362", "gemeinde": "Kerpen", "gmdschl": "05362032", "abwrecht": "Kein abweichender Rechtszustand", "lagebeztxt": "Hauptstraï¿½e 232", "tntxt": "Wohnbauflï¿½che;724", "area": 716, "s area": 157.2, "layer": "swale suitability new", "path": "C:\\Users\\kanis\\Desktop\\Thesis\\Data\\Analysis\\Horrem\\S\\swale suitability new.shp", "final area": 93.2 }, "geometry": { "type": "MultiPolygon", "coordinates": [ [ [ [ 339079.040397019183729, 5642267.972380991093814 ], [ 339067.034863289445639, 5642267.266538710333407 ], [ 339066.817381695087533, 5642271.944658422842622 ], [ 339066.81673039222369, 5642271.957484376616776 ], [ 339066.546474062721245, 5642276.864730291068554 ], [ 339072.0, 5642277.017460530623794 ], [ 339072.0, 5642277.0 ], [ 339073.0, 5642277.0 ], [ 339073.0, 5642277.045466308481991 ], [ 339078.0, 5642277.185495200566947 ], [ 339078.0, 5642277.0 ], [ 339075.0, 5642277.0 ], [ 339075.0, 5642272.0 ], [ 339076.0, 5642272.0 ], [ 339076.0, 5642271.0 ], [ 339077.0, 5642271.0 ], [ 339077.0, 5642270.0 ], [ 339078.0, 5642270.0 ], [ 339078.0, 5642269.0 ], [ 339084.0, 5642269.0 ], [ 339084.0, 5642268.267733884043992 ], [ 339079.040397019183729, 5642267.972380991093814 ] ] ] ] } },
{ "type": "Feature", "properties": { "DN": 1, "gml_id": "DENW41AL30005cDjFL", "identifier": "urn:adv:oid:DENW41AL30005cDjFL", "aktualit_2": "2024-08-20Z", "idflurst": "DENW41AL30005cDj", "flaeche": 366.0, "flstkennz_": "05468202100443______", "flstnrzae": "443", "flstnrnen": null, "gemarkung": "Horrem", "gemaschl": "054682", "flur": "21", "flurschl": "054682021", "land": "Nordrhein-Westfalen", "landschl": "05", "regbezirk": "Kï¿½ln", "regbezschl": "053", "kreis": "Rhein-Erft-Kreis", "kreisschl": "05362", "gemeinde": "Kerpen", "gmdschl": "05362032", "abwrecht": "Kein abweichender Rechtszustand", "lagebeztxt": "Wiesenstraï¿½e 30", "tntxt": "Wohnbauflï¿½che;366", "area": 364, "s area": 109.4, "layer": "swale suitability new", "path": "C:\\Users\\kanis\\Desktop\\Thesis\\Data\\Analysis\\Horrem\\S\\swale suitability new.shp", "final area": 71.8 }, "geometry": { "type": "MultiPolygon", "coordinates": [ [ [ [ 338733.006336572289001, 5642646.794670307077467 ], [ 338733.0, 5642646.806155626662076 ], [ 338733.0, 5642647.0 ], [ 338734.0, 5642647.0 ], [ 338734.0, 5642650.0 ], [ 338735.0, 5642650.0 ], [ 338735.0, 5642648.0 ], [ 338736.0, 5642648.0 ], [ 338736.0, 5642646.0 ], [ 338737.0, 5642646.0 ], [ 338737.0, 5642645.0 ], [ 338738.0, 5642645.0 ], [ 338738.0, 5642643.0 ], [ 338739.0, 5642643.0 ], [ 338739.0, 5642641.0 ], [ 338740.0, 5642641.0 ], [ 338740.0, 5642639.0 ], [ 338741.0, 5642639.0 ], [ 338741.0, 5642637.0 ], [ 338742.0, 5642637.0 ], [ 338742.0, 5642636.0 ], [ 338743.0, 5642636.0 ], [ 338743.0, 5642634.0 ], [ 338744.0, 5642634.0 ], [ 338744.0, 5642629.0 ], [ 338746.0, 5642629.0 ], [ 338746.0, 5642628.0 ], [ 338747.0, 5642628.0 ], [ 338747.0, 5642627.0 ], [ 338748.912064659758471, 5642627.0 ], [ 338749.0, 5642626.840591114014387 ], [ 338749.0, 5642626.0 ], [ 338746.0, 5642626.0 ], [ 338746.0, 5642625.0 ], [ 338745.033600157010369, 5642625.0 ], [ 338733.006336572289001, 5642646.794670307077467 ] ] ] ] } },
{ "type": "Feature", "properties": { "DN": 1, "gml_id": "DENW41AL30005ZfgFL", "identifier": "urn:adv:oid:DENW41AL30005ZfgFL", "aktualit_2": "2024-08-20Z", "idflurst": "DENW41AL30005Zfg", "flaeche": 271.0, "flstkennz_": "054682021000880007__", "flstnrzae": "88", "flstnrnen": "7", "gemarkung": "Horrem", "gemaschl": "054682", "flur": "21", "flurschl": "054682021", "land": "Nordrhein-Westfalen", "landschl": "05", "regbezirk": "Kï¿½ln", "regbezschl": "053", "kreis": "Rhein-Erft-Kreis", "kreisschl": "05362", "gemeinde": "Kerpen", "gmdschl": "05362032", "abwrecht": "Kein abweichender Rechtszustand", "lagebeztxt": "Am Kalkofen 23", "tntxt": "Wohnbauflï¿½che;271", "area": 271, "s area": 77.9, "layer": "swale suitability new", "path": "C:\\Users\\kanis\\Desktop\\Thesis\\Data\\Analysis\\Horrem\\S\\swale suitability new.shp", "final area": 40.3 }, "geometry": { "type": "MultiPolygon", "coordinates": [ [ [ [ 338779.252466886420734, 5642650.726202446036041 ], [ 338773.673913531645667, 5642647.728264395147562 ], [ 338771.716196262743324, 5642651.382376342080534 ], [ 338771.020984957576729, 5642652.678770621307194 ], [ 338771.0, 5642652.717920423485339 ], [ 338771.0, 5642653.0 ], [ 338772.0, 5642653.0 ], [ 338772.0, 5642655.0 ], [ 338773.0, 5642655.0 ], [ 338773.0, 5642654.0 ], [ 338774.0, 5642654.0 ], [ 338774.0, 5642655.0 ], [ 338775.0, 5642655.0 ], [ 338775.0, 5642657.0 ], [ 338774.0, 5642657.0 ], [ 338774.0, 5642660.532416327856481 ], [ 338779.252466886420734, 5642650.726202446036041 ] ], [ [ 338772.0, 5642651.0 ], [ 338774.0, 5642651.0 ], [ 338774.0, 5642653.0 ], [ 338773.0, 5642653.0 ], [ 338773.0, 5642652.0 ], [ 338772.0, 5642652.0 ], [ 338772.0, 5642651.0 ] ] ] ] } },
{ "type": "Feature", "properties": { "DN": 1, "gml_id": "DENW41AL30005dK9FL", "identifier": "urn:adv:oid:DENW41AL30005dK9FL", "aktualit_2": "2024-08-20Z", "idflurst": "DENW41AL30005dK9", "flaeche": 392.0, "flstkennz_": "05468202000215______", "flstnrzae": "215", "flstnrnen": null, "gemarkung": "Horrem", "gemaschl": "054682", "flur": "20", "flurschl": "054682020", "land": "Nordrhein-Westfalen", "landschl": "05", "regbezirk": "Kï¿½ln", "regbezschl": "053", "kreis": "Rhein-Erft-Kreis", "kreisschl": "05362", "gemeinde": "Kerpen", "gmdschl": "05362032", "abwrecht": "Kein abweichender Rechtszustand", "lagebeztxt": "Hebbelstraï¿½e 2 a", "tntxt": "Wohnbauflï¿½che;392", "area": 392, "s area": 72.5, "layer": "swale suitability new", "path": "C:\\Users\\kanis\\Desktop\\Thesis\\Data\\Analysis\\Horrem\\S\\swale suitability new.shp", "final area": 49.5 }, "geometry": { "type": "MultiPolygon", "coordinates": [ [ [ [ 338833.0, 5642310.857594369910657 ], [ 338833.0, 5642314.0 ], [ 338832.0, 5642314.0 ], [ 338832.0, 5642317.0 ], [ 338831.0, 5642317.0 ], [ 338831.0, 5642322.0 ], [ 338832.0, 5642322.0 ], [ 338832.0, 5642323.643169559538364 ], [ 338837.0, 5642323.799369967542589 ], [ 338837.0, 5642323.0 ], [ 338836.0, 5642323.0 ], [ 338836.0, 5642319.0 ], [ 338835.0, 5642319.0 ], [ 338835.0, 5642316.0 ], [ 338836.0, 5642316.0 ], [ 338836.0, 5642315.0 ], [ 338835.0, 5642315.0 ], [ 338835.0, 5642314.0 ], [ 338836.0, 5642314.0 ], [ 338836.0, 5642311.198929676786065 ], [ 338833.0, 5642310.857594369910657 ] ] ] ] } },
{ "type": "Feature", "properties": { "DN": 1, "gml_id": "DENW41AL30005VCXFL", "identifier": "urn:adv:oid:DENW41AL30005VCXFL", "aktualit_2": "2024-08-20Z", "idflurst": "DENW41AL30005VCX", "flaeche": 5959.0, "flstkennz_": "05468200800832______", "flstnrzae": "832", "flstnrnen": null, "gemarkung": "Horrem", "gemaschl": "054682", "flur": "8", "flurschl": "054682008", "land": "Nordrhein-Westfalen", "landschl": "05", "regbezirk": "Kï¿½ln", "regbezschl": "053", "kreis": "Rhein-Erft-Kreis", "kreisschl": "05362", "gemeinde": "Kerpen", "gmdschl": "05362032", "abwrecht": "Kein abweichender Rechtszustand", "lagebeztxt": "Mittelstraï¿½e 6, 8, 10, 12, 14, 16, 18, 20, 22, 24, 26", "tntxt": "Wohnbauflï¿½che;5959", "area": 5965, "s area": 1202.5, "layer": "swale suitability new", "path": "C:\\Users\\kanis\\Desktop\\Thesis\\Data\\Analysis\\Horrem\\S\\swale suitability new.shp", "final area": 1144.7 }, "geometry": { "type": "MultiPolygon", "coordinates": [ [ [ [ 339163.0, 5642651.080516543239355 ], [ 339163.0, 5642654.0 ], [ 339164.0, 5642654.0 ], [ 339164.0, 5642655.0 ], [ 339165.0, 5642655.0 ], [ 339165.0, 5642656.0 ], [ 339164.0, 5642656.0 ], [ 339164.0, 5642660.0 ], [ 339161.0, 5642660.0 ], [ 339161.0, 5642657.0 ], [ 339160.0, 5642657.0 ], [ 339160.0, 5642656.0 ], [ 339161.0, 5642656.0 ], [ 339161.0, 5642654.0 ], [ 339159.0, 5642654.0 ], [ 339159.0, 5642652.0 ], [ 339160.0, 5642652.0 ], [ 339160.0, 5642650.256799925118685 ], [ 339159.064727167773526, 5642650.0 ], [ 339158.0, 5642650.0 ], [ 339158.0, 5642649.707655512727797 ], [ 339155.211614041880239, 5642648.942042228765786 ], [ 339155.115758936095517, 5642649.275921695865691 ], [ 339155.113740013446659, 5642649.282890358008444 ], [ 339155.0, 5642649.671960921026766 ], [ 339155.0, 5642651.0 ], [ 339154.611764041648712, 5642651.0 ], [ 339154.0, 5642653.092661787755787 ], [ 339154.0, 5642654.0 ], [ 339153.734750787203666, 5642654.0 ], [ 339153.0, 5642656.513362654484808 ], [ 339153.0, 5642657.0 ], [ 339152.857737532700412, 5642657.0 ], [ 339152.0, 5642659.934063522145152 ], [ 339152.0, 5642660.0 ], [ 339151.980724278255366, 5642660.0 ], [ 339151.0, 5642663.354764388874173 ], [ 339151.0, 5642666.0 ], [ 339150.226697769365273, 5642666.0 ], [ 339150.0, 5642666.775465256534517 ], [ 339150.0, 5642669.399555178359151 ], [ 339150.330355277110357, 5642671.0 ], [ 339151.0, 5642671.0 ], [ 339151.0, 5642677.0 ], [ 339152.0, 5642677.0 ], [ 339152.0, 5642679.0 ], [ 339151.0, 5642679.0 ], [ 339151.0, 5642681.0 ], [ 339150.260885224386584, 5642681.0 ], [ 339150.166206093155779, 5642684.0 ], [ 339151.0, 5642684.0 ], [ 339151.0, 5642687.0 ], [ 339150.043414089130238, 5642687.0 ], [ 339150.0, 5642687.507901490665972 ], [ 339150.0, 5642689.0 ], [ 339151.0, 5642689.0 ], [ 339151.0, 5642693.0 ], [ 339150.0, 5642693.0 ], [ 339150.0, 5642702.0 ], [ 339149.0, 5642702.0 ], [ 339149.0, 5642706.0 ], [ 339148.0, 5642706.0 ], [ 339148.0, 5642708.0 ], [ 339147.381733378628269, 5642708.0 ], [ 339147.0, 5642709.461829361505806 ], [ 339147.0, 5642712.0 ], [ 339146.337197296146769, 5642712.0 ], [ 339146.0, 5642713.29128060489893 ], [ 339146.0, 5642714.0 ], [ 339145.814950236061122, 5642714.0 ], [ 339144.0, 5642720.965639065019786 ], [ 339144.0, 5642721.0 ], [ 339143.991046997020021, 5642721.0 ], [ 339143.282536447164603, 5642723.719208860769868 ], [ 339141.0, 5642732.454631462693214 ], [ 339141.0, 5642734.0 ], [ 339140.596200416155625, 5642734.0 ], [ 339140.489345209964085, 5642734.40894215926528 ], [ 339138.0, 5642743.950397489592433 ], [ 339138.0, 5642745.0 ], [ 339137.72616095864214, 5642745.0 ], [ 339137.682415879971813, 5642745.16767128650099 ], [ 339137.0, 5642747.781038885936141 ], [ 339137.0, 5642749.0 ], [ 339136.68169865506934, 5642749.0 ], [ 339136.159448451711796, 5642751.0 ], [ 339137.0, 5642751.0 ], [ 339137.0, 5642754.0 ], [ 339136.0, 5642754.0 ], [ 339136.0, 5642752.0 ], [ 339135.898323350062128, 5642752.0 ], [ 339135.0, 5642755.440202969126403 ], [ 339135.0, 5642759.0 ], [ 339134.071154343604576, 5642759.0 ], [ 339134.0, 5642759.272728487849236 ], [ 339134.0, 5642760.0 ], [ 339135.0, 5642760.0 ], [ 339135.0, 5642762.0 ], [ 339134.0, 5642762.0 ], [ 339134.0, 5642765.0 ], [ 339133.0, 5642765.0 ], [ 339133.0, 5642769.0 ], [ 339132.0, 5642769.0 ], [ 339132.0, 5642774.0 ], [ 339131.0, 5642774.0 ], [ 339131.0, 5642776.0 ], [ 339130.0, 5642776.0 ], [ 339130.0, 5642778.0 ], [ 339129.111152256955393, 5642778.0 ], [ 339129.0, 5642778.425460955128074 ], [ 339129.0, 5642782.0 ], [ 339128.066879145568237, 5642782.0 ], [ 339128.0, 5642782.256292759440839 ], [ 339128.0, 5642786.0 ], [ 339127.02334711101139, 5642786.0 ], [ 339127.0, 5642786.089470274746418 ], [ 339127.0, 5642790.0 ], [ 339126.0, 5642790.0 ], [ 339126.0, 5642794.0 ], [ 339125.0, 5642794.0 ], [ 339125.0, 5642797.0 ], [ 339124.153391746629495, 5642797.0 ], [ 339124.0, 5642797.588043980300426 ], [ 339124.0, 5642804.0 ], [ 339123.0, 5642804.0 ], [ 339123.0, 5642805.0 ], [ 339122.066585292166565, 5642805.0 ], [ 339122.0, 5642805.255261975340545 ], [ 339122.0, 5642806.0 ], [ 339123.0, 5642806.0 ], [ 339123.0, 5642809.0 ], [ 339121.023182064935099, 5642809.0 ], [ 339121.0, 5642809.088870972394943 ], [ 339121.0, 5642813.0 ], [ 339120.0, 5642813.0 ], [ 339120.0, 5642816.0 ], [ 339119.196055234351661, 5642816.0 ], [ 339119.0, 5642816.751343416050076 ], [ 339119.0, 5642821.0 ], [ 339118.0, 5642821.0 ], [ 339118.0, 5642823.0 ], [ 339117.36947818484623, 5642823.0 ], [ 339117.0, 5642824.415953022427857 ], [ 339117.0, 5642829.0 ], [ 339116.0, 5642829.0 ], [ 339116.0, 5642830.0 ], [ 339115.537652143917512, 5642830.0 ], [ 339115.0, 5642832.066557892598212 ], [ 339115.0, 5642835.0 ], [ 339114.236812361283228, 5642835.0 ], [ 339114.0, 5642835.910228778608143 ], [ 339114.0, 5642839.0 ], [ 339113.196140535117593, 5642839.0 ], [ 339113.0, 5642839.753899664618075 ], [ 339113.0, 5642840.308079929091036 ], [ 339114.432515305583365, 5642841.0 ], [ 339115.0, 5642841.0 ], [ 339115.0, 5642841.275055561214685 ], [ 339116.0, 5642841.759976739995182 ], [ 339116.0, 5642841.0 ], [ 339118.0, 5642841.0 ], [ 339118.0, 5642842.0 ], [ 339119.0, 5642842.0 ], [ 339119.0, 5642843.0 ], [ 339120.0, 5642843.0 ], [ 339120.0, 5642843.699661456048489 ], [ 339120.619355386530515, 5642844.0 ], [ 339123.0, 5642844.0 ], [ 339123.0, 5642839.0 ], [ 339124.0, 5642839.0 ], [ 339124.0, 5642835.0 ], [ 339123.0, 5642835.0 ], [ 339123.0, 5642833.0 ], [ 339125.0, 5642833.0 ], [ 339125.0, 5642829.0 ], [ 339126.0, 5642829.0 ], [ 339126.0, 5642827.0 ], [ 339127.0, 5642827.0 ], [ 339127.0, 5642824.0 ], [ 339125.0, 5642824.0 ], [ 339125.0, 5642823.0 ], [ 339128.0, 5642823.0 ], [ 339128.0, 5642818.0 ], [ 339126.0, 5642818.0 ], [ 339126.0, 5642816.0 ], [ 339125.0, 5642816.0 ], [ 339125.0, 5642814.0 ], [ 339126.0, 5642814.0 ], [ 339126.0, 5642811.0 ], [ 339127.0, 5642811.0 ], [ 339127.0, 5642807.0 ], [ 339128.0, 5642807.0 ], [ 339128.0, 5642806.0 ], [ 339129.0, 5642806.0 ], [ 339129.0, 5642805.0 ], [ 339130.0, 5642805.0 ], [ 339130.0, 5642802.0 ], [ 339131.0, 5642802.0 ], [ 339131.0, 5642799.0 ], [ 339130.0, 5642799.0 ], [ 339130.0, 5642797.0 ], [ 339128.0, 5642797.0 ], [ 339128.0, 5642796.0 ], [ 339129.0, 5642796.0 ], [ 339129.0, 5642795.0 ], [ 339130.0, 5642795.0 ], [ 339130.0, 5642792.0 ], [ 339131.0, 5642792.0 ], [ 339131.0, 5642787.0 ], [ 339132.0, 5642787.0 ], [ 339132.0, 5642786.0 ], [ 339131.0, 5642786.0 ], [ 339131.0, 5642783.0 ], [ 339132.0, 5642783.0 ], [ 339132.0, 5642782.0 ], [ 339133.0, 5642782.0 ], [ 339133.0, 5642778.0 ], [ 339134.0, 5642778.0 ], [ 339134.0, 5642775.0 ], [ 339135.0, 5642775.0 ], [ 339135.0, 5642773.0 ], [ 339136.0, 5642773.0 ], [ 339136.0, 5642769.0 ], [ 339137.0, 5642769.0 ], [ 339137.0, 5642767.0 ], [ 339138.0, 5642767.0 ], [ 339138.0, 5642766.0 ], [ 339139.0, 5642766.0 ], [ 339139.0, 5642762.0 ], [ 339140.0, 5642762.0 ], [ 339140.0, 5642759.0 ], [ 339139.0, 5642759.0 ], [ 339139.0, 5642754.0 ], [ 339138.0, 5642754.0 ], [ 339138.0, 5642753.0 ], [ 339139.0, 5642753.0 ], [ 339139.0, 5642752.0 ], [ 339140.0, 5642752.0 ], [ 339140.0, 5642749.0 ], [ 339141.0, 5642749.0 ], [ 339141.0, 5642747.0 ], [ 339142.0, 5642747.0 ], [ 339142.0, 5642742.0 ], [ 339143.0, 5642742.0 ], [ 339143.0, 5642739.0 ], [ 339142.0, 5642739.0 ], [ 339142.0, 5642736.0 ], [ 339143.0, 5642736.0 ], [ 339143.0, 5642733.0 ], [ 339144.0, 5642733.0 ], [ 339144.0, 5642731.0 ], [ 339145.0, 5642731.0 ], [ 339145.0, 5642730.0 ], [ 339146.0, 5642730.0 ], [ 339146.0, 5642728.0 ], [ 339147.0, 5642728.0 ], [ 339147.0, 5642722.0 ], [ 339148.0, 5642722.0 ], [ 339148.0, 5642718.0 ], [ 339149.0, 5642718.0 ], [ 339149.0, 5642716.0 ], [ 339150.0, 5642716.0 ], [ 339150.0, 5642714.0 ], [ 339149.0, 5642714.0 ], [ 339149.0, 5642713.0 ], [ 339150.0, 5642713.0 ], [ 339150.0, 5642711.0 ], [ 339151.0, 5642711.0 ], [ 339151.0, 5642708.0 ], [ 339152.0, 5642708.0 ], [ 339152.0, 5642704.0 ], [ 339153.0, 5642704.0 ], [ 339153.0, 5642701.0 ], [ 339154.0, 5642701.0 ], [ 339154.0, 5642700.0 ], [ 339153.0, 5642700.0 ], [ 339153.0, 5642692.0 ], [ 339154.0, 5642692.0 ], [ 339154.0, 5642688.0 ], [ 339153.0, 5642688.0 ], [ 339153.0, 5642687.0 ], [ 339154.0, 5642687.0 ], [ 339154.0, 5642686.0 ], [ 339155.0, 5642686.0 ], [ 339155.0, 5642682.0 ], [ 339156.0, 5642682.0 ], [ 339156.0, 5642680.0 ], [ 339157.0, 5642680.0 ], [ 339157.0, 5642679.0 ], [ 339158.0, 5642679.0 ], [ 339158.0, 5642676.0 ], [ 339160.0, 5642676.0 ], [ 339160.0, 5642678.0 ], [ 339162.0, 5642678.0 ], [ 339162.0, 5642676.0 ], [ 339163.0, 5642676.0 ], [ 339163.0, 5642673.0 ], [ 339164.0, 5642673.0 ], [ 339164.0, 5642671.0 ], [ 339163.0, 5642671.0 ], [ 339163.0, 5642670.0 ], [ 339161.0, 5642670.0 ], [ 339161.0, 5642669.0 ], [ 339162.0, 5642669.0 ], [ 339162.0, 5642668.0 ], [ 339163.0, 5642668.0 ], [ 339163.0, 5642667.0 ], [ 339162.0, 5642667.0 ], [ 339162.0, 5642663.0 ], [ 339164.0, 5642663.0 ], [ 339164.0, 5642662.0 ], [ 339165.0, 5642662.0 ], [ 339165.0, 5642665.0 ], [ 339166.0, 5642665.0 ], [ 339166.0, 5642664.0 ], [ 339168.0, 5642664.0 ], [ 339168.0, 5642662.0 ], [ 339169.0, 5642662.0 ], [ 339169.0, 5642659.0 ], [ 339170.0, 5642659.0 ], [ 339170.0, 5642655.0 ], [ 339171.0, 5642655.0 ], [ 339171.0, 5642653.277094191871583 ], [ 339163.0, 5642651.080516543239355 ] ], [ [ 339122.0, 5642833.0 ], [ 339122.0, 5642832.0 ], [ 339123.0, 5642832.0 ], [ 339123.0, 5642833.0 ], [ 339122.0, 5642833.0 ] ], [ [ 339119.0, 5642827.0 ], [ 339118.0, 5642827.0 ], [ 339118.0, 5642825.0 ], [ 339119.0, 5642825.0 ], [ 339119.0, 5642827.0 ] ], [ [ 339124.0, 5642818.0 ], [ 339125.0, 5642818.0 ], [ 339125.0, 5642819.0 ], [ 339126.0, 5642819.0 ], [ 339126.0, 5642820.0 ], [ 339123.0, 5642820.0 ], [ 339123.0, 5642819.0 ], [ 339124.0, 5642819.0 ], [ 339124.0, 5642818.0 ] ], [ [ 339155.0, 5642667.0 ], [ 339154.0, 5642667.0 ], [ 339154.0, 5642666.0 ], [ 339155.0, 5642666.0 ], [ 339155.0, 5642667.0 ] ], [ [ 339153.0, 5642666.0 ], [ 339153.0, 5642664.0 ], [ 339154.0, 5642664.0 ], [ 339154.0, 5642666.0 ], [ 339153.0, 5642666.0 ] ] ] ] } },
{ "type": "Feature", "properties": { "DN": 1, "gml_id": "DENW41AL30005Yr5FL", "identifier": "urn:adv:oid:DENW41AL30005Yr5FL", "aktualit_2": "2024-08-20Z", "idflurst": "DENW41AL30005Yr5", "flaeche": 1692.0, "flstkennz_": "05468200800264______", "flstnrzae": "264", "flstnrnen": null, "gemarkung": "Horrem", "gemaschl": "054682", "flur": "8", "flurschl": "054682008", "land": "Nordrhein-Westfalen", "landschl": "05", "regbezirk": "Kï¿½ln", "regbezschl": "053", "kreis": "Rhein-Erft-Kreis", "kreisschl": "05362", "gemeinde": "Kerpen", "gmdschl": "05362032", "abwrecht": "Kein abweichender Rechtszustand", "lagebeztxt": "Hauptstraï¿½e 191", "tntxt": "Flï¿½che gemischter Nutzung(funktion:Gebï¿½ude- und Freiflï¿½che Mischnutzung mit Wohnen);1692", "area": 1693, "s area": 77.4, "layer": "swale suitability new", "path": "C:\\Users\\kanis\\Desktop\\Thesis\\Data\\Analysis\\Horrem\\S\\swale suitability new.shp", "final area": 51.8 }, "geometry": { "type": "MultiPolygon", "coordinates": [ [ [ [ 339117.568527771742083, 5642601.932788319885731 ], [ 339113.71390621480532, 5642614.0 ], [ 339115.0, 5642614.0 ], [ 339115.0, 5642613.0 ], [ 339119.0, 5642613.0 ], [ 339119.0, 5642612.0 ], [ 339121.0, 5642612.0 ], [ 339121.0, 5642608.0 ], [ 339122.0, 5642608.0 ], [ 339122.0, 5642607.0 ], [ 339120.0, 5642607.0 ], [ 339120.0, 5642606.0 ], [ 339121.0, 5642606.0 ], [ 339121.0, 5642605.0 ], [ 339119.0, 5642605.0 ], [ 339119.0, 5642604.0 ], [ 339120.0, 5642604.0 ], [ 339120.0, 5642603.0 ], [ 339120.962906457600184, 5642603.0 ], [ 339117.568527771742083, 5642601.932788319885731 ] ] ] ] } },
{ "type": "Feature", "properties": { "DN": 1, "gml_id": "DENW41AL30005QxvFL", "identifier": "urn:adv:oid:DENW41AL30005QxvFL", "aktualit_2": "2024-08-20Z", "idflurst": "DENW41AL30005Qxv", "flaeche": 426.0, "flstkennz_": "05468200800262______", "flstnrzae": "262", "flstnrnen": null, "gemarkung": "Horrem", "gemaschl": "054682", "flur": "8", "flurschl": "054682008", "land": "Nordrhein-Westfalen", "landschl": "05", "regbezirk": "Kï¿½ln", "regbezschl": "053", "kreis": "Rhein-Erft-Kreis", "kreisschl": "05362", "gemeinde": "Kerpen", "gmdschl": "05362032", "abwrecht": "Kein abweichender Rechtszustand", "lagebeztxt": "Hauptstraï¿½e 193", "tntxt": "Flï¿½che gemischter Nutzung(funktion:Gebï¿½ude- und Freiflï¿½che Mischnutzung mit Wohnen);426", "area": 425, "s area": 114.8, "layer": "swale suitability new", "path": "C:\\Users\\kanis\\Desktop\\Thesis\\Data\\Analysis\\Horrem\\S\\swale suitability new.shp", "final area": 86.2 }, "geometry": { "type": "MultiPolygon", "coordinates": [ [ [ [ 339148.3023799736402, 5642596.984139383770525 ], [ 339135.0, 5642593.032914941199124 ], [ 339135.0, 5642594.0 ], [ 339134.0, 5642594.0 ], [ 339134.0, 5642595.0 ], [ 339133.0, 5642595.0 ], [ 339133.0, 5642597.0 ], [ 339131.0, 5642597.0 ], [ 339131.0, 5642599.0 ], [ 339130.0, 5642599.0 ], [ 339130.0, 5642600.0 ], [ 339133.0, 5642600.0 ], [ 339133.0, 5642598.0 ], [ 339135.0, 5642598.0 ], [ 339135.0, 5642599.0 ], [ 339139.0, 5642599.0 ], [ 339139.0, 5642600.0 ], [ 339141.0, 5642600.0 ], [ 339141.0, 5642601.0 ], [ 339144.0, 5642601.0 ], [ 339144.0, 5642602.0 ], [ 339145.0, 5642602.0 ], [ 339145.0, 5642603.0 ], [ 339146.0, 5642603.0 ], [ 339146.0, 5642604.0 ], [ 339146.188701098377351, 5642604.0 ], [ 339148.3023799736402, 5642596.984139383770525 ] ] ] ] } },
{ "type": "Feature", "properties": { "DN": 1, "gml_id": "DENW41AL4000BXFLFL", "identifier": "urn:adv:oid:DENW41AL4000BXFLFL", "aktualit_2": "2024-08-20Z", "idflurst": "DENW41AL4000BXFL", "flaeche": 2307.0, "flstkennz_": "05468200800864______", "flstnrzae": "864", "flstnrnen": null, "gemarkung": "Horrem", "gemaschl": "054682", "flur": "8", "flurschl": "054682008", "land": "Nordrhein-Westfalen", "landschl": "05", "regbezirk": "Kï¿½ln", "regbezschl": "053", "kreis": "Rhein-Erft-Kreis", "kreisschl": "05362", "gemeinde": "Kerpen", "gmdschl": "05362032", "abwrecht": "Kein abweichender Rechtszustand", "lagebeztxt": "Mittelstraï¿½e 28, 30, 32, 34", "tntxt": "Wohnbauflï¿½che;2307", "area": 2308, "s area": 1026.1, "layer": "swale suitability new", "path": "C:\\Users\\kanis\\Desktop\\Thesis\\Data\\Analysis\\Horrem\\S\\swale suitability new.shp", "final area": 957.6 }, "geometry": { "type": "MultiPolygon", "coordinates": [ [ [ [ 339179.109470305847935, 5642581.037792502902448 ], [ 339177.361394244886469, 5642580.694862975738943 ], [ 339173.945171536877751, 5642590.675749059766531 ], [ 339172.0, 5642596.358089724555612 ], [ 339172.0, 5642597.0 ], [ 339171.780262101499829, 5642597.0 ], [ 339171.0, 5642599.27934399805963 ], [ 339171.0, 5642601.0 ], [ 339170.410987253999338, 5642601.0 ], [ 339170.0, 5642602.200598272494972 ], [ 339170.0, 5642603.0 ], [ 339169.726349830278195, 5642603.0 ], [ 339169.0, 5642605.121852545998991 ], [ 339169.0, 5642606.0 ], [ 339168.699393694638275, 5642606.0 ], [ 339168.0, 5642608.043106819503009 ], [ 339168.0, 5642609.0 ], [ 339167.672437559056561, 5642609.0 ], [ 339167.0, 5642610.964361093007028 ], [ 339167.0, 5642612.0 ], [ 339166.645481423416641, 5642612.0 ], [ 339166.0, 5642613.885615366511047 ], [ 339166.0, 5642615.0 ], [ 339165.618525287834927, 5642615.0 ], [ 339165.469917940790765, 5642615.434119847603142 ], [ 339165.0, 5642616.964878492988646 ], [ 339165.0, 5642618.0 ], [ 339164.682234577659983, 5642618.0 ], [ 339163.0, 5642623.47988254763186 ], [ 339163.0, 5642625.0 ], [ 339162.533348731813021, 5642625.0 ], [ 339162.0, 5642626.737384575419128 ], [ 339162.0, 5642631.0 ], [ 339163.0, 5642631.0 ], [ 339163.0, 5642632.0 ], [ 339162.0, 5642632.0 ], [ 339162.0, 5642634.0 ], [ 339161.0, 5642634.0 ], [ 339161.0, 5642635.0 ], [ 339160.0, 5642635.0 ], [ 339160.0, 5642637.0 ], [ 339159.0, 5642637.0 ], [ 339159.0, 5642639.0 ], [ 339158.235577040060889, 5642639.0 ], [ 339158.0, 5642639.767392685636878 ], [ 339158.0, 5642641.0 ], [ 339157.621609655499924, 5642641.0 ], [ 339157.0, 5642643.024894713424146 ], [ 339157.0, 5642646.0 ], [ 339156.086691194155719, 5642646.0 ], [ 339156.06650932302, 5642646.065742486156523 ], [ 339172.0, 5642650.440636171959341 ], [ 339172.0, 5642646.0 ], [ 339173.0, 5642646.0 ], [ 339173.0, 5642642.0 ], [ 339174.0, 5642642.0 ], [ 339174.0, 5642637.0 ], [ 339175.0, 5642637.0 ], [ 339175.0, 5642634.0 ], [ 339176.0, 5642634.0 ], [ 339176.0, 5642632.0 ], [ 339177.0, 5642632.0 ], [ 339177.0, 5642627.0 ], [ 339178.0, 5642627.0 ], [ 339178.0, 5642623.0 ], [ 339179.0, 5642623.0 ], [ 339179.0, 5642620.0 ], [ 339180.0, 5642620.0 ], [ 339180.0, 5642617.0 ], [ 339181.0, 5642617.0 ], [ 339181.0, 5642614.0 ], [ 339182.0, 5642614.0 ], [ 339182.0, 5642611.0 ], [ 339184.0, 5642611.0 ], [ 339184.0, 5642610.0 ], [ 339183.0, 5642610.0 ], [ 339183.0, 5642607.0 ], [ 339184.0, 5642607.0 ], [ 339184.0, 5642603.0 ], [ 339185.0, 5642603.0 ], [ 339185.0, 5642596.0 ], [ 339186.0, 5642596.0 ], [ 339186.0, 5642592.0 ], [ 339185.0, 5642592.0 ], [ 339185.0, 5642591.0 ], [ 339186.0, 5642591.0 ], [ 339186.0, 5642590.0 ], [ 339190.0, 5642590.0 ], [ 339190.0, 5642586.0 ], [ 339191.0, 5642586.0 ], [ 339191.0, 5642584.0 ], [ 339190.0, 5642584.0 ], [ 339190.0, 5642583.18608146160841 ], [ 339179.109470305847935, 5642581.037792502902448 ] ], [ [ 339172.0, 5642611.0 ], [ 339171.0, 5642611.0 ], [ 339171.0, 5642613.0 ], [ 339170.0, 5642613.0 ], [ 339170.0, 5642614.0 ], [ 339169.0, 5642614.0 ], [ 339169.0, 5642610.0 ], [ 339172.0, 5642610.0 ], [ 339172.0, 5642611.0 ] ], [ [ 339176.0, 5642610.0 ], [ 339175.0, 5642610.0 ], [ 339175.0, 5642609.0 ], [ 339176.0, 5642609.0 ], [ 339176.0, 5642610.0 ] ], [ [ 339179.0, 5642608.0 ], [ 339178.0, 5642608.0 ], [ 339178.0, 5642607.0 ], [ 339179.0, 5642607.0 ], [ 339179.0, 5642608.0 ] ], [ [ 339181.0, 5642596.0 ], [ 339180.0, 5642596.0 ], [ 339180.0, 5642595.0 ], [ 339181.0, 5642595.0 ], [ 339181.0, 5642594.0 ], [ 339182.0, 5642594.0 ], [ 339182.0, 5642592.0 ], [ 339184.0, 5642592.0 ], [ 339184.0, 5642594.0 ], [ 339183.0, 5642594.0 ], [ 339183.0, 5642596.0 ], [ 339182.0, 5642596.0 ], [ 339182.0, 5642598.0 ], [ 339180.0, 5642598.0 ], [ 339180.0, 5642597.0 ], [ 339181.0, 5642597.0 ], [ 339181.0, 5642596.0 ] ], [ [ 339185.0, 5642583.0 ], [ 339186.0, 5642583.0 ], [ 339186.0, 5642584.0 ], [ 339187.0, 5642584.0 ], [ 339187.0, 5642585.0 ], [ 339186.0, 5642585.0 ], [ 339186.0, 5642586.0 ], [ 339184.0, 5642586.0 ], [ 339184.0, 5642584.0 ], [ 339185.0, 5642584.0 ], [ 339185.0, 5642583.0 ] ] ] ] } },
{ "type": "Feature", "properties": { "DN": 1, "gml_id": "DENW41AL30005Yr5FL", "identifier": "urn:adv:oid:DENW41AL30005Yr5FL", "aktualit_2": "2024-08-20Z", "idflurst": "DENW41AL30005Yr5", "flaeche": 1692.0, "flstkennz_": "05468200800264______", "flstnrzae": "264", "flstnrnen": null, "gemarkung": "Horrem", "gemaschl": "054682", "flur": "8", "flurschl": "054682008", "land": "Nordrhein-Westfalen", "landschl": "05", "regbezirk": "Kï¿½ln", "regbezschl": "053", "kreis": "Rhein-Erft-Kreis", "kreisschl": "05362", "gemeinde": "Kerpen", "gmdschl": "05362032", "abwrecht": "Kein abweichender Rechtszustand", "lagebeztxt": "Hauptstraï¿½e 191", "tntxt": "Flï¿½che gemischter Nutzung(funktion:Gebï¿½ude- und Freiflï¿½che Mischnutzung mit Wohnen);1692", "area": 1693, "s area": 29.0, "layer": "swale suitability new", "path": "C:\\Users\\kanis\\Desktop\\Thesis\\Data\\Analysis\\Horrem\\S\\swale suitability new.shp", "final area": 3.3 }, "geometry": { "type": "MultiPolygon", "coordinates": [ [ [ [ 339111.137064701004419, 5642622.0 ], [ 339112.0, 5642622.0 ], [ 339112.0, 5642620.0 ], [ 339113.0, 5642620.0 ], [ 339113.0, 5642617.0 ], [ 339112.750027210102417, 5642617.0 ], [ 339111.137064701004419, 5642622.0 ] ] ] ] } },
{ "type": "Feature", "properties": { "DN": 1, "gml_id": "DENW41AL30005Yr5FL", "identifier": "urn:adv:oid:DENW41AL30005Yr5FL", "aktualit_2": "2024-08-20Z", "idflurst": "DENW41AL30005Yr5", "flaeche": 1692.0, "flstkennz_": "05468200800264______", "flstnrzae": "264", "flstnrnen": null, "gemarkung": "Horrem", "gemaschl": "054682", "flur": "8", "flurschl": "054682008", "land": "Nordrhein-Westfalen", "landschl": "05", "regbezirk": "Kï¿½ln", "regbezschl": "053", "kreis": "Rhein-Erft-Kreis", "kreisschl": "05362", "gemeinde": "Kerpen", "gmdschl": "05362032", "abwrecht": "Kein abweichender Rechtszustand", "lagebeztxt": "Hauptstraï¿½e 191", "tntxt": "Flï¿½che gemischter Nutzung(funktion:Gebï¿½ude- und Freiflï¿½che Mischnutzung mit Wohnen);1692", "area": 1693, "s area": 29.0, "layer": "swale suitability new", "path": "C:\\Users\\kanis\\Desktop\\Thesis\\Data\\Analysis\\Horrem\\S\\swale suitability new.shp", "final area": 8.0 }, "geometry": { "type": "MultiPolygon", "coordinates": [ [ [ [ 339108.878917188150808, 5642629.0 ], [ 339111.0, 5642629.0 ], [ 339111.0, 5642626.0 ], [ 339112.0, 5642626.0 ], [ 339112.0, 5642625.0 ], [ 339111.0, 5642625.0 ], [ 339111.0, 5642622.424884956330061 ], [ 339108.878917188150808, 5642629.0 ] ] ] ] } },
{ "type": "Feature", "properties": { "DN": 1, "gml_id": "DENW41AL30005ZhrFL", "identifier": "urn:adv:oid:DENW41AL30005ZhrFL", "aktualit_2": "2024-08-20Z", "idflurst": "DENW41AL30005Zhr", "flaeche": 511.0, "flstkennz_": "054682021000080001__", "flstnrzae": "8", "flstnrnen": "1", "gemarkung": "Horrem", "gemaschl": "054682", "flur": "21", "flurschl": "054682021", "land": "Nordrhein-Westfalen", "landschl": "05", "regbezirk": "Kï¿½ln", "regbezschl": "053", "kreis": "Rhein-Erft-Kreis", "kreisschl": "05362", "gemeinde": "Kerpen", "gmdschl": "05362032", "abwrecht": "Kein abweichender Rechtszustand", "lagebeztxt": "Am Kalkofen 15", "tntxt": "Wohnbauflï¿½che;511", "area": 508, "s area": 236.8, "layer": "swale suitability new", "path": "C:\\Users\\kanis\\Desktop\\Thesis\\Data\\Analysis\\Horrem\\S\\swale suitability new.shp", "final area": 173.6 }, "geometry": { "type": "MultiPolygon", "coordinates": [ [ [ [ 338807.85288577072788, 5642664.411486704833806 ], [ 338804.765138036571443, 5642670.0 ], [ 338807.0, 5642670.0 ], [ 338807.0, 5642674.0 ], [ 338806.0, 5642674.0 ], [ 338806.0, 5642677.0 ], [ 338807.0, 5642677.0 ], [ 338807.0, 5642676.0 ], [ 338808.0, 5642676.0 ], [ 338808.0, 5642679.0 ], [ 338809.0, 5642679.0 ], [ 338809.0, 5642680.0 ], [ 338811.0, 5642680.0 ], [ 338811.0, 5642681.0 ], [ 338811.147605379694141, 5642681.0 ], [ 338814.245370596123394, 5642675.34350067935884 ], [ 338820.241361624619458, 5642664.394517061300576 ], [ 338820.440631356614176, 5642664.031011519022286 ], [ 338820.0, 5642663.836070720106363 ], [ 338820.0, 5642664.0 ], [ 338819.0, 5642664.0 ], [ 338819.0, 5642663.393293464556336 ], [ 338818.113033932459075, 5642663.0 ], [ 338818.0, 5642663.0 ], [ 338818.0, 5642662.949879135005176 ], [ 338811.056971986836288, 5642659.871241020038724 ], [ 338810.498963124700822, 5642659.623613124713302 ], [ 338807.85288577072788, 5642664.411486704833806 ] ] ] ] } },
{ "type": "Feature", "properties": { "DN": 1, "gml_id": "DENW41AL30005ZOeFL", "identifier": "urn:adv:oid:DENW41AL30005ZOeFL", "aktualit_2": "2024-08-20Z", "idflurst": "DENW41AL30005ZOe", "flaeche": 263.0, "flstkennz_": "054682021000930007__", "flstnrzae": "93", "flstnrnen": "7", "gemarkung": "Horrem", "gemaschl": "054682", "flur": "21", "flurschl": "054682021", "land": "Nordrhein-Westfalen", "landschl": "05", "regbezirk": "Kï¿½ln", "regbezschl": "053", "kreis": "Rhein-Erft-Kreis", "kreisschl": "05362", "gemeinde": "Kerpen", "gmdschl": "05362032", "abwrecht": "Kein abweichender Rechtszustand", "lagebeztxt": "Wiesenstraï¿½e 18", "tntxt": "Wohnbauflï¿½che;263", "area": 262, "s area": 72.0, "layer": "swale suitability new", "path": "C:\\Users\\kanis\\Desktop\\Thesis\\Data\\Analysis\\Horrem\\S\\swale suitability new.shp", "final area": 41.6 }, "geometry": { "type": "MultiPolygon", "coordinates": [ [ [ [ 338791.654007960285526, 5642653.984846631065011 ], [ 338797.336324362899177, 5642657.038163715042174 ], [ 338803.0, 5642647.989030729047954 ], [ 338803.0, 5642646.0 ], [ 338800.0, 5642646.0 ], [ 338800.0, 5642649.0 ], [ 338799.0, 5642649.0 ], [ 338799.0, 5642651.0 ], [ 338798.0, 5642651.0 ], [ 338798.0, 5642652.0 ], [ 338797.0, 5642652.0 ], [ 338797.0, 5642653.0 ], [ 338795.0, 5642653.0 ], [ 338795.0, 5642652.0 ], [ 338792.920192770718131, 5642652.0 ], [ 338791.654007960285526, 5642653.984846631065011 ] ] ] ] } },
{ "type": "Feature", "properties": { "DN": 1, "gml_id": "DENW41AL30005XD7FL", "identifier": "urn:adv:oid:DENW41AL30005XD7FL", "aktualit_2": "2024-08-20Z", "idflurst": "DENW41AL30005XD7", "flaeche": 271.0, "flstkennz_": "054682021000890007__", "flstnrzae": "89", "flstnrnen": "7", "gemarkung": "Horrem", "gemaschl": "054682", "flur": "21", "flurschl": "054682021", "land": "Nordrhein-Westfalen", "landschl": "05", "regbezirk": "Kï¿½ln", "regbezschl": "053", "kreis": "Rhein-Erft-Kreis", "kreisschl": "05362", "gemeinde": "Kerpen", "gmdschl": "05362032", "abwrecht": "Kein abweichender Rechtszustand", "lagebeztxt": "Am Kalkofen 21", "tntxt": "Wohnbauflï¿½che;271", "area": 271, "s area": 87.0, "layer": "swale suitability new", "path": "C:\\Users\\kanis\\Desktop\\Thesis\\Data\\Analysis\\Horrem\\S\\swale suitability new.shp", "final area": 60.3 }, "geometry": { "type": "MultiPolygon", "coordinates": [ [ [ [ 338784.0, 5642661.659571755677462 ], [ 338784.0, 5642661.0 ], [ 338784.353746138629504, 5642661.0 ], [ 338787.489739485958125, 5642655.152833312749863 ], [ 338787.205339027335867, 5642655.0 ], [ 338787.0, 5642655.0 ], [ 338787.0, 5642654.889653328806162 ], [ 338781.895057227171492, 5642652.146319794468582 ], [ 338778.224045278679114, 5642659.0 ], [ 338780.0, 5642659.0 ], [ 338780.0, 5642662.0 ], [ 338779.0, 5642662.0 ], [ 338779.0, 5642663.0 ], [ 338776.081539740960579, 5642663.0 ], [ 338776.0, 5642663.152232495136559 ], [ 338776.0, 5642664.0 ], [ 338778.0, 5642664.0 ], [ 338778.0, 5642665.0 ], [ 338780.0, 5642665.0 ], [ 338780.0, 5642664.0 ], [ 338781.0, 5642664.0 ], [ 338781.0, 5642662.0 ], [ 338782.0, 5642662.0 ], [ 338782.0, 5642661.0 ], [ 338783.0, 5642661.0 ], [ 338783.0, 5642662.0 ], [ 338783.817419142171275, 5642662.0 ], [ 338784.0, 5642661.659571755677462 ] ] ] ] } },
{ "type": "Feature", "properties": { "DN": 1, "gml_id": "DENW41AL30005ZQTFL", "identifier": "urn:adv:oid:DENW41AL30005ZQTFL", "aktualit_2": "2024-08-20Z", "idflurst": "DENW41AL30005ZQT", "flaeche": 5590.0, "flstkennz_": "05468202000426______", "flstnrzae": "426", "flstnrnen": null, "gemarkung": "Horrem", "gemaschl": "054682", "flur": "20", "flurschl": "054682020", "land": "Nordrhein-Westfalen", "landschl": "05", "regbezirk": "Kï¿½ln", "regbezschl": "053", "kreis": "Rhein-Erft-Kreis", "kreisschl": "05362", "gemeinde": "Kerpen", "gmdschl": "05362032", "abwrecht": "Kein abweichender Rechtszustand", "lagebeztxt": "Herderstraï¿½e 21, 22, 23, 24, 25, 26, 27, 28, 30, 32", "tntxt": "Wohnbauflï¿½che;5590", "area": 5588, "s area": 191.0, "layer": "swale suitability new", "path": "C:\\Users\\kanis\\Desktop\\Thesis\\Data\\Analysis\\Horrem\\S\\swale suitability new.shp", "final area": 191.0 }, "geometry": { "type": "MultiPolygon", "coordinates": [ [ [ [ 338916.0, 5642401.0 ], [ 338916.0, 5642398.0 ], [ 338917.0, 5642398.0 ], [ 338917.0, 5642391.0 ], [ 338918.0, 5642391.0 ], [ 338918.0, 5642389.0 ], [ 338917.0, 5642389.0 ], [ 338917.0, 5642386.0 ], [ 338909.0, 5642386.0 ], [ 338909.0, 5642385.0 ], [ 338900.0, 5642385.0 ], [ 338900.0, 5642386.0 ], [ 338903.0, 5642386.0 ], [ 338903.0, 5642387.0 ], [ 338904.0, 5642387.0 ], [ 338904.0, 5642389.0 ], [ 338906.0, 5642389.0 ], [ 338906.0, 5642390.0 ], [ 338905.0, 5642390.0 ], [ 338905.0, 5642391.0 ], [ 338904.0, 5642391.0 ], [ 338904.0, 5642392.0 ], [ 338905.0, 5642392.0 ], [ 338905.0, 5642393.0 ], [ 338906.0, 5642393.0 ], [ 338906.0, 5642394.0 ], [ 338903.0, 5642394.0 ], [ 338903.0, 5642395.0 ], [ 338904.0, 5642395.0 ], [ 338904.0, 5642397.0 ], [ 338905.0, 5642397.0 ], [ 338905.0, 5642398.0 ], [ 338906.0, 5642398.0 ], [ 338906.0, 5642397.0 ], [ 338907.0, 5642397.0 ], [ 338907.0, 5642398.0 ], [ 338908.0, 5642398.0 ], [ 338908.0, 5642399.0 ], [ 338904.0, 5642399.0 ], [ 338904.0, 5642400.0 ], [ 338905.0, 5642400.0 ], [ 338905.0, 5642401.0 ], [ 338916.0, 5642401.0 ] ], [ [ 338904.0, 5642386.0 ], [ 338905.0, 5642386.0 ], [ 338905.0, 5642387.0 ], [ 338904.0, 5642387.0 ], [ 338904.0, 5642386.0 ] ] ] ] } },
{ "type": "Feature", "properties": { "DN": 1, "gml_id": "DENW41AL30005ZQTFL", "identifier": "urn:adv:oid:DENW41AL30005ZQTFL", "aktualit_2": "2024-08-20Z", "idflurst": "DENW41AL30005ZQT", "flaeche": 5590.0, "flstkennz_": "05468202000426______", "flstnrzae": "426", "flstnrnen": null, "gemarkung": "Horrem", "gemaschl": "054682", "flur": "20", "flurschl": "054682020", "land": "Nordrhein-Westfalen", "landschl": "05", "regbezirk": "Kï¿½ln", "regbezschl": "053", "kreis": "Rhein-Erft-Kreis", "kreisschl": "05362", "gemeinde": "Kerpen", "gmdschl": "05362032", "abwrecht": "Kein abweichender Rechtszustand", "lagebeztxt": "Herderstraï¿½e 21, 22, 23, 24, 25, 26, 27, 28, 30, 32", "tntxt": "Wohnbauflï¿½che;5590", "area": 5588, "s area": 400.8, "layer": "swale suitability new", "path": "C:\\Users\\kanis\\Desktop\\Thesis\\Data\\Analysis\\Horrem\\S\\swale suitability new.shp", "final area": 365.1 }, "geometry": { "type": "MultiPolygon", "coordinates": [ [ [ [ 338853.765914631774649, 5642416.729803703725338 ], [ 338853.244964879646432, 5642423.07180068641901 ], [ 338853.133756566036027, 5642423.527979935519397 ], [ 338852.886960529198404, 5642423.927427695132792 ], [ 338852.52875913871685, 5642424.231003979220986 ], [ 338852.094250844907947, 5642424.40896279271692 ], [ 338851.626011048443615, 5642424.443866796791553 ], [ 338851.624926702526864, 5642424.4437768580392 ], [ 338850.849105631408747, 5642433.725706189870834 ], [ 338851.0, 5642433.733968742191792 ], [ 338851.0, 5642433.0 ], [ 338852.0, 5642433.0 ], [ 338852.0, 5642432.0 ], [ 338853.0, 5642432.0 ], [ 338853.0, 5642433.0 ], [ 338855.0, 5642433.0 ], [ 338855.0, 5642433.952997531741858 ], [ 338855.858379731944297, 5642434.0 ], [ 338861.0, 5642434.0 ], [ 338861.0, 5642434.281540715135634 ], [ 338865.0, 5642434.5005695046857 ], [ 338865.0, 5642434.0 ], [ 338866.0, 5642434.0 ], [ 338866.0, 5642434.555326702073216 ], [ 338874.120819187432062, 5642435.0 ], [ 338876.0, 5642435.0 ], [ 338876.0, 5642432.0 ], [ 338874.0, 5642432.0 ], [ 338874.0, 5642431.0 ], [ 338873.0, 5642431.0 ], [ 338873.0, 5642430.0 ], [ 338874.0, 5642430.0 ], [ 338874.0, 5642429.0 ], [ 338876.0, 5642429.0 ], [ 338876.0, 5642426.0 ], [ 338874.0, 5642426.0 ], [ 338874.0, 5642423.0 ], [ 338875.0, 5642423.0 ], [ 338875.0, 5642422.0 ], [ 338876.0, 5642422.0 ], [ 338876.0, 5642421.0 ], [ 338877.0, 5642421.0 ], [ 338877.0, 5642417.0 ], [ 338876.0, 5642417.0 ], [ 338876.0, 5642415.0 ], [ 338874.0, 5642415.0 ], [ 338874.0, 5642414.0 ], [ 338875.0, 5642414.0 ], [ 338875.0, 5642412.0 ], [ 338876.0, 5642412.0 ], [ 338876.0, 5642411.0 ], [ 338877.0, 5642411.0 ], [ 338877.0, 5642410.0 ], [ 338875.0, 5642410.0 ], [ 338875.0, 5642406.0 ], [ 338876.0, 5642406.0 ], [ 338876.0, 5642405.0 ], [ 338875.0, 5642405.0 ], [ 338875.0, 5642404.0 ], [ 338874.0, 5642404.0 ], [ 338874.0, 5642407.0 ], [ 338873.0, 5642407.0 ], [ 338873.0, 5642406.0 ], [ 338872.0, 5642406.0 ], [ 338872.0, 5642405.0 ], [ 338869.0, 5642405.0 ], [ 338869.0, 5642406.0 ], [ 338868.0, 5642406.0 ], [ 338868.0, 5642407.0 ], [ 338867.0, 5642407.0 ], [ 338867.0, 5642408.0 ], [ 338866.0, 5642408.0 ], [ 338866.0, 5642409.0 ], [ 338865.0, 5642409.0 ], [ 338865.0, 5642408.0 ], [ 338863.0, 5642408.0 ], [ 338863.0, 5642409.0 ], [ 338864.0, 5642409.0 ], [ 338864.0, 5642411.0 ], [ 338863.0, 5642411.0 ], [ 338863.0, 5642415.0 ], [ 338864.0, 5642415.0 ], [ 338864.0, 5642416.0 ], [ 338865.0, 5642416.0 ], [ 338865.0, 5642414.0 ], [ 338864.0, 5642414.0 ], [ 338864.0, 5642413.0 ], [ 338866.0, 5642413.0 ], [ 338866.0, 5642417.0 ], [ 338871.0, 5642417.0 ], [ 338871.0, 5642419.0 ], [ 338868.0, 5642419.0 ], [ 338868.0, 5642422.0 ], [ 338869.0, 5642422.0 ], [ 338869.0, 5642423.0 ], [ 338868.0, 5642423.0 ], [ 338868.0, 5642425.0 ], [ 338867.0, 5642425.0 ], [ 338867.0, 5642428.0 ], [ 338866.0, 5642428.0 ], [ 338866.0, 5642429.0 ], [ 338863.0, 5642429.0 ], [ 338863.0, 5642428.0 ], [ 338861.0, 5642428.0 ], [ 338861.0, 5642429.0 ], [ 338860.0, 5642429.0 ], [ 338860.0, 5642427.0 ], [ 338859.0, 5642427.0 ], [ 338859.0, 5642426.0 ], [ 338858.0, 5642426.0 ], [ 338858.0, 5642427.0 ], [ 338856.0, 5642427.0 ], [ 338856.0, 5642426.0 ], [ 338854.0, 5642426.0 ], [ 338854.0, 5642424.0 ], [ 338855.0, 5642424.0 ], [ 338855.0, 5642420.0 ], [ 338856.0, 5642420.0 ], [ 338856.0, 5642419.0 ], [ 338855.0, 5642419.0 ], [ 338855.0, 5642416.833697750233114 ], [ 338853.765914631774649, 5642416.729803703725338 ] ], [ [ 338872.0, 5642407.0 ], [ 338871.0, 5642407.0 ], [ 338871.0, 5642406.0 ], [ 338872.0, 5642406.0 ], [ 338872.0, 5642407.0 ] ], [ [ 338868.0, 5642408.0 ], [ 338868.0, 5642409.0 ], [ 338869.0, 5642409.0 ], [ 338869.0, 5642411.0 ], [ 338868.0, 5642411.0 ], [ 338868.0, 5642410.0 ], [ 338867.0, 5642410.0 ], [ 338867.0, 5642408.0 ], [ 338868.0, 5642408.0 ] ], [ [ 338872.0, 5642426.0 ], [ 338871.0, 5642426.0 ], [ 338871.0, 5642425.0 ], [ 338872.0, 5642425.0 ], [ 338872.0, 5642426.0 ] ], [ [ 338872.0, 5642411.0 ], [ 338873.0, 5642411.0 ], [ 338873.0, 5642412.0 ], [ 338870.0, 5642412.0 ], [ 338870.0, 5642410.0 ], [ 338872.0, 5642410.0 ], [ 338872.0, 5642411.0 ] ] ] ] } },
{ "type": "Feature", "properties": { "DN": 1, "gml_id": "DENW41AL30005ZQTFL", "identifier": "urn:adv:oid:DENW41AL30005ZQTFL", "aktualit_2": "2024-08-20Z", "idflurst": "DENW41AL30005ZQT", "flaeche": 5590.0, "flstkennz_": "05468202000426______", "flstnrzae": "426", "flstnrnen": null, "gemarkung": "Horrem", "gemaschl": "054682", "flur": "20", "flurschl": "054682020", "land": "Nordrhein-Westfalen", "landschl": "05", "regbezirk": "Kï¿½ln", "regbezschl": "053", "kreis": "Rhein-Erft-Kreis", "kreisschl": "05362", "gemeinde": "Kerpen", "gmdschl": "05362032", "abwrecht": "Kein abweichender Rechtszustand", "lagebeztxt": "Herderstraï¿½e 21, 22, 23, 24, 25, 26, 27, 28, 30, 32", "tntxt": "Wohnbauflï¿½che;5590", "area": 5588, "s area": 65.0, "layer": "swale suitability new", "path": "C:\\Users\\kanis\\Desktop\\Thesis\\Data\\Analysis\\Horrem\\S\\swale suitability new.shp", "final area": 55.1 }, "geometry": { "type": "MultiPolygon", "coordinates": [ [ [ [ 338905.182251165097114, 5642361.815549773164093 ], [ 338903.0, 5642361.762089374475181 ], [ 338903.0, 5642362.0 ], [ 338901.0, 5642362.0 ], [ 338901.0, 5642361.713093731552362 ], [ 338894.0, 5642361.541608983650804 ], [ 338894.0, 5642362.0 ], [ 338892.0, 5642362.0 ], [ 338892.0, 5642361.492613340727985 ], [ 338887.0, 5642361.370124234817922 ], [ 338887.0, 5642363.0 ], [ 338888.0, 5642363.0 ], [ 338888.0, 5642365.0 ], [ 338890.0, 5642365.0 ], [ 338890.0, 5642366.0 ], [ 338893.0, 5642366.0 ], [ 338893.0, 5642365.0 ], [ 338895.0, 5642365.0 ], [ 338895.0, 5642364.0 ], [ 338899.0, 5642364.0 ], [ 338899.0, 5642365.0 ], [ 338901.0, 5642365.0 ], [ 338901.0, 5642364.0 ], [ 338906.0, 5642364.0 ], [ 338906.0, 5642361.835589999333024 ], [ 338905.182251165097114, 5642361.815549773164093 ] ] ] ] } },
{ "type": "Feature", "properties": { "DN": 1, "gml_id": "DENW41AL30005aGHFL", "identifier": "urn:adv:oid:DENW41AL30005aGHFL", "aktualit_2": "2024-08-20Z", "idflurst": "DENW41AL30005aGH", "flaeche": 246.0, "flstkennz_": "05468202000292______", "flstnrzae": "292", "flstnrnen": null, "gemarkung": "Horrem", "gemaschl": "054682", "flur": "20", "flurschl": "054682020", "land": "Nordrhein-Westfalen", "landschl": "05", "regbezirk": "Kï¿½ln", "regbezschl": "053", "kreis": "Rhein-Erft-Kreis", "kreisschl": "05362", "gemeinde": "Kerpen", "gmdschl": "05362032", "abwrecht": "Kein abweichender Rechtszustand", "lagebeztxt": "Herderstraï¿½e 14", "tntxt": "Wohnbauflï¿½che;246", "area": 246, "s area": 50.7, "layer": "swale suitability new", "path": "C:\\Users\\kanis\\Desktop\\Thesis\\Data\\Analysis\\Horrem\\S\\swale suitability new.shp", "final area": 35.0 }, "geometry": { "type": "MultiPolygon", "coordinates": [ [ [ [ 338872.475730333593674, 5642482.488367810845375 ], [ 338872.156559309456497, 5642487.192539318464696 ], [ 338871.965973618265707, 5642490.0 ], [ 338872.0, 5642490.0 ], [ 338872.0, 5642492.0 ], [ 338875.0, 5642492.0 ], [ 338875.0, 5642491.0 ], [ 338876.0, 5642491.0 ], [ 338876.0, 5642482.737571683712304 ], [ 338872.475730333593674, 5642482.488367810845375 ] ] ] ] } },
{ "type": "Feature", "properties": { "DN": 1, "gml_id": "DENW41AL30005aGyFL", "identifier": "urn:adv:oid:DENW41AL30005aGyFL", "aktualit_2": "2024-08-20Z", "idflurst": "DENW41AL30005aGy", "flaeche": 780.0, "flstkennz_": "05468202000224______", "flstnrzae": "224", "flstnrnen": null, "gemarkung": "Horrem", "gemaschl": "054682", "flur": "20", "flurschl": "054682020", "land": "Nordrhein-Westfalen", "landschl": "05", "regbezirk": "Kï¿½ln", "regbezschl": "053", "kreis": "Rhein-Erft-Kreis", "kreisschl": "05362", "gemeinde": "Kerpen", "gmdschl": "05362032", "abwrecht": "Kein abweichender Rechtszustand", "lagebeztxt": "Heinrich-Heine-Straï¿½e 8", "tntxt": "Wohnbauflï¿½che;780", "area": 779, "s area": 59.6, "layer": "swale suitability new", "path": "C:\\Users\\kanis\\Desktop\\Thesis\\Data\\Analysis\\Horrem\\S\\swale suitability new.shp", "final area": 36.3 }, "geometry": { "type": "MultiPolygon", "coordinates": [ [ [ [ 338785.675925943360198, 5642231.360723168589175 ], [ 338785.964659488236066, 5642228.862958793528378 ], [ 338775.0, 5642227.596445579081774 ], [ 338775.0, 5642231.0 ], [ 338780.0, 5642231.0 ], [ 338780.0, 5642232.0 ], [ 338785.0, 5642232.0 ], [ 338785.0, 5642233.0 ], [ 338785.486363600357436, 5642233.0 ], [ 338785.675925943360198, 5642231.360723168589175 ] ] ] ] } },
{ "type": "Feature", "properties": { "DN": 1, "gml_id": "DENW41AL30005gRQFL", "identifier": "urn:adv:oid:DENW41AL30005gRQFL", "aktualit_2": "2024-08-20Z", "idflurst": "DENW41AL30005gRQ", "flaeche": 750.0, "flstkennz_": "05468202000283______", "flstnrzae": "283", "flstnrnen": null, "gemarkung": "Horrem", "gemaschl": "054682", "flur": "20", "flurschl": "054682020", "land": "Nordrhein-Westfalen", "landschl": "05", "regbezirk": "Kï¿½ln", "regbezschl": "053", "kreis": "Rhein-Erft-Kreis", "kreisschl": "05362", "gemeinde": "Kerpen", "gmdschl": "05362032", "abwrecht": "Kein abweichender Rechtszustand", "lagebeztxt": "Heinrich-Heine-Straï¿½e 10", "tntxt": "Wohnbauflï¿½che;750", "area": 749, "s area": 260.0, "layer": "swale suitability new", "path": "C:\\Users\\kanis\\Desktop\\Thesis\\Data\\Analysis\\Horrem\\S\\swale suitability new.shp", "final area": 200.8 }, "geometry": { "type": "MultiPolygon", "coordinates": [ [ [ [ 338755.924196728738025, 5642261.733212469145656 ], [ 338755.086848838429432, 5642269.0 ], [ 338756.0, 5642269.0 ], [ 338756.0, 5642271.0 ], [ 338755.0, 5642271.0 ], [ 338755.0, 5642272.0 ], [ 338754.741160505043808, 5642272.0 ], [ 338754.280521380074788, 5642275.997581755742431 ], [ 338762.0, 5642276.334139830432832 ], [ 338762.0, 5642270.0 ], [ 338763.0, 5642270.0 ], [ 338763.0, 5642257.0 ], [ 338764.0, 5642257.0 ], [ 338764.0, 5642256.0 ], [ 338765.0, 5642256.0 ], [ 338765.0, 5642262.0 ], [ 338764.0, 5642262.0 ], [ 338764.0, 5642267.0 ], [ 338765.0, 5642267.0 ], [ 338765.0, 5642268.0 ], [ 338766.376767253503203, 5642268.0 ], [ 338767.878980656038038, 5642255.0 ], [ 338766.0, 5642255.0 ], [ 338766.0, 5642254.0 ], [ 338765.0, 5642254.0 ], [ 338765.0, 5642255.0 ], [ 338764.0, 5642255.0 ], [ 338764.0, 5642253.0 ], [ 338763.0, 5642253.0 ], [ 338763.0, 5642252.0 ], [ 338758.0, 5642252.0 ], [ 338758.0, 5642249.0 ], [ 338757.392554036166985, 5642249.0 ], [ 338757.0, 5642252.398586234077811 ], [ 338757.0, 5642260.0 ], [ 338756.12332989112474, 5642260.0 ], [ 338755.924196728738025, 5642261.733212469145656 ] ], [ [ 338759.0, 5642257.0 ], [ 338759.0, 5642255.0 ], [ 338761.0, 5642255.0 ], [ 338761.0, 5642256.0 ], [ 338762.0, 5642256.0 ], [ 338762.0, 5642257.0 ], [ 338761.0, 5642257.0 ], [ 338761.0, 5642258.0 ], [ 338760.0, 5642258.0 ], [ 338760.0, 5642257.0 ], [ 338759.0, 5642257.0 ] ] ] ] } },
{ "type": "Feature", "properties": { "DN": 1, "gml_id": "DENW41AL30005aEuFL", "identifier": "urn:adv:oid:DENW41AL30005aEuFL", "aktualit_2": "2024-08-20Z", "idflurst": "DENW41AL30005aEu", "flaeche": 628.0, "flstkennz_": "05468202000341______", "flstnrzae": "341", "flstnrnen": null, "gemarkung": "Horrem", "gemaschl": "054682", "flur": "20", "flurschl": "054682020", "land": "Nordrhein-Westfalen", "landschl": "05", "regbezirk": "Kï¿½ln", "regbezschl": "053", "kreis": "Rhein-Erft-Kreis", "kreisschl": "05362", "gemeinde": "Kerpen", "gmdschl": "05362032", "abwrecht": "Kein abweichender Rechtszustand", "lagebeztxt": "Rote-Kreuz-Straï¿½e 26", "tntxt": "Wohnbauflï¿½che;628", "area": 627, "s area": 131.2, "layer": "swale suitability new", "path": "C:\\Users\\kanis\\Desktop\\Thesis\\Data\\Analysis\\Horrem\\S\\swale suitability new.shp", "final area": 107.1 }, "geometry": { "type": "MultiPolygon", "coordinates": [ [ [ [ 338751.951768367143814, 5642270.0 ], [ 338751.0, 5642270.0 ], [ 338751.0, 5642271.0 ], [ 338748.0, 5642271.0 ], [ 338748.0, 5642268.0 ], [ 338751.0, 5642268.0 ], [ 338751.0, 5642267.0 ], [ 338752.0, 5642267.0 ], [ 338752.0, 5642265.0 ], [ 338752.527915618789848, 5642265.0 ], [ 338752.943831757002044, 5642261.390539596788585 ], [ 338753.209254585206509, 5642259.080356049351394 ], [ 338752.0, 5642259.026057487353683 ], [ 338752.0, 5642260.0 ], [ 338750.0, 5642260.0 ], [ 338750.0, 5642258.936252472922206 ], [ 338749.0, 5642258.89134996663779 ], [ 338749.0, 5642259.0 ], [ 338748.0, 5642259.0 ], [ 338748.0, 5642258.846447459422052 ], [ 338745.840714037592988, 5642258.749490106478333 ], [ 338741.0, 5642258.531877155415714 ], [ 338741.0, 5642262.0 ], [ 338743.0, 5642262.0 ], [ 338743.0, 5642263.0 ], [ 338744.0, 5642263.0 ], [ 338744.0, 5642266.0 ], [ 338745.0, 5642266.0 ], [ 338745.0, 5642273.0 ], [ 338747.0, 5642273.0 ], [ 338747.0, 5642274.0 ], [ 338750.0, 5642274.0 ], [ 338750.0, 5642275.0 ], [ 338751.0, 5642275.0 ], [ 338751.0, 5642272.0 ], [ 338751.721309466462117, 5642272.0 ], [ 338751.951768367143814, 5642270.0 ] ], [ [ 338748.0, 5642262.0 ], [ 338745.0, 5642262.0 ], [ 338745.0, 5642261.0 ], [ 338748.0, 5642261.0 ], [ 338748.0, 5642262.0 ] ], [ [ 338743.0, 5642261.0 ], [ 338742.0, 5642261.0 ], [ 338742.0, 5642260.0 ], [ 338743.0, 5642260.0 ], [ 338743.0, 5642261.0 ] ], [ [ 338746.0, 5642260.0 ], [ 338745.0, 5642260.0 ], [ 338745.0, 5642259.0 ], [ 338746.0, 5642259.0 ], [ 338746.0, 5642260.0 ] ] ] ] } },
{ "type": "Feature", "properties": { "DN": 1, "gml_id": "DENW41AL30005alcFL", "identifier": "urn:adv:oid:DENW41AL30005alcFL", "aktualit_2": "2024-08-20Z", "idflurst": "DENW41AL30005alc", "flaeche": 296.0, "flstkennz_": "05468201900321______", "flstnrzae": "321", "flstnrnen": null, "gemarkung": "Horrem", "gemaschl": "054682", "flur": "19", "flurschl": "054682019", "land": "Nordrhein-Westfalen", "landschl": "05", "regbezirk": "Kï¿½ln", "regbezschl": "053", "kreis": "Rhein-Erft-Kreis", "kreisschl": "05362", "gemeinde": "Kerpen", "gmdschl": "05362032", "abwrecht": "Kein abweichender Rechtszustand", "lagebeztxt": "Rote-Kreuz-Straï¿½e", "tntxt": "Wohnbauflï¿½che;296", "area": 296, "s area": 126.8, "layer": "swale suitability new", "path": "C:\\Users\\kanis\\Desktop\\Thesis\\Data\\Analysis\\Horrem\\S\\swale suitability new.shp", "final area": 96.9 }, "geometry": { "type": "MultiPolygon", "coordinates": [ [ [ [ 338755.0, 5642149.999680136330426 ], [ 338755.0, 5642147.0 ], [ 338756.0, 5642147.0 ], [ 338756.0, 5642146.0 ], [ 338755.0, 5642146.0 ], [ 338755.0, 5642144.0 ], [ 338757.0, 5642144.0 ], [ 338757.0, 5642143.0 ], [ 338756.0, 5642143.0 ], [ 338756.0, 5642140.0 ], [ 338757.0, 5642140.0 ], [ 338757.0, 5642139.0 ], [ 338758.0, 5642139.0 ], [ 338758.0, 5642138.0 ], [ 338756.0, 5642138.0 ], [ 338756.0, 5642136.142071716487408 ], [ 338751.062719491485041, 5642135.417648077011108 ], [ 338749.297282766317949, 5642137.060566490516067 ], [ 338748.336099119158462, 5642147.0 ], [ 338749.0, 5642147.0 ], [ 338749.0, 5642149.0 ], [ 338750.0, 5642149.0 ], [ 338750.0, 5642149.472691499628127 ], [ 338755.0, 5642149.999680136330426 ] ] ] ] } },
{ "type": "Feature", "properties": { "DN": 1, "gml_id": "DENW41AL30005ev6FL", "identifier": "urn:adv:oid:DENW41AL30005ev6FL", "aktualit_2": "2024-08-20Z", "idflurst": "DENW41AL30005ev6", "flaeche": 300.0, "flstkennz_": "054682021002150053__", "flstnrzae": "215", "flstnrnen": "53", "gemarkung": "Horrem", "gemaschl": "054682", "flur": "21", "flurschl": "054682021", "land": "Nordrhein-Westfalen", "landschl": "05", "regbezirk": "Kï¿½ln", "regbezschl": "053", "kreis": "Rhein-Erft-Kreis", "kreisschl": "05362", "gemeinde": "Kerpen", "gmdschl": "05362032", "abwrecht": "Kein abweichender Rechtszustand", "lagebeztxt": "Sistenichstraï¿½e 36", "tntxt": "Wohnbauflï¿½che;300", "area": 301, "s area": 147.7, "layer": "swale suitability new", "path": "C:\\Users\\kanis\\Desktop\\Thesis\\Data\\Analysis\\Horrem\\S\\swale suitability new.shp", "final area": 91.6 }, "geometry": { "type": "MultiPolygon", "coordinates": [ [ [ [ 338946.718686049222015, 5642539.472184232436121 ], [ 338949.69360781472642, 5642539.666179130785167 ], [ 338950.0, 5642539.686165007762611 ], [ 338950.0, 5642535.0 ], [ 338951.0, 5642535.0 ], [ 338951.0, 5642532.772109502926469 ], [ 338937.416414655046538, 5642531.879520262591541 ], [ 338936.987189816136379, 5642538.83659778162837 ], [ 338946.718686049222015, 5642539.472184232436121 ] ] ] ] } },
{ "type": "Feature", "properties": { "DN": 1, "gml_id": "DENW41AL30005dR3FL", "identifier": "urn:adv:oid:DENW41AL30005dR3FL", "aktualit_2": "2024-08-20Z", "idflurst": "DENW41AL30005dR3", "flaeche": 2265.0, "flstkennz_": "05468200800839______", "flstnrzae": "839", "flstnrnen": null, "gemarkung": "Horrem", "gemaschl": "054682", "flur": "8", "flurschl": "054682008", "land": "Nordrhein-Westfalen", "landschl": "05", "regbezirk": "Kï¿½ln", "regbezschl": "053", "kreis": "Rhein-Erft-Kreis", "kreisschl": "05362", "gemeinde": "Kerpen", "gmdschl": "05362032", "abwrecht": "Kein abweichender Rechtszustand", "lagebeztxt": "Kirschkaul 1, 3, 5", "tntxt": "Wohnbauflï¿½che;2265", "area": 2258, "s area": 497.4, "layer": "swale suitability new", "path": "C:\\Users\\kanis\\Desktop\\Thesis\\Data\\Analysis\\Horrem\\S\\swale suitability new.shp", "final area": 441.6 }, "geometry": { "type": "MultiPolygon", "coordinates": [ [ [ [ 339231.0, 5642740.966009508818388 ], [ 339231.0, 5642740.0 ], [ 339232.0, 5642740.0 ], [ 339232.0, 5642741.0 ], [ 339231.190058773150668, 5642741.0 ], [ 339239.0, 5642742.396745505742729 ], [ 339239.0, 5642741.0 ], [ 339240.0, 5642741.0 ], [ 339240.0, 5642742.575587505474687 ], [ 339242.373114234011155, 5642743.0 ], [ 339244.0, 5642743.0 ], [ 339244.0, 5642743.290955503471196 ], [ 339249.0, 5642744.185165501199663 ], [ 339249.0, 5642744.0 ], [ 339250.0, 5642744.0 ], [ 339250.0, 5642744.364007500931621 ], [ 339254.681211892981082, 5642745.20120479632169 ], [ 339255.0, 5642743.623482030816376 ], [ 339255.0, 5642743.0 ], [ 339255.125978188880254, 5642743.0 ], [ 339255.703596693754662, 5642740.141292775049806 ], [ 339255.838046302087605, 5642739.365771846845746 ], [ 339255.853779117111117, 5642739.287470346316695 ], [ 339256.0, 5642738.648342466913164 ], [ 339256.0, 5642736.0 ], [ 339256.605892790015787, 5642736.0 ], [ 339257.0, 5642734.277367088012397 ], [ 339257.0, 5642733.0 ], [ 339256.0, 5642733.0 ], [ 339256.0, 5642732.0 ], [ 339253.0, 5642732.0 ], [ 339253.0, 5642731.0 ], [ 339252.0, 5642731.0 ], [ 339252.0, 5642733.0 ], [ 339251.0, 5642733.0 ], [ 339251.0, 5642734.0 ], [ 339250.0, 5642734.0 ], [ 339250.0, 5642736.0 ], [ 339249.0, 5642736.0 ], [ 339249.0, 5642738.0 ], [ 339247.0, 5642738.0 ], [ 339247.0, 5642739.0 ], [ 339246.0, 5642739.0 ], [ 339246.0, 5642738.0 ], [ 339243.0, 5642738.0 ], [ 339243.0, 5642737.0 ], [ 339238.0, 5642737.0 ], [ 339238.0, 5642736.0 ], [ 339236.0, 5642736.0 ], [ 339236.0, 5642737.0 ], [ 339235.0, 5642737.0 ], [ 339235.0, 5642734.0 ], [ 339233.0, 5642734.0 ], [ 339233.0, 5642733.0 ], [ 339227.0, 5642733.0 ], [ 339227.0, 5642734.0 ], [ 339226.0, 5642734.0 ], [ 339226.0, 5642732.0 ], [ 339222.0, 5642732.0 ], [ 339222.0, 5642731.0 ], [ 339218.0, 5642731.0 ], [ 339218.0, 5642732.0 ], [ 339217.0, 5642732.0 ], [ 339217.0, 5642731.0 ], [ 339215.0, 5642731.0 ], [ 339215.0, 5642729.0 ], [ 339212.0, 5642729.0 ], [ 339212.0, 5642730.0 ], [ 339211.0, 5642730.0 ], [ 339211.0, 5642729.0 ], [ 339209.0, 5642729.0 ], [ 339209.0, 5642728.0 ], [ 339208.0, 5642728.0 ], [ 339208.0, 5642727.0 ], [ 339207.0, 5642727.0 ], [ 339207.0, 5642726.0 ], [ 339204.0, 5642726.0 ], [ 339204.0, 5642725.0 ], [ 339203.0, 5642725.0 ], [ 339203.0, 5642724.0 ], [ 339201.0, 5642724.0 ], [ 339201.0, 5642723.0 ], [ 339198.0, 5642723.0 ], [ 339198.0, 5642726.0 ], [ 339200.0, 5642726.0 ], [ 339200.0, 5642727.0 ], [ 339205.0, 5642727.0 ], [ 339205.0, 5642730.0 ], [ 339204.0, 5642730.0 ], [ 339204.0, 5642731.0 ], [ 339201.0, 5642731.0 ], [ 339201.0, 5642733.0 ], [ 339200.0, 5642733.0 ], [ 339200.0, 5642735.0 ], [ 339199.0, 5642735.0 ], [ 339199.0, 5642735.243065522052348 ], [ 339231.0, 5642740.966009508818388 ] ] ] ] } },
{ "type": "Feature", "properties": { "DN": 1, "gml_id": "DENW41AL30005dR3FL", "identifier": "urn:adv:oid:DENW41AL30005dR3FL", "aktualit_2": "2024-08-20Z", "idflurst": "DENW41AL30005dR3", "flaeche": 2265.0, "flstkennz_": "05468200800839______", "flstnrzae": "839", "flstnrnen": null, "gemarkung": "Horrem", "gemaschl": "054682", "flur": "8", "flurschl": "054682008", "land": "Nordrhein-Westfalen", "landschl": "05", "regbezirk": "Kï¿½ln", "regbezschl": "053", "kreis": "Rhein-Erft-Kreis", "kreisschl": "05362", "gemeinde": "Kerpen", "gmdschl": "05362032", "abwrecht": "Kein abweichender Rechtszustand", "lagebeztxt": "Kirschkaul 1, 3, 5", "tntxt": "Wohnbauflï¿½che;2265", "area": 2258, "s area": 89.1, "layer": "swale suitability new", "path": "C:\\Users\\kanis\\Desktop\\Thesis\\Data\\Analysis\\Horrem\\S\\swale suitability new.shp", "final area": 66.0 }, "geometry": { "type": "MultiPolygon", "coordinates": [ [ [ [ 339229.0, 5642711.530956611968577 ], [ 339229.0, 5642716.0 ], [ 339230.0, 5642716.0 ], [ 339230.0, 5642717.0 ], [ 339231.0, 5642717.0 ], [ 339231.0, 5642718.0 ], [ 339233.0, 5642718.0 ], [ 339233.0, 5642716.0 ], [ 339238.0, 5642716.0 ], [ 339238.0, 5642717.0 ], [ 339240.0, 5642717.0 ], [ 339240.0, 5642718.0 ], [ 339241.0, 5642718.0 ], [ 339241.0, 5642719.0 ], [ 339243.0, 5642719.0 ], [ 339243.0, 5642720.0 ], [ 339245.0, 5642720.0 ], [ 339245.0, 5642717.0 ], [ 339246.0, 5642717.0 ], [ 339246.0, 5642715.524074885062873 ], [ 339229.0, 5642711.530956611968577 ] ] ] ] } },
{ "type": "Feature", "properties": { "DN": 1, "gml_id": "DENW41AL30005g7vFL", "identifier": "urn:adv:oid:DENW41AL30005g7vFL", "aktualit_2": "2024-08-20Z", "idflurst": "DENW41AL30005g7v", "flaeche": 2469.0, "flstkennz_": "05468200800842______", "flstnrzae": "842", "flstnrnen": null, "gemarkung": "Horrem", "gemaschl": "054682", "flur": "8", "flurschl": "054682008", "land": "Nordrhein-Westfalen", "landschl": "05", "regbezirk": "Kï¿½ln", "regbezschl": "053", "kreis": "Rhein-Erft-Kreis", "kreisschl": "05362", "gemeinde": "Kerpen", "gmdschl": "05362032", "abwrecht": "Kein abweichender Rechtszustand", "lagebeztxt": "Mittelstraï¿½e 15, 17", "tntxt": "Wohnbauflï¿½che;2469", "area": 2482, "s area": 1416.6, "layer": "swale suitability new", "path": "C:\\Users\\kanis\\Desktop\\Thesis\\Data\\Analysis\\Horrem\\S\\swale suitability new.shp", "final area": 1160.6 }, "geometry": { "type": "MultiPolygon", "coordinates": [ [ [ [ 339242.666931500018109, 5642692.01209710445255 ], [ 339242.514187444932759, 5642689.005135705694556 ], [ 339242.04647727671545, 5642680.877172462642193 ], [ 339241.524475023325067, 5642671.76913383975625 ], [ 339240.975492699770257, 5642662.258440070785582 ], [ 339240.541753567173146, 5642654.711729755625129 ], [ 339235.0, 5642653.234164828434587 ], [ 339235.0, 5642655.0 ], [ 339234.0, 5642655.0 ], [ 339234.0, 5642659.0 ], [ 339233.0, 5642659.0 ], [ 339233.0, 5642660.0 ], [ 339232.0, 5642660.0 ], [ 339232.0, 5642659.0 ], [ 339230.0, 5642659.0 ], [ 339230.0, 5642658.0 ], [ 339228.0, 5642658.0 ], [ 339228.0, 5642656.0 ], [ 339230.0, 5642656.0 ], [ 339230.0, 5642654.0 ], [ 339231.0, 5642654.0 ], [ 339231.0, 5642652.167668523266912 ], [ 339230.371142601419706, 5642652.0 ], [ 339230.0, 5642652.0 ], [ 339230.0, 5642651.901044446974993 ], [ 339221.0, 5642649.501427758485079 ], [ 339221.0, 5642650.0 ], [ 339222.0, 5642650.0 ], [ 339222.0, 5642651.0 ], [ 339223.0, 5642651.0 ], [ 339223.0, 5642653.0 ], [ 339224.0, 5642653.0 ], [ 339224.0, 5642657.0 ], [ 339225.0, 5642657.0 ], [ 339225.0, 5642659.0 ], [ 339226.0, 5642659.0 ], [ 339226.0, 5642661.0 ], [ 339227.0, 5642661.0 ], [ 339227.0, 5642663.0 ], [ 339228.0, 5642663.0 ], [ 339228.0, 5642667.0 ], [ 339229.0, 5642667.0 ], [ 339229.0, 5642666.0 ], [ 339230.0, 5642666.0 ], [ 339230.0, 5642665.0 ], [ 339229.0, 5642665.0 ], [ 339229.0, 5642663.0 ], [ 339231.0, 5642663.0 ], [ 339231.0, 5642671.0 ], [ 339230.0, 5642671.0 ], [ 339230.0, 5642672.0 ], [ 339231.0, 5642672.0 ], [ 339231.0, 5642676.0 ], [ 339232.0, 5642676.0 ], [ 339232.0, 5642681.0 ], [ 339231.0, 5642681.0 ], [ 339231.0, 5642683.0 ], [ 339230.0, 5642683.0 ], [ 339230.0, 5642687.0 ], [ 339229.0, 5642687.0 ], [ 339229.0, 5642686.0 ], [ 339228.0, 5642686.0 ], [ 339228.0, 5642687.0 ], [ 339225.0, 5642687.0 ], [ 339225.0, 5642686.0 ], [ 339224.0, 5642686.0 ], [ 339224.0, 5642685.0 ], [ 339223.0, 5642685.0 ], [ 339223.0, 5642686.0 ], [ 339221.0, 5642686.0 ], [ 339221.0, 5642687.0 ], [ 339219.0, 5642687.0 ], [ 339219.0, 5642688.0 ], [ 339216.0, 5642688.0 ], [ 339216.0, 5642689.0 ], [ 339215.0, 5642689.0 ], [ 339215.0, 5642686.0 ], [ 339214.0, 5642686.0 ], [ 339214.0, 5642684.0 ], [ 339213.0, 5642684.0 ], [ 339213.0, 5642682.0 ], [ 339212.0, 5642682.0 ], [ 339212.0, 5642681.0 ], [ 339211.0, 5642681.0 ], [ 339211.0, 5642680.0 ], [ 339210.0, 5642680.0 ], [ 339210.0, 5642675.0 ], [ 339209.0, 5642675.0 ], [ 339209.0, 5642673.0 ], [ 339208.0, 5642673.0 ], [ 339208.0, 5642669.0 ], [ 339209.0, 5642669.0 ], [ 339209.0, 5642668.0 ], [ 339211.0, 5642668.0 ], [ 339211.0, 5642667.0 ], [ 339210.0, 5642667.0 ], [ 339210.0, 5642666.0 ], [ 339209.0, 5642666.0 ], [ 339209.0, 5642665.0 ], [ 339206.0, 5642665.0 ], [ 339206.0, 5642664.0 ], [ 339208.0, 5642664.0 ], [ 339208.0, 5642662.0 ], [ 339207.0, 5642662.0 ], [ 339207.0, 5642658.0 ], [ 339206.0, 5642658.0 ], [ 339206.0, 5642656.0 ], [ 339205.0, 5642656.0 ], [ 339205.0, 5642654.937556242570281 ], [ 339203.219561729463749, 5642662.724917378276587 ], [ 339199.626474610646255, 5642680.0 ], [ 339202.0, 5642680.0 ], [ 339202.0, 5642681.0 ], [ 339199.418482139764819, 5642681.0 ], [ 339197.594684483541641, 5642689.768575365655124 ], [ 339198.0, 5642690.455785333178937 ], [ 339198.0, 5642689.0 ], [ 339199.0, 5642689.0 ], [ 339199.0, 5642691.0 ], [ 339198.320977080205921, 5642691.0 ], [ 339199.176173782034311, 5642692.449980752542615 ], [ 339233.980264475976583, 5642701.0 ], [ 339234.0, 5642701.0 ], [ 339234.0, 5642700.0 ], [ 339235.0, 5642700.0 ], [ 339235.0, 5642699.0 ], [ 339237.0, 5642699.0 ], [ 339237.0, 5642700.0 ], [ 339238.0, 5642700.0 ], [ 339238.0, 5642701.987493579275906 ], [ 339243.0, 5642703.215800235047936 ], [ 339243.0, 5642703.0 ], [ 339244.0, 5642703.0 ], [ 339244.0, 5642703.461461566388607 ], [ 339246.0, 5642703.952784228138626 ], [ 339246.0, 5642702.0 ], [ 339247.0, 5642702.0 ], [ 339247.0, 5642701.0 ], [ 339248.0, 5642701.0 ], [ 339248.0, 5642697.0 ], [ 339252.0, 5642697.0 ], [ 339252.0, 5642698.0 ], [ 339256.0, 5642698.0 ], [ 339256.0, 5642699.0 ], [ 339260.0, 5642699.0 ], [ 339260.0, 5642700.0 ], [ 339262.0, 5642700.0 ], [ 339262.0, 5642706.0 ], [ 339261.0, 5642706.0 ], [ 339261.0, 5642707.0 ], [ 339260.0, 5642707.0 ], [ 339260.0, 5642707.326181500218809 ], [ 339262.849414117226843, 5642708.012729598209262 ], [ 339263.0, 5642706.835266458801925 ], [ 339263.0, 5642703.0 ], [ 339263.490492624405306, 5642703.0 ], [ 339263.959038478264119, 5642699.336340021342039 ], [ 339264.0, 5642699.013899324461818 ], [ 339264.0, 5642698.0 ], [ 339264.128801542858128, 5642698.0 ], [ 339264.247387427138165, 5642697.066516243852675 ], [ 339263.877001276647206, 5642697.0 ], [ 339263.0, 5642697.0 ], [ 339263.0, 5642696.842502667568624 ], [ 339258.308644901786465, 5642696.0 ], [ 339258.0, 5642696.0 ], [ 339258.0, 5642695.944571632891893 ], [ 339243.899862267775461, 5642693.412381380796432 ], [ 339243.428444354794919, 5642693.242707993835211 ], [ 339243.039201142208185, 5642692.927250185981393 ], [ 339242.775559008645359, 5642692.50120238121599 ], [ 339242.666931500018109, 5642692.01209710445255 ] ], [ [ 339215.0, 5642690.0 ], [ 339216.0, 5642690.0 ], [ 339216.0, 5642691.0 ], [ 339223.0, 5642691.0 ], [ 339223.0, 5642692.0 ], [ 339225.0, 5642692.0 ], [ 339225.0, 5642693.0 ], [ 339228.0, 5642693.0 ], [ 339228.0, 5642694.0 ], [ 339231.0, 5642694.0 ], [ 339231.0, 5642695.0 ], [ 339226.0, 5642695.0 ], [ 339226.0, 5642696.0 ], [ 339229.0, 5642696.0 ], [ 339229.0, 5642697.0 ], [ 339225.0, 5642697.0 ], [ 339225.0, 5642696.0 ], [ 339223.0, 5642696.0 ], [ 339223.0, 5642695.0 ], [ 339225.0, 5642695.0 ], [ 339225.0, 5642694.0 ], [ 339222.0, 5642694.0 ], [ 339222.0, 5642693.0 ], [ 339217.0, 5642693.0 ], [ 339217.0, 5642692.0 ], [ 339214.0, 5642692.0 ], [ 339214.0, 5642694.0 ], [ 339213.0, 5642694.0 ], [ 339213.0, 5642695.0 ], [ 339212.0, 5642695.0 ], [ 339212.0, 5642690.0 ], [ 339214.0, 5642690.0 ], [ 339214.0, 5642689.0 ], [ 339215.0, 5642689.0 ], [ 339215.0, 5642690.0 ] ], [ [ 339245.0, 5642698.0 ], [ 339243.0, 5642698.0 ], [ 339243.0, 5642697.0 ], [ 339245.0, 5642697.0 ], [ 339245.0, 5642698.0 ] ], [ [ 339220.0, 5642695.0 ], [ 339219.0, 5642695.0 ], [ 339219.0, 5642694.0 ], [ 339220.0, 5642694.0 ], [ 339220.0, 5642695.0 ] ], [ [ 339207.0, 5642682.0 ], [ 339203.0, 5642682.0 ], [ 339203.0, 5642681.0 ], [ 339207.0, 5642681.0 ], [ 339207.0, 5642682.0 ] ], [ [ 339209.0, 5642681.0 ], [ 339208.0, 5642681.0 ], [ 339208.0, 5642680.0 ], [ 339209.0, 5642680.0 ], [ 339209.0, 5642681.0 ] ], [ [ 339234.0, 5642673.0 ], [ 339233.0, 5642673.0 ], [ 339233.0, 5642671.0 ], [ 339234.0, 5642671.0 ], [ 339234.0, 5642673.0 ] ] ] ] } },
{ "type": "Feature", "properties": { "DN": 1, "gml_id": "DENW41AL30005g7vFL", "identifier": "urn:adv:oid:DENW41AL30005g7vFL", "aktualit_2": "2024-08-20Z", "idflurst": "DENW41AL30005g7v", "flaeche": 2469.0, "flstkennz_": "05468200800842______", "flstnrzae": "842", "flstnrnen": null, "gemarkung": "Horrem", "gemaschl": "054682", "flur": "8", "flurschl": "054682008", "land": "Nordrhein-Westfalen", "landschl": "05", "regbezirk": "Kï¿½ln", "regbezschl": "053", "kreis": "Rhein-Erft-Kreis", "kreisschl": "05362", "gemeinde": "Kerpen", "gmdschl": "05362032", "abwrecht": "Kein abweichender Rechtszustand", "lagebeztxt": "Mittelstraï¿½e 15, 17", "tntxt": "Wohnbauflï¿½che;2469", "area": 2482, "s area": 1416.6, "layer": "swale suitability new", "path": "C:\\Users\\kanis\\Desktop\\Thesis\\Data\\Analysis\\Horrem\\S\\swale suitability new.shp", "final area": 1.1 }, "geometry": { "type": "MultiPolygon", "coordinates": [ [ [ [ 339216.0, 5642648.168307376094162 ], [ 339216.0, 5642649.0 ], [ 339218.0, 5642649.0 ], [ 339218.0, 5642648.701555529609323 ], [ 339216.0, 5642648.168307376094162 ] ] ] ] } },
{ "type": "Feature", "properties": { "DN": 1, "gml_id": "DENW41AL30005g7vFL", "identifier": "urn:adv:oid:DENW41AL30005g7vFL", "aktualit_2": "2024-08-20Z", "idflurst": "DENW41AL30005g7v", "flaeche": 2469.0, "flstkennz_": "05468200800842______", "flstnrzae": "842", "flstnrnen": null, "gemarkung": "Horrem", "gemaschl": "054682", "flur": "8", "flurschl": "054682008", "land": "Nordrhein-Westfalen", "landschl": "05", "regbezirk": "Kï¿½ln", "regbezschl": "053", "kreis": "Rhein-Erft-Kreis", "kreisschl": "05362", "gemeinde": "Kerpen", "gmdschl": "05362032", "abwrecht": "Kein abweichender Rechtszustand", "lagebeztxt": "Mittelstraï¿½e 15, 17", "tntxt": "Wohnbauflï¿½che;2469", "area": 2482, "s area": 1416.6, "layer": "swale suitability new", "path": "C:\\Users\\kanis\\Desktop\\Thesis\\Data\\Analysis\\Horrem\\S\\swale suitability new.shp", "final area": 36.7 }, "geometry": { "type": "MultiPolygon", "coordinates": [ [ [ [ 339210.0, 5642646.568562917411327 ], [ 339210.0, 5642647.0 ], [ 339209.0, 5642647.0 ], [ 339209.0, 5642646.301938841119409 ], [ 339207.090761390922125, 5642645.792889860458672 ], [ 339205.214355156640522, 5642654.0 ], [ 339206.0, 5642654.0 ], [ 339206.0, 5642653.0 ], [ 339207.0, 5642653.0 ], [ 339207.0, 5642652.0 ], [ 339209.0, 5642652.0 ], [ 339209.0, 5642651.0 ], [ 339212.0, 5642651.0 ], [ 339212.0, 5642650.0 ], [ 339214.0, 5642650.0 ], [ 339214.0, 5642649.0 ], [ 339215.0, 5642649.0 ], [ 339215.0, 5642648.0 ], [ 339215.368746518797707, 5642648.0 ], [ 339210.0, 5642646.568562917411327 ] ] ] ] } },
{ "type": "Feature", "properties": { "DN": 1, "gml_id": "DENW41AL30005dR3FL", "identifier": "urn:adv:oid:DENW41AL30005dR3FL", "aktualit_2": "2024-08-20Z", "idflurst": "DENW41AL30005dR3", "flaeche": 2265.0, "flstkennz_": "05468200800839______", "flstnrzae": "839", "flstnrnen": null, "gemarkung": "Horrem", "gemaschl": "054682", "flur": "8", "flurschl": "054682008", "land": "Nordrhein-Westfalen", "landschl": "05", "regbezirk": "Kï¿½ln", "regbezschl": "053", "kreis": "Rhein-Erft-Kreis", "kreisschl": "05362", "gemeinde": "Kerpen", "gmdschl": "05362032", "abwrecht": "Kein abweichender Rechtszustand", "lagebeztxt": "Kirschkaul 1, 3, 5", "tntxt": "Wohnbauflï¿½che;2265", "area": 2258, "s area": 175.5, "layer": "swale suitability new", "path": "C:\\Users\\kanis\\Desktop\\Thesis\\Data\\Analysis\\Horrem\\S\\swale suitability new.shp", "final area": 47.0 }, "geometry": { "type": "MultiPolygon", "coordinates": [ [ [ [ 339194.159530200064182, 5642704.718697519041598 ], [ 339191.334862063638866, 5642716.0 ], [ 339194.0, 5642716.0 ], [ 339194.0, 5642714.0 ], [ 339195.0, 5642714.0 ], [ 339195.0, 5642712.0 ], [ 339196.0, 5642712.0 ], [ 339196.0, 5642710.0 ], [ 339197.0, 5642710.0 ], [ 339197.0, 5642709.0 ], [ 339198.0, 5642709.0 ], [ 339198.0, 5642707.0 ], [ 339199.0, 5642707.0 ], [ 339199.0, 5642706.0 ], [ 339200.0, 5642706.0 ], [ 339200.0, 5642705.0 ], [ 339201.195598824706394, 5642705.0 ], [ 339195.632209439587314, 5642703.6932193050161 ], [ 339194.159530200064182, 5642704.718697519041598 ] ] ] ] } },
{ "type": "Feature", "properties": { "DN": 1, "gml_id": "DENW41AL30005dR3FL", "identifier": "urn:adv:oid:DENW41AL30005dR3FL", "aktualit_2": "2024-08-20Z", "idflurst": "DENW41AL30005dR3", "flaeche": 2265.0, "flstkennz_": "05468200800839______", "flstnrzae": "839", "flstnrnen": null, "gemarkung": "Horrem", "gemaschl": "054682", "flur": "8", "flurschl": "054682008", "land": "Nordrhein-Westfalen", "landschl": "05", "regbezirk": "Kï¿½ln", "regbezschl": "053", "kreis": "Rhein-Erft-Kreis", "kreisschl": "05362", "gemeinde": "Kerpen", "gmdschl": "05362032", "abwrecht": "Kein abweichender Rechtszustand", "lagebeztxt": "Kirschkaul 1, 3, 5", "tntxt": "Wohnbauflï¿½che;2265", "area": 2258, "s area": 175.5, "layer": "swale suitability new", "path": "C:\\Users\\kanis\\Desktop\\Thesis\\Data\\Analysis\\Horrem\\S\\swale suitability new.shp", "final area": 65.7 }, "geometry": { "type": "MultiPolygon", "coordinates": [ [ [ [ 339202.0, 5642705.188945237547159 ], [ 339202.0, 5642706.0 ], [ 339204.0, 5642706.0 ], [ 339204.0, 5642707.0 ], [ 339206.0, 5642707.0 ], [ 339206.0, 5642708.0 ], [ 339207.0, 5642708.0 ], [ 339207.0, 5642709.0 ], [ 339209.0, 5642709.0 ], [ 339209.0, 5642710.0 ], [ 339211.0, 5642710.0 ], [ 339211.0, 5642711.0 ], [ 339213.0, 5642711.0 ], [ 339213.0, 5642712.0 ], [ 339215.0, 5642712.0 ], [ 339215.0, 5642713.0 ], [ 339216.0, 5642713.0 ], [ 339216.0, 5642711.0 ], [ 339221.0, 5642711.0 ], [ 339221.0, 5642712.0 ], [ 339223.0, 5642712.0 ], [ 339223.0, 5642713.0 ], [ 339224.0, 5642713.0 ], [ 339224.0, 5642714.0 ], [ 339226.0, 5642714.0 ], [ 339226.0, 5642715.0 ], [ 339227.0, 5642715.0 ], [ 339227.0, 5642714.0 ], [ 339228.0, 5642714.0 ], [ 339228.0, 5642711.296067302115262 ], [ 339202.0, 5642705.188945237547159 ] ] ] ] } },
{ "type": "Feature", "properties": { "DN": 1, "gml_id": "DENW41AL30005eepFL", "identifier": "urn:adv:oid:DENW41AL30005eepFL", "aktualit_2": "2024-08-20Z", "idflurst": "DENW41AL30005eep", "flaeche": 475.0, "flstkennz_": "05468201900335______", "flstnrzae": "335", "flstnrnen": null, "gemarkung": "Horrem", "gemaschl": "054682", "flur": "19", "flurschl": "054682019", "land": "Nordrhein-Westfalen", "landschl": "05", "regbezirk": "Kï¿½ln", "regbezschl": "053", "kreis": "Rhein-Erft-Kreis", "kreisschl": "05362", "gemeinde": "Kerpen", "gmdschl": "05362032", "abwrecht": "Kein abweichender Rechtszustand", "lagebeztxt": "Merodestraï¿½e 22", "tntxt": "Wohnbauflï¿½che;475", "area": 481, "s area": 179.8, "layer": "swale suitability new", "path": "C:\\Users\\kanis\\Desktop\\Thesis\\Data\\Analysis\\Horrem\\S\\swale suitability new.shp", "final area": 147.8 }, "geometry": { "type": "MultiPolygon", "coordinates": [ [ [ [ 338860.0, 5642176.05256761983037 ], [ 338860.0, 5642179.0 ], [ 338859.673214008158538, 5642179.0 ], [ 338859.459864782402292, 5642180.924294284544885 ], [ 338859.0, 5642185.0704449955374 ], [ 338859.0, 5642186.210918654687703 ], [ 338867.0, 5642187.151356542482972 ], [ 338867.0, 5642185.0 ], [ 338866.0, 5642185.0 ], [ 338866.0, 5642184.0 ], [ 338867.0, 5642184.0 ], [ 338867.0, 5642183.0 ], [ 338866.0, 5642183.0 ], [ 338866.0, 5642179.0 ], [ 338867.0, 5642179.0 ], [ 338867.0, 5642177.0 ], [ 338869.0, 5642177.0 ], [ 338869.0, 5642176.0 ], [ 338869.958422329975292, 5642176.0 ], [ 338870.0, 5642175.640684003010392 ], [ 338870.0, 5642174.0 ], [ 338869.0, 5642174.0 ], [ 338869.0, 5642173.0 ], [ 338870.0, 5642173.0 ], [ 338870.0, 5642171.0 ], [ 338869.0, 5642171.0 ], [ 338869.0, 5642167.0 ], [ 338868.0, 5642167.0 ], [ 338868.0, 5642168.0 ], [ 338866.0, 5642168.0 ], [ 338866.0, 5642167.0 ], [ 338863.0, 5642167.0 ], [ 338863.0, 5642166.0 ], [ 338861.11454237322323, 5642166.0 ], [ 338860.0, 5642176.05256761983037 ] ], [ [ 338869.0, 5642172.0 ], [ 338868.0, 5642172.0 ], [ 338868.0, 5642175.0 ], [ 338867.0, 5642175.0 ], [ 338867.0, 5642173.0 ], [ 338866.0, 5642173.0 ], [ 338866.0, 5642172.0 ], [ 338865.0, 5642172.0 ], [ 338865.0, 5642170.0 ], [ 338867.0, 5642170.0 ], [ 338867.0, 5642171.0 ], [ 338869.0, 5642171.0 ], [ 338869.0, 5642172.0 ] ] ] ] } },
{ "type": "Feature", "properties": { "DN": 1, "gml_id": "DENW41AL30005duPFL", "identifier": "urn:adv:oid:DENW41AL30005duPFL", "aktualit_2": "2024-08-20Z", "idflurst": "DENW41AL30005duP", "flaeche": 546.0, "flstkennz_": "05468202100306______", "flstnrzae": "306", "flstnrnen": null, "gemarkung": "Horrem", "gemaschl": "054682", "flur": "21", "flurschl": "054682021", "land": "Nordrhein-Westfalen", "landschl": "05", "regbezirk": "Kï¿½ln", "regbezschl": "053", "kreis": "Rhein-Erft-Kreis", "kreisschl": "05362", "gemeinde": "Kerpen", "gmdschl": "05362032", "abwrecht": "Kein abweichender Rechtszustand", "lagebeztxt": "Wiesenstraï¿½e 23", "tntxt": "Wohnbauflï¿½che;546", "area": 546, "s area": 141.4, "layer": "swale suitability new", "path": "C:\\Users\\kanis\\Desktop\\Thesis\\Data\\Analysis\\Horrem\\S\\swale suitability new.shp", "final area": 105.6 }, "geometry": { "type": "MultiPolygon", "coordinates": [ [ [ [ 338738.163323924411088, 5642542.0 ], [ 338735.0, 5642542.0 ], [ 338735.0, 5642541.0 ], [ 338734.0, 5642541.0 ], [ 338734.0, 5642539.0 ], [ 338733.0, 5642539.0 ], [ 338733.0, 5642538.0 ], [ 338731.097792535438202, 5642538.0 ], [ 338729.760163148632273, 5642541.0 ], [ 338730.0, 5642541.0 ], [ 338730.0, 5642542.0 ], [ 338732.0, 5642542.0 ], [ 338732.0, 5642543.0 ], [ 338731.0, 5642543.0 ], [ 338731.0, 5642545.0 ], [ 338730.0, 5642545.0 ], [ 338730.0, 5642546.0 ], [ 338729.0, 5642546.0 ], [ 338729.0, 5642547.0 ], [ 338727.084904375020415, 5642547.0 ], [ 338727.0, 5642547.19042129907757 ], [ 338727.0, 5642548.0 ], [ 338726.639027912751772, 5642548.0 ], [ 338726.0, 5642549.433194992132485 ], [ 338726.0, 5642550.0 ], [ 338728.0, 5642550.0 ], [ 338728.0, 5642551.0 ], [ 338729.0, 5642551.0 ], [ 338729.0, 5642554.0 ], [ 338728.0, 5642554.0 ], [ 338728.0, 5642556.0 ], [ 338729.0, 5642556.0 ], [ 338729.0, 5642558.0 ], [ 338731.0, 5642558.0 ], [ 338731.0, 5642558.012566744349897 ], [ 338738.163323924411088, 5642542.0 ] ], [ [ 338736.0, 5642544.0 ], [ 338736.0, 5642545.0 ], [ 338735.0, 5642545.0 ], [ 338735.0, 5642544.0 ], [ 338736.0, 5642544.0 ] ] ] ] } },
{ "type": "Feature", "properties": { "DN": 1, "gml_id": "DENW41AL30005bUaFL", "identifier": "urn:adv:oid:DENW41AL30005bUaFL", "aktualit_2": "2025-01-17Z", "idflurst": "DENW41AL30005bUa", "flaeche": 441.0, "flstkennz_": "05468202100043______", "flstnrzae": "43", "flstnrnen": null, "gemarkung": "Horrem", "gemaschl": "054682", "flur": "21", "flurschl": "054682021", "land": "Nordrhein-Westfalen", "landschl": "05", "regbezirk": "Kï¿½ln", "regbezschl": "053", "kreis": "Rhein-Erft-Kreis", "kreisschl": "05362", "gemeinde": "Kerpen", "gmdschl": "05362032", "abwrecht": "Kein abweichender Rechtszustand", "lagebeztxt": "Wiesenstraï¿½e 1", "tntxt": "Wohnbauflï¿½che;441", "area": 439, "s area": 228.9, "layer": "swale suitability new", "path": "C:\\Users\\kanis\\Desktop\\Thesis\\Data\\Analysis\\Horrem\\S\\swale suitability new.shp", "final area": 160.1 }, "geometry": { "type": "MultiPolygon", "coordinates": [ [ [ [ 338892.482623575546313, 5642644.0 ], [ 338898.0, 5642644.0 ], [ 338898.0, 5642645.0 ], [ 338900.0, 5642645.0 ], [ 338900.0, 5642646.0 ], [ 338902.0, 5642646.0 ], [ 338902.0, 5642647.0 ], [ 338902.047613030299544, 5642647.0 ], [ 338902.084714463271666, 5642646.922088622115552 ], [ 338903.000406630104408, 5642645.0 ], [ 338903.0, 5642645.0 ], [ 338903.0, 5642644.0 ], [ 338903.476811389089562, 5642644.0 ], [ 338909.193668497202452, 5642632.0 ], [ 338909.0, 5642632.0 ], [ 338909.0, 5642631.339428015053272 ], [ 338900.182919855229557, 5642627.993807906284928 ], [ 338892.482623575546313, 5642644.0 ] ], [ [ 338902.0, 5642631.0 ], [ 338900.0, 5642631.0 ], [ 338900.0, 5642629.0 ], [ 338902.0, 5642629.0 ], [ 338902.0, 5642631.0 ] ] ] ] } },
{ "type": "Feature", "properties": { "DN": 1, "gml_id": "DENW41AL30005cTeFL", "identifier": "urn:adv:oid:DENW41AL30005cTeFL", "aktualit_2": "2024-08-20Z", "idflurst": "DENW41AL30005cTe", "flaeche": 493.0, "flstkennz_": "054682021000740035__", "flstnrzae": "74", "flstnrnen": "35", "gemarkung": "Horrem", "gemaschl": "054682", "flur": "21", "flurschl": "054682021", "land": "Nordrhein-Westfalen", "landschl": "05", "regbezirk": "Kï¿½ln", "regbezschl": "053", "kreis": "Rhein-Erft-Kreis", "kreisschl": "05362", "gemeinde": "Kerpen", "gmdschl": "05362032", "abwrecht": "Kein abweichender Rechtszustand", "lagebeztxt": "Merkurweg 30; Sistenichstraï¿½e 31", "tntxt": "Wohnbauflï¿½che;493", "area": 491, "s area": 11.5, "layer": "swale suitability new", "path": "C:\\Users\\kanis\\Desktop\\Thesis\\Data\\Analysis\\Horrem\\S\\swale suitability new.shp", "final area": 5.4 }, "geometry": { "type": "MultiPolygon", "coordinates": [ [ [ [ 339006.103424162312876, 5642626.0 ], [ 339006.0, 5642626.0 ], [ 339006.0, 5642625.0 ], [ 339005.0, 5642625.0 ], [ 339005.0, 5642627.0 ], [ 339004.0, 5642627.0 ], [ 339004.0, 5642629.661077553406358 ], [ 339004.690762414771598, 5642629.925312769599259 ], [ 339006.103424162312876, 5642626.0 ] ] ] ] } },
{ "type": "Feature", "properties": { "DN": 1, "gml_id": "DENW41AL30005cTeFL", "identifier": "urn:adv:oid:DENW41AL30005cTeFL", "aktualit_2": "2024-08-20Z", "idflurst": "DENW41AL30005cTe", "flaeche": 493.0, "flstkennz_": "054682021000740035__", "flstnrzae": "74", "flstnrnen": "35", "gemarkung": "Horrem", "gemaschl": "054682", "flur": "21", "flurschl": "054682021", "land": "Nordrhein-Westfalen", "landschl": "05", "regbezirk": "Kï¿½ln", "regbezschl": "053", "kreis": "Rhein-Erft-Kreis", "kreisschl": "05362", "gemeinde": "Kerpen", "gmdschl": "05362032", "abwrecht": "Kein abweichender Rechtszustand", "lagebeztxt": "Merkurweg 30; Sistenichstraï¿½e 31", "tntxt": "Wohnbauflï¿½che;493", "area": 491, "s area": 115.6, "layer": "swale suitability new", "path": "C:\\Users\\kanis\\Desktop\\Thesis\\Data\\Analysis\\Horrem\\S\\swale suitability new.shp", "final area": 100.1 }, "geometry": { "type": "MultiPolygon", "coordinates": [ [ [ [ 338985.0, 5642614.937910969369113 ], [ 338985.0, 5642615.0 ], [ 338984.0, 5642615.0 ], [ 338984.0, 5642616.0 ], [ 338983.0, 5642616.0 ], [ 338983.0, 5642618.0 ], [ 338984.0, 5642618.0 ], [ 338984.0, 5642619.0 ], [ 338986.0, 5642619.0 ], [ 338986.0, 5642620.0 ], [ 338983.0, 5642620.0 ], [ 338983.0, 5642621.0 ], [ 338982.0, 5642621.0 ], [ 338982.0, 5642621.245580432005227 ], [ 338982.620731751259882, 5642621.482932017184794 ], [ 338984.0, 5642622.010539245791733 ], [ 338984.0, 5642622.0 ], [ 338985.0, 5642622.0 ], [ 338985.0, 5642622.393066161312163 ], [ 338989.200838618271518, 5642624.0 ], [ 338991.0, 5642624.0 ], [ 338991.0, 5642623.0 ], [ 338992.0, 5642623.0 ], [ 338992.0, 5642624.0 ], [ 338995.0, 5642624.0 ], [ 338995.0, 5642625.0 ], [ 338997.0, 5642625.0 ], [ 338997.0, 5642626.0 ], [ 339000.0, 5642626.0 ], [ 339000.0, 5642627.0 ], [ 339002.0, 5642627.0 ], [ 339002.0, 5642628.0 ], [ 339003.0, 5642628.0 ], [ 339003.0, 5642626.0 ], [ 339002.0, 5642626.0 ], [ 339002.0, 5642625.0 ], [ 339004.0, 5642625.0 ], [ 339004.0, 5642624.0 ], [ 339003.0, 5642624.0 ], [ 339003.0, 5642623.0 ], [ 339001.0, 5642623.0 ], [ 339001.0, 5642622.0 ], [ 338998.0, 5642622.0 ], [ 338998.0, 5642621.0 ], [ 338996.0, 5642621.0 ], [ 338996.0, 5642620.0 ], [ 338993.0, 5642620.0 ], [ 338993.0, 5642619.0 ], [ 338991.0, 5642619.0 ], [ 338991.0, 5642618.0 ], [ 338990.0, 5642618.0 ], [ 338990.0, 5642617.0 ], [ 338989.0, 5642617.0 ], [ 338989.0, 5642616.462843633256853 ], [ 338985.0, 5642614.937910969369113 ] ], [ [ 339001.0, 5642625.0 ], [ 338999.0, 5642625.0 ], [ 338999.0, 5642624.0 ], [ 339001.0, 5642624.0 ], [ 339001.0, 5642625.0 ] ], [ [ 338997.0, 5642624.0 ], [ 338996.0, 5642624.0 ], [ 338996.0, 5642623.0 ], [ 338997.0, 5642623.0 ], [ 338997.0, 5642624.0 ] ], [ [ 338995.0, 5642623.0 ], [ 338994.0, 5642623.0 ], [ 338994.0, 5642622.0 ], [ 338995.0, 5642622.0 ], [ 338995.0, 5642623.0 ] ], [ [ 338989.0, 5642621.0 ], [ 338988.0, 5642621.0 ], [ 338988.0, 5642620.0 ], [ 338989.0, 5642620.0 ], [ 338989.0, 5642621.0 ] ] ] ] } },
{ "type": "Feature", "properties": { "DN": 1, "gml_id": "DENW41AL30005gawFL", "identifier": "urn:adv:oid:DENW41AL30005gawFL", "aktualit_2": "2024-08-20Z", "idflurst": "DENW41AL30005gaw", "flaeche": 867.0, "flstkennz_": "05468202100371______", "flstnrzae": "371", "flstnrnen": null, "gemarkung": "Horrem", "gemaschl": "054682", "flur": "21", "flurschl": "054682021", "land": "Nordrhein-Westfalen", "landschl": "05", "regbezirk": "Kï¿½ln", "regbezschl": "053", "kreis": "Rhein-Erft-Kreis", "kreisschl": "05362", "gemeinde": "Kerpen", "gmdschl": "05362032", "abwrecht": "Kein abweichender Rechtszustand", "lagebeztxt": "Adenauerstraï¿½e 28", "tntxt": "Wohnbauflï¿½che;867", "area": 858, "s area": 173.1, "layer": "swale suitability new", "path": "C:\\Users\\kanis\\Desktop\\Thesis\\Data\\Analysis\\Horrem\\S\\swale suitability new.shp", "final area": 154.3 }, "geometry": { "type": "MultiPolygon", "coordinates": [ [ [ [ 338726.476924791117199, 5642517.0 ], [ 338731.0, 5642517.0 ], [ 338731.0, 5642518.0 ], [ 338733.0, 5642518.0 ], [ 338733.0, 5642519.0 ], [ 338738.0, 5642519.0 ], [ 338738.0, 5642520.0 ], [ 338741.035411626973655, 5642520.0 ], [ 338741.898733811976854, 5642512.0 ], [ 338739.0, 5642512.0 ], [ 338739.0, 5642511.0 ], [ 338738.0, 5642511.0 ], [ 338738.0, 5642510.0 ], [ 338736.0, 5642510.0 ], [ 338736.0, 5642509.0 ], [ 338735.0, 5642509.0 ], [ 338735.0, 5642510.0 ], [ 338730.0, 5642510.0 ], [ 338730.0, 5642511.0 ], [ 338727.0, 5642511.0 ], [ 338727.0, 5642509.0 ], [ 338723.0, 5642509.0 ], [ 338723.0, 5642510.0 ], [ 338722.0, 5642510.0 ], [ 338722.0, 5642511.0 ], [ 338721.0, 5642511.0 ], [ 338721.0, 5642512.0 ], [ 338722.0, 5642512.0 ], [ 338722.0, 5642514.0 ], [ 338721.0, 5642514.0 ], [ 338721.0, 5642515.0 ], [ 338720.028913503454532, 5642515.0 ], [ 338726.476924791117199, 5642517.0 ] ] ] ] } },
{ "type": "Feature", "properties": { "DN": 1, "gml_id": "DENW41AL30005XMlFL", "identifier": "urn:adv:oid:DENW41AL30005XMlFL", "aktualit_2": "2024-08-20Z", "idflurst": "DENW41AL30005XMl", "flaeche": 666.0, "flstkennz_": "05468202000352______", "flstnrzae": "352", "flstnrnen": null, "gemarkung": "Horrem", "gemaschl": "054682", "flur": "20", "flurschl": "054682020", "land": "Nordrhein-Westfalen", "landschl": "05", "regbezirk": "Kï¿½ln", "regbezschl": "053", "kreis": "Rhein-Erft-Kreis", "kreisschl": "05362", "gemeinde": "Kerpen", "gmdschl": "05362032", "abwrecht": "Kein abweichender Rechtszustand", "lagebeztxt": "An der Malzmï¿½hle 15", "tntxt": "Wohnbauflï¿½che;666", "area": 666, "s area": 126.0, "layer": "swale suitability new", "path": "C:\\Users\\kanis\\Desktop\\Thesis\\Data\\Analysis\\Horrem\\S\\swale suitability new.shp", "final area": 122.5 }, "geometry": { "type": "MultiPolygon", "coordinates": [ [ [ [ 338993.851548105420079, 5642374.016438268125057 ], [ 338993.388065554318018, 5642374.073100668378174 ], [ 338991.0, 5642373.990369158796966 ], [ 338991.0, 5642375.0 ], [ 338990.728013753308915, 5642375.0 ], [ 338990.503072285850067, 5642379.0 ], [ 338998.0, 5642379.0 ], [ 338998.0, 5642380.0 ], [ 339002.0, 5642380.0 ], [ 339002.0, 5642379.0 ], [ 339009.0, 5642379.0 ], [ 339009.0, 5642378.0 ], [ 339010.0, 5642378.0 ], [ 339010.0, 5642372.0 ], [ 338998.0, 5642372.0 ], [ 338998.0, 5642373.0 ], [ 338997.0, 5642373.0 ], [ 338997.0, 5642374.0 ], [ 338993.886996352986898, 5642374.0 ], [ 338993.851548105420079, 5642374.016438268125057 ] ], [ [ 338992.0, 5642375.0 ], [ 338992.0, 5642376.0 ], [ 338991.0, 5642376.0 ], [ 338991.0, 5642375.0 ], [ 338992.0, 5642375.0 ] ], [ [ 339002.0, 5642375.0 ], [ 339002.0, 5642376.0 ], [ 339001.0, 5642376.0 ], [ 339001.0, 5642375.0 ], [ 339002.0, 5642375.0 ] ] ] ] } },
{ "type": "Feature", "properties": { "DN": 1, "gml_id": "DENW41AL30005fxgFL", "identifier": "urn:adv:oid:DENW41AL30005fxgFL", "aktualit_2": "2024-08-20Z", "idflurst": "DENW41AL30005fxg", "flaeche": 432.0, "flstkennz_": "05468201900356______", "flstnrzae": "356", "flstnrnen": null, "gemarkung": "Horrem", "gemaschl": "054682", "flur": "19", "flurschl": "054682019", "land": "Nordrhein-Westfalen", "landschl": "05", "regbezirk": "Kï¿½ln", "regbezschl": "053", "kreis": "Rhein-Erft-Kreis", "kreisschl": "05362", "gemeinde": "Kerpen", "gmdschl": "05362032", "abwrecht": "Kein abweichender Rechtszustand", "lagebeztxt": "Merodestraï¿½e 4", "tntxt": "Wohnbauflï¿½che;432", "area": 431, "s area": 81.3, "layer": "swale suitability new", "path": "C:\\Users\\kanis\\Desktop\\Thesis\\Data\\Analysis\\Horrem\\S\\swale suitability new.shp", "final area": 49.4 }, "geometry": { "type": "MultiPolygon", "coordinates": [ [ [ [ 339071.211230858578347, 5642214.061343257315457 ], [ 339070.0, 5642226.760626868344843 ], [ 339070.0, 5642228.553533206693828 ], [ 339078.685346518293954, 5642229.169530776329339 ], [ 339078.906883942545392, 5642226.0 ], [ 339076.0, 5642226.0 ], [ 339076.0, 5642225.0 ], [ 339075.0, 5642225.0 ], [ 339075.0, 5642224.0 ], [ 339074.0, 5642224.0 ], [ 339074.0, 5642222.0 ], [ 339075.0, 5642222.0 ], [ 339075.0, 5642220.0 ], [ 339074.0, 5642220.0 ], [ 339074.0, 5642221.0 ], [ 339073.0, 5642221.0 ], [ 339073.0, 5642222.0 ], [ 339072.0, 5642222.0 ], [ 339072.0, 5642223.0 ], [ 339071.0, 5642223.0 ], [ 339071.0, 5642217.0 ], [ 339072.0, 5642217.0 ], [ 339072.0, 5642214.0 ], [ 339071.217078446701635, 5642214.0 ], [ 339071.211230858578347, 5642214.061343257315457 ] ] ] ] } },
{ "type": "Feature", "properties": { "DN": 1, "gml_id": "DENW41AL30005fxgFL", "identifier": "urn:adv:oid:DENW41AL30005fxgFL", "aktualit_2": "2024-08-20Z", "idflurst": "DENW41AL30005fxg", "flaeche": 432.0, "flstkennz_": "05468201900356______", "flstnrzae": "356", "flstnrnen": null, "gemarkung": "Horrem", "gemaschl": "054682", "flur": "19", "flurschl": "054682019", "land": "Nordrhein-Westfalen", "landschl": "05", "regbezirk": "Kï¿½ln", "regbezschl": "053", "kreis": "Rhein-Erft-Kreis", "kreisschl": "05362", "gemeinde": "Kerpen", "gmdschl": "05362032", "abwrecht": "Kein abweichender Rechtszustand", "lagebeztxt": "Merodestraï¿½e 4", "tntxt": "Wohnbauflï¿½che;432", "area": 431, "s area": 38.4, "layer": "swale suitability new", "path": "C:\\Users\\kanis\\Desktop\\Thesis\\Data\\Analysis\\Horrem\\S\\swale suitability new.shp", "final area": 33.5 }, "geometry": { "type": "MultiPolygon", "coordinates": [ [ [ [ 339080.025219443195965, 5642210.0 ], [ 339076.0, 5642210.0 ], [ 339076.0, 5642209.0 ], [ 339075.0, 5642209.0 ], [ 339075.0, 5642210.0 ], [ 339073.0, 5642210.0 ], [ 339073.0, 5642213.0 ], [ 339074.0, 5642213.0 ], [ 339074.0, 5642219.0 ], [ 339075.0, 5642219.0 ], [ 339075.0, 5642215.0 ], [ 339076.0, 5642215.0 ], [ 339076.0, 5642214.0 ], [ 339079.745635567989666, 5642214.0 ], [ 339080.025219443195965, 5642210.0 ] ] ] ] } },
{ "type": "Feature", "properties": { "DN": 1, "gml_id": "DENW41AL30005e6zFL", "identifier": "urn:adv:oid:DENW41AL30005e6zFL", "aktualit_2": "2024-08-20Z", "idflurst": "DENW41AL30005e6z", "flaeche": 906.0, "flstkennz_": "05468201900226______", "flstnrzae": "226", "flstnrnen": null, "gemarkung": "Horrem", "gemaschl": "054682", "flur": "19", "flurschl": "054682019", "land": "Nordrhein-Westfalen", "landschl": "05", "regbezirk": "Kï¿½ln", "regbezschl": "053", "kreis": "Rhein-Erft-Kreis", "kreisschl": "05362", "gemeinde": "Kerpen", "gmdschl": "05362032", "abwrecht": "Kein abweichender Rechtszustand", "lagebeztxt": "Merodestraï¿½e 12", "tntxt": "Wohnbauflï¿½che;906", "area": 907, "s area": 77.7, "layer": "swale suitability new", "path": "C:\\Users\\kanis\\Desktop\\Thesis\\Data\\Analysis\\Horrem\\S\\swale suitability new.shp", "final area": 62.3 }, "geometry": { "type": "MultiPolygon", "coordinates": [ [ [ [ 339039.051683691854123, 5642186.199583039619029 ], [ 339031.985986388288438, 5642185.0 ], [ 339031.0, 5642185.0 ], [ 339031.0, 5642187.0 ], [ 339029.0, 5642187.0 ], [ 339029.0, 5642184.49305235221982 ], [ 339026.095858677115757, 5642184.0 ], [ 339026.0, 5642184.0 ], [ 339026.0, 5642183.983725534752011 ], [ 339020.205730965884868, 5642183.0 ], [ 339020.0, 5642183.0 ], [ 339020.0, 5642185.0 ], [ 339019.0, 5642185.0 ], [ 339019.0, 5642187.0 ], [ 339023.0, 5642187.0 ], [ 339023.0, 5642188.0 ], [ 339026.0, 5642188.0 ], [ 339026.0, 5642187.0 ], [ 339027.0, 5642187.0 ], [ 339027.0, 5642188.0 ], [ 339032.0, 5642188.0 ], [ 339032.0, 5642189.0 ], [ 339037.0, 5642189.0 ], [ 339037.0, 5642188.0 ], [ 339038.0, 5642188.0 ], [ 339038.0, 5642187.0 ], [ 339038.955179519311059, 5642187.0 ], [ 339039.051683691854123, 5642186.199583039619029 ] ] ] ] } },
{ "type": "Feature", "properties": { "DN": 1, "gml_id": "DENW41AL30005gqxFL", "identifier": "urn:adv:oid:DENW41AL30005gqxFL", "aktualit_2": "2024-08-20Z", "idflurst": "DENW41AL30005gqx", "flaeche": 470.0, "flstkennz_": "05468202100365______", "flstnrzae": "365", "flstnrnen": null, "gemarkung": "Horrem", "gemaschl": "054682", "flur": "21", "flurschl": "054682021", "land": "Nordrhein-Westfalen", "landschl": "05", "regbezirk": "Kï¿½ln", "regbezschl": "053", "kreis": "Rhein-Erft-Kreis", "kreisschl": "05362", "gemeinde": "Kerpen", "gmdschl": "05362032", "abwrecht": "Kein abweichender Rechtszustand", "lagebeztxt": "Sistenichstraï¿½e 32", "tntxt": "Wohnbauflï¿½che;470", "area": 469, "s area": 221.2, "layer": "swale suitability new", "path": "C:\\Users\\kanis\\Desktop\\Thesis\\Data\\Analysis\\Horrem\\S\\swale suitability new.shp", "final area": 159.1 }, "geometry": { "type": "MultiPolygon", "coordinates": [ [ [ [ 338934.500042581174057, 5642552.98361558187753 ], [ 338934.0, 5642552.972288602031767 ], [ 338934.0, 5642553.0 ], [ 338935.0, 5642553.0 ], [ 338935.0, 5642554.0 ], [ 338936.0, 5642554.0 ], [ 338936.0, 5642555.0 ], [ 338933.0, 5642555.0 ], [ 338933.0, 5642554.0 ], [ 338932.0, 5642554.0 ], [ 338932.0, 5642553.0 ], [ 338933.0, 5642553.0 ], [ 338933.0, 5642552.94963657297194 ], [ 338928.761030669033062, 5642552.853615312837064 ], [ 338919.0, 5642552.632553313858807 ], [ 338919.0, 5642559.0 ], [ 338920.0, 5642559.0 ], [ 338920.0, 5642559.308675827458501 ], [ 338921.160032192070503, 5642559.366777612827718 ], [ 338935.418028229556512, 5642560.042682614177465 ], [ 338935.419859475048725, 5642560.04277054592967 ], [ 338939.0, 5642560.216874158009887 ], [ 338939.0, 5642559.0 ], [ 338938.0, 5642559.0 ], [ 338938.0, 5642558.0 ], [ 338941.0, 5642558.0 ], [ 338941.0, 5642559.0 ], [ 338942.0, 5642559.0 ], [ 338942.0, 5642560.0 ], [ 338943.0, 5642560.0 ], [ 338943.0, 5642556.0 ], [ 338945.0, 5642556.0 ], [ 338945.0, 5642554.0 ], [ 338946.0, 5642554.0 ], [ 338946.0, 5642553.244021565653384 ], [ 338934.500042581174057, 5642552.98361558187753 ] ] ] ] } },
{ "type": "Feature", "properties": { "DN": 1, "gml_id": "DENW41AL30005ZtpFL", "identifier": "urn:adv:oid:DENW41AL30005ZtpFL", "aktualit_2": "2024-08-20Z", "idflurst": "DENW41AL30005Ztp", "flaeche": 758.0, "flstkennz_": "054682021000520002__", "flstnrzae": "52", "flstnrnen": "2", "gemarkung": "Horrem", "gemaschl": "054682", "flur": "21", "flurschl": "054682021", "land": "Nordrhein-Westfalen", "landschl": "05", "regbezirk": "Kï¿½ln", "regbezschl": "053", "kreis": "Rhein-Erft-Kreis", "kreisschl": "05362", "gemeinde": "Kerpen", "gmdschl": "05362032", "abwrecht": "Kein abweichender Rechtszustand", "lagebeztxt": "Adenauerstraï¿½e 22", "tntxt": "Wohnbauflï¿½che;758", "area": 751, "s area": 148.2, "layer": "swale suitability new", "path": "C:\\Users\\kanis\\Desktop\\Thesis\\Data\\Analysis\\Horrem\\S\\swale suitability new.shp", "final area": 116.5 }, "geometry": { "type": "MultiPolygon", "coordinates": [ [ [ [ 338776.10515100118937, 5642500.244832587428391 ], [ 338776.0, 5642501.687457975931466 ], [ 338776.0, 5642505.0 ], [ 338775.758553320192732, 5642505.0 ], [ 338774.506615220336244, 5642522.176038911566138 ], [ 338775.0, 5642522.218692408874631 ], [ 338775.0, 5642517.0 ], [ 338776.0, 5642517.0 ], [ 338776.0, 5642512.0 ], [ 338777.0, 5642512.0 ], [ 338777.0, 5642516.0 ], [ 338778.0, 5642516.0 ], [ 338778.0, 5642517.0 ], [ 338779.0, 5642517.0 ], [ 338779.0, 5642518.0 ], [ 338781.0, 5642518.0 ], [ 338781.0, 5642515.0 ], [ 338782.0, 5642515.0 ], [ 338782.0, 5642514.0 ], [ 338783.0, 5642514.0 ], [ 338783.0, 5642502.0 ], [ 338784.0, 5642502.0 ], [ 338784.0, 5642500.808373649604619 ], [ 338776.10515100118937, 5642500.244832587428391 ] ], [ [ 338777.0, 5642510.0 ], [ 338777.0, 5642511.0 ], [ 338776.0, 5642511.0 ], [ 338776.0, 5642510.0 ], [ 338777.0, 5642510.0 ] ] ] ] } },
{ "type": "Feature", "properties": { "DN": 1, "gml_id": "DENW41AL30005VXFFL", "identifier": "urn:adv:oid:DENW41AL30005VXFFL", "aktualit_2": "2024-08-20Z", "idflurst": "DENW41AL30005VXF", "flaeche": 449.0, "flstkennz_": "05468201900129______", "flstnrzae": "129", "flstnrnen": null, "gemarkung": "Horrem", "gemaschl": "054682", "flur": "19", "flurschl": "054682019", "land": "Nordrhein-Westfalen", "landschl": "05", "regbezirk": "Kï¿½ln", "regbezschl": "053", "kreis": "Rhein-Erft-Kreis", "kreisschl": "05362", "gemeinde": "Kerpen", "gmdschl": "05362032", "abwrecht": "Kein abweichender Rechtszustand", "lagebeztxt": "Sistenichstraï¿½e 62", "tntxt": "Wohnbauflï¿½che;449", "area": 449, "s area": 155.3, "layer": "swale suitability new", "path": "C:\\Users\\kanis\\Desktop\\Thesis\\Data\\Analysis\\Horrem\\S\\swale suitability new.shp", "final area": 107.3 }, "geometry": { "type": "MultiPolygon", "coordinates": [ [ [ [ 338949.279228583676741, 5642281.374101092107594 ], [ 338949.077335543523077, 5642287.699281853623688 ], [ 338962.0, 5642287.519348352216184 ], [ 338962.0, 5642287.0 ], [ 338961.0, 5642287.0 ], [ 338961.0, 5642286.0 ], [ 338958.0, 5642286.0 ], [ 338958.0, 5642285.0 ], [ 338961.0, 5642285.0 ], [ 338961.0, 5642284.0 ], [ 338960.0, 5642284.0 ], [ 338960.0, 5642283.0 ], [ 338958.0, 5642283.0 ], [ 338958.0, 5642280.0 ], [ 338959.0, 5642280.0 ], [ 338959.0, 5642279.0 ], [ 338961.0, 5642279.0 ], [ 338961.0, 5642277.0 ], [ 338960.0, 5642277.0 ], [ 338960.0, 5642276.0 ], [ 338959.0, 5642276.0 ], [ 338959.0, 5642275.568370448425412 ], [ 338955.853338372253347, 5642275.612848223187029 ], [ 338949.462072253634688, 5642275.704350434243679 ], [ 338949.279228583676741, 5642281.374101092107594 ] ], [ [ 338953.0, 5642287.0 ], [ 338952.0, 5642287.0 ], [ 338952.0, 5642286.0 ], [ 338953.0, 5642286.0 ], [ 338953.0, 5642287.0 ] ], [ [ 338955.0, 5642283.0 ], [ 338957.0, 5642283.0 ], [ 338957.0, 5642286.0 ], [ 338956.0, 5642286.0 ], [ 338956.0, 5642284.0 ], [ 338955.0, 5642284.0 ], [ 338955.0, 5642283.0 ] ], [ [ 338951.0, 5642282.0 ], [ 338950.0, 5642282.0 ], [ 338950.0, 5642281.0 ], [ 338954.0, 5642281.0 ], [ 338954.0, 5642282.0 ], [ 338953.0, 5642282.0 ], [ 338953.0, 5642285.0 ], [ 338950.0, 5642285.0 ], [ 338950.0, 5642283.0 ], [ 338951.0, 5642283.0 ], [ 338951.0, 5642282.0 ] ] ] ] } },
{ "type": "Feature", "properties": { "DN": 1, "gml_id": "DENW41AL30005YQOFL", "identifier": "urn:adv:oid:DENW41AL30005YQOFL", "aktualit_2": "2024-08-20Z", "idflurst": "DENW41AL30005YQO", "flaeche": 381.0, "flstkennz_": "05468201900230______", "flstnrzae": "230", "flstnrnen": null, "gemarkung": "Horrem", "gemaschl": "054682", "flur": "19", "flurschl": "054682019", "land": "Nordrhein-Westfalen", "landschl": "05", "regbezirk": "Kï¿½ln", "regbezschl": "053", "kreis": "Rhein-Erft-Kreis", "kreisschl": "05362", "gemeinde": "Kerpen", "gmdschl": "05362032", "abwrecht": "Kein abweichender Rechtszustand", "lagebeztxt": "Grabenweg 1", "tntxt": "Wohnbauflï¿½che;381", "area": 381, "s area": 57.6, "layer": "swale suitability new", "path": "C:\\Users\\kanis\\Desktop\\Thesis\\Data\\Analysis\\Horrem\\S\\swale suitability new.shp", "final area": 35.2 }, "geometry": { "type": "MultiPolygon", "coordinates": [ [ [ [ 338948.387449121510144, 5642309.0 ], [ 338949.0, 5642309.0 ], [ 338949.0, 5642308.0 ], [ 338951.0, 5642308.0 ], [ 338951.0, 5642309.0 ], [ 338952.0, 5642309.0 ], [ 338952.0, 5642310.0 ], [ 338954.0, 5642310.0 ], [ 338954.0, 5642309.0 ], [ 338960.0, 5642309.0 ], [ 338960.0, 5642306.0 ], [ 338960.502884122775868, 5642306.0 ], [ 338960.53392087155953, 5642305.042182832024992 ], [ 338955.0, 5642305.117313928902149 ], [ 338955.0, 5642306.0 ], [ 338954.0, 5642306.0 ], [ 338954.0, 5642307.0 ], [ 338949.0, 5642307.0 ], [ 338949.0, 5642305.198772734031081 ], [ 338948.510704396932852, 5642305.205415640026331 ], [ 338948.387449121510144, 5642309.0 ] ] ] ] } },
{ "type": "Feature", "properties": { "DN": 1, "gml_id": "DENW41AL30005YQOFL", "identifier": "urn:adv:oid:DENW41AL30005YQOFL", "aktualit_2": "2024-08-20Z", "idflurst": "DENW41AL30005YQO", "flaeche": 381.0, "flstkennz_": "05468201900230______", "flstnrzae": "230", "flstnrnen": null, "gemarkung": "Horrem", "gemaschl": "054682", "flur": "19", "flurschl": "054682019", "land": "Nordrhein-Westfalen", "landschl": "05", "regbezirk": "Kï¿½ln", "regbezschl": "053", "kreis": "Rhein-Erft-Kreis", "kreisschl": "05362", "gemeinde": "Kerpen", "gmdschl": "05362032", "abwrecht": "Kein abweichender Rechtszustand", "lagebeztxt": "Grabenweg 1", "tntxt": "Wohnbauflï¿½che;381", "area": 381, "s area": 57.6, "layer": "swale suitability new", "path": "C:\\Users\\kanis\\Desktop\\Thesis\\Data\\Analysis\\Horrem\\S\\swale suitability new.shp", "final area": 0.9 }, "geometry": { "type": "MultiPolygon", "coordinates": [ [ [ [ 338953.0, 5642305.144466863945127 ], [ 338953.0, 5642306.0 ], [ 338954.0, 5642306.0 ], [ 338954.0, 5642305.130890396423638 ], [ 338953.0, 5642305.144466863945127 ] ] ] ] } },
{ "type": "Feature", "properties": { "DN": 1, "gml_id": "DENW41AL30005as1FL", "identifier": "urn:adv:oid:DENW41AL30005as1FL", "aktualit_2": "2024-08-20Z", "idflurst": "DENW41AL30005as1", "flaeche": 443.0, "flstkennz_": "05468201900140______", "flstnrzae": "140", "flstnrnen": null, "gemarkung": "Horrem", "gemaschl": "054682", "flur": "19", "flurschl": "054682019", "land": "Nordrhein-Westfalen", "landschl": "05", "regbezirk": "Kï¿½ln", "regbezschl": "053", "kreis": "Rhein-Erft-Kreis", "kreisschl": "05362", "gemeinde": "Kerpen", "gmdschl": "05362032", "abwrecht": "Kein abweichender Rechtszustand", "lagebeztxt": "Sistenichstraï¿½e 60", "tntxt": "Wohnbauflï¿½che;443", "area": 444, "s area": 174.8, "layer": "swale suitability new", "path": "C:\\Users\\kanis\\Desktop\\Thesis\\Data\\Analysis\\Horrem\\S\\swale suitability new.shp", "final area": 111.9 }, "geometry": { "type": "MultiPolygon", "coordinates": [ [ [ [ 338948.979525279835798, 5642290.700934549793601 ], [ 338948.607924290001392, 5642302.203819269314408 ], [ 338962.0, 5642302.022002189420164 ], [ 338962.0, 5642302.0 ], [ 338961.0, 5642302.0 ], [ 338961.0, 5642291.0 ], [ 338962.0, 5642291.0 ], [ 338962.0, 5642290.519639150239527 ], [ 338948.979525279835798, 5642290.700934549793601 ] ], [ [ 338951.0, 5642294.0 ], [ 338952.0, 5642294.0 ], [ 338952.0, 5642293.0 ], [ 338957.0, 5642293.0 ], [ 338957.0, 5642294.0 ], [ 338955.0, 5642294.0 ], [ 338955.0, 5642295.0 ], [ 338953.0, 5642295.0 ], [ 338953.0, 5642298.0 ], [ 338955.0, 5642298.0 ], [ 338955.0, 5642300.0 ], [ 338952.0, 5642300.0 ], [ 338952.0, 5642301.0 ], [ 338950.0, 5642301.0 ], [ 338950.0, 5642299.0 ], [ 338951.0, 5642299.0 ], [ 338951.0, 5642294.0 ] ], [ [ 338958.0, 5642292.0 ], [ 338960.0, 5642292.0 ], [ 338960.0, 5642294.0 ], [ 338959.0, 5642294.0 ], [ 338959.0, 5642293.0 ], [ 338958.0, 5642293.0 ], [ 338958.0, 5642292.0 ] ] ] ] } },
{ "type": "Feature", "properties": { "DN": 1, "gml_id": "DENW41AL30005Tu9FL", "identifier": "urn:adv:oid:DENW41AL30005Tu9FL", "aktualit_2": "2024-08-20Z", "idflurst": "DENW41AL30005Tu9", "flaeche": 1326.0, "flstkennz_": "05468201900385______", "flstnrzae": "385", "flstnrnen": null, "gemarkung": "Horrem", "gemaschl": "054682", "flur": "19", "flurschl": "054682019", "land": "Nordrhein-Westfalen", "landschl": "05", "regbezirk": "Kï¿½ln", "regbezschl": "053", "kreis": "Rhein-Erft-Kreis", "kreisschl": "05362", "gemeinde": "Kerpen", "gmdschl": "05362032", "abwrecht": "Kein abweichender Rechtszustand", "lagebeztxt": "Hebbelstraï¿½e 7, 9, 11", "tntxt": "Wohnbauflï¿½che;1326", "area": 1325, "s area": 228.4, "layer": "swale suitability new", "path": "C:\\Users\\kanis\\Desktop\\Thesis\\Data\\Analysis\\Horrem\\S\\swale suitability new.shp", "final area": 214.7 }, "geometry": { "type": "MultiPolygon", "coordinates": [ [ [ [ 338893.0, 5642176.905474091880023 ], [ 338893.0, 5642179.0 ], [ 338891.0, 5642179.0 ], [ 338891.0, 5642181.0 ], [ 338892.0, 5642181.0 ], [ 338892.0, 5642183.0 ], [ 338893.0, 5642183.0 ], [ 338893.0, 5642184.0 ], [ 338892.0, 5642184.0 ], [ 338892.0, 5642185.0 ], [ 338893.0, 5642185.0 ], [ 338893.0, 5642191.0 ], [ 338892.0, 5642191.0 ], [ 338892.0, 5642193.0 ], [ 338891.0, 5642193.0 ], [ 338891.0, 5642197.0 ], [ 338890.0, 5642197.0 ], [ 338890.0, 5642201.0 ], [ 338891.0, 5642201.0 ], [ 338891.0, 5642207.0 ], [ 338890.0, 5642207.0 ], [ 338890.0, 5642208.0 ], [ 338891.0, 5642208.0 ], [ 338891.0, 5642216.0 ], [ 338890.0, 5642216.0 ], [ 338890.0, 5642219.0 ], [ 338889.0, 5642219.0 ], [ 338889.0, 5642220.0 ], [ 338890.0, 5642220.0 ], [ 338890.0, 5642223.0 ], [ 338891.0, 5642223.0 ], [ 338891.0, 5642225.0 ], [ 338892.0, 5642225.0 ], [ 338892.0, 5642224.0 ], [ 338893.0, 5642224.0 ], [ 338893.0, 5642222.0 ], [ 338894.0, 5642222.0 ], [ 338894.0, 5642217.0 ], [ 338893.0, 5642217.0 ], [ 338893.0, 5642215.0 ], [ 338894.0, 5642215.0 ], [ 338894.0, 5642210.0 ], [ 338895.0, 5642210.0 ], [ 338895.0, 5642206.0 ], [ 338896.0, 5642206.0 ], [ 338896.0, 5642194.0 ], [ 338897.0, 5642194.0 ], [ 338897.0, 5642191.0 ], [ 338896.0, 5642191.0 ], [ 338896.0, 5642190.0 ], [ 338897.0, 5642190.0 ], [ 338897.0, 5642187.0 ], [ 338898.0, 5642187.0 ], [ 338898.0, 5642183.0 ], [ 338899.0, 5642183.0 ], [ 338899.0, 5642181.0 ], [ 338900.0, 5642181.0 ], [ 338900.0, 5642180.340067747049034 ], [ 338893.0, 5642176.905474091880023 ] ] ] ] } },
{ "type": "Feature", "properties": { "DN": 1, "gml_id": "DENW41AL30005h8MFL", "identifier": "urn:adv:oid:DENW41AL30005h8MFL", "aktualit_2": "2024-08-20Z", "idflurst": "DENW41AL30005h8M", "flaeche": 549.0, "flstkennz_": "05468201900384______", "flstnrzae": "384", "flstnrnen": null, "gemarkung": "Horrem", "gemaschl": "054682", "flur": "19", "flurschl": "054682019", "land": "Nordrhein-Westfalen", "landschl": "05", "regbezirk": "Kï¿½ln", "regbezschl": "053", "kreis": "Rhein-Erft-Kreis", "kreisschl": "05362", "gemeinde": "Kerpen", "gmdschl": "05362032", "abwrecht": "Kein abweichender Rechtszustand", "lagebeztxt": "Merodestraï¿½e 20", "tntxt": "Wohnbauflï¿½che;549", "area": 549, "s area": 51.7, "layer": "swale suitability new", "path": "C:\\Users\\kanis\\Desktop\\Thesis\\Data\\Analysis\\Horrem\\S\\swale suitability new.shp", "final area": 36.3 }, "geometry": { "type": "MultiPolygon", "coordinates": [ [ [ [ 338902.0, 5642177.979720172472298 ], [ 338902.0, 5642175.0 ], [ 338903.0, 5642175.0 ], [ 338903.0, 5642173.0 ], [ 338900.0, 5642173.0 ], [ 338900.0, 5642172.0 ], [ 338899.0, 5642172.0 ], [ 338899.0, 5642173.0 ], [ 338898.0, 5642173.0 ], [ 338898.0, 5642172.0 ], [ 338896.0, 5642172.0 ], [ 338896.0, 5642171.0 ], [ 338893.0, 5642171.0 ], [ 338893.0, 5642173.0 ], [ 338892.0, 5642173.0 ], [ 338892.0, 5642173.073157806880772 ], [ 338902.0, 5642177.979720172472298 ] ] ] ] } },
{ "type": "Feature", "properties": { "DN": 1, "gml_id": "DENW41AL30005h8MFL", "identifier": "urn:adv:oid:DENW41AL30005h8MFL", "aktualit_2": "2024-08-20Z", "idflurst": "DENW41AL30005h8M", "flaeche": 549.0, "flstkennz_": "05468201900384______", "flstnrzae": "384", "flstnrnen": null, "gemarkung": "Horrem", "gemaschl": "054682", "flur": "19", "flurschl": "054682019", "land": "Nordrhein-Westfalen", "landschl": "05", "regbezirk": "Kï¿½ln", "regbezschl": "053", "kreis": "Rhein-Erft-Kreis", "kreisschl": "05362", "gemeinde": "Kerpen", "gmdschl": "05362032", "abwrecht": "Kein abweichender Rechtszustand", "lagebeztxt": "Merodestraï¿½e 20", "tntxt": "Wohnbauflï¿½che;549", "area": 549, "s area": 96.6, "layer": "swale suitability new", "path": "C:\\Users\\kanis\\Desktop\\Thesis\\Data\\Analysis\\Horrem\\S\\swale suitability new.shp", "final area": 61.2 }, "geometry": { "type": "MultiPolygon", "coordinates": [ [ [ [ 338889.448735392536037, 5642171.821363916620612 ], [ 338889.81281123647932, 5642172.0 ], [ 338890.0, 5642172.0 ], [ 338890.0, 5642170.0 ], [ 338887.0, 5642170.0 ], [ 338887.0, 5642169.0 ], [ 338886.0, 5642169.0 ], [ 338886.0, 5642168.0 ], [ 338885.0, 5642168.0 ], [ 338885.0, 5642165.0 ], [ 338886.0, 5642165.0 ], [ 338886.0, 5642161.0 ], [ 338887.0, 5642161.0 ], [ 338887.0, 5642157.0 ], [ 338888.0, 5642157.0 ], [ 338888.0, 5642156.624758074991405 ], [ 338883.388345107669011, 5642155.627209652215242 ], [ 338883.345409270841628, 5642156.0 ], [ 338884.0, 5642156.0 ], [ 338884.0, 5642157.0 ], [ 338883.23023505276069, 5642157.0 ], [ 338881.640115368238185, 5642170.806212108582258 ], [ 338888.965370939229615, 5642171.678523732349277 ], [ 338889.448735392536037, 5642171.821363916620612 ] ], [ [ 338885.0, 5642157.0 ], [ 338885.0, 5642158.0 ], [ 338884.0, 5642158.0 ], [ 338884.0, 5642157.0 ], [ 338885.0, 5642157.0 ] ] ] ] } },
{ "type": "Feature", "properties": { "DN": 1, "gml_id": "DENW41AL30005X4CFL", "identifier": "urn:adv:oid:DENW41AL30005X4CFL", "aktualit_2": "2024-08-20Z", "idflurst": "DENW41AL30005X4C", "flaeche": 814.0, "flstkennz_": "05468201900364______", "flstnrzae": "364", "flstnrnen": null, "gemarkung": "Horrem", "gemaschl": "054682", "flur": "19", "flurschl": "054682019", "land": "Nordrhein-Westfalen", "landschl": "05", "regbezirk": "Kï¿½ln", "regbezschl": "053", "kreis": "Rhein-Erft-Kreis", "kreisschl": "05362", "gemeinde": "Kerpen", "gmdschl": "05362032", "abwrecht": "Kein abweichender Rechtszustand", "lagebeztxt": "Fischbachstraï¿½e 1", "tntxt": "Wohnbauflï¿½che;814", "area": 809, "s area": 460.4, "layer": "swale suitability new", "path": "C:\\Users\\kanis\\Desktop\\Thesis\\Data\\Analysis\\Horrem\\S\\swale suitability new.shp", "final area": 352.8 }, "geometry": { "type": "MultiPolygon", "coordinates": [ [ [ [ 338993.802273443667218, 5642303.29279141779989 ], [ 338993.559724318154622, 5642303.33720884937793 ], [ 338993.328932365984656, 5642303.420274056494236 ], [ 338993.115881555830128, 5642303.539681604132056 ], [ 338992.908474838652182, 5642303.706145696341991 ], [ 338992.760598566499539, 5642303.862692238762975 ], [ 338992.655113245244138, 5642304.02156081981957 ], [ 338992.577414010011125, 5642304.197135334834456 ], [ 338992.518731067422777, 5642304.430251978337765 ], [ 338992.450379365996923, 5642304.907289894297719 ], [ 338992.801870481460355, 5642332.163285088725388 ], [ 338992.826469341933262, 5642334.0 ], [ 338993.0, 5642334.0 ], [ 338993.0, 5642334.767229894176126 ], [ 338993.729360058438033, 5642334.7907475233078 ], [ 338994.0, 5642334.799119399860501 ], [ 338994.0, 5642332.0 ], [ 338996.0, 5642332.0 ], [ 338996.0, 5642333.0 ], [ 338998.0, 5642333.0 ], [ 338998.0, 5642332.0 ], [ 338999.0, 5642332.0 ], [ 338999.0, 5642331.0 ], [ 339008.0, 5642331.0 ], [ 339008.0, 5642332.0 ], [ 339009.0, 5642332.0 ], [ 339009.0, 5642335.0 ], [ 339012.0, 5642335.0 ], [ 339012.0, 5642335.355563038960099 ], [ 339012.637597995868418, 5642335.375229084864259 ], [ 339012.757673334039282, 5642332.84416735265404 ], [ 339013.032980671036057, 5642327.0 ], [ 339013.0, 5642327.0 ], [ 339013.0, 5642326.0 ], [ 339013.080088722577784, 5642326.0 ], [ 339013.88092559913639, 5642309.0 ], [ 339011.0, 5642309.0 ], [ 339011.0, 5642318.0 ], [ 339010.0, 5642318.0 ], [ 339010.0, 5642320.0 ], [ 339008.0, 5642320.0 ], [ 339008.0, 5642321.0 ], [ 339007.0, 5642321.0 ], [ 339007.0, 5642320.0 ], [ 338993.0, 5642320.0 ], [ 338993.0, 5642318.0 ], [ 338995.0, 5642318.0 ], [ 338995.0, 5642319.0 ], [ 338997.0, 5642319.0 ], [ 338997.0, 5642318.0 ], [ 338996.0, 5642318.0 ], [ 338996.0, 5642308.0 ], [ 338997.0, 5642308.0 ], [ 338997.0, 5642306.0 ], [ 339009.0, 5642306.0 ], [ 339009.0, 5642304.322486255317926 ], [ 339007.0, 5642304.18354182317853 ], [ 339007.0, 5642305.0 ], [ 339006.0, 5642305.0 ], [ 339006.0, 5642304.114069608040154 ], [ 338994.107116911152843, 5642303.287844667211175 ], [ 338993.802273443667218, 5642303.29279141779989 ] ], [ [ 339004.0, 5642330.0 ], [ 339003.0, 5642330.0 ], [ 339003.0, 5642329.0 ], [ 339004.0, 5642329.0 ], [ 339004.0, 5642330.0 ] ], [ [ 338997.0, 5642328.0 ], [ 338996.0, 5642328.0 ], [ 338996.0, 5642327.0 ], [ 338997.0, 5642327.0 ], [ 338997.0, 5642328.0 ] ], [ [ 338995.0, 5642327.0 ], [ 338995.0, 5642326.0 ], [ 338996.0, 5642326.0 ], [ 338996.0, 5642327.0 ], [ 338995.0, 5642327.0 ] ], [ [ 339002.0, 5642324.0 ], [ 339000.0, 5642324.0 ], [ 339000.0, 5642322.0 ], [ 339002.0, 5642322.0 ], [ 339002.0, 5642324.0 ] ], [ [ 339003.0, 5642322.0 ], [ 339005.0, 5642322.0 ], [ 339005.0, 5642323.0 ], [ 339006.0, 5642323.0 ], [ 339006.0, 5642324.0 ], [ 339004.0, 5642324.0 ], [ 339004.0, 5642323.0 ], [ 339003.0, 5642323.0 ], [ 339003.0, 5642322.0 ] ] ] ] } },
{ "type": "Feature", "properties": { "DN": 1, "gml_id": "DENW41AL30005ccrFL", "identifier": "urn:adv:oid:DENW41AL30005ccrFL", "aktualit_2": "2024-08-20Z", "idflurst": "DENW41AL30005ccr", "flaeche": 603.0, "flstkennz_": "054682019000210006__", "flstnrzae": "21", "flstnrnen": "6", "gemarkung": "Horrem", "gemaschl": "054682", "flur": "19", "flurschl": "054682019", "land": "Nordrhein-Westfalen", "landschl": "05", "regbezirk": "Kï¿½ln", "regbezschl": "053", "kreis": "Rhein-Erft-Kreis", "kreisschl": "05362", "gemeinde": "Kerpen", "gmdschl": "05362032", "abwrecht": "Kein abweichender Rechtszustand", "lagebeztxt": "Fischbachstraï¿½e 2", "tntxt": "Wohnbauflï¿½che;603", "area": 598, "s area": 207.6, "layer": "swale suitability new", "path": "C:\\Users\\kanis\\Desktop\\Thesis\\Data\\Analysis\\Horrem\\S\\swale suitability new.shp", "final area": 135.6 }, "geometry": { "type": "MultiPolygon", "coordinates": [ [ [ [ 339016.177631733706221, 5642324.0 ], [ 339017.0, 5642324.0 ], [ 339017.0, 5642325.0 ], [ 339019.0, 5642325.0 ], [ 339019.0, 5642327.0 ], [ 339022.0, 5642327.0 ], [ 339022.0, 5642330.0 ], [ 339021.0, 5642330.0 ], [ 339021.0, 5642331.0 ], [ 339022.0, 5642331.0 ], [ 339022.0, 5642331.614785341545939 ], [ 339036.911182637850288, 5642332.00044072046876 ], [ 339037.045203502115328, 5642329.0 ], [ 339037.0, 5642329.0 ], [ 339037.0, 5642328.0 ], [ 339034.0, 5642328.0 ], [ 339034.0, 5642326.0 ], [ 339033.0, 5642326.0 ], [ 339033.0, 5642323.0 ], [ 339032.0, 5642323.0 ], [ 339032.0, 5642322.0 ], [ 339029.0, 5642322.0 ], [ 339029.0, 5642323.0 ], [ 339017.0, 5642323.0 ], [ 339017.0, 5642322.0 ], [ 339016.271847836847883, 5642322.0 ], [ 339016.177631733706221, 5642324.0 ] ] ] ] } },
{ "type": "Feature", "properties": { "DN": 1, "gml_id": "DENW41AL30005ccrFL", "identifier": "urn:adv:oid:DENW41AL30005ccrFL", "aktualit_2": "2024-08-20Z", "idflurst": "DENW41AL30005ccr", "flaeche": 603.0, "flstkennz_": "054682019000210006__", "flstnrzae": "21", "flstnrnen": "6", "gemarkung": "Horrem", "gemaschl": "054682", "flur": "19", "flurschl": "054682019", "land": "Nordrhein-Westfalen", "landschl": "05", "regbezirk": "Kï¿½ln", "regbezschl": "053", "kreis": "Rhein-Erft-Kreis", "kreisschl": "05362", "gemeinde": "Kerpen", "gmdschl": "05362032", "abwrecht": "Kein abweichender Rechtszustand", "lagebeztxt": "Fischbachstraï¿½e 2", "tntxt": "Wohnbauflï¿½che;603", "area": 598, "s area": 207.6, "layer": "swale suitability new", "path": "C:\\Users\\kanis\\Desktop\\Thesis\\Data\\Analysis\\Horrem\\S\\swale suitability new.shp", "final area": 1.1 }, "geometry": { "type": "MultiPolygon", "coordinates": [ [ [ [ 339021.0, 5642331.588921841233969 ], [ 339021.0, 5642331.0 ], [ 339019.0, 5642331.0 ], [ 339019.0, 5642331.537194839678705 ], [ 339021.0, 5642331.588921841233969 ] ] ] ] } },
{ "type": "Feature", "properties": { "DN": 1, "gml_id": "DENW41AL30005byxFL", "identifier": "urn:adv:oid:DENW41AL30005byxFL", "aktualit_2": "2025-01-17Z", "idflurst": "DENW41AL30005byx", "flaeche": 619.0, "flstkennz_": "05468202100454______", "flstnrzae": "454", "flstnrnen": null, "gemarkung": "Horrem", "gemaschl": "054682", "flur": "21", "flurschl": "054682021", "land": "Nordrhein-Westfalen", "landschl": "05", "regbezirk": "Kï¿½ln", "regbezschl": "053", "kreis": "Rhein-Erft-Kreis", "kreisschl": "05362", "gemeinde": "Kerpen", "gmdschl": "05362032", "abwrecht": "Kein abweichender Rechtszustand", "lagebeztxt": "Sistenichstraï¿½e 28", "tntxt": "Wohnbauflï¿½che;619", "area": 618, "s area": 268.3, "layer": "swale suitability new", "path": "C:\\Users\\kanis\\Desktop\\Thesis\\Data\\Analysis\\Horrem\\S\\swale suitability new.shp", "final area": 185.8 }, "geometry": { "type": "MultiPolygon", "coordinates": [ [ [ [ 338910.895034956978634, 5642576.080279812216759 ], [ 338932.0, 5642584.039535354822874 ], [ 338932.0, 5642583.0 ], [ 338933.0, 5642583.0 ], [ 338933.0, 5642581.0 ], [ 338938.0, 5642581.0 ], [ 338938.0, 5642582.0 ], [ 338941.0, 5642582.0 ], [ 338941.0, 5642580.0 ], [ 338942.0, 5642580.0 ], [ 338942.0, 5642579.0 ], [ 338943.0, 5642579.0 ], [ 338943.0, 5642577.0 ], [ 338944.0, 5642577.0 ], [ 338944.0, 5642575.478323561139405 ], [ 338937.629744698991999, 5642575.154060455970466 ], [ 338937.570462049043272, 5642575.149863937869668 ], [ 338920.33321222779341, 5642573.585932001471519 ], [ 338911.814438456087373, 5642572.821651054546237 ], [ 338911.899560547084548, 5642573.410337516106665 ], [ 338911.897443775087595, 5642573.853824066929519 ], [ 338911.765738487709314, 5642574.277307854965329 ], [ 338910.895034956978634, 5642576.080279812216759 ] ], [ [ 338930.0, 5642583.0 ], [ 338930.0, 5642582.0 ], [ 338932.0, 5642582.0 ], [ 338932.0, 5642583.0 ], [ 338930.0, 5642583.0 ] ], [ [ 338941.0, 5642579.0 ], [ 338941.0, 5642578.0 ], [ 338942.0, 5642578.0 ], [ 338942.0, 5642579.0 ], [ 338941.0, 5642579.0 ] ], [ [ 338930.0, 5642581.0 ], [ 338929.0, 5642581.0 ], [ 338929.0, 5642580.0 ], [ 338930.0, 5642580.0 ], [ 338930.0, 5642581.0 ] ], [ [ 338926.0, 5642578.0 ], [ 338925.0, 5642578.0 ], [ 338925.0, 5642580.0 ], [ 338922.0, 5642580.0 ], [ 338922.0, 5642577.0 ], [ 338926.0, 5642577.0 ], [ 338926.0, 5642578.0 ] ], [ [ 338927.0, 5642580.0 ], [ 338926.0, 5642580.0 ], [ 338926.0, 5642579.0 ], [ 338927.0, 5642579.0 ], [ 338927.0, 5642580.0 ] ] ] ] } },
{ "type": "Feature", "properties": { "DN": 1, "gml_id": "DENW41AL30005byxFL", "identifier": "urn:adv:oid:DENW41AL30005byxFL", "aktualit_2": "2025-01-17Z", "idflurst": "DENW41AL30005byx", "flaeche": 619.0, "flstkennz_": "05468202100454______", "flstnrzae": "454", "flstnrnen": null, "gemarkung": "Horrem", "gemaschl": "054682", "flur": "21", "flurschl": "054682021", "land": "Nordrhein-Westfalen", "landschl": "05", "regbezirk": "Kï¿½ln", "regbezschl": "053", "kreis": "Rhein-Erft-Kreis", "kreisschl": "05362", "gemeinde": "Kerpen", "gmdschl": "05362032", "abwrecht": "Kein abweichender Rechtszustand", "lagebeztxt": "Sistenichstraï¿½e 28", "tntxt": "Wohnbauflï¿½che;619", "area": 618, "s area": 32.0, "layer": "swale suitability new", "path": "C:\\Users\\kanis\\Desktop\\Thesis\\Data\\Analysis\\Horrem\\S\\swale suitability new.shp", "final area": 32.0 }, "geometry": { "type": "MultiPolygon", "coordinates": [ [ [ [ 338956.0, 5642583.0 ], [ 338956.0, 5642580.0 ], [ 338955.0, 5642580.0 ], [ 338955.0, 5642578.0 ], [ 338953.0, 5642578.0 ], [ 338953.0, 5642577.0 ], [ 338951.0, 5642577.0 ], [ 338951.0, 5642576.0 ], [ 338947.0, 5642576.0 ], [ 338947.0, 5642579.0 ], [ 338949.0, 5642579.0 ], [ 338949.0, 5642580.0 ], [ 338951.0, 5642580.0 ], [ 338951.0, 5642581.0 ], [ 338954.0, 5642581.0 ], [ 338954.0, 5642582.0 ], [ 338955.0, 5642582.0 ], [ 338955.0, 5642583.0 ], [ 338956.0, 5642583.0 ] ] ] ] } },
{ "type": "Feature", "properties": { "DN": 1, "gml_id": "DENW41AL30005dAlFL", "identifier": "urn:adv:oid:DENW41AL30005dAlFL", "aktualit_2": "2024-08-20Z", "idflurst": "DENW41AL30005dAl", "flaeche": 253.0, "flstkennz_": "05468202000270______", "flstnrzae": "270", "flstnrnen": null, "gemarkung": "Horrem", "gemaschl": "054682", "flur": "20", "flurschl": "054682020", "land": "Nordrhein-Westfalen", "landschl": "05", "regbezirk": "Kï¿½ln", "regbezschl": "053", "kreis": "Rhein-Erft-Kreis", "kreisschl": "05362", "gemeinde": "Kerpen", "gmdschl": "05362032", "abwrecht": "Kein abweichender Rechtszustand", "lagebeztxt": "Herderstraï¿½e 9", "tntxt": "Wohnbauflï¿½che;253", "area": 253, "s area": 40.0, "layer": "swale suitability new", "path": "C:\\Users\\kanis\\Desktop\\Thesis\\Data\\Analysis\\Horrem\\S\\swale suitability new.shp", "final area": 34.8 }, "geometry": { "type": "MultiPolygon", "coordinates": [ [ [ [ 338896.659940624202136, 5642495.663083550520241 ], [ 338901.432012088829651, 5642496.0 ], [ 338906.0, 5642496.0 ], [ 338906.0, 5642496.322507799603045 ], [ 338910.0, 5642496.604914676398039 ], [ 338910.0, 5642494.0 ], [ 338909.0, 5642494.0 ], [ 338909.0, 5642493.0 ], [ 338908.0, 5642493.0 ], [ 338908.0, 5642494.0 ], [ 338907.0, 5642494.0 ], [ 338907.0, 5642493.0 ], [ 338906.0, 5642493.0 ], [ 338906.0, 5642494.0 ], [ 338905.0, 5642494.0 ], [ 338905.0, 5642495.0 ], [ 338904.0, 5642495.0 ], [ 338904.0, 5642494.0 ], [ 338903.0, 5642494.0 ], [ 338903.0, 5642493.0 ], [ 338896.840841729892418, 5642493.0 ], [ 338896.659940624202136, 5642495.663083550520241 ] ] ] ] } },
{ "type": "Feature", "properties": { "DN": 1, "gml_id": "DENW41AL30005e1RFL", "identifier": "urn:adv:oid:DENW41AL30005e1RFL", "aktualit_2": "2024-08-20Z", "idflurst": "DENW41AL30005e1R", "flaeche": 2994.0, "flstkennz_": "05468202000448______", "flstnrzae": "448", "flstnrnen": null, "gemarkung": "Horrem", "gemaschl": "054682", "flur": "20", "flurschl": "054682020", "land": "Nordrhein-Westfalen", "landschl": "05", "regbezirk": "Kï¿½ln", "regbezschl": "053", "kreis": "Rhein-Erft-Kreis", "kreisschl": "05362", "gemeinde": "Kerpen", "gmdschl": "05362032", "abwrecht": "Kein abweichender Rechtszustand", "lagebeztxt": "Am grï¿½nen Weg 12, 14; Thomas-Mann-Straï¿½e 1, 2", "tntxt": "Wohnbauflï¿½che;2994", "area": 2993, "s area": 692.1, "layer": "swale suitability new", "path": "C:\\Users\\kanis\\Desktop\\Thesis\\Data\\Analysis\\Horrem\\S\\swale suitability new.shp", "final area": 685.9 }, "geometry": { "type": "MultiPolygon", "coordinates": [ [ [ [ 338793.0, 5642458.77974755037576 ], [ 338793.0, 5642458.0 ], [ 338795.0, 5642458.0 ], [ 338795.0, 5642457.0 ], [ 338796.0, 5642457.0 ], [ 338796.0, 5642456.0 ], [ 338795.0, 5642456.0 ], [ 338795.0, 5642455.0 ], [ 338794.0, 5642455.0 ], [ 338794.0, 5642446.0 ], [ 338795.0, 5642446.0 ], [ 338795.0, 5642440.0 ], [ 338796.0, 5642440.0 ], [ 338796.0, 5642433.0 ], [ 338797.0, 5642433.0 ], [ 338797.0, 5642426.0 ], [ 338798.0, 5642426.0 ], [ 338798.0, 5642419.0 ], [ 338799.0, 5642419.0 ], [ 338799.0, 5642415.0 ], [ 338800.0, 5642415.0 ], [ 338800.0, 5642414.0 ], [ 338801.0, 5642414.0 ], [ 338801.0, 5642413.0 ], [ 338800.0, 5642413.0 ], [ 338800.0, 5642412.0 ], [ 338798.0, 5642412.0 ], [ 338798.0, 5642413.0 ], [ 338797.0, 5642413.0 ], [ 338797.0, 5642414.0 ], [ 338798.0, 5642414.0 ], [ 338798.0, 5642416.0 ], [ 338796.0, 5642416.0 ], [ 338796.0, 5642417.0 ], [ 338786.0, 5642417.0 ], [ 338786.0, 5642418.0 ], [ 338782.0, 5642418.0 ], [ 338782.0, 5642414.0 ], [ 338781.0, 5642414.0 ], [ 338781.0, 5642418.0 ], [ 338780.0, 5642418.0 ], [ 338780.0, 5642419.0 ], [ 338781.0, 5642419.0 ], [ 338781.0, 5642420.0 ], [ 338782.0, 5642420.0 ], [ 338782.0, 5642421.0 ], [ 338783.0, 5642421.0 ], [ 338783.0, 5642423.0 ], [ 338784.0, 5642423.0 ], [ 338784.0, 5642424.0 ], [ 338783.0, 5642424.0 ], [ 338783.0, 5642430.0 ], [ 338782.0, 5642430.0 ], [ 338782.0, 5642435.0 ], [ 338781.0, 5642435.0 ], [ 338781.0, 5642439.0 ], [ 338780.0, 5642439.0 ], [ 338780.0, 5642441.0 ], [ 338779.0, 5642441.0 ], [ 338779.0, 5642445.0 ], [ 338778.0, 5642445.0 ], [ 338778.0, 5642448.0 ], [ 338777.0, 5642448.0 ], [ 338777.0, 5642451.0 ], [ 338776.0, 5642451.0 ], [ 338776.0, 5642452.0 ], [ 338775.0, 5642452.0 ], [ 338775.0, 5642455.0 ], [ 338774.0, 5642455.0 ], [ 338774.0, 5642456.0 ], [ 338773.0, 5642456.0 ], [ 338773.0, 5642458.0 ], [ 338779.0, 5642458.0 ], [ 338779.0, 5642457.0 ], [ 338780.0, 5642457.0 ], [ 338780.0, 5642458.0 ], [ 338782.0, 5642458.0 ], [ 338782.0, 5642458.445626469329 ], [ 338793.0, 5642458.77974755037576 ] ] ] ] } },
{ "type": "Feature", "properties": { "DN": 1, "gml_id": "DENW41AL30005e1RFL", "identifier": "urn:adv:oid:DENW41AL30005e1RFL", "aktualit_2": "2024-08-20Z", "idflurst": "DENW41AL30005e1R", "flaeche": 2994.0, "flstkennz_": "05468202000448______", "flstnrzae": "448", "flstnrnen": null, "gemarkung": "Horrem", "gemaschl": "054682", "flur": "20", "flurschl": "054682020", "land": "Nordrhein-Westfalen", "landschl": "05", "regbezirk": "Kï¿½ln", "regbezschl": "053", "kreis": "Rhein-Erft-Kreis", "kreisschl": "05362", "gemeinde": "Kerpen", "gmdschl": "05362032", "abwrecht": "Kein abweichender Rechtszustand", "lagebeztxt": "Am grï¿½nen Weg 12, 14; Thomas-Mann-Straï¿½e 1, 2", "tntxt": "Wohnbauflï¿½che;2994", "area": 2993, "s area": 40.8, "layer": "swale suitability new", "path": "C:\\Users\\kanis\\Desktop\\Thesis\\Data\\Analysis\\Horrem\\S\\swale suitability new.shp", "final area": 28.1 }, "geometry": { "type": "MultiPolygon", "coordinates": [ [ [ [ 338764.444679993379395, 5642410.423780960962176 ], [ 338763.767335811280645, 5642410.953008110634983 ], [ 338763.154649826290552, 5642411.556537103839219 ], [ 338762.616665670298971, 5642412.225899152457714 ], [ 338762.159186992561445, 5642412.953706139698625 ], [ 338761.788866917253472, 5642413.729297848418355 ], [ 338761.495852512598503, 5642414.583850306458771 ], [ 338760.0, 5642419.926180708222091 ], [ 338760.0, 5642421.0 ], [ 338763.0, 5642421.0 ], [ 338763.0, 5642418.0 ], [ 338764.0, 5642418.0 ], [ 338764.0, 5642414.0 ], [ 338765.0, 5642414.0 ], [ 338765.0, 5642410.085677963681519 ], [ 338764.444679993379395, 5642410.423780960962176 ] ] ] ] } },
{ "type": "Feature", "properties": { "DN": 1, "gml_id": "DENW41AL30005gRDFL", "identifier": "urn:adv:oid:DENW41AL30005gRDFL", "aktualit_2": "2024-08-20Z", "idflurst": "DENW41AL30005gRD", "flaeche": 1811.0, "flstkennz_": "05468201900184______", "flstnrzae": "184", "flstnrnen": null, "gemarkung": "Horrem", "gemaschl": "054682", "flur": "19", "flurschl": "054682019", "land": "Nordrhein-Westfalen", "landschl": "05", "regbezirk": "Kï¿½ln", "regbezschl": "053", "kreis": "Rhein-Erft-Kreis", "kreisschl": "05362", "gemeinde": "Kerpen", "gmdschl": "05362032", "abwrecht": "Kein abweichender Rechtszustand", "lagebeztxt": "Merodestraï¿½e 18, 18 a", "tntxt": "Wohnbauflï¿½che;1811", "area": 1811, "s area": 35.0, "layer": "swale suitability new", "path": "C:\\Users\\kanis\\Desktop\\Thesis\\Data\\Analysis\\Horrem\\S\\swale suitability new.shp", "final area": 35.0 }, "geometry": { "type": "MultiPolygon", "coordinates": [ [ [ [ 338939.0, 5642194.0 ], [ 338939.0, 5642193.0 ], [ 338940.0, 5642193.0 ], [ 338940.0, 5642189.0 ], [ 338941.0, 5642189.0 ], [ 338941.0, 5642187.0 ], [ 338936.0, 5642187.0 ], [ 338936.0, 5642188.0 ], [ 338935.0, 5642188.0 ], [ 338935.0, 5642189.0 ], [ 338936.0, 5642189.0 ], [ 338936.0, 5642191.0 ], [ 338935.0, 5642191.0 ], [ 338935.0, 5642192.0 ], [ 338934.0, 5642192.0 ], [ 338934.0, 5642194.0 ], [ 338939.0, 5642194.0 ] ] ] ] } },
{ "type": "Feature", "properties": { "DN": 1, "gml_id": "DENW41AL30005gRDFL", "identifier": "urn:adv:oid:DENW41AL30005gRDFL", "aktualit_2": "2024-08-20Z", "idflurst": "DENW41AL30005gRD", "flaeche": 1811.0, "flstkennz_": "05468201900184______", "flstnrzae": "184", "flstnrnen": null, "gemarkung": "Horrem", "gemaschl": "054682", "flur": "19", "flurschl": "054682019", "land": "Nordrhein-Westfalen", "landschl": "05", "regbezirk": "Kï¿½ln", "regbezschl": "053", "kreis": "Rhein-Erft-Kreis", "kreisschl": "05362", "gemeinde": "Kerpen", "gmdschl": "05362032", "abwrecht": "Kein abweichender Rechtszustand", "lagebeztxt": "Merodestraï¿½e 18, 18 a", "tntxt": "Wohnbauflï¿½che;1811", "area": 1811, "s area": 96.4, "layer": "swale suitability new", "path": "C:\\Users\\kanis\\Desktop\\Thesis\\Data\\Analysis\\Horrem\\S\\swale suitability new.shp", "final area": 74.9 }, "geometry": { "type": "MultiPolygon", "coordinates": [ [ [ [ 338932.767330001108348, 5642166.376495226286352 ], [ 338932.612904876179527, 5642168.0 ], [ 338933.0, 5642168.0 ], [ 338933.0, 5642170.0 ], [ 338932.422668139624875, 5642170.0 ], [ 338931.376366088632494, 5642181.0 ], [ 338932.0, 5642181.0 ], [ 338932.0, 5642180.0 ], [ 338933.0, 5642180.0 ], [ 338933.0, 5642182.0 ], [ 338931.281247720355168, 5642182.0 ], [ 338930.900774247304071, 5642186.0 ], [ 338932.0, 5642186.0 ], [ 338932.0, 5642185.0 ], [ 338934.0, 5642185.0 ], [ 338934.0, 5642184.0 ], [ 338935.0, 5642184.0 ], [ 338935.0, 5642180.0 ], [ 338936.0, 5642180.0 ], [ 338936.0, 5642179.0 ], [ 338937.0, 5642179.0 ], [ 338937.0, 5642176.0 ], [ 338936.0, 5642176.0 ], [ 338936.0, 5642175.0 ], [ 338937.0, 5642175.0 ], [ 338937.0, 5642173.0 ], [ 338938.0, 5642173.0 ], [ 338938.0, 5642171.0 ], [ 338937.0, 5642171.0 ], [ 338937.0, 5642168.0 ], [ 338938.0, 5642168.0 ], [ 338938.0, 5642167.710904194973409 ], [ 338932.767330001108348, 5642166.376495226286352 ] ], [ [ 338934.0, 5642178.0 ], [ 338933.0, 5642178.0 ], [ 338933.0, 5642179.0 ], [ 338932.0, 5642179.0 ], [ 338932.0, 5642177.0 ], [ 338934.0, 5642177.0 ], [ 338934.0, 5642178.0 ] ], [ [ 338935.0, 5642169.0 ], [ 338934.0, 5642169.0 ], [ 338934.0, 5642167.0 ], [ 338935.0, 5642167.0 ], [ 338935.0, 5642169.0 ] ] ] ] } },
{ "type": "Feature", "properties": { "DN": 1, "gml_id": "DENW41AL30005cwPFL", "identifier": "urn:adv:oid:DENW41AL30005cwPFL", "aktualit_2": "2024-08-20Z", "idflurst": "DENW41AL30005cwP", "flaeche": 668.0, "flstkennz_": "05468201900366______", "flstnrzae": "366", "flstnrnen": null, "gemarkung": "Horrem", "gemaschl": "054682", "flur": "19", "flurschl": "054682019", "land": "Nordrhein-Westfalen", "landschl": "05", "regbezirk": "Kï¿½ln", "regbezschl": "053", "kreis": "Rhein-Erft-Kreis", "kreisschl": "05362", "gemeinde": "Kerpen", "gmdschl": "05362032", "abwrecht": "Kein abweichender Rechtszustand", "lagebeztxt": "Merodestraï¿½e 14", "tntxt": "Wohnbauflï¿½che;668", "area": 666, "s area": 269.4, "layer": "swale suitability new", "path": "C:\\Users\\kanis\\Desktop\\Thesis\\Data\\Analysis\\Horrem\\S\\swale suitability new.shp", "final area": 218.8 }, "geometry": { "type": "MultiPolygon", "coordinates": [ [ [ [ 338991.872350192861632, 5642178.248323325067759 ], [ 338990.984054017928429, 5642179.014991254545748 ], [ 338991.242870449204929, 5642198.706286155618727 ], [ 338991.242923131911084, 5642198.710814531892538 ], [ 338991.266099221655168, 5642201.0 ], [ 338992.0, 5642201.0 ], [ 338992.0, 5642198.0 ], [ 338993.0, 5642198.0 ], [ 338993.0, 5642197.0 ], [ 338996.0, 5642197.0 ], [ 338996.0, 5642198.0 ], [ 338997.0, 5642198.0 ], [ 338997.0, 5642200.0 ], [ 338996.0, 5642200.0 ], [ 338996.0, 5642202.0 ], [ 338992.0, 5642202.0 ], [ 338992.0, 5642204.0 ], [ 338991.296471714449581, 5642204.0 ], [ 338991.316720043017995, 5642206.0 ], [ 338992.0, 5642206.0 ], [ 338992.0, 5642207.0 ], [ 338998.0, 5642207.0 ], [ 338998.0, 5642207.588778237812221 ], [ 339008.0, 5642207.457392760552466 ], [ 339008.0, 5642204.0 ], [ 339007.0, 5642204.0 ], [ 339007.0, 5642202.0 ], [ 339008.0, 5642202.0 ], [ 339008.0, 5642201.0 ], [ 339007.0, 5642201.0 ], [ 339007.0, 5642199.0 ], [ 339004.0, 5642199.0 ], [ 339004.0, 5642200.0 ], [ 339000.0, 5642200.0 ], [ 339000.0, 5642197.0 ], [ 339001.0, 5642197.0 ], [ 339001.0, 5642196.0 ], [ 339002.0, 5642196.0 ], [ 339002.0, 5642197.0 ], [ 339005.0, 5642197.0 ], [ 339005.0, 5642196.0 ], [ 339006.0, 5642196.0 ], [ 339006.0, 5642195.0 ], [ 339008.0, 5642195.0 ], [ 339008.0, 5642193.0 ], [ 339000.0, 5642193.0 ], [ 339000.0, 5642192.0 ], [ 338999.0, 5642192.0 ], [ 338999.0, 5642191.0 ], [ 338997.0, 5642191.0 ], [ 338997.0, 5642192.0 ], [ 338995.0, 5642192.0 ], [ 338995.0, 5642191.0 ], [ 338994.0, 5642191.0 ], [ 338994.0, 5642188.0 ], [ 338995.0, 5642188.0 ], [ 338995.0, 5642187.0 ], [ 338994.0, 5642187.0 ], [ 338994.0, 5642185.0 ], [ 338992.0, 5642185.0 ], [ 338992.0, 5642182.0 ], [ 338995.0, 5642182.0 ], [ 338995.0, 5642183.0 ], [ 338996.0, 5642183.0 ], [ 338996.0, 5642181.0 ], [ 338997.0, 5642181.0 ], [ 338997.0, 5642180.0 ], [ 338996.0, 5642180.0 ], [ 338996.0, 5642178.936707016080618 ], [ 338991.872350192861632, 5642178.248323325067759 ] ], [ [ 338998.0, 5642206.0 ], [ 338998.0, 5642204.0 ], [ 338999.0, 5642204.0 ], [ 338999.0, 5642202.0 ], [ 339003.0, 5642202.0 ], [ 339003.0, 5642206.0 ], [ 339002.0, 5642206.0 ], [ 339002.0, 5642207.0 ], [ 338999.0, 5642207.0 ], [ 338999.0, 5642206.0 ], [ 338998.0, 5642206.0 ] ], [ [ 338997.0, 5642193.0 ], [ 338997.0, 5642194.0 ], [ 338996.0, 5642194.0 ], [ 338996.0, 5642193.0 ], [ 338997.0, 5642193.0 ] ] ] ] } },
{ "type": "Feature", "properties": { "DN": 1, "gml_id": "DENW41AL30005cwPFL", "identifier": "urn:adv:oid:DENW41AL30005cwPFL", "aktualit_2": "2024-08-20Z", "idflurst": "DENW41AL30005cwP", "flaeche": 668.0, "flstkennz_": "05468201900366______", "flstnrzae": "366", "flstnrnen": null, "gemarkung": "Horrem", "gemaschl": "054682", "flur": "19", "flurschl": "054682019", "land": "Nordrhein-Westfalen", "landschl": "05", "regbezirk": "Kï¿½ln", "regbezschl": "053", "kreis": "Rhein-Erft-Kreis", "kreisschl": "05362", "gemeinde": "Kerpen", "gmdschl": "05362032", "abwrecht": "Kein abweichender Rechtszustand", "lagebeztxt": "Merodestraï¿½e 14", "tntxt": "Wohnbauflï¿½che;668", "area": 666, "s area": 269.4, "layer": "swale suitability new", "path": "C:\\Users\\kanis\\Desktop\\Thesis\\Data\\Analysis\\Horrem\\S\\swale suitability new.shp", "final area": 3.0 }, "geometry": { "type": "MultiPolygon", "coordinates": [ [ [ [ 339006.0, 5642202.0 ], [ 339004.0, 5642202.0 ], [ 339004.0, 5642204.0 ], [ 339005.0, 5642204.0 ], [ 339005.0, 5642203.0 ], [ 339006.0, 5642203.0 ], [ 339006.0, 5642202.0 ] ] ] ] } },
{ "type": "Feature", "properties": { "DN": 1, "gml_id": "DENW41AL30005Tz6FL", "identifier": "urn:adv:oid:DENW41AL30005Tz6FL", "aktualit_2": "2024-08-20Z", "idflurst": "DENW41AL30005Tz6", "flaeche": 279.0, "flstkennz_": "054682020001540017__", "flstnrzae": "154", "flstnrnen": "17", "gemarkung": "Horrem", "gemaschl": "054682", "flur": "20", "flurschl": "054682020", "land": "Nordrhein-Westfalen", "landschl": "05", "regbezirk": "Kï¿½ln", "regbezschl": "053", "kreis": "Rhein-Erft-Kreis", "kreisschl": "05362", "gemeinde": "Kerpen", "gmdschl": "05362032", "abwrecht": "Kein abweichender Rechtszustand", "lagebeztxt": "Adenauerstraï¿½e 1 b", "tntxt": "Wohnbauflï¿½che;279", "area": 280, "s area": 115.0, "layer": "swale suitability new", "path": "C:\\Users\\kanis\\Desktop\\Thesis\\Data\\Analysis\\Horrem\\S\\swale suitability new.shp", "final area": 90.3 }, "geometry": { "type": "MultiPolygon", "coordinates": [ [ [ [ 338968.0, 5642483.579037016257644 ], [ 338968.0, 5642475.0 ], [ 338968.618130325223319, 5642475.0 ], [ 338968.736937259498518, 5642473.351077361032367 ], [ 338962.497320318885613, 5642473.024844953790307 ], [ 338961.437737509608269, 5642488.0 ], [ 338966.0, 5642488.0 ], [ 338966.0, 5642489.0 ], [ 338967.0, 5642489.0 ], [ 338967.0, 5642487.0 ], [ 338967.753515347023495, 5642487.0 ], [ 338968.0, 5642483.579037016257644 ] ] ] ] } },
{ "type": "Feature", "properties": { "DN": 1, "gml_id": "DENW41AL30005ebsFL", "identifier": "urn:adv:oid:DENW41AL30005ebsFL", "aktualit_2": "2024-08-20Z", "idflurst": "DENW41AL30005ebs", "flaeche": 583.0, "flstkennz_": "05468202000220______", "flstnrzae": "220", "flstnrnen": null, "gemarkung": "Horrem", "gemaschl": "054682", "flur": "20", "flurschl": "054682020", "land": "Nordrhein-Westfalen", "landschl": "05", "regbezirk": "Kï¿½ln", "regbezschl": "053", "kreis": "Rhein-Erft-Kreis", "kreisschl": "05362", "gemeinde": "Kerpen", "gmdschl": "05362032", "abwrecht": "Kein abweichender Rechtszustand", "lagebeztxt": "Hebbelstraï¿½e 10", "tntxt": "Wohnbauflï¿½che;583", "area": 580, "s area": 89.5, "layer": "swale suitability new", "path": "C:\\Users\\kanis\\Desktop\\Thesis\\Data\\Analysis\\Horrem\\S\\swale suitability new.shp", "final area": 74.1 }, "geometry": { "type": "MultiPolygon", "coordinates": [ [ [ [ 338831.876624518132303, 5642249.247846512123942 ], [ 338838.0, 5642249.950108631514013 ], [ 338838.0, 5642249.0 ], [ 338839.0, 5642249.0 ], [ 338839.0, 5642247.0 ], [ 338840.0, 5642247.0 ], [ 338840.0, 5642246.0 ], [ 338838.0, 5642246.0 ], [ 338838.0, 5642245.0 ], [ 338839.0, 5642245.0 ], [ 338839.0, 5642238.0 ], [ 338840.0, 5642238.0 ], [ 338840.0, 5642237.0 ], [ 338839.0, 5642237.0 ], [ 338839.0, 5642236.0 ], [ 338835.0, 5642236.0 ], [ 338835.0, 5642238.0 ], [ 338834.0, 5642238.0 ], [ 338834.0, 5642243.0 ], [ 338833.0, 5642243.0 ], [ 338833.0, 5642245.0 ], [ 338832.368077486928087, 5642245.0 ], [ 338831.876624518132303, 5642249.247846512123942 ] ], [ [ 338834.0, 5642246.0 ], [ 338834.0, 5642249.0 ], [ 338833.0, 5642249.0 ], [ 338833.0, 5642246.0 ], [ 338834.0, 5642246.0 ] ] ] ] } },
{ "type": "Feature", "properties": { "DN": 1, "gml_id": "DENW41AL30005blLFL", "identifier": "urn:adv:oid:DENW41AL30005blLFL", "aktualit_2": "2024-08-20Z", "idflurst": "DENW41AL30005blL", "flaeche": 480.0, "flstkennz_": "05468202000219______", "flstnrzae": "219", "flstnrnen": null, "gemarkung": "Horrem", "gemaschl": "054682", "flur": "20", "flurschl": "054682020", "land": "Nordrhein-Westfalen", "landschl": "05", "regbezirk": "Kï¿½ln", "regbezschl": "053", "kreis": "Rhein-Erft-Kreis", "kreisschl": "05362", "gemeinde": "Kerpen", "gmdschl": "05362032", "abwrecht": "Kein abweichender Rechtszustand", "lagebeztxt": "Hebbelstraï¿½e 8", "tntxt": "Wohnbauflï¿½che;480", "area": 479, "s area": 18.0, "layer": "swale suitability new", "path": "C:\\Users\\kanis\\Desktop\\Thesis\\Data\\Analysis\\Horrem\\S\\swale suitability new.shp", "final area": 10.1 }, "geometry": { "type": "MultiPolygon", "coordinates": [ [ [ [ 338860.893070461112075, 5642255.594588476233184 ], [ 338859.0, 5642255.377640899270773 ], [ 338859.0, 5642262.0 ], [ 338860.0, 5642262.0 ], [ 338860.0, 5642263.0 ], [ 338860.049942862184253, 5642263.0 ], [ 338860.893070461112075, 5642255.594588476233184 ] ] ] ] } },
{ "type": "Feature", "properties": { "DN": 1, "gml_id": "DENW41AL30005aY7FL", "identifier": "urn:adv:oid:DENW41AL30005aY7FL", "aktualit_2": "2024-08-20Z", "idflurst": "DENW41AL30005aY7", "flaeche": 498.0, "flstkennz_": "05468201900334______", "flstnrzae": "334", "flstnrnen": null, "gemarkung": "Horrem", "gemaschl": "054682", "flur": "19", "flurschl": "054682019", "land": "Nordrhein-Westfalen", "landschl": "05", "regbezirk": "Kï¿½ln", "regbezschl": "053", "kreis": "Rhein-Erft-Kreis", "kreisschl": "05362", "gemeinde": "Kerpen", "gmdschl": "05362032", "abwrecht": "Kein abweichender Rechtszustand", "lagebeztxt": "Heinrich-Heine-Straï¿½e 1", "tntxt": "Wohnbauflï¿½che;498", "area": 499, "s area": 97.8, "layer": "swale suitability new", "path": "C:\\Users\\kanis\\Desktop\\Thesis\\Data\\Analysis\\Horrem\\S\\swale suitability new.shp", "final area": 86.8 }, "geometry": { "type": "MultiPolygon", "coordinates": [ [ [ [ 338858.0, 5642195.106069761328399 ], [ 338858.0, 5642196.0 ], [ 338857.916764543333557, 5642196.0 ], [ 338857.784539621556178, 5642197.420066167600453 ], [ 338857.781862725969404, 5642197.446312831714749 ], [ 338856.944279631657992, 5642205.0 ], [ 338857.0, 5642205.0 ], [ 338857.0, 5642207.0 ], [ 338856.722511619329453, 5642207.0 ], [ 338856.500743607059121, 5642209.0 ], [ 338862.0, 5642209.0 ], [ 338862.0, 5642208.0 ], [ 338863.0, 5642208.0 ], [ 338863.0, 5642207.0 ], [ 338864.0, 5642207.0 ], [ 338864.0, 5642206.0 ], [ 338863.0, 5642206.0 ], [ 338863.0, 5642205.0 ], [ 338864.0, 5642205.0 ], [ 338864.0, 5642204.0 ], [ 338866.0, 5642204.0 ], [ 338866.0, 5642201.0 ], [ 338867.0, 5642201.0 ], [ 338867.0, 5642197.0 ], [ 338866.0, 5642197.0 ], [ 338866.0, 5642198.0 ], [ 338865.0, 5642198.0 ], [ 338865.0, 5642199.0 ], [ 338863.0, 5642199.0 ], [ 338863.0, 5642203.0 ], [ 338862.0, 5642203.0 ], [ 338862.0, 5642204.0 ], [ 338861.0, 5642204.0 ], [ 338861.0, 5642203.0 ], [ 338859.0, 5642203.0 ], [ 338859.0, 5642202.0 ], [ 338858.0, 5642202.0 ], [ 338858.0, 5642199.0 ], [ 338861.0, 5642199.0 ], [ 338861.0, 5642198.0 ], [ 338862.0, 5642198.0 ], [ 338862.0, 5642197.0 ], [ 338864.0, 5642197.0 ], [ 338864.0, 5642196.0 ], [ 338865.0, 5642196.0 ], [ 338865.0, 5642195.0 ], [ 338864.0, 5642195.0 ], [ 338864.0, 5642194.0 ], [ 338861.0, 5642194.0 ], [ 338861.0, 5642193.0 ], [ 338860.0, 5642193.0 ], [ 338860.0, 5642194.0 ], [ 338859.0, 5642194.0 ], [ 338859.0, 5642195.0 ], [ 338858.009876346739475, 5642195.0 ], [ 338858.0, 5642195.106069761328399 ] ] ] ] } },
{ "type": "Feature", "properties": { "DN": 1, "gml_id": "DENW41AL30005ZmdFL", "identifier": "urn:adv:oid:DENW41AL30005ZmdFL", "aktualit_2": "2024-08-20Z", "idflurst": "DENW41AL30005Zmd", "flaeche": 89.0, "flstkennz_": "05468201900390______", "flstnrzae": "390", "flstnrnen": null, "gemarkung": "Horrem", "gemaschl": "054682", "flur": "19", "flurschl": "054682019", "land": "Nordrhein-Westfalen", "landschl": "05", "regbezirk": "Kï¿½ln", "regbezschl": "053", "kreis": "Rhein-Erft-Kreis", "kreisschl": "05362", "gemeinde": "Kerpen", "gmdschl": "05362032", "abwrecht": "Kein abweichender Rechtszustand", "lagebeztxt": "Sistenichstraï¿½e; Fischbachstraï¿½e 6", "tntxt": "Wohnbauflï¿½che;89", "area": 89, "s area": 29.1, "layer": "swale suitability new", "path": "C:\\Users\\kanis\\Desktop\\Thesis\\Data\\Analysis\\Horrem\\S\\swale suitability new.shp", "final area": 14.0 }, "geometry": { "type": "MultiPolygon", "coordinates": [ [ [ [ 338993.751823448168579, 5642295.155835198238492 ], [ 339003.063570728816558, 5642295.797347188927233 ], [ 339003.133908901480027, 5642294.0 ], [ 339002.0, 5642294.0 ], [ 339002.0, 5642295.0 ], [ 339001.0, 5642295.0 ], [ 339001.0, 5642294.0 ], [ 338992.387816011614632, 5642294.0 ], [ 338992.447461271600332, 5642294.182363668456674 ], [ 338992.606252282334026, 5642294.518548821099102 ], [ 338992.747652545978781, 5642294.741018569096923 ], [ 338992.850224973459262, 5642294.834127468988299 ], [ 338993.038563896669075, 5642294.959188500419259 ], [ 338993.243154814408626, 5642295.054035260342062 ], [ 338993.460510579694528, 5642295.116993482224643 ], [ 338993.751823448168579, 5642295.155835198238492 ] ] ] ] } },
{ "type": "Feature", "properties": { "DN": 1, "gml_id": "DENW41AL30005YdbFL", "identifier": "urn:adv:oid:DENW41AL30005YdbFL", "aktualit_2": "2024-08-20Z", "idflurst": "DENW41AL30005Ydb", "flaeche": 458.0, "flstkennz_": "05468201900237______", "flstnrzae": "237", "flstnrnen": null, "gemarkung": "Horrem", "gemaschl": "054682", "flur": "19", "flurschl": "054682019", "land": "Nordrhein-Westfalen", "landschl": "05", "regbezirk": "Kï¿½ln", "regbezschl": "053", "kreis": "Rhein-Erft-Kreis", "kreisschl": "05362", "gemeinde": "Kerpen", "gmdschl": "05362032", "abwrecht": "Kein abweichender Rechtszustand", "lagebeztxt": "Grabenweg 3", "tntxt": "Wohnbauflï¿½che;458", "area": 457, "s area": 106.0, "layer": "swale suitability new", "path": "C:\\Users\\kanis\\Desktop\\Thesis\\Data\\Analysis\\Horrem\\S\\swale suitability new.shp", "final area": 91.0 }, "geometry": { "type": "MultiPolygon", "coordinates": [ [ [ [ 338935.243065312155522, 5642296.330141789279878 ], [ 338934.77702775306534, 5642296.388167360797524 ], [ 338934.567613035032991, 5642296.381186869926751 ], [ 338933.212755023851059, 5642296.337084036320448 ], [ 338932.944349155237433, 5642305.0 ], [ 338933.0, 5642305.0 ], [ 338933.0, 5642306.0 ], [ 338934.0, 5642306.0 ], [ 338934.0, 5642307.0 ], [ 338936.0, 5642307.0 ], [ 338936.0, 5642306.0 ], [ 338938.0, 5642306.0 ], [ 338938.0, 5642307.0 ], [ 338941.0, 5642307.0 ], [ 338941.0, 5642304.0 ], [ 338942.0, 5642304.0 ], [ 338942.0, 5642304.972112805582583 ], [ 338942.098374936205801, 5642302.0 ], [ 338942.0, 5642302.0 ], [ 338942.0, 5642303.0 ], [ 338941.0, 5642303.0 ], [ 338941.0, 5642297.0 ], [ 338942.263871575472876, 5642297.0 ], [ 338942.325820999627467, 5642295.128378182649612 ], [ 338942.330085272144061, 5642295.0 ], [ 338938.0, 5642295.0 ], [ 338938.0, 5642296.0 ], [ 338937.0, 5642296.0 ], [ 338937.0, 5642295.0 ], [ 338936.314201653643977, 5642295.0 ], [ 338936.237808745005168, 5642295.39852790441364 ], [ 338936.011099371593446, 5642295.809819568879902 ], [ 338936.0, 5642295.820214539766312 ], [ 338936.0, 5642296.0 ], [ 338935.808031622553244, 5642296.0 ], [ 338935.668317750329152, 5642296.130847190506756 ], [ 338935.243065312155522, 5642296.330141789279878 ] ] ] ] } },
{ "type": "Feature", "properties": { "DN": 1, "gml_id": "DENW41AL30005dEXFL", "identifier": "urn:adv:oid:DENW41AL30005dEXFL", "aktualit_2": "2024-08-20Z", "idflurst": "DENW41AL30005dEX", "flaeche": 1249.0, "flstkennz_": "05468202000437______", "flstnrzae": "437", "flstnrnen": null, "gemarkung": "Horrem", "gemaschl": "054682", "flur": "20", "flurschl": "054682020", "land": "Nordrhein-Westfalen", "landschl": "05", "regbezirk": "Kï¿½ln", "regbezschl": "053", "kreis": "Rhein-Erft-Kreis", "kreisschl": "05362", "gemeinde": "Kerpen", "gmdschl": "05362032", "abwrecht": "Kein abweichender Rechtszustand", "lagebeztxt": "An der Malzmï¿½hle 3, 5", "tntxt": "Wohnbauflï¿½che;1249", "area": 1250, "s area": 396.6, "layer": "swale suitability new", "path": "C:\\Users\\kanis\\Desktop\\Thesis\\Data\\Analysis\\Horrem\\S\\swale suitability new.shp", "final area": 38.3 }, "geometry": { "type": "MultiPolygon", "coordinates": [ [ [ [ 339067.959867809666321, 5642354.0 ], [ 339067.0, 5642354.0 ], [ 339067.0, 5642353.989834434352815 ], [ 339066.0, 5642353.989418114535511 ], [ 339066.0, 5642355.0 ], [ 339064.107669949124102, 5642355.0 ], [ 339064.11097786197206, 5642355.608850551769137 ], [ 339064.113062379066832, 5642356.0 ], [ 339085.534966301114764, 5642356.0 ], [ 339085.548327956814319, 5642354.305932935327291 ], [ 339067.959867809666321, 5642354.0 ] ] ] ] } },
{ "type": "Feature", "properties": { "DN": 1, "gml_id": "DENW41AL30005dEXFL", "identifier": "urn:adv:oid:DENW41AL30005dEXFL", "aktualit_2": "2024-08-20Z", "idflurst": "DENW41AL30005dEX", "flaeche": 1249.0, "flstkennz_": "05468202000437______", "flstnrzae": "437", "flstnrnen": null, "gemarkung": "Horrem", "gemaschl": "054682", "flur": "20", "flurschl": "054682020", "land": "Nordrhein-Westfalen", "landschl": "05", "regbezirk": "Kï¿½ln", "regbezschl": "053", "kreis": "Rhein-Erft-Kreis", "kreisschl": "05362", "gemeinde": "Kerpen", "gmdschl": "05362032", "abwrecht": "Kein abweichender Rechtszustand", "lagebeztxt": "An der Malzmï¿½hle 3, 5", "tntxt": "Wohnbauflï¿½che;1249", "area": 1250, "s area": 396.6, "layer": "swale suitability new", "path": "C:\\Users\\kanis\\Desktop\\Thesis\\Data\\Analysis\\Horrem\\S\\swale suitability new.shp", "final area": 255.2 }, "geometry": { "type": "MultiPolygon", "coordinates": [ [ [ [ 339064.144555000471883, 5642374.0 ], [ 339068.0, 5642374.0 ], [ 339068.0, 5642373.0 ], [ 339071.0, 5642373.0 ], [ 339071.0, 5642372.0 ], [ 339076.0, 5642372.0 ], [ 339076.0, 5642373.0 ], [ 339078.0, 5642373.0 ], [ 339078.0, 5642374.0 ], [ 339081.0, 5642374.0 ], [ 339081.0, 5642372.0 ], [ 339082.0, 5642372.0 ], [ 339082.0, 5642373.0 ], [ 339083.0, 5642373.0 ], [ 339083.0, 5642374.0 ], [ 339087.0, 5642374.0 ], [ 339087.0, 5642376.0 ], [ 339088.0, 5642376.0 ], [ 339088.0, 5642379.0 ], [ 339090.0, 5642379.0 ], [ 339090.0, 5642380.0 ], [ 339089.0, 5642380.0 ], [ 339089.0, 5642381.0 ], [ 339090.0, 5642381.0 ], [ 339090.0, 5642384.0 ], [ 339091.0, 5642384.0 ], [ 339091.0, 5642385.0 ], [ 339090.0, 5642385.0 ], [ 339090.0, 5642386.0 ], [ 339091.0, 5642386.0 ], [ 339091.0, 5642390.0 ], [ 339090.0, 5642390.0 ], [ 339090.0, 5642392.0 ], [ 339089.0, 5642392.0 ], [ 339089.0, 5642390.0 ], [ 339087.0, 5642390.0 ], [ 339087.0, 5642391.0 ], [ 339086.0, 5642391.0 ], [ 339086.0, 5642392.0 ], [ 339082.0, 5642392.0 ], [ 339082.0, 5642394.0 ], [ 339083.0, 5642394.0 ], [ 339083.0, 5642394.138804733753204 ], [ 339093.0, 5642394.199399436824024 ], [ 339093.0, 5642386.073287390172482 ], [ 339092.899971262377221, 5642385.0 ], [ 339092.0, 5642385.0 ], [ 339092.0, 5642383.0 ], [ 339092.713574331777636, 5642383.0 ], [ 339092.0, 5642375.34349697176367 ], [ 339092.0, 5642377.0 ], [ 339091.0, 5642377.0 ], [ 339091.0, 5642374.0 ], [ 339091.87478814413771, 5642374.0 ], [ 339091.36603335023392, 5642368.54116768669337 ], [ 339086.944888511381578, 5642368.531996772624552 ], [ 339086.479859241342638, 5642368.457076920196414 ], [ 339086.060991813952569, 5642368.241634853184223 ], [ 339085.729589388356544, 5642367.906914613209665 ], [ 339085.518330483522732, 5642367.485921880230308 ], [ 339085.448046655219514, 5642367.020169381983578 ], [ 339085.487642357416917, 5642362.0 ], [ 339078.0, 5642362.0 ], [ 339078.0, 5642363.0 ], [ 339081.0, 5642363.0 ], [ 339081.0, 5642364.0 ], [ 339082.0, 5642364.0 ], [ 339082.0, 5642365.0 ], [ 339084.0, 5642365.0 ], [ 339084.0, 5642368.0 ], [ 339083.0, 5642368.0 ], [ 339083.0, 5642367.0 ], [ 339079.0, 5642367.0 ], [ 339079.0, 5642368.0 ], [ 339077.0, 5642368.0 ], [ 339077.0, 5642367.0 ], [ 339074.0, 5642367.0 ], [ 339074.0, 5642366.0 ], [ 339071.0, 5642366.0 ], [ 339071.0, 5642367.0 ], [ 339070.0, 5642367.0 ], [ 339070.0, 5642368.0 ], [ 339064.167855971318204, 5642368.0 ], [ 339064.144555000471883, 5642374.0 ] ], [ [ 339069.0, 5642371.0 ], [ 339067.0, 5642371.0 ], [ 339067.0, 5642370.0 ], [ 339069.0, 5642370.0 ], [ 339069.0, 5642371.0 ] ] ] ] } },
{ "type": "Feature", "properties": { "DN": 1, "gml_id": "DENW41AL30005bosFL", "identifier": "urn:adv:oid:DENW41AL30005bosFL", "aktualit_2": "2024-08-20Z", "idflurst": "DENW41AL30005bos", "flaeche": 927.0, "flstkennz_": "054682020000350002__", "flstnrzae": "35", "flstnrnen": "2", "gemarkung": "Horrem", "gemaschl": "054682", "flur": "20", "flurschl": "054682020", "land": "Nordrhein-Westfalen", "landschl": "05", "regbezirk": "Kï¿½ln", "regbezschl": "053", "kreis": "Rhein-Erft-Kreis", "kreisschl": "05362", "gemeinde": "Kerpen", "gmdschl": "05362032", "abwrecht": "Kein abweichender Rechtszustand", "lagebeztxt": "Hauptstraï¿½e 212", "tntxt": "Flï¿½che gemischter Nutzung(funktion:Gebï¿½ude- und Freiflï¿½che Mischnutzung mit Wohnen);927", "area": 930, "s area": 160.9, "layer": "swale suitability new", "path": "C:\\Users\\kanis\\Desktop\\Thesis\\Data\\Analysis\\Horrem\\S\\swale suitability new.shp", "final area": 96.3 }, "geometry": { "type": "MultiPolygon", "coordinates": [ [ [ [ 339095.633376627520192, 5642382.0 ], [ 339096.0, 5642382.0 ], [ 339096.0, 5642381.0 ], [ 339098.0, 5642381.0 ], [ 339098.0, 5642380.0 ], [ 339101.0, 5642380.0 ], [ 339101.0, 5642379.0 ], [ 339102.0, 5642379.0 ], [ 339102.0, 5642374.0 ], [ 339103.0, 5642374.0 ], [ 339103.0, 5642373.0 ], [ 339104.0, 5642373.0 ], [ 339104.0, 5642372.0 ], [ 339105.0, 5642372.0 ], [ 339105.0, 5642368.572678042575717 ], [ 339103.83184328104835, 5642368.570998449809849 ], [ 339094.379671757109463, 5642368.548009493388236 ], [ 339095.633376627520192, 5642382.0 ] ] ] ] } },
{ "type": "Feature", "properties": { "DN": 1, "gml_id": "DENW41AL30005bosFL", "identifier": "urn:adv:oid:DENW41AL30005bosFL", "aktualit_2": "2024-08-20Z", "idflurst": "DENW41AL30005bos", "flaeche": 927.0, "flstkennz_": "054682020000350002__", "flstnrzae": "35", "flstnrnen": "2", "gemarkung": "Horrem", "gemaschl": "054682", "flur": "20", "flurschl": "054682020", "land": "Nordrhein-Westfalen", "landschl": "05", "regbezirk": "Kï¿½ln", "regbezschl": "053", "kreis": "Rhein-Erft-Kreis", "kreisschl": "05362", "gemeinde": "Kerpen", "gmdschl": "05362032", "abwrecht": "Kein abweichender Rechtszustand", "lagebeztxt": "Hauptstraï¿½e 212", "tntxt": "Flï¿½che gemischter Nutzung(funktion:Gebï¿½ude- und Freiflï¿½che Mischnutzung mit Wohnen);927", "area": 930, "s area": 160.9, "layer": "swale suitability new", "path": "C:\\Users\\kanis\\Desktop\\Thesis\\Data\\Analysis\\Horrem\\S\\swale suitability new.shp", "final area": 18.8 }, "geometry": { "type": "MultiPolygon", "coordinates": [ [ [ [ 339096.772462590946816, 5642394.222153657115996 ], [ 339100.0, 5642394.241461580619216 ], [ 339100.0, 5642392.0 ], [ 339101.0, 5642392.0 ], [ 339101.0, 5642391.0 ], [ 339100.0, 5642391.0 ], [ 339100.0, 5642390.0 ], [ 339098.0, 5642390.0 ], [ 339098.0, 5642389.0 ], [ 339097.0, 5642389.0 ], [ 339097.0, 5642387.0 ], [ 339096.099368953960948, 5642387.0 ], [ 339096.772462590946816, 5642394.222153657115996 ] ] ] ] } },
{ "type": "Feature", "properties": { "DN": 1, "gml_id": "DENW41AL30005ebsFL", "identifier": "urn:adv:oid:DENW41AL30005ebsFL", "aktualit_2": "2024-08-20Z", "idflurst": "DENW41AL30005ebs", "flaeche": 583.0, "flstkennz_": "05468202000220______", "flstnrzae": "220", "flstnrnen": null, "gemarkung": "Horrem", "gemaschl": "054682", "flur": "20", "flurschl": "054682020", "land": "Nordrhein-Westfalen", "landschl": "05", "regbezirk": "Kï¿½ln", "regbezschl": "053", "kreis": "Rhein-Erft-Kreis", "kreisschl": "05362", "gemeinde": "Kerpen", "gmdschl": "05362032", "abwrecht": "Kein abweichender Rechtszustand", "lagebeztxt": "Hebbelstraï¿½e 10", "tntxt": "Wohnbauflï¿½che;583", "area": 580, "s area": 67.2, "layer": "swale suitability new", "path": "C:\\Users\\kanis\\Desktop\\Thesis\\Data\\Analysis\\Horrem\\S\\swale suitability new.shp", "final area": 33.6 }, "geometry": { "type": "MultiPolygon", "coordinates": [ [ [ [ 338862.685472121520434, 5642239.866851749829948 ], [ 338860.819297371839639, 5642237.51166420057416 ], [ 338844.0, 5642235.566388127394021 ], [ 338844.0, 5642238.0 ], [ 338845.0, 5642238.0 ], [ 338845.0, 5642237.0 ], [ 338856.0, 5642237.0 ], [ 338856.0, 5642238.0 ], [ 338859.0, 5642238.0 ], [ 338859.0, 5642239.0 ], [ 338860.0, 5642239.0 ], [ 338860.0, 5642246.0 ], [ 338861.0, 5642246.0 ], [ 338861.0, 5642247.0 ], [ 338861.872464178362861, 5642247.0 ], [ 338862.685472121520434, 5642239.866851749829948 ] ] ] ] } },
{ "type": "Feature", "properties": { "DN": 1, "gml_id": "DENW41AL30005WZ0FL", "identifier": "urn:adv:oid:DENW41AL30005WZ0FL", "aktualit_2": "2024-08-20Z", "idflurst": "DENW41AL30005WZ0", "flaeche": 3547.0, "flstkennz_": "05468202000451______", "flstnrzae": "451", "flstnrnen": null, "gemarkung": "Horrem", "gemaschl": "054682", "flur": "20", "flurschl": "054682020", "land": "Nordrhein-Westfalen", "landschl": "05", "regbezirk": "Kï¿½ln", "regbezschl": "053", "kreis": "Rhein-Erft-Kreis", "kreisschl": "05362", "gemeinde": "Kerpen", "gmdschl": "05362032", "abwrecht": "Kein abweichender Rechtszustand", "lagebeztxt": "Am grï¿½nen Weg 16, 18; Thomas-Mann-Straï¿½e 7, 8, 9", "tntxt": "Wohnbauflï¿½che;3547", "area": 3550, "s area": 927.7, "layer": "swale suitability new", "path": "C:\\Users\\kanis\\Desktop\\Thesis\\Data\\Analysis\\Horrem\\S\\swale suitability new.shp", "final area": 869.5 }, "geometry": { "type": "MultiPolygon", "coordinates": [ [ [ [ 338817.861246501270216, 5642354.912289732135832 ], [ 338785.0, 5642354.28525469545275 ], [ 338785.0, 5642357.0 ], [ 338784.0, 5642357.0 ], [ 338784.0, 5642360.0 ], [ 338783.0, 5642360.0 ], [ 338783.0, 5642364.0 ], [ 338782.0, 5642364.0 ], [ 338782.0, 5642368.0 ], [ 338781.0, 5642368.0 ], [ 338781.0, 5642374.0 ], [ 338780.0, 5642374.0 ], [ 338780.0, 5642377.0 ], [ 338779.0, 5642377.0 ], [ 338779.0, 5642380.0 ], [ 338778.0, 5642380.0 ], [ 338778.0, 5642383.0 ], [ 338777.0, 5642383.0 ], [ 338777.0, 5642385.0 ], [ 338776.0, 5642385.0 ], [ 338776.0, 5642388.0 ], [ 338775.0, 5642388.0 ], [ 338775.0, 5642392.0 ], [ 338774.0, 5642392.0 ], [ 338774.0, 5642395.0 ], [ 338775.0, 5642395.0 ], [ 338775.0, 5642397.0 ], [ 338777.0, 5642397.0 ], [ 338777.0, 5642398.0 ], [ 338781.0, 5642398.0 ], [ 338781.0, 5642396.0 ], [ 338782.0, 5642396.0 ], [ 338782.0, 5642395.0 ], [ 338781.0, 5642395.0 ], [ 338781.0, 5642393.0 ], [ 338784.0, 5642393.0 ], [ 338784.0, 5642392.0 ], [ 338796.0, 5642392.0 ], [ 338796.0, 5642396.0 ], [ 338797.0, 5642396.0 ], [ 338797.0, 5642397.0 ], [ 338798.0, 5642397.0 ], [ 338798.0, 5642395.0 ], [ 338799.0, 5642395.0 ], [ 338799.0, 5642388.0 ], [ 338800.0, 5642388.0 ], [ 338800.0, 5642379.0 ], [ 338801.0, 5642379.0 ], [ 338801.0, 5642373.0 ], [ 338802.0, 5642373.0 ], [ 338802.0, 5642366.0 ], [ 338803.0, 5642366.0 ], [ 338803.0, 5642359.0 ], [ 338804.0, 5642359.0 ], [ 338804.0, 5642357.0 ], [ 338805.0, 5642357.0 ], [ 338805.0, 5642356.0 ], [ 338809.0, 5642356.0 ], [ 338809.0, 5642357.0 ], [ 338815.0, 5642357.0 ], [ 338815.0, 5642358.0 ], [ 338817.611475288693327, 5642358.0 ], [ 338817.861246501270216, 5642354.912289732135832 ] ], [ [ 338787.0, 5642386.0 ], [ 338789.0, 5642386.0 ], [ 338789.0, 5642389.0 ], [ 338785.0, 5642389.0 ], [ 338785.0, 5642385.0 ], [ 338787.0, 5642385.0 ], [ 338787.0, 5642386.0 ] ], [ [ 338798.0, 5642378.0 ], [ 338797.0, 5642378.0 ], [ 338797.0, 5642377.0 ], [ 338798.0, 5642377.0 ], [ 338798.0, 5642378.0 ] ] ] ] } },
{ "type": "Feature", "properties": { "DN": 1, "gml_id": "DENW41AL30005gY7FL", "identifier": "urn:adv:oid:DENW41AL30005gY7FL", "aktualit_2": "2024-08-20Z", "idflurst": "DENW41AL30005gY7", "flaeche": 754.0, "flstkennz_": "05468202000450______", "flstnrzae": "450", "flstnrnen": null, "gemarkung": "Horrem", "gemaschl": "054682", "flur": "20", "flurschl": "054682020", "land": "Nordrhein-Westfalen", "landschl": "05", "regbezirk": "Kï¿½ln", "regbezschl": "053", "kreis": "Rhein-Erft-Kreis", "kreisschl": "05362", "gemeinde": "Kerpen", "gmdschl": "05362032", "abwrecht": "Kein abweichender Rechtszustand", "lagebeztxt": "Grabenweg 20", "tntxt": "Wohnbauflï¿½che;754", "area": 754, "s area": 192.0, "layer": "swale suitability new", "path": "C:\\Users\\kanis\\Desktop\\Thesis\\Data\\Analysis\\Horrem\\S\\swale suitability new.shp", "final area": 144.7 }, "geometry": { "type": "MultiPolygon", "coordinates": [ [ [ [ 338816.0, 5642351.876228651031852 ], [ 338816.0, 5642349.0 ], [ 338815.0, 5642349.0 ], [ 338815.0, 5642347.0 ], [ 338811.0, 5642347.0 ], [ 338811.0, 5642348.0 ], [ 338809.0, 5642348.0 ], [ 338809.0, 5642347.0 ], [ 338808.0, 5642347.0 ], [ 338808.0, 5642348.0 ], [ 338801.0, 5642348.0 ], [ 338801.0, 5642347.0 ], [ 338794.0, 5642347.0 ], [ 338794.0, 5642346.0 ], [ 338793.0, 5642346.0 ], [ 338793.0, 5642344.0 ], [ 338791.0, 5642344.0 ], [ 338791.0, 5642343.0 ], [ 338789.0, 5642343.0 ], [ 338789.0, 5642344.0 ], [ 338787.0, 5642344.0 ], [ 338787.0, 5642350.0 ], [ 338786.0, 5642350.0 ], [ 338786.0, 5642351.303789893165231 ], [ 338816.0, 5642351.876228651031852 ] ] ] ] } },
{ "type": "Feature", "properties": { "DN": 1, "gml_id": "DENW41AL30005WZ0FL", "identifier": "urn:adv:oid:DENW41AL30005WZ0FL", "aktualit_2": "2024-08-20Z", "idflurst": "DENW41AL30005WZ0", "flaeche": 3547.0, "flstkennz_": "05468202000451______", "flstnrzae": "451", "flstnrnen": null, "gemarkung": "Horrem", "gemaschl": "054682", "flur": "20", "flurschl": "054682020", "land": "Nordrhein-Westfalen", "landschl": "05", "regbezirk": "Kï¿½ln", "regbezschl": "053", "kreis": "Rhein-Erft-Kreis", "kreisschl": "05362", "gemeinde": "Kerpen", "gmdschl": "05362032", "abwrecht": "Kein abweichender Rechtszustand", "lagebeztxt": "Am grï¿½nen Weg 16, 18; Thomas-Mann-Straï¿½e 7, 8, 9", "tntxt": "Wohnbauflï¿½che;3547", "area": 3550, "s area": 76.8, "layer": "swale suitability new", "path": "C:\\Users\\kanis\\Desktop\\Thesis\\Data\\Analysis\\Horrem\\S\\swale suitability new.shp", "final area": 51.6 }, "geometry": { "type": "MultiPolygon", "coordinates": [ [ [ [ 338782.893954419298097, 5642333.043260002508759 ], [ 338780.0, 5642332.965743366628885 ], [ 338780.0, 5642333.0 ], [ 338776.0, 5642333.0 ], [ 338776.0, 5642332.858600509352982 ], [ 338770.318607054650784, 5642332.7064203415066 ], [ 338769.749332809529733, 5642332.718333404511213 ], [ 338769.155007052700967, 5642332.781663198955357 ], [ 338768.581119493814185, 5642332.901223106309772 ], [ 338768.02221110049868, 5642333.077175748534501 ], [ 338767.484172764408868, 5642333.307991011068225 ], [ 338766.971131559228525, 5642333.591597640886903 ], [ 338766.49268250487512, 5642333.922162441536784 ], [ 338765.971281007805374, 5642334.370229260995984 ], [ 338765.509104955825023, 5642334.870720426551998 ], [ 338765.1063974921708, 5642335.421247098594904 ], [ 338764.769501785805915, 5642336.013608742505312 ], [ 338764.502956939279102, 5642336.640068936161697 ], [ 338764.296064166643191, 5642337.339400704950094 ], [ 338764.0, 5642338.562950754538178 ], [ 338764.0, 5642339.0 ], [ 338763.894246565119829, 5642339.0 ], [ 338762.926360807963647, 5642343.0 ], [ 338764.0, 5642343.0 ], [ 338764.0, 5642344.0 ], [ 338766.0, 5642344.0 ], [ 338766.0, 5642341.0 ], [ 338767.0, 5642341.0 ], [ 338767.0, 5642336.0 ], [ 338768.0, 5642336.0 ], [ 338768.0, 5642334.0 ], [ 338769.0, 5642334.0 ], [ 338769.0, 5642333.0 ], [ 338772.0, 5642333.0 ], [ 338772.0, 5642334.0 ], [ 338776.0, 5642334.0 ], [ 338776.0, 5642335.0 ], [ 338780.0, 5642335.0 ], [ 338780.0, 5642336.0 ], [ 338782.811956736433785, 5642336.0 ], [ 338782.893954419298097, 5642333.043260002508759 ] ] ] ] } },
{ "type": "Feature", "properties": { "DN": 1, "gml_id": "DENW41AL30005bosFL", "identifier": "urn:adv:oid:DENW41AL30005bosFL", "aktualit_2": "2024-08-20Z", "idflurst": "DENW41AL30005bos", "flaeche": 927.0, "flstkennz_": "054682020000350002__", "flstnrzae": "35", "flstnrnen": "2", "gemarkung": "Horrem", "gemaschl": "054682", "flur": "20", "flurschl": "054682020", "land": "Nordrhein-Westfalen", "landschl": "05", "regbezirk": "Kï¿½ln", "regbezschl": "053", "kreis": "Rhein-Erft-Kreis", "kreisschl": "05362", "gemeinde": "Kerpen", "gmdschl": "05362032", "abwrecht": "Kein abweichender Rechtszustand", "lagebeztxt": "Hauptstraï¿½e 212", "tntxt": "Flï¿½che gemischter Nutzung(funktion:Gebï¿½ude- und Freiflï¿½che Mischnutzung mit Wohnen);927", "area": 930, "s area": 181.4, "layer": "swale suitability new", "path": "C:\\Users\\kanis\\Desktop\\Thesis\\Data\\Analysis\\Horrem\\S\\swale suitability new.shp", "final area": 165.4 }, "geometry": { "type": "MultiPolygon", "coordinates": [ [ [ [ 339124.0, 5642394.385035491548479 ], [ 339124.0, 5642394.0 ], [ 339124.990258378442377, 5642394.0 ], [ 339124.944195919728372, 5642381.0 ], [ 339121.0, 5642381.0 ], [ 339121.0, 5642382.0 ], [ 339120.0, 5642382.0 ], [ 339120.0, 5642383.0 ], [ 339119.0, 5642383.0 ], [ 339119.0, 5642384.0 ], [ 339113.0, 5642384.0 ], [ 339113.0, 5642387.0 ], [ 339114.0, 5642387.0 ], [ 339114.0, 5642388.0 ], [ 339119.0, 5642388.0 ], [ 339119.0, 5642389.0 ], [ 339118.0, 5642389.0 ], [ 339118.0, 5642393.0 ], [ 339116.0, 5642393.0 ], [ 339116.0, 5642392.0 ], [ 339112.0, 5642392.0 ], [ 339112.0, 5642391.0 ], [ 339106.0, 5642391.0 ], [ 339106.0, 5642388.0 ], [ 339107.0, 5642388.0 ], [ 339107.0, 5642386.0 ], [ 339106.0, 5642386.0 ], [ 339106.0, 5642384.0 ], [ 339104.0, 5642384.0 ], [ 339104.0, 5642385.0 ], [ 339101.0, 5642385.0 ], [ 339101.0, 5642386.0 ], [ 339099.0, 5642386.0 ], [ 339099.0, 5642387.0 ], [ 339100.0, 5642387.0 ], [ 339100.0, 5642388.0 ], [ 339101.0, 5642388.0 ], [ 339101.0, 5642389.0 ], [ 339103.0, 5642389.0 ], [ 339103.0, 5642391.0 ], [ 339102.0, 5642391.0 ], [ 339102.0, 5642392.0 ], [ 339103.0, 5642392.0 ], [ 339103.0, 5642393.0 ], [ 339102.0, 5642393.0 ], [ 339102.0, 5642394.0 ], [ 339104.0, 5642394.0 ], [ 339104.0, 5642393.0 ], [ 339111.0, 5642393.0 ], [ 339111.0, 5642394.0 ], [ 339113.0, 5642394.0 ], [ 339113.0, 5642393.0 ], [ 339114.0, 5642393.0 ], [ 339114.0, 5642394.0 ], [ 339122.0, 5642394.0 ], [ 339122.0, 5642394.37307099904865 ], [ 339124.0, 5642394.385035491548479 ] ], [ [ 339102.0, 5642386.0 ], [ 339102.0, 5642387.0 ], [ 339101.0, 5642387.0 ], [ 339101.0, 5642386.0 ], [ 339102.0, 5642386.0 ] ], [ [ 339121.0, 5642385.0 ], [ 339121.0, 5642386.0 ], [ 339120.0, 5642386.0 ], [ 339120.0, 5642385.0 ], [ 339121.0, 5642385.0 ] ] ] ] } }
]
}
