{"type": "FeatureCollection", "name": "CIS suitability", "features": [{"type": "Feature", "properties": {"fid": 159796.0, "oid": "DENW41AL30008MYnBL", "aktualit": "2024-08-20", "gebnutzbez": "Geb\u00e4ude", "funktion": "Geb\u00e4ude zum Parken", "gfkzshh": "31001_2460", "rellage": null, "name": null, "anzahlgs": null, "gmdschl": "05362032", "lagebeztxt": null, "bld area": 33, "flstkennz_": "05468200800873______", "tntxt": "Wohnbaufl\u00e4che;668", "area": 664}, "geometry": {"type": "MultiPolygon", "coordinates": [[[[6.713384812146432, 50.91376292335038], [6.713458687858051, 50.91377465107044], [6.713480210183203, 50.91372045160224], [6.713407228678716, 50.913708768398045], [6.713400081892736, 50.91372598697577], [6.713384812146432, 50.91376292335038]]]]}}, {"type": "Feature", "properties": {"fid": 273140.0, "oid": "DENW41AL30008K6iBL", "aktualit": "2024-08-20", "gebnutzbez": "Geb\u00e4ude", "funktion": "Wohngeb\u00e4ude", "gfkzshh": "31001_1000", "rellage": null, "name": null, "anzahlgs": null, "gmdschl": "05362032", "lagebeztxt": "Kirschkaul 7", "bld area": 221, "flstkennz_": "05468200800873______", "tntxt": "Wohnbaufl\u00e4che;668", "area": 664}, "geometry": {"type": "MultiPolygon", "coordinates": [[[[6.713438728212572, 50.91382483380865], [6.713715631123261, 50.91386924828062], [6.713735402312156, 50.91381942156908], [6.713757100949269, 50.91376481177773], [6.713757570400269, 50.91376365174188], [6.71375234708297, 50.913762820893076], [6.713747155692006, 50.91377585057269], [6.713546751228115, 50.91374394374472], [6.713551928897951, 50.91373090481071], [6.713480566049859, 50.913719577153124], [6.713480210183203, 50.91372045160224], [6.713458687858051, 50.91377465107044], [6.713438728212572, 50.91382483380865]]]]}}, {"type": "Feature", "properties": {"fid": 273479.0, "oid": "DENW41AL30008KUkBL", "aktualit": "2024-08-20", "gebnutzbez": "Geb\u00e4ude", "funktion": "Geb\u00e4ude zum Parken", "gfkzshh": "31001_2460", "rellage": null, "name": null, "anzahlgs": null, "gmdschl": "05362032", "lagebeztxt": null, "bld area": 22, "flstkennz_": "05468200800873______", "tntxt": "Wohnbaufl\u00e4che;668", "area": 664}, "geometry": {"type": "MultiPolygon", "coordinates": [[[[6.713735402312156, 50.91381942156908], [6.713783573332584, 50.91382701189455], [6.713804948970898, 50.913772314820235], [6.713757100949269, 50.91376481177773], [6.713735402312156, 50.91381942156908]]]]}}, {"type": "Feature", "properties": {"fid": 272464.0, "oid": "DENW41AL30008JLuBL", "aktualit": "2024-08-20", "gebnutzbez": "Geb\u00e4ude", "funktion": "Wohngeb\u00e4ude", "gfkzshh": "31001_1000", "rellage": null, "name": null, "anzahlgs": null, "gmdschl": "05362032", "lagebeztxt": "Sistenichstra\u00dfe 17", "bld area": 58, "flstkennz_": "05468202100436______", "tntxt": "Wohnbaufl\u00e4che;180", "area": 176}, "geometry": {"type": "MultiPolygon", "coordinates": [[[[6.708833728252912, 50.91326570786688], [6.708957441800037, 50.91329852770839], [6.708973924549284, 50.91327374874751], [6.708992468195717, 50.91324611414115], [6.708883081228057, 50.91321764093506], [6.70887436285997, 50.913230906964294], [6.708859263663851, 50.91322694093615], [6.708833728252912, 50.91326570786688]]]]}}, {"type": "Feature", "properties": {"fid": 276732.0, "oid": "DENW41AL30008O87BL", "aktualit": "2024-08-20", "gebnutzbez": "Geb\u00e4ude", "funktion": "Geb\u00e4ude zur Freizeitgestaltung", "gfkzshh": "31001_1310", "rellage": null, "name": null, "anzahlgs": null, "gmdschl": "05362032", "lagebeztxt": null, "bld area": 22, "flstkennz_": "05468202100436______", "tntxt": "Wohnbaufl\u00e4che;180", "area": 176}, "geometry": {"type": "MultiPolygon", "coordinates": [[[[6.708957441800037, 50.91329852770839], [6.70898304855936, 50.91330522734548], [6.709052316657365, 50.91332354104065], [6.709060644532065, 50.91331156248372], [6.709069386966527, 50.91329867466576], [6.7090589647110725, 50.91329594272632], [6.708973924549284, 50.91327374874751], [6.708957441800037, 50.91329852770839]]]]}}, {"type": "Feature", "properties": {"fid": 62041.0, "oid": "DENW41AL30008MzdBL", "aktualit": "2024-08-20", "gebnutzbez": "Geb\u00e4ude", "funktion": "Wohngeb\u00e4ude", "gfkzshh": "31001_1000", "rellage": null, "name": null, "anzahlgs": null, "gmdschl": "05362032", "lagebeztxt": "Sistenichstra\u00dfe 15", "bld area": 57, "flstkennz_": "05468202100467______", "tntxt": "Wohnbaufl\u00e4che;178", "area": 181}, "geometry": {"type": "MultiPolygon", "coordinates": [[[[6.708807905360115, 50.913320172853105], [6.708922662158078, 50.913350550368925], [6.7089419787667985, 50.91332166277665], [6.708957441800037, 50.91329852770839], [6.708833728252912, 50.91326570786688], [6.708823867930136, 50.91326312185007], [6.708815120227022, 50.91327640528722], [6.7088334918501085, 50.913281236042835], [6.708807905360115, 50.913320172853105]]]]}}, {"type": "Feature", "properties": {"fid": 276101.0, "oid": "DENW41AL30008NREBL", "aktualit": "2024-08-20", "gebnutzbez": "Geb\u00e4ude", "funktion": "Geb\u00e4ude f\u00fcr Land- und Forstwirtschaft", "gfkzshh": "31001_2700", "rellage": null, "name": null, "anzahlgs": null, "gmdschl": "05362032", "lagebeztxt": null, "bld area": 15, "flstkennz_": "05468202100467______", "tntxt": "Wohnbaufl\u00e4che;178", "area": 181}, "geometry": {"type": "MultiPolygon", "coordinates": [[[[6.708967941752095, 50.9133283514221], [6.709036673212679, 50.913346294827136], [6.709052316657365, 50.91332354104065], [6.70898304855936, 50.91330522734548], [6.708967941752095, 50.9133283514221]]]]}}, {"type": "Feature", "properties": {"fid": 60084.0, "oid": "DENW41AL30008KBSBL", "aktualit": "2024-08-20", "gebnutzbez": "Geb\u00e4ude", "funktion": "Wohngeb\u00e4ude", "gfkzshh": "31001_1000", "rellage": null, "name": null, "anzahlgs": null, "gmdschl": "05362032", "lagebeztxt": "Sistenichstra\u00dfe 13", "bld area": 54, "flstkennz_": "05468202100029______", "tntxt": "Wohnbaufl\u00e4che;358", "area": 355}, "geometry": {"type": "MultiPolygon", "coordinates": [[[[6.708757731621204, 50.913366119019], [6.708766286895832, 50.91336833764295], [6.708889567727938, 50.91340012373109], [6.708903896488349, 50.91337864829892], [6.708922662158078, 50.913350550368925], [6.708807905360115, 50.913320172853105], [6.708782472877841, 50.91335886984067], [6.708765435604929, 50.91335438906265], [6.708757731621204, 50.913366119019]]]]}}, {"type": "Feature", "properties": {"fid": 63083.0, "oid": "DENW41AL30008OSeBL", "aktualit": "2024-08-20", "gebnutzbez": "Geb\u00e4ude", "funktion": "Geb\u00e4ude f\u00fcr Land- und Forstwirtschaft", "gfkzshh": "31001_2700", "rellage": null, "name": null, "anzahlgs": null, "gmdschl": "05362032", "lagebeztxt": null, "bld area": 16, "flstkennz_": "05468202100029______", "tntxt": "Wohnbaufl\u00e4che;358", "area": 355}, "geometry": {"type": "MultiPolygon", "coordinates": [[[[6.708889567727938, 50.91340012373109], [6.708934808560899, 50.91341318092151], [6.708969808294574, 50.91342329384484], [6.708984433913489, 50.91340098777921], [6.708903896488349, 50.91337864829892], [6.708889567727938, 50.91340012373109]]]]}}, {"type": "Feature", "properties": {"fid": 61096.0, "oid": "DENW41AL30008LdKBL", "aktualit": "2024-08-20", "gebnutzbez": "Geb\u00e4ude", "funktion": "Geb\u00e4ude zur Freizeitgestaltung", "gfkzshh": "31001_1310", "rellage": null, "name": null, "anzahlgs": null, "gmdschl": "05362032", "lagebeztxt": null, "bld area": 32, "flstkennz_": "05468202100428______", "tntxt": "Wohnbaufl\u00e4che;257", "area": 256}, "geometry": {"type": "MultiPolygon", "coordinates": [[[[6.709043555068235, 50.91317693604369], [6.709165877703942, 50.9132036033758], [6.709181945801296, 50.91317567730447], [6.709126549777749, 50.91316111671537], [6.709064651167501, 50.91314483649294], [6.709043555068235, 50.91317693604369]]]]}}, {"type": "Feature", "properties": {"fid": 158863.0, "oid": "DENW41AL30008KfmBL", "aktualit": "2024-08-20", "gebnutzbez": "Geb\u00e4ude", "funktion": "Wohngeb\u00e4ude", "gfkzshh": "31001_1000", "rellage": null, "name": null, "anzahlgs": null, "gmdschl": "05362032", "lagebeztxt": "Sistenichstra\u00dfe 19", "bld area": 67, "flstkennz_": "05468202100428______", "tntxt": "Wohnbaufl\u00e4che;257", "area": 256}, "geometry": {"type": "MultiPolygon", "coordinates": [[[[6.708904840020728, 50.91315641352642], [6.708945123451036, 50.913166989953], [6.708943492817993, 50.913169485283944], [6.7089338150746105, 50.91316694783118], [6.708922295845902, 50.91318452101813], [6.708943786599185, 50.91319015050768], [6.7089486625212365, 50.913182700177536], [6.709026393251035, 50.91320308677543], [6.709043555068235, 50.91317693604369], [6.709064651167501, 50.91314483649294], [6.7089348414274905, 50.91311071885518], [6.708904840020728, 50.91315641352642]]]]}}, {"type": "Feature", "properties": {"fid": 158886.0, "oid": "DENW41AL30008KiaBL", "aktualit": "2024-08-20", "gebnutzbez": "Geb\u00e4ude", "funktion": "Wohngeb\u00e4ude", "gfkzshh": "31001_1000", "rellage": null, "name": null, "anzahlgs": null, "gmdschl": "05362032", "lagebeztxt": null, "bld area": 39, "flstkennz_": "05468200800083______", "tntxt": "Fl\u00e4che gemischter Nutzung(funktion:Geb\u00e4ude- und Freifl\u00e4che Mischnutzung mit Wohnen);242", "area": 242}, "geometry": {"type": "MultiPolygon", "coordinates": [[[[6.7111552867031765, 50.91496840807972], [6.711234264706242, 50.91499389930222], [6.711271684946567, 50.9149477649298], [6.711178870422774, 50.914918656561625], [6.7111552867031765, 50.91496840807972]]]]}}, {"type": "Feature", "properties": {"fid": 273172.0, "oid": "DENW41AL30008K8yBL", "aktualit": "2024-08-20", "gebnutzbez": "Geb\u00e4ude", "funktion": "Gemischt genutztes Geb\u00e4ude mit Wohnen", "gfkzshh": "31001_1100", "rellage": null, "name": null, "anzahlgs": null, "gmdschl": "05362032", "lagebeztxt": "Mittelstra\u00dfe 2", "bld area": 152, "flstkennz_": "05468200800083______", "tntxt": "Fl\u00e4che gemischter Nutzung(funktion:Geb\u00e4ude- und Freifl\u00e4che Mischnutzung mit Wohnen);242", "area": 242}, "geometry": {"type": "MultiPolygon", "coordinates": [[[[6.711234264706242, 50.91499389930222], [6.7113939762067085, 50.91504564453281], [6.711472329372713, 50.914949631061454], [6.711345827218961, 50.91490799000368], [6.7113127697391635, 50.91489711542166], [6.711271684946567, 50.9149477649298], [6.711234264706242, 50.91499389930222]]]]}}, {"type": "Feature", "properties": {"fid": 159111.0, "oid": "DENW41AL30008LA7BL", "aktualit": "2024-08-20", "gebnutzbez": "Geb\u00e4ude", "funktion": "Gemischt genutztes Geb\u00e4ude mit Wohnen", "gfkzshh": "31001_1100", "rellage": null, "name": null, "anzahlgs": null, "gmdschl": "05362032", "lagebeztxt": "Mittelstra\u00dfe 4", "bld area": 100, "flstkennz_": "05468200800084______", "tntxt": "Fl\u00e4che gemischter Nutzung(funktion:Geb\u00e4ude- und Freifl\u00e4che Mischnutzung mit Wohnen);222", "area": 221}, "geometry": {"type": "MultiPolygon", "coordinates": [[[[6.711345827218961, 50.91490799000368], [6.711472329372713, 50.914949631061454], [6.711538346848352, 50.91487043744936], [6.711495352743692, 50.91485620214619], [6.711416911211581, 50.91483021795024], [6.711410807030181, 50.9148282004904], [6.711345827218961, 50.91490799000368]]]]}}, {"type": "Feature", "properties": {"fid": 63390.0, "oid": "DENW41AL30008OstBL", "aktualit": "2024-08-20", "gebnutzbez": "Geb\u00e4ude", "funktion": "Gemischt genutztes Geb\u00e4ude mit Wohnen", "gfkzshh": "31001_1100", "rellage": null, "name": null, "anzahlgs": null, "gmdschl": "05362032", "lagebeztxt": "Bahnhofstra\u00dfe 18", "bld area": 130, "flstkennz_": "05468200800308______", "tntxt": "Fl\u00e4che gemischter Nutzung(funktion:Geb\u00e4ude- und Freifl\u00e4che Mischnutzung mit Wohnen);391", "area": 390}, "geometry": {"type": "MultiPolygon", "coordinates": [[[[6.710933937995531, 50.9148802236692], [6.711098098494673, 50.91494682488524], [6.711123968064441, 50.91494094645307], [6.711167540168668, 50.91484976440492], [6.711083864340493, 50.91483419142767], [6.711041112764591, 50.91483328097306], [6.711026986489468, 50.914846872806486], [6.710985473757183, 50.91482970731065], [6.710933937995531, 50.9148802236692]]]]}}, {"type": "Feature", "properties": {"fid": 61344.0, "oid": "DENW41AL30008LyjBL", "aktualit": "2024-08-20", "gebnutzbez": "Geb\u00e4ude", "funktion": "Geb\u00e4ude zum Parken", "gfkzshh": "31001_2460", "rellage": null, "name": null, "anzahlgs": null, "gmdschl": "05362032", "lagebeztxt": null, "bld area": 24, "flstkennz_": "05468202000399______", "tntxt": "Wohnbaufl\u00e4che;480", "area": 478}, "geometry": {"type": "MultiPolygon", "coordinates": [[[[6.706067404424783, 50.91135788570408], [6.706116022330785, 50.91136354528139], [6.706132227668349, 50.9113027668295], [6.706083779491541, 50.91129712858299], [6.706072017467692, 50.91134074366682], [6.706067404424783, 50.91135788570408]]]]}}, {"type": "Feature", "properties": {"fid": 158390.0, "oid": "DENW41AL30008JkFBL", "aktualit": "2024-08-20", "gebnutzbez": "Geb\u00e4ude", "funktion": "Wohngeb\u00e4ude", "gfkzshh": "31001_1000", "rellage": null, "name": null, "anzahlgs": null, "gmdschl": "05362032", "lagebeztxt": null, "bld area": 45, "flstkennz_": "05468202000399______", "tntxt": "Wohnbaufl\u00e4che;480", "area": 478}, "geometry": {"type": "MultiPolygon", "coordinates": [[[[6.705832476667126, 50.91128600061061], [6.705907417757268, 50.911288966855864], [6.705917333962373, 50.9112143307927], [6.705839893775772, 50.91121127045353], [6.705832476667126, 50.91128600061061]]]]}}, {"type": "Feature", "properties": {"fid": 276585.0, "oid": "DENW41AL30008NyWBL", "aktualit": "2024-08-20", "gebnutzbez": "Geb\u00e4ude", "funktion": "Wohngeb\u00e4ude", "gfkzshh": "31001_1000", "rellage": null, "name": null, "anzahlgs": null, "gmdschl": "05362032", "lagebeztxt": "Adenauerstra\u00dfe 29", "bld area": 94, "flstkennz_": "05468202000399______", "tntxt": "Wohnbaufl\u00e4che;480", "area": 478}, "geometry": {"type": "MultiPolygon", "coordinates": [[[[6.705877497967447, 50.91138821330797], [6.706054125696183, 50.91140717323809], [6.706067404424783, 50.91135788570408], [6.706072017467692, 50.91134074366682], [6.705896202313746, 50.91132175476518], [6.705877497967447, 50.91138821330797]]]]}}, {"type": "Feature", "properties": {"fid": 60870.0, "oid": "DENW41AL30008LJ3BL", "aktualit": "2024-08-20", "gebnutzbez": "Geb\u00e4ude", "funktion": "Geb\u00e4ude zum Parken", "gfkzshh": "31001_2460", "rellage": null, "name": null, "anzahlgs": null, "gmdschl": "05362032", "lagebeztxt": null, "bld area": 15, "flstkennz_": "05468202000449______", "tntxt": "Wohnbaufl\u00e4che;4095", "area": 4094}, "geometry": {"type": "MultiPolygon", "coordinates": [[[[6.705846444899249, 50.91115877470029], [6.7059226676455195, 50.91116199997962], [6.705924847046629, 50.911136778366476], [6.705849062722818, 50.91113360667764], [6.705846444899249, 50.91115877470029]]]]}}, {"type": "Feature", "properties": {"fid": 158506.0, "oid": "DENW41AL30008JxlBL", "aktualit": "2024-08-20", "gebnutzbez": "Geb\u00e4ude", "funktion": "Geb\u00e4ude zum Parken", "gfkzshh": "31001_2460", "rellage": null, "name": null, "anzahlgs": null, "gmdschl": "05362032", "lagebeztxt": null, "bld area": 15, "flstkennz_": "05468202000449______", "tntxt": "Wohnbaufl\u00e4che;4095", "area": 4094}, "geometry": {"type": "MultiPolygon", "coordinates": [[[[6.705849062722818, 50.91113360667764], [6.705924847046629, 50.911136778366476], [6.7059270113484795, 50.911111574444625], [6.7058516440924265, 50.91110831202065], [6.705849062722818, 50.91113360667764]]]]}}, {"type": "Feature", "properties": {"fid": 160092.0, "oid": "DENW41AL30008N8sBL", "aktualit": "2024-08-20", "gebnutzbez": "Geb\u00e4ude", "funktion": "Geb\u00e4ude zum Parken", "gfkzshh": "31001_2460", "rellage": null, "name": null, "anzahlgs": null, "gmdschl": "05362032", "lagebeztxt": null, "bld area": 15, "flstkennz_": "05468202000449______", "tntxt": "Wohnbaufl\u00e4che;4095", "area": 4094}, "geometry": {"type": "MultiPolygon", "coordinates": [[[[6.705843889296762, 50.911184123828235], [6.70592050201232, 50.911187230857415], [6.7059226676455195, 50.91116199997962], [6.705846444899249, 50.91115877470029], [6.705843889296762, 50.911184123828235]]]]}}, {"type": "Feature", "properties": {"fid": 160162.0, "oid": "DENW41AL30008NI3BL", "aktualit": "2024-08-20", "gebnutzbez": "Geb\u00e4ude", "funktion": "Geb\u00e4ude zum Parken", "gfkzshh": "31001_2460", "rellage": null, "name": null, "anzahlgs": null, "gmdschl": "05362032", "lagebeztxt": null, "bld area": 15, "flstkennz_": "05468202000449______", "tntxt": "Wohnbaufl\u00e4che;4095", "area": 4094}, "geometry": {"type": "MultiPolygon", "coordinates": [[[[6.706073894371917, 50.91056984139942], [6.706149309081718, 50.91057443574686], [6.7061531343149134, 50.91054930044365], [6.706077719645217, 50.91054470609918], [6.706073894371917, 50.91056984139942]]]]}}, {"type": "Feature", "properties": {"fid": 273173.0, "oid": "DENW41AL30008K91BL", "aktualit": "2024-08-20", "gebnutzbez": "Geb\u00e4ude", "funktion": "Geb\u00e4ude zum Parken", "gfkzshh": "31001_2460", "rellage": null, "name": null, "anzahlgs": null, "gmdschl": "05362032", "lagebeztxt": null, "bld area": 15, "flstkennz_": "05468202000449______", "tntxt": "Wohnbaufl\u00e4che;4095", "area": 4094}, "geometry": {"type": "MultiPolygon", "coordinates": [[[[6.706077719645217, 50.91054470609918], [6.7061531343149134, 50.91054930044365], [6.706157038928688, 50.910523708000895], [6.706081610529276, 50.91051910439467], [6.706077719645217, 50.91054470609918]]]]}}, {"type": "Feature", "properties": {"fid": 273549.0, "oid": "DENW41AL30008KZjBL", "aktualit": "2024-08-20", "gebnutzbez": "Geb\u00e4ude", "funktion": "Geb\u00e4ude zum Parken", "gfkzshh": "31001_2460", "rellage": null, "name": null, "anzahlgs": null, "gmdschl": "05362032", "lagebeztxt": null, "bld area": 15, "flstkennz_": "05468202000449______", "tntxt": "Wohnbaufl\u00e4che;4095", "area": 4094}, "geometry": {"type": "MultiPolygon", "coordinates": [[[[6.7058516440924265, 50.91110831202065], [6.7059270113484795, 50.911111574444625], [6.7059292172593885, 50.91108581370576], [6.705854289309604, 50.91108258690138], [6.7058516440924265, 50.91110831202065]]]]}}, {"type": "Feature", "properties": {"fid": 275192.0, "oid": "DENW41AL30008MQuBL", "aktualit": "2024-08-20", "gebnutzbez": "Geb\u00e4ude", "funktion": "Geb\u00e4ude zum Parken", "gfkzshh": "31001_2460", "rellage": null, "name": null, "anzahlgs": null, "gmdschl": "05362032", "lagebeztxt": null, "bld area": 15, "flstkennz_": "05468202000449______", "tntxt": "Wohnbaufl\u00e4che;4095", "area": 4094}, "geometry": {"type": "MultiPolygon", "coordinates": [[[[6.705841392097895, 50.91120857469314], [6.705918372243413, 50.91121202172871], [6.70592050201232, 50.911187230857415], [6.705843889296762, 50.911184123828235], [6.705841392097895, 50.91120857469314]]]]}}, {"type": "Feature", "properties": {"fid": 275588.0, "oid": "DENW41AL30008MrtBL", "aktualit": "2024-08-20", "gebnutzbez": "Geb\u00e4ude", "funktion": "Wohngeb\u00e4ude", "gfkzshh": "31001_1000", "rellage": null, "name": null, "anzahlgs": null, "gmdschl": "05362032", "lagebeztxt": "Thomas-Mann-Stra\u00dfe 3, 4", "bld area": 431, "flstkennz_": "05468202000449______", "tntxt": "Wohnbaufl\u00e4che;4095", "area": 4094}, "geometry": {"type": "MultiPolygon", "coordinates": [[[[6.705961279722349, 50.910631746721734], [6.705985081866555, 50.9109999478224], [6.706134525787825, 50.91099568113341], [6.706110716791743, 50.91062788467119], [6.705961279722349, 50.910631746721734]]]]}}, {"type": "Feature", "properties": {"fid": 275788.0, "oid": "DENW41AL30008N5RBL", "aktualit": "2024-08-20", "gebnutzbez": "Geb\u00e4ude", "funktion": "Geb\u00e4ude zum Parken", "gfkzshh": "31001_2460", "rellage": null, "name": null, "anzahlgs": null, "gmdschl": "05362032", "lagebeztxt": null, "bld area": 15, "flstkennz_": "05468202000449______", "tntxt": "Wohnbaufl\u00e4che;4095", "area": 4094}, "geometry": {"type": "MultiPolygon", "coordinates": [[[[6.706070003478495, 50.91059544310336], [6.706145404458561, 50.91060002818904], [6.706149309081718, 50.91057443574686], [6.706073894371917, 50.91056984139942], [6.706070003478495, 50.91059544310336]]]]}}, {"type": "Feature", "properties": {"fid": 276976.0, "oid": "DENW41AL30008ONmBL", "aktualit": "2024-08-20", "gebnutzbez": "Geb\u00e4ude", "funktion": "Wohngeb\u00e4ude", "gfkzshh": "31001_1000", "rellage": null, "name": null, "anzahlgs": null, "gmdschl": "05362032", "lagebeztxt": "Thomas-Mann-Stra\u00dfe 5, 6", "bld area": 429, "flstkennz_": "05468202000449______", "tntxt": "Wohnbaufl\u00e4che;4095", "area": 4094}, "geometry": {"type": "MultiPolygon", "coordinates": [[[[6.705988614834896, 50.910464705789096], [6.706131885996185, 50.910491329467646], [6.706295751065335, 50.91013878827487], [6.706152763800994, 50.910112197352355], [6.705988614834896, 50.910464705789096]]]]}}, {"type": "Feature", "properties": {"fid": 61495.0, "oid": "DENW41AL30008MCfBL", "aktualit": "2024-08-20", "gebnutzbez": "Geb\u00e4ude", "funktion": "Wohngeb\u00e4ude", "gfkzshh": "31001_1000", "rellage": null, "name": null, "anzahlgs": null, "gmdschl": "05362032", "lagebeztxt": "Adenauerstra\u00dfe 27", "bld area": 63, "flstkennz_": "05468202000302______", "tntxt": "Wohnbaufl\u00e4che;302", "area": 301}, "geometry": {"type": "MultiPolygon", "coordinates": [[[[6.7061427468780375, 50.91141807121831], [6.706243671748233, 50.91142872528094], [6.706257035195142, 50.9113780003344], [6.706264218921057, 50.91135052961456], [6.706260822015275, 50.911350175036745], [6.7061634345735435, 50.91133991430706], [6.7061427468780375, 50.91141807121831]]]]}}, {"type": "Feature", "properties": {"fid": 274534.0, "oid": "DENW41AL30008LgDBL", "aktualit": "2024-08-20", "gebnutzbez": "Geb\u00e4ude", "funktion": "Geb\u00e4ude zum Parken", "gfkzshh": "31001_2460", "rellage": null, "name": null, "anzahlgs": null, "gmdschl": "05362032", "lagebeztxt": null, "bld area": 17, "flstkennz_": "05468202000302______", "tntxt": "Wohnbaufl\u00e4che;302", "area": 301}, "geometry": {"type": "MultiPolygon", "coordinates": [[[[6.706257035195142, 50.9113780003344], [6.706299014639988, 50.91138239609765], [6.706311925782264, 50.91133305634204], [6.706266505954296, 50.91132832313912], [6.706260822015275, 50.911350175036745], [6.706264218921057, 50.91135052961456], [6.706257035195142, 50.9113780003344]]]]}}, {"type": "Feature", "properties": {"fid": 62994.0, "oid": "DENW41AL30008OKjBL", "aktualit": "2024-08-20", "gebnutzbez": "Geb\u00e4ude", "funktion": "Wohngeb\u00e4ude", "gfkzshh": "31001_1000", "rellage": null, "name": null, "anzahlgs": null, "gmdschl": "05362032", "lagebeztxt": null, "bld area": 51, "flstkennz_": "05468202100437______", "tntxt": "Wohnbaufl\u00e4che;260", "area": 259}, "geometry": {"type": "MultiPolygon", "coordinates": [[[[6.7091196999382525, 50.91306074296671], [6.709262490472538, 50.913098218166034], [6.709290047121454, 50.913056234952535], [6.709180221910464, 50.913027420638585], [6.709176022466472, 50.9130263128766], [6.709165554872068, 50.91304304329652], [6.7091363537744, 50.913035373730786], [6.7091196999382525, 50.91306074296671]]]]}}, {"type": "Feature", "properties": {"fid": 274575.0, "oid": "DENW41AL30008LjKBL", "aktualit": "2024-08-20", "gebnutzbez": "Geb\u00e4ude", "funktion": "Wohngeb\u00e4ude", "gfkzshh": "31001_1000", "rellage": null, "name": null, "anzahlgs": null, "gmdschl": "05362032", "lagebeztxt": "Sistenichstra\u00dfe 23", "bld area": 68, "flstkennz_": "05468202100437______", "tntxt": "Wohnbaufl\u00e4che;260", "area": 259}, "geometry": {"type": "MultiPolygon", "coordinates": [[[[6.708989134355735, 50.9130278247543], [6.709118945674019, 50.91306190638788], [6.7091196999382525, 50.91306074296671], [6.7091363537744, 50.913035373730786], [6.709154667517241, 50.91300749174513], [6.709157805333787, 50.91300269652438], [6.709079978561917, 50.91298253297887], [6.709084303042895, 50.91297588128732], [6.709062655141695, 50.91297026672621], [6.709051465474222, 50.91298750461936], [6.709060765168112, 50.91298991771787], [6.70905914920227, 50.912992404344244], [6.709019273222597, 50.91298193488984], [6.708989134355735, 50.9130278247543]]]]}}, {"type": "Feature", "properties": {"fid": 274114.0, "oid": "DENW41AL30008LCiBL", "aktualit": "2024-11-06", "gebnutzbez": "Geb\u00e4ude", "funktion": "Wohngeb\u00e4ude", "gfkzshh": "31001_1000", "rellage": null, "name": null, "anzahlgs": null, "gmdschl": "05362032", "lagebeztxt": "Merkurweg 22", "bld area": 86, "flstkennz_": "05468202100438______", "tntxt": "Wohnbaufl\u00e4che;243", "area": 243}, "geometry": {"type": "MultiPolygon", "coordinates": [[[[6.709401154981533, 50.91313570214485], [6.709534922547151, 50.91317093126164], [6.709536674797778, 50.91316827641573], [6.709526786910497, 50.91316567192924], [6.70957724730646, 50.91308895324308], [6.709587134298067, 50.91309157569602], [6.709588929182375, 50.91308892168609], [6.709578990191985, 50.9130861992776], [6.709454971206045, 50.9130535180043], [6.709453203418265, 50.91305619952638], [6.709464552245653, 50.913059183463695], [6.709413984263712, 50.91313606188464], [6.709402845972401, 50.91313313603952], [6.709401154981533, 50.91313570214485]]]]}}, {"type": "Feature", "properties": {"fid": 61716.0, "oid": "DENW41AL30008MWMBL", "aktualit": "2024-08-20", "gebnutzbez": "Geb\u00e4ude", "funktion": "Wohngeb\u00e4ude", "gfkzshh": "31001_1000", "rellage": null, "name": null, "anzahlgs": null, "gmdschl": "05362032", "lagebeztxt": null, "bld area": 35, "flstkennz_": "054682021001580003__", "tntxt": "Wohnbaufl\u00e4che;238", "area": 238}, "geometry": {"type": "MultiPolygon", "coordinates": [[[[6.705121346877262, 50.91243237569201], [6.705188840422971, 50.91245286935807], [6.705193984981255, 50.91245442756673], [6.705231787656552, 50.912403490760845], [6.705227357797655, 50.912402153471994], [6.705159149612474, 50.912381438910266], [6.705121346877262, 50.91243237569201]]]]}}, {"type": "Feature", "properties": {"fid": 275290.0, "oid": "DENW41AL30008MYTBL", "aktualit": "2024-08-20", "gebnutzbez": "Geb\u00e4ude", "funktion": "Wohngeb\u00e4ude", "gfkzshh": "31001_1000", "rellage": null, "name": null, "anzahlgs": null, "gmdschl": "05362032", "lagebeztxt": "Wiesenstra\u00dfe 46", "bld area": 44, "flstkennz_": "054682021001580003__", "tntxt": "Wohnbaufl\u00e4che;238", "area": 238}, "geometry": {"type": "MultiPolygon", "coordinates": [[[[6.705190066461257, 50.91233975656243], [6.7052584651828395, 50.91236064574121], [6.70530849856678, 50.91229533398073], [6.705238663899027, 50.91227413777722], [6.705190066461257, 50.91233975656243]]]]}}, {"type": "Feature", "properties": {"fid": 272912.0, "oid": "DENW41AL30008Jr6BL", "aktualit": "2024-08-20", "gebnutzbez": "Geb\u00e4ude", "funktion": "Wohngeb\u00e4ude", "gfkzshh": "31001_1000", "rellage": null, "name": null, "anzahlgs": null, "gmdschl": "05362032", "lagebeztxt": "Am Kalkofen 43", "bld area": 128, "flstkennz_": "05468202100430______", "tntxt": "Wohnbaufl\u00e4che;375", "area": 375}, "geometry": {"type": "MultiPolygon", "coordinates": [[[[6.7048618698946365, 50.912586954300956], [6.704977896721852, 50.91263017731475], [6.704977311020989, 50.91263080437821], [6.70498058436649, 50.912638297885856], [6.704996628619141, 50.91264415378002], [6.705008568911526, 50.91264233793674], [6.705009079125526, 50.91264179932972], [6.705010057239693, 50.91264216034108], [6.705067091635809, 50.91257885713616], [6.705073668365394, 50.91257154833955], [6.705036822552901, 50.9125579262056], [6.705044183523536, 50.91255000324532], [6.70504076101398, 50.91254872173575], [6.705011408296654, 50.91253779228064], [6.705015163605999, 50.912533755822864], [6.705011645154559, 50.91252459358563], [6.704961470959958, 50.91250601439076], [6.704947028895241, 50.91250836564596], [6.7049432593691565, 50.912512401821985], [6.704933437832017, 50.91250874593715], [6.704917591146858, 50.91252605375196], [6.704910813224496, 50.91252357299176], [6.704900297799685, 50.912525344894256], [6.704892027874284, 50.91253439222149], [6.7048950415703175, 50.91254080133218], [6.704901833265181, 50.91254329135825], [6.7048618698946365, 50.912586954300956]]]]}}, {"type": "Feature", "properties": {"fid": 273139.0, "oid": "DENW41AL30008K6hBL", "aktualit": "2024-08-20", "gebnutzbez": "Geb\u00e4ude", "funktion": "Wohngeb\u00e4ude", "gfkzshh": "31001_1000", "rellage": null, "name": null, "anzahlgs": null, "gmdschl": "05362032", "lagebeztxt": null, "bld area": 16, "flstkennz_": "05468202100430______", "tntxt": "Wohnbaufl\u00e4che;375", "area": 375}, "geometry": {"type": "MultiPolygon", "coordinates": [[[[6.705036822552901, 50.9125579262056], [6.705073668365394, 50.91257154833955], [6.705080786826051, 50.91256363859626], [6.705108974680792, 50.91253231778287], [6.705070084356553, 50.91251832267229], [6.70504076101398, 50.91254872173575], [6.705044183523536, 50.91255000324532], [6.705036822552901, 50.9125579262056]]]]}}, {"type": "Feature", "properties": {"fid": 62342.0, "oid": "DENW41AL30008NQLBL", "aktualit": "2024-08-20", "gebnutzbez": "Geb\u00e4ude", "funktion": "Wohngeb\u00e4ude", "gfkzshh": "31001_1000", "rellage": null, "name": null, "anzahlgs": null, "gmdschl": "05362032", "lagebeztxt": null, "bld area": 31, "flstkennz_": "05468202100440______", "tntxt": "Wohnbaufl\u00e4che;347", "area": 342}, "geometry": {"type": "MultiPolygon", "coordinates": [[[[6.705070611086934, 50.91230348173737], [6.70511929145126, 50.912318298955704], [6.705168378017999, 50.912252860705735], [6.7051189243927425, 50.91223785741334], [6.705070611086934, 50.91230348173737]]]]}}, {"type": "Feature", "properties": {"fid": 159162.0, "oid": "DENW41AL30008LFnBL", "aktualit": "2024-08-20", "gebnutzbez": "Geb\u00e4ude", "funktion": "Wohngeb\u00e4ude", "gfkzshh": "31001_1000", "rellage": null, "name": null, "anzahlgs": null, "gmdschl": "05362032", "lagebeztxt": "Wiesenstra\u00dfe 48", "bld area": 44, "flstkennz_": "05468202100440______", "tntxt": "Wohnbaufl\u00e4che;347", "area": 342}, "geometry": {"type": "MultiPolygon", "coordinates": [[[[6.70511929145126, 50.912318298955704], [6.705126720433956, 50.91232055866], [6.7051718571174606, 50.91233424486594], [6.705190066461257, 50.91233975656243], [6.705238663899027, 50.91227413777722], [6.705168378017999, 50.912252860705735], [6.70511929145126, 50.912318298955704]]]]}}, {"type": "Feature", "properties": {"fid": 159786.0, "oid": "DENW41AL30008MXsBL", "aktualit": "2024-08-20", "gebnutzbez": "Geb\u00e4ude", "funktion": "Wohngeb\u00e4ude", "gfkzshh": "31001_1000", "rellage": null, "name": null, "anzahlgs": null, "gmdschl": "05362032", "lagebeztxt": null, "bld area": 16, "flstkennz_": "05468202100440______", "tntxt": "Wohnbaufl\u00e4che;347", "area": 342}, "geometry": {"type": "MultiPolygon", "coordinates": [[[[6.705098638146295, 50.91235841127736], [6.705143774857481, 50.91237209749444], [6.705171781189596, 50.91233434230808], [6.7051718571174606, 50.91233424486594], [6.705126720433956, 50.91232055866], [6.705126462013718, 50.912320895354426], [6.705098638146295, 50.91235841127736]]]]}}, {"type": "Feature", "properties": {"fid": 159773.0, "oid": "DENW41AL30008MW9BL", "aktualit": "2024-08-20", "gebnutzbez": "Geb\u00e4ude", "funktion": "Geb\u00e4ude zum Parken", "gfkzshh": "31001_2460", "rellage": null, "name": null, "anzahlgs": null, "gmdschl": "05362032", "lagebeztxt": null, "bld area": 15, "flstkennz_": "05468202100440______", "tntxt": "Wohnbaufl\u00e4che;347", "area": 342}, "geometry": {"type": "MultiPolygon", "coordinates": [[[[6.705014364299126, 50.91231869093923], [6.705050172224413, 50.91232969337396], [6.705083661466187, 50.912285174531185], [6.705047170460277, 50.912274176661704], [6.705014364299126, 50.91231869093923]]]]}}, {"type": "Feature", "properties": {"fid": 272611.0, "oid": "DENW41AL30008JWWBL", "aktualit": "2024-08-20", "gebnutzbez": "Geb\u00e4ude", "funktion": "Wohngeb\u00e4ude", "gfkzshh": "31001_1000", "rellage": null, "name": null, "anzahlgs": null, "gmdschl": "05362032", "lagebeztxt": "Merkurweg 8", "bld area": 51, "flstkennz_": "05468202100026______", "tntxt": "Wohnbaufl\u00e4che;524", "area": 522}, "geometry": {"type": "MultiPolygon", "coordinates": [[[[6.709225113896639, 50.91367325099833], [6.709292642553288, 50.913691355380685], [6.709292797701645, 50.91369110172992], [6.709225113896639, 50.91367325099833]]]]}}, {"type": "Feature", "properties": {"fid": 273498.0, "oid": "DENW41AL30008KWFBL", "aktualit": "2024-08-20", "gebnutzbez": "Geb\u00e4ude", "funktion": "Wohngeb\u00e4ude", "gfkzshh": "31001_1000", "rellage": null, "name": null, "anzahlgs": null, "gmdschl": "05362032", "lagebeztxt": "Sistenichstra\u00dfe 7", "bld area": 86, "flstkennz_": "05468202100026______", "tntxt": "Wohnbaufl\u00e4che;524", "area": 522}, "geometry": {"type": "MultiPolygon", "coordinates": [[[[6.708608311756568, 50.91360807676998], [6.708737724201546, 50.91364219595496], [6.708737800565676, 50.913642089525005], [6.708725989225258, 50.913638961525514], [6.708780155157813, 50.91355722526765], [6.708791952709541, 50.913560343997], [6.708792706107506, 50.91355919854912], [6.708663068641839, 50.9135250300349], [6.7086621145757395, 50.913526495329734], [6.708669980040821, 50.91352856550517], [6.708645766858642, 50.913565316694374], [6.70862934785064, 50.91356099194186], [6.708620324327962, 50.91357467468367], [6.70863672912647, 50.91357899915844], [6.708616929752983, 50.91360901947337], [6.70860906427692, 50.91360694929425], [6.708608311756568, 50.91360807676998]]]]}}, {"type": "Feature", "properties": {"fid": 275830.0, "oid": "DENW41AL30008N8BBL", "aktualit": "2024-08-20", "gebnutzbez": "Geb\u00e4ude", "funktion": "Wohngeb\u00e4ude", "gfkzshh": "31001_1000", "rellage": null, "name": null, "anzahlgs": null, "gmdschl": "05362032", "lagebeztxt": "Sistenichstra\u00dfe 1", "bld area": 71, "flstkennz_": "05468202100378______", "tntxt": "Wohnbaufl\u00e4che;310", "area": 310}, "geometry": {"type": "MultiPolygon", "coordinates": [[[[6.708533913452374, 50.91389282632883], [6.708634299686084, 50.91391948620082], [6.708665209243527, 50.913872118538485], [6.708671055778331, 50.91386315827942], [6.708642147442514, 50.913855602271056], [6.70865948373112, 50.91382909525676], [6.708544074333791, 50.91379865970637], [6.708543105603187, 50.913800133706424], [6.708588285103081, 50.91381212852009], [6.7085720332529295, 50.91383654320261], [6.708570446555041, 50.91383611630745], [6.708566135689651, 50.913842777241584], [6.708550709856275, 50.91383879576739], [6.708542902354184, 50.913850892435285], [6.708558342404302, 50.91385487418964], [6.708533913452374, 50.91389282632883]]]]}}, {"type": "Feature", "properties": {"fid": 62037.0, "oid": "DENW41AL30008Mz5BL", "aktualit": "2024-08-20", "gebnutzbez": "Geb\u00e4ude", "funktion": "Wohngeb\u00e4ude", "gfkzshh": "31001_1000", "rellage": null, "name": null, "anzahlgs": null, "gmdschl": "05362032", "lagebeztxt": null, "bld area": 24, "flstkennz_": "05468202100378______", "tntxt": "Wohnbaufl\u00e4che;310", "area": 310}, "geometry": {"type": "MultiPolygon", "coordinates": [[[[6.708642147442514, 50.913855602271056], [6.708671055778331, 50.91386315827942], [6.708665209243527, 50.913872118538485], [6.708717787888459, 50.91388583254423], [6.708740819702773, 50.91385054217376], [6.7086964792486645, 50.91383884271062], [6.70865948373112, 50.91382909525676], [6.708642147442514, 50.913855602271056]]]]}}, {"type": "Feature", "properties": {"fid": 158721.0, "oid": "DENW41AL30008KOjBL", "aktualit": "2024-08-20", "gebnutzbez": "Geb\u00e4ude", "funktion": "Wohngeb\u00e4ude", "gfkzshh": "31001_1000", "rellage": null, "name": null, "anzahlgs": null, "gmdschl": "05362032", "lagebeztxt": "Am Kalkofen 3 a", "bld area": 115, "flstkennz_": "05468202100377______", "tntxt": "Wohnbaufl\u00e4che;343", "area": 341}, "geometry": {"type": "MultiPolygon", "coordinates": [[[[6.7087043431413775, 50.91401209761627], [6.708840868228704, 50.91406450642341], [6.70891611207201, 50.91398552238313], [6.708780034012101, 50.913933284332884], [6.7087043431413775, 50.91401209761627]]]]}}, {"type": "Feature", "properties": {"fid": 273264.0, "oid": "DENW41AL30008KFkBL", "aktualit": "2024-08-20", "gebnutzbez": "Geb\u00e4ude", "funktion": "Wohngeb\u00e4ude", "gfkzshh": "31001_1000", "rellage": null, "name": null, "anzahlgs": null, "gmdschl": "05362032", "lagebeztxt": null, "bld area": 60, "flstkennz_": "05468202100377______", "tntxt": "Wohnbaufl\u00e4che;343", "area": 341}, "geometry": {"type": "MultiPolygon", "coordinates": [[[[6.708633305816793, 50.913984601981795], [6.7087043431413775, 50.91401209761627], [6.708780034012101, 50.913933284332884], [6.708709362425501, 50.9139061646827], [6.708633305816793, 50.913984601981795]]]]}}, {"type": "Feature", "properties": {"fid": 59814.0, "oid": "DENW41AL30008JoaBL", "aktualit": "2024-08-20", "gebnutzbez": "Geb\u00e4ude", "funktion": "Wohngeb\u00e4ude", "gfkzshh": "31001_1000", "rellage": null, "name": null, "anzahlgs": null, "gmdschl": "05362032", "lagebeztxt": null, "bld area": 50, "flstkennz_": "05468200800350______", "tntxt": "Wohnbaufl\u00e4che;310", "area": 311}, "geometry": {"type": "MultiPolygon", "coordinates": [[[[6.709230252354165, 50.91411319944844], [6.709293853237959, 50.91413713998357], [6.709324627063253, 50.914149301448525], [6.709348330150664, 50.91412380072649], [6.709318614941611, 50.914112100757634], [6.709353579001762, 50.91407660376917], [6.709288813525259, 50.91405117436799], [6.709231993807455, 50.91411134487028], [6.709230252354165, 50.91411319944844]]]]}}, {"type": "Feature", "properties": {"fid": 61283.0, "oid": "DENW41AL30008LtOBL", "aktualit": "2024-08-20", "gebnutzbez": "Geb\u00e4ude", "funktion": "Geb\u00e4ude zur Freizeitgestaltung", "gfkzshh": "31001_1310", "rellage": null, "name": null, "anzahlgs": null, "gmdschl": "05362032", "lagebeztxt": null, "bld area": 11, "flstkennz_": "05468200800350______", "tntxt": "Wohnbaufl\u00e4che;310", "area": 311}, "geometry": {"type": "MultiPolygon", "coordinates": [[[[6.709300839537745, 50.914241986449944], [6.709327548676651, 50.91425232327376], [6.709332988177046, 50.914245855353435], [6.709366281345327, 50.914206143307126], [6.709345187597117, 50.91419908263591], [6.709300839537745, 50.914241986449944]]]]}}, {"type": "Feature", "properties": {"fid": 62813.0, "oid": "DENW41AL30008O5YBL", "aktualit": "2024-08-20", "gebnutzbez": "Geb\u00e4ude", "funktion": "Wohngeb\u00e4ude", "gfkzshh": "31001_1000", "rellage": null, "name": null, "anzahlgs": null, "gmdschl": "05362032", "lagebeztxt": "Am Kalkofen 1", "bld area": 75, "flstkennz_": "05468200800350______", "tntxt": "Wohnbaufl\u00e4che;310", "area": 311}, "geometry": {"type": "MultiPolygon", "coordinates": [[[[6.709288813525259, 50.91405117436799], [6.709353579001762, 50.91407660376917], [6.709444983009771, 50.91411235955133], [6.709497419091702, 50.91404989935508], [6.709351981037999, 50.91402687099601], [6.709316984437798, 50.914021318263146], [6.709288813525259, 50.91405117436799]]]]}}, {"type": "Feature", "properties": {"fid": 273436.0, "oid": "DENW41AL30008KS7BL", "aktualit": "2024-08-20", "gebnutzbez": "Geb\u00e4ude", "funktion": "Geb\u00e4ude zur Freizeitgestaltung", "gfkzshh": "31001_1310", "rellage": null, "name": null, "anzahlgs": null, "gmdschl": "05362032", "lagebeztxt": null, "bld area": 37, "flstkennz_": "05468200800350______", "tntxt": "Wohnbaufl\u00e4che;310", "area": 311}, "geometry": {"type": "MultiPolygon", "coordinates": [[[[6.709160059378175, 50.91418755193751], [6.7092511066018625, 50.91422275222677], [6.709251692707975, 50.9142221161561], [6.709271818063512, 50.91420080842643], [6.709241436552763, 50.91418905938313], [6.7092651635655525, 50.914165969566675], [6.709202682972693, 50.91414239278271], [6.709160059378175, 50.91418755193751]]]]}}, {"type": "Feature", "properties": {"fid": 271925.0, "oid": "DENW41AL2000JAYWBL", "aktualit": "2024-08-20", "gebnutzbez": "Geb\u00e4ude", "funktion": "Wohngeb\u00e4ude", "gfkzshh": "31001_1000", "rellage": null, "name": null, "anzahlgs": null, "gmdschl": "05362032", "lagebeztxt": "Merkurweg 14", "bld area": 68, "flstkennz_": "05468202100466______", "tntxt": "Wohnbaufl\u00e4che;180", "area": 180}, "geometry": {"type": "MultiPolygon", "coordinates": [[[[6.709265586331699, 50.91336743646891], [6.709223457185109, 50.91343006290638], [6.7093413450969095, 50.9134607173262], [6.7093826907984715, 50.913398836998056], [6.709265586331699, 50.91336743646891]]]]}}, {"type": "Feature", "properties": {"fid": 62500.0, "oid": "DENW41AL30008NdgBL", "aktualit": "2024-08-20", "gebnutzbez": "Geb\u00e4ude", "funktion": "Geb\u00e4ude zum Parken", "gfkzshh": "31001_2460", "rellage": null, "name": null, "anzahlgs": null, "gmdschl": "05362032", "lagebeztxt": null, "bld area": 27, "flstkennz_": "05468201900252______", "tntxt": "Wohnbaufl\u00e4che;823", "area": 822}, "geometry": {"type": "MultiPolygon", "coordinates": [[[[6.7072328553466525, 50.909032768510336], [6.7072835390029235, 50.90903745186934], [6.707298795624245, 50.90897074548015], [6.707248318673175, 50.908966488911645], [6.7072328553466525, 50.909032768510336]]]]}}, {"type": "Feature", "properties": {"fid": 272441.0, "oid": "DENW41AL30008JJvBL", "aktualit": "2024-08-20", "gebnutzbez": "Geb\u00e4ude", "funktion": "Wohngeb\u00e4ude", "gfkzshh": "31001_1000", "rellage": null, "name": null, "anzahlgs": null, "gmdschl": "05362032", "lagebeztxt": "Heinrich-Heine-Stra\u00dfe 7", "bld area": 87, "flstkennz_": "05468201900252______", "tntxt": "Wohnbaufl\u00e4che;823", "area": 822}, "geometry": {"type": "MultiPolygon", "coordinates": [[[[6.707043355264047, 50.90905822213639], [6.7071971352102935, 50.909072117487426], [6.707213660908248, 50.9089992750765], [6.7072084343524185, 50.90899881262464], [6.707207976591419, 50.909000890264736], [6.707064591445138, 50.90898824248596], [6.707065067399384, 50.90898608425685], [6.707059770670178, 50.90898560243126], [6.707043355264047, 50.90905822213639]]]]}}, {"type": "Feature", "properties": {"fid": 62557.0, "oid": "DENW41AL30008NixBL", "aktualit": "2024-08-20", "gebnutzbez": "Geb\u00e4ude", "funktion": "Wohngeb\u00e4ude", "gfkzshh": "31001_1000", "rellage": null, "name": null, "anzahlgs": null, "gmdschl": "05362032", "lagebeztxt": "Merodestra\u00dfe 30", "bld area": 63, "flstkennz_": "05468201900166______", "tntxt": "Wohnbaufl\u00e4che;378", "area": 375}, "geometry": {"type": "MultiPolygon", "coordinates": [[[[6.707305982877677, 50.90853159628471], [6.7074013580770675, 50.90854129491147], [6.7074253429886515, 50.908460234485474], [6.707329796804964, 50.90844996588887], [6.707305982877677, 50.90853159628471]]]]}}, {"type": "Feature", "properties": {"fid": 60582.0, "oid": "DENW41AL30008KsyBL", "aktualit": "2024-08-20", "gebnutzbez": "Geb\u00e4ude", "funktion": "Geb\u00e4ude zum Parken", "gfkzshh": "31001_2460", "rellage": null, "name": null, "anzahlgs": null, "gmdschl": "05362032", "lagebeztxt": null, "bld area": 34, "flstkennz_": "05468201900360______", "tntxt": "Wohnbaufl\u00e4che;409", "area": 409}, "geometry": {"type": "MultiPolygon", "coordinates": [[[[6.707278100700212, 50.909087028495485], [6.707320782456027, 50.90909098799798], [6.707342452836508, 50.90899798291151], [6.707294773323814, 50.9089935384811], [6.707278100700212, 50.909087028495485]]]]}}, {"type": "Feature", "properties": {"fid": 272905.0, "oid": "DENW41AL30008JqZBL", "aktualit": "2024-08-20", "gebnutzbez": "Geb\u00e4ude", "funktion": "Wohngeb\u00e4ude", "gfkzshh": "31001_1000", "rellage": null, "name": null, "anzahlgs": null, "gmdschl": "05362032", "lagebeztxt": "Heinrich-Heine-Stra\u00dfe 5 a", "bld area": 104, "flstkennz_": "05468201900360______", "tntxt": "Wohnbaufl\u00e4che;409", "area": 409}, "geometry": {"type": "MultiPolygon", "coordinates": [[[[6.707318852385099, 50.90909928762028], [6.707447532846018, 50.909111268455284], [6.707471132142509, 50.909009981687994], [6.707342452836508, 50.90899798291151], [6.707320782456027, 50.90909098799798], [6.707318852385099, 50.90909928762028]]]]}}, {"type": "Feature", "properties": {"fid": 63393.0, "oid": "DENW41AL30008OtcBL", "aktualit": "2024-08-20", "gebnutzbez": "Geb\u00e4ude", "funktion": "Gemischt genutztes Geb\u00e4ude mit Wohnen", "gfkzshh": "31001_1100", "rellage": null, "name": null, "anzahlgs": null, "gmdschl": "05362032", "lagebeztxt": "Hauptstra\u00dfe 157", "bld area": 75, "flstkennz_": "05468200800290______", "tntxt": "Fl\u00e4che gemischter Nutzung(funktion:Geb\u00e4ude- und Freifl\u00e4che Mischnutzung mit Wohnen);164", "area": 164}, "geometry": {"type": "MultiPolygon", "coordinates": [[[[6.710212878031458, 50.914433300130035], [6.710346255530612, 50.914464680146466], [6.710383030955531, 50.91440068011257], [6.710249703161233, 50.914370029634206], [6.710212878031458, 50.914433300130035]]]]}}, {"type": "Feature", "properties": {"fid": 62466.0, "oid": "DENW41AL30008Nb0BL", "aktualit": "2024-08-20", "gebnutzbez": "Geb\u00e4ude", "funktion": "Gemischt genutztes Geb\u00e4ude mit Wohnen", "gfkzshh": "31001_1100", "rellage": null, "name": null, "anzahlgs": null, "gmdschl": "05362032", "lagebeztxt": "Bahnhofstra\u00dfe 6", "bld area": 129, "flstkennz_": "05468200800296______", "tntxt": "Fl\u00e4che gemischter Nutzung(funktion:Geb\u00e4ude- und Freifl\u00e4che Mischnutzung mit Wohnen);245", "area": 246}, "geometry": {"type": "MultiPolygon", "coordinates": [[[[6.710342900361552, 50.91464053891857], [6.710425468138265, 50.91467403392249], [6.710511034842307, 50.91459137493661], [6.710477304787978, 50.91457768975474], [6.710490293406625, 50.91456611732867], [6.710495320893206, 50.91456572128381], [6.7105752528902975, 50.91448944544849], [6.710521325568233, 50.91446724238305], [6.710489309014629, 50.91449835445541], [6.710429534448364, 50.91455642590069], [6.710342900361552, 50.91464053891857]]]]}}, {"type": "Feature", "properties": {"fid": 59748.0, "oid": "DENW41AL30008JjFBL", "aktualit": "2024-08-20", "gebnutzbez": "Geb\u00e4ude", "funktion": "Geb\u00e4ude f\u00fcr Wirtschaft oder Gewerbe", "gfkzshh": "31001_2000", "rellage": null, "name": null, "anzahlgs": null, "gmdschl": "05362032", "lagebeztxt": null, "bld area": 20, "flstkennz_": "05468200800296______", "tntxt": "Fl\u00e4che gemischter Nutzung(funktion:Geb\u00e4ude- und Freifl\u00e4che Mischnutzung mit Wohnen);245", "area": 246}, "geometry": {"type": "MultiPolygon", "coordinates": [[[[6.710521325568233, 50.91446724238305], [6.7105752528902975, 50.91448944544849], [6.7106094053472205, 50.9144568462566], [6.710599642347818, 50.91445285022826], [6.710554894843971, 50.91443464076009], [6.710550261887679, 50.91443917283918], [6.710521325568233, 50.91446724238305]]]]}}, {"type": "Feature", "properties": {"fid": 159219.0, "oid": "DENW41AL30008LMpBL", "aktualit": "2024-08-20", "gebnutzbez": "Geb\u00e4ude", "funktion": "Geb\u00e4ude f\u00fcr Wirtschaft oder Gewerbe", "gfkzshh": "31001_2000", "rellage": null, "name": null, "anzahlgs": null, "gmdschl": "05362032", "lagebeztxt": null, "bld area": 26, "flstkennz_": "05468200800296______", "tntxt": "Fl\u00e4che gemischter Nutzung(funktion:Geb\u00e4ude- und Freifl\u00e4che Mischnutzung mit Wohnen);245", "area": 246}, "geometry": {"type": "MultiPolygon", "coordinates": [[[[6.710599642347818, 50.91445285022826], [6.7106094053472205, 50.9144568462566], [6.710619894668545, 50.91446111736142], [6.710692412392832, 50.914338205496875], [6.710673129397079, 50.9143238144206], [6.710623731291783, 50.91441049288378], [6.710599642347818, 50.91445285022826]]]]}}, {"type": "Feature", "properties": {"fid": 275237.0, "oid": "DENW41AL30008MUNBL", "aktualit": "2024-08-20", "gebnutzbez": "Geb\u00e4ude", "funktion": "Wohngeb\u00e4ude", "gfkzshh": "31001_1000", "rellage": null, "name": null, "anzahlgs": null, "gmdschl": "05362032", "lagebeztxt": "Merkurweg 23", "bld area": 124, "flstkennz_": "05468200800637______", "tntxt": "Wohnbaufl\u00e4che;300", "area": 299}, "geometry": {"type": "MultiPolygon", "coordinates": [[[[6.710193980660091, 50.91274710192689], [6.710085132039683, 50.912733462687875], [6.710049155988214, 50.912729042194144], [6.710017443561744, 50.91283163624207], [6.71016085146881, 50.912853058989704], [6.710193980660091, 50.91274710192689]]]]}}, {"type": "Feature", "properties": {"fid": 62181.0, "oid": "DENW41AL30008NC6BL", "aktualit": "2024-08-20", "gebnutzbez": "Geb\u00e4ude", "funktion": "Wohngeb\u00e4ude", "gfkzshh": "31001_1000", "rellage": null, "name": null, "anzahlgs": null, "gmdschl": "05362032", "lagebeztxt": "Merkurweg 25", "bld area": 114, "flstkennz_": "05468200800587______", "tntxt": "Wohnbaufl\u00e4che;253", "area": 252}, "geometry": {"type": "MultiPolygon", "coordinates": [[[[6.710085132039683, 50.912733462687875], [6.710193980660091, 50.91274710192689], [6.710263695530669, 50.91275572802991], [6.710288159174859, 50.91267674511986], [6.710110765859811, 50.91265441283308], [6.710085132039683, 50.912733462687875]]]]}}, {"type": "Feature", "properties": {"fid": 273747.0, "oid": "DENW41AL30008KnqBL", "aktualit": "2024-08-20", "gebnutzbez": "Geb\u00e4ude", "funktion": "Wohngeb\u00e4ude", "gfkzshh": "31001_1000", "rellage": null, "name": null, "anzahlgs": null, "gmdschl": "05362032", "lagebeztxt": "Merkurweg 21", "bld area": 101, "flstkennz_": "05468200800816______", "tntxt": "Wohnbaufl\u00e4che;257", "area": 257}, "geometry": {"type": "MultiPolygon", "coordinates": [[[[6.709994325160934, 50.91289856641459], [6.710173371171844, 50.91293014126084], [6.710185522882537, 50.91290228211588], [6.710203122446146, 50.91285937479941], [6.710018499672428, 50.912835335553766], [6.710005098193905, 50.91287039242284], [6.709994325160934, 50.91289856641459]]]]}}, {"type": "Feature", "properties": {"fid": 60448.0, "oid": "DENW41AL30008Kh9BL", "aktualit": "2024-08-20", "gebnutzbez": "Geb\u00e4ude", "funktion": "Gemischt genutztes Geb\u00e4ude mit Wohnen", "gfkzshh": "31001_1100", "rellage": null, "name": null, "anzahlgs": null, "gmdschl": "05362032", "lagebeztxt": "Hauptstra\u00dfe 158", "bld area": 123, "flstkennz_": "05468200800347______", "tntxt": "Fl\u00e4che gemischter Nutzung(funktion:Geb\u00e4ude- und Freifl\u00e4che Mischnutzung mit Wohnen);264", "area": 266}, "geometry": {"type": "MultiPolygon", "coordinates": [[[[6.709725964127503, 50.914238538987966], [6.709830998249091, 50.91424474650609], [6.709808320305185, 50.91428588120175], [6.7099873422700025, 50.914300376023064], [6.71001703981434, 50.9142486940434], [6.709844920201499, 50.91421040141413], [6.709732335901774, 50.91420352407922], [6.709732243213056, 50.91420396297117], [6.709727289381778, 50.91423125279154], [6.709725964127503, 50.914238538987966]]]]}}, {"type": "Feature", "properties": {"fid": 61854.0, "oid": "DENW41AL30008MhuBL", "aktualit": "2024-08-20", "gebnutzbez": "Geb\u00e4ude", "funktion": "Wohngeb\u00e4ude", "gfkzshh": "31001_1000", "rellage": null, "name": null, "anzahlgs": null, "gmdschl": "05362032", "lagebeztxt": "Grabenweg 7", "bld area": 274, "flstkennz_": "05468201900308______", "tntxt": "Wohnbaufl\u00e4che;1066", "area": 1072}, "geometry": {"type": "MultiPolygon", "coordinates": [[[[6.7082679854267635, 50.910007511081965], [6.708432177126925, 50.91001398224092], [6.708430839507385, 50.9100276000372], [6.7085647735638325, 50.910032892229765], [6.708576749608221, 50.90991188680339], [6.708502783203935, 50.90990910329231], [6.708503259642181, 50.909904327781895], [6.708279054423607, 50.90989542801223], [6.7082679854267635, 50.910007511081965]]]]}}, {"type": "Feature", "properties": {"fid": 62059.0, "oid": "DENW41AL30008N0sBL", "aktualit": "2024-08-20", "gebnutzbez": "Geb\u00e4ude", "funktion": "Geb\u00e4ude zum Parken", "gfkzshh": "31001_2460", "rellage": null, "name": null, "anzahlgs": null, "gmdschl": "05362032", "lagebeztxt": null, "bld area": 116, "flstkennz_": "05468201900308______", "tntxt": "Wohnbaufl\u00e4che;1066", "area": 1072}, "geometry": {"type": "MultiPolygon", "coordinates": [[[[6.708219779675931, 50.909775163970785], [6.708502381484844, 50.909786676591295], [6.708507768905029, 50.90973434672477], [6.7082249070910756, 50.90972263113863], [6.708219779675931, 50.909775163970785]]]]}}, {"type": "Feature", "properties": {"fid": 277986.0, "oid": "DENW41ALDY00002DBL", "aktualit": "2024-08-20", "gebnutzbez": "Geb\u00e4ude", "funktion": "Wohngeb\u00e4ude", "gfkzshh": "31001_1000", "rellage": null, "name": null, "anzahlgs": null, "gmdschl": "05362032", "lagebeztxt": "Hebbelstra\u00dfe 1", "bld area": 90, "flstkennz_": "05468201900394______", "tntxt": "Wohnbaufl\u00e4che;240", "area": 240}, "geometry": {"type": "MultiPolygon", "coordinates": [[[[6.708025067297509, 50.909797207012055], [6.708039281823166, 50.90979772902747], [6.708167198002344, 50.90980272360795], [6.70817518041026, 50.909721906408606], [6.7080332080504155, 50.90971635695421], [6.708025067297509, 50.909797207012055]]]]}}, {"type": "Feature", "properties": {"fid": 277987.0, "oid": "DENW41ALDY00002HBL", "aktualit": "2024-08-20", "gebnutzbez": "Geb\u00e4ude", "funktion": "Geb\u00e4ude zum Parken", "gfkzshh": "31001_2460", "rellage": null, "name": null, "anzahlgs": null, "gmdschl": "05362032", "lagebeztxt": null, "bld area": 27, "flstkennz_": "05468201900394______", "tntxt": "Wohnbaufl\u00e4che;240", "area": 240}, "geometry": {"type": "MultiPolygon", "coordinates": [[[[6.708036867404556, 50.90982457399501], [6.708164614875873, 50.909829529287954], [6.708167198002344, 50.90980272360795], [6.708039281823166, 50.90979772902747], [6.708036867404556, 50.90982457399501]]]]}}, {"type": "Feature", "properties": {"fid": 59679.0, "oid": "DENW41AL30008JdiBL", "aktualit": "2024-08-20", "gebnutzbez": "Geb\u00e4ude", "funktion": "Wohngeb\u00e4ude", "gfkzshh": "31001_1000", "rellage": null, "name": null, "anzahlgs": null, "gmdschl": "05362032", "lagebeztxt": "Grabenweg 9", "bld area": 141, "flstkennz_": "05468201900395______", "tntxt": "Wohnbaufl\u00e4che;519", "area": 517}, "geometry": {"type": "MultiPolygon", "coordinates": [[[[6.7080076954703145, 50.909997308543694], [6.708141800806641, 50.910002586598736], [6.708145918399587, 50.910002748411515], [6.708151602653346, 50.90994496496565], [6.708158722490848, 50.90987272919696], [6.7080204999444115, 50.90986728934917], [6.7080076954703145, 50.909997308543694]]]]}}, {"type": "Feature", "properties": {"fid": 160007.0, "oid": "DENW41AL30008MyNBL", "aktualit": "2024-08-20", "gebnutzbez": "Geb\u00e4ude", "funktion": "Wohngeb\u00e4ude", "gfkzshh": "31001_1000", "rellage": null, "name": null, "anzahlgs": null, "gmdschl": "05362032", "lagebeztxt": "Herderstra\u00dfe 10", "bld area": 97, "flstkennz_": "05468202100452______", "tntxt": "Wohnbaufl\u00e4che;608", "area": 619}, "geometry": {"type": "MultiPolygon", "coordinates": [[[[6.707838051229907, 50.91217547944385], [6.707853121075141, 50.912177718162745], [6.707847459752794, 50.91220809698786], [6.707987756800561, 50.912229074581276], [6.708016432564674, 50.9121524593474], [6.707855657669296, 50.9121284173224], [6.707838051229907, 50.91217547944385]]]]}}, {"type": "Feature", "properties": {"fid": 276203.0, "oid": "DENW41AL30008NYIBL", "aktualit": "2024-08-20", "gebnutzbez": "Geb\u00e4ude", "funktion": "Geb\u00e4ude zum Parken", "gfkzshh": "31001_2460", "rellage": null, "name": null, "anzahlgs": null, "gmdschl": "05362032", "lagebeztxt": null, "bld area": 36, "flstkennz_": "05468202100452______", "tntxt": "Wohnbaufl\u00e4che;608", "area": 619}, "geometry": {"type": "MultiPolygon", "coordinates": [[[[6.707660688854878, 50.91223855205255], [6.707789073171821, 50.912252973026725], [6.707798795562816, 50.912218410764375], [6.707670397124352, 50.912203989522816], [6.707660688854878, 50.91223855205255]]]]}}, {"type": "Feature", "properties": {"fid": 61412.0, "oid": "DENW41AL30008M5gBL", "aktualit": "2024-08-20", "gebnutzbez": "Geb\u00e4ude", "funktion": "Geb\u00e4ude zur Freizeitgestaltung", "gfkzshh": "31001_1310", "rellage": null, "name": null, "anzahlgs": null, "gmdschl": "05362032", "lagebeztxt": null, "bld area": 12, "flstkennz_": "05468202100425______", "tntxt": "Wohnbaufl\u00e4che;299", "area": 300}, "geometry": {"type": "MultiPolygon", "coordinates": [[[[6.707498763320571, 50.912665391985854], [6.70753375677086, 50.912674791182454], [6.707552930122216, 50.91264622478724], [6.707519965056921, 50.9126373888888], [6.707498763320571, 50.912665391985854]]]]}}, {"type": "Feature", "properties": {"fid": 62141.0, "oid": "DENW41AL30008N8OBL", "aktualit": "2024-08-20", "gebnutzbez": "Geb\u00e4ude", "funktion": "Wohngeb\u00e4ude", "gfkzshh": "31001_1000", "rellage": null, "name": null, "anzahlgs": null, "gmdschl": "05362032", "lagebeztxt": "Wiesenstra\u00dfe 7", "bld area": 75, "flstkennz_": "05468202100425______", "tntxt": "Wohnbaufl\u00e4che;299", "area": 300}, "geometry": {"type": "MultiPolygon", "coordinates": [[[[6.707390017179937, 50.91280892073889], [6.707508756146034, 50.9128450711622], [6.707558578170945, 50.91277966436542], [6.707556770291139, 50.91277910719379], [6.7074918155291785, 50.91275932135167], [6.707481064219371, 50.912756052153284], [6.707439672305228, 50.91274343876009], [6.707390017179937, 50.91280892073889]]]]}}, {"type": "Feature", "properties": {"fid": 272699.0, "oid": "DENW41AL30008JcrBL", "aktualit": "2024-08-20", "gebnutzbez": "Geb\u00e4ude", "funktion": "Wohngeb\u00e4ude", "gfkzshh": "31001_1000", "rellage": null, "name": null, "anzahlgs": null, "gmdschl": "05362032", "lagebeztxt": null, "bld area": 53, "flstkennz_": "05468202100425______", "tntxt": "Wohnbaufl\u00e4che;299", "area": 300}, "geometry": {"type": "MultiPolygon", "coordinates": [[[[6.7074918155291785, 50.91275932135167], [6.707556770291139, 50.91277910719379], [6.707566807230508, 50.91276593911468], [6.707576539177859, 50.912769107334256], [6.7076186197177154, 50.91271126538464], [6.707534921255033, 50.91268554402621], [6.707508189673669, 50.91272055462354], [6.707518645593338, 50.91272375505809], [6.7074918155291785, 50.91275932135167]]]]}}, {"type": "Feature", "properties": {"fid": 61376.0, "oid": "DENW41AL30008M1oBL", "aktualit": "2024-08-20", "gebnutzbez": "Geb\u00e4ude", "funktion": "Geb\u00e4ude zum Parken", "gfkzshh": "31001_2460", "rellage": null, "name": null, "anzahlgs": null, "gmdschl": "05362032", "lagebeztxt": null, "bld area": 19, "flstkennz_": "05468202100475______", "tntxt": "Wohnbaufl\u00e4che;242", "area": 244}, "geometry": {"type": "MultiPolygon", "coordinates": [[[[6.709286111377243, 50.91284495815769], [6.709362817122679, 50.91286563920942], [6.709380792910232, 50.91283855103069], [6.709303828807355, 50.91281820669514], [6.709286111377243, 50.91284495815769]]]]}}, {"type": "Feature", "properties": {"fid": 277455.0, "oid": "DENW41AL30008OtwBL", "aktualit": "2024-08-20", "gebnutzbez": "Geb\u00e4ude", "funktion": "Wohngeb\u00e4ude", "gfkzshh": "31001_1000", "rellage": null, "name": null, "anzahlgs": null, "gmdschl": "05362032", "lagebeztxt": "Sistenichstra\u00dfe 27", "bld area": 70, "flstkennz_": "05468202100475______", "tntxt": "Wohnbaufl\u00e4che;242", "area": 244}, "geometry": {"type": "MultiPolygon", "coordinates": [[[[6.709097632045288, 50.912861791906], [6.7092193337725154, 50.912893843462086], [6.709260488860333, 50.91283134181018], [6.709139154419544, 50.91279876685362], [6.709097632045288, 50.912861791906]]]]}}, {"type": "Feature", "properties": {"fid": 63416.0, "oid": "DENW41AL30008Ov6BL", "aktualit": "2024-08-20", "gebnutzbez": "Geb\u00e4ude", "funktion": "Geb\u00e4ude f\u00fcr Land- und Forstwirtschaft", "gfkzshh": "31001_2700", "rellage": null, "name": null, "anzahlgs": null, "gmdschl": "05362032", "lagebeztxt": null, "bld area": 12, "flstkennz_": "05468202100462______", "tntxt": "Wohnbaufl\u00e4che;230", "area": 229}, "geometry": {"type": "MultiPolygon", "coordinates": [[[[6.709254173163373, 50.91293299511638], [6.709306574203579, 50.912946831295635], [6.709323435265691, 50.912921295213145], [6.709271033366068, 50.91290747701256], [6.709254173163373, 50.91293299511638]]]]}}, {"type": "Feature", "properties": {"fid": 62547.0, "oid": "DENW41AL30008NhxBL", "aktualit": "2024-08-20", "gebnutzbez": "Geb\u00e4ude", "funktion": "Wohngeb\u00e4ude", "gfkzshh": "31001_1000", "rellage": null, "name": null, "anzahlgs": null, "gmdschl": "05362032", "lagebeztxt": "Sistenichstra\u00dfe 25", "bld area": 70, "flstkennz_": "05468202100462______", "tntxt": "Wohnbaufl\u00e4che;230", "area": 229}, "geometry": {"type": "MultiPolygon", "coordinates": [[[[6.709056214345094, 50.91292471106937], [6.7091779170879, 50.91295674469921], [6.7092193337725154, 50.912893843462086], [6.709097632045288, 50.912861791906], [6.709056214345094, 50.91292471106937]]]]}}, {"type": "Feature", "properties": {"fid": 158460.0, "oid": "DENW41AL30008JscBL", "aktualit": "2024-08-20", "gebnutzbez": "Geb\u00e4ude", "funktion": "Wohngeb\u00e4ude", "gfkzshh": "31001_1000", "rellage": null, "name": null, "anzahlgs": null, "gmdschl": "05362032", "lagebeztxt": "Merkurweg 11", "bld area": 98, "flstkennz_": "05468200800651______", "tntxt": "Wohnbaufl\u00e4che;283", "area": 282}, "geometry": {"type": "MultiPolygon", "coordinates": [[[[6.709666283489669, 50.91338380947848], [6.709827666750918, 50.91341150351786], [6.709861374847219, 50.9133401402346], [6.709700348091158, 50.91331127500913], [6.709666283489669, 50.91338380947848]]]]}}, {"type": "Feature", "properties": {"fid": 158167.0, "oid": "DENW41AL30008JIPBL", "aktualit": "2024-08-20", "gebnutzbez": "Geb\u00e4ude", "funktion": "Wohngeb\u00e4ude", "gfkzshh": "31001_1000", "rellage": null, "name": null, "anzahlgs": null, "gmdschl": "05362032", "lagebeztxt": "Merodestra\u00dfe 2", "bld area": 93, "flstkennz_": "05468201900357______", "tntxt": "Wohnbaufl\u00e4che;442", "area": 441}, "geometry": {"type": "MultiPolygon", "coordinates": [[[[6.711072403093823, 50.909048438171126], [6.711136240653833, 50.90905641786221], [6.711132449948646, 50.90906844058589], [6.711184179791459, 50.909075004546075], [6.711188058842357, 50.90906292059482], [6.711217142450663, 50.90897262355603], [6.711096726463896, 50.908957166370314], [6.711077780462337, 50.909014806750186], [6.711072403093823, 50.909048438171126]]]]}}, {"type": "Feature", "properties": {"fid": 159479.0, "oid": "DENW41AL30008LvhBL", "aktualit": "2024-08-20", "gebnutzbez": "Geb\u00e4ude", "funktion": "Geb\u00e4ude zum Parken", "gfkzshh": "31001_2460", "rellage": null, "name": null, "anzahlgs": null, "gmdschl": "05362032", "lagebeztxt": null, "bld area": 72, "flstkennz_": "05468201900357______", "tntxt": "Wohnbaufl\u00e4che;442", "area": 441}, "geometry": {"type": "MultiPolygon", "coordinates": [[[[6.711052927681511, 50.909202970663785], [6.711222330367279, 50.909214810666775], [6.7112311796735105, 50.90916115450169], [6.7110623025850735, 50.90914933381344], [6.711052927681511, 50.909202970663785]]]]}}, {"type": "Feature", "properties": {"fid": 276023.0, "oid": "DENW41AL30008NM2BL", "aktualit": "2024-08-20", "gebnutzbez": "Geb\u00e4ude", "funktion": "Geb\u00e4ude f\u00fcr Wirtschaft oder Gewerbe", "gfkzshh": "31001_2000", "rellage": null, "name": null, "anzahlgs": null, "gmdschl": "05362032", "lagebeztxt": null, "bld area": 21, "flstkennz_": "05468201900357______", "tntxt": "Wohnbaufl\u00e4che;442", "area": 441}, "geometry": {"type": "MultiPolygon", "coordinates": [[[[6.71104774013097, 50.909202612395504], [6.711052927681511, 50.909202970663785], [6.7110623025850735, 50.90914933381344], [6.711056329609403, 50.90914891758953], [6.71104774013097, 50.909202612395504]]]]}}, {"type": "Feature", "properties": {"fid": 159239.0, "oid": "DENW41AL30008LPgBL", "aktualit": "2024-08-20", "gebnutzbez": "Geb\u00e4ude", "funktion": "Geb\u00e4ude zur Freizeitgestaltung", "gfkzshh": "31001_1310", "rellage": null, "name": null, "anzahlgs": null, "gmdschl": "05362032", "lagebeztxt": null, "bld area": 12, "flstkennz_": "05468202100341______", "tntxt": "Wohnbaufl\u00e4che;225", "area": 226}, "geometry": {"type": "MultiPolygon", "coordinates": [[[[6.7055551416181585, 50.91261964524143], [6.705593652294366, 50.91263124029146], [6.705618898591002, 50.91259781986163], [6.705580387935572, 50.91258622482015], [6.7055551416181585, 50.91261964524143]]]]}}, {"type": "Feature", "properties": {"fid": 159451.0, "oid": "DENW41AL30008LsBBL", "aktualit": "2024-08-20", "gebnutzbez": "Geb\u00e4ude", "funktion": "Wohngeb\u00e4ude", "gfkzshh": "31001_1000", "rellage": null, "name": null, "anzahlgs": null, "gmdschl": "05362032", "lagebeztxt": "Wiesenstra\u00dfe 38", "bld area": 50, "flstkennz_": "05468202100341______", "tntxt": "Wohnbaufl\u00e4che;225", "area": 226}, "geometry": {"type": "MultiPolygon", "coordinates": [[[[6.705657035582544, 50.9124848391372], [6.705726571403252, 50.91250604719919], [6.705746139578732, 50.912480465905475], [6.705762970758141, 50.9124856536122], [6.705781699360098, 50.91246152184705], [6.705764404461163, 50.91245621709731], [6.705778517869741, 50.91243769686673], [6.705708610377155, 50.912416526498596], [6.705657035582544, 50.9124848391372]]]]}}, {"type": "Feature", "properties": {"fid": 160214.0, "oid": "DENW41AL30008NOUBL", "aktualit": "2024-08-20", "gebnutzbez": "Geb\u00e4ude", "funktion": "Geb\u00e4ude zum Parken", "gfkzshh": "31001_2460", "rellage": null, "name": null, "anzahlgs": null, "gmdschl": "05362032", "lagebeztxt": null, "bld area": 18, "flstkennz_": "05468202100341______", "tntxt": "Wohnbaufl\u00e4che;225", "area": 226}, "geometry": {"type": "MultiPolygon", "coordinates": [[[[6.705689162939206, 50.91255244988687], [6.705735769543746, 50.91256720808639], [6.705767590620776, 50.91252680254095], [6.7057210729293235, 50.91251226196046], [6.705689162939206, 50.91255244988687]]]]}}, {"type": "Feature", "properties": {"fid": 158180.0, "oid": "DENW41AL30008JKLBL", "aktualit": "2024-08-20", "gebnutzbez": "Geb\u00e4ude", "funktion": "Geb\u00e4ude zum Parken", "gfkzshh": "31001_2460", "rellage": null, "name": null, "anzahlgs": null, "gmdschl": "05362032", "lagebeztxt": null, "bld area": 13, "flstkennz_": "054682021000860007__", "tntxt": "Wohnbaufl\u00e4che;267", "area": 257}, "geometry": {"type": "MultiPolygon", "coordinates": [[[[6.706161593251289, 50.91293890471921], [6.706163354061268, 50.91293955092843], [6.706196686402587, 50.9129517275445], [6.706228476550222, 50.91291773406724], [6.7061945991909075, 50.91290535787128], [6.7061933829732485, 50.91290492023709], [6.706161593251289, 50.91293890471921]]]]}}, {"type": "Feature", "properties": {"fid": 160816.0, "oid": "DENW41AL30008OaXBL", "aktualit": "2024-08-20", "gebnutzbez": "Geb\u00e4ude", "funktion": "Wohngeb\u00e4ude", "gfkzshh": "31001_1000", "rellage": null, "name": null, "anzahlgs": null, "gmdschl": "05362032", "lagebeztxt": "Am Kalkofen 27", "bld area": 57, "flstkennz_": "054682021000860007__", "tntxt": "Wohnbaufl\u00e4che;267", "area": 257}, "geometry": {"type": "MultiPolygon", "coordinates": [[[[6.706107250917443, 50.91304092703326], [6.706184243487207, 50.913069350752686], [6.706250670171521, 50.91299989973777], [6.706172512120014, 50.912971165341766], [6.706107250917443, 50.91304092703326]]]]}}, {"type": "Feature", "properties": {"fid": 61326.0, "oid": "DENW41AL30008LxIBL", "aktualit": "2024-08-20", "gebnutzbez": "Geb\u00e4ude", "funktion": "Geb\u00e4ude zum Parken", "gfkzshh": "31001_2460", "rellage": null, "name": null, "anzahlgs": null, "gmdschl": "05362032", "lagebeztxt": null, "bld area": 23, "flstkennz_": "054682021001700003__", "tntxt": "Wohnbaufl\u00e4che;250", "area": 250}, "geometry": {"type": "MultiPolygon", "coordinates": [[[[6.70573021130131, 50.912576083929224], [6.705779943118367, 50.91259122733853], [6.705817211928016, 50.91254245642642], [6.705767254951035, 50.912527263635646], [6.70573021130131, 50.912576083929224]]]]}}, {"type": "Feature", "properties": {"fid": 274992.0, "oid": "DENW41AL30008MCyBL", "aktualit": "2024-08-20", "gebnutzbez": "Geb\u00e4ude", "funktion": "Wohngeb\u00e4ude", "gfkzshh": "31001_1000", "rellage": null, "name": null, "anzahlgs": null, "gmdschl": "05362032", "lagebeztxt": "Wiesenstra\u00dfe 36", "bld area": 49, "flstkennz_": "054682021001700003__", "tntxt": "Wohnbaufl\u00e4che;250", "area": 250}, "geometry": {"type": "MultiPolygon", "coordinates": [[[[6.705826713442095, 50.9125320841298], [6.705903599381008, 50.91255542427588], [6.7059528962460195, 50.91249061043111], [6.705873360365728, 50.912466480706776], [6.705826713442095, 50.9125320841298]]]]}}, {"type": "Feature", "properties": {"fid": 63097.0, "oid": "DENW41AL30008OTcBL", "aktualit": "2024-08-20", "gebnutzbez": "Geb\u00e4ude", "funktion": "Wohngeb\u00e4ude", "gfkzshh": "31001_1000", "rellage": null, "name": null, "anzahlgs": null, "gmdschl": "05362032", "lagebeztxt": "Am Kalkofen 29", "bld area": 40, "flstkennz_": "05468202100471______", "tntxt": "Wohnbaufl\u00e4che;783", "area": 784}, "geometry": {"type": "MultiPolygon", "coordinates": [[[[6.705966738431984, 50.9129647101395], [6.706077983373715, 50.913006848692234], [6.706109882418254, 50.912972668511024], [6.705998794314026, 50.91293052407703], [6.705966738431984, 50.9129647101395]]]]}}, {"type": "Feature", "properties": {"fid": 158717.0, "oid": "DENW41AL30008KO8BL", "aktualit": "2024-08-20", "gebnutzbez": "Geb\u00e4ude", "funktion": "Geb\u00e4ude f\u00fcr Wirtschaft oder Gewerbe", "gfkzshh": "31001_2000", "rellage": null, "name": null, "anzahlgs": null, "gmdschl": "05362032", "lagebeztxt": null, "bld area": 224, "flstkennz_": "05468202100471______", "tntxt": "Wohnbaufl\u00e4che;783", "area": 784}, "geometry": {"type": "MultiPolygon", "coordinates": [[[[6.705998794314026, 50.91293052407703], [6.706109882418254, 50.912972668511024], [6.706124742746126, 50.912978303106236], [6.706161593251289, 50.91293890471921], [6.7061933829732485, 50.91290492023709], [6.706264364843679, 50.91282904701442], [6.706281526927021, 50.912810730551314], [6.706155996700982, 50.91276284298508], [6.705998794314026, 50.91293052407703]]]]}}, {"type": "Feature", "properties": {"fid": 275589.0, "oid": "DENW41AL30008MrxBL", "aktualit": "2024-08-20", "gebnutzbez": "Geb\u00e4ude", "funktion": "Wohngeb\u00e4ude", "gfkzshh": "31001_1000", "rellage": null, "name": null, "anzahlgs": null, "gmdschl": "05362032", "lagebeztxt": null, "bld area": 53, "flstkennz_": "05468202100471______", "tntxt": "Wohnbaufl\u00e4che;783", "area": 784}, "geometry": {"type": "MultiPolygon", "coordinates": [[[[6.706264364843679, 50.91282904701442], [6.706375360609693, 50.91286959742423], [6.706424223938225, 50.91282487669484], [6.706342146041869, 50.912794851167526], [6.7063326286257405, 50.91279137226708], [6.706324946612604, 50.91279194081143], [6.706317421089956, 50.91279308805388], [6.7063101666463165, 50.912794798258396], [6.706303297870247, 50.91279705568903], [6.706296916020988, 50.912799826359624], [6.706291094815354, 50.91280305775445], [6.706285950167755, 50.91280670718135], [6.706281526927021, 50.912810730551314], [6.706264364843679, 50.91282904701442]]]]}}, {"type": "Feature", "properties": {"fid": 273209.0, "oid": "DENW41AL30008KBtBL", "aktualit": "2024-08-20", "gebnutzbez": "Geb\u00e4ude", "funktion": "Wohngeb\u00e4ude", "gfkzshh": "31001_1000", "rellage": null, "name": null, "anzahlgs": null, "gmdschl": "05362032", "lagebeztxt": null, "bld area": 69, "flstkennz_": "05468202100471______", "tntxt": "Wohnbaufl\u00e4che;783", "area": 784}, "geometry": {"type": "MultiPolygon", "coordinates": [[[[6.706342146041869, 50.912794851167526], [6.706424223938225, 50.91282487669484], [6.70644640576999, 50.91280458122427], [6.706472491252846, 50.912780701866474], [6.706483396311847, 50.91277071686556], [6.706503315836726, 50.91274463868282], [6.706422003254364, 50.9127195929987], [6.706342146041869, 50.912794851167526]]]]}}, {"type": "Feature", "properties": {"fid": 273852.0, "oid": "DENW41AL30008KujBL", "aktualit": "2024-08-20", "gebnutzbez": "Geb\u00e4ude", "funktion": "Wohngeb\u00e4ude", "gfkzshh": "31001_1000", "rellage": null, "name": null, "anzahlgs": null, "gmdschl": "05362032", "lagebeztxt": "Wiesenstra\u00dfe 26", "bld area": 56, "flstkennz_": "05468202100471______", "tntxt": "Wohnbaufl\u00e4che;783", "area": 784}, "geometry": {"type": "MultiPolygon", "coordinates": [[[[6.706422003254364, 50.9127195929987], [6.706503315836726, 50.91274463868282], [6.7065574149865474, 50.912673865932305], [6.706473840331946, 50.91264853298755], [6.706422003254364, 50.9127195929987]]]]}}, {"type": "Feature", "properties": {"fid": 158197.0, "oid": "DENW41AL30008JMKBL", "aktualit": "2024-08-20", "gebnutzbez": "Geb\u00e4ude", "funktion": "Geb\u00e4ude zum Parken", "gfkzshh": "31001_2460", "rellage": null, "name": null, "anzahlgs": null, "gmdschl": "05362032", "lagebeztxt": null, "bld area": 18, "flstkennz_": "05468202000214______", "tntxt": "Wohnbaufl\u00e4che;337", "area": 335}, "geometry": {"type": "MultiPolygon", "coordinates": [[[[6.7073915000136495, 50.90994107057583], [6.7074302322281865, 50.90994262296704], [6.707433562636226, 50.909900910752995], [6.707435449275174, 50.90988336433141], [6.707397455705099, 50.909881835446754], [6.707395204191064, 50.909903332108065], [6.7073915000136495, 50.90994107057583]]]]}}, {"type": "Feature", "properties": {"fid": 159361.0, "oid": "DENW41AL30008LgWBL", "aktualit": "2024-08-20", "gebnutzbez": "Geb\u00e4ude", "funktion": "Geb\u00e4ude zum Parken", "gfkzshh": "31001_2460", "rellage": null, "name": null, "anzahlgs": null, "gmdschl": "05362032", "lagebeztxt": null, "bld area": 20, "flstkennz_": "05468202000216______", "tntxt": "Wohnbaufl\u00e4che;382", "area": 388}, "geometry": {"type": "MultiPolygon", "coordinates": [[[[6.707518980581486, 50.90990746358209], [6.707605193604685, 50.90991578581814], [6.707611054872858, 50.90988944028435], [6.707605700744311, 50.90988896635093], [6.707606291183701, 50.90988650456917], [6.70752581791894, 50.90987891568146], [6.707518980581486, 50.90990746358209]]]]}}, {"type": "Feature", "properties": {"fid": 275384.0, "oid": "DENW41AL30008MdwBL", "aktualit": "2024-08-20", "gebnutzbez": "Geb\u00e4ude", "funktion": "Wohngeb\u00e4ude", "gfkzshh": "31001_1000", "rellage": null, "name": null, "anzahlgs": null, "gmdschl": "05362032", "lagebeztxt": "Hebbelstra\u00dfe 2", "bld area": 85, "flstkennz_": "05468202000216______", "tntxt": "Wohnbaufl\u00e4che;382", "area": 388}, "geometry": {"type": "MultiPolygon", "coordinates": [[[[6.707591482732508, 50.909840172827046], [6.707616715334312, 50.90984257524121], [6.707606291183701, 50.90988650456917], [6.707605700744311, 50.90988896635093], [6.707611054872858, 50.90988944028435], [6.707739606591419, 50.90990148121044], [6.707756912240339, 50.90982752079742], [6.707640437391507, 50.90981666150237], [6.707640943519647, 50.909814467887564], [6.707598488468525, 50.909810512960604], [6.707591482732508, 50.909840172827046]]]]}}, {"type": "Feature", "properties": {"fid": 60741.0, "oid": "DENW41AL30008L7SBL", "aktualit": "2024-08-20", "gebnutzbez": "Geb\u00e4ude", "funktion": "Wohngeb\u00e4ude", "gfkzshh": "31001_1000", "rellage": null, "name": null, "anzahlgs": null, "gmdschl": "05362032", "lagebeztxt": "Grabenweg 15", "bld area": 78, "flstkennz_": "05468202000213______", "tntxt": "Wohnbaufl\u00e4che;489", "area": 488}, "geometry": {"type": "MultiPolygon", "coordinates": [[[[6.707153155615068, 50.90998105267487], [6.707266270116227, 50.9099859013282], [6.7072760993662275, 50.90989822198368], [6.707220109824691, 50.9098958268168], [6.707164688338284, 50.909893451777975], [6.7071625587084505, 50.90989336496548], [6.707158696652541, 50.90992939144428], [6.707153155615068, 50.90998105267487]]]]}}, {"type": "Feature", "properties": {"fid": 270530.0, "oid": "DENW41AL11L0002gBL", "aktualit": "2024-08-20", "gebnutzbez": "Geb\u00e4ude", "funktion": "Wohngeb\u00e4ude", "gfkzshh": "31001_1000", "rellage": null, "name": null, "anzahlgs": null, "gmdschl": "05362032", "lagebeztxt": null, "bld area": 10, "flstkennz_": "05468202000213______", "tntxt": "Wohnbaufl\u00e4che;489", "area": 488}, "geometry": {"type": "MultiPolygon", "coordinates": [[[[6.707164688338284, 50.909893451777975], [6.707220109824691, 50.9098958268168], [6.707222357172028, 50.90987181172557], [6.707168337947075, 50.90986985098528], [6.70716691804734, 50.90986979610548], [6.707164688338284, 50.909893451777975]]]]}}, {"type": "Feature", "properties": {"fid": 158722.0, "oid": "DENW41AL30008KOkBL", "aktualit": "2024-08-20", "gebnutzbez": "Geb\u00e4ude", "funktion": "Wohngeb\u00e4ude", "gfkzshh": "31001_1000", "rellage": null, "name": null, "anzahlgs": null, "gmdschl": "05362032", "lagebeztxt": "Hebbelstra\u00dfe 4", "bld area": 90, "flstkennz_": "05468202000217______", "tntxt": "Wohnbaufl\u00e4che;570", "area": 568}, "geometry": {"type": "MultiPolygon", "coordinates": [[[[6.7076335429409735, 50.90976589822714], [6.707670942737602, 50.90976937608781], [6.707670311073401, 50.90977209788929], [6.707712628389951, 50.90977596014372], [6.7077132817704745, 50.909773085868736], [6.707768707509597, 50.90977826689338], [6.707788069220666, 50.90969604529759], [6.707653044993479, 50.909682851950755], [6.7076335429409735, 50.90976589822714]]]]}}, {"type": "Feature", "properties": {"fid": 275790.0, "oid": "DENW41AL30008N5bBL", "aktualit": "2024-08-20", "gebnutzbez": "Geb\u00e4ude", "funktion": "Wohngeb\u00e4ude", "gfkzshh": "31001_1000", "rellage": null, "name": null, "anzahlgs": null, "gmdschl": "05362032", "lagebeztxt": null, "bld area": 12, "flstkennz_": "054682021000010005__", "tntxt": "Wohnbaufl\u00e4che;319", "area": 317}, "geometry": {"type": "MultiPolygon", "coordinates": [[[[6.705495210797199, 50.9126556575712], [6.70554953889121, 50.912675118678926], [6.705565320893441, 50.912657386785], [6.70556270438535, 50.91265186692413], [6.705513932264689, 50.91263427790529], [6.705495210797199, 50.9126556575712]]]]}}, {"type": "Feature", "properties": {"fid": 63468.0, "oid": "DENW41AL30008P01BL", "aktualit": "2024-08-20", "gebnutzbez": "Geb\u00e4ude", "funktion": "Wohngeb\u00e4ude", "gfkzshh": "31001_1000", "rellage": null, "name": null, "anzahlgs": null, "gmdschl": "05362032", "lagebeztxt": "Am Kalkofen 37", "bld area": 87, "flstkennz_": "054682021000010005__", "tntxt": "Wohnbaufl\u00e4che;319", "area": 317}, "geometry": {"type": "MultiPolygon", "coordinates": [[[[6.705409961196296, 50.91273725786554], [6.705509563992208, 50.912773106029526], [6.7055871492943275, 50.91268853082865], [6.70554953889121, 50.912675118678926], [6.705495210797199, 50.9126556575712], [6.705487912244907, 50.91265305867929], [6.7054806232813835, 50.912660965094595], [6.705409961196296, 50.91273725786554]]]]}}, {"type": "Feature", "properties": {"fid": 63253.0, "oid": "DENW41AL30008OhrBL", "aktualit": "2024-08-20", "gebnutzbez": "Geb\u00e4ude", "funktion": "Geb\u00e4ude zum Parken", "gfkzshh": "31001_2460", "rellage": null, "name": null, "anzahlgs": null, "gmdschl": "05362032", "lagebeztxt": null, "bld area": 37, "flstkennz_": "054682021001600003__", "tntxt": "Wohnbaufl\u00e4che;238", "area": 239}, "geometry": {"type": "MultiPolygon", "coordinates": [[[[6.7054688789383325, 50.91248238999452], [6.705520361627748, 50.91249837741088], [6.705554100060571, 50.91245341363023], [6.705575429149825, 50.912425006859024], [6.705539150599286, 50.91241373450489], [6.705522941375816, 50.91240891875823], [6.705490280653683, 50.91245279744414], [6.7054688789383325, 50.91248238999452]]]]}}, {"type": "Feature", "properties": {"fid": 160286.0, "oid": "DENW41AL30008NX4BL", "aktualit": "2024-08-20", "gebnutzbez": "Geb\u00e4ude", "funktion": "Wohngeb\u00e4ude", "gfkzshh": "31001_1000", "rellage": null, "name": null, "anzahlgs": null, "gmdschl": "05362032", "lagebeztxt": "Wiesenstra\u00dfe 42", "bld area": 54, "flstkennz_": "054682021001600003__", "tntxt": "Wohnbaufl\u00e4che;238", "area": 239}, "geometry": {"type": "MultiPolygon", "coordinates": [[[[6.705434047227648, 50.91241365570911], [6.70546689742468, 50.91242347559606], [6.7054532217814105, 50.9124417705502], [6.705490280653683, 50.91245279744414], [6.705522941375816, 50.91240891875823], [6.705539150599286, 50.91241373450489], [6.705557823554309, 50.91238871126396], [6.705541644973523, 50.91238385115177], [6.70555264808662, 50.91236927217467], [6.705483008639094, 50.91234815191028], [6.705434047227648, 50.91241365570911]]]]}}, {"type": "Feature", "properties": {"fid": 63125.0, "oid": "DENW41AL30008OWVBL", "aktualit": "2024-08-20", "gebnutzbez": "Geb\u00e4ude", "funktion": "Geb\u00e4ude zum Parken", "gfkzshh": "31001_2460", "rellage": null, "name": null, "anzahlgs": null, "gmdschl": "05362032", "lagebeztxt": null, "bld area": 18, "flstkennz_": "054682021000900007__", "tntxt": "Wohnbaufl\u00e4che;276", "area": 275}, "geometry": {"type": "MultiPolygon", "coordinates": [[[[6.70661392290924, 50.913112521752815], [6.706656142242943, 50.91312798484132], [6.706692682236195, 50.91308795060006], [6.706650448712542, 50.91307248724568], [6.70661392290924, 50.913112521752815]]]]}}, {"type": "Feature", "properties": {"fid": 158504.0, "oid": "DENW41AL30008Jx9BL", "aktualit": "2024-08-20", "gebnutzbez": "Geb\u00e4ude", "funktion": "Wohngeb\u00e4ude", "gfkzshh": "31001_1000", "rellage": null, "name": null, "anzahlgs": null, "gmdschl": "05362032", "lagebeztxt": "Am Kalkofen 19", "bld area": 55, "flstkennz_": "054682021000900007__", "tntxt": "Wohnbaufl\u00e4che;276", "area": 275}, "geometry": {"type": "MultiPolygon", "coordinates": [[[[6.706566553335145, 50.91320932081218], [6.706652728474494, 50.913240523971616], [6.706702596675284, 50.91318578545133], [6.706646480893719, 50.91316562419482], [6.7066626601094805, 50.91314762114385], [6.7066316089907545, 50.91313649683273], [6.706566553335145, 50.91320932081218]]]]}}, {"type": "Feature", "properties": {"fid": 63292.0, "oid": "DENW41AL30008OkxBL", "aktualit": "2024-08-20", "gebnutzbez": "Geb\u00e4ude", "funktion": "Wohngeb\u00e4ude", "gfkzshh": "31001_1000", "rellage": null, "name": null, "anzahlgs": null, "gmdschl": "05362032", "lagebeztxt": "Wiesenstra\u00dfe 20", "bld area": 63, "flstkennz_": "054682021000940007__", "tntxt": "Wohnbaufl\u00e4che;255", "area": 254}, "geometry": {"type": "MultiPolygon", "coordinates": [[[[6.7067676711967845, 50.912850126985106], [6.706770740581542, 50.91285106872244], [6.706780092219336, 50.91283882263023], [6.70685849879171, 50.91286279462528], [6.706919103094397, 50.912783551168936], [6.706837617080371, 50.91275884414497], [6.706800432140788, 50.91280737418288], [6.7067676711967845, 50.912850126985106]]]]}}, {"type": "Feature", "properties": {"fid": 159050.0, "oid": "DENW41AL30008L2FBL", "aktualit": "2024-08-20", "gebnutzbez": "Geb\u00e4ude", "funktion": "Geb\u00e4ude zum Parken", "gfkzshh": "31001_2460", "rellage": null, "name": null, "anzahlgs": null, "gmdschl": "05362032", "lagebeztxt": null, "bld area": 22, "flstkennz_": "054682021000940007__", "tntxt": "Wohnbaufl\u00e4che;255", "area": 254}, "geometry": {"type": "MultiPolygon", "coordinates": [[[[6.706715265491117, 50.91285231706612], [6.706717943091863, 50.91285312518842], [6.706756436513059, 50.912864791464614], [6.706756785505221, 50.91286434861717], [6.7067676711967845, 50.912850126985106], [6.706800432140788, 50.91280737418288], [6.706761574515025, 50.91279559283476], [6.70676136396875, 50.912795534732766], [6.706724445359934, 50.9128438541219], [6.706715265491117, 50.91285231706612]]]]}}, {"type": "Feature", "properties": {"fid": 275694.0, "oid": "DENW41AL30008MzMBL", "aktualit": "2024-08-20", "gebnutzbez": "Geb\u00e4ude", "funktion": "Wohngeb\u00e4ude", "gfkzshh": "31001_1000", "rellage": null, "name": null, "anzahlgs": null, "gmdschl": "05362032", "lagebeztxt": "Sistenichstra\u00dfe 50", "bld area": 66, "flstkennz_": "05468202000390______", "tntxt": "Wohnbaufl\u00e4che;192", "area": 192}, "geometry": {"type": "MultiPolygon", "coordinates": [[[[6.709225082532364, 50.91076184072416], [6.709349559366446, 50.91076798067948], [6.709374622533969, 50.91076921014942], [6.709381481707084, 50.91071354534815], [6.7092319418823, 50.910706175933925], [6.709225082532364, 50.91076184072416]]]]}}, {"type": "Feature", "properties": {"fid": 160164.0, "oid": "DENW41AL30008NKcBL", "aktualit": "2024-08-20", "gebnutzbez": "Geb\u00e4ude", "funktion": "Wohngeb\u00e4ude", "gfkzshh": "31001_1000", "rellage": null, "name": null, "anzahlgs": null, "gmdschl": "05362032", "lagebeztxt": "Sistenichstra\u00dfe 48 b", "bld area": 63, "flstkennz_": "05468202000388______", "tntxt": "Wohnbaufl\u00e4che;192", "area": 192}, "geometry": {"type": "MultiPolygon", "coordinates": [[[[6.709193027610086, 50.91087227071802], [6.709335824486501, 50.910879354923246], [6.709342701027703, 50.9108236275069], [6.709199917209003, 50.91081657054756], [6.709193027610086, 50.91087227071802]]]]}}, {"type": "Feature", "properties": {"fid": 61753.0, "oid": "DENW41AL30008MZbBL", "aktualit": "2024-08-20", "gebnutzbez": "Geb\u00e4ude", "funktion": "Wohngeb\u00e4ude", "gfkzshh": "31001_1000", "rellage": null, "name": null, "anzahlgs": null, "gmdschl": "05362032", "lagebeztxt": "Sistenichstra\u00dfe 48 c", "bld area": 63, "flstkennz_": "05468202000389______", "tntxt": "Wohnbaufl\u00e4che;192", "area": 192}, "geometry": {"type": "MultiPolygon", "coordinates": [[[[6.709199917209003, 50.91081657054756], [6.709342701027703, 50.9108236275069], [6.709349559366446, 50.91076798067948], [6.709225082532364, 50.91076184072416], [6.7092068032590255, 50.910760942259515], [6.709199917209003, 50.91081657054756]]]]}}, {"type": "Feature", "properties": {"fid": 59562.0, "oid": "DENW41AL30008JTfBL", "aktualit": "2024-08-20", "gebnutzbez": "Geb\u00e4ude", "funktion": "Wohngeb\u00e4ude", "gfkzshh": "31001_1000", "rellage": null, "name": null, "anzahlgs": null, "gmdschl": "05362032", "lagebeztxt": null, "bld area": 55, "flstkennz_": "05468200800020______", "tntxt": "Fl\u00e4che gemischter Nutzung(funktion:Geb\u00e4ude- und Freifl\u00e4che Mischnutzung mit Wohnen);930", "area": 929}, "geometry": {"type": "MultiPolygon", "coordinates": [[[[6.712270684515668, 50.91512178121799], [6.712421174786846, 50.91514951890454], [6.712441394305619, 50.91510654570447], [6.712363195089925, 50.91509184549953], [6.712290715193007, 50.91507830966585], [6.71228039034691, 50.9151008443468], [6.712275750201578, 50.915110745828265], [6.712270684515668, 50.91512178121799]]]]}}, {"type": "Feature", "properties": {"fid": 160759.0, "oid": "DENW41AL30008OTABL", "aktualit": "2024-08-20", "gebnutzbez": "Geb\u00e4ude", "funktion": "Geb\u00e4ude zum Parken", "gfkzshh": "31001_2460", "rellage": null, "name": null, "anzahlgs": null, "gmdschl": "05362032", "lagebeztxt": null, "bld area": 55, "flstkennz_": "05468200800020______", "tntxt": "Fl\u00e4che gemischter Nutzung(funktion:Geb\u00e4ude- und Freifl\u00e4che Mischnutzung mit Wohnen);930", "area": 929}, "geometry": {"type": "MultiPolygon", "coordinates": [[[[6.712415645139862, 50.915159861654566], [6.7125426305273574, 50.915183270983384], [6.71254810712676, 50.91516559699912], [6.712559382158067, 50.91512861841226], [6.712478079166889, 50.91511338076227], [6.712441394305619, 50.91510654570447], [6.712421174786846, 50.91514951890454], [6.712415645139862, 50.915159861654566]]]]}}, {"type": "Feature", "properties": {"fid": 276252.0, "oid": "DENW41AL30008NbLBL", "aktualit": "2024-08-20", "gebnutzbez": "Geb\u00e4ude", "funktion": "Geb\u00e4ude f\u00fcr Wirtschaft oder Gewerbe", "gfkzshh": "31001_2000", "rellage": null, "name": null, "anzahlgs": null, "gmdschl": "05362032", "lagebeztxt": null, "bld area": 101, "flstkennz_": "05468200800020______", "tntxt": "Fl\u00e4che gemischter Nutzung(funktion:Geb\u00e4ude- und Freifl\u00e4che Mischnutzung mit Wohnen);930", "area": 929}, "geometry": {"type": "MultiPolygon", "coordinates": [[[[6.712290715193007, 50.91507830966585], [6.712363195089925, 50.91509184549953], [6.712428282425346, 50.914879304667814], [6.712386292032452, 50.9148712863023], [6.7123854971600885, 50.91487298859376], [6.712364537255337, 50.91491829473143], [6.712340082014505, 50.914971627035825], [6.712290715193007, 50.91507830966585]]]]}}, {"type": "Feature", "properties": {"fid": 276472.0, "oid": "DENW41AL30008NqKBL", "aktualit": "2024-08-20", "gebnutzbez": "Geb\u00e4ude", "funktion": "Gemischt genutztes Geb\u00e4ude mit Wohnen", "gfkzshh": "31001_1100", "rellage": null, "name": null, "anzahlgs": null, "gmdschl": "05362032", "lagebeztxt": "Bahnhofstra\u00dfe 26, 28", "bld area": 220, "flstkennz_": "05468200800020______", "tntxt": "Fl\u00e4che gemischter Nutzung(funktion:Geb\u00e4ude- und Freifl\u00e4che Mischnutzung mit Wohnen);930", "area": 929}, "geometry": {"type": "MultiPolygon", "coordinates": [[[[6.71222617239851, 50.915218242757746], [6.7124653782125945, 50.915262388841114], [6.712515534388187, 50.91527159255864], [6.7125426305273574, 50.915183270983384], [6.712415645139862, 50.915159861654566], [6.712421174786846, 50.91514951890454], [6.712270684515668, 50.91512178121799], [6.712227779798335, 50.91521447875922], [6.71222617239851, 50.915218242757746]]]]}}, {"type": "Feature", "properties": {"fid": 277163.0, "oid": "DENW41AL30008OaKBL", "aktualit": "2024-08-20", "gebnutzbez": "Geb\u00e4ude", "funktion": "Geb\u00e4ude zum Parken", "gfkzshh": "31001_2460", "rellage": null, "name": null, "anzahlgs": null, "gmdschl": "05362032", "lagebeztxt": null, "bld area": 114, "flstkennz_": "05468200800020______", "tntxt": "Fl\u00e4che gemischter Nutzung(funktion:Geb\u00e4ude- und Freifl\u00e4che Mischnutzung mit Wohnen);930", "area": 929}, "geometry": {"type": "MultiPolygon", "coordinates": [[[[6.712510966662904, 50.91500589836043], [6.712593831222381, 50.915016561618465], [6.712595197608018, 50.91501219928072], [6.712602353690114, 50.914988999860135], [6.71260265713515, 50.91498803444525], [6.712647953594609, 50.9148436496023], [6.712561379775022, 50.914841610968914], [6.712510966662904, 50.91500589836043]]]]}}, {"type": "Feature", "properties": {"fid": 61116.0, "oid": "DENW41AL30008Lf4BL", "aktualit": "2024-08-20", "gebnutzbez": "Geb\u00e4ude", "funktion": "Gemischt genutztes Geb\u00e4ude mit Wohnen", "gfkzshh": "31001_1100", "rellage": null, "name": null, "anzahlgs": null, "gmdschl": "05362032", "lagebeztxt": "Bahnhofstra\u00dfe 22", "bld area": 124, "flstkennz_": "05468200800698______", "tntxt": "Fl\u00e4che gemischter Nutzung(funktion:Geb\u00e4ude- und Freifl\u00e4che Mischnutzung mit Wohnen);281", "area": 282}, "geometry": {"type": "MultiPolygon", "coordinates": [[[[6.711933798671806, 50.91516017424404], [6.712077420452753, 50.91518668043205], [6.712125144340827, 50.915083338468044], [6.711986189729369, 50.91505769733065], [6.7119798048329935, 50.9150701009297], [6.711933798671806, 50.91516017424404]]]]}}, {"type": "Feature", "properties": {"fid": 158759.0, "oid": "DENW41AL30008KTCBL", "aktualit": "2024-08-20", "gebnutzbez": "Geb\u00e4ude", "funktion": "Geb\u00e4ude zum Parken", "gfkzshh": "31001_2460", "rellage": null, "name": null, "anzahlgs": null, "gmdschl": "05362032", "lagebeztxt": null, "bld area": 89, "flstkennz_": "05468200800021______", "tntxt": "Fl\u00e4che gemischter Nutzung(funktion:Geb\u00e4ude- und Freifl\u00e4che Mischnutzung mit Wohnen);426", "area": 426}, "geometry": {"type": "MultiPolygon", "coordinates": [[[[6.712261214234838, 50.91495721945435], [6.712340082014505, 50.914971627035825], [6.712364537255337, 50.91491829473143], [6.712213643603982, 50.91489067497539], [6.7121891363092345, 50.914944195104994], [6.712261214234838, 50.91495721945435]]]]}}, {"type": "Feature", "properties": {"fid": 59958.0, "oid": "DENW41AL30008K0ABL", "aktualit": "2024-08-20", "gebnutzbez": "Geb\u00e4ude", "funktion": "Gemischt genutztes Geb\u00e4ude mit Wohnen", "gfkzshh": "31001_1100", "rellage": null, "name": null, "anzahlgs": null, "gmdschl": "05362032", "lagebeztxt": "Bahnhofstra\u00dfe 24", "bld area": 132, "flstkennz_": "05468200800021______", "tntxt": "Fl\u00e4che gemischter Nutzung(funktion:Geb\u00e4ude- und Freifl\u00e4che Mischnutzung mit Wohnen);426", "area": 426}, "geometry": {"type": "MultiPolygon", "coordinates": [[[[6.712077420452753, 50.91518668043205], [6.712227779798335, 50.91521447875922], [6.712270684515668, 50.91512178121799], [6.712275750201578, 50.915110745828265], [6.712125144340827, 50.915083338468044], [6.712077420452753, 50.91518668043205]]]]}}, {"type": "Feature", "properties": {"fid": 60203.0, "oid": "DENW41AL30008KLYBL", "aktualit": "2024-08-20", "gebnutzbez": "Geb\u00e4ude", "funktion": "Geb\u00e4ude zum Parken", "gfkzshh": "31001_2460", "rellage": null, "name": null, "anzahlgs": null, "gmdschl": "05362032", "lagebeztxt": null, "bld area": 87, "flstkennz_": "05468200800021______", "tntxt": "Fl\u00e4che gemischter Nutzung(funktion:Geb\u00e4ude- und Freifl\u00e4che Mischnutzung mit Wohnen);426", "area": 426}, "geometry": {"type": "MultiPolygon", "coordinates": [[[[6.712199872568433, 50.91508613455781], [6.71228039034691, 50.9151008443468], [6.712290715193007, 50.91507830966585], [6.712340082014505, 50.914971627035825], [6.712261214234838, 50.91495721945435], [6.712199872568433, 50.91508613455781]]]]}}, {"type": "Feature", "properties": {"fid": 158994.0, "oid": "DENW41AL30008KvUBL", "aktualit": "2024-08-20", "gebnutzbez": "Geb\u00e4ude", "funktion": "Gemischt genutztes Geb\u00e4ude mit Wohnen", "gfkzshh": "31001_1100", "rellage": null, "name": null, "anzahlgs": null, "gmdschl": "05362032", "lagebeztxt": "Hauptstra\u00dfe 169", "bld area": 289, "flstkennz_": "05468200800422______", "tntxt": "Fl\u00e4che gemischter Nutzung(funktion:Geb\u00e4ude- und Freifl\u00e4che Mischnutzung mit Wohnen);1422", "area": 1412}, "geometry": {"type": "MultiPolygon", "coordinates": [[[[6.710452045489607, 50.914028023431925], [6.7107478282677375, 50.91411211058137], [6.710749083753585, 50.91411030041273], [6.710452045489607, 50.914028023431925]]]]}}, {"type": "Feature", "properties": {"fid": 62381.0, "oid": "DENW41AL30008NTpBL", "aktualit": "2024-08-20", "gebnutzbez": "Geb\u00e4ude", "funktion": "Gemischt genutztes Geb\u00e4ude mit Wohnen", "gfkzshh": "31001_1100", "rellage": null, "name": null, "anzahlgs": null, "gmdschl": "05362032", "lagebeztxt": "Hauptstra\u00dfe 167", "bld area": 637, "flstkennz_": "05468200800422______", "tntxt": "Fl\u00e4che gemischter Nutzung(funktion:Geb\u00e4ude- und Freifl\u00e4che Mischnutzung mit Wohnen);1422", "area": 1412}, "geometry": {"type": "MultiPolygon", "coordinates": [[[[6.710749130504998, 50.914245869400965], [6.710839322549501, 50.91426663412379], [6.710855994747687, 50.91423798216379], [6.710885859774453, 50.91424489981513], [6.710907953344626, 50.91420695535336], [6.710878031484108, 50.9142000365927], [6.710904197298746, 50.914154778858475], [6.7107779876738505, 50.91412027522152], [6.7107478282677375, 50.91411211058137], [6.710452045489607, 50.914028023431925], [6.710372822113903, 50.914159141124344], [6.710749130504998, 50.914245869400965]]]]}}, {"type": "Feature", "properties": {"fid": 63115.0, "oid": "DENW41AL30008OVvBL", "aktualit": "2024-08-20", "gebnutzbez": "Geb\u00e4ude", "funktion": "Geb\u00e4ude zum Parken", "gfkzshh": "31001_2460", "rellage": null, "name": null, "anzahlgs": null, "gmdschl": "05362032", "lagebeztxt": null, "bld area": 27, "flstkennz_": "05468202000210______", "tntxt": "Wohnbaufl\u00e4che;494", "area": 492}, "geometry": {"type": "MultiPolygon", "coordinates": [[[[6.706768693308024, 50.90991256317999], [6.706806388418435, 50.90991408640454], [6.706812748917906, 50.90984952574717], [6.706815637962438, 50.90982114313994], [6.70677812768561, 50.90981962355], [6.706774260575902, 50.90985777252924], [6.706768693308024, 50.90991256317999]]]]}}, {"type": "Feature", "properties": {"fid": 160589.0, "oid": "DENW41AL30008O9UBL", "aktualit": "2024-08-20", "gebnutzbez": "Geb\u00e4ude", "funktion": "Wohngeb\u00e4ude", "gfkzshh": "31001_1000", "rellage": null, "name": null, "anzahlgs": null, "gmdschl": "05362032", "lagebeztxt": "Grabenweg 21", "bld area": 102, "flstkennz_": "05468202000210______", "tntxt": "Wohnbaufl\u00e4che;494", "area": 492}, "geometry": {"type": "MultiPolygon", "coordinates": [[[[6.706645004575758, 50.909962784044204], [6.70676311453961, 50.909967587451], [6.706768693308024, 50.90991256317999], [6.706774260575902, 50.90985777252924], [6.706656019002243, 50.909853047492426], [6.7066549022077595, 50.90986389942553], [6.706645004575758, 50.909962784044204]]]]}}, {"type": "Feature", "properties": {"fid": 159147.0, "oid": "DENW41AL30008LEABL", "aktualit": "2024-08-20", "gebnutzbez": "Geb\u00e4ude", "funktion": "Wohngeb\u00e4ude", "gfkzshh": "31001_1000", "rellage": null, "name": null, "anzahlgs": null, "gmdschl": "05362032", "lagebeztxt": "Heinrich-Heine-Stra\u00dfe 6", "bld area": 108, "flstkennz_": "05468202000223______", "tntxt": "Wohnbaufl\u00e4che;770", "area": 768}, "geometry": {"type": "MultiPolygon", "coordinates": [[[[6.706880387456986, 50.909337147213435], [6.70700655591815, 50.90934872839979], [6.707031293629318, 50.90924224750192], [6.7069049615293075, 50.909230528213115], [6.706880387456986, 50.909337147213435]]]]}}, {"type": "Feature", "properties": {"fid": 159795.0, "oid": "DENW41AL30008MYlBL", "aktualit": "2024-08-20", "gebnutzbez": "Geb\u00e4ude", "funktion": "Wohngeb\u00e4ude", "gfkzshh": "31001_1000", "rellage": null, "name": null, "anzahlgs": null, "gmdschl": "05362032", "lagebeztxt": "Heinrich-Heine-Stra\u00dfe 8", "bld area": 90, "flstkennz_": "05468202000224______", "tntxt": "Wohnbaufl\u00e4che;780", "area": 779}, "geometry": {"type": "MultiPolygon", "coordinates": [[[[6.706680007094334, 50.90930204496396], [6.706683519760347, 50.90930235683497], [6.706808461339379, 50.90931371625587], [6.706820270614461, 50.90926216921507], [6.706815087995077, 50.90926168062679], [6.706824024808447, 50.909224000024516], [6.706700482794848, 50.909212245399004], [6.706685432881848, 50.909278200270585], [6.706680007094334, 50.90930204496396]]]]}}, {"type": "Feature", "properties": {"fid": 277139.0, "oid": "DENW41AL30008OZ3BL", "aktualit": "2024-08-20", "gebnutzbez": "Geb\u00e4ude", "funktion": "Geb\u00e4ude zum Parken", "gfkzshh": "31001_2460", "rellage": null, "name": null, "anzahlgs": null, "gmdschl": "05362032", "lagebeztxt": null, "bld area": 19, "flstkennz_": "05468202000224______", "tntxt": "Wohnbaufl\u00e4che;780", "area": 779}, "geometry": {"type": "MultiPolygon", "coordinates": [[[[6.706628691452796, 50.909323521789666], [6.70667820193696, 50.9093280564369], [6.706683519760347, 50.90930235683497], [6.706680007094334, 50.90930204496396], [6.706685432881848, 50.909278200270585], [6.706639986884629, 50.909274617930684], [6.706628691452796, 50.909323521789666]]]]}}, {"type": "Feature", "properties": {"fid": 276668.0, "oid": "DENW41AL30008O3yBL", "aktualit": "2024-08-20", "gebnutzbez": "Geb\u00e4ude", "funktion": "Wohngeb\u00e4ude", "gfkzshh": "31001_1000", "rellage": null, "name": null, "anzahlgs": null, "gmdschl": "05362032", "lagebeztxt": "Grabenweg 23", "bld area": 99, "flstkennz_": "05468202000430______", "tntxt": "Wohnbaufl\u00e4che;538", "area": 538}, "geometry": {"type": "MultiPolygon", "coordinates": [[[[6.706518116760156, 50.909957700077065], [6.706645004575758, 50.909962784044204], [6.7066549022077595, 50.90986389942553], [6.70652818557303, 50.909858522025836], [6.706523570856012, 50.90990377064714], [6.706518116760156, 50.909957700077065]]]]}}, {"type": "Feature", "properties": {"fid": 160736.0, "oid": "DENW41AL30008OQKBL", "aktualit": "2024-08-20", "gebnutzbez": "Geb\u00e4ude", "funktion": "Geb\u00e4ude zum Parken", "gfkzshh": "31001_2460", "rellage": null, "name": null, "anzahlgs": null, "gmdschl": "05362032", "lagebeztxt": null, "bld area": 19, "flstkennz_": "05468202000430______", "tntxt": "Wohnbaufl\u00e4che;538", "area": 538}, "geometry": {"type": "MultiPolygon", "coordinates": [[[[6.706480466642123, 50.90990202410056], [6.706523570856012, 50.90990377064714], [6.70652818557303, 50.909858522025836], [6.7065292306770825, 50.90984855010772], [6.706486142935093, 50.90984675891605], [6.706480466642123, 50.90990202410056]]]]}}, {"type": "Feature", "properties": {"fid": 61379.0, "oid": "DENW41AL30008M2DBL", "aktualit": "2024-08-20", "gebnutzbez": "Geb\u00e4ude", "funktion": "Geb\u00e4ude zum Parken", "gfkzshh": "31001_2460", "rellage": null, "name": null, "anzahlgs": null, "gmdschl": "05362032", "lagebeztxt": null, "bld area": 17, "flstkennz_": "05468202000283______", "tntxt": "Wohnbaufl\u00e4che;750", "area": 749}, "geometry": {"type": "MultiPolygon", "coordinates": [[[[6.706583579287163, 50.909319514271225], [6.706587092395519, 50.90931981715971], [6.706628691452796, 50.909323521789666], [6.706639986884629, 50.909274617930684], [6.706598721815427, 50.90927077596235], [6.7065951080038495, 50.90928612084973], [6.706591580244137, 50.90928582666762], [6.706583579287163, 50.909319514271225]]]]}}, {"type": "Feature", "properties": {"fid": 63195.0, "oid": "DENW41AL30008OcPBL", "aktualit": "2024-08-20", "gebnutzbez": "Geb\u00e4ude", "funktion": "Wohngeb\u00e4ude", "gfkzshh": "31001_1000", "rellage": null, "name": null, "anzahlgs": null, "gmdschl": "05362032", "lagebeztxt": "Heinrich-Heine-Stra\u00dfe 10", "bld area": 76, "flstkennz_": "05468202000283______", "tntxt": "Wohnbaufl\u00e4che;750", "area": 749}, "geometry": {"type": "MultiPolygon", "coordinates": [[[[6.7064737965258345, 50.909275291243404], [6.706591580244137, 50.90928582666762], [6.7065951080038495, 50.90928612084973], [6.706598721815427, 50.90927077596235], [6.70660389316037, 50.90924863515325], [6.706593018063064, 50.90924761196074], [6.706603534384064, 50.90920327079609], [6.706492338994597, 50.90919270297155], [6.7064737965258345, 50.909275291243404]]]]}}, {"type": "Feature", "properties": {"fid": 160874.0, "oid": "DENW41AL30008OhmBL", "aktualit": "2024-08-20", "gebnutzbez": "Geb\u00e4ude", "funktion": "Geb\u00e4ude zum Parken", "gfkzshh": "31001_2460", "rellage": null, "name": null, "anzahlgs": null, "gmdschl": "05362032", "lagebeztxt": null, "bld area": 17, "flstkennz_": "05468202000283______", "tntxt": "Wohnbaufl\u00e4che;750", "area": 749}, "geometry": {"type": "MultiPolygon", "coordinates": [[[[6.7065721325261345, 50.9093674437868], [6.706617469555375, 50.909371797504676], [6.706628691452796, 50.909323521789666], [6.706587092395519, 50.90931981715971], [6.706583579287163, 50.909319514271225], [6.7065721325261345, 50.9093674437868]]]]}}, {"type": "Feature", "properties": {"fid": 59901.0, "oid": "DENW41AL30008JvfBL", "aktualit": "2024-08-20", "gebnutzbez": "Geb\u00e4ude", "funktion": "Wohngeb\u00e4ude", "gfkzshh": "31001_1000", "rellage": null, "name": null, "anzahlgs": null, "gmdschl": "05362032", "lagebeztxt": "Merodestra\u00dfe 40", "bld area": 95, "flstkennz_": "05468201900331______", "tntxt": "Wohnbaufl\u00e4che;347", "area": 347}, "geometry": {"type": "MultiPolygon", "coordinates": [[[[6.706582754898718, 50.90846794450568], [6.7067031108713095, 50.90847907003041], [6.706704512982349, 50.90847919651947], [6.706725743799452, 50.9083815509268], [6.70660411335265, 50.90837002262423], [6.706582754898718, 50.90846794450568]]]]}}, {"type": "Feature", "properties": {"fid": 158842.0, "oid": "DENW41AL30008KcqBL", "aktualit": "2024-08-20", "gebnutzbez": "Geb\u00e4ude", "funktion": "Wohngeb\u00e4ude", "gfkzshh": "31001_1000", "rellage": null, "name": null, "anzahlgs": null, "gmdschl": "05362032", "lagebeztxt": "Rote-Kreuz-Stra\u00dfe 36", "bld area": 123, "flstkennz_": "05468201900322______", "tntxt": "Wohnbaufl\u00e4che;405", "area": 405}, "geometry": {"type": "MultiPolygon", "coordinates": [[[[6.706366116587274, 50.90863714723931], [6.706458518034451, 50.9086454120899], [6.706493529608286, 50.90864854659205], [6.706519652053144, 50.908527225732755], [6.706392403270287, 50.90851596454587], [6.706366116587274, 50.90863714723931]]]]}}, {"type": "Feature", "properties": {"fid": 64070.0, "oid": "DENW41ALvN00002gBL", "aktualit": "2024-08-20", "gebnutzbez": "Geb\u00e4ude", "funktion": "Geb\u00e4ude zum Parken", "gfkzshh": "31001_2460", "rellage": null, "name": null, "anzahlgs": null, "gmdschl": "05362032", "lagebeztxt": null, "bld area": 41, "flstkennz_": "054682021002170053__", "tntxt": "Wohnbaufl\u00e4che;304", "area": 303}, "geometry": {"type": "MultiPolygon", "coordinates": [[[[6.708873162969792, 50.911830384385695], [6.708951018130094, 50.91183544754023], [6.7089618087308525, 50.91176840145874], [6.708883995877991, 50.91176334813532], [6.708873162969792, 50.911830384385695]]]]}}, {"type": "Feature", "properties": {"fid": 272946.0, "oid": "DENW41AL30008Jt2BL", "aktualit": "2024-08-20", "gebnutzbez": "Geb\u00e4ude", "funktion": "Geb\u00e4ude zum Parken", "gfkzshh": "31001_2460", "rellage": null, "name": null, "anzahlgs": null, "gmdschl": "05362032", "lagebeztxt": null, "bld area": 16, "flstkennz_": "05468200800756______", "tntxt": "Wohnbaufl\u00e4che;1582", "area": 1582}, "geometry": {"type": "MultiPolygon", "coordinates": [[[[6.7133956777883474, 50.91395249796804], [6.71343583658535, 50.91395810564725], [6.713452169020466, 50.91390965066166], [6.713412142589965, 50.91390395564031], [6.7133956777883474, 50.91395249796804]]]]}}, {"type": "Feature", "properties": {"fid": 275822.0, "oid": "DENW41AL30008N7WBL", "aktualit": "2024-08-20", "gebnutzbez": "Geb\u00e4ude", "funktion": "Geb\u00e4ude zum Parken", "gfkzshh": "31001_2460", "rellage": null, "name": null, "anzahlgs": null, "gmdschl": "05362032", "lagebeztxt": null, "bld area": 16, "flstkennz_": "05468200800756______", "tntxt": "Wohnbaufl\u00e4che;1582", "area": 1582}, "geometry": {"type": "MultiPolygon", "coordinates": [[[[6.713476225218296, 50.9139630882289], [6.713493405126356, 50.91398672853471], [6.713565121563343, 50.91396560341356], [6.713547847094193, 50.913942150141814], [6.713476225218296, 50.9139630882289]]]]}}, {"type": "Feature", "properties": {"fid": 276271.0, "oid": "DENW41AL30008NchBL", "aktualit": "2024-08-20", "gebnutzbez": "Geb\u00e4ude", "funktion": "Geb\u00e4ude zum Parken", "gfkzshh": "31001_2460", "rellage": null, "name": null, "anzahlgs": null, "gmdschl": "05362032", "lagebeztxt": null, "bld area": 16, "flstkennz_": "05468200800756______", "tntxt": "Wohnbaufl\u00e4che;1582", "area": 1582}, "geometry": {"type": "MultiPolygon", "coordinates": [[[[6.713355802391363, 50.91394691381601], [6.7133956777883474, 50.91395249796804], [6.713412142589965, 50.91390395564031], [6.713372228996876, 50.91389828080423], [6.713355802391363, 50.91394691381601]]]]}}, {"type": "Feature", "properties": {"fid": 276473.0, "oid": "DENW41AL30008NqMBL", "aktualit": "2024-08-20", "gebnutzbez": "Geb\u00e4ude", "funktion": "Geb\u00e4ude zum Parken", "gfkzshh": "31001_2460", "rellage": null, "name": null, "anzahlgs": null, "gmdschl": "05362032", "lagebeztxt": null, "bld area": 16, "flstkennz_": "05468200800756______", "tntxt": "Wohnbaufl\u00e4che;1582", "area": 1582}, "geometry": {"type": "MultiPolygon", "coordinates": [[[[6.71343583658535, 50.91395810564725], [6.7134759811788784, 50.91396371303428], [6.713492083074364, 50.91391531648515], [6.713452169020466, 50.91390965066166], [6.71343583658535, 50.91395810564725]]]]}}, {"type": "Feature", "properties": {"fid": 62304.0, "oid": "DENW41AL30008NNEBL", "aktualit": "2024-08-20", "gebnutzbez": "Geb\u00e4ude", "funktion": "Geb\u00e4ude zum Parken", "gfkzshh": "31001_2460", "rellage": null, "name": null, "anzahlgs": null, "gmdschl": "05362032", "lagebeztxt": null, "bld area": 16, "flstkennz_": "05468200800756______", "tntxt": "Wohnbaufl\u00e4che;1582", "area": 1582}, "geometry": {"type": "MultiPolygon", "coordinates": [[[[6.713460388840292, 50.91403537829918], [6.71352636551027, 50.91404514339406], [6.713537383385608, 50.914046762338536], [6.713546759297037, 50.91402151072774], [6.713480909696803, 50.91401176612201], [6.713469736804098, 50.914010117152614], [6.713460388840292, 50.91403537829918]]]]}}, {"type": "Feature", "properties": {"fid": 158689.0, "oid": "DENW41AL30008KKYBL", "aktualit": "2024-08-20", "gebnutzbez": "Geb\u00e4ude", "funktion": "Geb\u00e4ude zum Parken", "gfkzshh": "31001_2460", "rellage": null, "name": null, "anzahlgs": null, "gmdschl": "05362032", "lagebeztxt": null, "bld area": 16, "flstkennz_": "05468200800756______", "tntxt": "Wohnbaufl\u00e4che;1582", "area": 1582}, "geometry": {"type": "MultiPolygon", "coordinates": [[[[6.71344010375005, 50.914058824204346], [6.713516920276775, 50.91407035766866], [6.71352636551027, 50.91404514339406], [6.713460388840292, 50.91403537829918], [6.7134494415979065, 50.91403376972541], [6.71344010375005, 50.914058824204346]]]]}}, {"type": "Feature", "properties": {"fid": 160211.0, "oid": "DENW41AL30008NOOBL", "aktualit": "2024-08-20", "gebnutzbez": "Geb\u00e4ude", "funktion": "Wohngeb\u00e4ude", "gfkzshh": "31001_1000", "rellage": null, "name": null, "anzahlgs": null, "gmdschl": "05362032", "lagebeztxt": "H\u00f6henweg 14", "bld area": 436, "flstkennz_": "05468200800756______", "tntxt": "Wohnbaufl\u00e4che;1582", "area": 1582}, "geometry": {"type": "MultiPolygon", "coordinates": [[[[6.713364773468163, 50.91427147069041], [6.7133806087291985, 50.91427378664404], [6.713370282959481, 50.91430215857003], [6.7134383005845635, 50.914312089619045], [6.713440255886433, 50.91430674046554], [6.713480785986792, 50.91431261623069], [6.713476861618158, 50.914323305275126], [6.713541610037154, 50.91433288439972], [6.713553794939454, 50.91429996189446], [6.71355796197937, 50.91430057418699], [6.713567536250677, 50.91427475983338], [6.713563397640225, 50.91427414809819], [6.713583881704659, 50.91421907383329], [6.713622652983115, 50.914203653047174], [6.713618476489337, 50.91419946092133], [6.713631116009204, 50.9141944110253], [6.713681840886717, 50.91420186254752], [6.713703635617082, 50.914142685649146], [6.713725275648959, 50.91414587078025], [6.713741231630005, 50.91410276886354], [6.713674350885917, 50.91409286925612], [6.713670875539825, 50.91410223597756], [6.713655210346178, 50.91410835086324], [6.713608073363796, 50.9141014283203], [6.7136112256872025, 50.91409284675261], [6.713515115028162, 50.91407874077399], [6.7134547867451175, 50.91406984184587], [6.71344539435735, 50.91409513809718], [6.7134416485832284, 50.914104796318775], [6.713426902212977, 50.91410290644221], [6.713422584742517, 50.91411464908642], [6.713374737750259, 50.91424437783779], [6.713364773468163, 50.91427147069041]]]]}}, {"type": "Feature", "properties": {"fid": 275098.0, "oid": "DENW41AL30008MKXBL", "aktualit": "2024-08-20", "gebnutzbez": "Geb\u00e4ude", "funktion": "Geb\u00e4ude zum Parken", "gfkzshh": "31001_2460", "rellage": null, "name": null, "anzahlgs": null, "gmdschl": "05362032", "lagebeztxt": null, "bld area": 16, "flstkennz_": "05468200800756______", "tntxt": "Wohnbaufl\u00e4che;1582", "area": 1582}, "geometry": {"type": "MultiPolygon", "coordinates": [[[[6.713480909696803, 50.91401176612201], [6.713546759297037, 50.91402151072774], [6.713557889114193, 50.91402316783988], [6.713567317899201, 50.91399799821023], [6.713490514810086, 50.91398648302976], [6.713480909696803, 50.91401176612201]]]]}}, {"type": "Feature", "properties": {"fid": 60191.0, "oid": "DENW41AL30008KKLBL", "aktualit": "2024-08-20", "gebnutzbez": "Geb\u00e4ude", "funktion": "Wohngeb\u00e4ude", "gfkzshh": "31001_1000", "rellage": null, "name": null, "anzahlgs": null, "gmdschl": "05362032", "lagebeztxt": "H\u00f6henweg 12, 16, 18", "bld area": 391, "flstkennz_": "05468200800755______", "tntxt": "Wohnbaufl\u00e4che;1155", "area": 1155}, "geometry": {"type": "MultiPolygon", "coordinates": [[[[6.7137929728139865, 50.91424911808764], [6.713801516572773, 50.91425041871582], [6.713793925004107, 50.91427032683147], [6.713821010610096, 50.91427445507395], [6.713817618120054, 50.91428329277088], [6.7138625246554975, 50.91429015354619], [6.7138658847462915, 50.914281396160206], [6.7138969797374966, 50.91428616056022], [6.71389362097346, 50.914294890990774], [6.713938539543652, 50.91430179694288], [6.71394189874029, 50.914293057525484], [6.7139633483561525, 50.914296355805], [6.7140252303380885, 50.91427240248686], [6.714048101386328, 50.91429604625616], [6.714107141077989, 50.91427318846478], [6.714084394409904, 50.91424961909618], [6.7141458068994835, 50.91422595332369], [6.714158734495996, 50.914192091930715], [6.714176160059936, 50.914194762712796], [6.7142058994790315, 50.91411658391108], [6.714188511738956, 50.91411401280914], [6.714032411660685, 50.91409076348224], [6.714011791013401, 50.914146024023665], [6.7139141747242475, 50.91418294836654], [6.713831779641842, 50.914170568368014], [6.713815277232098, 50.91421437012544], [6.71380670461174, 50.91421307792692], [6.7137929728139865, 50.91424911808764]]]]}}, {"type": "Feature", "properties": {"fid": 59865.0, "oid": "DENW41AL30008JsZBL", "aktualit": "2024-08-20", "gebnutzbez": "Geb\u00e4ude", "funktion": "Geb\u00e4ude zum Parken", "gfkzshh": "31001_2460", "rellage": null, "name": null, "anzahlgs": null, "gmdschl": "05362032", "lagebeztxt": null, "bld area": 18, "flstkennz_": "05468200800755______", "tntxt": "Wohnbaufl\u00e4che;1155", "area": 1155}, "geometry": {"type": "MultiPolygon", "coordinates": [[[[6.714039247596857, 50.91444259737009], [6.714055578568576, 50.91444583826692], [6.714084971010951, 50.914396926694835], [6.714045035282553, 50.91438733922764], [6.7140148470774825, 50.91443751057783], [6.714020679224226, 50.91443891245563], [6.714039247596857, 50.91444259737009]]]]}}, {"type": "Feature", "properties": {"fid": 275845.0, "oid": "DENW41AL30008N9QBL", "aktualit": "2024-08-20", "gebnutzbez": "Geb\u00e4ude", "funktion": "Geb\u00e4ude zum Parken", "gfkzshh": "31001_2460", "rellage": null, "name": null, "anzahlgs": null, "gmdschl": "05362032", "lagebeztxt": null, "bld area": 18, "flstkennz_": "05468200800755______", "tntxt": "Wohnbaufl\u00e4che;1155", "area": 1155}, "geometry": {"type": "MultiPolygon", "coordinates": [[[[6.713935187042666, 50.91441837569985], [6.713975024158567, 50.91442794328475], [6.714005127998332, 50.9143777523038], [6.713965333119092, 50.91436819455032], [6.713935187042666, 50.91441837569985]]]]}}, {"type": "Feature", "properties": {"fid": 276618.0, "oid": "DENW41AL30008O0hBL", "aktualit": "2024-08-20", "gebnutzbez": "Geb\u00e4ude", "funktion": "Geb\u00e4ude zum Parken", "gfkzshh": "31001_2460", "rellage": null, "name": null, "anzahlgs": null, "gmdschl": "05362032", "lagebeztxt": null, "bld area": 18, "flstkennz_": "05468200800755______", "tntxt": "Wohnbaufl\u00e4che;1155", "area": 1155}, "geometry": {"type": "MultiPolygon", "coordinates": [[[[6.713975024158567, 50.91442794328475], [6.7140148470774825, 50.91443751057783], [6.714045035282553, 50.91438733922764], [6.714005127998332, 50.9143777523038], [6.713975024158567, 50.91442794328475]]]]}}, {"type": "Feature", "properties": {"fid": 63855.0, "oid": "DENW41ALEW00003nBL", "aktualit": "2024-08-20", "gebnutzbez": "Geb\u00e4ude", "funktion": "Geb\u00e4ude zum Parken", "gfkzshh": "31001_2460", "rellage": null, "name": null, "anzahlgs": null, "gmdschl": "05362032", "lagebeztxt": null, "bld area": 270, "flstkennz_": "05468200800706______", "tntxt": "Wohnbaufl\u00e4che;5795", "area": 5783}, "geometry": {"type": "MultiPolygon", "coordinates": [[[[6.7122607242610135, 50.91449559679097], [6.71273336568491, 50.91458681529457], [6.712905226543317, 50.91459883579994], [6.712929532880801, 50.91454852247819], [6.712893547004082, 50.91454600943022], [6.712749930455197, 50.914535963535045], [6.7123327350183, 50.91445544667919], [6.7122846042686914, 50.91444615666281], [6.7122607242610135, 50.91449559679097]]]]}}, {"type": "Feature", "properties": {"fid": 158747.0, "oid": "DENW41AL30008KRqBL", "aktualit": "2024-08-20", "gebnutzbez": "Geb\u00e4ude", "funktion": "Wohngeb\u00e4ude", "gfkzshh": "31001_1000", "rellage": null, "name": null, "anzahlgs": null, "gmdschl": "05362032", "lagebeztxt": "Mittelstra\u00dfe 9 a, 11", "bld area": 727, "flstkennz_": "05468200800706______", "tntxt": "Wohnbaufl\u00e4che;5795", "area": 5783}, "geometry": {"type": "MultiPolygon", "coordinates": [[[[6.712127521036908, 50.91425906701206], [6.712290703871607, 50.91429048046899], [6.712325206221406, 50.91429712889097], [6.712326236767991, 50.91429497252067], [6.712641932910737, 50.91435576372197], [6.7126408886042395, 50.91435791083118], [6.712674869998505, 50.91436445000324], [6.712675899649259, 50.91436231160059], [6.712815616631374, 50.914389199062555], [6.712826864047843, 50.91436554016512], [6.712847261585078, 50.914369402647566], [6.712891347504192, 50.91427665607657], [6.712870954409739, 50.914272703747635], [6.712762727489319, 50.91425181199311], [6.71264839728579, 50.914229757198925], [6.712654129602358, 50.91421788941324], [6.712435898187411, 50.91417580972503], [6.712430180916226, 50.914187659807126], [6.71234725230805, 50.914171661665804], [6.712184087144843, 50.91414018567267], [6.712127521036908, 50.91425906701206]]]]}}, {"type": "Feature", "properties": {"fid": 272345.0, "oid": "DENW41AL30008JEGBL", "aktualit": "2024-08-20", "gebnutzbez": "Geb\u00e4ude", "funktion": "Wohngeb\u00e4ude", "gfkzshh": "31001_1000", "rellage": null, "name": null, "anzahlgs": null, "gmdschl": "05362032", "lagebeztxt": "Mittelstra\u00dfe 13 a", "bld area": 218, "flstkennz_": "05468200800706______", "tntxt": "Wohnbaufl\u00e4che;5795", "area": 5783}, "geometry": {"type": "MultiPolygon", "coordinates": [[[[6.712184087144843, 50.91414018567267], [6.71234725230805, 50.914171661665804], [6.712420211352371, 50.914018474277405], [6.712330203263907, 50.914000916283015], [6.712333322427348, 50.91399446569951], [6.71226005345559, 50.91398051862497], [6.712184087144843, 50.91414018567267]]]]}}, {"type": "Feature", "properties": {"fid": 274503.0, "oid": "DENW41AL30008LdsBL", "aktualit": "2024-08-20", "gebnutzbez": "Geb\u00e4ude", "funktion": "Wohngeb\u00e4ude", "gfkzshh": "31001_1000", "rellage": null, "name": null, "anzahlgs": null, "gmdschl": "05362032", "lagebeztxt": "Mittelstra\u00dfe 9", "bld area": 352, "flstkennz_": "05468200800706______", "tntxt": "Wohnbaufl\u00e4che;5795", "area": 5783}, "geometry": {"type": "MultiPolygon", "coordinates": [[[[6.712012993672644, 50.914495668999564], [6.712171975199213, 50.914519643076744], [6.712179573251053, 50.91452079037269], [6.712197453696627, 50.914483734443415], [6.712219722258484, 50.91448802945479], [6.712252941301035, 50.91441932717048], [6.712230969052024, 50.9144150829444], [6.712241198777223, 50.914393904510554], [6.712263185230987, 50.91439814901321], [6.712296535480772, 50.91432908952457], [6.712274224345823, 50.91432479369274], [6.712290703871607, 50.91429048046899], [6.712127521036908, 50.91425906701206], [6.712111002288989, 50.91429330749192], [6.712012993672644, 50.914495668999564]]]]}}, {"type": "Feature", "properties": {"fid": 278023.0, "oid": "DENW41ALEW00003tBL", "aktualit": "2024-08-20", "gebnutzbez": "Geb\u00e4ude", "funktion": "Geb\u00e4ude zum Parken", "gfkzshh": "31001_2460", "rellage": null, "name": null, "anzahlgs": null, "gmdschl": "05362032", "lagebeztxt": null, "bld area": 230, "flstkennz_": "05468200800706______", "tntxt": "Wohnbaufl\u00e4che;5795", "area": 5783}, "geometry": {"type": "MultiPolygon", "coordinates": [[[[6.7123095143331515, 50.91439456914407], [6.71285355516826, 50.914499562645425], [6.7128774203398285, 50.914450122109294], [6.712333394234223, 50.914345129003785], [6.7123095143331515, 50.91439456914407]]]]}}, {"type": "Feature", "properties": {"fid": 160664.0, "oid": "DENW41AL30008OHTBL", "aktualit": "2024-08-20", "gebnutzbez": "Geb\u00e4ude", "funktion": "Wohngeb\u00e4ude", "gfkzshh": "31001_1000", "rellage": null, "name": null, "anzahlgs": null, "gmdschl": "05362032", "lagebeztxt": "Mittelstra\u00dfe 13", "bld area": 234, "flstkennz_": "05468200800706______", "tntxt": "Wohnbaufl\u00e4che;5795", "area": 5783}, "geometry": {"type": "MultiPolygon", "coordinates": [[[[6.712857340047209, 50.91411456354202], [6.713018493328206, 50.914145585436174], [6.713044976871944, 50.91415067342399], [6.7130730130461425, 50.914092761198184], [6.713100255288693, 50.91409804392322], [6.713112870478403, 50.91407201937163], [6.713085641581835, 50.91406675489915], [6.713113746842693, 50.91400859218263], [6.712925874626895, 50.91397236087077], [6.712857340047209, 50.91411456354202]]]]}}, {"type": "Feature", "properties": {"fid": 160998.0, "oid": "DENW41AL30008OwUBL", "aktualit": "2024-08-20", "gebnutzbez": "Geb\u00e4ude", "funktion": "Wohngeb\u00e4ude", "gfkzshh": "31001_1000", "rellage": null, "name": null, "anzahlgs": null, "gmdschl": "05362032", "lagebeztxt": "Mittelstra\u00dfe 11 a", "bld area": 238, "flstkennz_": "05468200800706______", "tntxt": "Wohnbaufl\u00e4che;5795", "area": 5783}, "geometry": {"type": "MultiPolygon", "coordinates": [[[[6.712762727489319, 50.91425181199311], [6.712870954409739, 50.914272703747635], [6.712891347504192, 50.91427665607657], [6.712949682088821, 50.914287917647776], [6.712977863575342, 50.914229657522604], [6.713022288228278, 50.91423821805768], [6.713034737458478, 50.91421238813242], [6.712990383895682, 50.914203828995035], [6.713018493328206, 50.914145585436174], [6.712857340047209, 50.91411456354202], [6.71283074195566, 50.91410949125454], [6.712762727489319, 50.91425181199311]]]]}}, {"type": "Feature", "properties": {"fid": 59777.0, "oid": "DENW41AL30008JlpBL", "aktualit": "2024-08-20", "gebnutzbez": "Geb\u00e4ude", "funktion": "Geb\u00e4ude zum Parken", "gfkzshh": "31001_2460", "rellage": null, "name": null, "anzahlgs": null, "gmdschl": "05362032", "lagebeztxt": null, "bld area": 16, "flstkennz_": "05468202000222______", "tntxt": "Wohnbaufl\u00e4che;747", "area": 745}, "geometry": {"type": "MultiPolygon", "coordinates": [[[[6.707065993600629, 50.909306139921625], [6.707104748428746, 50.909309536661766], [6.707116220987516, 50.90925730841897], [6.707077466201714, 50.90925391168316], [6.707065993600629, 50.909306139921625]]]]}}, {"type": "Feature", "properties": {"fid": 160905.0, "oid": "DENW41AL30008OlcBL", "aktualit": "2024-08-20", "gebnutzbez": "Geb\u00e4ude", "funktion": "Wohngeb\u00e4ude", "gfkzshh": "31001_1000", "rellage": null, "name": null, "anzahlgs": null, "gmdschl": "05362032", "lagebeztxt": "Heinrich-Heine-Stra\u00dfe 4", "bld area": 102, "flstkennz_": "05468202000222______", "tntxt": "Wohnbaufl\u00e4che;747", "area": 745}, "geometry": {"type": "MultiPolygon", "coordinates": [[[[6.707097128755712, 50.9093427101311], [6.707163652018438, 50.90934900890413], [6.707162353580731, 50.90935777063941], [6.707229920258004, 50.90936454857466], [6.707252764035906, 50.90926562145288], [6.7071184159716095, 50.90925288147278], [6.707097128755712, 50.9093427101311]]]]}}, {"type": "Feature", "properties": {"fid": 274476.0, "oid": "DENW41AL30008LbrBL", "aktualit": "2024-08-20", "gebnutzbez": "Geb\u00e4ude", "funktion": "Wohngeb\u00e4ude", "gfkzshh": "31001_1000", "rellage": null, "name": null, "anzahlgs": null, "gmdschl": "05362032", "lagebeztxt": "Grabenweg 17", "bld area": 86, "flstkennz_": "05468202000212______", "tntxt": "Wohnbaufl\u00e4che;493", "area": 492}, "geometry": {"type": "MultiPolygon", "coordinates": [[[[6.706957016237365, 50.90997334936315], [6.707070806542448, 50.9099777617799], [6.707075939931694, 50.9099260026019], [6.7070803008964015, 50.90988214306379], [6.707076609244825, 50.90988199857641], [6.70696631406016, 50.909877681822465], [6.706957016237365, 50.90997334936315]]]]}}, {"type": "Feature", "properties": {"fid": 62669.0, "oid": "DENW41AL30008NsuBL", "aktualit": "2024-08-20", "gebnutzbez": "Geb\u00e4ude", "funktion": "Geb\u00e4ude zum Parken", "gfkzshh": "31001_2460", "rellage": null, "name": null, "anzahlgs": null, "gmdschl": "05362032", "lagebeztxt": null, "bld area": 27, "flstkennz_": "05468202000212______", "tntxt": "Wohnbaufl\u00e4che;493", "area": 492}, "geometry": {"type": "MultiPolygon", "coordinates": [[[[6.707076609244825, 50.90988199857641], [6.7070803008964015, 50.90988214306379], [6.707075939931694, 50.9099260026019], [6.70711840391917, 50.909928329960245], [6.707126140077123, 50.90985140243344], [6.707079780837063, 50.90984960114802], [6.707076609244825, 50.90988199857641]]]]}}, {"type": "Feature", "properties": {"fid": 275797.0, "oid": "DENW41AL30008N61BL", "aktualit": "2024-08-20", "gebnutzbez": "Geb\u00e4ude", "funktion": "Geb\u00e4ude zum Parken", "gfkzshh": "31001_2460", "rellage": null, "name": null, "anzahlgs": null, "gmdschl": "05362032", "lagebeztxt": null, "bld area": 23, "flstkennz_": "05468202000211______", "tntxt": "Wohnbaufl\u00e4che;491", "area": 490}, "geometry": {"type": "MultiPolygon", "coordinates": [[[[6.706806388418435, 50.90991408640454], [6.706849167544543, 50.90991579046601], [6.706853268945336, 50.90987374264478], [6.706859231462539, 50.909873994720854], [6.706861297270605, 50.909851361161046], [6.706812748917906, 50.90984952574717], [6.706806388418435, 50.90991408640454]]]]}}, {"type": "Feature", "properties": {"fid": 62315.0, "oid": "DENW41AL30008NOKBL", "aktualit": "2024-08-20", "gebnutzbez": "Geb\u00e4ude", "funktion": "Wohngeb\u00e4ude", "gfkzshh": "31001_1000", "rellage": null, "name": null, "anzahlgs": null, "gmdschl": "05362032", "lagebeztxt": "Grabenweg 19", "bld area": 85, "flstkennz_": "05468202000211______", "tntxt": "Wohnbaufl\u00e4che;491", "area": 490}, "geometry": {"type": "MultiPolygon", "coordinates": [[[[6.706844140478911, 50.909969143682616], [6.706957016237365, 50.90997334936315], [6.70696631406016, 50.909877681822465], [6.706859231462539, 50.909873994720854], [6.706853268945336, 50.90987374264478], [6.706849167544543, 50.90991579046601], [6.706844140478911, 50.909969143682616]]]]}}, {"type": "Feature", "properties": {"fid": 60636.0, "oid": "DENW41AL30008KxvBL", "aktualit": "2024-08-20", "gebnutzbez": "Geb\u00e4ude", "funktion": "Wohngeb\u00e4ude", "gfkzshh": "31001_1000", "rellage": null, "name": null, "anzahlgs": null, "gmdschl": "05362032", "lagebeztxt": "Wiesenstra\u00dfe 24", "bld area": 82, "flstkennz_": "054682021000960007__", "tntxt": "Wohnbaufl\u00e4che;240", "area": 240}, "geometry": {"type": "MultiPolygon", "coordinates": [[[[6.706503315836726, 50.91274463868282], [6.706589141953347, 50.912771059167085], [6.70662349144241, 50.91278164570535], [6.70667785505309, 50.91271041040382], [6.706643932955004, 50.91270010210333], [6.7065574149865474, 50.912673865932305], [6.706503315836726, 50.91274463868282]]]]}}, {"type": "Feature", "properties": {"fid": 62985.0, "oid": "DENW41AL30008OK7BL", "aktualit": "2024-08-20", "gebnutzbez": "Geb\u00e4ude", "funktion": "Geb\u00e4ude f\u00fcr Land- und Forstwirtschaft", "gfkzshh": "31001_2700", "rellage": null, "name": null, "anzahlgs": null, "gmdschl": "05362032", "lagebeztxt": null, "bld area": 11, "flstkennz_": "054682021000960007__", "tntxt": "Wohnbaufl\u00e4che;240", "area": 240}, "geometry": {"type": "MultiPolygon", "coordinates": [[[[6.70644640576999, 50.91280458122427], [6.706487394197221, 50.9128225025591], [6.70651354940986, 50.912798651544975], [6.706472491252846, 50.912780701866474], [6.70644640576999, 50.91280458122427]]]]}}, {"type": "Feature", "properties": {"fid": 159913.0, "oid": "DENW41AL30008MmTBL", "aktualit": "2024-08-20", "gebnutzbez": "Geb\u00e4ude", "funktion": "Wohngeb\u00e4ude", "gfkzshh": "31001_1000", "rellage": null, "name": null, "anzahlgs": null, "gmdschl": "05362032", "lagebeztxt": "Am Kalkofen 25", "bld area": 68, "flstkennz_": "054682021000870007__", "tntxt": "Wohnbaufl\u00e4che;272", "area": 280}, "geometry": {"type": "MultiPolygon", "coordinates": [[[[6.706184243487207, 50.913069350752686], [6.70627715236639, 50.91310363661542], [6.706341363252753, 50.91303324258828], [6.7063012851480455, 50.91301850502119], [6.706250670171521, 50.91299989973777], [6.706184243487207, 50.913069350752686]]]]}}, {"type": "Feature", "properties": {"fid": 273261.0, "oid": "DENW41AL30008KFdBL", "aktualit": "2024-08-20", "gebnutzbez": "Geb\u00e4ude", "funktion": "Geb\u00e4ude zum Parken", "gfkzshh": "31001_2460", "rellage": null, "name": null, "anzahlgs": null, "gmdschl": "05362032", "lagebeztxt": null, "bld area": 23, "flstkennz_": "054682021000870007__", "tntxt": "Wohnbaufl\u00e4che;272", "area": 280}, "geometry": {"type": "MultiPolygon", "coordinates": [[[[6.706360148962609, 50.91298248929743], [6.70640947130151, 50.91300047551725], [6.706439907248907, 50.9129671119384], [6.706450358052058, 50.912955660967505], [6.7064010215304855, 50.91293767448592], [6.706360148962609, 50.91298248929743]]]]}}, {"type": "Feature", "properties": {"fid": 275749.0, "oid": "DENW41AL30008N2kBL", "aktualit": "2024-08-20", "gebnutzbez": "Geb\u00e4ude", "funktion": "Wohngeb\u00e4ude", "gfkzshh": "31001_1000", "rellage": null, "name": null, "anzahlgs": null, "gmdschl": "05362032", "lagebeztxt": null, "bld area": 14, "flstkennz_": "054682021000870007__", "tntxt": "Wohnbaufl\u00e4che;272", "area": 280}, "geometry": {"type": "MultiPolygon", "coordinates": [[[[6.706250670171521, 50.91299989973777], [6.7063012851480455, 50.91301850502119], [6.7063271559412065, 50.91299147353817], [6.706276540982984, 50.91297286826613], [6.706250670171521, 50.91299989973777]]]]}}, {"type": "Feature", "properties": {"fid": 275916.0, "oid": "DENW41AL30008NEeBL", "aktualit": "2024-08-20", "gebnutzbez": "Geb\u00e4ude", "funktion": "Geb\u00e4ude zum Parken", "gfkzshh": "31001_2460", "rellage": null, "name": null, "anzahlgs": null, "gmdschl": "05362032", "lagebeztxt": null, "bld area": 32, "flstkennz_": "054682021002680053__", "tntxt": "Wohnbaufl\u00e4che;300", "area": 300}, "geometry": {"type": "MultiPolygon", "coordinates": [[[[6.707981013343112, 50.911949405311894], [6.708060797123421, 50.911954596879546], [6.708067721136234, 50.91190343947429], [6.707988817315851, 50.91189829217563], [6.707981013343112, 50.911949405311894]]]]}}, {"type": "Feature", "properties": {"fid": 277371.0, "oid": "DENW41AL30008OnsBL", "aktualit": "2024-08-20", "gebnutzbez": "Geb\u00e4ude", "funktion": "Wohngeb\u00e4ude", "gfkzshh": "31001_1000", "rellage": null, "name": null, "anzahlgs": null, "gmdschl": "05362032", "lagebeztxt": "Adenauerstra\u00dfe 10", "bld area": 68, "flstkennz_": "054682021002680053__", "tntxt": "Wohnbaufl\u00e4che;300", "area": 300}, "geometry": {"type": "MultiPolygon", "coordinates": [[[[6.708003096992558, 50.91179993426171], [6.708103788648938, 50.911807542117174], [6.708117811681013, 50.91171642839942], [6.708065629842564, 50.91171264239424], [6.708064095468614, 50.91172533892096], [6.708014994800312, 50.91172196417603], [6.708003096992558, 50.91179993426171]]]]}}, {"type": "Feature", "properties": {"fid": 274846.0, "oid": "DENW41AL30008M1rBL", "aktualit": "2024-08-20", "gebnutzbez": "Geb\u00e4ude", "funktion": "Geb\u00e4ude zum Parken", "gfkzshh": "31001_2460", "rellage": null, "name": null, "anzahlgs": null, "gmdschl": "05362032", "lagebeztxt": null, "bld area": 30, "flstkennz_": "054682021002790052__", "tntxt": "Wohnbaufl\u00e4che;426", "area": 426}, "geometry": {"type": "MultiPolygon", "coordinates": [[[[6.707460360240845, 50.91188171506195], [6.7075161357759905, 50.91188532909142], [6.707526863567624, 50.911818155978025], [6.707471088111643, 50.91181454195468], [6.707460360240845, 50.91188171506195]]]]}}, {"type": "Feature", "properties": {"fid": 60389.0, "oid": "DENW41AL30008KcBBL", "aktualit": "2024-08-20", "gebnutzbez": "Geb\u00e4ude", "funktion": "Wohngeb\u00e4ude", "gfkzshh": "31001_1000", "rellage": null, "name": null, "anzahlgs": null, "gmdschl": "05362032", "lagebeztxt": "Adenauerstra\u00dfe 16", "bld area": 87, "flstkennz_": "054682021002790052__", "tntxt": "Wohnbaufl\u00e4che;426", "area": 426}, "geometry": {"type": "MultiPolygon", "coordinates": [[[[6.70751036863025, 50.911781234925336], [6.707564194683719, 50.91178485560702], [6.707562907116925, 50.911792817081604], [6.707620023420035, 50.91179635846469], [6.707621232405694, 50.911788548345775], [6.707625685520886, 50.911788833690004], [6.7076407943464, 50.9116970667937], [6.7075260727697446, 50.911689227901796], [6.70751036863025, 50.911781234925336]]]]}}, {"type": "Feature", "properties": {"fid": 272162.0, "oid": "DENW41AL2h30000oBL", "aktualit": "2024-08-20", "gebnutzbez": "Geb\u00e4ude", "funktion": "Wohngeb\u00e4ude", "gfkzshh": "31001_1000", "rellage": null, "name": null, "anzahlgs": null, "gmdschl": "05362032", "lagebeztxt": "Herderstra\u00dfe 12 a", "bld area": 108, "flstkennz_": "05468202100372______", "tntxt": "Wohnbaufl\u00e4che;285", "area": 291}, "geometry": {"type": "MultiPolygon", "coordinates": [[[[6.707813690132997, 50.91207860212102], [6.707937590649647, 50.912097117124944], [6.707941058790857, 50.912076336902366], [6.708013200916022, 50.912080703856674], [6.70802229786537, 50.91202064898905], [6.707877221725877, 50.912009794871175], [6.7078363980668225, 50.91200676250441], [6.707813690132997, 50.91207860212102]]]]}}, {"type": "Feature", "properties": {"fid": 62569.0, "oid": "DENW41AL30008NjrBL", "aktualit": "2024-08-20", "gebnutzbez": "Geb\u00e4ude", "funktion": "Geb\u00e4ude f\u00fcr Wirtschaft oder Gewerbe", "gfkzshh": "31001_2000", "rellage": null, "name": null, "anzahlgs": null, "gmdschl": "05362032", "lagebeztxt": null, "bld area": 72, "flstkennz_": "05468200800858______", "tntxt": "Wohnbaufl\u00e4che;455", "area": 456}, "geometry": {"type": "MultiPolygon", "coordinates": [[[[6.712154020639929, 50.914831997884065], [6.7122237967766765, 50.91483364457103], [6.712351994437251, 50.914836670273225], [6.712353085516792, 50.91479412259867], [6.712353170692145, 50.914790355741566], [6.7121569466013575, 50.91478540286085], [6.712154020639929, 50.914831997884065]]]]}}, {"type": "Feature", "properties": {"fid": 274921.0, "oid": "DENW41AL30008M7KBL", "aktualit": "2024-08-20", "gebnutzbez": "Geb\u00e4ude", "funktion": "Geb\u00e4ude zur Freizeitgestaltung", "gfkzshh": "31001_1310", "rellage": null, "name": null, "anzahlgs": null, "gmdschl": "05362032", "lagebeztxt": null, "bld area": 25, "flstkennz_": "05468200800858______", "tntxt": "Wohnbaufl\u00e4che;455", "area": 456}, "geometry": {"type": "MultiPolygon", "coordinates": [[[[6.712353085516792, 50.91479412259867], [6.712351994437251, 50.914836670273225], [6.712427313097322, 50.914838443472554], [6.712431308352737, 50.914797598644135], [6.712353085516792, 50.91479412259867]]]]}}, {"type": "Feature", "properties": {"fid": 159209.0, "oid": "DENW41AL30008LLlBL", "aktualit": "2024-08-20", "gebnutzbez": "Geb\u00e4ude", "funktion": "Gemischt genutztes Geb\u00e4ude mit Wohnen", "gfkzshh": "31001_1100", "rellage": null, "name": null, "anzahlgs": null, "gmdschl": "05362032", "lagebeztxt": "Mittelstra\u00dfe 3", "bld area": 58, "flstkennz_": "05468200800858______", "tntxt": "Wohnbaufl\u00e4che;455", "area": 456}, "geometry": {"type": "MultiPolygon", "coordinates": [[[[6.711989099279553, 50.91482786524055], [6.7121010137162385, 50.914830742866364], [6.712107027649901, 50.91478413642923], [6.712109612690384, 50.91476508364408], [6.712000212055889, 50.91476114004126], [6.711989099279553, 50.91482786524055]]]]}}, {"type": "Feature", "properties": {"fid": 160365.0, "oid": "DENW41AL30008NfcBL", "aktualit": "2024-08-20", "gebnutzbez": "Geb\u00e4ude", "funktion": "Wohngeb\u00e4ude", "gfkzshh": "31001_1000", "rellage": null, "name": null, "anzahlgs": null, "gmdschl": "05362032", "lagebeztxt": null, "bld area": 19, "flstkennz_": "05468200800858______", "tntxt": "Wohnbaufl\u00e4che;455", "area": 456}, "geometry": {"type": "MultiPolygon", "coordinates": [[[[6.7121010137162385, 50.914830742866364], [6.712102434656169, 50.914830779717185], [6.712154020639929, 50.914831997884065], [6.7121569466013575, 50.91478540286085], [6.712107027649901, 50.91478413642923], [6.7121010137162385, 50.914830742866364]]]]}}, {"type": "Feature", "properties": {"fid": 274478.0, "oid": "DENW41AL30008LbtBL", "aktualit": "2024-08-20", "gebnutzbez": "Geb\u00e4ude", "funktion": "Wohngeb\u00e4ude", "gfkzshh": "31001_1000", "rellage": null, "name": null, "anzahlgs": null, "gmdschl": "05362032", "lagebeztxt": "Wiesenstra\u00dfe 25", "bld area": 76, "flstkennz_": "05468202100307______", "tntxt": "Wohnbaufl\u00e4che;532", "area": 532}, "geometry": {"type": "MultiPolygon", "coordinates": [[[[6.705517803167849, 50.9122282160205], [6.705624195222274, 50.91226050999653], [6.705680969471482, 50.912186561350744], [6.705660294009011, 50.91218028171797], [6.705574116030637, 50.912154105454206], [6.705517803167849, 50.9122282160205]]]]}}, {"type": "Feature", "properties": {"fid": 59896.0, "oid": "DENW41AL30008Jv4BL", "aktualit": "2024-08-20", "gebnutzbez": "Geb\u00e4ude", "funktion": "Wohngeb\u00e4ude", "gfkzshh": "31001_1000", "rellage": null, "name": null, "anzahlgs": null, "gmdschl": "05362032", "lagebeztxt": "Wiesenstra\u00dfe 29", "bld area": 92, "flstkennz_": "05468202100309______", "tntxt": "Wohnbaufl\u00e4che;596", "area": 598}, "geometry": {"type": "MultiPolygon", "coordinates": [[[[6.705237818328659, 50.91213054817572], [6.705346004421546, 50.91216511721955], [6.705366257152384, 50.91213979228909], [6.705385529454843, 50.91214596343789], [6.705404869705418, 50.91212183476407], [6.705385766196951, 50.91211570291373], [6.705411726802194, 50.91208337586536], [6.705410718502424, 50.912083050240206], [6.705308386759573, 50.9120497835925], [6.705303625105472, 50.91204825090583], [6.705237818328659, 50.91213054817572]]]]}}, {"type": "Feature", "properties": {"fid": 60118.0, "oid": "DENW41AL30008KEQBL", "aktualit": "2024-08-20", "gebnutzbez": "Geb\u00e4ude", "funktion": "Wohngeb\u00e4ude", "gfkzshh": "31001_1000", "rellage": null, "name": null, "anzahlgs": null, "gmdschl": "05362032", "lagebeztxt": null, "bld area": 45, "flstkennz_": "05468202100309______", "tntxt": "Wohnbaufl\u00e4che;596", "area": 598}, "geometry": {"type": "MultiPolygon", "coordinates": [[[[6.705308386759573, 50.9120497835925], [6.705410718502424, 50.912083050240206], [6.705447036774166, 50.912037984314665], [6.705427205716625, 50.91203160431896], [6.705349645399375, 50.91200666762619], [6.705344730058846, 50.91200507795462], [6.705308386759573, 50.9120497835925]]]]}}, {"type": "Feature", "properties": {"fid": 160064.0, "oid": "DENW41AL30008N5kBL", "aktualit": "2024-08-20", "gebnutzbez": "Geb\u00e4ude", "funktion": "Geb\u00e4ude zum Parken", "gfkzshh": "31001_2460", "rellage": null, "name": null, "anzahlgs": null, "gmdschl": "05362032", "lagebeztxt": null, "bld area": 16, "flstkennz_": "05468202100368______", "tntxt": "Wohnbaufl\u00e4che;166", "area": 164}, "geometry": {"type": "MultiPolygon", "coordinates": [[[[6.705527563148649, 50.911810307732885], [6.705606793563802, 50.91182731735754], [6.705622601462828, 50.91180963093544], [6.705548643706614, 50.911785790528945], [6.705527563148649, 50.911810307732885]]]]}}, {"type": "Feature", "properties": {"fid": 273860.0, "oid": "DENW41AL30008KvaBL", "aktualit": "2024-08-20", "gebnutzbez": "Geb\u00e4ude", "funktion": "Wohngeb\u00e4ude", "gfkzshh": "31001_1000", "rellage": null, "name": null, "anzahlgs": null, "gmdschl": "05362032", "lagebeztxt": "Rote-Kreuz-Stra\u00dfe 22", "bld area": 54, "flstkennz_": "05468202100368______", "tntxt": "Wohnbaufl\u00e4che;166", "area": 164}, "geometry": {"type": "MultiPolygon", "coordinates": [[[[6.705544330692907, 50.911784392590235], [6.705548643706614, 50.911785790528945], [6.705622601462828, 50.91180963093544], [6.705653326939075, 50.91181954391195], [6.705690413955715, 50.911774169237546], [6.7056491360202015, 50.91176071199246], [6.7056572988199745, 50.911750655166], [6.7056120082093855, 50.9117360577126], [6.705603902695816, 50.911746106668126], [6.705581328903806, 50.9117388003451], [6.705544330692907, 50.911784392590235]]]]}}, {"type": "Feature", "properties": {"fid": 59498.0, "oid": "DENW41AL30008JNwBL", "aktualit": "2024-08-20", "gebnutzbez": "Geb\u00e4ude", "funktion": "Geb\u00e4ude zum Parken", "gfkzshh": "31001_2460", "rellage": null, "name": null, "anzahlgs": null, "gmdschl": "05362032", "lagebeztxt": null, "bld area": 20, "flstkennz_": "05468202100308______", "tntxt": "Wohnbaufl\u00e4che;517", "area": 517}, "geometry": {"type": "MultiPolygon", "coordinates": [[[[6.70543282165662, 50.91211120468157], [6.705466548048893, 50.91212142854497], [6.705514392195196, 50.91205838513942], [6.705480581443813, 50.91204814164266], [6.70543282165662, 50.91211120468157]]]]}}, {"type": "Feature", "properties": {"fid": 160090.0, "oid": "DENW41AL30008N8aBL", "aktualit": "2024-08-20", "gebnutzbez": "Geb\u00e4ude", "funktion": "Wohngeb\u00e4ude", "gfkzshh": "31001_1000", "rellage": null, "name": null, "anzahlgs": null, "gmdschl": "05362032", "lagebeztxt": "Wiesenstra\u00dfe 27", "bld area": 77, "flstkennz_": "05468202100308______", "tntxt": "Wohnbaufl\u00e4che;517", "area": 517}, "geometry": {"type": "MultiPolygon", "coordinates": [[[[6.705410260389594, 50.912195602514856], [6.705517803167849, 50.9122282160205], [6.705574116030637, 50.912154105454206], [6.705466548048893, 50.91212142854497], [6.705410260389594, 50.912195602514856]]]]}}, {"type": "Feature", "properties": {"fid": 159608.0, "oid": "DENW41AL30008MBfBL", "aktualit": "2024-08-20", "gebnutzbez": "Geb\u00e4ude", "funktion": "Geb\u00e4ude f\u00fcr Land- und Forstwirtschaft", "gfkzshh": "31001_2700", "rellage": null, "name": null, "anzahlgs": null, "gmdschl": "05362032", "lagebeztxt": null, "bld area": 21, "flstkennz_": "054682021001840045__", "tntxt": "Wohnbaufl\u00e4che;850", "area": 852}, "geometry": {"type": "MultiPolygon", "coordinates": [[[[6.707965132103476, 50.91286260675908], [6.708002051895249, 50.91287474538543], [6.708032003872062, 50.91283846679744], [6.708049536626409, 50.91281722528028], [6.708012435628287, 50.91280501115693], [6.707965132103476, 50.91286260675908]]]]}}, {"type": "Feature", "properties": {"fid": 275211.0, "oid": "DENW41AL30008MSQBL", "aktualit": "2024-08-20", "gebnutzbez": "Geb\u00e4ude", "funktion": "Wohngeb\u00e4ude", "gfkzshh": "31001_1000", "rellage": null, "name": null, "anzahlgs": null, "gmdschl": "05362032", "lagebeztxt": "Wiesenstra\u00dfe 5", "bld area": 65, "flstkennz_": "054682021001840045__", "tntxt": "Wohnbaufl\u00e4che;850", "area": 852}, "geometry": {"type": "MultiPolygon", "coordinates": [[[[6.707805672758123, 50.91291827829707], [6.707855475793227, 50.912934888251584], [6.707862188286374, 50.91292683545645], [6.70790717487312, 50.91294186676092], [6.707958635549307, 50.912876977663124], [6.707923914475759, 50.91286525995949], [6.707864492685136, 50.912845205245155], [6.707805672758123, 50.91291827829707]]]]}}, {"type": "Feature", "properties": {"fid": 275931.0, "oid": "DENW41AL30008NFkBL", "aktualit": "2024-08-20", "gebnutzbez": "Geb\u00e4ude", "funktion": "Wohngeb\u00e4ude", "gfkzshh": "31001_1000", "rellage": null, "name": null, "anzahlgs": null, "gmdschl": "05362032", "lagebeztxt": null, "bld area": 25, "flstkennz_": "054682021001840045__", "tntxt": "Wohnbaufl\u00e4che;850", "area": 852}, "geometry": {"type": "MultiPolygon", "coordinates": [[[[6.707864492685136, 50.912845205245155], [6.707923914475759, 50.91286525995949], [6.7079245196525, 50.91286452533474], [6.707957536334831, 50.91282349511152], [6.707899402320753, 50.91280387044166], [6.707898114581824, 50.9128034404147], [6.707864492685136, 50.912845205245155]]]]}}, {"type": "Feature", "properties": {"fid": 158653.0, "oid": "DENW41AL30008KGDBL", "aktualit": "2024-08-20", "gebnutzbez": "Geb\u00e4ude", "funktion": "Geb\u00e4ude zum Parken", "gfkzshh": "31001_2460", "rellage": null, "name": null, "anzahlgs": null, "gmdschl": "05362032", "lagebeztxt": null, "bld area": 36, "flstkennz_": "054682021001840045__", "tntxt": "Wohnbaufl\u00e4che;850", "area": 852}, "geometry": {"type": "MultiPolygon", "coordinates": [[[[6.707690066689102, 50.91286411156484], [6.70778258500665, 50.91289217362591], [6.7078135760569575, 50.912851256555435], [6.707721155967584, 50.9128232234301], [6.707721043587183, 50.912823194240374], [6.707690066689102, 50.91286411156484]]]]}}, {"type": "Feature", "properties": {"fid": 63039.0, "oid": "DENW41AL30008OOYBL", "aktualit": "2024-08-20", "gebnutzbez": "Geb\u00e4ude", "funktion": "Wohngeb\u00e4ude", "gfkzshh": "31001_1000", "rellage": null, "name": null, "anzahlgs": null, "gmdschl": "05362032", "lagebeztxt": "Adenauerstra\u00dfe 23", "bld area": 77, "flstkennz_": "054682020001630017__", "tntxt": "Wohnbaufl\u00e4che;282", "area": 280}, "geometry": {"type": "MultiPolygon", "coordinates": [[[[6.707166369524503, 50.911537859812725], [6.707208546389412, 50.91154055923926], [6.7072697828057795, 50.91154449653741], [6.707285141891493, 50.91144967659972], [6.707183889593523, 50.91144307335021], [6.707166369524503, 50.911537859812725]]]]}}, {"type": "Feature", "properties": {"fid": 158923.0, "oid": "DENW41AL30008KmbBL", "aktualit": "2024-08-20", "gebnutzbez": "Geb\u00e4ude", "funktion": "Geb\u00e4ude zum Parken", "gfkzshh": "31001_2460", "rellage": null, "name": null, "anzahlgs": null, "gmdschl": "05362032", "lagebeztxt": null, "bld area": 48, "flstkennz_": "054682020001630017__", "tntxt": "Wohnbaufl\u00e4che;282", "area": 280}, "geometry": {"type": "MultiPolygon", "coordinates": [[[[6.707220523329868, 50.91134986761909], [6.707299803081759, 50.91135458211905], [6.7073120547073835, 50.91127869668317], [6.707232849237833, 50.91127392069127], [6.707220523329868, 50.91134986761909]]]]}}, {"type": "Feature", "properties": {"fid": 158941.0, "oid": "DENW41AL30008KpdBL", "aktualit": "2024-08-20", "gebnutzbez": "Geb\u00e4ude", "funktion": "Geb\u00e4ude zum Parken", "gfkzshh": "31001_2460", "rellage": null, "name": null, "anzahlgs": null, "gmdschl": "05362032", "lagebeztxt": null, "bld area": 29, "flstkennz_": "05468202100444______", "tntxt": "Wohnbaufl\u00e4che;341", "area": 343}, "geometry": {"type": "MultiPolygon", "coordinates": [[[[6.70766226243995, 50.91322894195904], [6.707690004979694, 50.91323733874958], [6.70773957110572, 50.91317106341748], [6.707769020700522, 50.913131699044094], [6.707739876756077, 50.91312287001062], [6.70766226243995, 50.91322894195904]]]]}}, {"type": "Feature", "properties": {"fid": 60742.0, "oid": "DENW41AL30008L7YBL", "aktualit": "2024-08-20", "gebnutzbez": "Geb\u00e4ude", "funktion": "Geb\u00e4ude zum Parken", "gfkzshh": "31001_2460", "rellage": null, "name": null, "anzahlgs": null, "gmdschl": "05362032", "lagebeztxt": null, "bld area": 53, "flstkennz_": "054682021000080008__", "tntxt": "Wohnbaufl\u00e4che;234", "area": 230}, "geometry": {"type": "MultiPolygon", "coordinates": [[[[6.707670648904252, 50.91336638477931], [6.707669928400099, 50.913366198679455], [6.707598675643935, 50.913443560442346], [6.707670648904252, 50.91336638477931]]]]}}, {"type": "Feature", "properties": {"fid": 61884.0, "oid": "DENW41AL30008MkrBL", "aktualit": "2024-08-20", "gebnutzbez": "Geb\u00e4ude", "funktion": "Geb\u00e4ude f\u00fcr Land- und Forstwirtschaft", "gfkzshh": "31001_2700", "rellage": null, "name": null, "anzahlgs": null, "gmdschl": "05362032", "lagebeztxt": null, "bld area": 22, "flstkennz_": "054682021000080008__", "tntxt": "Wohnbaufl\u00e4che;234", "area": 230}, "geometry": {"type": "MultiPolygon", "coordinates": [[[[6.707487229731421, 50.913454088891754], [6.707543800218171, 50.913476012520725], [6.707585055353323, 50.91343410991314], [6.707566650317478, 50.91342706575428], [6.707557344730885, 50.913436929374676], [6.707517338638448, 50.91342186985807], [6.707487229731421, 50.913454088891754]]]]}}, {"type": "Feature", "properties": {"fid": 276614.0, "oid": "DENW41AL30008O0MBL", "aktualit": "2024-08-20", "gebnutzbez": "Geb\u00e4ude", "funktion": "Wohngeb\u00e4ude", "gfkzshh": "31001_1000", "rellage": null, "name": null, "anzahlgs": null, "gmdschl": "05362032", "lagebeztxt": "Am Kalkofen 5", "bld area": 49, "flstkennz_": "054682021000080008__", "tntxt": "Wohnbaufl\u00e4che;234", "area": 230}, "geometry": {"type": "MultiPolygon", "coordinates": [[[[6.707392868759399, 50.913555244693605], [6.707467667573541, 50.91358404717924], [6.70752499485442, 50.91352255636407], [6.707450854172075, 50.91349310127944], [6.707392868759399, 50.913555244693605]]]]}}, {"type": "Feature", "properties": {"fid": 59787.0, "oid": "DENW41AL30008JmOBL", "aktualit": "2024-08-20", "gebnutzbez": "Geb\u00e4ude", "funktion": "Geb\u00e4ude zum Parken", "gfkzshh": "31001_2460", "rellage": null, "name": null, "anzahlgs": null, "gmdschl": "05362032", "lagebeztxt": null, "bld area": 20, "flstkennz_": "05468202100422______", "tntxt": "Wohnbaufl\u00e4che;242", "area": 243}, "geometry": {"type": "MultiPolygon", "coordinates": [[[[6.709303828807355, 50.91281820669514], [6.709380792910232, 50.91283855103069], [6.709398879200698, 50.91281124016554], [6.709322726682767, 50.91278972455017], [6.709303828807355, 50.91281820669514]]]]}}, {"type": "Feature", "properties": {"fid": 61113.0, "oid": "DENW41AL30008LevBL", "aktualit": "2024-08-20", "gebnutzbez": "Geb\u00e4ude", "funktion": "Geb\u00e4ude zur Freizeitgestaltung", "gfkzshh": "31001_1310", "rellage": null, "name": null, "anzahlgs": null, "gmdschl": "05362032", "lagebeztxt": null, "bld area": 10, "flstkennz_": "05468202100422______", "tntxt": "Wohnbaufl\u00e4che;242", "area": 243}, "geometry": {"type": "MultiPolygon", "coordinates": [[[[6.709370280138648, 50.91276495279868], [6.709416878951389, 50.91277728995054], [6.70943190731678, 50.91275459599393], [6.709385321852927, 50.91274227709814], [6.709370280138648, 50.91276495279868]]]]}}, {"type": "Feature", "properties": {"fid": 275623.0, "oid": "DENW41AL30008MuCBL", "aktualit": "2024-08-20", "gebnutzbez": "Geb\u00e4ude", "funktion": "Wohngeb\u00e4ude", "gfkzshh": "31001_1000", "rellage": null, "name": null, "anzahlgs": null, "gmdschl": "05362032", "lagebeztxt": "Sistenichstra\u00dfe 29", "bld area": 73, "flstkennz_": "05468202100422______", "tntxt": "Wohnbaufl\u00e4che;242", "area": 243}, "geometry": {"type": "MultiPolygon", "coordinates": [[[[6.709163206288583, 50.912760069670085], [6.709285703919659, 50.912792712405036], [6.709313513272399, 50.91274992467643], [6.7093283022615156, 50.91272718106366], [6.709206369855354, 50.9126949092315], [6.709163206288583, 50.912760069670085]]]]}}, {"type": "Feature", "properties": {"fid": 272980.0, "oid": "DENW41AL30008JvPBL", "aktualit": "2024-08-20", "gebnutzbez": "Geb\u00e4ude", "funktion": "Wohngeb\u00e4ude", "gfkzshh": "31001_1000", "rellage": null, "name": null, "anzahlgs": null, "gmdschl": "05362032", "lagebeztxt": null, "bld area": 12, "flstkennz_": "05468202100422______", "tntxt": "Wohnbaufl\u00e4che;242", "area": 243}, "geometry": {"type": "MultiPolygon", "coordinates": [[[[6.709313513272399, 50.91274992467643], [6.709370280138648, 50.91276495279868], [6.709385321852927, 50.91274227709814], [6.7093737505511735, 50.91273918985052], [6.7093283022615156, 50.91272718106366], [6.709313513272399, 50.91274992467643]]]]}}, {"type": "Feature", "properties": {"fid": 59487.0, "oid": "DENW41AL30008JN1BL", "aktualit": "2024-08-20", "gebnutzbez": "Geb\u00e4ude", "funktion": "Wohngeb\u00e4ude", "gfkzshh": "31001_1000", "rellage": null, "name": null, "anzahlgs": null, "gmdschl": "05362032", "lagebeztxt": "Adenauerstra\u00dfe 28", "bld area": 212, "flstkennz_": "05468202100371______", "tntxt": "Wohnbaufl\u00e4che;867", "area": 858}, "geometry": {"type": "MultiPolygon", "coordinates": [[[[6.705809050417019, 50.911624896842994], [6.70609608736229, 50.911651162809214], [6.706117315707073, 50.91155854501263], [6.705830279758421, 50.911532270120055], [6.705825046629074, 50.9115550752412], [6.705814084353249, 50.91160296023543], [6.705809050417019, 50.911624896842994]]]]}}, {"type": "Feature", "properties": {"fid": 273386.0, "oid": "DENW41AL30008KOcBL", "aktualit": "2024-08-20", "gebnutzbez": "Geb\u00e4ude", "funktion": "Geb\u00e4ude zum Parken", "gfkzshh": "31001_2460", "rellage": null, "name": null, "anzahlgs": null, "gmdschl": "05362032", "lagebeztxt": null, "bld area": 19, "flstkennz_": "05468202100371______", "tntxt": "Wohnbaufl\u00e4che;867", "area": 858}, "geometry": {"type": "MultiPolygon", "coordinates": [[[[6.70576371400001, 50.91159879508069], [6.705814084353249, 50.91160296023543], [6.705825046629074, 50.9115550752412], [6.705774676768241, 50.91155090110639], [6.70576371400001, 50.91159879508069]]]]}}, {"type": "Feature", "properties": {"fid": 60077.0, "oid": "DENW41AL30008KAmBL", "aktualit": "2024-08-20", "gebnutzbez": "Geb\u00e4ude", "funktion": "Wohngeb\u00e4ude", "gfkzshh": "31001_1000", "rellage": null, "name": null, "anzahlgs": null, "gmdschl": "05362032", "lagebeztxt": "Rote-Kreuz-Stra\u00dfe 24", "bld area": 111, "flstkennz_": "05468202100447______", "tntxt": "Wohnbaufl\u00e4che;664", "area": 658}, "geometry": {"type": "MultiPolygon", "coordinates": [[[[6.705816577134214, 50.91184412333239], [6.706023050022971, 50.91188890748321], [6.706056434736677, 50.911827396439534], [6.7058499185619915, 50.91178262948311], [6.705816577134214, 50.91184412333239]]]]}}, {"type": "Feature", "properties": {"fid": 60595.0, "oid": "DENW41AL30008KuEBL", "aktualit": "2024-08-20", "gebnutzbez": "Geb\u00e4ude", "funktion": "Wohngeb\u00e4ude", "gfkzshh": "31001_1000", "rellage": null, "name": null, "anzahlgs": null, "gmdschl": "05362032", "lagebeztxt": "Sistenichstra\u00dfe 35", "bld area": 79, "flstkennz_": "05468202100418______", "tntxt": "Wohnbaufl\u00e4che;201", "area": 201}, "geometry": {"type": "MultiPolygon", "coordinates": [[[[6.709318150435594, 50.912530073879296], [6.709434953406933, 50.91256104870325], [6.709439910614742, 50.9125623691996], [6.709486110259848, 50.91249157498255], [6.709364710944219, 50.91245946667433], [6.709318150435594, 50.912530073879296]]]]}}, {"type": "Feature", "properties": {"fid": 59195.0, "oid": "DENW41AL2cv0001zBL", "aktualit": "2024-08-20", "gebnutzbez": "Geb\u00e4ude", "funktion": "Geb\u00e4ude f\u00fcr Wirtschaft oder Gewerbe", "gfkzshh": "31001_2000", "rellage": null, "name": null, "anzahlgs": null, "gmdschl": "05362032", "lagebeztxt": null, "bld area": 205, "flstkennz_": "05468200800660______", "tntxt": "Fl\u00e4che gemischter Nutzung(funktion:Geb\u00e4ude- und Freifl\u00e4che Mischnutzung mit Wohnen);1837", "area": 1827}, "geometry": {"type": "MultiPolygon", "coordinates": [[[[6.7104049337302385, 50.91258775506742], [6.710495543794141, 50.91259906648894], [6.71054113001826, 50.91260479064835], [6.7105946949036905, 50.91243666241244], [6.710518917881688, 50.91242720704066], [6.71052801436681, 50.9123981096942], [6.71046206520778, 50.91238987241814], [6.710421804640929, 50.912529543447874], [6.7104049337302385, 50.91258775506742]]]]}}, {"type": "Feature", "properties": {"fid": 59196.0, "oid": "DENW41AL2cv00024BL", "aktualit": "2024-08-20", "gebnutzbez": "Geb\u00e4ude", "funktion": "Geb\u00e4ude f\u00fcr Wirtschaft oder Gewerbe", "gfkzshh": "31001_2000", "rellage": null, "name": null, "anzahlgs": null, "gmdschl": "05362032", "lagebeztxt": null, "bld area": 114, "flstkennz_": "05468200800660______", "tntxt": "Fl\u00e4che gemischter Nutzung(funktion:Geb\u00e4ude- und Freifl\u00e4che Mischnutzung mit Wohnen);1837", "area": 1827}, "geometry": {"type": "MultiPolygon", "coordinates": [[[[6.710920188503132, 50.91247753978083], [6.711129943702964, 50.912503716455035], [6.711180639154775, 50.91240445348685], [6.711116944019041, 50.91239144894489], [6.711086521546717, 50.912450995817494], [6.7109422404574435, 50.91242622026241], [6.710920188503132, 50.91247753978083]]]]}}, {"type": "Feature", "properties": {"fid": 62852.0, "oid": "DENW41AL30008O95BL", "aktualit": "2024-08-20", "gebnutzbez": "Geb\u00e4ude", "funktion": "Gemischt genutztes Geb\u00e4ude mit Wohnen", "gfkzshh": "31001_1100", "rellage": null, "name": null, "anzahlgs": null, "gmdschl": "05362032", "lagebeztxt": "Hauptstra\u00dfe 196", "bld area": 575, "flstkennz_": "05468200800660______", "tntxt": "Fl\u00e4che gemischter Nutzung(funktion:Geb\u00e4ude- und Freifl\u00e4che Mischnutzung mit Wohnen);1837", "area": 1827}, "geometry": {"type": "MultiPolygon", "coordinates": [[[[6.710629039559393, 50.912615761175104], [6.710825377500394, 50.91264023612483], [6.711012704222734, 50.9126636705622], [6.71104863371686, 50.91266817079221], [6.711098943452741, 50.91251009685657], [6.711126841691661, 50.912513585103305], [6.711129943702964, 50.912503716455035], [6.710920188503132, 50.91247753978083], [6.710682676631651, 50.91244789514616], [6.710629039559393, 50.912615761175104]]]]}}, {"type": "Feature", "properties": {"fid": 160378.0, "oid": "DENW41AL30008NhgBL", "aktualit": "2024-08-20", "gebnutzbez": "Geb\u00e4ude", "funktion": "Geb\u00e4ude zum Parken", "gfkzshh": "31001_2460", "rellage": null, "name": null, "anzahlgs": null, "gmdschl": "05362032", "lagebeztxt": null, "bld area": 106, "flstkennz_": "05468200800660______", "tntxt": "Fl\u00e4che gemischter Nutzung(funktion:Geb\u00e4ude- und Freifl\u00e4che Mischnutzung mit Wohnen);1837", "area": 1827}, "geometry": {"type": "MultiPolygon", "coordinates": [[[[6.710340485383987, 50.91252024904985], [6.710421804640929, 50.912529543447874], [6.71046206520778, 50.91238987241814], [6.710468991991634, 50.91236585015336], [6.71038852226211, 50.9123566444063], [6.710361364624809, 50.9124522585443], [6.710351813109083, 50.91248627571906], [6.710350131457135, 50.91248604485512], [6.710340485383987, 50.91252024904985]]]]}}, {"type": "Feature", "properties": {"fid": 275131.0, "oid": "DENW41AL30008MMuBL", "aktualit": "2024-08-20", "gebnutzbez": "Geb\u00e4ude", "funktion": "Geb\u00e4ude f\u00fcr Wirtschaft oder Gewerbe", "gfkzshh": "31001_2000", "rellage": null, "name": null, "anzahlgs": null, "gmdschl": "05362032", "lagebeztxt": null, "bld area": 120, "flstkennz_": "05468200800660______", "tntxt": "Fl\u00e4che gemischter Nutzung(funktion:Geb\u00e4ude- und Freifl\u00e4che Mischnutzung mit Wohnen);1837", "area": 1827}, "geometry": {"type": "MultiPolygon", "coordinates": [[[[6.71054113001826, 50.91260479064835], [6.710629039559393, 50.912615761175104], [6.710682676631651, 50.91244789514616], [6.7105946949036905, 50.91243666241244], [6.71054113001826, 50.91260479064835]]]]}}, {"type": "Feature", "properties": {"fid": 275473.0, "oid": "DENW41AL30008MjhBL", "aktualit": "2024-08-20", "gebnutzbez": "Geb\u00e4ude", "funktion": "Wohngeb\u00e4ude", "gfkzshh": "31001_1000", "rellage": null, "name": null, "anzahlgs": null, "gmdschl": "05362032", "lagebeztxt": "Merkurweg 29", "bld area": 121, "flstkennz_": "05468200800659______", "tntxt": "Wohnbaufl\u00e4che;399", "area": 399}, "geometry": {"type": "MultiPolygon", "coordinates": [[[[6.710148901761052, 50.912555722321116], [6.710324139967075, 50.91257760753471], [6.710340485383987, 50.91252024904985], [6.710350131457135, 50.91248604485512], [6.710346354650818, 50.91248560199664], [6.710344424711474, 50.91249187799171], [6.710231067465641, 50.91247793456759], [6.710233011632612, 50.912471658853434], [6.710187023202666, 50.91246601662161], [6.710176524671379, 50.912500195083275], [6.710164925970767, 50.91249882525008], [6.710148901761052, 50.912555722321116]]]]}}, {"type": "Feature", "properties": {"fid": 62670.0, "oid": "DENW41AL30008NswBL", "aktualit": "2024-08-20", "gebnutzbez": "Geb\u00e4ude", "funktion": "Geb\u00e4ude zur Freizeitgestaltung", "gfkzshh": "31001_1310", "rellage": null, "name": null, "anzahlgs": null, "gmdschl": "05362032", "lagebeztxt": null, "bld area": 57, "flstkennz_": "05468200800659______", "tntxt": "Wohnbaufl\u00e4che;399", "area": 399}, "geometry": {"type": "MultiPolygon", "coordinates": [[[[6.710281736331137, 50.91244271846326], [6.710361364624809, 50.9124522585443], [6.71038852226211, 50.9123566444063], [6.710356256268791, 50.91235808899708], [6.710305227887765, 50.91236092830264], [6.710281736331137, 50.91244271846326]]]]}}, {"type": "Feature", "properties": {"fid": 273890.0, "oid": "DENW41AL30008KxZBL", "aktualit": "2024-08-20", "gebnutzbez": "Geb\u00e4ude", "funktion": "Geb\u00e4ude f\u00fcr Wirtschaft oder Gewerbe", "gfkzshh": "31001_2000", "rellage": null, "name": null, "anzahlgs": null, "gmdschl": "05362032", "lagebeztxt": null, "bld area": 70, "flstkennz_": "05468201900347______", "tntxt": "Wohnbaufl\u00e4che;829", "area": 827}, "geometry": {"type": "MultiPolygon", "coordinates": [[[[6.710015575829257, 50.90944425774558], [6.710013389092768, 50.90949894397728], [6.710176631135896, 50.909501544577786], [6.710178831893459, 50.90944685861944], [6.710015575829257, 50.90944425774558]]]]}}, {"type": "Feature", "properties": {"fid": 273914.0, "oid": "DENW41AL30008LAiBL", "aktualit": "2024-08-20", "gebnutzbez": "Geb\u00e4ude", "funktion": "Geb\u00e4ude zum Parken", "gfkzshh": "31001_2460", "rellage": null, "name": null, "anzahlgs": null, "gmdschl": "05362032", "lagebeztxt": null, "bld area": 119, "flstkennz_": "05468201900351______", "tntxt": "Wohnbaufl\u00e4che;627", "area": 627}, "geometry": {"type": "MultiPolygon", "coordinates": [[[[6.710151088822293, 50.90914842042313], [6.710430994562344, 50.90915682648834], [6.710441358837404, 50.90910333501144], [6.710155275588299, 50.90909471781309], [6.710151088822293, 50.90914842042313]]]]}}, {"type": "Feature", "properties": {"fid": 60035.0, "oid": "DENW41AL30008K6uBL", "aktualit": "2024-08-20", "gebnutzbez": "Geb\u00e4ude", "funktion": "Wohngeb\u00e4ude", "gfkzshh": "31001_1000", "rellage": null, "name": null, "anzahlgs": null, "gmdschl": "05362032", "lagebeztxt": "Am Kalkofen 41", "bld area": 82, "flstkennz_": "05468202100441______", "tntxt": "Wohnbaufl\u00e4che;294", "area": 292}, "geometry": {"type": "MultiPolygon", "coordinates": [[[[6.705010057239693, 50.91264216034108], [6.705136008191291, 50.91268753907449], [6.705182708950536, 50.91263676826658], [6.705192914889417, 50.9126256723556], [6.705067091635809, 50.91257885713616], [6.705010057239693, 50.91264216034108]]]]}}, {"type": "Feature", "properties": {"fid": 277350.0, "oid": "DENW41AL30008OmlBL", "aktualit": "2024-08-20", "gebnutzbez": "Geb\u00e4ude", "funktion": "Geb\u00e4ude zum Parken", "gfkzshh": "31001_2460", "rellage": null, "name": null, "anzahlgs": null, "gmdschl": "05362032", "lagebeztxt": null, "bld area": 19, "flstkennz_": "05468202100441______", "tntxt": "Wohnbaufl\u00e4che;294", "area": 292}, "geometry": {"type": "MultiPolygon", "coordinates": [[[[6.705136008191291, 50.91268753907449], [6.705172521354509, 50.912700695935115], [6.705218900492416, 50.91264981085926], [6.705182708950536, 50.91263676826658], [6.705136008191291, 50.91268753907449]]]]}}, {"type": "Feature", "properties": {"fid": 159453.0, "oid": "DENW41AL30008LsDBL", "aktualit": "2024-08-20", "gebnutzbez": "Geb\u00e4ude", "funktion": "Geb\u00e4ude zum Parken", "gfkzshh": "31001_2460", "rellage": null, "name": null, "anzahlgs": null, "gmdschl": "05362032", "lagebeztxt": null, "bld area": 25, "flstkennz_": "054682021001590003__", "tntxt": "Wohnbaufl\u00e4che;238", "area": 239}, "geometry": {"type": "MultiPolygon", "coordinates": [[[[6.705298481994942, 50.912394539922005], [6.705298706308447, 50.912394607291496], [6.705334621300228, 50.9124051710318], [6.705370494553648, 50.91241571595205], [6.705371153723841, 50.9124159087952], [6.705383983069552, 50.91239862253866], [6.705363920992172, 50.912392597755485], [6.705382918959738, 50.91236675347444], [6.705366426393613, 50.91236191414636], [6.705330511427304, 50.91235135041608], [6.705298481994942, 50.912394539922005]]]]}}, {"type": "Feature", "properties": {"fid": 159514.0, "oid": "DENW41AL30008LzSBL", "aktualit": "2024-08-20", "gebnutzbez": "Geb\u00e4ude", "funktion": "Wohngeb\u00e4ude", "gfkzshh": "31001_1000", "rellage": null, "name": null, "anzahlgs": null, "gmdschl": "05362032", "lagebeztxt": "Wiesenstra\u00dfe 44", "bld area": 48, "flstkennz_": "054682021001590003__", "tntxt": "Wohnbaufl\u00e4che;238", "area": 239}, "geometry": {"type": "MultiPolygon", "coordinates": [[[[6.705363920992172, 50.912392597755485], [6.705383983069552, 50.91239862253866], [6.705434047227648, 50.91241365570911], [6.705483008639094, 50.91234815191028], [6.705412425826988, 50.91232683317304], [6.705400519576441, 50.91234270751944], [6.7053841273917945, 50.91233785217932], [6.705366426393613, 50.91236191414636], [6.705382918959738, 50.91236675347444], [6.705363920992172, 50.912392597755485]]]]}}, {"type": "Feature", "properties": {"fid": 158526.0, "oid": "DENW41AL30008JzuBL", "aktualit": "2024-08-20", "gebnutzbez": "Geb\u00e4ude", "funktion": "Geb\u00e4ude zum Parken", "gfkzshh": "31001_2460", "rellage": null, "name": null, "anzahlgs": null, "gmdschl": "05362032", "lagebeztxt": null, "bld area": 19, "flstkennz_": "054682021000010004__", "tntxt": "Wohnbaufl\u00e4che;328", "area": 325}, "geometry": {"type": "MultiPolygon", "coordinates": [[[[6.705375133288381, 50.91267567395716], [6.70541271130291, 50.9126894542851], [6.7054489110168225, 50.912649989358556], [6.705456443748506, 50.912641754956056], [6.705415669450864, 50.91262730019688], [6.705390599649226, 50.91265452711284], [6.705393578409173, 50.912655575034144], [6.705375133288381, 50.91267567395716]]]]}}, {"type": "Feature", "properties": {"fid": 275049.0, "oid": "DENW41AL30008MH1BL", "aktualit": "2024-08-20", "gebnutzbez": "Geb\u00e4ude", "funktion": "Wohngeb\u00e4ude", "gfkzshh": "31001_1000", "rellage": null, "name": null, "anzahlgs": null, "gmdschl": "05362032", "lagebeztxt": "Am Kalkofen 39", "bld area": 97, "flstkennz_": "054682021000010004__", "tntxt": "Wohnbaufl\u00e4che;328", "area": 325}, "geometry": {"type": "MultiPolygon", "coordinates": [[[[6.705208096872117, 50.91271556121537], [6.705306540417111, 50.91275038841273], [6.705375133288381, 50.91267567395716], [6.705393578409173, 50.912655575034144], [6.705390599649226, 50.91265452711284], [6.70529501275709, 50.91262034077296], [6.705208096872117, 50.91271556121537]]]]}}, {"type": "Feature", "properties": {"fid": 273013.0, "oid": "DENW41AL30008JxLBL", "aktualit": "2024-08-20", "gebnutzbez": "Geb\u00e4ude", "funktion": "Wohngeb\u00e4ude", "gfkzshh": "31001_1000", "rellage": null, "name": null, "anzahlgs": null, "gmdschl": "05362032", "lagebeztxt": "Friedrich-Ebert-Platz 3", "bld area": 121, "flstkennz_": "05468202000421______", "tntxt": "Wohnbaufl\u00e4che;324", "area": 324}, "geometry": {"type": "MultiPolygon", "coordinates": [[[[6.710485267679624, 50.91124187953511], [6.710662405745815, 50.911251335721175], [6.71067406137765, 50.91116458239207], [6.710497392655614, 50.91115513542935], [6.710485267679624, 50.91124187953511]]]]}}, {"type": "Feature", "properties": {"fid": 273348.0, "oid": "DENW41AL30008KLCBL", "aktualit": "2024-08-20", "gebnutzbez": "Geb\u00e4ude", "funktion": "Geb\u00e4ude zum Parken", "gfkzshh": "31001_2460", "rellage": null, "name": null, "anzahlgs": null, "gmdschl": "05362032", "lagebeztxt": null, "bld area": 79, "flstkennz_": "05468202000421______", "tntxt": "Wohnbaufl\u00e4che;324", "area": 324}, "geometry": {"type": "MultiPolygon", "coordinates": [[[[6.71019647233742, 50.9111389960727], [6.710194871442712, 50.911186966198144], [6.710403482678047, 50.911198065648364], [6.710409831812497, 50.91115044950873], [6.71019647233742, 50.9111389960727]]]]}}, {"type": "Feature", "properties": {"fid": 159812.0, "oid": "DENW41AL30008MaSBL", "aktualit": "2024-08-20", "gebnutzbez": "Geb\u00e4ude", "funktion": "Wohngeb\u00e4ude", "gfkzshh": "31001_1000", "rellage": null, "name": null, "anzahlgs": null, "gmdschl": "05362032", "lagebeztxt": "Friedrich-Ebert-Platz 4", "bld area": 280, "flstkennz_": "05468202000318______", "tntxt": "Wohnbaufl\u00e4che;329", "area": 327}, "geometry": {"type": "MultiPolygon", "coordinates": [[[[6.710662405745815, 50.911251335721175], [6.710485267679624, 50.91124187953511], [6.710473907367439, 50.91133116344124], [6.710650444460983, 50.91134054743668], [6.710662405745815, 50.911251335721175]]]]}}, {"type": "Feature", "properties": {"fid": 160578.0, "oid": "DENW41AL30008O7tBL", "aktualit": "2024-08-20", "gebnutzbez": "Geb\u00e4ude", "funktion": "Geb\u00e4ude zum Parken", "gfkzshh": "31001_2460", "rellage": null, "name": null, "anzahlgs": null, "gmdschl": "05362032", "lagebeztxt": null, "bld area": 46, "flstkennz_": "05468202000318______", "tntxt": "Wohnbaufl\u00e4che;329", "area": 327}, "geometry": {"type": "MultiPolygon", "coordinates": [[[[6.710191337244143, 50.91126794272973], [6.71018970183823, 50.911313717615585], [6.710189600922161, 50.91131606309678], [6.710310622271622, 50.91132249397786], [6.71031585401094, 50.911274747990554], [6.710191337244143, 50.91126794272973]]]]}}, {"type": "Feature", "properties": {"fid": 158562.0, "oid": "DENW41AL30008K4FBL", "aktualit": "2024-08-20", "gebnutzbez": "Geb\u00e4ude", "funktion": "Wohngeb\u00e4ude", "gfkzshh": "31001_1000", "rellage": null, "name": null, "anzahlgs": null, "gmdschl": "05362032", "lagebeztxt": "Hauptstra\u00dfe 189", "bld area": 144, "flstkennz_": "05468200800861______", "tntxt": "Wohnbaufl\u00e4che;86", "area": 86}, "geometry": {"type": "MultiPolygon", "coordinates": [[[[6.7112433554570625, 50.913058421418675], [6.711199401373133, 50.91304643023051], [6.711199401373131, 50.91304643023051], [6.7112433554570625, 50.913058421418675]]]]}}, {"type": "Feature", "properties": {"fid": 59944.0, "oid": "DENW41AL30008JzABL", "aktualit": "2024-08-20", "gebnutzbez": "Geb\u00e4ude", "funktion": "Geb\u00e4ude zur Freizeitgestaltung", "gfkzshh": "31001_1310", "rellage": null, "name": null, "anzahlgs": null, "gmdschl": "05362032", "lagebeztxt": null, "bld area": 110, "flstkennz_": "05468200800274______", "tntxt": "Fl\u00e4che gemischter Nutzung(funktion:Geb\u00e4ude- und Freifl\u00e4che Mischnutzung mit Wohnen);756", "area": 755}, "geometry": {"type": "MultiPolygon", "coordinates": [[[[6.7114192909276085, 50.91385159871143], [6.711608588462411, 50.91390340221467], [6.711653229080239, 50.91380751004008], [6.711574611843786, 50.913786010545515], [6.711550482995673, 50.91383500494532], [6.711449660434561, 50.9138073496858], [6.7114192909276085, 50.91385159871143]]]]}}, {"type": "Feature", "properties": {"fid": 159369.0, "oid": "DENW41AL30008LhYBL", "aktualit": "2024-08-20", "gebnutzbez": "Geb\u00e4ude", "funktion": "Geb\u00e4ude f\u00fcr Wirtschaft oder Gewerbe", "gfkzshh": "31001_2000", "rellage": null, "name": null, "anzahlgs": null, "gmdschl": "05362032", "lagebeztxt": null, "bld area": 96, "flstkennz_": "05468200800274______", "tntxt": "Fl\u00e4che gemischter Nutzung(funktion:Geb\u00e4ude- und Freifl\u00e4che Mischnutzung mit Wohnen);756", "area": 755}, "geometry": {"type": "MultiPolygon", "coordinates": [[[[6.71118479214613, 50.91378736896863], [6.711185311430598, 50.91378751406457], [6.711292622372143, 50.91381688875699], [6.7114192909276085, 50.91385159871143], [6.711449660434561, 50.9138073496858], [6.711215897402518, 50.91374320638492], [6.71118479214613, 50.91378736896863]]]]}}, {"type": "Feature", "properties": {"fid": 275530.0, "oid": "DENW41AL30008MnsBL", "aktualit": "2024-08-20", "gebnutzbez": "Geb\u00e4ude", "funktion": "Geb\u00e4ude f\u00fcr Wirtschaft oder Gewerbe", "gfkzshh": "31001_2000", "rellage": null, "name": null, "anzahlgs": null, "gmdschl": "05362032", "lagebeztxt": null, "bld area": 64, "flstkennz_": "05468200800274______", "tntxt": "Fl\u00e4che gemischter Nutzung(funktion:Geb\u00e4ude- und Freifl\u00e4che Mischnutzung mit Wohnen);756", "area": 755}, "geometry": {"type": "MultiPolygon", "coordinates": [[[[6.711054402797978, 50.913751659386485], [6.71118479214613, 50.91378736896863], [6.711215897402518, 50.91374320638492], [6.711221681495612, 50.913734928328175], [6.711092832607714, 50.91369914107045], [6.711054402797978, 50.913751659386485]]]]}}, {"type": "Feature", "properties": {"fid": 273111.0, "oid": "DENW41AL30008K4pBL", "aktualit": "2024-08-20", "gebnutzbez": "Geb\u00e4ude", "funktion": "Geb\u00e4ude f\u00fcr Wirtschaft oder Gewerbe", "gfkzshh": "31001_2000", "rellage": null, "name": null, "anzahlgs": null, "gmdschl": "05362032", "lagebeztxt": null, "bld area": 67, "flstkennz_": "05468200800274______", "tntxt": "Fl\u00e4che gemischter Nutzung(funktion:Geb\u00e4ude- und Freifl\u00e4che Mischnutzung mit Wohnen);756", "area": 755}, "geometry": {"type": "MultiPolygon", "coordinates": [[[[6.710854030023562, 50.9136559533838], [6.710961323554656, 50.91368277371899], [6.710971310320727, 50.913668003419666], [6.711006818657638, 50.91367762203331], [6.711033555499089, 50.913638113705645], [6.7110054632391964, 50.91363044837343], [6.710892604762176, 50.9135996154821], [6.710854030023562, 50.9136559533838]]]]}}, {"type": "Feature", "properties": {"fid": 277003.0, "oid": "DENW41AL30008OPYBL", "aktualit": "2024-08-20", "gebnutzbez": "Geb\u00e4ude", "funktion": "Geb\u00e4ude f\u00fcr Wirtschaft oder Gewerbe", "gfkzshh": "31001_2000", "rellage": null, "name": null, "anzahlgs": null, "gmdschl": "05362032", "lagebeztxt": null, "bld area": 40, "flstkennz_": "05468200800274______", "tntxt": "Fl\u00e4che gemischter Nutzung(funktion:Geb\u00e4ude- und Freifl\u00e4che Mischnutzung mit Wohnen);756", "area": 755}, "geometry": {"type": "MultiPolygon", "coordinates": [[[[6.710969244937205, 50.913728349299106], [6.711054402797978, 50.913751659386485], [6.711092832607714, 50.91369914107045], [6.711019380190065, 50.913680251851154], [6.711010587975791, 50.91369300392359], [6.71100693834143, 50.913691996953276], [6.711004900663046, 50.913694961015786], [6.710994246273908, 50.913692026827526], [6.710977029404712, 50.9137169985314], [6.710969244937205, 50.913728349299106]]]]}}, {"type": "Feature", "properties": {"fid": 273201.0, "oid": "DENW41AL30008KAyBL", "aktualit": "2024-08-20", "gebnutzbez": "Geb\u00e4ude", "funktion": "Wohngeb\u00e4ude", "gfkzshh": "31001_1000", "rellage": null, "name": null, "anzahlgs": null, "gmdschl": "05362032", "lagebeztxt": null, "bld area": 66, "flstkennz_": "05468200800275______", "tntxt": "Fl\u00e4che gemischter Nutzung(funktion:Geb\u00e4ude- und Freifl\u00e4che Mischnutzung mit Wohnen);769", "area": 768}, "geometry": {"type": "MultiPolygon", "coordinates": [[[[6.711125986019174, 50.913878216270895], [6.711232848469136, 50.91390745630314], [6.711276745780635, 50.91384093341419], [6.71117018624287, 50.91381132160976], [6.711141734441283, 50.91385446592529], [6.711125986019174, 50.913878216270895]]]]}}, {"type": "Feature", "properties": {"fid": 275025.0, "oid": "DENW41AL30008MF5BL", "aktualit": "2024-08-20", "gebnutzbez": "Geb\u00e4ude", "funktion": "Geb\u00e4ude f\u00fcr Wirtschaft oder Gewerbe", "gfkzshh": "31001_2000", "rellage": null, "name": null, "anzahlgs": null, "gmdschl": "05362032", "lagebeztxt": null, "bld area": 24, "flstkennz_": "05468200800275______", "tntxt": "Fl\u00e4che gemischter Nutzung(funktion:Geb\u00e4ude- und Freifl\u00e4che Mischnutzung mit Wohnen);769", "area": 768}, "geometry": {"type": "MultiPolygon", "coordinates": [[[[6.71117018624287, 50.91381132160976], [6.711276745780635, 50.91384093341419], [6.711292622372143, 50.91381688875699], [6.711185311430598, 50.91378751406457], [6.71117018624287, 50.91381132160976]]]]}}, {"type": "Feature", "properties": {"fid": 61190.0, "oid": "DENW41AL30008LlXBL", "aktualit": "2024-08-20", "gebnutzbez": "Geb\u00e4ude", "funktion": "Gemischt genutztes Geb\u00e4ude mit Wohnen", "gfkzshh": "31001_1100", "rellage": null, "name": null, "anzahlgs": null, "gmdschl": "05362032", "lagebeztxt": "Hauptstra\u00dfe 175", "bld area": 160, "flstkennz_": "05468200800275______", "tntxt": "Fl\u00e4che gemischter Nutzung(funktion:Geb\u00e4ude- und Freifl\u00e4che Mischnutzung mit Wohnen);769", "area": 768}, "geometry": {"type": "MultiPolygon", "coordinates": [[[[6.710645752550139, 50.91374420120916], [6.710783724851432, 50.91378251538666], [6.710847588218285, 50.913800245298646], [6.71088539440525, 50.91374565516792], [6.710877637647679, 50.91373354086492], [6.710894404459146, 50.91370933384015], [6.710704880238937, 50.913657542707035], [6.71068832390483, 50.913681807798746], [6.710645752550139, 50.91374420120916]]]]}}, {"type": "Feature", "properties": {"fid": 62645.0, "oid": "DENW41AL30008NqpBL", "aktualit": "2024-08-20", "gebnutzbez": "Geb\u00e4ude", "funktion": "Wohngeb\u00e4ude", "gfkzshh": "31001_1000", "rellage": null, "name": null, "anzahlgs": null, "gmdschl": "05362032", "lagebeztxt": null, "bld area": 61, "flstkennz_": "05468200800275______", "tntxt": "Fl\u00e4che gemischter Nutzung(funktion:Geb\u00e4ude- und Freifl\u00e4che Mischnutzung mit Wohnen);769", "area": 768}, "geometry": {"type": "MultiPolygon", "coordinates": [[[[6.71098703207261, 50.913840180053825], [6.711125986019174, 50.913878216270895], [6.711141734441283, 50.91385446592529], [6.71107890799613, 50.9138379257463], [6.711109243418323, 50.91379437767844], [6.711032932238238, 50.91377314789825], [6.711025733307938, 50.913783583761855], [6.710987598984205, 50.913839354721986], [6.71098703207261, 50.913840180053825]]]]}}, {"type": "Feature", "properties": {"fid": 277131.0, "oid": "DENW41AL30008OYNBL", "aktualit": "2024-08-20", "gebnutzbez": "Geb\u00e4ude", "funktion": "Gemischt genutztes Geb\u00e4ude mit Wohnen", "gfkzshh": "31001_1100", "rellage": null, "name": null, "anzahlgs": null, "gmdschl": "05362032", "lagebeztxt": null, "bld area": 72, "flstkennz_": "05468200800275______", "tntxt": "Fl\u00e4che gemischter Nutzung(funktion:Geb\u00e4ude- und Freifl\u00e4che Mischnutzung mit Wohnen);769", "area": 768}, "geometry": {"type": "MultiPolygon", "coordinates": [[[[6.710847588218285, 50.913800245298646], [6.710981634541086, 50.91383768175506], [6.710987598984205, 50.913839354721986], [6.711025733307938, 50.913783583761855], [6.71088539440525, 50.91374565516792], [6.710847588218285, 50.913800245298646]]]]}}, {"type": "Feature", "properties": {"fid": 59690.0, "oid": "DENW41AL30008JeXBL", "aktualit": "2024-08-20", "gebnutzbez": "Geb\u00e4ude", "funktion": "Wohngeb\u00e4ude", "gfkzshh": "31001_1000", "rellage": null, "name": null, "anzahlgs": null, "gmdschl": "05362032", "lagebeztxt": "Mittelstra\u00dfe 7", "bld area": 124, "flstkennz_": "05468200800513______", "tntxt": "Wohnbaufl\u00e4che;373", "area": 373}, "geometry": {"type": "MultiPolygon", "coordinates": [[[[6.711952910308044, 50.914620975035966], [6.712109834283926, 50.914650647089346], [6.712152695145224, 50.914560287191506], [6.7119960557167, 50.91453062077223], [6.711982128500133, 50.91452798227507], [6.71196989224727, 50.91455380727268], [6.711983508972927, 50.91455639471343], [6.711952910308044, 50.914620975035966]]]]}}, {"type": "Feature", "properties": {"fid": 159659.0, "oid": "DENW41AL30008MHoBL", "aktualit": "2024-08-20", "gebnutzbez": "Geb\u00e4ude", "funktion": "Geb\u00e4ude zum Parken", "gfkzshh": "31001_2460", "rellage": null, "name": null, "anzahlgs": null, "gmdschl": "05362032", "lagebeztxt": null, "bld area": 50, "flstkennz_": "05468200800513______", "tntxt": "Wohnbaufl\u00e4che;373", "area": 373}, "geometry": {"type": "MultiPolygon", "coordinates": [[[[6.7119960557167, 50.91453062077223], [6.712152695145224, 50.914560287191506], [6.712171975199213, 50.914519643076744], [6.712012993672644, 50.914495668999564], [6.7119960557167, 50.91453062077223]]]]}}, {"type": "Feature", "properties": {"fid": 158829.0, "oid": "DENW41AL30008Kb2BL", "aktualit": "2024-08-20", "gebnutzbez": "Geb\u00e4ude", "funktion": "Geb\u00e4ude f\u00fcr Wirtschaft oder Gewerbe", "gfkzshh": "31001_2000", "rellage": null, "name": null, "anzahlgs": null, "gmdschl": "05362032", "lagebeztxt": null, "bld area": 72, "flstkennz_": "05468200800272______", "tntxt": "Fl\u00e4che gemischter Nutzung(funktion:Geb\u00e4ude- und Freifl\u00e4che Mischnutzung mit Wohnen);739", "area": 738}, "geometry": {"type": "MultiPolygon", "coordinates": [[[[6.711320608520214, 50.913662909973375], [6.71149285450867, 50.91370991819394], [6.711523798685746, 50.913664682073275], [6.711351643842747, 50.913617558761366], [6.711320608520214, 50.913662909973375]]]]}}, {"type": "Feature", "properties": {"fid": 273185.0, "oid": "DENW41AL30008K9qBL", "aktualit": "2024-08-20", "gebnutzbez": "Geb\u00e4ude", "funktion": "Geb\u00e4ude zur Freizeitgestaltung", "gfkzshh": "31001_1310", "rellage": null, "name": null, "anzahlgs": null, "gmdschl": "05362032", "lagebeztxt": null, "bld area": 108, "flstkennz_": "05468200800272______", "tntxt": "Fl\u00e4che gemischter Nutzung(funktion:Geb\u00e4ude- und Freifl\u00e4che Mischnutzung mit Wohnen);739", "area": 738}, "geometry": {"type": "MultiPolygon", "coordinates": [[[[6.71149285450867, 50.91370991819394], [6.711597965704254, 50.91373860189377], [6.711574611843786, 50.913786010545515], [6.711653229080239, 50.91380751004008], [6.7116976396604136, 50.91371224292468], [6.711523798685746, 50.913664682073275], [6.71149285450867, 50.91370991819394]]]]}}, {"type": "Feature", "properties": {"fid": 273738.0, "oid": "DENW41AL30008Kn0BL", "aktualit": "2024-08-20", "gebnutzbez": "Geb\u00e4ude", "funktion": "Gemischt genutztes Geb\u00e4ude mit Wohnen", "gfkzshh": "31001_1100", "rellage": null, "name": null, "anzahlgs": null, "gmdschl": "05362032", "lagebeztxt": "Hauptstra\u00dfe 179", "bld area": 151, "flstkennz_": "05468200800272______", "tntxt": "Fl\u00e4che gemischter Nutzung(funktion:Geb\u00e4ude- und Freifl\u00e4che Mischnutzung mit Wohnen);739", "area": 738}, "geometry": {"type": "MultiPolygon", "coordinates": [[[[6.711043262995546, 50.91360497196957], [6.711309528830065, 50.91367907993592], [6.711320608520214, 50.913662909973375], [6.711351643842747, 50.913617558761366], [6.711155215093508, 50.91356382514083], [6.711084657780911, 50.91354450706052], [6.711043262995546, 50.91360497196957]]]]}}, {"type": "Feature", "properties": {"fid": 274352.0, "oid": "DENW41AL30008LSdBL", "aktualit": "2024-08-20", "gebnutzbez": "Geb\u00e4ude", "funktion": "Wohngeb\u00e4ude", "gfkzshh": "31001_1000", "rellage": null, "name": null, "anzahlgs": null, "gmdschl": "05362032", "lagebeztxt": null, "bld area": 135, "flstkennz_": "05468200800272______", "tntxt": "Fl\u00e4che gemischter Nutzung(funktion:Geb\u00e4ude- und Freifl\u00e4che Mischnutzung mit Wohnen);739", "area": 738}, "geometry": {"type": "MultiPolygon", "coordinates": [[[[6.7107677727902715, 50.91356548061974], [6.710892604762176, 50.9135996154821], [6.7110054632391964, 50.91363044837343], [6.711047296642237, 50.91356916462319], [6.710809544737056, 50.91350429468209], [6.7107677727902715, 50.91356548061974]]]]}}, {"type": "Feature", "properties": {"fid": 272106.0, "oid": "DENW41AL2cv0002GBL", "aktualit": "2024-08-20", "gebnutzbez": "Geb\u00e4ude", "funktion": "Wohngeb\u00e4ude", "gfkzshh": "31001_1000", "rellage": null, "name": null, "anzahlgs": null, "gmdschl": "05362032", "lagebeztxt": null, "bld area": 90, "flstkennz_": "05468200800272______", "tntxt": "Fl\u00e4che gemischter Nutzung(funktion:Geb\u00e4ude- und Freifl\u00e4che Mischnutzung mit Wohnen);739", "area": 738}, "geometry": {"type": "MultiPolygon", "coordinates": [[[[6.711084657780911, 50.91354450706052], [6.711070983698338, 50.91354077613641], [6.711155215093508, 50.91356382514083], [6.711084657780911, 50.91354450706052]]]]}}, {"type": "Feature", "properties": {"fid": 63119.0, "oid": "DENW41AL30008OW1BL", "aktualit": "2024-08-20", "gebnutzbez": "Geb\u00e4ude", "funktion": "Wohngeb\u00e4ude", "gfkzshh": "31001_1000", "rellage": null, "name": null, "anzahlgs": null, "gmdschl": "05362032", "lagebeztxt": "Sistenichstra\u00dfe 71 c", "bld area": 51, "flstkennz_": "05468201900376______", "tntxt": "Wohnbaufl\u00e4che;108", "area": 108}, "geometry": {"type": "MultiPolygon", "coordinates": [[[[6.710564463079314, 50.90958227595123], [6.710630203077632, 50.909586578671316], [6.710649695044106, 50.90947232218072], [6.710647334943429, 50.909472293869214], [6.7106444833454715, 50.90948923678844], [6.710583139551288, 50.90948521819168], [6.710586007147351, 50.90946823961123], [6.710583783776422, 50.9094680340987], [6.710564463079314, 50.90958227595123]]]]}}, {"type": "Feature", "properties": {"fid": 159862.0, "oid": "DENW41AL30008MgJBL", "aktualit": "2024-08-20", "gebnutzbez": "Geb\u00e4ude", "funktion": "Gemischt genutztes Geb\u00e4ude mit Wohnen", "gfkzshh": "31001_1100", "rellage": null, "name": null, "anzahlgs": null, "gmdschl": "05362032", "lagebeztxt": "Hauptstra\u00dfe 188", "bld area": 323, "flstkennz_": "05468200800817______", "tntxt": "Fl\u00e4che gemischter Nutzung(funktion:Geb\u00e4ude- und Freifl\u00e4che Mischnutzung mit Wohnen);351", "area": 352}, "geometry": {"type": "MultiPolygon", "coordinates": [[[[6.710332065720123, 50.91295954470054], [6.7104273549462885, 50.91297640739427], [6.710568230326561, 50.913001323626546], [6.710598584331696, 50.913006667989045], [6.710796624289071, 50.91304171745142], [6.710799036232032, 50.9130421425161], [6.710834591384609, 50.91295369042155], [6.710831964483474, 50.912953297117454], [6.710639011325826, 50.91292447248493], [6.710482850478229, 50.91290112723123], [6.7103625903643485, 50.912883163065594], [6.710332065720123, 50.91295954470054]]]]}}, {"type": "Feature", "properties": {"fid": 60383.0, "oid": "DENW41AL30008KbQBL", "aktualit": "2024-08-20", "gebnutzbez": "Geb\u00e4ude", "funktion": "Wohngeb\u00e4ude", "gfkzshh": "31001_1000", "rellage": null, "name": null, "anzahlgs": null, "gmdschl": "05362032", "lagebeztxt": null, "bld area": 125, "flstkennz_": "05468200800584______", "tntxt": "Fl\u00e4che gemischter Nutzung(funktion:Geb\u00e4ude- und Freifl\u00e4che Mischnutzung mit Wohnen);940", "area": 941}, "geometry": {"type": "MultiPolygon", "coordinates": [[[[6.710220596951339, 50.913001293831904], [6.710281106585086, 50.91301138522747], [6.710301201547329, 50.913014729560935], [6.710274959141487, 50.91307748818705], [6.710309268610684, 50.91308340490788], [6.710376348475865, 50.913095001258895], [6.7104273549462885, 50.91297640739427], [6.710332065720123, 50.91295954470054], [6.710315381608242, 50.912956564098685], [6.710304717579272, 50.912954699954724], [6.710292038267161, 50.91298519302591], [6.71023149847372, 50.9129751370204], [6.710220596951339, 50.913001293831904]]]]}}, {"type": "Feature", "properties": {"fid": 276035.0, "oid": "DENW41AL30008NMvBL", "aktualit": "2024-08-20", "gebnutzbez": "Geb\u00e4ude", "funktion": "Geb\u00e4ude zum Parken", "gfkzshh": "31001_2460", "rellage": null, "name": null, "anzahlgs": null, "gmdschl": "05362032", "lagebeztxt": null, "bld area": 69, "flstkennz_": "05468200800584______", "tntxt": "Fl\u00e4che gemischter Nutzung(funktion:Geb\u00e4ude- und Freifl\u00e4che Mischnutzung mit Wohnen);940", "area": 941}, "geometry": {"type": "MultiPolygon", "coordinates": [[[[6.710037960901925, 50.91296430611841], [6.710200545099618, 50.91299272475689], [6.710221746581621, 50.91294252194142], [6.710059057757773, 50.912914209207436], [6.710037960901925, 50.91296430611841]]]]}}, {"type": "Feature", "properties": {"fid": 273142.0, "oid": "DENW41AL30008K6kBL", "aktualit": "2024-08-20", "gebnutzbez": "Geb\u00e4ude", "funktion": "Geb\u00e4ude f\u00fcr Wirtschaft oder Gewerbe", "gfkzshh": "31001_2000", "rellage": null, "name": null, "anzahlgs": null, "gmdschl": "05362032", "lagebeztxt": null, "bld area": 153, "flstkennz_": "05468200800584______", "tntxt": "Fl\u00e4che gemischter Nutzung(funktion:Geb\u00e4ude- und Freifl\u00e4che Mischnutzung mit Wohnen);940", "area": 941}, "geometry": {"type": "MultiPolygon", "coordinates": [[[[6.710376348475865, 50.913095001258895], [6.710510396808983, 50.91311814668851], [6.710535170062404, 50.913122410218755], [6.710572496347179, 50.91303179838687], [6.7105560458791205, 50.91302898429717], [6.710568230326561, 50.913001323626546], [6.7104273549462885, 50.91297640739427], [6.710376348475865, 50.913095001258895]]]]}}, {"type": "Feature", "properties": {"fid": 274759.0, "oid": "DENW41AL30008LvxBL", "aktualit": "2024-08-20", "gebnutzbez": "Geb\u00e4ude", "funktion": "Geb\u00e4ude f\u00fcr Wirtschaft oder Gewerbe", "gfkzshh": "31001_2000", "rellage": null, "name": null, "anzahlgs": null, "gmdschl": "05362032", "lagebeztxt": null, "bld area": 148, "flstkennz_": "05468200800583______", "tntxt": "Fl\u00e4che gemischter Nutzung(funktion:Geb\u00e4ude- und Freifl\u00e4che Mischnutzung mit Wohnen);700", "area": 700}, "geometry": {"type": "MultiPolygon", "coordinates": [[[[6.710273625608279, 50.913172754534436], [6.710322191511893, 50.91318155026194], [6.710464404675898, 50.913207338307956], [6.710480161878545, 50.91316747079051], [6.710490680203152, 50.91316911620105], [6.710510396808983, 50.91311814668851], [6.710376348475865, 50.913095001258895], [6.710309268610684, 50.91308340490788], [6.710273625608279, 50.913172754534436]]]]}}, {"type": "Feature", "properties": {"fid": 276224.0, "oid": "DENW41AL30008NZRBL", "aktualit": "2024-08-20", "gebnutzbez": "Geb\u00e4ude", "funktion": "Gemischt genutztes Geb\u00e4ude mit Wohnen", "gfkzshh": "31001_1100", "rellage": null, "name": null, "anzahlgs": null, "gmdschl": "05362032", "lagebeztxt": "Hauptstra\u00dfe 184", "bld area": 168, "flstkennz_": "05468200800583______", "tntxt": "Fl\u00e4che gemischter Nutzung(funktion:Geb\u00e4ude- und Freifl\u00e4che Mischnutzung mit Wohnen);700", "area": 700}, "geometry": {"type": "MultiPolygon", "coordinates": [[[[6.710729907181659, 50.91315606386834], [6.710535170062404, 50.913122410218755], [6.710510396808983, 50.91311814668851], [6.710490680203152, 50.91316911620105], [6.710480161878545, 50.91316747079051], [6.710464404675898, 50.913207338307956], [6.710566219741137, 50.91322574998039], [6.7106837139520685, 50.91324704145262], [6.710703506501795, 50.91319655008636], [6.710712316058508, 50.91319793710391], [6.710729907181659, 50.91315606386834]]]]}}, {"type": "Feature", "properties": {"fid": 62942.0, "oid": "DENW41AL30008OGaBL", "aktualit": "2024-08-20", "gebnutzbez": "Geb\u00e4ude", "funktion": "Gemischt genutztes Geb\u00e4ude mit Wohnen", "gfkzshh": "31001_1100", "rellage": null, "name": null, "anzahlgs": null, "gmdschl": "05362032", "lagebeztxt": "Merkurweg 17", "bld area": 119, "flstkennz_": "05468200800583______", "tntxt": "Fl\u00e4che gemischter Nutzung(funktion:Geb\u00e4ude- und Freifl\u00e4che Mischnutzung mit Wohnen);700", "area": 700}, "geometry": {"type": "MultiPolygon", "coordinates": [[[[6.709849972041022, 50.91309544776594], [6.710013254477847, 50.91312558924443], [6.710026266115379, 50.91309470698327], [6.71004990564065, 50.913038606936944], [6.709885739743176, 50.9130102379972], [6.70986209121305, 50.91306651771703], [6.709849972041022, 50.91309544776594]]]]}}, {"type": "Feature", "properties": {"fid": 158339.0, "oid": "DENW41AL30008JeNBL", "aktualit": "2024-08-20", "gebnutzbez": "Geb\u00e4ude", "funktion": "Geb\u00e4ude f\u00fcr Wirtschaft oder Gewerbe", "gfkzshh": "31001_2000", "rellage": null, "name": null, "anzahlgs": null, "gmdschl": "05362032", "lagebeztxt": null, "bld area": 259, "flstkennz_": "05468200800582______", "tntxt": "Fl\u00e4che gemischter Nutzung(funktion:Geb\u00e4ude- und Freifl\u00e4che Mischnutzung mit Wohnen);639", "area": 639}, "geometry": {"type": "MultiPolygon", "coordinates": [[[[6.709903417406185, 50.91319175310618], [6.710287222472881, 50.91326238670622], [6.710299661711114, 50.91323359780535], [6.710322191511893, 50.91318155026194], [6.710273625608279, 50.913172754534436], [6.710013254477847, 50.91312558924443], [6.709940646111989, 50.913112427152775], [6.709903417406185, 50.91319175310618]]]]}}, {"type": "Feature", "properties": {"fid": 61609.0, "oid": "DENW41AL30008MNBBL", "aktualit": "2024-08-20", "gebnutzbez": "Geb\u00e4ude", "funktion": "Wohngeb\u00e4ude", "gfkzshh": "31001_1000", "rellage": null, "name": null, "anzahlgs": null, "gmdschl": "05362032", "lagebeztxt": null, "bld area": 100, "flstkennz_": "05468200800582______", "tntxt": "Fl\u00e4che gemischter Nutzung(funktion:Geb\u00e4ude- und Freifl\u00e4che Mischnutzung mit Wohnen);639", "area": 639}, "geometry": {"type": "MultiPolygon", "coordinates": [[[[6.710299661711114, 50.91323359780535], [6.710467828388324, 50.91326337577173], [6.710472384222283, 50.913253166904695], [6.710547719817101, 50.91326671494709], [6.710566219741137, 50.91322574998039], [6.710464404675898, 50.913207338307956], [6.710322191511893, 50.91318155026194], [6.710299661711114, 50.91323359780535]]]]}}, {"type": "Feature", "properties": {"fid": 277269.0, "oid": "DENW41AL30008OhQBL", "aktualit": "2024-08-20", "gebnutzbez": "Geb\u00e4ude", "funktion": "Gemischt genutztes Geb\u00e4ude mit Wohnen", "gfkzshh": "31001_1100", "rellage": null, "name": null, "anzahlgs": null, "gmdschl": "05362032", "lagebeztxt": "Hauptstra\u00dfe 182", "bld area": 55, "flstkennz_": "05468200800582______", "tntxt": "Fl\u00e4che gemischter Nutzung(funktion:Geb\u00e4ude- und Freifl\u00e4che Mischnutzung mit Wohnen);639", "area": 639}, "geometry": {"type": "MultiPolygon", "coordinates": [[[[6.710541085929284, 50.91328129015936], [6.7106548356878815, 50.913301770684434], [6.710662008651389, 50.913284327928565], [6.7106664851654365, 50.91328500935502], [6.710683982240806, 50.91324708269201], [6.7106837139520685, 50.91324704145262], [6.710566219741137, 50.91322574998039], [6.710547719817101, 50.91326671494709], [6.710543112878746, 50.91327680589106], [6.710541085929284, 50.91328129015936]]]]}}, {"type": "Feature", "properties": {"fid": 158693.0, "oid": "DENW41AL30008KKhBL", "aktualit": "2024-08-20", "gebnutzbez": "Geb\u00e4ude", "funktion": "Wohngeb\u00e4ude", "gfkzshh": "31001_1000", "rellage": null, "name": null, "anzahlgs": null, "gmdschl": "05362032", "lagebeztxt": "Grabenweg 16, 18", "bld area": 323, "flstkennz_": "05468202000268______", "tntxt": "Wohnbaufl\u00e4che;1695", "area": 1692}, "geometry": {"type": "MultiPolygon", "coordinates": [[[[6.707432559618828, 50.91038444136516], [6.707495967754079, 50.910387000149626], [6.707496182942876, 50.91038464792029], [6.7075761921411665, 50.910387802604355], [6.707575967601517, 50.910390055714906], [6.70778737749645, 50.91039825578908], [6.707787619770802, 50.910395931073666], [6.7078673447663135, 50.91039907997536], [6.707867135336134, 50.91040131539493], [6.707935981141893, 50.91040409766662], [6.707943840269587, 50.91032666884447], [6.707877165982669, 50.91032399218694], [6.707877985679728, 50.910315706724425], [6.707788786461217, 50.91031226380652], [6.70778805318204, 50.91031994836064], [6.707741976365855, 50.91031817987159], [6.70774272783902, 50.910310414728094], [6.707638679269204, 50.91030633823986], [6.707637913566439, 50.910314103103296], [6.7075921227777275, 50.91031230419707], [6.707592874275684, 50.910304539054856], [6.707492077280529, 50.91030058926755], [6.707491315528005, 50.910308273260824], [6.707440515730491, 50.910306214000684], [6.707432559618828, 50.91038444136516]]]]}}, {"type": "Feature", "properties": {"fid": 60825.0, "oid": "DENW41AL30008LEtBL", "aktualit": "2024-08-20", "gebnutzbez": "Geb\u00e4ude", "funktion": "Geb\u00e4ude zum Parken", "gfkzshh": "31001_2460", "rellage": null, "name": null, "anzahlgs": null, "gmdschl": "05362032", "lagebeztxt": null, "bld area": 16, "flstkennz_": "05468202000268______", "tntxt": "Wohnbaufl\u00e4che;1695", "area": 1692}, "geometry": {"type": "MultiPolygon", "coordinates": [[[[6.707432150228201, 50.9104483454632], [6.707508264198613, 50.91045057822454], [6.707510166236152, 50.91042461361948], [6.70743436401741, 50.91042211716023], [6.707432150228201, 50.9104483454632]]]]}}, {"type": "Feature", "properties": {"fid": 61090.0, "oid": "DENW41AL30008LcGBL", "aktualit": "2024-08-20", "gebnutzbez": "Geb\u00e4ude", "funktion": "Geb\u00e4ude zum Parken", "gfkzshh": "31001_2460", "rellage": null, "name": null, "anzahlgs": null, "gmdschl": "05362032", "lagebeztxt": null, "bld area": 15, "flstkennz_": "05468202000268______", "tntxt": "Wohnbaufl\u00e4che;1695", "area": 1692}, "geometry": {"type": "MultiPolygon", "coordinates": [[[[6.70743436401741, 50.91042211716023], [6.707510166236152, 50.91042461361948], [6.707512252590852, 50.91039866162925], [6.707436554758802, 50.91039606828655], [6.70743436401741, 50.91042211716023]]]]}}, {"type": "Feature", "properties": {"fid": 62110.0, "oid": "DENW41AL30008N5jBL", "aktualit": "2024-08-20", "gebnutzbez": "Geb\u00e4ude", "funktion": "Geb\u00e4ude zum Parken", "gfkzshh": "31001_2460", "rellage": null, "name": null, "anzahlgs": null, "gmdschl": "05362032", "lagebeztxt": null, "bld area": 15, "flstkennz_": "05468202000268______", "tntxt": "Wohnbaufl\u00e4che;1695", "area": 1692}, "geometry": {"type": "MultiPolygon", "coordinates": [[[[6.707599528412197, 50.910214009145555], [6.707639138937354, 50.9102156416778], [6.707644023760435, 50.91016805985878], [6.707604398179897, 50.91016644502037], [6.707599528412197, 50.910214009145555]]]]}}, {"type": "Feature", "properties": {"fid": 63166.0, "oid": "DENW41AL30008OZzBL", "aktualit": "2024-08-20", "gebnutzbez": "Geb\u00e4ude", "funktion": "Geb\u00e4ude zum Parken", "gfkzshh": "31001_2460", "rellage": null, "name": null, "anzahlgs": null, "gmdschl": "05362032", "lagebeztxt": null, "bld area": 15, "flstkennz_": "05468202000268______", "tntxt": "Wohnbaufl\u00e4che;1695", "area": 1692}, "geometry": {"type": "MultiPolygon", "coordinates": [[[[6.707520165247963, 50.910210741248875], [6.707559917448655, 50.91021238558531], [6.707564785931688, 50.91016484841862], [6.7075250608711094, 50.910163231599036], [6.707520165247963, 50.910210741248875]]]]}}, {"type": "Feature", "properties": {"fid": 63349.0, "oid": "DENW41AL30008OpGBL", "aktualit": "2024-08-20", "gebnutzbez": "Geb\u00e4ude", "funktion": "Wohngeb\u00e4ude", "gfkzshh": "31001_1000", "rellage": null, "name": null, "anzahlgs": null, "gmdschl": "05362032", "lagebeztxt": "Grabenweg 14", "bld area": 153, "flstkennz_": "05468202000268______", "tntxt": "Wohnbaufl\u00e4che;1695", "area": 1692}, "geometry": {"type": "MultiPolygon", "coordinates": [[[[6.707877165982669, 50.91032399218694], [6.707943840269587, 50.91032666884447], [6.708004470239642, 50.91032901988761], [6.708019600031633, 50.9101736829817], [6.70790312644481, 50.91016885902768], [6.707899862447899, 50.91020083193523], [6.707889072096168, 50.910200395147], [6.707877985679728, 50.910315706724425], [6.707877165982669, 50.91032399218694]]]]}}, {"type": "Feature", "properties": {"fid": 63401.0, "oid": "DENW41AL30008Ou2BL", "aktualit": "2024-08-20", "gebnutzbez": "Geb\u00e4ude", "funktion": "Geb\u00e4ude zum Parken", "gfkzshh": "31001_2460", "rellage": null, "name": null, "anzahlgs": null, "gmdschl": "05362032", "lagebeztxt": null, "bld area": 15, "flstkennz_": "05468202000268______", "tntxt": "Wohnbaufl\u00e4che;1695", "area": 1692}, "geometry": {"type": "MultiPolygon", "coordinates": [[[[6.707479844997973, 50.910209076745566], [6.707520165247963, 50.910210741248875], [6.7075250608711094, 50.910163231599036], [6.707484753991027, 50.910161585348], [6.707479844997973, 50.910209076745566]]]]}}, {"type": "Feature", "properties": {"fid": 159925.0, "oid": "DENW41AL30008MndBL", "aktualit": "2024-08-20", "gebnutzbez": "Geb\u00e4ude", "funktion": "Geb\u00e4ude zum Parken", "gfkzshh": "31001_2460", "rellage": null, "name": null, "anzahlgs": null, "gmdschl": "05362032", "lagebeztxt": null, "bld area": 15, "flstkennz_": "05468202000268______", "tntxt": "Wohnbaufl\u00e4che;1695", "area": 1692}, "geometry": {"type": "MultiPolygon", "coordinates": [[[[6.707639138937354, 50.9102156416778], [6.707678763678076, 50.910217274475805], [6.707683635573382, 50.91016966541915], [6.707644023760435, 50.91016805985878], [6.707639138937354, 50.9102156416778]]]]}}, {"type": "Feature", "properties": {"fid": 160461.0, "oid": "DENW41AL30008NsIBL", "aktualit": "2024-08-20", "gebnutzbez": "Geb\u00e4ude", "funktion": "Geb\u00e4ude zum Parken", "gfkzshh": "31001_2460", "rellage": null, "name": null, "anzahlgs": null, "gmdschl": "05362032", "lagebeztxt": null, "bld area": 15, "flstkennz_": "05468202000268______", "tntxt": "Wohnbaufl\u00e4che;1695", "area": 1692}, "geometry": {"type": "MultiPolygon", "coordinates": [[[[6.707559917448655, 50.91021238558531], [6.707599528412197, 50.910214009145555], [6.707604398179897, 50.91016644502037], [6.707564785931688, 50.91016484841862], [6.707559917448655, 50.91021238558531]]]]}}, {"type": "Feature", "properties": {"fid": 274033.0, "oid": "DENW41AL30008L7JBL", "aktualit": "2024-08-20", "gebnutzbez": "Geb\u00e4ude", "funktion": "Geb\u00e4ude zum Parken", "gfkzshh": "31001_2460", "rellage": null, "name": null, "anzahlgs": null, "gmdschl": "05362032", "lagebeztxt": null, "bld area": 15, "flstkennz_": "05468202000268______", "tntxt": "Wohnbaufl\u00e4che;1695", "area": 1692}, "geometry": {"type": "MultiPolygon", "coordinates": [[[[6.707718388422007, 50.91021890726042], [6.707758851698387, 50.910220556502296], [6.707763683083243, 50.910172901676574], [6.707723233618709, 50.91017126170149], [6.707718388422007, 50.91021890726042]]]]}}, {"type": "Feature", "properties": {"fid": 277499.0, "oid": "DENW41AL30008Ox0BL", "aktualit": "2024-08-20", "gebnutzbez": "Geb\u00e4ude", "funktion": "Geb\u00e4ude zum Parken", "gfkzshh": "31001_2460", "rellage": null, "name": null, "anzahlgs": null, "gmdschl": "05362032", "lagebeztxt": null, "bld area": 15, "flstkennz_": "05468202000268______", "tntxt": "Wohnbaufl\u00e4che;1695", "area": 1692}, "geometry": {"type": "MultiPolygon", "coordinates": [[[[6.707678763678076, 50.910217274475805], [6.707718388422007, 50.91021890726042], [6.707723233618709, 50.91017126170149], [6.707683635573382, 50.91016966541915], [6.707678763678076, 50.910217274475805]]]]}}, {"type": "Feature", "properties": {"fid": 60543.0, "oid": "DENW41AL30008KpWBL", "aktualit": "2024-08-20", "gebnutzbez": "Geb\u00e4ude", "funktion": "Geb\u00e4ude zum Parken", "gfkzshh": "31001_2460", "rellage": null, "name": null, "anzahlgs": null, "gmdschl": "05362032", "lagebeztxt": null, "bld area": 20, "flstkennz_": "05468201900399______", "tntxt": "Wohnbaufl\u00e4che;454", "area": 454}, "geometry": {"type": "MultiPolygon", "coordinates": [[[[6.710408872331886, 50.9100956110214], [6.710459411498805, 50.91009805062233], [6.71046540208245, 50.91004816991839], [6.710414862528055, 50.9100457393062], [6.710408872331886, 50.9100956110214]]]]}}, {"type": "Feature", "properties": {"fid": 64063.0, "oid": "DENW41ALqP0000P8BL", "aktualit": "2024-08-20", "gebnutzbez": "Geb\u00e4ude", "funktion": "Wohngeb\u00e4ude", "gfkzshh": "31001_1000", "rellage": null, "name": null, "anzahlgs": null, "gmdschl": "05362032", "lagebeztxt": "Fischbachstra\u00dfe 3 a", "bld area": 134, "flstkennz_": "05468201900399______", "tntxt": "Wohnbaufl\u00e4che;454", "area": 454}, "geometry": {"type": "MultiPolygon", "coordinates": [[[[6.710510921520541, 50.910174908490596], [6.710691408926269, 50.910183575930844], [6.710700625742767, 50.910109114657736], [6.710702827882134, 50.910089172954976], [6.7106636982376795, 50.91008730805618], [6.710522528686098, 50.91008044626355], [6.710510921520541, 50.910174908490596]]]]}}, {"type": "Feature", "properties": {"fid": 159932.0, "oid": "DENW41AL30008MpPBL", "aktualit": "2024-08-20", "gebnutzbez": "Geb\u00e4ude", "funktion": "Gemischt genutztes Geb\u00e4ude mit Wohnen", "gfkzshh": "31001_1100", "rellage": null, "name": null, "anzahlgs": null, "gmdschl": "05362032", "lagebeztxt": "Bahnhofstra\u00dfe 12", "bld area": 233, "flstkennz_": "05468200800300______", "tntxt": "Fl\u00e4che gemischter Nutzung(funktion:Geb\u00e4ude- und Freifl\u00e4che Mischnutzung mit Wohnen);301", "area": 300}, "geometry": {"type": "MultiPolygon", "coordinates": [[[[6.710909708145673, 50.91454658898822], [6.710821595203904, 50.914510701055164], [6.710805172431336, 50.914536587719866], [6.710595543978567, 50.914742991440384], [6.710687000456802, 50.9147800424102], [6.710769586145584, 50.914698979674554], [6.710807645257504, 50.91466157326197], [6.710868226971214, 50.91460212337281], [6.710896940602733, 50.91457395044116], [6.710909708145673, 50.91454658898822]]]]}}, {"type": "Feature", "properties": {"fid": 61900.0, "oid": "DENW41AL30008MmmBL", "aktualit": "2024-08-20", "gebnutzbez": "Geb\u00e4ude", "funktion": "Wohngeb\u00e4ude", "gfkzshh": "31001_1000", "rellage": null, "name": null, "anzahlgs": null, "gmdschl": "05362032", "lagebeztxt": "Adenauerstra\u00dfe 24, 26", "bld area": 184, "flstkennz_": "05468202100434______", "tntxt": "Wohnbaufl\u00e4che;783", "area": 785}, "geometry": {"type": "MultiPolygon", "coordinates": [[[[6.706183598753359, 50.91163603697037], [6.7065211982574775, 50.91166430305838], [6.706535608151102, 50.91159576333087], [6.706198567406021, 50.9115674273168], [6.706183598753359, 50.91163603697037]]]]}}, {"type": "Feature", "properties": {"fid": 275926.0, "oid": "DENW41AL30008NFPBL", "aktualit": "2024-08-20", "gebnutzbez": "Geb\u00e4ude", "funktion": "Geb\u00e4ude zum Parken", "gfkzshh": "31001_2460", "rellage": null, "name": null, "anzahlgs": null, "gmdschl": "05362032", "lagebeztxt": null, "bld area": 18, "flstkennz_": "05468202000365______", "tntxt": "Wohnbaufl\u00e4che;306", "area": 306}, "geometry": {"type": "MultiPolygon", "coordinates": [[[[6.7074652038700195, 50.910507555446536], [6.707549928204035, 50.910513770831145], [6.707554780425051, 50.9104871176684], [6.70747005260564, 50.91048097417139], [6.7074652038700195, 50.910507555446536]]]]}}, {"type": "Feature", "properties": {"fid": 276251.0, "oid": "DENW41AL30008NbJBL", "aktualit": "2024-08-20", "gebnutzbez": "Geb\u00e4ude", "funktion": "Wohngeb\u00e4ude", "gfkzshh": "31001_1000", "rellage": null, "name": null, "anzahlgs": null, "gmdschl": "05362032", "lagebeztxt": "Am gr\u00fcnen Weg 29", "bld area": 67, "flstkennz_": "05468202000365______", "tntxt": "Wohnbaufl\u00e4che;306", "area": 306}, "geometry": {"type": "MultiPolygon", "coordinates": [[[[6.707388006624676, 50.910572514354165], [6.707537165539571, 50.910583278428426], [6.707547409989612, 50.91052651098602], [6.707398235274077, 50.9105157825896], [6.707388006624676, 50.910572514354165]]]]}}, {"type": "Feature", "properties": {"fid": 272981.0, "oid": "DENW41AL30008JvQBL", "aktualit": "2024-08-20", "gebnutzbez": "Geb\u00e4ude", "funktion": "Wohngeb\u00e4ude", "gfkzshh": "31001_1000", "rellage": null, "name": null, "anzahlgs": null, "gmdschl": "05362032", "lagebeztxt": "Am gr\u00fcnen Weg 27", "bld area": 65, "flstkennz_": "05468202000364______", "tntxt": "Wohnbaufl\u00e4che;177", "area": 177}, "geometry": {"type": "MultiPolygon", "coordinates": [[[[6.7073770091905, 50.910627809945076], [6.707398473006574, 50.910629328893556], [6.707526268649439, 50.91063855801906], [6.707537165539571, 50.910583278428426], [6.707388006624676, 50.910572514354165], [6.7073770091905, 50.910627809945076]]]]}}, {"type": "Feature", "properties": {"fid": 62179.0, "oid": "DENW41AL30008NByBL", "aktualit": "2024-08-20", "gebnutzbez": "Geb\u00e4ude", "funktion": "Wohngeb\u00e4ude", "gfkzshh": "31001_1000", "rellage": null, "name": null, "anzahlgs": null, "gmdschl": "05362032", "lagebeztxt": "Sistenichstra\u00dfe 54", "bld area": 67, "flstkennz_": "05468202000190______", "tntxt": "Wohnbaufl\u00e4che;440", "area": 440}, "geometry": {"type": "MultiPolygon", "coordinates": [[[[6.709309589174261, 50.91037939721486], [6.709331064239037, 50.91038010655922], [6.70932841570021, 50.91041289205559], [6.709453398206454, 50.91041711709343], [6.709458752443127, 50.91035443432618], [6.709377772809784, 50.91035163064446], [6.709312177731429, 50.910349281791056], [6.7093119586629895, 50.91035171489394], [6.709309589174261, 50.91037939721486]]]]}}, {"type": "Feature", "properties": {"fid": 62341.0, "oid": "DENW41AL30008NQKBL", "aktualit": "2024-08-20", "gebnutzbez": "Geb\u00e4ude", "funktion": "Geb\u00e4ude zum Parken", "gfkzshh": "31001_2460", "rellage": null, "name": null, "anzahlgs": null, "gmdschl": "05362032", "lagebeztxt": null, "bld area": 37, "flstkennz_": "05468202000190______", "tntxt": "Wohnbaufl\u00e4che;440", "area": 440}, "geometry": {"type": "MultiPolygon", "coordinates": [[[[6.709232487768724, 50.91034889575578], [6.7093119586629895, 50.91035171489394], [6.709312177731429, 50.910349281791056], [6.709377772809784, 50.91035163064446], [6.709381700119619, 50.91032206315515], [6.709308952252062, 50.910318206797136], [6.709236588574158, 50.91031434894106], [6.709232487768724, 50.91034889575578]]]]}}, {"type": "Feature", "properties": {"fid": 158014.0, "oid": "DENW41AL2e30002bBL", "aktualit": "2024-08-20", "gebnutzbez": "Geb\u00e4ude", "funktion": "Geb\u00e4ude zur Freizeitgestaltung", "gfkzshh": "31001_1310", "rellage": null, "name": null, "anzahlgs": null, "gmdschl": "05362032", "lagebeztxt": null, "bld area": 30, "flstkennz_": "05468202000190______", "tntxt": "Wohnbaufl\u00e4che;440", "area": 440}, "geometry": {"type": "MultiPolygon", "coordinates": [[[[6.709053120174369, 50.910371295701765], [6.7091358229708975, 50.910375221722425], [6.7091412367590495, 50.91032958396875], [6.709058534042739, 50.91032565795296], [6.709053120174369, 50.910371295701765]]]]}}, {"type": "Feature", "properties": {"fid": 274664.0, "oid": "DENW41AL30008LpPBL", "aktualit": "2024-08-20", "gebnutzbez": "Geb\u00e4ude", "funktion": "Geb\u00e4ude f\u00fcr Wirtschaft oder Gewerbe", "gfkzshh": "31001_2000", "rellage": null, "name": null, "anzahlgs": null, "gmdschl": "05362032", "lagebeztxt": null, "bld area": 98, "flstkennz_": "05468202000273______", "tntxt": "Wohnbaufl\u00e4che;437", "area": 437}, "geometry": {"type": "MultiPolygon", "coordinates": [[[[6.708886070086249, 50.91115894895379], [6.708960307404445, 50.91116378818271], [6.709002779874512, 50.911166546729945], [6.709020185369442, 50.9110601103952], [6.708903802292578, 50.91105252804283], [6.70889935543474, 50.911079342112856], [6.708886070086249, 50.91115894895379]]]]}}, {"type": "Feature", "properties": {"fid": 60921.0, "oid": "DENW41AL30008LN6BL", "aktualit": "2024-08-20", "gebnutzbez": "Geb\u00e4ude", "funktion": "Wohngeb\u00e4ude", "gfkzshh": "31001_1000", "rellage": null, "name": null, "anzahlgs": null, "gmdschl": "05362032", "lagebeztxt": "Sistenichstra\u00dfe 46", "bld area": 68, "flstkennz_": "05468202000273______", "tntxt": "Wohnbaufl\u00e4che;437", "area": 437}, "geometry": {"type": "MultiPolygon", "coordinates": [[[[6.709230954145534, 50.91115066326687], [6.709354853473016, 50.91115873459991], [6.709366121377062, 50.91108253285417], [6.7092664964725754, 50.91107611625223], [6.709265661016044, 50.91107603689406], [6.709258610569203, 50.91111328699728], [6.709236838285366, 50.91111196020841], [6.709230954145534, 50.91115066326687]]]]}}, {"type": "Feature", "properties": {"fid": 273927.0, "oid": "DENW41AL30008KzzBL", "aktualit": "2024-08-20", "gebnutzbez": "Geb\u00e4ude", "funktion": "Geb\u00e4ude zum Parken", "gfkzshh": "31001_2460", "rellage": null, "name": null, "anzahlgs": null, "gmdschl": "05362032", "lagebeztxt": null, "bld area": 16, "flstkennz_": "05468202000273______", "tntxt": "Wohnbaufl\u00e4che;437", "area": 437}, "geometry": {"type": "MultiPolygon", "coordinates": [[[[6.709076211838707, 50.91111015618756], [6.70912106713827, 50.91111306040433], [6.709128502241918, 50.91106711156486], [6.709083631890637, 50.91106422504338], [6.709076211838707, 50.91111015618756]]]]}}, {"type": "Feature", "properties": {"fid": 159873.0, "oid": "DENW41AL30008MhkBL", "aktualit": "2024-08-20", "gebnutzbez": "Geb\u00e4ude", "funktion": "Geb\u00e4ude zum Parken", "gfkzshh": "31001_2460", "rellage": null, "name": null, "anzahlgs": null, "gmdschl": "05362032", "lagebeztxt": null, "bld area": 32, "flstkennz_": "05468202000431______", "tntxt": "Wohnbaufl\u00e4che;753", "area": 753}, "geometry": {"type": "MultiPolygon", "coordinates": [[[[6.708508502607552, 50.91024009085642], [6.708581898305565, 50.91024262930745], [6.708586835067845, 50.9101864411139], [6.708513800946452, 50.910183783847735], [6.708508502607552, 50.91024009085642]]]]}}, {"type": "Feature", "properties": {"fid": 61505.0, "oid": "DENW41AL30008MDNBL", "aktualit": "2024-08-20", "gebnutzbez": "Geb\u00e4ude", "funktion": "Geb\u00e4ude zum Parken", "gfkzshh": "31001_2460", "rellage": null, "name": null, "anzahlgs": null, "gmdschl": "05362032", "lagebeztxt": null, "bld area": 32, "flstkennz_": "05468202000431______", "tntxt": "Wohnbaufl\u00e4che;753", "area": 753}, "geometry": {"type": "MultiPolygon", "coordinates": [[[[6.708866951825289, 50.91025352360029], [6.708939651785437, 50.91025661479533], [6.708945014220669, 50.91019957151216], [6.708872496992267, 50.910196816689385], [6.708866951825289, 50.91025352360029]]]]}}, {"type": "Feature", "properties": {"fid": 273354.0, "oid": "DENW41AL30008KLRBL", "aktualit": "2024-08-20", "gebnutzbez": "Geb\u00e4ude", "funktion": "Wohngeb\u00e4ude", "gfkzshh": "31001_1000", "rellage": null, "name": null, "anzahlgs": null, "gmdschl": "05362032", "lagebeztxt": "Grabenweg 6, 8", "bld area": 219, "flstkennz_": "05468202000431______", "tntxt": "Wohnbaufl\u00e4che;753", "area": 753}, "geometry": {"type": "MultiPolygon", "coordinates": [[[[6.708577391975467, 50.91029324061105], [6.7088621275658875, 50.91030337316585], [6.708866951825289, 50.91025352360029], [6.708872496992267, 50.910196816689385], [6.708872566020503, 50.9101959905867], [6.7088654655762126, 50.91019573426136], [6.7088642226185184, 50.910209165043675], [6.708660757772682, 50.91020170753247], [6.7086619856935, 50.91018829444489], [6.70858693561561, 50.91018555267148], [6.708586835067845, 50.9101864411139], [6.708581898305565, 50.91024262930745], [6.708577391975467, 50.91029324061105]]]]}}, {"type": "Feature", "properties": {"fid": 276483.0, "oid": "DENW41AL30008Nr9BL", "aktualit": "2024-08-20", "gebnutzbez": "Geb\u00e4ude", "funktion": "Wohngeb\u00e4ude", "gfkzshh": "31001_1000", "rellage": null, "name": null, "anzahlgs": null, "gmdschl": "05362032", "lagebeztxt": "Sistenichstra\u00dfe 58", "bld area": 91, "flstkennz_": "05468201900229______", "tntxt": "Wohnbaufl\u00e4che;428", "area": 428}, "geometry": {"type": "MultiPolygon", "coordinates": [[[[6.7093656657970895, 50.91002428632076], [6.709364480907925, 50.910068693953015], [6.709408842350892, 50.91006917795163], [6.709490536848748, 50.91007016084832], [6.7094924242196745, 50.909970884961545], [6.709417938620358, 50.90996998060396], [6.709382989785037, 50.90996960041669], [6.7093816115314375, 50.91002171220384], [6.7093656657970895, 50.91002428632076]]]]}}, {"type": "Feature", "properties": {"fid": 158648.0, "oid": "DENW41AL30008KFJBL", "aktualit": "2024-08-20", "gebnutzbez": "Geb\u00e4ude", "funktion": "Wohngeb\u00e4ude", "gfkzshh": "31001_1000", "rellage": null, "name": null, "anzahlgs": null, "gmdschl": "05362032", "lagebeztxt": null, "bld area": 35, "flstkennz_": "05468202100406______", "tntxt": "Wohnbaufl\u00e4che;375", "area": 375}, "geometry": {"type": "MultiPolygon", "coordinates": [[[[6.706444350660449, 50.912244594664735], [6.706547215579148, 50.912275433381375], [6.706547733724254, 50.91227473302965], [6.706574424956276, 50.912239973689196], [6.706472056149903, 50.91220888391703], [6.706444350660449, 50.912244594664735]]]]}}, {"type": "Feature", "properties": {"fid": 272935.0, "oid": "DENW41AL30008JsPBL", "aktualit": "2024-08-20", "gebnutzbez": "Geb\u00e4ude", "funktion": "Geb\u00e4ude zum Parken", "gfkzshh": "31001_2460", "rellage": null, "name": null, "anzahlgs": null, "gmdschl": "05362032", "lagebeztxt": null, "bld area": 25, "flstkennz_": "05468202100406______", "tntxt": "Wohnbaufl\u00e4che;375", "area": 375}, "geometry": {"type": "MultiPolygon", "coordinates": [[[[6.706379995019245, 50.91231535466179], [6.706466815190468, 50.912341794780524], [6.706489808358652, 50.91231164871076], [6.706403831287208, 50.912285423049155], [6.706379995019245, 50.91231535466179]]]]}}, {"type": "Feature", "properties": {"fid": 275184.0, "oid": "DENW41AL30008MQUBL", "aktualit": "2024-08-20", "gebnutzbez": "Geb\u00e4ude", "funktion": "Wohngeb\u00e4ude", "gfkzshh": "31001_1000", "rellage": null, "name": null, "anzahlgs": null, "gmdschl": "05362032", "lagebeztxt": "Am gr\u00fcnen Weg 2", "bld area": 95, "flstkennz_": "05468202100406______", "tntxt": "Wohnbaufl\u00e4che;375", "area": 375}, "geometry": {"type": "MultiPolygon", "coordinates": [[[[6.706539757187146, 50.91232961121755], [6.706599460146312, 50.91234768444428], [6.70660265296961, 50.91234351096481], [6.706654828814766, 50.912359583453785], [6.706714275430108, 50.91228246694159], [6.706574424956276, 50.912239973689196], [6.706547733724254, 50.91227473302965], [6.706547215579148, 50.912275433381375], [6.706575451709349, 50.912283903102356], [6.706539757187146, 50.91232961121755]]]]}}, {"type": "Feature", "properties": {"fid": 274087.0, "oid": "DENW41AL30008LB6BL", "aktualit": "2024-08-20", "gebnutzbez": "Geb\u00e4ude", "funktion": "Geb\u00e4ude zum Parken", "gfkzshh": "31001_2460", "rellage": null, "name": null, "anzahlgs": null, "gmdschl": "05362032", "lagebeztxt": null, "bld area": 37, "flstkennz_": "05468202100361______", "tntxt": "Wohnbaufl\u00e4che;563", "area": 563}, "geometry": {"type": "MultiPolygon", "coordinates": [[[[6.70652165547199, 50.912419700221015], [6.706598215574167, 50.912443015516615], [6.706636083668531, 50.9123933207382], [6.706559537840392, 50.91237000574737], [6.70652165547199, 50.912419700221015]]]]}}, {"type": "Feature", "properties": {"fid": 276113.0, "oid": "DENW41AL30008NS8BL", "aktualit": "2024-08-20", "gebnutzbez": "Geb\u00e4ude", "funktion": "Wohngeb\u00e4ude", "gfkzshh": "31001_1000", "rellage": null, "name": null, "anzahlgs": null, "gmdschl": "05362032", "lagebeztxt": "Wiesenstra\u00dfe 15, 17", "bld area": 232, "flstkennz_": "05468202100361______", "tntxt": "Wohnbaufl\u00e4che;563", "area": 563}, "geometry": {"type": "MultiPolygon", "coordinates": [[[[6.706238131693193, 50.91245149839977], [6.706338824021381, 50.91248197080681], [6.7063366475089, 50.912484860108336], [6.706436091288943, 50.91251468729763], [6.706438343280471, 50.91251170953663], [6.706516879693708, 50.9125356303545], [6.7065817877790685, 50.91245045459145], [6.706302867763937, 50.91236606757229], [6.7063008293349435, 50.91236875272268], [6.706260238331253, 50.91242231530735], [6.706238131693193, 50.91245149839977]]]]}}, {"type": "Feature", "properties": {"fid": 159602.0, "oid": "DENW41AL30008MAkBL", "aktualit": "2024-08-20", "gebnutzbez": "Geb\u00e4ude", "funktion": "Geb\u00e4ude zum Parken", "gfkzshh": "31001_2460", "rellage": null, "name": null, "anzahlgs": null, "gmdschl": "05362032", "lagebeztxt": null, "bld area": 22, "flstkennz_": "05468202100361______", "tntxt": "Wohnbaufl\u00e4che;563", "area": 563}, "geometry": {"type": "MultiPolygon", "coordinates": [[[[6.706216869605926, 50.91240941078626], [6.706260238331253, 50.91242231530735], [6.7063008293349435, 50.91236875272268], [6.706257744465249, 50.91235586278961], [6.706216869605926, 50.91240941078626]]]]}}, {"type": "Feature", "properties": {"fid": 62586.0, "oid": "DENW41AL30008NlFBL", "aktualit": "2024-08-20", "gebnutzbez": "Geb\u00e4ude", "funktion": "Geb\u00e4ude zum Parken", "gfkzshh": "31001_2460", "rellage": null, "name": null, "anzahlgs": null, "gmdschl": "05362032", "lagebeztxt": null, "bld area": 57, "flstkennz_": "05468200800390______", "tntxt": "Fl\u00e4che gemischter Nutzung(funktion:Geb\u00e4ude- und Freifl\u00e4che Mischnutzung mit Wohnen);333", "area": 335}, "geometry": {"type": "MultiPolygon", "coordinates": [[[[6.712876715822508, 50.91508912087892], [6.71302004155658, 50.91511528732079], [6.713038216959522, 50.91506814567311], [6.712893857597898, 50.91504159023794], [6.712876715822508, 50.91508912087892]]]]}}, {"type": "Feature", "properties": {"fid": 159189.0, "oid": "DENW41AL30008LJbBL", "aktualit": "2024-08-20", "gebnutzbez": "Geb\u00e4ude", "funktion": "Gemischt genutztes Geb\u00e4ude mit Wohnen", "gfkzshh": "31001_1100", "rellage": null, "name": null, "anzahlgs": null, "gmdschl": "05362032", "lagebeztxt": "Bahnhofstra\u00dfe 34", "bld area": 122, "flstkennz_": "05468200800390______", "tntxt": "Fl\u00e4che gemischter Nutzung(funktion:Geb\u00e4ude- und Freifl\u00e4che Mischnutzung mit Wohnen);333", "area": 335}, "geometry": {"type": "MultiPolygon", "coordinates": [[[[6.712795043180576, 50.91531553857571], [6.712935009920242, 50.91533536140701], [6.71297409610522, 50.91522592272482], [6.712934196979872, 50.91522022104834], [6.712932615647503, 50.915224615153775], [6.712833624625922, 50.915210596088265], [6.71283293210927, 50.91521050156938], [6.712795043180576, 50.91531553857571]]]]}}, {"type": "Feature", "properties": {"fid": 159450.0, "oid": "DENW41AL30008Ls9BL", "aktualit": "2024-08-20", "gebnutzbez": "Geb\u00e4ude", "funktion": "Geb\u00e4ude zum Parken", "gfkzshh": "31001_2460", "rellage": null, "name": null, "anzahlgs": null, "gmdschl": "05362032", "lagebeztxt": null, "bld area": 14, "flstkennz_": "054682021000080005__", "tntxt": "Wohnbaufl\u00e4che;258", "area": 256}, "geometry": {"type": "MultiPolygon", "coordinates": [[[[6.7070774986114, 50.913396328898465], [6.707109798600788, 50.913409258458664], [6.707148970136041, 50.913370966672204], [6.707114887313748, 50.913358128012085], [6.7070774986114, 50.913396328898465]]]]}}, {"type": "Feature", "properties": {"fid": 273189.0, "oid": "DENW41AL30008KANBL", "aktualit": "2024-08-20", "gebnutzbez": "Geb\u00e4ude", "funktion": "Wohngeb\u00e4ude", "gfkzshh": "31001_1000", "rellage": null, "name": null, "anzahlgs": null, "gmdschl": "05362032", "lagebeztxt": "Am Kalkofen 11", "bld area": 61, "flstkennz_": "054682021000080005__", "tntxt": "Wohnbaufl\u00e4che;258", "area": 256}, "geometry": {"type": "MultiPolygon", "coordinates": [[[[6.707109798600788, 50.913409258458664], [6.707197350219291, 50.91344431074906], [6.707271704424143, 50.91336725299915], [6.707232192860008, 50.91335226605785], [6.707213212548046, 50.91337226481047], [6.707165948662427, 50.913354355355125], [6.707148970136041, 50.913370966672204], [6.707109798600788, 50.913409258458664]]]]}}, {"type": "Feature", "properties": {"fid": 62582.0, "oid": "DENW41AL30008Nl7BL", "aktualit": "2024-08-20", "gebnutzbez": "Geb\u00e4ude", "funktion": "Geb\u00e4ude zum Parken", "gfkzshh": "31001_2460", "rellage": null, "name": null, "anzahlgs": null, "gmdschl": "05362032", "lagebeztxt": null, "bld area": 19, "flstkennz_": "054682021000080007__", "tntxt": "Wohnbaufl\u00e4che;316", "area": 321}, "geometry": {"type": "MultiPolygon", "coordinates": [[[[6.70738128740042, 50.91341314415914], [6.707410651113109, 50.9134244509774], [6.707420177798019, 50.913414142006665], [6.707434553770405, 50.91341950608849], [6.707454421097913, 50.91339824756252], [6.707442141794633, 50.91339364419981], [6.707458282283908, 50.9133761349556], [6.707426239701476, 50.91336433481224], [6.707394708670858, 50.91339856754713], [6.70738128740042, 50.91341314415914]]]]}}, {"type": "Feature", "properties": {"fid": 159407.0, "oid": "DENW41AL30008LluBL", "aktualit": "2024-08-20", "gebnutzbez": "Geb\u00e4ude", "funktion": "Geb\u00e4ude f\u00fcr Land- und Forstwirtschaft", "gfkzshh": "31001_2700", "rellage": null, "name": null, "anzahlgs": null, "gmdschl": "05362032", "lagebeztxt": null, "bld area": 23, "flstkennz_": "054682021000080007__", "tntxt": "Wohnbaufl\u00e4che;316", "area": 321}, "geometry": {"type": "MultiPolygon", "coordinates": [[[[6.707410651113109, 50.9134244509774], [6.707487229731421, 50.913454088891754], [6.707517338638448, 50.91342186985807], [6.707454421097913, 50.91339824756252], [6.707434553770405, 50.91341950608849], [6.707420177798019, 50.913414142006665], [6.707410651113109, 50.9134244509774]]]]}}, {"type": "Feature", "properties": {"fid": 159615.0, "oid": "DENW41AL30008MCKBL", "aktualit": "2024-08-20", "gebnutzbez": "Geb\u00e4ude", "funktion": "Wohngeb\u00e4ude", "gfkzshh": "31001_1000", "rellage": null, "name": null, "anzahlgs": null, "gmdschl": "05362032", "lagebeztxt": "Am Kalkofen 7", "bld area": 50, "flstkennz_": "054682021000080007__", "tntxt": "Wohnbaufl\u00e4che;316", "area": 321}, "geometry": {"type": "MultiPolygon", "coordinates": [[[[6.707317595176497, 50.913526261944114], [6.707392868759399, 50.913555244693605], [6.707450854172075, 50.91349310127944], [6.707375344969125, 50.9134631245863], [6.707317595176497, 50.913526261944114]]]]}}, {"type": "Feature", "properties": {"fid": 60924.0, "oid": "DENW41AL30008LNoBL", "aktualit": "2024-08-20", "gebnutzbez": "Geb\u00e4ude", "funktion": "Wohngeb\u00e4ude", "gfkzshh": "31001_1000", "rellage": null, "name": null, "anzahlgs": null, "gmdschl": "05362032", "lagebeztxt": "Wiesenstra\u00dfe 12", "bld area": 60, "flstkennz_": "05468202100472______", "tntxt": "Wohnbaufl\u00e4che;240", "area": 240}, "geometry": {"type": "MultiPolygon", "coordinates": [[[[6.7072828282912464, 50.91297975362253], [6.707301803528158, 50.91298561281412], [6.707371537282314, 50.91300716554831], [6.707424586037682, 50.912936902421905], [6.707335768458293, 50.91290996508985], [6.7072828282912464, 50.91297975362253]]]]}}, {"type": "Feature", "properties": {"fid": 272709.0, "oid": "DENW41AL30008JdUBL", "aktualit": "2024-08-20", "gebnutzbez": "Geb\u00e4ude", "funktion": "Geb\u00e4ude zum Parken", "gfkzshh": "31001_2460", "rellage": null, "name": null, "anzahlgs": null, "gmdschl": "05362032", "lagebeztxt": null, "bld area": 25, "flstkennz_": "05468202100472______", "tntxt": "Wohnbaufl\u00e4che;240", "area": 240}, "geometry": {"type": "MultiPolygon", "coordinates": [[[[6.707274331656202, 50.913022362665636], [6.707343780303848, 50.913043927803024], [6.70735345946128, 50.91303109448922], [6.707371537282314, 50.91300716554831], [6.707301803528158, 50.91298561281412], [6.707274331656202, 50.913022362665636]]]]}}, {"type": "Feature", "properties": {"fid": 64046.0, "oid": "DENW41ALee0000d6BL", "aktualit": "2024-08-20", "gebnutzbez": "Geb\u00e4ude", "funktion": "Wohngeb\u00e4ude", "gfkzshh": "31001_1000", "rellage": null, "name": null, "anzahlgs": null, "gmdschl": "05362032", "lagebeztxt": "Hebbelstra\u00dfe 5", "bld area": 195, "flstkennz_": "05468201900318______", "tntxt": "Wohnbaufl\u00e4che;644", "area": 645}, "geometry": {"type": "MultiPolygon", "coordinates": [[[[6.708061879604634, 50.90958449079459], [6.708262937910005, 50.90959309832655], [6.708276699012147, 50.90946588606211], [6.708269376586527, 50.90946551741109], [6.708268478339979, 50.909472218371], [6.7082006832870515, 50.90946921408066], [6.708201438980454, 50.90946251931577], [6.708075514224868, 50.90945725807777], [6.708066824187309, 50.90953799841775], [6.708075655318177, 50.90953835174145], [6.708071423089808, 50.90958019016624], [6.708062420080589, 50.90957986044893], [6.708061879604634, 50.90958449079459]]]]}}, {"type": "Feature", "properties": {"fid": 61992.0, "oid": "DENW41AL30008MuiBL", "aktualit": "2024-08-20", "gebnutzbez": "Geb\u00e4ude", "funktion": "Wohngeb\u00e4ude", "gfkzshh": "31001_1000", "rellage": null, "name": null, "anzahlgs": null, "gmdschl": "05362032", "lagebeztxt": "Oderstra\u00dfe 4, 5", "bld area": 285, "flstkennz_": "05468201900146______", "tntxt": "Wohnbaufl\u00e4che;2504", "area": 2489}, "geometry": {"type": "MultiPolygon", "coordinates": [[[[6.708175069603171, 50.90935672539967], [6.7086663625664595, 50.90940268204613], [6.708683372058456, 50.90933008279092], [6.708192114884508, 50.90928399200186], [6.708175069603171, 50.90935672539967]]]]}}, {"type": "Feature", "properties": {"fid": 158442.0, "oid": "DENW41AL30008JqdBL", "aktualit": "2024-08-20", "gebnutzbez": "Geb\u00e4ude", "funktion": "Geb\u00e4ude zum Parken", "gfkzshh": "31001_2460", "rellage": null, "name": null, "anzahlgs": null, "gmdschl": "05362032", "lagebeztxt": null, "bld area": 15, "flstkennz_": "05468201900146______", "tntxt": "Wohnbaufl\u00e4che;2504", "area": 2489}, "geometry": {"type": "MultiPolygon", "coordinates": [[[[6.708753898951956, 50.90925168978716], [6.708828041163799, 50.90925898264638], [6.70883289268648, 50.90923435309218], [6.708758819807747, 50.90922709757348], [6.708753898951956, 50.90925168978716]]]]}}, {"type": "Feature", "properties": {"fid": 159898.0, "oid": "DENW41AL30008MlABL", "aktualit": "2024-08-20", "gebnutzbez": "Geb\u00e4ude", "funktion": "Geb\u00e4ude zum Parken", "gfkzshh": "31001_2460", "rellage": null, "name": null, "anzahlgs": null, "gmdschl": "05362032", "lagebeztxt": null, "bld area": 15, "flstkennz_": "05468201900146______", "tntxt": "Wohnbaufl\u00e4che;2504", "area": 2489}, "geometry": {"type": "MultiPolygon", "coordinates": [[[[6.7087637827638344, 50.909202227368745], [6.708837784985092, 50.90920947250323], [6.708842863531841, 50.909183696159765], [6.708768931528025, 50.90917647039506], [6.7087637827638344, 50.909202227368745]]]]}}, {"type": "Feature", "properties": {"fid": 273605.0, "oid": "DENW41AL30008KdsBL", "aktualit": "2024-08-20", "gebnutzbez": "Geb\u00e4ude", "funktion": "Wohngeb\u00e4ude", "gfkzshh": "31001_1000", "rellage": null, "name": null, "anzahlgs": null, "gmdschl": "05362032", "lagebeztxt": "Oderstra\u00dfe 1", "bld area": 143, "flstkennz_": "05468201900146______", "tntxt": "Wohnbaufl\u00e4che;2504", "area": 2489}, "geometry": {"type": "MultiPolygon", "coordinates": [[[[6.708714417992249, 50.90879736865516], [6.708829548749753, 50.908807741805724], [6.708864561901945, 50.9086524174014], [6.708749459500241, 50.908642053833496], [6.708714417992249, 50.90879736865516]]]]}}, {"type": "Feature", "properties": {"fid": 274971.0, "oid": "DENW41AL30008MCUBL", "aktualit": "2024-08-20", "gebnutzbez": "Geb\u00e4ude", "funktion": "Wohngeb\u00e4ude", "gfkzshh": "31001_1000", "rellage": null, "name": null, "anzahlgs": null, "gmdschl": "05362032", "lagebeztxt": "Oderstra\u00dfe 2, 3", "bld area": 288, "flstkennz_": "05468201900146______", "tntxt": "Wohnbaufl\u00e4che;2504", "area": 2489}, "geometry": {"type": "MultiPolygon", "coordinates": [[[[6.708592656391448, 50.909160039795786], [6.708708116300363, 50.909170680352105], [6.708780117918519, 50.90885864932487], [6.7086646449903675, 50.90884799958458], [6.708592656391448, 50.909160039795786]]]]}}, {"type": "Feature", "properties": {"fid": 277566.0, "oid": "DENW41AL30008P19BL", "aktualit": "2024-08-20", "gebnutzbez": "Geb\u00e4ude", "funktion": "Geb\u00e4ude zum Parken", "gfkzshh": "31001_2460", "rellage": null, "name": null, "anzahlgs": null, "gmdschl": "05362032", "lagebeztxt": null, "bld area": 15, "flstkennz_": "05468201900146______", "tntxt": "Wohnbaufl\u00e4che;2504", "area": 2489}, "geometry": {"type": "MultiPolygon", "coordinates": [[[[6.708758819807747, 50.90922709757348], [6.70883289268648, 50.90923435309218], [6.708837784985092, 50.90920947250323], [6.7087637827638344, 50.909202227368745], [6.708758819807747, 50.90922709757348]]]]}}, {"type": "Feature", "properties": {"fid": 62191.0, "oid": "DENW41AL30008NCpBL", "aktualit": "2024-08-20", "gebnutzbez": "Geb\u00e4ude", "funktion": "Wohngeb\u00e4ude", "gfkzshh": "31001_1000", "rellage": null, "name": null, "anzahlgs": null, "gmdschl": "05362032", "lagebeztxt": "Hebbelstra\u00dfe 3", "bld area": 265, "flstkennz_": "05468201900320______", "tntxt": "Wohnbaufl\u00e4che;968", "area": 965}, "geometry": {"type": "MultiPolygon", "coordinates": [[[[6.708390041196182, 50.90965256301546], [6.7087022673405565, 50.909665097598], [6.708713096144096, 50.90955701215135], [6.7084007366290965, 50.90954460089134], [6.708390041196182, 50.90965256301546]]]]}}, {"type": "Feature", "properties": {"fid": 62737.0, "oid": "DENW41AL30008Nz4BL", "aktualit": "2025-03-18", "gebnutzbez": "Geb\u00e4ude", "funktion": "Geb\u00e4ude zum Parken", "gfkzshh": "31001_2460", "rellage": null, "name": null, "anzahlgs": null, "gmdschl": "05362032", "lagebeztxt": null, "bld area": 67, "flstkennz_": "05468201900320______", "tntxt": "Wohnbaufl\u00e4che;968", "area": 965}, "geometry": {"type": "MultiPolygon", "coordinates": [[[[6.708796417449824, 50.90967285526583], [6.708964023945123, 50.90967958160437], [6.708969057211401, 50.909628369030024], [6.7088013514136176, 50.90962164074778], [6.708796417449824, 50.90967285526583]]]]}}, {"type": "Feature", "properties": {"fid": 158754.0, "oid": "DENW41AL30008KSbBL", "aktualit": "2024-08-20", "gebnutzbez": "Geb\u00e4ude", "funktion": "Wohngeb\u00e4ude", "gfkzshh": "31001_1000", "rellage": null, "name": null, "anzahlgs": null, "gmdschl": "05362032", "lagebeztxt": "Fischbachstra\u00dfe 3", "bld area": 71, "flstkennz_": "05468201900400______", "tntxt": "Wohnbaufl\u00e4che;353", "area": 350}, "geometry": {"type": "MultiPolygon", "coordinates": [[[[6.710473220911514, 50.909991183762344], [6.710593833817396, 50.909996302214736], [6.710603302695164, 50.909922214649804], [6.710481142404476, 50.909916454248446], [6.710473220911514, 50.909991183762344]]]]}}, {"type": "Feature", "properties": {"fid": 64061.0, "oid": "DENW41ALpv0000JhBL", "aktualit": "2024-08-20", "gebnutzbez": "Geb\u00e4ude", "funktion": "Wohngeb\u00e4ude", "gfkzshh": "31001_1000", "rellage": null, "name": null, "anzahlgs": null, "gmdschl": "05362032", "lagebeztxt": "Merkurweg 32", "bld area": 119, "flstkennz_": "05468202100469______", "tntxt": "Wohnbaufl\u00e4che;293", "area": 293}, "geometry": {"type": "MultiPolygon", "coordinates": [[[[6.709620492898371, 50.912706905025026], [6.7097781842422135, 50.91274831465392], [6.709832125838491, 50.91266587197349], [6.709674818474775, 50.912624469951346], [6.709620492898371, 50.912706905025026]]]]}}, {"type": "Feature", "properties": {"fid": 159253.0, "oid": "DENW41AL30008LRTBL", "aktualit": "2024-08-20", "gebnutzbez": "Geb\u00e4ude", "funktion": "Wohngeb\u00e4ude", "gfkzshh": "31001_1000", "rellage": null, "name": null, "anzahlgs": null, "gmdschl": "05362032", "lagebeztxt": "Sistenichstra\u00dfe 33", "bld area": 76, "flstkennz_": "05468202100470______", "tntxt": "Wohnbaufl\u00e4che;197", "area": 197}, "geometry": {"type": "MultiPolygon", "coordinates": [[[[6.709260904011983, 50.91259288928136], [6.709394675567296, 50.91262771391653], [6.709424964754642, 50.912577590676484], [6.709434953406933, 50.91256104870325], [6.709318150435594, 50.912530073879296], [6.709299929433817, 50.91255954966748], [6.70928508007258, 50.91255571451428], [6.709260904011983, 50.91259288928136]]]]}}, {"type": "Feature", "properties": {"fid": 277669.0, "oid": "DENW41AL3000A1kpBL", "aktualit": "2024-08-20", "gebnutzbez": "Geb\u00e4ude", "funktion": "Wohngeb\u00e4ude", "gfkzshh": "31001_1000", "rellage": null, "name": null, "anzahlgs": null, "gmdschl": "05362032", "lagebeztxt": "Herderstra\u00dfe 5", "bld area": 104, "flstkennz_": "05468202100465______", "tntxt": "Wohnbaufl\u00e4che;386", "area": 386}, "geometry": {"type": "MultiPolygon", "coordinates": [[[[6.708234192033542, 50.91225193852385], [6.708375761711499, 50.91225889184715], [6.708473730926206, 50.91226517774676], [6.708475312627678, 50.91226541566937], [6.708482715364063, 50.912209428815856], [6.708240908844432, 50.91219746721148], [6.708234192033542, 50.91225193852385]]]]}}, {"type": "Feature", "properties": {"fid": 277670.0, "oid": "DENW41AL3000A1kuBL", "aktualit": "2024-08-20", "gebnutzbez": "Geb\u00e4ude", "funktion": "Geb\u00e4ude zum Parken", "gfkzshh": "31001_2460", "rellage": null, "name": null, "anzahlgs": null, "gmdschl": "05362032", "lagebeztxt": null, "bld area": 20, "flstkennz_": "05468202100465______", "tntxt": "Wohnbaufl\u00e4che;386", "area": 386}, "geometry": {"type": "MultiPolygon", "coordinates": [[[[6.708372333959347, 50.91228493442581], [6.708470771824466, 50.91228979047344], [6.708473730926206, 50.91226517774676], [6.708375761711499, 50.91225889184715], [6.708372333959347, 50.91228493442581]]]]}}, {"type": "Feature", "properties": {"fid": 275385.0, "oid": "DENW41AL30008MdyBL", "aktualit": "2024-08-20", "gebnutzbez": "Geb\u00e4ude", "funktion": "Geb\u00e4ude zum Parken", "gfkzshh": "31001_2460", "rellage": null, "name": null, "anzahlgs": null, "gmdschl": "05362032", "lagebeztxt": null, "bld area": 21, "flstkennz_": "054682021000790040__", "tntxt": "Wohnbaufl\u00e4che;495", "area": 493}, "geometry": {"type": "MultiPolygon", "coordinates": [[[[6.708603874061963, 50.912659075663875], [6.708683012366698, 50.9126800387768], [6.708701962646108, 50.91265049645423], [6.708622642789191, 50.912629754641735], [6.708603874061963, 50.912659075663875]]]]}}, {"type": "Feature", "properties": {"fid": 60506.0, "oid": "DENW41AL30008KloBL", "aktualit": "2024-08-20", "gebnutzbez": "Geb\u00e4ude", "funktion": "Geb\u00e4ude zum Parken", "gfkzshh": "31001_2460", "rellage": null, "name": null, "anzahlgs": null, "gmdschl": "05362032", "lagebeztxt": null, "bld area": 30, "flstkennz_": "054682020000980017__", "tntxt": "Wohnbaufl\u00e4che;265", "area": 265}, "geometry": {"type": "MultiPolygon", "coordinates": [[[[6.708486616052217, 50.911491802727774], [6.708557930790019, 50.91149619807515], [6.708565007505722, 50.911496651822276], [6.708572708779858, 50.91144761427043], [6.708494335151859, 50.91144269357769], [6.708486634237905, 50.91149172213791], [6.708486616052217, 50.911491802727774]]]]}}, {"type": "Feature", "properties": {"fid": 62930.0, "oid": "DENW41AL30008OFRBL", "aktualit": "2024-08-20", "gebnutzbez": "Geb\u00e4ude", "funktion": "Wohngeb\u00e4ude", "gfkzshh": "31001_1000", "rellage": null, "name": null, "anzahlgs": null, "gmdschl": "05362032", "lagebeztxt": "Herderstra\u00dfe 11", "bld area": 63, "flstkennz_": "054682020000980017__", "tntxt": "Wohnbaufl\u00e4che;265", "area": 265}, "geometry": {"type": "MultiPolygon", "coordinates": [[[[6.708310419208994, 50.911480841719296], [6.708435498792776, 50.911488649389774], [6.708445520852225, 50.911424808147075], [6.708362225173043, 50.91141959284387], [6.708362423807223, 50.911418445498775], [6.708358708018055, 50.91141821063779], [6.7083205698917645, 50.91141583377808], [6.708310419208994, 50.911480841719296]]]]}}, {"type": "Feature", "properties": {"fid": 158013.0, "oid": "DENW41AL2e30002WBL", "aktualit": "2024-08-20", "gebnutzbez": "Geb\u00e4ude", "funktion": "Wohngeb\u00e4ude", "gfkzshh": "31001_1000", "rellage": null, "name": null, "anzahlgs": null, "gmdschl": "05362032", "lagebeztxt": null, "bld area": 34, "flstkennz_": "054682020000980017__", "tntxt": "Wohnbaufl\u00e4che;265", "area": 265}, "geometry": {"type": "MultiPolygon", "coordinates": [[[[6.708346383103691, 50.91141859819971], [6.708362225173043, 50.91141959284387], [6.708445520852225, 50.911424808147075], [6.708452417202382, 50.91138086344879], [6.708353265333244, 50.91137465322935], [6.708346383103691, 50.91141859819971]]]]}}, {"type": "Feature", "properties": {"fid": 60007.0, "oid": "DENW41AL30008K4aBL", "aktualit": "2024-08-20", "gebnutzbez": "Geb\u00e4ude", "funktion": "Geb\u00e4ude f\u00fcr Wirtschaft oder Gewerbe", "gfkzshh": "31001_2000", "rellage": null, "name": null, "anzahlgs": null, "gmdschl": "05362032", "lagebeztxt": null, "bld area": 17, "flstkennz_": "05468200800303______", "tntxt": "Fl\u00e4che gemischter Nutzung(funktion:Geb\u00e4ude- und Freifl\u00e4che Mischnutzung mit Wohnen);347", "area": 346}, "geometry": {"type": "MultiPolygon", "coordinates": [[[[6.7109030342885605, 50.91465502585581], [6.710959890992661, 50.91467871626094], [6.710987613285922, 50.91465073972133], [6.710930939817882, 50.914627664522335], [6.7109030342885605, 50.91465502585581]]]]}}, {"type": "Feature", "properties": {"fid": 273836.0, "oid": "DENW41AL30008KtlBL", "aktualit": "2024-08-20", "gebnutzbez": "Geb\u00e4ude", "funktion": "Geb\u00e4ude f\u00fcr Land- und Forstwirtschaft", "gfkzshh": "31001_2700", "rellage": null, "name": null, "anzahlgs": null, "gmdschl": "05362032", "lagebeztxt": null, "bld area": 20, "flstkennz_": "05468200800303______", "tntxt": "Fl\u00e4che gemischter Nutzung(funktion:Geb\u00e4ude- und Freifl\u00e4che Mischnutzung mit Wohnen);347", "area": 346}, "geometry": {"type": "MultiPolygon", "coordinates": [[[[6.710870301293825, 50.9146871133292], [6.710928201798029, 50.91471069830628], [6.710959890992661, 50.91467871626094], [6.7109030342885605, 50.91465502585581], [6.710870301293825, 50.9146871133292]]]]}}, {"type": "Feature", "properties": {"fid": 60754.0, "oid": "DENW41AL30008L8eBL", "aktualit": "2024-08-20", "gebnutzbez": "Geb\u00e4ude", "funktion": "Gemischt genutztes Geb\u00e4ude mit Wohnen", "gfkzshh": "31001_1100", "rellage": null, "name": null, "anzahlgs": null, "gmdschl": "05362032", "lagebeztxt": "Bahnhofstra\u00dfe 14", "bld area": 129, "flstkennz_": "05468200800303______", "tntxt": "Fl\u00e4che gemischter Nutzung(funktion:Geb\u00e4ude- und Freifl\u00e4che Mischnutzung mit Wohnen);347", "area": 346}, "geometry": {"type": "MultiPolygon", "coordinates": [[[[6.710687000456802, 50.9147800424102], [6.7107390165540615, 50.91480119157102], [6.710831071224693, 50.91483852398323], [6.710913819740027, 50.914757329429506], [6.710769586145584, 50.914698979674554], [6.710687000456802, 50.9147800424102]]]]}}, {"type": "Feature", "properties": {"fid": 275777.0, "oid": "DENW41AL30008N4YBL", "aktualit": "2024-08-20", "gebnutzbez": "Geb\u00e4ude", "funktion": "Wohngeb\u00e4ude", "gfkzshh": "31001_1000", "rellage": null, "name": null, "anzahlgs": null, "gmdschl": "05362032", "lagebeztxt": null, "bld area": 41, "flstkennz_": "05468200800303______", "tntxt": "Fl\u00e4che gemischter Nutzung(funktion:Geb\u00e4ude- und Freifl\u00e4che Mischnutzung mit Wohnen);347", "area": 346}, "geometry": {"type": "MultiPolygon", "coordinates": [[[[6.710807645257504, 50.91466157326197], [6.710870301293825, 50.9146871133292], [6.7109030342885605, 50.91465502585581], [6.710930939817882, 50.914627664522335], [6.710868226971214, 50.91460212337281], [6.710807645257504, 50.91466157326197]]]]}}, {"type": "Feature", "properties": {"fid": 272766.0, "oid": "DENW41AL30008JhgBL", "aktualit": "2024-08-20", "gebnutzbez": "Geb\u00e4ude", "funktion": "Geb\u00e4ude f\u00fcr Land- und Forstwirtschaft", "gfkzshh": "31001_2700", "rellage": null, "name": null, "anzahlgs": null, "gmdschl": "05362032", "lagebeztxt": null, "bld area": 52, "flstkennz_": "05468202000315______", "tntxt": "Wohnbaufl\u00e4che;343", "area": 336}, "geometry": {"type": "MultiPolygon", "coordinates": [[[[6.7066884923051475, 50.91126461867611], [6.706766954641063, 50.91126772551906], [6.706765255977436, 50.91129359517305], [6.706861077504098, 50.91129751076548], [6.706863513060809, 50.91127372423537], [6.706890824150788, 50.91127466562706], [6.706894833341155, 50.9112527268277], [6.706690548800152, 50.91124478210787], [6.7066884923051475, 50.91126461867611]]]]}}, {"type": "Feature", "properties": {"fid": 272929.0, "oid": "DENW41AL30008JsDBL", "aktualit": "2024-08-20", "gebnutzbez": "Geb\u00e4ude", "funktion": "Wohngeb\u00e4ude", "gfkzshh": "31001_1000", "rellage": null, "name": null, "anzahlgs": null, "gmdschl": "05362032", "lagebeztxt": null, "bld area": 42, "flstkennz_": "05468202000315______", "tntxt": "Wohnbaufl\u00e4che;343", "area": 336}, "geometry": {"type": "MultiPolygon", "coordinates": [[[[6.706878004447797, 50.91134472966644], [6.706923721558865, 50.911348047402896], [6.706932399402296, 50.91130059411088], [6.706935366046513, 50.91128481377777], [6.706968547809293, 50.9112873005688], [6.706974491306308, 50.91125582104827], [6.706923189089278, 50.91125383264476], [6.706894833341155, 50.9112527268277], [6.706890824150788, 50.91127466562706], [6.706886684103875, 50.91129724043669], [6.706878004447797, 50.91134472966644]]]]}}, {"type": "Feature", "properties": {"fid": 274649.0, "oid": "DENW41AL30008LoSBL", "aktualit": "2024-08-20", "gebnutzbez": "Geb\u00e4ude", "funktion": "Geb\u00e4ude zum Parken", "gfkzshh": "31001_2460", "rellage": null, "name": null, "anzahlgs": null, "gmdschl": "05362032", "lagebeztxt": null, "bld area": 47, "flstkennz_": "05468202000315______", "tntxt": "Wohnbaufl\u00e4che;343", "area": 336}, "geometry": {"type": "MultiPolygon", "coordinates": [[[[6.70668257359613, 50.91134043962815], [6.7067620016384435, 50.91134358343928], [6.706765255977436, 50.91129359517305], [6.706766954641063, 50.91126772551906], [6.7066884923051475, 50.91126461867611], [6.70668257359613, 50.91134043962815]]]]}}, {"type": "Feature", "properties": {"fid": 276978.0, "oid": "DENW41AL30008ONpBL", "aktualit": "2024-08-20", "gebnutzbez": "Geb\u00e4ude", "funktion": "Wohngeb\u00e4ude", "gfkzshh": "31001_1000", "rellage": null, "name": null, "anzahlgs": null, "gmdschl": "05362032", "lagebeztxt": "Am gr\u00fcnen Weg 10", "bld area": 74, "flstkennz_": "05468202000315______", "tntxt": "Wohnbaufl\u00e4che;343", "area": 336}, "geometry": {"type": "MultiPolygon", "coordinates": [[[[6.706923721558865, 50.911348047402896], [6.707032974783714, 50.91135597732004], [6.707050570783127, 50.91125878194448], [6.706997990743554, 50.91125674148457], [6.706974491306308, 50.91125582104827], [6.706968547809293, 50.9112873005688], [6.706935366046513, 50.91128481377777], [6.706932399402296, 50.91130059411088], [6.706923721558865, 50.911348047402896]]]]}}, {"type": "Feature", "properties": {"fid": 160000.0, "oid": "DENW41AL30008MxbBL", "aktualit": "2024-08-20", "gebnutzbez": "Geb\u00e4ude", "funktion": "Geb\u00e4ude zum Parken", "gfkzshh": "31001_2460", "rellage": null, "name": null, "anzahlgs": null, "gmdschl": "05362032", "lagebeztxt": null, "bld area": 17, "flstkennz_": "05468202000304______", "tntxt": "Wohnbaufl\u00e4che;321", "area": 314}, "geometry": {"type": "MultiPolygon", "coordinates": [[[[6.706299014639988, 50.91138239609765], [6.706342041856467, 50.911386893385995], [6.706349405659755, 50.911358652707165], [6.70635491120041, 50.91133753481621], [6.706311925782264, 50.91133305634204], [6.706299014639988, 50.91138239609765]]]]}}, {"type": "Feature", "properties": {"fid": 160517.0, "oid": "DENW41AL30008NzlBL", "aktualit": "2024-08-20", "gebnutzbez": "Geb\u00e4ude", "funktion": "Wohngeb\u00e4ude", "gfkzshh": "31001_1000", "rellage": null, "name": null, "anzahlgs": null, "gmdschl": "05362032", "lagebeztxt": "Adenauerstra\u00dfe 25", "bld area": 61, "flstkennz_": "05468202000304______", "tntxt": "Wohnbaufl\u00e4che;321", "area": 314}, "geometry": {"type": "MultiPolygon", "coordinates": [[[[6.706329102377219, 50.911436520399], [6.706426922186359, 50.911446672562775], [6.706447208447434, 50.911368858485204], [6.706349405659755, 50.911358652707165], [6.706342041856467, 50.911386893385995], [6.706329102377219, 50.911436520399]]]]}}, {"type": "Feature", "properties": {"fid": 275376.0, "oid": "DENW41AL30008MdOBL", "aktualit": "2024-08-20", "gebnutzbez": "Geb\u00e4ude", "funktion": "Geb\u00e4ude zum Parken", "gfkzshh": "31001_2460", "rellage": null, "name": null, "anzahlgs": null, "gmdschl": "05362032", "lagebeztxt": null, "bld area": 22, "flstkennz_": "05468202000429______", "tntxt": "Wohnbaufl\u00e4che;324", "area": 340}, "geometry": {"type": "MultiPolygon", "coordinates": [[[[6.7066182578633, 50.911418233932764], [6.706663403952061, 50.91142361818833], [6.706678257018984, 50.91136602398833], [6.70663022588191, 50.911360870853], [6.706623048845396, 50.91138763119077], [6.70662548238566, 50.91138790386725], [6.7066182578633, 50.911418233932764]]]]}}, {"type": "Feature", "properties": {"fid": 160521.0, "oid": "DENW41AL30008O0UBL", "aktualit": "2024-08-20", "gebnutzbez": "Geb\u00e4ude", "funktion": "Wohngeb\u00e4ude", "gfkzshh": "31001_1000", "rellage": null, "name": null, "anzahlgs": null, "gmdschl": "05362032", "lagebeztxt": "Adenauerstra\u00dfe 23 c", "bld area": 63, "flstkennz_": "05468202000429______", "tntxt": "Wohnbaufl\u00e4che;324", "area": 340}, "geometry": {"type": "MultiPolygon", "coordinates": [[[[6.706506018208521, 50.91145512554023], [6.70660691217557, 50.911465832644645], [6.7066182578633, 50.911418233932764], [6.70662548238566, 50.91138790386725], [6.706623048845396, 50.91138763119077], [6.706525765877487, 50.91137668926559], [6.706516131197677, 50.911414949733775], [6.706506018208521, 50.91145512554023]]]]}}, {"type": "Feature", "properties": {"fid": 278090.0, "oid": "DENW41ALOc0000AWBL", "aktualit": "2024-08-20", "gebnutzbez": "Geb\u00e4ude", "funktion": "Geb\u00e4ude zur Freizeitgestaltung", "gfkzshh": "31001_1310", "rellage": null, "name": null, "anzahlgs": null, "gmdschl": "05362032", "lagebeztxt": null, "bld area": 17, "flstkennz_": "05468202000429______", "tntxt": "Wohnbaufl\u00e4che;324", "area": 340}, "geometry": {"type": "MultiPolygon", "coordinates": [[[[6.706461984118612, 50.91146300240701], [6.706503150294177, 50.911466869448425], [6.706506018208521, 50.91145512554023], [6.706516131197677, 50.911414949733775], [6.706475600587736, 50.911410888323], [6.706461984118612, 50.91146300240701]]]]}}, {"type": "Feature", "properties": {"fid": 275045.0, "oid": "DENW41AL30008MGhBL", "aktualit": "2024-08-20", "gebnutzbez": "Geb\u00e4ude", "funktion": "Geb\u00e4ude zum Parken", "gfkzshh": "31001_2460", "rellage": null, "name": null, "anzahlgs": null, "gmdschl": "05362032", "lagebeztxt": null, "bld area": 14, "flstkennz_": "05468202000448______", "tntxt": "Wohnbaufl\u00e4che;2994", "area": 2993}, "geometry": {"type": "MultiPolygon", "coordinates": [[[[6.706923189089278, 50.91125383264476], [6.706974491306308, 50.91125582104827], [6.706997990743554, 50.91125674148457], [6.707000320555032, 50.91123307879171], [6.706925535801526, 50.911230116320574], [6.706923189089278, 50.91125383264476]]]]}}, {"type": "Feature", "properties": {"fid": 274797.0, "oid": "DENW41AL30008LyEBL", "aktualit": "2024-08-20", "gebnutzbez": "Geb\u00e4ude", "funktion": "Wohngeb\u00e4ude", "gfkzshh": "31001_1000", "rellage": null, "name": null, "anzahlgs": null, "gmdschl": "05362032", "lagebeztxt": "Thomas-Mann-Stra\u00dfe 1, 2", "bld area": 431, "flstkennz_": "05468202000448______", "tntxt": "Wohnbaufl\u00e4che;2994", "area": 2993}, "geometry": {"type": "MultiPolygon", "coordinates": [[[[6.7063449241265, 50.91116713399739], [6.706487410732533, 50.9111958734047], [6.706663954549606, 50.910844714166764], [6.706521759404187, 50.910816142589304], [6.7063449241265, 50.91116713399739]]]]}}, {"type": "Feature", "properties": {"fid": 61791.0, "oid": "DENW41AL30008McbBL", "aktualit": "2024-08-20", "gebnutzbez": "Geb\u00e4ude", "funktion": "Geb\u00e4ude zum Parken", "gfkzshh": "31001_2460", "rellage": null, "name": null, "anzahlgs": null, "gmdschl": "05362032", "lagebeztxt": null, "bld area": 15, "flstkennz_": "05468202000448______", "tntxt": "Wohnbaufl\u00e4che;2994", "area": 2993}, "geometry": {"type": "MultiPolygon", "coordinates": [[[[6.706767240963222, 50.91081280909569], [6.706768979894661, 50.91086019725405], [6.706809017212004, 50.910859814776806], [6.7068074451797, 50.91081221404033], [6.706767240963222, 50.91081280909569]]]]}}, {"type": "Feature", "properties": {"fid": 62249.0, "oid": "DENW41AL30008NICBL", "aktualit": "2024-08-20", "gebnutzbez": "Geb\u00e4ude", "funktion": "Geb\u00e4ude zum Parken", "gfkzshh": "31001_2460", "rellage": null, "name": null, "anzahlgs": null, "gmdschl": "05362032", "lagebeztxt": null, "bld area": 15, "flstkennz_": "05468202000448______", "tntxt": "Wohnbaufl\u00e4che;2994", "area": 2993}, "geometry": {"type": "MultiPolygon", "coordinates": [[[[6.7068074451797, 50.91081221404033], [6.706809017212004, 50.910859814776806], [6.706849087813396, 50.91085933400465], [6.706847663166393, 50.910811628235805], [6.7068074451797, 50.91081221404033]]]]}}, {"type": "Feature", "properties": {"fid": 159902.0, "oid": "DENW41AL30008MlgBL", "aktualit": "2024-08-20", "gebnutzbez": "Geb\u00e4ude", "funktion": "Geb\u00e4ude zum Parken", "gfkzshh": "31001_2460", "rellage": null, "name": null, "anzahlgs": null, "gmdschl": "05362032", "lagebeztxt": null, "bld area": 15, "flstkennz_": "05468202000448______", "tntxt": "Wohnbaufl\u00e4che;2994", "area": 2993}, "geometry": {"type": "MultiPolygon", "coordinates": [[[[6.706887879385585, 50.91081107835914], [6.706889113126363, 50.91085890629349], [6.706930176396626, 50.910858489969705], [6.706929068240586, 50.910810421662774], [6.706887879385585, 50.91081107835914]]]]}}, {"type": "Feature", "properties": {"fid": 160341.0, "oid": "DENW41AL30008NcnBL", "aktualit": "2024-08-20", "gebnutzbez": "Geb\u00e4ude", "funktion": "Geb\u00e4ude zum Parken", "gfkzshh": "31001_2460", "rellage": null, "name": null, "anzahlgs": null, "gmdschl": "05362032", "lagebeztxt": null, "bld area": 15, "flstkennz_": "05468202000448______", "tntxt": "Wohnbaufl\u00e4che;2994", "area": 2993}, "geometry": {"type": "MultiPolygon", "coordinates": [[[[6.706847663166393, 50.910811628235805], [6.706849087813396, 50.91085933400465], [6.706889113126363, 50.91085890629349], [6.706887879385585, 50.91081107835914], [6.706847663166393, 50.910811628235805]]]]}}, {"type": "Feature", "properties": {"fid": 160999.0, "oid": "DENW41AL30008OwVBL", "aktualit": "2024-08-20", "gebnutzbez": "Geb\u00e4ude", "funktion": "Geb\u00e4ude zum Parken", "gfkzshh": "31001_2460", "rellage": null, "name": null, "anzahlgs": null, "gmdschl": "05362032", "lagebeztxt": null, "bld area": 15, "flstkennz_": "05468202000448______", "tntxt": "Wohnbaufl\u00e4che;2994", "area": 2993}, "geometry": {"type": "MultiPolygon", "coordinates": [[[[6.706725896209621, 50.910813453677235], [6.706727786943331, 50.91086064694915], [6.706768979894661, 50.91086019725405], [6.706767240963222, 50.91081280909569], [6.706725896209621, 50.910813453677235]]]]}}, {"type": "Feature", "properties": {"fid": 273888.0, "oid": "DENW41AL30008KxWBL", "aktualit": "2024-08-20", "gebnutzbez": "Geb\u00e4ude", "funktion": "Wohngeb\u00e4ude", "gfkzshh": "31001_1000", "rellage": null, "name": null, "anzahlgs": null, "gmdschl": "05362032", "lagebeztxt": "Am gr\u00fcnen Weg 12, 14", "bld area": 336, "flstkennz_": "05468202000448______", "tntxt": "Wohnbaufl\u00e4che;2994", "area": 2993}, "geometry": {"type": "MultiPolygon", "coordinates": [[[[6.7069093218069575, 50.91118662600188], [6.706929609093978, 50.91118893138651], [6.7070038378723815, 50.91119741430821], [6.707035639936605, 50.91120105219953], [6.707129690520309, 50.91087112541976], [6.7070036117698155, 50.91085676697978], [6.7069093218069575, 50.91118662600188]]]]}}, {"type": "Feature", "properties": {"fid": 274236.0, "oid": "DENW41AL30008LNTBL", "aktualit": "2024-08-20", "gebnutzbez": "Geb\u00e4ude", "funktion": "Geb\u00e4ude zum Parken", "gfkzshh": "31001_2460", "rellage": null, "name": null, "anzahlgs": null, "gmdschl": "05362032", "lagebeztxt": null, "bld area": 14, "flstkennz_": "05468202000448______", "tntxt": "Wohnbaufl\u00e4che;2994", "area": 2993}, "geometry": {"type": "MultiPolygon", "coordinates": [[[[6.706925535801526, 50.911230116320574], [6.707000320555032, 50.91123307879171], [6.707002729664347, 50.911208671145815], [6.7069279440662575, 50.91120572664758], [6.706925535801526, 50.911230116320574]]]]}}, {"type": "Feature", "properties": {"fid": 160636.0, "oid": "DENW41AL30008OE1BL", "aktualit": "2024-08-20", "gebnutzbez": "Geb\u00e4ude", "funktion": "Wohngeb\u00e4ude", "gfkzshh": "31001_1000", "rellage": null, "name": null, "anzahlgs": null, "gmdschl": "05362032", "lagebeztxt": "Rote-Kreuz-Stra\u00dfe 34", "bld area": 107, "flstkennz_": "05468201900224______", "tntxt": "Wohnbaufl\u00e4che;371", "area": 371}, "geometry": {"type": "MultiPolygon", "coordinates": [[[[6.706326772125074, 50.90883062878559], [6.706331646446693, 50.90883102139528], [6.706410003347506, 50.90883734632699], [6.706462713552412, 50.90884160218104], [6.706470523616088, 50.9088031169696], [6.706457998276373, 50.90880209730691], [6.706471516100541, 50.90873605838325], [6.706347880414023, 50.908725947455785], [6.706326772125074, 50.90883062878559]]]]}}, {"type": "Feature", "properties": {"fid": 274954.0, "oid": "DENW41AL30008MA2BL", "aktualit": "2024-08-20", "gebnutzbez": "Geb\u00e4ude", "funktion": "Geb\u00e4ude zum Parken", "gfkzshh": "31001_2460", "rellage": null, "name": null, "anzahlgs": null, "gmdschl": "05362032", "lagebeztxt": null, "bld area": 17, "flstkennz_": "05468201900224______", "tntxt": "Wohnbaufl\u00e4che;371", "area": 371}, "geometry": {"type": "MultiPolygon", "coordinates": [[[[6.7063261799675145, 50.908857716408555], [6.706404532494232, 50.908864131198754], [6.706410003347506, 50.90883734632699], [6.706331646446693, 50.90883102139528], [6.7063261799675145, 50.908857716408555]]]]}}, {"type": "Feature", "properties": {"fid": 277378.0, "oid": "DENW41AL30008OoDBL", "aktualit": "2024-08-20", "gebnutzbez": "Geb\u00e4ude", "funktion": "Wohngeb\u00e4ude", "gfkzshh": "31001_1000", "rellage": null, "name": null, "anzahlgs": null, "gmdschl": "05362032", "lagebeztxt": "Merodestra\u00dfe 38", "bld area": 62, "flstkennz_": "05468201900332______", "tntxt": "Wohnbaufl\u00e4che;346", "area": 346}, "geometry": {"type": "MultiPolygon", "coordinates": [[[[6.706704512982349, 50.90847919651947], [6.706784489730656, 50.90848641647097], [6.706793847374191, 50.90844190861167], [6.706805365896182, 50.9083884580959], [6.706725743799452, 50.9083815509268], [6.706704512982349, 50.90847919651947]]]]}}, {"type": "Feature", "properties": {"fid": 60508.0, "oid": "DENW41AL30008KluBL", "aktualit": "2024-08-20", "gebnutzbez": "Geb\u00e4ude", "funktion": "Wohngeb\u00e4ude", "gfkzshh": "31001_1000", "rellage": null, "name": null, "anzahlgs": null, "gmdschl": "05362032", "lagebeztxt": "Heinrich-Heine-Stra\u00dfe 13", "bld area": 61, "flstkennz_": "05468201900328______", "tntxt": "Wohnbaufl\u00e4che;349", "area": 349}, "geometry": {"type": "MultiPolygon", "coordinates": [[[[6.706588288700313, 50.909012790680634], [6.706667871496989, 50.909019940004626], [6.706679603948455, 50.90896648471383], [6.706689078088256, 50.90892337324148], [6.706609368428095, 50.9089162034494], [6.706588288700313, 50.909012790680634]]]]}}, {"type": "Feature", "properties": {"fid": 277409.0, "oid": "DENW41AL30008OqLBL", "aktualit": "2024-08-20", "gebnutzbez": "Geb\u00e4ude", "funktion": "Geb\u00e4ude zum Parken", "gfkzshh": "31001_2460", "rellage": null, "name": null, "anzahlgs": null, "gmdschl": "05362032", "lagebeztxt": null, "bld area": 18, "flstkennz_": "05468201900328______", "tntxt": "Wohnbaufl\u00e4che;349", "area": 349}, "geometry": {"type": "MultiPolygon", "coordinates": [[[[6.706667871496989, 50.909019940004626], [6.706710322572305, 50.90902367034524], [6.70672201234043, 50.908970214211735], [6.706679603948455, 50.90896648471383], [6.706667871496989, 50.909019940004626]]]]}}, {"type": "Feature", "properties": {"fid": 275581.0, "oid": "DENW41AL30008MrgBL", "aktualit": "2024-08-20", "gebnutzbez": "Geb\u00e4ude", "funktion": "Geb\u00e4ude zum Parken", "gfkzshh": "31001_2460", "rellage": null, "name": null, "anzahlgs": null, "gmdschl": "05362032", "lagebeztxt": null, "bld area": 27, "flstkennz_": "05468201900327______", "tntxt": "Wohnbaufl\u00e4che;349", "area": 349}, "geometry": {"type": "MultiPolygon", "coordinates": [[[[6.7064675059849925, 50.90900192648358], [6.706508995912438, 50.90900553007833], [6.706526299707208, 50.90892527391243], [6.706484441664015, 50.908921636106236], [6.7064675059849925, 50.90900192648358]]]]}}, {"type": "Feature", "properties": {"fid": 276519.0, "oid": "DENW41AL30008NtSBL", "aktualit": "2024-08-20", "gebnutzbez": "Geb\u00e4ude", "funktion": "Wohngeb\u00e4ude", "gfkzshh": "31001_1000", "rellage": null, "name": null, "anzahlgs": null, "gmdschl": "05362032", "lagebeztxt": "Heinrich-Heine-Stra\u00dfe 15", "bld area": 61, "flstkennz_": "05468201900327______", "tntxt": "Wohnbaufl\u00e4che;349", "area": 349}, "geometry": {"type": "MultiPolygon", "coordinates": [[[[6.706508995912438, 50.90900553007833], [6.706588288700313, 50.909012790680634], [6.706609368428095, 50.9089162034494], [6.706529831104649, 50.90890900101315], [6.706526299707208, 50.90892527391243], [6.706508995912438, 50.90900553007833]]]]}}, {"type": "Feature", "properties": {"fid": 61923.0, "oid": "DENW41AL30008MojBL", "aktualit": "2024-08-20", "gebnutzbez": "Geb\u00e4ude", "funktion": "Geb\u00e4ude zum Parken", "gfkzshh": "31001_2460", "rellage": null, "name": null, "anzahlgs": null, "gmdschl": "05362032", "lagebeztxt": null, "bld area": 17, "flstkennz_": "05468201900310______", "tntxt": "Wohnbaufl\u00e4che;334", "area": 333}, "geometry": {"type": "MultiPolygon", "coordinates": [[[[6.706320718341539, 50.90888431258164], [6.706399087774673, 50.90889067374281], [6.706404532494232, 50.908864131198754], [6.7063261799675145, 50.908857716408555], [6.706320718341539, 50.90888431258164]]]]}}, {"type": "Feature", "properties": {"fid": 275687.0, "oid": "DENW41AL30008MyqBL", "aktualit": "2024-08-20", "gebnutzbez": "Geb\u00e4ude", "funktion": "Wohngeb\u00e4ude", "gfkzshh": "31001_1000", "rellage": null, "name": null, "anzahlgs": null, "gmdschl": "05362032", "lagebeztxt": "Rote-Kreuz-Stra\u00dfe 32", "bld area": 104, "flstkennz_": "05468201900310______", "tntxt": "Wohnbaufl\u00e4che;334", "area": 333}, "geometry": {"type": "MultiPolygon", "coordinates": [[[[6.706295304343326, 50.90898629198917], [6.7064307075594956, 50.90899751566937], [6.7064386394023785, 50.9089591587716], [6.706426553708924, 50.90895816573483], [6.706439625322528, 50.90889397083311], [6.706399087774673, 50.90889067374281], [6.706320718341539, 50.90888431258164], [6.706316099387554, 50.90888393398487], [6.706295304343326, 50.90898629198917]]]]}}, {"type": "Feature", "properties": {"fid": 62177.0, "oid": "DENW41AL30008NBmBL", "aktualit": "2024-08-20", "gebnutzbez": "Geb\u00e4ude", "funktion": "Wohngeb\u00e4ude", "gfkzshh": "31001_1000", "rellage": null, "name": null, "anzahlgs": null, "gmdschl": "05362032", "lagebeztxt": "Grabenweg 25", "bld area": 135, "flstkennz_": "05468202000294______", "tntxt": "Wohnbaufl\u00e4che;678", "area": 678}, "geometry": {"type": "MultiPolygon", "coordinates": [[[[6.706298403306192, 50.90994366819072], [6.706426689229902, 50.909948959757756], [6.706440541606633, 50.90981478803418], [6.70631199271833, 50.909809644211194], [6.706306790899237, 50.90986104225255], [6.706298403306192, 50.90994366819072]]]]}}, {"type": "Feature", "properties": {"fid": 272384.0, "oid": "DENW41AL30008JGOBL", "aktualit": "2024-08-20", "gebnutzbez": "Geb\u00e4ude", "funktion": "Geb\u00e4ude zum Parken", "gfkzshh": "31001_2460", "rellage": null, "name": null, "anzahlgs": null, "gmdschl": "05362032", "lagebeztxt": null, "bld area": 14, "flstkennz_": "05468202000294______", "tntxt": "Wohnbaufl\u00e4che;678", "area": 678}, "geometry": {"type": "MultiPolygon", "coordinates": [[[[6.706271253903767, 50.9098596062548], [6.706306790899237, 50.90986104225255], [6.70631199271833, 50.909809644211194], [6.706276383816989, 50.909808224789664], [6.706271253903767, 50.9098596062548]]]]}}, {"type": "Feature", "properties": {"fid": 159825.0, "oid": "DENW41AL30008MbuBL", "aktualit": "2024-08-20", "gebnutzbez": "Geb\u00e4ude", "funktion": "Geb\u00e4ude zum Parken", "gfkzshh": "31001_2460", "rellage": null, "name": null, "anzahlgs": null, "gmdschl": "05362032", "lagebeztxt": null, "bld area": 38, "flstkennz_": "05468202000342______", "tntxt": "Wohnbaufl\u00e4che;536", "area": 536}, "geometry": {"type": "MultiPolygon", "coordinates": [[[[6.706188413034099, 50.90940952255956], [6.706276177820029, 50.90941374799041], [6.706282845955927, 50.90935827745275], [6.706195354764682, 50.909353697639446], [6.7061923472042295, 50.90937667244455], [6.706188413034099, 50.90940952255956]]]]}}, {"type": "Feature", "properties": {"fid": 275792.0, "oid": "DENW41AL30008N5tBL", "aktualit": "2024-08-20", "gebnutzbez": "Geb\u00e4ude", "funktion": "Wohngeb\u00e4ude", "gfkzshh": "31001_1000", "rellage": null, "name": null, "anzahlgs": null, "gmdschl": "05362032", "lagebeztxt": "Rote-Kreuz-Stra\u00dfe 28", "bld area": 106, "flstkennz_": "05468202000342______", "tntxt": "Wohnbaufl\u00e4che;536", "area": 536}, "geometry": {"type": "MultiPolygon", "coordinates": [[[[6.706046239986787, 50.90936902460649], [6.7061923472042295, 50.90937667244455], [6.706195354764682, 50.909353697639446], [6.706204419989131, 50.909284486247934], [6.706058283749648, 50.90927685584071], [6.706046239986787, 50.90936902460649]]]]}}, {"type": "Feature", "properties": {"fid": 272363.0, "oid": "DENW41AL30008JEkBL", "aktualit": "2024-08-20", "gebnutzbez": "Geb\u00e4ude", "funktion": "Geb\u00e4ude zum Parken", "gfkzshh": "31001_2460", "rellage": null, "name": null, "anzahlgs": null, "gmdschl": "05362032", "lagebeztxt": null, "bld area": 31, "flstkennz_": "05468202000341______", "tntxt": "Wohnbaufl\u00e4che;628", "area": 627}, "geometry": {"type": "MultiPolygon", "coordinates": [[[[6.706097308847027, 50.9095834227718], [6.7062239458761255, 50.90958982440928], [6.706227926209193, 50.909558639112085], [6.706153628964145, 50.90955478629802], [6.70615348315704, 50.909556015625355], [6.70610112431037, 50.909553277554544], [6.706097308847027, 50.9095834227718]]]]}}, {"type": "Feature", "properties": {"fid": 60695.0, "oid": "DENW41AL30008L3aBL", "aktualit": "2024-08-20", "gebnutzbez": "Geb\u00e4ude", "funktion": "Wohngeb\u00e4ude", "gfkzshh": "31001_1000", "rellage": null, "name": null, "anzahlgs": null, "gmdschl": "05362032", "lagebeztxt": "Rote-Kreuz-Stra\u00dfe 26", "bld area": 110, "flstkennz_": "05468202000341______", "tntxt": "Wohnbaufl\u00e4che;628", "area": 627}, "geometry": {"type": "MultiPolygon", "coordinates": [[[[6.706002799520209, 50.909548268787375], [6.70610112431037, 50.909553277554544], [6.70615348315704, 50.909556015625355], [6.706153628964145, 50.90955478629802], [6.706164660863889, 50.90946265160008], [6.706013937242756, 50.909455434641075], [6.706002799520209, 50.909548268787375]]]]}}, {"type": "Feature", "properties": {"fid": 160116.0, "oid": "DENW41AL30008NBvBL", "aktualit": "2024-08-20", "gebnutzbez": "Geb\u00e4ude", "funktion": "Geb\u00e4ude zum Parken", "gfkzshh": "31001_2460", "rellage": null, "name": null, "anzahlgs": null, "gmdschl": "05362032", "lagebeztxt": null, "bld area": 36, "flstkennz_": "05468202000403______", "tntxt": "Wohnbaufl\u00e4che;503", "area": 503}, "geometry": {"type": "MultiPolygon", "coordinates": [[[[6.706328750755186, 50.909263131585995], [6.7064196805946095, 50.909267500066065], [6.706425713425367, 50.90921713468386], [6.706334797453483, 50.90921277547449], [6.706331498446225, 50.90924023261684], [6.706328750755186, 50.909263131585995]]]]}}, {"type": "Feature", "properties": {"fid": 275567.0, "oid": "DENW41AL30008MqgBL", "aktualit": "2024-08-20", "gebnutzbez": "Geb\u00e4ude", "funktion": "Wohngeb\u00e4ude", "gfkzshh": "31001_1000", "rellage": null, "name": null, "anzahlgs": null, "gmdschl": "05362032", "lagebeztxt": "Heinrich-Heine-Stra\u00dfe 12", "bld area": 133, "flstkennz_": "05468202000403______", "tntxt": "Wohnbaufl\u00e4che;503", "area": 503}, "geometry": {"type": "MultiPolygon", "coordinates": [[[[6.706133360677326, 50.90923070778504], [6.706331498446225, 50.90924023261684], [6.706334797453483, 50.90921277547449], [6.706341714522339, 50.909155133250025], [6.706143577111729, 50.90914560844011], [6.706133360677326, 50.90923070778504]]]]}}, {"type": "Feature", "properties": {"fid": 272804.0, "oid": "DENW41AL30008JkIBL", "aktualit": "2024-08-20", "gebnutzbez": "Geb\u00e4ude", "funktion": "Geb\u00e4ude zum Parken", "gfkzshh": "31001_2460", "rellage": null, "name": null, "anzahlgs": null, "gmdschl": "05362032", "lagebeztxt": null, "bld area": 27, "flstkennz_": "05468201900363______", "tntxt": "Wohnbaufl\u00e4che;454", "area": 454}, "geometry": {"type": "MultiPolygon", "coordinates": [[[[6.709375352971389, 50.909242402815764], [6.709374713664615, 50.909269327621395], [6.70938118025667, 50.90926974236311], [6.709500264194319, 50.909270613712145], [6.709500923817654, 50.90924356338756], [6.709375352971389, 50.909242402815764]]]]}}, {"type": "Feature", "properties": {"fid": 277171.0, "oid": "DENW41AL30008OauBL", "aktualit": "2024-08-20", "gebnutzbez": "Geb\u00e4ude", "funktion": "Wohngeb\u00e4ude", "gfkzshh": "31001_1000", "rellage": null, "name": null, "anzahlgs": null, "gmdschl": "05362032", "lagebeztxt": "Sistenichstra\u00dfe 68 a", "bld area": 113, "flstkennz_": "05468201900363______", "tntxt": "Wohnbaufl\u00e4che;454", "area": 454}, "geometry": {"type": "MultiPolygon", "coordinates": [[[[6.709361668255684, 50.90916127716817], [6.709359882729479, 50.90924225205474], [6.709375352971389, 50.909242402815764], [6.709500923817654, 50.90924356338756], [6.709537549577927, 50.90924396746249], [6.709539898331263, 50.90916281475359], [6.709361668255684, 50.90916127716817]]]]}}, {"type": "Feature", "properties": {"fid": 274490.0, "oid": "DENW41AL30008LcmBL", "aktualit": "2024-08-20", "gebnutzbez": "Geb\u00e4ude", "funktion": "Wohngeb\u00e4ude", "gfkzshh": "31001_1000", "rellage": null, "name": null, "anzahlgs": null, "gmdschl": "05362032", "lagebeztxt": "Fischbachstra\u00dfe 4", "bld area": 74, "flstkennz_": "054682019000210003__", "tntxt": "Wohnbaufl\u00e4che;802", "area": 796}, "geometry": {"type": "MultiPolygon", "coordinates": [[[[6.710481142404476, 50.909916454248446], [6.710603302695164, 50.909922214649804], [6.71061311922876, 50.90984539070148], [6.710489256068928, 50.90984012755269], [6.710481142404476, 50.909916454248446]]]]}}, {"type": "Feature", "properties": {"fid": 63631.0, "oid": "DENW41AL3Bm0000ABL", "aktualit": "2024-08-20", "gebnutzbez": "Geb\u00e4ude", "funktion": "Wohngeb\u00e4ude", "gfkzshh": "31001_1000", "rellage": null, "name": null, "anzahlgs": null, "gmdschl": "05362032", "lagebeztxt": "Fischbachstra\u00dfe 4 a", "bld area": 162, "flstkennz_": "054682019000210003__", "tntxt": "Wohnbaufl\u00e4che;802", "area": 796}, "geometry": {"type": "MultiPolygon", "coordinates": [[[[6.710523251768816, 50.90975471191965], [6.710725225897068, 50.90976468228127], [6.710737739455973, 50.90966275471526], [6.710535822613874, 50.90965278549614], [6.710523251768816, 50.90975471191965]]]]}}, {"type": "Feature", "properties": {"fid": 277530.0, "oid": "DENW41AL30008OyzBL", "aktualit": "2024-08-20", "gebnutzbez": "Geb\u00e4ude", "funktion": "Geb\u00e4ude zum Parken", "gfkzshh": "31001_2460", "rellage": null, "name": null, "anzahlgs": null, "gmdschl": "05362032", "lagebeztxt": null, "bld area": 29, "flstkennz_": "05468202000297______", "tntxt": "Wohnbaufl\u00e4che;590", "area": 590}, "geometry": {"type": "MultiPolygon", "coordinates": [[[[6.70622414417541, 50.90985802372497], [6.706271253903767, 50.9098596062548], [6.706276383816989, 50.909808224789664], [6.706279123329412, 50.90978086458304], [6.706231912354086, 50.90977902823065], [6.706227086599869, 50.9098285628858], [6.70622414417541, 50.90985802372497]]]]}}, {"type": "Feature", "properties": {"fid": 159208.0, "oid": "DENW41AL30008LLTBL", "aktualit": "2024-08-20", "gebnutzbez": "Geb\u00e4ude", "funktion": "Wohngeb\u00e4ude", "gfkzshh": "31001_1000", "rellage": null, "name": null, "anzahlgs": null, "gmdschl": "05362032", "lagebeztxt": "Grabenweg 27", "bld area": 106, "flstkennz_": "05468202000297______", "tntxt": "Wohnbaufl\u00e4che;590", "area": 590}, "geometry": {"type": "MultiPolygon", "coordinates": [[[[6.706079719364537, 50.90992027526795], [6.706174522596021, 50.909923721722485], [6.706174217427989, 50.90992703455125], [6.706217183062057, 50.90992870653419], [6.70622414417541, 50.90985802372497], [6.706227086599869, 50.9098285628858], [6.706089510734197, 50.90982328635753], [6.706079719364537, 50.90992027526795]]]]}}, {"type": "Feature", "properties": {"fid": 274650.0, "oid": "DENW41AL30008LoVBL", "aktualit": "2024-08-20", "gebnutzbez": "Geb\u00e4ude", "funktion": "Wohngeb\u00e4ude", "gfkzshh": "31001_1000", "rellage": null, "name": null, "anzahlgs": null, "gmdschl": "05362032", "lagebeztxt": "Rote-Kreuz-Stra\u00dfe 26 a", "bld area": 89, "flstkennz_": "05468202000425______", "tntxt": "Wohnbaufl\u00e4che;334", "area": 335}, "geometry": {"type": "MultiPolygon", "coordinates": [[[[6.705910792165478, 50.909701752456435], [6.70593837499989, 50.90972057971461], [6.705936218618262, 50.90974331041615], [6.706054497079423, 50.90974785702811], [6.706063017042616, 50.90966023297822], [6.705981754650502, 50.909657421370305], [6.705953555493313, 50.90963724188374], [6.705914291145724, 50.90965924311323], [6.705942231386131, 50.90967948047824], [6.705959321404511, 50.90969182357275], [6.705940001809917, 50.909702542523256], [6.705910792165478, 50.909701752456435]]]]}}, {"type": "Feature", "properties": {"fid": 63132.0, "oid": "DENW41AL30008OXEBL", "aktualit": "2024-08-20", "gebnutzbez": "Geb\u00e4ude", "funktion": "Wohngeb\u00e4ude", "gfkzshh": "31001_1000", "rellage": null, "name": null, "anzahlgs": null, "gmdschl": "05362032", "lagebeztxt": "Grabenweg 29", "bld area": 108, "flstkennz_": "05468202000424______", "tntxt": "Wohnbaufl\u00e4che;309", "area": 309}, "geometry": {"type": "MultiPolygon", "coordinates": [[[[6.7059388466101755, 50.9099227316523], [6.706026057838027, 50.909926082948225], [6.706023824432941, 50.90995327321583], [6.706075779745677, 50.909954969063186], [6.706087174915431, 50.90984041020229], [6.705947092167443, 50.90983432872352], [6.7059388466101755, 50.9099227316523]]]]}}, {"type": "Feature", "properties": {"fid": 160916.0, "oid": "DENW41AL30008OmoBL", "aktualit": "2024-08-20", "gebnutzbez": "Geb\u00e4ude", "funktion": "Geb\u00e4ude zum Parken", "gfkzshh": "31001_2460", "rellage": null, "name": null, "anzahlgs": null, "gmdschl": "05362032", "lagebeztxt": null, "bld area": 40, "flstkennz_": "05468202100302______", "tntxt": "Wohnbaufl\u00e4che;371", "area": 370}, "geometry": {"type": "MultiPolygon", "coordinates": [[[[6.7068610151507135, 50.91237900607689], [6.706955191538581, 50.912407748962494], [6.706955275933197, 50.912407768608986], [6.7069891915897415, 50.91236322163341], [6.706895070795763, 50.912334506849334], [6.7068610151507135, 50.91237900607689]]]]}}, {"type": "Feature", "properties": {"fid": 61066.0, "oid": "DENW41AL30008La5BL", "aktualit": "2024-08-20", "gebnutzbez": "Geb\u00e4ude", "funktion": "Wohngeb\u00e4ude", "gfkzshh": "31001_1000", "rellage": null, "name": null, "anzahlgs": null, "gmdschl": "05362032", "lagebeztxt": null, "bld area": 47, "flstkennz_": "05468202100302______", "tntxt": "Wohnbaufl\u00e4che;371", "area": 370}, "geometry": {"type": "MultiPolygon", "coordinates": [[[[6.706763809222256, 50.912496375817724], [6.706864489193384, 50.91252710835401], [6.706877402494238, 50.91251012938629], [6.706901464614269, 50.91247849323176], [6.706800952627335, 50.912447817992216], [6.706763809222256, 50.912496375817724]]]]}}, {"type": "Feature", "properties": {"fid": 273989.0, "oid": "DENW41AL30008L4PBL", "aktualit": "2024-08-20", "gebnutzbez": "Geb\u00e4ude", "funktion": "Wohngeb\u00e4ude", "gfkzshh": "31001_1000", "rellage": null, "name": null, "anzahlgs": null, "gmdschl": "05362032", "lagebeztxt": "Wiesenstra\u00dfe 13", "bld area": 97, "flstkennz_": "05468202100302______", "tntxt": "Wohnbaufl\u00e4che;371", "area": 370}, "geometry": {"type": "MultiPolygon", "coordinates": [[[[6.7066876666862685, 50.91259592834606], [6.706788922409706, 50.91262652835456], [6.706864489193384, 50.91252710835401], [6.706763809222256, 50.912496375817724], [6.7066876666862685, 50.91259592834606]]]]}}, {"type": "Feature", "properties": {"fid": 159418.0, "oid": "DENW41AL30008LnjBL", "aktualit": "2024-08-20", "gebnutzbez": "Geb\u00e4ude", "funktion": "Geb\u00e4ude f\u00fcr Wirtschaft oder Gewerbe", "gfkzshh": "31001_2000", "rellage": null, "name": null, "anzahlgs": null, "gmdschl": "05362032", "lagebeztxt": "Am gr\u00fcnen Weg 1", "bld area": 83, "flstkennz_": "05468202100358______", "tntxt": "Wohnbaufl\u00e4che;259", "area": 260}, "geometry": {"type": "MultiPolygon", "coordinates": [[[[6.7069082031003, 50.912302943739114], [6.707017033686002, 50.91233630068615], [6.707033641970545, 50.9123413938884], [6.70703429597731, 50.91234053431009], [6.707042245678508, 50.912329888584864], [6.7070846935817645, 50.912272971439435], [6.707069234877614, 50.91226822461909], [6.706959241078625, 50.91223451208176], [6.7069082031003, 50.912302943739114]]]]}}, {"type": "Feature", "properties": {"fid": 63054.0, "oid": "DENW41AL30008OQ3BL", "aktualit": "2024-08-20", "gebnutzbez": "Geb\u00e4ude", "funktion": "Geb\u00e4ude zum Parken", "gfkzshh": "31001_2460", "rellage": null, "name": null, "anzahlgs": null, "gmdschl": "05362032", "lagebeztxt": null, "bld area": 64, "flstkennz_": "05468202100358______", "tntxt": "Wohnbaufl\u00e4che;259", "area": 260}, "geometry": {"type": "MultiPolygon", "coordinates": [[[[6.707042245678508, 50.912329888584864], [6.707077088432534, 50.912340565630394], [6.707158616130934, 50.91236557011707], [6.7071589950233585, 50.91236567649642], [6.707202045144144, 50.912308951023334], [6.7070846935817645, 50.912272971439435], [6.707042245678508, 50.912329888584864]]]]}}, {"type": "Feature", "properties": {"fid": 274815.0, "oid": "DENW41AL30008LzcBL", "aktualit": "2024-08-20", "gebnutzbez": "Geb\u00e4ude", "funktion": "Geb\u00e4ude zum Parken", "gfkzshh": "31001_2460", "rellage": null, "name": null, "anzahlgs": null, "gmdschl": "05362032", "lagebeztxt": null, "bld area": 20, "flstkennz_": "05468200800788______", "tntxt": "Wohnbaufl\u00e4che;268", "area": 266}, "geometry": {"type": "MultiPolygon", "coordinates": [[[[6.714422720280432, 50.91206055270922], [6.714471999054153, 50.91206698623198], [6.714487753247341, 50.91201868166881], [6.71443739093718, 50.9120125866954], [6.714422720280432, 50.91206055270922]]]]}}, {"type": "Feature", "properties": {"fid": 274967.0, "oid": "DENW41AL30008MAwBL", "aktualit": "2024-08-20", "gebnutzbez": "Geb\u00e4ude", "funktion": "Wohngeb\u00e4ude", "gfkzshh": "31001_1000", "rellage": null, "name": null, "anzahlgs": null, "gmdschl": "05362032", "lagebeztxt": "M\u00fchlengraben 11", "bld area": 59, "flstkennz_": "05468200800788______", "tntxt": "Wohnbaufl\u00e4che;268", "area": 266}, "geometry": {"type": "MultiPolygon", "coordinates": [[[[6.714516861576739, 50.9120619287292], [6.714644147267407, 50.91207760678627], [6.714663565057314, 50.91202101842792], [6.714535408875803, 50.91200510748493], [6.714529351956834, 50.91202361564336], [6.714516861576739, 50.9120619287292]]]]}}, {"type": "Feature", "properties": {"fid": 63222.0, "oid": "DENW41AL30008OedBL", "aktualit": "2024-08-20", "gebnutzbez": "Geb\u00e4ude", "funktion": "Gemischt genutztes Geb\u00e4ude mit Wohnen", "gfkzshh": "31001_1100", "rellage": null, "name": null, "anzahlgs": null, "gmdschl": "05362032", "lagebeztxt": "Hauptstra\u00dfe 192", "bld area": 97, "flstkennz_": "05468200800811______", "tntxt": "Fl\u00e4che gemischter Nutzung(funktion:Geb\u00e4ude- und Freifl\u00e4che Mischnutzung mit Wohnen);293", "area": 293}, "geometry": {"type": "MultiPolygon", "coordinates": [[[[6.71076817745155, 50.91281896015464], [6.710882188726362, 50.912833221677744], [6.710893268141322, 50.91279879372229], [6.710960436867687, 50.91280741443492], [6.710974459494481, 50.912763744300605], [6.710794043276164, 50.91274095802489], [6.710791526564481, 50.912740638834094], [6.710780586498834, 50.91277744395697], [6.710778579905933, 50.912784123189596], [6.71076817745155, 50.91281896015464]]]]}}, {"type": "Feature", "properties": {"fid": 274198.0, "oid": "DENW41AL30008LIoBL", "aktualit": "2024-08-20", "gebnutzbez": "Geb\u00e4ude", "funktion": "Geb\u00e4ude f\u00fcr Wirtschaft oder Gewerbe", "gfkzshh": "31001_2000", "rellage": null, "name": null, "anzahlgs": null, "gmdschl": "05362032", "lagebeztxt": null, "bld area": 39, "flstkennz_": "05468200800811______", "tntxt": "Fl\u00e4che gemischter Nutzung(funktion:Geb\u00e4ude- und Freifl\u00e4che Mischnutzung mit Wohnen);293", "area": 293}, "geometry": {"type": "MultiPolygon", "coordinates": [[[[6.71050232627143, 50.912741738085955], [6.710625811329544, 50.912757759690216], [6.710626165377608, 50.91275663337884], [6.710632869778629, 50.91275743046513], [6.710643016964531, 50.912721419270326], [6.710513866685086, 50.912705169617986], [6.71050232627143, 50.912741738085955]]]]}}, {"type": "Feature", "properties": {"fid": 61938.0, "oid": "DENW41AL30008MqBBL", "aktualit": "2024-08-20", "gebnutzbez": "Geb\u00e4ude", "funktion": "Geb\u00e4ude zum Parken", "gfkzshh": "31001_2460", "rellage": null, "name": null, "anzahlgs": null, "gmdschl": "05362032", "lagebeztxt": null, "bld area": 59, "flstkennz_": "054682020001340016__", "tntxt": "Wohnbaufl\u00e4che;449", "area": 449}, "geometry": {"type": "MultiPolygon", "coordinates": [[[[6.708889978291981, 50.91138001986773], [6.70906683442142, 50.91138797991926], [6.709074196132691, 50.91134700338427], [6.708933400807558, 50.911339400528554], [6.708895871739329, 50.91133736859579], [6.708889978291981, 50.91138001986773]]]]}}, {"type": "Feature", "properties": {"fid": 272111.0, "oid": "DENW41AL2e30002mBL", "aktualit": "2024-08-20", "gebnutzbez": "Geb\u00e4ude", "funktion": "Geb\u00e4ude zur Freizeitgestaltung", "gfkzshh": "31001_1310", "rellage": null, "name": null, "anzahlgs": null, "gmdschl": "05362032", "lagebeztxt": null, "bld area": 56, "flstkennz_": "054682020001340016__", "tntxt": "Wohnbaufl\u00e4che;449", "area": 449}, "geometry": {"type": "MultiPolygon", "coordinates": [[[[6.708849594201545, 50.91137789589259], [6.708889978291981, 50.91138001986773], [6.708895871739329, 50.91133736859579], [6.708933400807558, 50.911339400528554], [6.7089427232302645, 50.91127038289418], [6.70886833920445, 50.91126563071605], [6.708865615712614, 50.91128139787956], [6.708849594201545, 50.91137789589259]]]]}}, {"type": "Feature", "properties": {"fid": 59799.0, "oid": "DENW41AL30008Jn8BL", "aktualit": "2024-08-20", "gebnutzbez": "Geb\u00e4ude", "funktion": "Wohngeb\u00e4ude", "gfkzshh": "31001_1000", "rellage": null, "name": null, "anzahlgs": null, "gmdschl": "05362032", "lagebeztxt": "Sistenichstra\u00dfe 42", "bld area": 80, "flstkennz_": "054682020001340016__", "tntxt": "Wohnbaufl\u00e4che;449", "area": 449}, "geometry": {"type": "MultiPolygon", "coordinates": [[[[6.709184025286876, 50.91136580746953], [6.709305258918966, 50.911373709600326], [6.709305764271499, 50.911370661523954], [6.709319901263436, 50.911371613575014], [6.709326273725652, 50.91133368459775], [6.709312122091044, 50.91133274125406], [6.709318494461298, 50.911294524463806], [6.7091969323746525, 50.91128665187422], [6.709193110014627, 50.91131031228711], [6.709184025286876, 50.91136580746953]]]]}}, {"type": "Feature", "properties": {"fid": 272596.0, "oid": "DENW41AL30008JZZBL", "aktualit": "2024-08-20", "gebnutzbez": "Geb\u00e4ude", "funktion": "Wohngeb\u00e4ude", "gfkzshh": "31001_1000", "rellage": null, "name": null, "anzahlgs": null, "gmdschl": "05362032", "lagebeztxt": null, "bld area": 11, "flstkennz_": "054682020001340016__", "tntxt": "Wohnbaufl\u00e4che;449", "area": 449}, "geometry": {"type": "MultiPolygon", "coordinates": [[[[6.709132484414963, 50.91130639698256], [6.709193110014627, 50.91131031228711], [6.7091969323746525, 50.91128665187422], [6.709136334348073, 50.91128275510092], [6.709132484414963, 50.91130639698256]]]]}}, {"type": "Feature", "properties": {"fid": 60805.0, "oid": "DENW41AL30008LDbBL", "aktualit": "2024-08-20", "gebnutzbez": "Geb\u00e4ude", "funktion": "Wohngeb\u00e4ude", "gfkzshh": "31001_1000", "rellage": null, "name": null, "anzahlgs": null, "gmdschl": "05362032", "lagebeztxt": "Sistenichstra\u00dfe 16", "bld area": 134, "flstkennz_": "05468202100041______", "tntxt": "Wohnbaufl\u00e4che;504", "area": 503}, "geometry": {"type": "MultiPolygon", "coordinates": [[[[6.708519784532414, 50.91298069066886], [6.708632062087452, 50.91301025529907], [6.708673831623634, 50.91302127472852], [6.708696977699027, 50.912986256431466], [6.708689588959641, 50.91297998637631], [6.7087014244441185, 50.912962347468074], [6.7087136766698245, 50.912961130981266], [6.70873686082168, 50.912925915553686], [6.708678009846001, 50.91291045046321], [6.708660081401156, 50.91289602267966], [6.708603900975832, 50.912881221584634], [6.708584111249553, 50.912911341019765], [6.708582095358259, 50.91291183209009], [6.708579604251539, 50.912912439747046], [6.708564441763389, 50.91291613541405], [6.708561562044219, 50.91291683437533], [6.70856091564841, 50.912917829023], [6.708521733523781, 50.91297779686006], [6.708519784532414, 50.91298069066886]]]]}}, {"type": "Feature", "properties": {"fid": 274055.0, "oid": "DENW41AL30008L8pBL", "aktualit": "2024-08-20", "gebnutzbez": "Geb\u00e4ude", "funktion": "Geb\u00e4ude zum Parken", "gfkzshh": "31001_2460", "rellage": null, "name": null, "anzahlgs": null, "gmdschl": "05362032", "lagebeztxt": null, "bld area": 18, "flstkennz_": "05468201900333______", "tntxt": "Wohnbaufl\u00e4che;701", "area": 701}, "geometry": {"type": "MultiPolygon", "coordinates": [[[[6.706834089779023, 50.90845554299715], [6.706876174825505, 50.908459185141346], [6.706887759016966, 50.908405843837926], [6.706845404876697, 50.908402178421525], [6.7068361740055655, 50.908445555517794], [6.706834089779023, 50.90845554299715]]]]}}, {"type": "Feature", "properties": {"fid": 158621.0, "oid": "DENW41AL30008KCOBL", "aktualit": "2024-08-20", "gebnutzbez": "Geb\u00e4ude", "funktion": "Wohngeb\u00e4ude", "gfkzshh": "31001_1000", "rellage": null, "name": null, "anzahlgs": null, "gmdschl": "05362032", "lagebeztxt": "Merodestra\u00dfe 36", "bld area": 62, "flstkennz_": "05468201900333______", "tntxt": "Wohnbaufl\u00e4che;701", "area": 701}, "geometry": {"type": "MultiPolygon", "coordinates": [[[[6.706866521016429, 50.90850364221634], [6.706946152698227, 50.90851064841125], [6.706967407397825, 50.90841279638298], [6.706887759016966, 50.908405843837926], [6.706876174825505, 50.908459185141346], [6.706866521016429, 50.90850364221634]]]]}}, {"type": "Feature", "properties": {"fid": 274809.0, "oid": "DENW41AL30008Lz4BL", "aktualit": "2024-08-20", "gebnutzbez": "Geb\u00e4ude", "funktion": "Wohngeb\u00e4ude", "gfkzshh": "31001_1000", "rellage": null, "name": null, "anzahlgs": null, "gmdschl": "05362032", "lagebeztxt": "Merodestra\u00dfe 34", "bld area": 62, "flstkennz_": "05468201900333______", "tntxt": "Wohnbaufl\u00e4che;701", "area": 701}, "geometry": {"type": "MultiPolygon", "coordinates": [[[[6.706946152698227, 50.90851064841125], [6.707025854581507, 50.90851767391922], [6.707047169056934, 50.908419760093345], [6.706967407397825, 50.90841279638298], [6.706946152698227, 50.90851064841125]]]]}}, {"type": "Feature", "properties": {"fid": 159330.0, "oid": "DENW41AL30008LbSBL", "aktualit": "2024-08-20", "gebnutzbez": "Geb\u00e4ude", "funktion": "Geb\u00e4ude zum Parken", "gfkzshh": "31001_2460", "rellage": null, "name": null, "anzahlgs": null, "gmdschl": "05362032", "lagebeztxt": null, "bld area": 18, "flstkennz_": "05468201900329______", "tntxt": "Wohnbaufl\u00e4che;349", "area": 349}, "geometry": {"type": "MultiPolygon", "coordinates": [[[[6.706710322572305, 50.90902367034524], [6.706752349503967, 50.90902734736486], [6.706764024571421, 50.90897389993273], [6.70672201234043, 50.908970214211735], [6.706710322572305, 50.90902367034524]]]]}}, {"type": "Feature", "properties": {"fid": 273826.0, "oid": "DENW41AL30008Kt3BL", "aktualit": "2024-08-20", "gebnutzbez": "Geb\u00e4ude", "funktion": "Wohngeb\u00e4ude", "gfkzshh": "31001_1000", "rellage": null, "name": null, "anzahlgs": null, "gmdschl": "05362032", "lagebeztxt": "Heinrich-Heine-Stra\u00dfe 11", "bld area": 61, "flstkennz_": "05468201900329______", "tntxt": "Wohnbaufl\u00e4che;349", "area": 349}, "geometry": {"type": "MultiPolygon", "coordinates": [[[[6.706752349503967, 50.90902734736486], [6.706832071746739, 50.90903426546981], [6.706853102604152, 50.90893779416124], [6.706773483098006, 50.90893081512959], [6.706764024571421, 50.90897389993273], [6.706752349503967, 50.90902734736486]]]]}}, {"type": "Feature", "properties": {"fid": 159678.0, "oid": "DENW41AL30008MKcBL", "aktualit": "2024-08-20", "gebnutzbez": "Geb\u00e4ude", "funktion": "Wohngeb\u00e4ude", "gfkzshh": "31001_1000", "rellage": null, "name": null, "anzahlgs": null, "gmdschl": "05362032", "lagebeztxt": "Merodestra\u00dfe 32", "bld area": 60, "flstkennz_": "05468201900114______", "tntxt": "Wohnbaufl\u00e4che;603", "area": 599}, "geometry": {"type": "MultiPolygon", "coordinates": [[[[6.707124521052572, 50.90850150741747], [6.707226196442804, 50.908512975897054], [6.707246299633118, 50.90843998790617], [6.707143547310915, 50.908428147513156], [6.707136299447561, 50.9084560757319], [6.707124521052572, 50.90850150741747]]]]}}, {"type": "Feature", "properties": {"fid": 63322.0, "oid": "DENW41AL30008OnUBL", "aktualit": "2024-08-20", "gebnutzbez": "Geb\u00e4ude", "funktion": "Geb\u00e4ude zum Parken", "gfkzshh": "31001_2460", "rellage": null, "name": null, "anzahlgs": null, "gmdschl": "05362032", "lagebeztxt": null, "bld area": 17, "flstkennz_": "05468201900114______", "tntxt": "Wohnbaufl\u00e4che;603", "area": 599}, "geometry": {"type": "MultiPolygon", "coordinates": [[[[6.707079122871272, 50.90849638818979], [6.707124521052572, 50.90850150741747], [6.707136299447561, 50.9084560757319], [6.707089834539476, 50.908450953537255], [6.707083104448946, 50.90847876600864], [6.707079122871272, 50.90849638818979]]]]}}, {"type": "Feature", "properties": {"fid": 61345.0, "oid": "DENW41AL30008LylBL", "aktualit": "2024-08-20", "gebnutzbez": "Geb\u00e4ude", "funktion": "Geb\u00e4ude zum Parken", "gfkzshh": "31001_2460", "rellage": null, "name": null, "anzahlgs": null, "gmdschl": "05362032", "lagebeztxt": null, "bld area": 27, "flstkennz_": "05468201900330______", "tntxt": "Wohnbaufl\u00e4che;355", "area": 356}, "geometry": {"type": "MultiPolygon", "coordinates": [[[[6.706912076929639, 50.909041216062136], [6.7069545138346855, 50.90904494603516], [6.70697208779265, 50.90896467712891], [6.706929690944532, 50.90896100191356], [6.706912076929639, 50.909041216062136]]]]}}, {"type": "Feature", "properties": {"fid": 62696.0, "oid": "DENW41AL30008Nv1BL", "aktualit": "2024-08-20", "gebnutzbez": "Geb\u00e4ude", "funktion": "Wohngeb\u00e4ude", "gfkzshh": "31001_1000", "rellage": null, "name": null, "anzahlgs": null, "gmdschl": "05362032", "lagebeztxt": "Heinrich-Heine-Stra\u00dfe 9", "bld area": 62, "flstkennz_": "05468201900330______", "tntxt": "Wohnbaufl\u00e4che;355", "area": 356}, "geometry": {"type": "MultiPolygon", "coordinates": [[[[6.706832071746739, 50.90903426546981], [6.706912076929639, 50.909041216062136], [6.706929690944532, 50.90896100191356], [6.706933227063402, 50.908944630160605], [6.706853102604152, 50.90893779416124], [6.706832071746739, 50.90903426546981]]]]}}, {"type": "Feature", "properties": {"fid": 158694.0, "oid": "DENW41AL30008KLVBL", "aktualit": "2024-08-20", "gebnutzbez": "Geb\u00e4ude", "funktion": "Wohngeb\u00e4ude", "gfkzshh": "31001_1000", "rellage": null, "name": null, "anzahlgs": null, "gmdschl": "05362032", "lagebeztxt": "Sistenichstra\u00dfe 11", "bld area": 58, "flstkennz_": "05468202100028______", "tntxt": "Wohnbaufl\u00e4che;419", "area": 415}, "geometry": {"type": "MultiPolygon", "coordinates": [[[[6.708740572909368, 50.913407550752694], [6.708755657939531, 50.91341151651765], [6.708746764523152, 50.91342486904169], [6.708853712662318, 50.91345376218522], [6.708865000336324, 50.9134368500228], [6.708889567727938, 50.91340012373109], [6.708766286895832, 50.91336833764295], [6.708740572909368, 50.913407550752694]]]]}}, {"type": "Feature", "properties": {"fid": 59881.0, "oid": "DENW41AL30008JtoBL", "aktualit": "2024-08-20", "gebnutzbez": "Geb\u00e4ude", "funktion": "Geb\u00e4ude f\u00fcr Land- und Forstwirtschaft", "gfkzshh": "31001_2700", "rellage": null, "name": null, "anzahlgs": null, "gmdschl": "05362032", "lagebeztxt": null, "bld area": 17, "flstkennz_": "05468202100028______", "tntxt": "Wohnbaufl\u00e4che;419", "area": 415}, "geometry": {"type": "MultiPolygon", "coordinates": [[[[6.708909585884482, 50.91345079376826], [6.708960590254936, 50.9134667162936], [6.708980692776386, 50.913438338799615], [6.708962981158644, 50.91343368291861], [6.708969808294574, 50.91342329384484], [6.708934808560899, 50.91341318092151], [6.708909585884482, 50.91345079376826]]]]}}, {"type": "Feature", "properties": {"fid": 160348.0, "oid": "DENW41AL30008NddBL", "aktualit": "2024-08-20", "gebnutzbez": "Geb\u00e4ude", "funktion": "Wohngeb\u00e4ude", "gfkzshh": "31001_1000", "rellage": null, "name": null, "anzahlgs": null, "gmdschl": "05362032", "lagebeztxt": "Adenauerstra\u00dfe 3", "bld area": 55, "flstkennz_": "054682020001550017__", "tntxt": "Wohnbaufl\u00e4che;278", "area": 285}, "geometry": {"type": "MultiPolygon", "coordinates": [[[[6.709117664759794, 50.911663459874255], [6.709196471932487, 50.91166854155519], [6.709209329659356, 50.91158894428145], [6.709180597651612, 50.91158709411943], [6.709182986052699, 50.91157235469417], [6.709132628545449, 50.91156908166501], [6.709122443162614, 50.91164032190207], [6.70912102408861, 50.911640249074466], [6.709117664759794, 50.911663459874255]]]]}}, {"type": "Feature", "properties": {"fid": 272553.0, "oid": "DENW41AL30008JSkBL", "aktualit": "2024-08-20", "gebnutzbez": "Geb\u00e4ude", "funktion": "Wohngeb\u00e4ude", "gfkzshh": "31001_1000", "rellage": null, "name": null, "anzahlgs": null, "gmdschl": "05362032", "lagebeztxt": "Dechant-Buff-Stra\u00dfe 1", "bld area": 303, "flstkennz_": "05468202000418______", "tntxt": "Wohnbaufl\u00e4che;835", "area": 837}, "geometry": {"type": "MultiPolygon", "coordinates": [[[[6.709893740241406, 50.911637283182316], [6.710209089995679, 50.911653409615724], [6.710223744972937, 50.91153108054004], [6.709908497387693, 50.91151520798038], [6.709893740241406, 50.911637283182316]]]]}}, {"type": "Feature", "properties": {"fid": 59237.0, "oid": "DENW41AL2h300003BL", "aktualit": "2024-08-20", "gebnutzbez": "Geb\u00e4ude", "funktion": "Geb\u00e4ude zur Freizeitgestaltung", "gfkzshh": "31001_1310", "rellage": null, "name": null, "anzahlgs": null, "gmdschl": "05362032", "lagebeztxt": null, "bld area": 26, "flstkennz_": "054682021001320020__", "tntxt": "Wohnbaufl\u00e4che;303", "area": 302}, "geometry": {"type": "MultiPolygon", "coordinates": [[[[6.708077396725476, 50.91373550389957], [6.708032465534972, 50.91372370572814], [6.70808132924101, 50.91373654349978], [6.708081329682561, 50.913736534514356], [6.708081360317181, 50.913736490145475], [6.708077396725476, 50.91373550389957]]]]}}, {"type": "Feature", "properties": {"fid": 59594.0, "oid": "DENW41AL30008JWHBL", "aktualit": "2024-08-20", "gebnutzbez": "Geb\u00e4ude", "funktion": "Wohngeb\u00e4ude", "gfkzshh": "31001_1000", "rellage": null, "name": null, "anzahlgs": null, "gmdschl": "05362032", "lagebeztxt": "Sistenichstra\u00dfe 2", "bld area": 67, "flstkennz_": "054682021001320020__", "tntxt": "Wohnbaufl\u00e4che;303", "area": 302}, "geometry": {"type": "MultiPolygon", "coordinates": [[[[6.708035301259661, 50.91380145839729], [6.708113610929411, 50.913821946908676], [6.70811797921331, 50.913823094000705], [6.708112476708362, 50.91383171021905], [6.708132736024362, 50.91383750454843], [6.708145282177243, 50.91381988864663], [6.70813611735477, 50.91381733421922], [6.708137829802849, 50.91381491245892], [6.708152255266486, 50.91381869446023], [6.708187335069534, 50.91376522087471], [6.708187811008724, 50.91376451069297], [6.708081360317181, 50.913736490145475], [6.708077396725476, 50.91373550389957], [6.708035301259661, 50.91380145839729]]]]}}, {"type": "Feature", "properties": {"fid": 61706.0, "oid": "DENW41AL30008MVOBL", "aktualit": "2024-08-20", "gebnutzbez": "Geb\u00e4ude", "funktion": "Wohngeb\u00e4ude", "gfkzshh": "31001_1000", "rellage": null, "name": null, "anzahlgs": null, "gmdschl": "05362032", "lagebeztxt": "Sistenichstra\u00dfe 4", "bld area": 66, "flstkennz_": "054682021001320020__", "tntxt": "Wohnbaufl\u00e4che;303", "area": 302}, "geometry": {"type": "MultiPolygon", "coordinates": [[[[6.708187335069534, 50.91376522087471], [6.708195608327021, 50.913767389031264], [6.708196078191484, 50.91376667029898], [6.708187811008724, 50.91376451069297], [6.708187335069534, 50.91376522087471]]]]}}, {"type": "Feature", "properties": {"fid": 60285.0, "oid": "DENW41AL30008KSxBL", "aktualit": "2024-08-20", "gebnutzbez": "Geb\u00e4ude", "funktion": "Wohngeb\u00e4ude", "gfkzshh": "31001_1000", "rellage": null, "name": null, "anzahlgs": null, "gmdschl": "05362032", "lagebeztxt": "H\u00f6henweg 10", "bld area": 116, "flstkennz_": "05468200800384______", "tntxt": "Wohnbaufl\u00e4che;6", "area": 6}, "geometry": {"type": "MultiPolygon", "coordinates": [[[[6.71388499549378, 50.91451613867508], [6.71390503150749, 50.91452177339489], [6.713905031507492, 50.91452177339489], [6.71388499549378, 50.91451613867508]]]]}}, {"type": "Feature", "properties": {"fid": 276824.0, "oid": "DENW41AL30008ODrBL", "aktualit": "2024-08-20", "gebnutzbez": "Geb\u00e4ude", "funktion": "Wohngeb\u00e4ude", "gfkzshh": "31001_1000", "rellage": null, "name": null, "anzahlgs": null, "gmdschl": "05362032", "lagebeztxt": "Heinrich-Heine-Stra\u00dfe 2", "bld area": 75, "flstkennz_": "05468202000221______", "tntxt": "Wohnbaufl\u00e4che;734", "area": 733}, "geometry": {"type": "MultiPolygon", "coordinates": [[[[6.7073197150544335, 50.909355546790316], [6.707435514599862, 50.90936680687717], [6.7074542248374645, 50.90928656022926], [6.707338332906777, 50.90927457881565], [6.7073197150544335, 50.909355546790316]]]]}}, {"type": "Feature", "properties": {"fid": 277174.0, "oid": "DENW41AL30008ObTBL", "aktualit": "2024-08-20", "gebnutzbez": "Geb\u00e4ude", "funktion": "Geb\u00e4ude zum Parken", "gfkzshh": "31001_2460", "rellage": null, "name": null, "anzahlgs": null, "gmdschl": "05362032", "lagebeztxt": null, "bld area": 34, "flstkennz_": "05468202000221______", "tntxt": "Wohnbaufl\u00e4che;734", "area": 733}, "geometry": {"type": "MultiPolygon", "coordinates": [[[[6.707407365292837, 50.909467752411544], [6.70745515899808, 50.90947219903563], [6.707475728769416, 50.90938393019305], [6.707427935152114, 50.909379483578476], [6.707407365292837, 50.909467752411544]]]]}}, {"type": "Feature", "properties": {"fid": 160225.0, "oid": "DENW41AL30008NPOBL", "aktualit": "2024-08-20", "gebnutzbez": "Geb\u00e4ude", "funktion": "Wohngeb\u00e4ude", "gfkzshh": "31001_1000", "rellage": null, "name": null, "anzahlgs": null, "gmdschl": "05362032", "lagebeztxt": "Wiesenstra\u00dfe 2", "bld area": 67, "flstkennz_": "05468202100446______", "tntxt": "Wohnbaufl\u00e4che;235", "area": 234}, "geometry": {"type": "MultiPolygon", "coordinates": [[[[6.708134304587113, 50.91327633022733], [6.708230329515863, 50.91330804044307], [6.708247423687975, 50.913287329930476], [6.708286842808905, 50.91323963479675], [6.708288159803383, 50.91323831154341], [6.708191967065645, 50.913206544114175], [6.708134304587113, 50.91327633022733]]]]}}, {"type": "Feature", "properties": {"fid": 60443.0, "oid": "DENW41AL30008Kh2BL", "aktualit": "2024-08-20", "gebnutzbez": "Geb\u00e4ude", "funktion": "Geb\u00e4ude zum Parken", "gfkzshh": "31001_2460", "rellage": null, "name": null, "anzahlgs": null, "gmdschl": "05362032", "lagebeztxt": null, "bld area": 18, "flstkennz_": "05468202100446______", "tntxt": "Wohnbaufl\u00e4che;235", "area": 234}, "geometry": {"type": "MultiPolygon", "coordinates": [[[[6.708247423687975, 50.913287329930476], [6.708285152807687, 50.91329979915074], [6.708303107883061, 50.91327807121406], [6.708324572342894, 50.91325209501858], [6.708286842808905, 50.91323963479675], [6.708247423687975, 50.913287329930476]]]]}}, {"type": "Feature", "properties": {"fid": 160615.0, "oid": "DENW41AL30008OC2BL", "aktualit": "2024-08-20", "gebnutzbez": "Geb\u00e4ude", "funktion": "Wohngeb\u00e4ude", "gfkzshh": "31001_1000", "rellage": null, "name": null, "anzahlgs": null, "gmdschl": "05362032", "lagebeztxt": "Merkurweg 3", "bld area": 107, "flstkennz_": "05468200800573______", "tntxt": "Wohnbaufl\u00e4che;178", "area": 177}, "geometry": {"type": "MultiPolygon", "coordinates": [[[[6.709236371073888, 50.91393822237081], [6.709432853501886, 50.91396912425321], [6.70944098319604, 50.91394988353996], [6.709460143432932, 50.91390447962418], [6.709263032591437, 50.913873052786855], [6.709236371073888, 50.91393822237081]]]]}}, {"type": "Feature", "properties": {"fid": 277532.0, "oid": "DENW41AL30008Oz4BL", "aktualit": "2024-08-20", "gebnutzbez": "Geb\u00e4ude", "funktion": "Wohngeb\u00e4ude", "gfkzshh": "31001_1000", "rellage": null, "name": null, "anzahlgs": null, "gmdschl": "05362032", "lagebeztxt": null, "bld area": 28, "flstkennz_": "05468200800573______", "tntxt": "Wohnbaufl\u00e4che;178", "area": 177}, "geometry": {"type": "MultiPolygon", "coordinates": [[[[6.709438980246033, 50.913970098945164], [6.709447086864257, 50.91395083592157], [6.70944098319604, 50.91394988353996], [6.709432853501886, 50.91396912425321], [6.709438980246033, 50.913970098945164]]]]}}, {"type": "Feature", "properties": {"fid": 62736.0, "oid": "DENW41AL30008Nz0BL", "aktualit": "2024-08-20", "gebnutzbez": "Geb\u00e4ude", "funktion": "Gemischt genutztes Geb\u00e4ude mit Wohnen", "gfkzshh": "31001_1100", "rellage": null, "name": null, "anzahlgs": null, "gmdschl": "05362032", "lagebeztxt": "Hauptstra\u00dfe 166", "bld area": 114, "flstkennz_": "05468200800744______", "tntxt": "Fl\u00e4che gemischter Nutzung(funktion:Geb\u00e4ude- und Freifl\u00e4che Mischnutzung mit Wohnen);233", "area": 234}, "geometry": {"type": "MultiPolygon", "coordinates": [[[[6.70979879940697, 50.91399707364777], [6.709943477957181, 50.91402108489029], [6.709949439254126, 50.91400659544848], [6.709988946755665, 50.91401300100582], [6.70998295360895, 50.91402784958863], [6.70998176733968, 50.91403085732292], [6.7099642417200425, 50.914028201936844], [6.709960058585272, 50.91403777052228], [6.709977223134122, 50.91404053574707], [6.710103203377864, 50.91405970081322], [6.710108283222498, 50.914048674785214], [6.710129608577413, 50.914052178198666], [6.7101522016523125, 50.91401479231671], [6.710123926926861, 50.91401026213421], [6.709998288085894, 50.91399023136084], [6.709813218556298, 50.91396071464297], [6.70979879940697, 50.91399707364777]]]]}}, {"type": "Feature", "properties": {"fid": 276415.0, "oid": "DENW41AL30008NmLBL", "aktualit": "2024-08-20", "gebnutzbez": "Geb\u00e4ude", "funktion": "Wohngeb\u00e4ude", "gfkzshh": "31001_1000", "rellage": null, "name": null, "anzahlgs": null, "gmdschl": "05362032", "lagebeztxt": "Adenauerstra\u00dfe 5", "bld area": 75, "flstkennz_": "054682020001560017__", "tntxt": "Wohnbaufl\u00e4che;276", "area": 277}, "geometry": {"type": "MultiPolygon", "coordinates": [[[[6.708931575763137, 50.91165055177092], [6.709009412356657, 50.911655407659616], [6.709019123514844, 50.91159961898944], [6.709025708126018, 50.91156172117512], [6.70901860296951, 50.91156126689771], [6.709024166597268, 50.91153083213599], [6.709022578297528, 50.91153072900272], [6.70895297251715, 50.91152629553747], [6.708947579397027, 50.911556733643515], [6.708944857849742, 50.91157159244163], [6.708931575763137, 50.91165055177092]]]]}}, {"type": "Feature", "properties": {"fid": 61268.0, "oid": "DENW41AL30008LrqBL", "aktualit": "2024-08-20", "gebnutzbez": "Geb\u00e4ude", "funktion": "Gemischt genutztes Geb\u00e4ude mit Wohnen", "gfkzshh": "31001_1100", "rellage": null, "name": null, "anzahlgs": null, "gmdschl": "05362032", "lagebeztxt": "Bahnhofstra\u00dfe 30", "bld area": 124, "flstkennz_": "05468200800392______", "tntxt": "Fl\u00e4che gemischter Nutzung(funktion:Geb\u00e4ude- und Freifl\u00e4che Mischnutzung mit Wohnen);335", "area": 337}, "geometry": {"type": "MultiPolygon", "coordinates": [[[[6.712515534388187, 50.91527159255864], [6.712655322813913, 50.915292725370364], [6.712691065942933, 50.915185901496194], [6.712692412053467, 50.915181952488474], [6.71265438549758, 50.91517694398585], [6.712653160034691, 50.91518046364117], [6.71254810712676, 50.91516559699912], [6.7125426305273574, 50.915183270983384], [6.712515534388187, 50.91527159255864]]]]}}, {"type": "Feature", "properties": {"fid": 275454.0, "oid": "DENW41AL30008MiKBL", "aktualit": "2024-08-20", "gebnutzbez": "Geb\u00e4ude", "funktion": "Geb\u00e4ude zum Parken", "gfkzshh": "31001_2460", "rellage": null, "name": null, "anzahlgs": null, "gmdschl": "05362032", "lagebeztxt": null, "bld area": 57, "flstkennz_": "05468200800392______", "tntxt": "Fl\u00e4che gemischter Nutzung(funktion:Geb\u00e4ude- und Freifl\u00e4che Mischnutzung mit Wohnen);335", "area": 337}, "geometry": {"type": "MultiPolygon", "coordinates": [[[[6.712587809582843, 50.91503635652301], [6.712732251268806, 50.91506268010531], [6.712748009699767, 50.91501550911864], [6.712602353690114, 50.914988999860135], [6.712595197608018, 50.91501219928072], [6.712593831222381, 50.915016561618465], [6.712587809582843, 50.91503635652301]]]]}}, {"type": "Feature", "properties": {"fid": 60679.0, "oid": "DENW41AL30008L23BL", "aktualit": "2024-08-20", "gebnutzbez": "Geb\u00e4ude", "funktion": "Geb\u00e4ude zum Parken", "gfkzshh": "31001_2460", "rellage": null, "name": null, "anzahlgs": null, "gmdschl": "05362032", "lagebeztxt": null, "bld area": 57, "flstkennz_": "05468200800391______", "tntxt": "Fl\u00e4che gemischter Nutzung(funktion:Geb\u00e4ude- und Freifl\u00e4che Mischnutzung mit Wohnen);335", "area": 337}, "geometry": {"type": "MultiPolygon", "coordinates": [[[[6.712732251268806, 50.91506268010531], [6.712876715822508, 50.91508912087892], [6.712893857597898, 50.91504159023794], [6.712748009699767, 50.91501550911864], [6.712732251268806, 50.91506268010531]]]]}}, {"type": "Feature", "properties": {"fid": 158302.0, "oid": "DENW41AL30008JZkBL", "aktualit": "2024-08-20", "gebnutzbez": "Geb\u00e4ude", "funktion": "Gemischt genutztes Geb\u00e4ude mit Wohnen", "gfkzshh": "31001_1100", "rellage": null, "name": null, "anzahlgs": null, "gmdschl": "05362032", "lagebeztxt": "Bahnhofstra\u00dfe 32", "bld area": 124, "flstkennz_": "05468200800391______", "tntxt": "Fl\u00e4che gemischter Nutzung(funktion:Geb\u00e4ude- und Freifl\u00e4che Mischnutzung mit Wohnen);335", "area": 337}, "geometry": {"type": "MultiPolygon", "coordinates": [[[[6.712654467127811, 50.915295667656885], [6.712795043180576, 50.91531553857571], [6.71283293210927, 50.91521050156938], [6.712729478634732, 50.915195801348915], [6.71272612976515, 50.91519533098004], [6.71272763608008, 50.915191016353845], [6.712691065942933, 50.915185901496194], [6.712655322813913, 50.915292725370364], [6.712654467127811, 50.915295667656885]]]]}}, {"type": "Feature", "properties": {"fid": 272466.0, "oid": "DENW41AL30008JLyBL", "aktualit": "2024-08-20", "gebnutzbez": "Geb\u00e4ude", "funktion": "Geb\u00e4ude f\u00fcr Wirtschaft oder Gewerbe", "gfkzshh": "31001_2000", "rellage": null, "name": null, "anzahlgs": null, "gmdschl": "05362032", "lagebeztxt": null, "bld area": 29, "flstkennz_": "05468201900189______", "tntxt": "Wohnbaufl\u00e4che;570", "area": 569}, "geometry": {"type": "MultiPolygon", "coordinates": [[[[6.709270161679141, 50.90875961188652], [6.709344457256942, 50.908768112643706], [6.709358469026455, 50.90871916292105], [6.709284173523492, 50.9087106621737], [6.709270161679141, 50.90875961188652]]]]}}, {"type": "Feature", "properties": {"fid": 59925.0, "oid": "DENW41AL30008JxTBL", "aktualit": "2024-08-20", "gebnutzbez": "Geb\u00e4ude", "funktion": "Wohngeb\u00e4ude", "gfkzshh": "31001_1000", "rellage": null, "name": null, "anzahlgs": null, "gmdschl": "05362032", "lagebeztxt": "Sistenichstra\u00dfe 72", "bld area": 199, "flstkennz_": "05468201900189______", "tntxt": "Wohnbaufl\u00e4che;570", "area": 569}, "geometry": {"type": "MultiPolygon", "coordinates": [[[[6.709395504716105, 50.908826802856154], [6.709394058533642, 50.90889246744034], [6.709408263353104, 50.90889260235349], [6.70940732244618, 50.9089303051769], [6.709528422831943, 50.908931521882344], [6.709549252214125, 50.90893175082438], [6.709552323630546, 50.908842832391706], [6.709566526230041, 50.90884301221266], [6.709568835898797, 50.90876757898493], [6.709409365759144, 50.90876643664532], [6.709409311351058, 50.90876986233287], [6.7094111460142765, 50.90876987136206], [6.709409837864371, 50.90882693129405], [6.709395504716105, 50.908826802856154]]]]}}, {"type": "Feature", "properties": {"fid": 59923.0, "oid": "DENW41AL30008Jx2BL", "aktualit": "2024-08-20", "gebnutzbez": "Geb\u00e4ude", "funktion": "Geb\u00e4ude zum Parken", "gfkzshh": "31001_2460", "rellage": null, "name": null, "anzahlgs": null, "gmdschl": "05362032", "lagebeztxt": null, "bld area": 30, "flstkennz_": "05468201900188______", "tntxt": "Wohnbaufl\u00e4che;618", "area": 618}, "geometry": {"type": "MultiPolygon", "coordinates": [[[[6.709178257899706, 50.90908417704744], [6.709177025260662, 50.909132451214276], [6.709255113544219, 50.90913325556635], [6.709256332331741, 50.909084972133236], [6.709178257899706, 50.90908417704744]]]]}}, {"type": "Feature", "properties": {"fid": 160307.0, "oid": "DENW41AL30008NZDBL", "aktualit": "2024-08-20", "gebnutzbez": "Geb\u00e4ude", "funktion": "Wohngeb\u00e4ude", "gfkzshh": "31001_1000", "rellage": null, "name": null, "anzahlgs": null, "gmdschl": "05362032", "lagebeztxt": "Sistenichstra\u00dfe 70", "bld area": 199, "flstkennz_": "05468201900188______", "tntxt": "Wohnbaufl\u00e4che;618", "area": 618}, "geometry": {"type": "MultiPolygon", "coordinates": [[[[6.7093703228031485, 50.90896793880039], [6.709368425227091, 50.909033234758546], [6.709382089591455, 50.90903336806026], [6.709380970185808, 50.909089190507835], [6.709366779518712, 50.90908905586956], [6.709366665099073, 50.90909370357775], [6.7095372726004445, 50.9090957661053], [6.709539598412816, 50.90902058503242], [6.709525410412694, 50.909020396501], [6.709528422831943, 50.908931521882344], [6.70940732244618, 50.9089303051769], [6.709385257064849, 50.908930042954466], [6.709384127944674, 50.9089681018476], [6.7093703228031485, 50.90896793880039]]]]}}, {"type": "Feature", "properties": {"fid": 274878.0, "oid": "DENW41AL30008M4IBL", "aktualit": "2024-08-20", "gebnutzbez": "Geb\u00e4ude", "funktion": "Geb\u00e4ude zum Parken", "gfkzshh": "31001_2460", "rellage": null, "name": null, "anzahlgs": null, "gmdschl": "05362032", "lagebeztxt": null, "bld area": 44, "flstkennz_": "05468200800071______", "tntxt": "Wohnbaufl\u00e4che;233", "area": 237}, "geometry": {"type": "MultiPolygon", "coordinates": [[[[6.7145643007102755, 50.912653500162875], [6.714574831207989, 50.91262354018573], [6.714570817565449, 50.912622993891254], [6.714572585812581, 50.91261797383719], [6.71450542121883, 50.912608680731125], [6.714494303877953, 50.912643647915765], [6.7145643007102755, 50.912653500162875]]]]}}, {"type": "Feature", "properties": {"fid": 275313.0, "oid": "DENW41AL30008MZuBL", "aktualit": "2024-08-20", "gebnutzbez": "Geb\u00e4ude", "funktion": "Wohngeb\u00e4ude", "gfkzshh": "31001_1000", "rellage": null, "name": null, "anzahlgs": null, "gmdschl": "05362032", "lagebeztxt": "H\u00f6henweg 48", "bld area": 120, "flstkennz_": "05468200800071______", "tntxt": "Wohnbaufl\u00e4che;233", "area": 237}, "geometry": {"type": "MultiPolygon", "coordinates": [[[[6.71450542121883, 50.912608680731125], [6.714572585812581, 50.91261797383719], [6.714570817565449, 50.912622993891254], [6.714574831207989, 50.91262354018573], [6.714617109107536, 50.912629431806046], [6.714618931436584, 50.91262417896389], [6.714641808260783, 50.912627370162], [6.714650680838937, 50.912601919730335], [6.714665941671235, 50.91260404438241], [6.714671212682475, 50.912602447718925], [6.71467587491985, 50.912600209546994], [6.714679710783343, 50.912597415546436], [6.7146825715375185, 50.9125941977162], [6.7146843519670485, 50.91259067091922], [6.714684958868551, 50.912586995224096], [6.714684370984967, 50.91258331412017], [6.714682609258437, 50.91257978091714], [6.714679765696786, 50.9125765503164], [6.714675933628532, 50.91257375006282], [6.714687339112989, 50.91253580246385], [6.714676985706269, 50.912523241827216], [6.714651857723536, 50.91251953885838], [6.714633939957599, 50.912528667753705], [6.714538001214344, 50.912515177560806], [6.714505850641059, 50.91260746594376], [6.71450542121883, 50.912608680731125]]]]}}, {"type": "Feature", "properties": {"fid": 60491.0, "oid": "DENW41AL30008KkWBL", "aktualit": "2024-08-20", "gebnutzbez": "Geb\u00e4ude", "funktion": "Gemischt genutztes Geb\u00e4ude mit Wohnen", "gfkzshh": "31001_1100", "rellage": null, "name": null, "anzahlgs": null, "gmdschl": "05362032", "lagebeztxt": "Hauptstra\u00dfe 224", "bld area": 103, "flstkennz_": "05468202000047______", "tntxt": "Fl\u00e4che gemischter Nutzung(funktion:Geb\u00e4ude- und Freifl\u00e4che Mischnutzung mit Wohnen);564", "area": 567}, "geometry": {"type": "MultiPolygon", "coordinates": [[[[6.711401351811019, 50.91002137831463], [6.711399883079956, 50.91006523174783], [6.7115835906138495, 50.91006770106278], [6.711584163292258, 50.91004413874507], [6.711572233404839, 50.91004402172777], [6.711582044470075, 50.909986705815164], [6.711435481994283, 50.909984803054236], [6.711435415147873, 50.9100218304723], [6.711401351811019, 50.91002137831463]]]]}}, {"type": "Feature", "properties": {"fid": 158958.0, "oid": "DENW41AL30008KrYBL", "aktualit": "2024-08-20", "gebnutzbez": "Geb\u00e4ude", "funktion": "Wohngeb\u00e4ude", "gfkzshh": "31001_1000", "rellage": null, "name": null, "anzahlgs": null, "gmdschl": "05362032", "lagebeztxt": "Sistenichstra\u00dfe 12", "bld area": 53, "flstkennz_": "05468202100363______", "tntxt": "Wohnbaufl\u00e4che;297", "area": 296}, "geometry": {"type": "MultiPolygon", "coordinates": [[[[6.708308774778951, 50.91337787314896], [6.708417440047306, 50.91340655757406], [6.708452791042507, 50.913353053258376], [6.708344001572612, 50.91332458228487], [6.708308867122929, 50.91337773105666], [6.708308774778951, 50.91337787314896]]]]}}, {"type": "Feature", "properties": {"fid": 159961.0, "oid": "DENW41AL30008MtNBL", "aktualit": "2024-08-20", "gebnutzbez": "Geb\u00e4ude", "funktion": "Geb\u00e4ude zum Parken", "gfkzshh": "31001_2460", "rellage": null, "name": null, "anzahlgs": null, "gmdschl": "05362032", "lagebeztxt": null, "bld area": 21, "flstkennz_": "05468201900244______", "tntxt": "Wohnbaufl\u00e4che;453", "area": 452}, "geometry": {"type": "MultiPolygon", "coordinates": [[[[6.707612153209838, 50.90909997684981], [6.707657691625602, 50.90910399234429], [6.707660454138135, 50.9091042264916], [6.7076719985158055, 50.90905081238521], [6.70762388018965, 50.90904661130533], [6.707612153209838, 50.90909997684981]]]]}}, {"type": "Feature", "properties": {"fid": 63337.0, "oid": "DENW41AL30008OoeBL", "aktualit": "2024-08-20", "gebnutzbez": "Geb\u00e4ude", "funktion": "Wohngeb\u00e4ude", "gfkzshh": "31001_1000", "rellage": null, "name": null, "anzahlgs": null, "gmdschl": "05362032", "lagebeztxt": "Heinrich-Heine-Stra\u00dfe 3", "bld area": 110, "flstkennz_": "05468201900244______", "tntxt": "Wohnbaufl\u00e4che;453", "area": 452}, "geometry": {"type": "MultiPolygon", "coordinates": [[[[6.707651802154833, 50.909130625140136], [6.707817368544709, 50.90914553368364], [6.707837953055682, 50.909054341982085], [6.7078322166205036, 50.90905383356685], [6.70783175623744, 50.90905596512235], [6.7077769971854355, 50.909051129998865], [6.707777508596119, 50.90904882855776], [6.707772338434819, 50.909048376233066], [6.707769889611573, 50.90905941787063], [6.707675623541915, 50.909051153415874], [6.7076719985158055, 50.90905081238521], [6.707660454138135, 50.9091042264916], [6.707657691625602, 50.90910399234429], [6.707651802154833, 50.909130625140136]]]]}}, {"type": "Feature", "properties": {"fid": 59507.0, "oid": "DENW41AL30008JOuBL", "aktualit": "2024-08-20", "gebnutzbez": "Geb\u00e4ude", "funktion": "Wohngeb\u00e4ude", "gfkzshh": "31001_1000", "rellage": null, "name": null, "anzahlgs": null, "gmdschl": "05362032", "lagebeztxt": null, "bld area": 13, "flstkennz_": "05468201900244______", "tntxt": "Wohnbaufl\u00e4che;453", "area": 452}, "geometry": {"type": "MultiPolygon", "coordinates": [[[[6.707675623541915, 50.909051153415874], [6.707769889611573, 50.90905941787063], [6.707772338434819, 50.909048376233066], [6.707774907577019, 50.909041834014126], [6.707754838934768, 50.90904001874661], [6.707680226138411, 50.90903304873967], [6.707677604849852, 50.909042099289216], [6.707675623541915, 50.909051153415874]]]]}}, {"type": "Feature", "properties": {"fid": 274317.0, "oid": "DENW41AL30008LQnBL", "aktualit": "2024-08-20", "gebnutzbez": "Geb\u00e4ude", "funktion": "Geb\u00e4ude zur Freizeitgestaltung", "gfkzshh": "31001_1310", "rellage": null, "name": null, "anzahlgs": null, "gmdschl": "05362032", "lagebeztxt": null, "bld area": 66, "flstkennz_": "05468201900244______", "tntxt": "Wohnbaufl\u00e4che;453", "area": 452}, "geometry": {"type": "MultiPolygon", "coordinates": [[[[6.707666445533753, 50.90904107061364], [6.707671133368175, 50.90904149548033], [6.707677604849852, 50.909042099289216], [6.707680226138411, 50.90903304873967], [6.707754838934768, 50.90904001874661], [6.70777560931732, 50.908944756373], [6.707689102493847, 50.908937237948834], [6.707666445533753, 50.90904107061364]]]]}}, {"type": "Feature", "properties": {"fid": 273967.0, "oid": "DENW41AL30008L3BBL", "aktualit": "2024-08-20", "gebnutzbez": "Geb\u00e4ude", "funktion": "Wohngeb\u00e4ude", "gfkzshh": "31001_1000", "rellage": null, "name": null, "anzahlgs": null, "gmdschl": "05362032", "lagebeztxt": "Friedrich-Ebert-Platz 5", "bld area": 157, "flstkennz_": "05468202000435______", "tntxt": "Wohnbaufl\u00e4che;344", "area": 344}, "geometry": {"type": "MultiPolygon", "coordinates": [[[[6.71044465165537, 50.91155488698249], [6.71062044068232, 50.91156431675702], [6.7106221298001065, 50.91156439486401], [6.710637578766258, 50.91145253246695], [6.71063529315743, 50.9114524336644], [6.710459674218719, 50.911443025234476], [6.71044465165537, 50.91155488698249]]]]}}, {"type": "Feature", "properties": {"fid": 61032.0, "oid": "DENW41AL30008LX3BL", "aktualit": "2024-08-20", "gebnutzbez": "Geb\u00e4ude", "funktion": "Geb\u00e4ude zum Parken", "gfkzshh": "31001_2460", "rellage": null, "name": null, "anzahlgs": null, "gmdschl": "05362032", "lagebeztxt": null, "bld area": 33, "flstkennz_": "05468201900391______", "tntxt": "Wohnbaufl\u00e4che;366", "area": 366}, "geometry": {"type": "MultiPolygon", "coordinates": [[[[6.709817965552795, 50.90959665246372], [6.709939151992168, 50.909604265229866], [6.709938739380065, 50.909606874418046], [6.709966008114971, 50.909608659710734], [6.709970875088331, 50.90957877785883], [6.709822250682976, 50.90956906169027], [6.709817965552795, 50.90959665246372]]]]}}, {"type": "Feature", "properties": {"fid": 273021.0, "oid": "DENW41AL30008JxzBL", "aktualit": "2024-08-20", "gebnutzbez": "Geb\u00e4ude", "funktion": "Wohngeb\u00e4ude", "gfkzshh": "31001_1000", "rellage": null, "name": null, "anzahlgs": null, "gmdschl": "05362032", "lagebeztxt": "Sistenichstra\u00dfe 67 b", "bld area": 125, "flstkennz_": "05468201900391______", "tntxt": "Wohnbaufl\u00e4che;366", "area": 366}, "geometry": {"type": "MultiPolygon", "coordinates": [[[[6.709783980540725, 50.90971254014587], [6.709816085111659, 50.90971463623529], [6.709899141288848, 50.909720034696754], [6.709919517501776, 50.90972138793473], [6.709938739380065, 50.909606874418046], [6.709939151992168, 50.909604265229866], [6.709817965552795, 50.90959665246372], [6.709803599925896, 50.909595731958746], [6.709783980540725, 50.90971254014587]]]]}}, {"type": "Feature", "properties": {"fid": 275450.0, "oid": "DENW41AL30008MhoBL", "aktualit": "2024-08-20", "gebnutzbez": "Geb\u00e4ude", "funktion": "Geb\u00e4ude zum Parken", "gfkzshh": "31001_2460", "rellage": null, "name": null, "anzahlgs": null, "gmdschl": "05362032", "lagebeztxt": null, "bld area": 17, "flstkennz_": "05468201900391______", "tntxt": "Wohnbaufl\u00e4che;366", "area": 366}, "geometry": {"type": "MultiPolygon", "coordinates": [[[[6.709811845746448, 50.90974100470761], [6.709894849091204, 50.90974632118801], [6.709899141288848, 50.909720034696754], [6.709816085111659, 50.90971463623529], [6.709811845746448, 50.90974100470761]]]]}}, {"type": "Feature", "properties": {"fid": 57911.0, "oid": "DENW41AL10007KF8BL", "aktualit": "2024-08-20", "gebnutzbez": "Geb\u00e4ude", "funktion": "Geb\u00e4ude zum Parken", "gfkzshh": "31001_2460", "rellage": null, "name": null, "anzahlgs": null, "gmdschl": "05362032", "lagebeztxt": null, "bld area": 21, "flstkennz_": "054682020001350016__", "tntxt": "Wohnbaufl\u00e4che;437", "area": 439}, "geometry": {"type": "MultiPolygon", "coordinates": [[[[6.709028066504579, 50.91119567138329], [6.709126787659711, 50.91120166571151], [6.709130739605621, 50.911174787954096], [6.709032698066438, 50.911168860935206], [6.709028066504579, 50.91119567138329]]]]}}, {"type": "Feature", "properties": {"fid": 274738.0, "oid": "DENW41AL30008LuTBL", "aktualit": "2024-08-20", "gebnutzbez": "Geb\u00e4ude", "funktion": "Wohngeb\u00e4ude", "gfkzshh": "31001_1000", "rellage": null, "name": null, "anzahlgs": null, "gmdschl": "05362032", "lagebeztxt": "Sistenichstra\u00dfe 44", "bld area": 80, "flstkennz_": "054682020001350016__", "tntxt": "Wohnbaufl\u00e4che;437", "area": 439}, "geometry": {"type": "MultiPolygon", "coordinates": [[[[6.7091969323746525, 50.91128665187422], [6.709318494461298, 50.911294524463806], [6.709324621858149, 50.91125695044015], [6.7093389577938325, 50.911257906394184], [6.709345443390104, 50.91121970081883], [6.709331136332608, 50.91121873643825], [6.709331678049665, 50.91121552718158], [6.7092098070173165, 50.911207576586925], [6.7091969323746525, 50.91128665187422]]]]}}, {"type": "Feature", "properties": {"fid": 274261.0, "oid": "DENW41AL30008LMfBL", "aktualit": "2024-08-20", "gebnutzbez": "Geb\u00e4ude", "funktion": "Gemischt genutztes Geb\u00e4ude mit Wohnen", "gfkzshh": "31001_1100", "rellage": null, "name": null, "anzahlgs": null, "gmdschl": "05362032", "lagebeztxt": "Adenauerstra\u00dfe 23 a, 23 b", "bld area": 193, "flstkennz_": "05468202000316______", "tntxt": "Fl\u00e4che gemischter Nutzung(funktion:Geb\u00e4ude- und Freifl\u00e4che Mischnutzung mit Wohnen);431", "area": 425}, "geometry": {"type": "MultiPolygon", "coordinates": [[[[6.706693490423958, 50.91147459442938], [6.706967712236169, 50.91150310678077], [6.7069796147150464, 50.91145951236094], [6.706981425993356, 50.91145970984445], [6.7069848142022925, 50.91144750845482], [6.706977993264116, 50.911446771825915], [6.706986619060522, 50.91141397790509], [6.706834495605062, 50.91139806422567], [6.706833929918138, 50.91140031063116], [6.706715445702128, 50.91138799887998], [6.706693490423958, 50.91147459442938]]]]}}, {"type": "Feature", "properties": {"fid": 158441.0, "oid": "DENW41AL30008JqLBL", "aktualit": "2024-08-20", "gebnutzbez": "Geb\u00e4ude", "funktion": "Geb\u00e4ude zum Parken", "gfkzshh": "31001_2460", "rellage": null, "name": null, "anzahlgs": null, "gmdschl": "05362032", "lagebeztxt": null, "bld area": 28, "flstkennz_": "05468202000405______", "tntxt": "Wohnbaufl\u00e4che;289", "area": 289}, "geometry": {"type": "MultiPolygon", "coordinates": [[[[6.709308952252062, 50.910318206797136], [6.709381700119619, 50.91032206315515], [6.709443687790567, 50.910325447439064], [6.709447395739533, 50.910298897662024], [6.7093121277992935, 50.910291781484915], [6.709308952252062, 50.910318206797136]]]]}}, {"type": "Feature", "properties": {"fid": 61458.0, "oid": "DENW41AL30008M9aBL", "aktualit": "2024-08-20", "gebnutzbez": "Geb\u00e4ude", "funktion": "Wohngeb\u00e4ude", "gfkzshh": "31001_1000", "rellage": null, "name": null, "anzahlgs": null, "gmdschl": "05362032", "lagebeztxt": "Sistenichstra\u00dfe 56", "bld area": 84, "flstkennz_": "05468202000405______", "tntxt": "Wohnbaufl\u00e4che;289", "area": 289}, "geometry": {"type": "MultiPolygon", "coordinates": [[[[6.7092890119883215, 50.910290590224875], [6.7093121277992935, 50.910291781484915], [6.709447395739533, 50.910298897662024], [6.70945464680425, 50.910299273831534], [6.709463896648, 50.91022736761873], [6.709355371051316, 50.91022146892529], [6.709352305734474, 50.91024391201301], [6.709295722506911, 50.91024084962319], [6.7092890119883215, 50.910290590224875]]]]}}, {"type": "Feature", "properties": {"fid": 275658.0, "oid": "DENW41AL30008MwlBL", "aktualit": "2024-08-20", "gebnutzbez": "Geb\u00e4ude", "funktion": "Geb\u00e4ude f\u00fcr Wirtschaft oder Gewerbe", "gfkzshh": "31001_2000", "rellage": null, "name": null, "anzahlgs": null, "gmdschl": "05362032", "lagebeztxt": "Hauptstra\u00dfe 199", "bld area": 860, "flstkennz_": "05468200800760______", "tntxt": "Fl\u00e4che gemischter Nutzung(funktion:Geb\u00e4ude- und Freifl\u00e4che Mischnutzung mit Wohnen);1773", "area": 1774}, "geometry": {"type": "MultiPolygon", "coordinates": [[[[6.7115434219690115, 50.912295697061545], [6.711687845221529, 50.91232192271175], [6.711811560815492, 50.91234454026263], [6.7118292313502845, 50.912347710880375], [6.711879318058971, 50.912356814599946], [6.711921013078549, 50.91219912005693], [6.711790061317125, 50.91218510300309], [6.711774034382638, 50.91217163038351], [6.71179033986177, 50.91216376546204], [6.711802267988975, 50.91217320930201], [6.712232969606422, 50.91221258415611], [6.712253964522245, 50.91212129188032], [6.71210302600265, 50.91210724312823], [6.712102877479535, 50.91210795075046], [6.711723119797167, 50.912073270908294], [6.711722775251741, 50.912074784155585], [6.711682141756981, 50.912070479703516], [6.711686274613262, 50.91205612520913], [6.711652531108004, 50.912052603423454], [6.71160099601012, 50.912075058487424], [6.711593727033642, 50.91210287861122], [6.711616079930228, 50.91210543054529], [6.7115655392754405, 50.912298703084], [6.711543459212294, 50.91229551790985], [6.7115434219690115, 50.912295697061545]]]]}}, {"type": "Feature", "properties": {"fid": 62424.0, "oid": "DENW41AL30008NXJBL", "aktualit": "2024-08-20", "gebnutzbez": "Geb\u00e4ude", "funktion": "Geb\u00e4ude zum Parken", "gfkzshh": "31001_2460", "rellage": null, "name": null, "anzahlgs": null, "gmdschl": "05362032", "lagebeztxt": null, "bld area": 18, "flstkennz_": "05468202000338______", "tntxt": "Wohnbaufl\u00e4che;701", "area": 700}, "geometry": {"type": "MultiPolygon", "coordinates": [[[[6.710383501628677, 50.91047973481226], [6.710380661598512, 50.9105338349764], [6.710422741669699, 50.91053472353138], [6.710425662782292, 50.91048070029789], [6.710383501628677, 50.91047973481226]]]]}}, {"type": "Feature", "properties": {"fid": 62819.0, "oid": "DENW41AL30008O6FBL", "aktualit": "2024-08-20", "gebnutzbez": "Geb\u00e4ude", "funktion": "Wohngeb\u00e4ude", "gfkzshh": "31001_1000", "rellage": null, "name": null, "anzahlgs": null, "gmdschl": "05362032", "lagebeztxt": "An der Malzm\u00fchle 11", "bld area": 233, "flstkennz_": "05468202000338______", "tntxt": "Wohnbaufl\u00e4che;701", "area": 700}, "geometry": {"type": "MultiPolygon", "coordinates": [[[[6.710432857111201, 50.910678755720596], [6.710438949207624, 50.9106847753764], [6.710494565135864, 50.91068610934999], [6.710503595701318, 50.91068066520316], [6.7105555194573325, 50.91068186375307], [6.710561451604428, 50.91068766440591], [6.710593592409709, 50.91068845684193], [6.710599354964669, 50.91068293058774], [6.71064929029589, 50.91068406310476], [6.710658348771041, 50.9106899340774], [6.7107116911508635, 50.910691214352056], [6.71071874007748, 50.91068614504378], [6.710724561413087, 50.91058086632051], [6.710667079793821, 50.91057957680282], [6.7106674530830865, 50.91057255073572], [6.710664042966041, 50.91057246584996], [6.710663203173267, 50.910586678049405], [6.71051987256606, 50.910583236600274], [6.71052073685809, 50.910569105829154], [6.710517312529208, 50.91056902066028], [6.710516807249379, 50.91057844556363], [6.710438291149192, 50.91057674326298], [6.710432857111201, 50.910678755720596]]]]}}, {"type": "Feature", "properties": {"fid": 272656.0, "oid": "DENW41AL30008JZrBL", "aktualit": "2024-08-20", "gebnutzbez": "Geb\u00e4ude", "funktion": "Wohngeb\u00e4ude", "gfkzshh": "31001_1000", "rellage": null, "name": null, "anzahlgs": null, "gmdschl": "05362032", "lagebeztxt": "Grabenweg 5", "bld area": 287, "flstkennz_": "05468201900236______", "tntxt": "Wohnbaufl\u00e4che;897", "area": 896}, "geometry": {"type": "MultiPolygon", "coordinates": [[[[6.7085647735638325, 50.910032892229765], [6.70870451387142, 50.91003843318161], [6.70870584876334, 50.91002486929382], [6.7088785240324045, 50.91003153337417], [6.708887326005121, 50.90994211587159], [6.708888627561028, 50.9099286502626], [6.7088894943818085, 50.90991969116082], [6.70865207325377, 50.909910208856516], [6.708651639379391, 50.9099146973917], [6.708576749608221, 50.90991188680339], [6.7085647735638325, 50.910032892229765]]]]}}, {"type": "Feature", "properties": {"fid": 60165.0, "oid": "DENW41AL30008KIbBL", "aktualit": "2024-08-20", "gebnutzbez": "Geb\u00e4ude", "funktion": "Geb\u00e4ude zum Parken", "gfkzshh": "31001_2460", "rellage": null, "name": null, "anzahlgs": null, "gmdschl": "05362032", "lagebeztxt": null, "bld area": 16, "flstkennz_": "05468201900236______", "tntxt": "Wohnbaufl\u00e4che;897", "area": 896}, "geometry": {"type": "MultiPolygon", "coordinates": [[[[6.708823641994985, 50.909772855621796], [6.708901729405951, 50.90977601664256], [6.708904306726833, 50.90975047900415], [6.7088261722190055, 50.909747119189774], [6.708823641994985, 50.909772855621796]]]]}}, {"type": "Feature", "properties": {"fid": 61665.0, "oid": "DENW41AL30008MRfBL", "aktualit": "2024-08-20", "gebnutzbez": "Geb\u00e4ude", "funktion": "Geb\u00e4ude zum Parken", "gfkzshh": "31001_2460", "rellage": null, "name": null, "anzahlgs": null, "gmdschl": "05362032", "lagebeztxt": null, "bld area": 16, "flstkennz_": "05468201900236______", "tntxt": "Wohnbaufl\u00e4che;897", "area": 896}, "geometry": {"type": "MultiPolygon", "coordinates": [[[[6.708818631235492, 50.90982418555527], [6.708896595234891, 50.90982725421481], [6.708899145903158, 50.909801680076974], [6.708821113091752, 50.9097985650973], [6.708818631235492, 50.90982418555527]]]]}}, {"type": "Feature", "properties": {"fid": 158429.0, "oid": "DENW41AL30008JpPBL", "aktualit": "2024-08-20", "gebnutzbez": "Geb\u00e4ude", "funktion": "Geb\u00e4ude zum Parken", "gfkzshh": "31001_2460", "rellage": null, "name": null, "anzahlgs": null, "gmdschl": "05362032", "lagebeztxt": null, "bld area": 16, "flstkennz_": "05468201900236______", "tntxt": "Wohnbaufl\u00e4che;897", "area": 896}, "geometry": {"type": "MultiPolygon", "coordinates": [[[[6.7088161498174, 50.9098497970276], [6.708894073429222, 50.90985281992506], [6.708896595234891, 50.90982725421481], [6.708818631235492, 50.90982418555527], [6.7088161498174, 50.9098497970276]]]]}}, {"type": "Feature", "properties": {"fid": 273469.0, "oid": "DENW41AL30008KU4BL", "aktualit": "2024-08-20", "gebnutzbez": "Geb\u00e4ude", "funktion": "Geb\u00e4ude zum Parken", "gfkzshh": "31001_2460", "rellage": null, "name": null, "anzahlgs": null, "gmdschl": "05362032", "lagebeztxt": null, "bld area": 16, "flstkennz_": "05468201900236______", "tntxt": "Wohnbaufl\u00e4che;897", "area": 896}, "geometry": {"type": "MultiPolygon", "coordinates": [[[[6.708821113091752, 50.9097985650973], [6.708899145903158, 50.909801680076974], [6.708901729405951, 50.90977601664256], [6.708823641994985, 50.909772855621796], [6.708821113091752, 50.9097985650973]]]]}}, {"type": "Feature", "properties": {"fid": 274065.0, "oid": "DENW41AL30008L9YBL", "aktualit": "2024-08-20", "gebnutzbez": "Geb\u00e4ude", "funktion": "Gemischt genutztes Geb\u00e4ude mit Wohnen", "gfkzshh": "31001_1100", "rellage": null, "name": null, "anzahlgs": null, "gmdschl": "05362032", "lagebeztxt": "Hauptstra\u00dfe 174", "bld area": 40, "flstkennz_": "05468200800815______", "tntxt": "Fl\u00e4che gemischter Nutzung(funktion:Geb\u00e4ude- und Freifl\u00e4che Mischnutzung mit Wohnen);218", "area": 218}, "geometry": {"type": "MultiPolygon", "coordinates": [[[[6.710336696332732, 50.91356133197209], [6.710448648333152, 50.91358077008255], [6.710475290943299, 50.913541161095736], [6.710407000412412, 50.913529289219724], [6.710358700314017, 50.91352086750368], [6.710336696332732, 50.91356133197209]]]]}}, {"type": "Feature", "properties": {"fid": 275204.0, "oid": "DENW41AL30008MRgBL", "aktualit": "2024-08-20", "gebnutzbez": "Geb\u00e4ude", "funktion": "Geb\u00e4ude zum Parken", "gfkzshh": "31001_2460", "rellage": null, "name": null, "anzahlgs": null, "gmdschl": "05362032", "lagebeztxt": null, "bld area": 15, "flstkennz_": "05468200800815______", "tntxt": "Fl\u00e4che gemischter Nutzung(funktion:Geb\u00e4ude- und Freifl\u00e4che Mischnutzung mit Wohnen);218", "area": 218}, "geometry": {"type": "MultiPolygon", "coordinates": [[[[6.710306279479348, 50.91351176231376], [6.710358700314017, 50.91352086750368], [6.710407000412412, 50.913529289219724], [6.710417236736856, 50.91351262610731], [6.710313566950839, 50.91349488845381], [6.710306279479348, 50.91351176231376]]]]}}, {"type": "Feature", "properties": {"fid": 276468.0, "oid": "DENW41AL30008NpxBL", "aktualit": "2024-08-20", "gebnutzbez": "Geb\u00e4ude", "funktion": "Geb\u00e4ude f\u00fcr Wirtschaft oder Gewerbe", "gfkzshh": "31001_2000", "rellage": null, "name": null, "anzahlgs": null, "gmdschl": "05362032", "lagebeztxt": null, "bld area": 116, "flstkennz_": "05468200800815______", "tntxt": "Fl\u00e4che gemischter Nutzung(funktion:Geb\u00e4ude- und Freifl\u00e4che Mischnutzung mit Wohnen);218", "area": 218}, "geometry": {"type": "MultiPolygon", "coordinates": [[[[6.7100863690256505, 50.91351789860199], [6.710156748917486, 50.91353009947371], [6.710205826752679, 50.91353861748039], [6.710260138516673, 50.913548038633344], [6.710336696332732, 50.91356133197209], [6.710358700314017, 50.91352086750368], [6.710306279479348, 50.91351176231376], [6.710313566950839, 50.91349488845381], [6.710248741261334, 50.9134837320397], [6.710111734222019, 50.913460267432896], [6.710111057274122, 50.913460146220785], [6.710086481313029, 50.913517639976334], [6.7100863690256505, 50.91351789860199]]]]}}, {"type": "Feature", "properties": {"fid": 272816.0, "oid": "DENW41AL30008JktBL", "aktualit": "2024-08-20", "gebnutzbez": "Geb\u00e4ude", "funktion": "Wohngeb\u00e4ude", "gfkzshh": "31001_1000", "rellage": null, "name": null, "anzahlgs": null, "gmdschl": "05362032", "lagebeztxt": "Friedrich-Ebert-Platz 6", "bld area": 161, "flstkennz_": "054682020000620020__", "tntxt": "Wohnbaufl\u00e4che;269", "area": 271}, "geometry": {"type": "MultiPolygon", "coordinates": [[[[6.710428516999893, 50.91167491154326], [6.710605295149839, 50.91167666179068], [6.71062044068232, 50.91156431675702], [6.71044465165537, 50.91155488698249], [6.710428516999893, 50.91167491154326]]]]}}, {"type": "Feature", "properties": {"fid": 60401.0, "oid": "DENW41AL30008Kd2BL", "aktualit": "2024-08-20", "gebnutzbez": "Geb\u00e4ude", "funktion": "Geb\u00e4ude zum Parken", "gfkzshh": "31001_2460", "rellage": null, "name": null, "anzahlgs": null, "gmdschl": "05362032", "lagebeztxt": null, "bld area": 15, "flstkennz_": "05468202000451______", "tntxt": "Wohnbaufl\u00e4che;3547", "area": 3550}, "geometry": {"type": "MultiPolygon", "coordinates": [[[[6.706802143067838, 50.91064024140927], [6.706802885987351, 50.910688212601315], [6.706843120806792, 50.91068786097669], [6.706842332116266, 50.91063995184454], [6.706802143067838, 50.91064024140927]]]]}}, {"type": "Feature", "properties": {"fid": 62061.0, "oid": "DENW41AL30008N1WBL", "aktualit": "2024-08-20", "gebnutzbez": "Geb\u00e4ude", "funktion": "Wohngeb\u00e4ude", "gfkzshh": "31001_1000", "rellage": null, "name": null, "anzahlgs": null, "gmdschl": "05362032", "lagebeztxt": "Thomas-Mann-Stra\u00dfe 7, 8", "bld area": 430, "flstkennz_": "05468202000451______", "tntxt": "Wohnbaufl\u00e4che;3547", "area": 3550}, "geometry": {"type": "MultiPolygon", "coordinates": [[[[6.706435540911308, 50.91048414840944], [6.7065052912774625, 50.91049659998387], [6.706579442828008, 50.91050981256868], [6.706580384740309, 50.91050772645776], [6.706736737760715, 50.91015599940754], [6.706592973658311, 50.91013044607209], [6.706435540911308, 50.91048414840944]]]]}}, {"type": "Feature", "properties": {"fid": 63450.0, "oid": "DENW41AL30008OydBL", "aktualit": "2024-08-20", "gebnutzbez": "Geb\u00e4ude", "funktion": "Geb\u00e4ude zum Parken", "gfkzshh": "31001_2460", "rellage": null, "name": null, "anzahlgs": null, "gmdschl": "05362032", "lagebeztxt": null, "bld area": 15, "flstkennz_": "05468202000451______", "tntxt": "Wohnbaufl\u00e4che;3547", "area": 3550}, "geometry": {"type": "MultiPolygon", "coordinates": [[[[6.706720942414187, 50.91064076835654], [6.706721463227485, 50.9106889150672], [6.7067624664053485, 50.91068856058133], [6.7067617985656165, 50.91064050991714], [6.706720942414187, 50.91064076835654]]]]}}, {"type": "Feature", "properties": {"fid": 160913.0, "oid": "DENW41AL30008OmIBL", "aktualit": "2024-08-20", "gebnutzbez": "Geb\u00e4ude", "funktion": "Geb\u00e4ude zum Parken", "gfkzshh": "31001_2460", "rellage": null, "name": null, "anzahlgs": null, "gmdschl": "05362032", "lagebeztxt": null, "bld area": 15, "flstkennz_": "05468202000451______", "tntxt": "Wohnbaufl\u00e4che;3547", "area": 3550}, "geometry": {"type": "MultiPolygon", "coordinates": [[[[6.706842332116266, 50.91063995184454], [6.706843120806792, 50.91068786097669], [6.706883371605505, 50.91068747367574], [6.706882535377121, 50.910639662545215], [6.706842332116266, 50.91063995184454]]]]}}, {"type": "Feature", "properties": {"fid": 273611.0, "oid": "DENW41AL30008Ke5BL", "aktualit": "2024-08-20", "gebnutzbez": "Geb\u00e4ude", "funktion": "Wohngeb\u00e4ude", "gfkzshh": "31001_1000", "rellage": null, "name": null, "anzahlgs": null, "gmdschl": "05362032", "lagebeztxt": "Am gr\u00fcnen Weg 16, 18", "bld area": 336, "flstkennz_": "05468202000451______", "tntxt": "Wohnbaufl\u00e4che;3547", "area": 3550}, "geometry": {"type": "MultiPolygon", "coordinates": [[[[6.707002745627788, 50.91067730848491], [6.707128991195732, 50.91069115754277], [6.707218444955171, 50.91036123030206], [6.7070923533351, 50.91034687169511], [6.707002745627788, 50.91067730848491]]]]}}, {"type": "Feature", "properties": {"fid": 274047.0, "oid": "DENW41AL30008L8ABL", "aktualit": "2024-08-20", "gebnutzbez": "Geb\u00e4ude", "funktion": "Wohngeb\u00e4ude", "gfkzshh": "31001_1000", "rellage": null, "name": null, "anzahlgs": null, "gmdschl": "05362032", "lagebeztxt": "Thomas-Mann-Stra\u00dfe 9", "bld area": 168, "flstkennz_": "05468202000451______", "tntxt": "Wohnbaufl\u00e4che;3547", "area": 3550}, "geometry": {"type": "MultiPolygon", "coordinates": [[[[6.706433457148944, 50.910656722422026], [6.706557176592773, 50.91067883301056], [6.70662957602023, 50.910516464086925], [6.706580384740309, 50.91050772645776], [6.706579442828008, 50.91050981256868], [6.7065052912774625, 50.91049659998387], [6.706473469055618, 50.91056745077], [6.706433457148944, 50.910656722422026]]]]}}, {"type": "Feature", "properties": {"fid": 275239.0, "oid": "DENW41AL30008MUPBL", "aktualit": "2024-08-20", "gebnutzbez": "Geb\u00e4ude", "funktion": "Geb\u00e4ude zum Parken", "gfkzshh": "31001_2460", "rellage": null, "name": null, "anzahlgs": null, "gmdschl": "05362032", "lagebeztxt": null, "bld area": 15, "flstkennz_": "05468202000451______", "tntxt": "Wohnbaufl\u00e4che;3547", "area": 3550}, "geometry": {"type": "MultiPolygon", "coordinates": [[[[6.706882535377121, 50.910639662545215], [6.706883371605505, 50.91068747367574], [6.706924628840705, 50.91068716010148], [6.706923734394923, 50.910639374809925], [6.706882535377121, 50.910639662545215]]]]}}, {"type": "Feature", "properties": {"fid": 276115.0, "oid": "DENW41AL30008NSABL", "aktualit": "2024-08-20", "gebnutzbez": "Geb\u00e4ude", "funktion": "Geb\u00e4ude zum Parken", "gfkzshh": "31001_2460", "rellage": null, "name": null, "anzahlgs": null, "gmdschl": "05362032", "lagebeztxt": null, "bld area": 15, "flstkennz_": "05468202000451______", "tntxt": "Wohnbaufl\u00e4che;3547", "area": 3550}, "geometry": {"type": "MultiPolygon", "coordinates": [[[[6.7067617985656165, 50.91064050991714], [6.7067624664053485, 50.91068856058133], [6.706802885987351, 50.910688212601315], [6.706802143067838, 50.91064024140927], [6.7067617985656165, 50.91064050991714]]]]}}, {"type": "Feature", "properties": {"fid": 62968.0, "oid": "DENW41AL30008OIaBL", "aktualit": "2024-08-20", "gebnutzbez": "Geb\u00e4ude", "funktion": "Geb\u00e4ude zum Parken", "gfkzshh": "31001_2460", "rellage": null, "name": null, "anzahlgs": null, "gmdschl": "05362032", "lagebeztxt": null, "bld area": 15, "flstkennz_": "05468202000450______", "tntxt": "Wohnbaufl\u00e4che;754", "area": 754}, "geometry": {"type": "MultiPolygon", "coordinates": [[[[6.70678184706654, 50.910189597427895], [6.706822188988842, 50.910191109698836], [6.7068267055620865, 50.910143511677965], [6.706786280615466, 50.91014195280627], [6.70678184706654, 50.910189597427895]]]]}}, {"type": "Feature", "properties": {"fid": 158791.0, "oid": "DENW41AL30008KX3BL", "aktualit": "2024-08-20", "gebnutzbez": "Geb\u00e4ude", "funktion": "Wohngeb\u00e4ude", "gfkzshh": "31001_1000", "rellage": null, "name": null, "anzahlgs": null, "gmdschl": "05362032", "lagebeztxt": "Grabenweg 20", "bld area": 175, "flstkennz_": "05468202000450______", "tntxt": "Wohnbaufl\u00e4che;754", "area": 754}, "geometry": {"type": "MultiPolygon", "coordinates": [[[[6.706941850760899, 50.91020689824033], [6.707211555419869, 50.910215444330234], [6.707218080892699, 50.91013246696116], [6.706948896825053, 50.91012404803577], [6.706941850760899, 50.91020689824033]]]]}}, {"type": "Feature", "properties": {"fid": 160634.0, "oid": "DENW41AL30008ODyBL", "aktualit": "2024-08-20", "gebnutzbez": "Geb\u00e4ude", "funktion": "Geb\u00e4ude zum Parken", "gfkzshh": "31001_2460", "rellage": null, "name": null, "anzahlgs": null, "gmdschl": "05362032", "lagebeztxt": null, "bld area": 15, "flstkennz_": "05468202000450______", "tntxt": "Wohnbaufl\u00e4che;754", "area": 754}, "geometry": {"type": "MultiPolygon", "coordinates": [[[[6.706822188988842, 50.910191109698836], [6.706862232013286, 50.91019262507655], [6.70686653403581, 50.910145049820805], [6.7068267055620865, 50.910143511677965], [6.706822188988842, 50.910191109698836]]]]}}, {"type": "Feature", "properties": {"fid": 272863.0, "oid": "DENW41AL30008JnqBL", "aktualit": "2024-08-20", "gebnutzbez": "Geb\u00e4ude", "funktion": "Geb\u00e4ude zum Parken", "gfkzshh": "31001_2460", "rellage": null, "name": null, "anzahlgs": null, "gmdschl": "05362032", "lagebeztxt": null, "bld area": 15, "flstkennz_": "05468202000450______", "tntxt": "Wohnbaufl\u00e4che;754", "area": 754}, "geometry": {"type": "MultiPolygon", "coordinates": [[[[6.706862232013286, 50.91019262507655], [6.7069025881540565, 50.91019413759902], [6.706907242351836, 50.910146632220986], [6.70686653403581, 50.910145049820805], [6.706862232013286, 50.91019262507655]]]]}}, {"type": "Feature", "properties": {"fid": 276067.0, "oid": "DENW41AL30008NOnBL", "aktualit": "2024-08-20", "gebnutzbez": "Geb\u00e4ude", "funktion": "Geb\u00e4ude zum Parken", "gfkzshh": "31001_2460", "rellage": null, "name": null, "anzahlgs": null, "gmdschl": "05362032", "lagebeztxt": null, "bld area": 31, "flstkennz_": "054682020001610017__", "tntxt": "Wohnbaufl\u00e4che;271", "area": 272}, "geometry": {"type": "MultiPolygon", "coordinates": [[[[6.707411228427356, 50.911482724632066], [6.7074637029536195, 50.911486048988415], [6.707464341202127, 50.911486088508944], [6.707468293694156, 50.911462403721465], [6.707476630143446, 50.911412623206864], [6.707475353648411, 50.91141254416596], [6.707423148362054, 50.91140924309171], [6.707411228427356, 50.911482724632066]]]]}}, {"type": "Feature", "properties": {"fid": 272463.0, "oid": "DENW41AL30008JLtBL", "aktualit": "2024-08-20", "gebnutzbez": "Geb\u00e4ude", "funktion": "Wohngeb\u00e4ude", "gfkzshh": "31001_1000", "rellage": null, "name": null, "anzahlgs": null, "gmdschl": "05362032", "lagebeztxt": "Adenauerstra\u00dfe 19", "bld area": 54, "flstkennz_": "054682020001610017__", "tntxt": "Wohnbaufl\u00e4che;271", "area": 272}, "geometry": {"type": "MultiPolygon", "coordinates": [[[[6.707452585597695, 50.91155622747252], [6.7075302713296026, 50.91156125227507], [6.707543080027384, 50.91148213088962], [6.707515596677836, 50.91148034981568], [6.707518041565151, 50.91146562951867], [6.707478149463694, 50.91146304703985], [6.707468293694156, 50.911462403721465], [6.707464341202127, 50.911486088508944], [6.707452585597695, 50.91155622747252]]]]}}, {"type": "Feature", "properties": {"fid": 277161.0, "oid": "DENW41AL30008OaHBL", "aktualit": "2024-08-20", "gebnutzbez": "Geb\u00e4ude", "funktion": "Wohngeb\u00e4ude", "gfkzshh": "31001_1000", "rellage": null, "name": null, "anzahlgs": null, "gmdschl": "05362032", "lagebeztxt": null, "bld area": 16, "flstkennz_": "054682020001610017__", "tntxt": "Wohnbaufl\u00e4che;271", "area": 272}, "geometry": {"type": "MultiPolygon", "coordinates": [[[[6.707478149463694, 50.91146304703985], [6.707518041565151, 50.91146562951867], [6.707515596677836, 50.91148034981568], [6.707543080027384, 50.91148213088962], [6.707549343817214, 50.91144267986134], [6.707482150084032, 50.91143838283959], [6.707478149463694, 50.91146304703985]]]]}}, {"type": "Feature", "properties": {"fid": 158453.0, "oid": "DENW41AL30008JroBL", "aktualit": "2024-08-20", "gebnutzbez": "Geb\u00e4ude", "funktion": "Wohngeb\u00e4ude", "gfkzshh": "31001_1000", "rellage": null, "name": null, "anzahlgs": null, "gmdschl": "05362032", "lagebeztxt": null, "bld area": 58, "flstkennz_": "05468202000438______", "tntxt": "Fl\u00e4che gemischter Nutzung(funktion:Geb\u00e4ude- und Freifl\u00e4che Mischnutzung mit Wohnen);557", "area": 555}, "geometry": {"type": "MultiPolygon", "coordinates": [[[[6.7115057902186726, 50.910416495765595], [6.711506386066745, 50.91044262632842], [6.711535948981555, 50.910443475882055], [6.7116379650607625, 50.910446366782125], [6.711638887454364, 50.91041132585253], [6.71163962779128, 50.91038840540487], [6.711520892305309, 50.91038298308234], [6.7115205650047045, 50.91040966217071], [6.7115206194364845, 50.91041638183383], [6.7115057902186726, 50.910416495765595]]]]}}, {"type": "Feature", "properties": {"fid": 273551.0, "oid": "DENW41AL30008KZmBL", "aktualit": "2024-08-20", "gebnutzbez": "Geb\u00e4ude", "funktion": "Geb\u00e4ude zum Parken", "gfkzshh": "31001_2460", "rellage": null, "name": null, "anzahlgs": null, "gmdschl": "05362032", "lagebeztxt": null, "bld area": 17, "flstkennz_": "05468202000438______", "tntxt": "Fl\u00e4che gemischter Nutzung(funktion:Geb\u00e4ude- und Freifl\u00e4che Mischnutzung mit Wohnen);557", "area": 555}, "geometry": {"type": "MultiPolygon", "coordinates": [[[[6.71137770964749, 50.91040872245924], [6.711446602576071, 50.91041083801727], [6.711450650908578, 50.91037935709638], [6.711432244700436, 50.91037843850233], [6.711380141229668, 50.9103768500697], [6.71137770964749, 50.91040872245924]]]]}}, {"type": "Feature", "properties": {"fid": 272862.0, "oid": "DENW41AL30008JnQBL", "aktualit": "2024-08-20", "gebnutzbez": "Geb\u00e4ude", "funktion": "Gemischt genutztes Geb\u00e4ude mit Wohnen", "gfkzshh": "31001_1100", "rellage": null, "name": null, "anzahlgs": null, "gmdschl": "05362032", "lagebeztxt": "Hauptstra\u00dfe 214", "bld area": 49, "flstkennz_": "05468202000438______", "tntxt": "Fl\u00e4che gemischter Nutzung(funktion:Geb\u00e4ude- und Freifl\u00e4che Mischnutzung mit Wohnen);557", "area": 555}, "geometry": {"type": "MultiPolygon", "coordinates": [[[[6.711532860848859, 50.910504970971324], [6.7116352858193835, 50.91050706941592], [6.7116379650607625, 50.910446366782125], [6.711535948981555, 50.910443475882055], [6.711532860848859, 50.910504970971324]]]]}}, {"type": "Feature", "properties": {"fid": 274050.0, "oid": "DENW41AL30008L8RBL", "aktualit": "2024-08-20", "gebnutzbez": "Geb\u00e4ude", "funktion": "Geb\u00e4ude zur Freizeitgestaltung", "gfkzshh": "31001_1310", "rellage": null, "name": null, "anzahlgs": null, "gmdschl": "05362032", "lagebeztxt": null, "bld area": 16, "flstkennz_": null, "tntxt": null, "area": null}, "geometry": {"type": "MultiPolygon", "coordinates": [[[[6.709069834852637, 50.91353501765505], [6.709070013307214, 50.913534728207516], [6.708996609233677, 50.91351487628649], [6.708996144911632, 50.913515605090936], [6.709069834852637, 50.91353501765505]]]]}}, {"type": "Feature", "properties": {"fid": 273048.0, "oid": "DENW41AL30008K02BL", "aktualit": "2024-08-20", "gebnutzbez": "Geb\u00e4ude", "funktion": "Gemischt genutztes Geb\u00e4ude mit Wohnen", "gfkzshh": "31001_1100", "rellage": null, "name": null, "anzahlgs": null, "gmdschl": "05362032", "lagebeztxt": "Bahnhofstra\u00dfe 16", "bld area": 129, "flstkennz_": null, "tntxt": null, "area": null}, "geometry": {"type": "MultiPolygon", "coordinates": [[[[6.710831071224693, 50.91483852398323], [6.710933937995531, 50.9148802236692], [6.710985473757183, 50.91482970731065], [6.710997396289347, 50.914818113918656], [6.711034646323243, 50.91478153700929], [6.71103708223904, 50.91477915637964], [6.711036232397319, 50.914778788941334], [6.710968767789164, 50.914750339495946], [6.711003961474724, 50.91471565599396], [6.710969992635611, 50.91470190331421], [6.710913819740027, 50.914757329429506], [6.710831071224693, 50.91483852398323]]]]}}, {"type": "Feature", "properties": {"fid": 60891.0, "oid": "DENW41AL30008LL2BL", "aktualit": "2024-08-20", "gebnutzbez": "Geb\u00e4ude", "funktion": "Wohngeb\u00e4ude", "gfkzshh": "31001_1000", "rellage": null, "name": null, "anzahlgs": null, "gmdschl": "05362032", "lagebeztxt": "Merkurweg 24", "bld area": 133, "flstkennz_": null, "tntxt": null, "area": null}, "geometry": {"type": "MultiPolygon", "coordinates": [[[[6.709460488396711, 50.91295734827044], [6.709404170010482, 50.91304012702328], [6.709454971206045, 50.9130535180043], [6.709578990191985, 50.9130861992776], [6.709615669426089, 50.913029950502114], [6.709622229347701, 50.913031662209285], [6.709623859057194, 50.913029184839154], [6.709612328101787, 50.913026143378254], [6.7096205214949745, 50.913013712437674], [6.7096320382346635, 50.91301675361878], [6.70963368215632, 50.91301427652743], [6.70962715110439, 50.91301255639338], [6.709633559315684, 50.91300285310983], [6.709460488396711, 50.91295734827044]]]]}}, {"type": "Feature", "properties": {"fid": 159117.0, "oid": "DENW41AL30008LAMBL", "aktualit": "2024-08-20", "gebnutzbez": "Geb\u00e4ude", "funktion": "Geb\u00e4ude zum Parken", "gfkzshh": "31001_2460", "rellage": null, "name": null, "anzahlgs": null, "gmdschl": "05362032", "lagebeztxt": null, "bld area": 54, "flstkennz_": null, "tntxt": null, "area": null}, "geometry": {"type": "MultiPolygon", "coordinates": [[[[6.709618474855859, 50.91299888702725], [6.709618798251897, 50.912998973258745], [6.7096187989263285, 50.91299897223352], [6.709618474855859, 50.91299888702725]]]]}}, {"type": "Feature", "properties": {"fid": 277104.0, "oid": "DENW41AL30008OWeBL", "aktualit": "2024-08-20", "gebnutzbez": "Geb\u00e4ude", "funktion": "Geb\u00e4ude zum Parken", "gfkzshh": "31001_2460", "rellage": null, "name": null, "anzahlgs": null, "gmdschl": "05362032", "lagebeztxt": null, "bld area": 33, "flstkennz_": null, "tntxt": null, "area": null}, "geometry": {"type": "MultiPolygon", "coordinates": [[[[6.708139588987378, 50.910025019438685], [6.70819436708234, 50.91002717451292], [6.7082020249044705, 50.90994659378092], [6.708151602653346, 50.90994496496565], [6.708145918399587, 50.910002748411515], [6.708141800806641, 50.910002586598736], [6.708139588987378, 50.910025019438685]]]]}}, {"type": "Feature", "properties": {"fid": 272159.0, "oid": "DENW41AL2h30000JBL", "aktualit": "2024-08-20", "gebnutzbez": "Geb\u00e4ude", "funktion": "Geb\u00e4ude zur Freizeitgestaltung", "gfkzshh": "31001_1310", "rellage": null, "name": null, "anzahlgs": null, "gmdschl": "05362032", "lagebeztxt": null, "bld area": 71, "flstkennz_": null, "tntxt": null, "area": null}, "geometry": {"type": "MultiPolygon", "coordinates": [[[[6.707660688854878, 50.91223855205255], [6.707670397124352, 50.912203989522816], [6.707798795562816, 50.912218410764375], [6.707809191028574, 50.91218144230679], [6.707624353801803, 50.91216068687315], [6.707604264185507, 50.91223222521934], [6.707660688854878, 50.91223855205255]]]]}}, {"type": "Feature", "properties": {"fid": 275533.0, "oid": "DENW41AL30008MoHBL", "aktualit": "2024-08-20", "gebnutzbez": "Geb\u00e4ude", "funktion": "Wohngeb\u00e4ude", "gfkzshh": "31001_1000", "rellage": null, "name": null, "anzahlgs": null, "gmdschl": "05362032", "lagebeztxt": "Merkurweg 9", "bld area": 98, "flstkennz_": null, "tntxt": null, "area": null}, "geometry": {"type": "MultiPolygon", "coordinates": [[[[6.709845136080485, 50.91347602420732], [6.7098582061748235, 50.913445237096894], [6.709869483199144, 50.91341868295308], [6.709827666750918, 50.91341150351786], [6.709666283489669, 50.91338380947848], [6.709654932110319, 50.91341013729167], [6.709641739503809, 50.913440713875296], [6.709845136080485, 50.91347602420732]]]]}}, {"type": "Feature", "properties": {"fid": 61525.0, "oid": "DENW41AL30008MFIBL", "aktualit": "2024-08-20", "gebnutzbez": "Geb\u00e4ude", "funktion": "Wohngeb\u00e4ude", "gfkzshh": "31001_1000", "rellage": null, "name": null, "anzahlgs": null, "gmdschl": "05362032", "lagebeztxt": "Wiesenstra\u00dfe 30", "bld area": 50, "flstkennz_": null, "tntxt": null, "area": null}, "geometry": {"type": "MultiPolygon", "coordinates": [[[[6.706252528244278, 50.91266646172845], [6.706247748305522, 50.91266500966871], [6.706246869395816, 50.912665946838864], [6.706252913687099, 50.912667881379235], [6.706278814891495, 50.912631838408316], [6.706252528244278, 50.91266646172845]]]]}}, {"type": "Feature", "properties": {"fid": 272079.0, "oid": "DENW41AL2YC00095BL", "aktualit": "2024-08-20", "gebnutzbez": "Geb\u00e4ude", "funktion": "Wohngeb\u00e4ude", "gfkzshh": "31001_1000", "rellage": null, "name": null, "anzahlgs": null, "gmdschl": "05362032", "lagebeztxt": "Wiesenstra\u00dfe 28", "bld area": 67, "flstkennz_": null, "tntxt": null, "area": null}, "geometry": {"type": "MultiPolygon", "coordinates": [[[[6.706301150036544, 50.91260802642995], [6.706287177001327, 50.91262292338666], [6.7062532921379105, 50.91266799674697], [6.706243945774211, 50.91268042278376], [6.706328918688106, 50.91270625106898], [6.706391799898178, 50.91262498398641], [6.706308892780972, 50.912599771716806], [6.706301150036544, 50.91260802642995]]]]}}, {"type": "Feature", "properties": {"fid": 276721.0, "oid": "DENW41AL30008O7RBL", "aktualit": "2024-08-20", "gebnutzbez": "Geb\u00e4ude", "funktion": "Wohngeb\u00e4ude", "gfkzshh": "31001_1000", "rellage": null, "name": null, "anzahlgs": null, "gmdschl": "05362032", "lagebeztxt": "Grabenweg 13", "bld area": 82, "flstkennz_": null, "tntxt": null, "area": null}, "geometry": {"type": "MultiPolygon", "coordinates": [[[[6.707266270116227, 50.9099859013282], [6.707386540851807, 50.90999044974897], [6.7073915000136495, 50.90994107057583], [6.707395204191064, 50.909903332108065], [6.7072760993662275, 50.90989822198368], [6.707266270116227, 50.9099859013282]]]]}}, {"type": "Feature", "properties": {"fid": 275161.0, "oid": "DENW41AL30008MOvBL", "aktualit": "2024-08-20", "gebnutzbez": "Geb\u00e4ude", "funktion": "Geb\u00e4ude zum Parken", "gfkzshh": "31001_2460", "rellage": null, "name": null, "anzahlgs": null, "gmdschl": "05362032", "lagebeztxt": null, "bld area": 19, "flstkennz_": null, "tntxt": null, "area": null}, "geometry": {"type": "MultiPolygon", "coordinates": [[[[6.7054489110168225, 50.912649989358556], [6.7054806232813835, 50.912660965094595], [6.705487912244907, 50.91265305867929], [6.705495210797199, 50.9126556575712], [6.705513932264689, 50.91263427790529], [6.705532640827797, 50.912612871000384], [6.705493766389206, 50.91260115185447], [6.705492644815298, 50.91260081500887], [6.705456443748506, 50.912641754956056], [6.7054489110168225, 50.912649989358556]]]]}}, {"type": "Feature", "properties": {"fid": 271880.0, "oid": "DENW41AL2000ICBmBL", "aktualit": "2024-08-20", "gebnutzbez": "Geb\u00e4ude", "funktion": "Gemischt genutztes Geb\u00e4ude mit Wohnen", "gfkzshh": "31001_1100", "rellage": null, "name": null, "anzahlgs": null, "gmdschl": "05362032", "lagebeztxt": null, "bld area": 10, "flstkennz_": null, "tntxt": null, "area": null}, "geometry": {"type": "MultiPolygon", "coordinates": [[[[6.710749083753585, 50.91411030041273], [6.7107478282677375, 50.91411211058137], [6.7107779876738505, 50.91412027522152], [6.710779162757083, 50.91411854566213], [6.710749083753585, 50.91411030041273]]]]}}, {"type": "Feature", "properties": {"fid": 160840.0, "oid": "DENW41AL30008OdnBL", "aktualit": "2024-08-20", "gebnutzbez": "Geb\u00e4ude", "funktion": "Wohngeb\u00e4ude", "gfkzshh": "31001_1000", "rellage": null, "name": null, "anzahlgs": null, "gmdschl": "05362032", "lagebeztxt": null, "bld area": 17, "flstkennz_": null, "tntxt": null, "area": null}, "geometry": {"type": "MultiPolygon", "coordinates": [[[[6.706697240978242, 50.90850587405645], [6.706778713988523, 50.90851304246867], [6.706784489730656, 50.90848641647097], [6.706704512982349, 50.90847919651947], [6.7067031108713095, 50.90847907003041], [6.706697240978242, 50.90850587405645]]]]}}, {"type": "Feature", "properties": {"fid": 160877.0, "oid": "DENW41AL30008OiNBL", "aktualit": "2024-08-20", "gebnutzbez": "Geb\u00e4ude", "funktion": "Geb\u00e4ude zum Parken", "gfkzshh": "31001_2460", "rellage": null, "name": null, "anzahlgs": null, "gmdschl": "05362032", "lagebeztxt": null, "bld area": 19, "flstkennz_": null, "tntxt": null, "area": null}, "geometry": {"type": "MultiPolygon", "coordinates": [[[[6.706451995712645, 50.90867448778601], [6.706536294928474, 50.90868175688194], [6.706541897478701, 50.90865286996978], [6.706493529608286, 50.90864854659205], [6.706458518034451, 50.9086454120899], [6.706451995712645, 50.90867448778601]]]]}}, {"type": "Feature", "properties": {"fid": 158216.0, "oid": "DENW41AL30008JOgBL", "aktualit": "2024-08-20", "gebnutzbez": "Geb\u00e4ude", "funktion": "Wohngeb\u00e4ude", "gfkzshh": "31001_1000", "rellage": null, "name": null, "anzahlgs": null, "gmdschl": "05362032", "lagebeztxt": "Sistenichstra\u00dfe 40", "bld area": 68, "flstkennz_": null, "tntxt": null, "area": null}, "geometry": {"type": "MultiPolygon", "coordinates": [[[[6.709248006880194, 50.91185397613115], [6.709252710734237, 50.91182348966898], [6.70927252506399, 50.91182471506087], [6.709277667623166, 50.9117918436155], [6.70913264836382, 50.91178273702924], [6.709122945700904, 50.91184624969942], [6.709248006880194, 50.91185397613115]]]]}}, {"type": "Feature", "properties": {"fid": 159843.0, "oid": "DENW41AL30008MdhBL", "aktualit": "2024-08-20", "gebnutzbez": "Geb\u00e4ude", "funktion": "Wohngeb\u00e4ude", "gfkzshh": "31001_1000", "rellage": null, "name": null, "anzahlgs": null, "gmdschl": "05362032", "lagebeztxt": "Adenauerstra\u00dfe 12", "bld area": 96, "flstkennz_": null, "tntxt": null, "area": null}, "geometry": {"type": "MultiPolygon", "coordinates": [[[[6.70789934030925, 50.911818510923005], [6.707918522541391, 50.91183346712542], [6.707943810714403, 50.91183533989997], [6.707941870777448, 50.91184644549684], [6.707992796639748, 50.91185002700674], [6.707995513814233, 50.91182513072033], [6.707999843576031, 50.91179984338212], [6.708003096992558, 50.91179993426171], [6.708014994800312, 50.91172196417603], [6.707965496622407, 50.91171857260904], [6.707967490498899, 50.911706658601425], [6.707923947151731, 50.911703680777045], [6.707921981689924, 50.91171559534207], [6.70792121596401, 50.91171554432622], [6.707907118569828, 50.9117919511976], [6.707903554211856, 50.911793266282935], [6.70789934030925, 50.911818510923005]]]]}}, {"type": "Feature", "properties": {"fid": 62478.0, "oid": "DENW41AL30008NbyBL", "aktualit": "2024-08-20", "gebnutzbez": "Geb\u00e4ude", "funktion": "Wohngeb\u00e4ude", "gfkzshh": "31001_1000", "rellage": null, "name": null, "anzahlgs": null, "gmdschl": "05362032", "lagebeztxt": null, "bld area": 33, "flstkennz_": null, "tntxt": null, "area": null}, "geometry": {"type": "MultiPolygon", "coordinates": [[[[6.70758796308071, 50.913141145102536], [6.707654588482194, 50.913160741819794], [6.707684532350418, 50.913120874512174], [6.707675798503924, 50.91311823857166], [6.707684870195173, 50.91310618478002], [6.7076265206706935, 50.91308915379769], [6.70758796308071, 50.913141145102536]]]]}}, {"type": "Feature", "properties": {"fid": 277430.0, "oid": "DENW41AL30008OrsBL", "aktualit": "2024-08-20", "gebnutzbez": "Geb\u00e4ude", "funktion": "Wohngeb\u00e4ude", "gfkzshh": "31001_1000", "rellage": null, "name": null, "anzahlgs": null, "gmdschl": "05362032", "lagebeztxt": "Wiesenstra\u00dfe 6", "bld area": 80, "flstkennz_": null, "tntxt": null, "area": null}, "geometry": {"type": "MultiPolygon", "coordinates": [[[[6.7076265206706935, 50.91308915379769], [6.707684870195173, 50.91310618478002], [6.70769381193917, 50.91310893273275], [6.707739876756077, 50.91312287001062], [6.70779404952501, 50.91304883328567], [6.707681237837243, 50.91301537258791], [6.7076265206706935, 50.91308915379769]]]]}}, {"type": "Feature", "properties": {"fid": 275832.0, "oid": "DENW41AL30008N8DBL", "aktualit": "2024-08-20", "gebnutzbez": "Geb\u00e4ude", "funktion": "Wohngeb\u00e4ude", "gfkzshh": "31001_1000", "rellage": null, "name": null, "anzahlgs": null, "gmdschl": "05362032", "lagebeztxt": "Sistenichstra\u00dfe 71", "bld area": 291, "flstkennz_": null, "tntxt": null, "area": null}, "geometry": {"type": "MultiPolygon", "coordinates": [[[[6.709805682325347, 50.90929630502233], [6.709796187488273, 50.90953953521302], [6.7099483668445155, 50.90954203594996], [6.709956995984232, 50.909343372554844], [6.7099550200591676, 50.90934334277409], [6.709956720103471, 50.909297991868875], [6.709955042193328, 50.90929797693036], [6.709805682325347, 50.90929630502233]]]]}}, {"type": "Feature", "properties": {"fid": 62040.0, "oid": "DENW41AL30008MzcBL", "aktualit": "2024-08-20", "gebnutzbez": "Geb\u00e4ude", "funktion": "Wohngeb\u00e4ude", "gfkzshh": "31001_1000", "rellage": null, "name": null, "anzahlgs": null, "gmdschl": "05362032", "lagebeztxt": "Sistenichstra\u00dfe 73, 75", "bld area": 264, "flstkennz_": null, "tntxt": null, "area": null}, "geometry": {"type": "MultiPolygon", "coordinates": [[[[6.709956667130225, 50.909240536470406], [6.709955042193328, 50.90929797693036], [6.709956720103471, 50.909297991868875], [6.7099550200591676, 50.90934334277409], [6.709956995984232, 50.909343372554844], [6.710291846942813, 50.909346480336374], [6.710292206892048, 50.909337987967724], [6.710293538822393, 50.909304187264645], [6.710295658459246, 50.90924390537722], [6.710291393509756, 50.90924384867796], [6.710291212239408, 50.90925014999039], [6.710205461639839, 50.90924923196397], [6.710205624298966, 50.909243020227485], [6.7101274052393975, 50.90924226791178], [6.71012725678195, 50.909248479926916], [6.710066695744272, 50.90924793914667], [6.710066829115498, 50.90924174482376], [6.709956667130225, 50.909240536470406]]]]}}, {"type": "Feature", "properties": {"fid": 274344.0, "oid": "DENW41AL30008LS9BL", "aktualit": "2024-08-20", "gebnutzbez": "Geb\u00e4ude", "funktion": "Wohngeb\u00e4ude", "gfkzshh": "31001_1000", "rellage": null, "name": null, "anzahlgs": null, "gmdschl": "05362032", "lagebeztxt": "Sistenichstra\u00dfe 75 a", "bld area": 81, "flstkennz_": null, "tntxt": null, "area": null}, "geometry": {"type": "MultiPolygon", "coordinates": [[[[6.71041471165676, 50.9092404245168], [6.710414711656762, 50.9092404245168], [6.71041656224405, 50.909240449355714], [6.71041471165676, 50.9092404245168]]], [[[6.710328036672981, 50.90923926111658], [6.710325780700634, 50.90930463998807], [6.710328019682758, 50.909239753500195], [6.710414676986802, 50.90924060124375], [6.710414711656762, 50.9092404245168], [6.710328036672981, 50.90923926111658]]]]}}, {"type": "Feature", "properties": {"fid": 161081.0, "oid": "DENW41AL32H000CrBL", "aktualit": "2024-08-20", "gebnutzbez": "Geb\u00e4ude", "funktion": "Wohngeb\u00e4ude", "gfkzshh": "31001_1000", "rellage": null, "name": null, "anzahlgs": null, "gmdschl": "05362032", "lagebeztxt": "Hauptstra\u00dfe 187", "bld area": 206, "flstkennz_": null, "tntxt": null, "area": null}, "geometry": {"type": "MultiPolygon", "coordinates": [[[[6.711174633449425, 50.91319103175768], [6.711176824250683, 50.91318784584282], [6.711287179097957, 50.91321749610932], [6.711303170081682, 50.913221848069206], [6.711323280364837, 50.91319212121771], [6.711354803868011, 50.913200600276056], [6.711384613382476, 50.91315644821275], [6.711248255190815, 50.913119479528355], [6.711256858558955, 50.91310672547827], [6.7111716962037065, 50.91308361533793], [6.711162867094817, 50.91309653381595], [6.71112795578172, 50.91308722376107], [6.711085424793187, 50.91314997788558], [6.7110757534149394, 50.913164412604814], [6.711174633449425, 50.91319103175768]]]]}}, {"type": "Feature", "properties": {"fid": 59455.0, "oid": "DENW41AL30008JJzBL", "aktualit": "2024-08-20", "gebnutzbez": "Geb\u00e4ude", "funktion": "Gemischt genutztes Geb\u00e4ude mit Wohnen", "gfkzshh": "31001_1100", "rellage": null, "name": null, "anzahlgs": null, "gmdschl": "05362032", "lagebeztxt": "Hauptstra\u00dfe 173", "bld area": 120, "flstkennz_": null, "tntxt": null, "area": null}, "geometry": {"type": "MultiPolygon", "coordinates": [[[[6.710643821838828, 50.91374701446417], [6.710782101349842, 50.913784866976854], [6.710782101544264, 50.91378486703008], [6.710783724851432, 50.91378251538666], [6.710645752550139, 50.91374420120916], [6.710643821838828, 50.91374701446417]]]]}}, {"type": "Feature", "properties": {"fid": 275285.0, "oid": "DENW41AL30008MY5BL", "aktualit": "2024-08-20", "gebnutzbez": "Geb\u00e4ude", "funktion": "Geb\u00e4ude f\u00fcr Wirtschaft oder Gewerbe", "gfkzshh": "31001_2000", "rellage": null, "name": null, "anzahlgs": null, "gmdschl": "05362032", "lagebeztxt": null, "bld area": 59, "flstkennz_": null, "tntxt": null, "area": null}, "geometry": {"type": "MultiPolygon", "coordinates": [[[[6.710980606386083, 50.91383920857386], [6.71098064734791, 50.91383921981308], [6.710981634541086, 50.91383768175506], [6.710847588218285, 50.913800245298646], [6.710783724851432, 50.91378251538666], [6.710782101544264, 50.91378486703008], [6.710980606386083, 50.91383920857386]]]]}}, {"type": "Feature", "properties": {"fid": 61128.0, "oid": "DENW41AL30008LgPBL", "aktualit": "2024-08-20", "gebnutzbez": "Geb\u00e4ude", "funktion": "Gemischt genutztes Geb\u00e4ude mit Wohnen", "gfkzshh": "31001_1100", "rellage": null, "name": null, "anzahlgs": null, "gmdschl": "05362032", "lagebeztxt": "Hauptstra\u00dfe 177", "bld area": 143, "flstkennz_": null, "tntxt": null, "area": null}, "geometry": {"type": "MultiPolygon", "coordinates": [[[[6.710704880238937, 50.913657542707035], [6.710894404459146, 50.91370933384015], [6.710935762647096, 50.91372064118732], [6.710936619017775, 50.913719425792905], [6.710943708218826, 50.91370890683546], [6.710961323554656, 50.91368277371899], [6.710854030023562, 50.9136559533838], [6.710892604762176, 50.9135996154821], [6.7107677727902715, 50.91356548061974], [6.710705784547199, 50.913656220325464], [6.710704880238937, 50.913657542707035]]]]}}, {"type": "Feature", "properties": {"fid": 278318.0, "oid": "DENW41ALtj0000UCBL", "aktualit": "2024-08-20", "gebnutzbez": "Geb\u00e4ude", "funktion": "Geb\u00e4ude zum Parken", "gfkzshh": "31001_2460", "rellage": null, "name": null, "anzahlgs": null, "gmdschl": "05362032", "lagebeztxt": null, "bld area": 34, "flstkennz_": null, "tntxt": null, "area": null}, "geometry": {"type": "MultiPolygon", "coordinates": [[[[6.711283281787535, 50.91325338221726], [6.7112832842801255, 50.91325337813986], [6.7111817027132235, 50.91322817213514], [6.711181498368437, 50.91322850624602], [6.711283281787535, 50.91325338221726]]]]}}, {"type": "Feature", "properties": {"fid": 61647.0, "oid": "DENW41AL30008MQ3BL", "aktualit": "2024-08-20", "gebnutzbez": "Geb\u00e4ude", "funktion": "Wohngeb\u00e4ude", "gfkzshh": "31001_1000", "rellage": null, "name": null, "anzahlgs": null, "gmdschl": "05362032", "lagebeztxt": "Merodestra\u00dfe 6", "bld area": 72, "flstkennz_": null, "tntxt": null, "area": null}, "geometry": {"type": "MultiPolygon", "coordinates": [[[[6.710763720168019, 50.90899885174377], [6.710778899008792, 50.90900030074823], [6.710873595360269, 50.909009371607276], [6.710892593004475, 50.9089301014451], [6.710782725939132, 50.908919579260626], [6.710763720168019, 50.90899885174377]]]]}}, {"type": "Feature", "properties": {"fid": 158323.0, "oid": "DENW41AL30008JcIBL", "aktualit": "2024-08-20", "gebnutzbez": "Geb\u00e4ude", "funktion": "Gemischt genutztes Geb\u00e4ude mit Wohnen", "gfkzshh": "31001_1100", "rellage": null, "name": null, "anzahlgs": null, "gmdschl": "05362032", "lagebeztxt": "Hauptstra\u00dfe 186", "bld area": 202, "flstkennz_": null, "tntxt": null, "area": null}, "geometry": {"type": "MultiPolygon", "coordinates": [[[[6.710734954958937, 50.913144236709144], [6.7107674782337785, 50.91306654506459], [6.710786845930029, 50.91306982635481], [6.710788309101857, 50.91306842328573], [6.71079911719352, 50.91305805915507], [6.7108054556309575, 50.91304323980101], [6.710799036232032, 50.9130421425161], [6.710796624289071, 50.91304171745142], [6.710598584331696, 50.913006667989045], [6.710568230326561, 50.913001323626546], [6.7105560458791205, 50.91302898429717], [6.710572496347179, 50.91303179838687], [6.710535170062404, 50.913122410218755], [6.710729907181659, 50.91315606386834], [6.710734954958937, 50.913144236709144]]]]}}, {"type": "Feature", "properties": {"fid": 64064.0, "oid": "DENW41ALqP0000PCBL", "aktualit": "2024-08-20", "gebnutzbez": "Geb\u00e4ude", "funktion": "Geb\u00e4ude zum Parken", "gfkzshh": "31001_2460", "rellage": null, "name": null, "anzahlgs": null, "gmdschl": "05362032", "lagebeztxt": null, "bld area": 27, "flstkennz_": null, "tntxt": null, "area": null}, "geometry": {"type": "MultiPolygon", "coordinates": [[[[6.7106636982376795, 50.91008730805618], [6.710702827882134, 50.910089172954976], [6.710700625742767, 50.910109114657736], [6.7107470650692935, 50.91011132080674], [6.710753207815934, 50.91006181183344], [6.710667614462643, 50.91005765936359], [6.7106636982376795, 50.91008730805618]]]]}}, {"type": "Feature", "properties": {"fid": 277158.0, "oid": "DENW41AL30008Oa5BL", "aktualit": "2024-08-20", "gebnutzbez": "Geb\u00e4ude", "funktion": "Geb\u00e4ude f\u00fcr Wirtschaft oder Gewerbe", "gfkzshh": "31001_2000", "rellage": null, "name": null, "anzahlgs": null, "gmdschl": "05362032", "lagebeztxt": null, "bld area": 63, "flstkennz_": null, "tntxt": null, "area": null}, "geometry": {"type": "MultiPolygon", "coordinates": [[[[6.70886833920445, 50.91126563071605], [6.7089427232302645, 50.91127038289418], [6.708960307404445, 50.91116378818271], [6.708886070086249, 50.91115894895379], [6.70888253597545, 50.91118021359058], [6.70886833920445, 50.91126563071605]]]]}}, {"type": "Feature", "properties": {"fid": 160031.0, "oid": "DENW41AL30008N0tBL", "aktualit": "2024-08-20", "gebnutzbez": "Geb\u00e4ude", "funktion": "Geb\u00e4ude zum Parken", "gfkzshh": "31001_2460", "rellage": null, "name": null, "anzahlgs": null, "gmdschl": "05362032", "lagebeztxt": null, "bld area": 21, "flstkennz_": null, "tntxt": null, "area": null}, "geometry": {"type": "MultiPolygon", "coordinates": [[[[6.7093093967019755, 50.91007584128837], [6.709308861720059, 50.91009496228657], [6.709408107962637, 50.910096010946816], [6.709408842350892, 50.91006917795163], [6.709364480907925, 50.910068693953015], [6.709310180679122, 50.910068037567136], [6.7093093967019755, 50.91007584128837]]]]}}, {"type": "Feature", "properties": {"fid": 274103.0, "oid": "DENW41AL30008LC2BL", "aktualit": "2024-08-20", "gebnutzbez": "Geb\u00e4ude", "funktion": "Geb\u00e4ude zum Parken", "gfkzshh": "31001_2460", "rellage": null, "name": null, "anzahlgs": null, "gmdschl": "05362032", "lagebeztxt": null, "bld area": 21, "flstkennz_": null, "tntxt": null, "area": null}, "geometry": {"type": "MultiPolygon", "coordinates": [[[[6.70942042202229, 50.90989087309381], [6.709419342397454, 50.909921404001445], [6.70950425929635, 50.9099225220929], [6.709505230372153, 50.90989181158586], [6.70942042202229, 50.90989087309381]]]]}}, {"type": "Feature", "properties": {"fid": 274781.0, "oid": "DENW41AL30008Lx8BL", "aktualit": "2024-08-20", "gebnutzbez": "Geb\u00e4ude", "funktion": "Geb\u00e4ude f\u00fcr Wirtschaft oder Gewerbe", "gfkzshh": "31001_2000", "rellage": null, "name": null, "anzahlgs": null, "gmdschl": "05362032", "lagebeztxt": null, "bld area": 31, "flstkennz_": null, "tntxt": null, "area": null}, "geometry": {"type": "MultiPolygon", "coordinates": [[[[6.712729478634732, 50.915195801348915], [6.71283293210927, 50.91521050156938], [6.712833624625922, 50.915210596088265], [6.7128452450973, 50.915173822115534], [6.712752659079296, 50.91516149347823], [6.712738932999366, 50.915167223524826], [6.712729478634732, 50.915195801348915]]]]}}, {"type": "Feature", "properties": {"fid": 275026.0, "oid": "DENW41AL30008MF7BL", "aktualit": "2024-09-20", "gebnutzbez": "Geb\u00e4ude", "funktion": "Geb\u00e4ude zum Parken", "gfkzshh": "31001_2460", "rellage": null, "name": null, "anzahlgs": null, "gmdschl": "05362032", "lagebeztxt": null, "bld area": 37, "flstkennz_": null, "tntxt": null, "area": null}, "geometry": {"type": "MultiPolygon", "coordinates": [[[[6.708615005302162, 50.91303612795684], [6.708632062087452, 50.91301025529907], [6.708519784532414, 50.91298069066886], [6.708521733523781, 50.91297779686006], [6.70848331599054, 50.912967760593375], [6.708464423001459, 50.912996710394864], [6.70856112711082, 50.91302203204718], [6.708615005302162, 50.91303612795684]]]]}}, {"type": "Feature", "properties": {"fid": 61528.0, "oid": "DENW41AL30008MFMBL", "aktualit": "2024-08-20", "gebnutzbez": "Geb\u00e4ude", "funktion": "Geb\u00e4ude zum Parken", "gfkzshh": "31001_2460", "rellage": null, "name": null, "anzahlgs": null, "gmdschl": "05362032", "lagebeztxt": null, "bld area": 15, "flstkennz_": null, "tntxt": null, "area": null}, "geometry": {"type": "MultiPolygon", "coordinates": [[[[6.70881821042203, 50.90930792782095], [6.70874412687117, 50.9093006147517], [6.708739019742217, 50.90932610271821], [6.7088130743971535, 50.909333425325904], [6.70881821042203, 50.90930792782095]]]]}}, {"type": "Feature", "properties": {"fid": 275181.0, "oid": "DENW41AL30008MQDBL", "aktualit": "2024-08-20", "gebnutzbez": "Geb\u00e4ude", "funktion": "Geb\u00e4ude zum Parken", "gfkzshh": "31001_2460", "rellage": null, "name": null, "anzahlgs": null, "gmdschl": "05362032", "lagebeztxt": null, "bld area": 14, "flstkennz_": null, "tntxt": null, "area": null}, "geometry": {"type": "MultiPolygon", "coordinates": [[[[6.7088266093495745, 50.90926623175459], [6.708828041163799, 50.90925898264638], [6.708753898951956, 50.90925168978716], [6.708749052151614, 50.909275932684324], [6.708823185515402, 50.90928322922229], [6.7088266093495745, 50.90926623175459]]]]}}, {"type": "Feature", "properties": {"fid": 275698.0, "oid": "DENW41AL30008N2IBL", "aktualit": "2024-08-20", "gebnutzbez": "Geb\u00e4ude", "funktion": "Geb\u00e4ude zum Parken", "gfkzshh": "31001_2460", "rellage": null, "name": null, "anzahlgs": null, "gmdschl": "05362032", "lagebeztxt": null, "bld area": 15, "flstkennz_": null, "tntxt": null, "area": null}, "geometry": {"type": "MultiPolygon", "coordinates": [[[[6.708823185515402, 50.90928322922229], [6.708749052151614, 50.909275932684324], [6.70874412687117, 50.9093006147517], [6.70881821042203, 50.90930792782095], [6.708823185515402, 50.90928322922229]]]]}}, {"type": "Feature", "properties": {"fid": 59981.0, "oid": "DENW41AL30008K21BL", "aktualit": "2024-08-20", "gebnutzbez": "Geb\u00e4ude", "funktion": "Geb\u00e4ude zum Parken", "gfkzshh": "31001_2460", "rellage": null, "name": null, "anzahlgs": null, "gmdschl": "05362032", "lagebeztxt": null, "bld area": 13, "flstkennz_": null, "tntxt": null, "area": null}, "geometry": {"type": "MultiPolygon", "coordinates": [[[[6.708713727609742, 50.91268898291745], [6.708713729907066, 50.91268897941844], [6.70865726633168, 50.912674154799596], [6.708657263003225, 50.91267415986472], [6.708713727609742, 50.91268898291745]]]]}}, {"type": "Feature", "properties": {"fid": 159340.0, "oid": "DENW41AL30008Ld9BL", "aktualit": "2025-01-17", "gebnutzbez": "Geb\u00e4ude", "funktion": "Wohngeb\u00e4ude", "gfkzshh": "31001_1000", "rellage": null, "name": null, "anzahlgs": null, "gmdschl": "05362032", "lagebeztxt": "Sistenichstra\u00dfe 22", "bld area": 67, "flstkennz_": null, "tntxt": null, "area": null}, "geometry": {"type": "MultiPolygon", "coordinates": [[[[6.708800268498659, 50.91261578061872], [6.708772780129143, 50.912659837646146], [6.708760895138324, 50.912677907306744], [6.708877655360191, 50.91270859403759], [6.708917279234726, 50.91264645922022], [6.708800268498659, 50.91261578061872]]]]}}, {"type": "Feature", "properties": {"fid": 272113.0, "oid": "DENW41AL2e30002xBL", "aktualit": "2024-08-20", "gebnutzbez": "Geb\u00e4ude", "funktion": "Geb\u00e4ude zur Freizeitgestaltung", "gfkzshh": "31001_1310", "rellage": null, "name": null, "anzahlgs": null, "gmdschl": "05362032", "lagebeztxt": null, "bld area": 70, "flstkennz_": null, "tntxt": null, "area": null}, "geometry": {"type": "MultiPolygon", "coordinates": [[[[6.7090857076318065, 50.91151988022062], [6.709179834874894, 50.91152615307513], [6.70918740206855, 50.91148070150332], [6.709147995724868, 50.9114780751672], [6.709162053387729, 50.911393743569384], [6.7091072622349595, 50.91139066231191], [6.70910720150281, 50.91139102987804], [6.709093289128532, 50.91147442893506], [6.7090857076318065, 50.91151988022062]]], [[[6.709081775020897, 50.9115434665124], [6.7090857076318065, 50.91151988022062], [6.709085424259072, 50.91151985666957], [6.709081775020897, 50.9115434665124]]]]}}, {"type": "Feature", "properties": {"fid": 64071.0, "oid": "DENW41ALvN00002tBL", "aktualit": "2024-08-20", "gebnutzbez": "Geb\u00e4ude", "funktion": "Geb\u00e4ude zum Parken", "gfkzshh": "31001_2460", "rellage": null, "name": null, "anzahlgs": null, "gmdschl": "05362032", "lagebeztxt": null, "bld area": 49, "flstkennz_": null, "tntxt": null, "area": null}, "geometry": {"type": "MultiPolygon", "coordinates": [[[[6.70901860296951, 50.91156126689771], [6.709025708126018, 50.91156172117512], [6.709019123514844, 50.91159961898944], [6.709072591440702, 50.91160299809834], [6.709081775020897, 50.9115434665124], [6.709085424259072, 50.91151985666957], [6.709089370886452, 50.91149424697897], [6.709029638697158, 50.911490385137334], [6.709022578297528, 50.91153072900272], [6.709024166597268, 50.91153083213599], [6.70901860296951, 50.91156126689771]]]]}}, {"type": "Feature", "properties": {"fid": 59758.0, "oid": "DENW41AL30008JkCBL", "aktualit": "2024-08-20", "gebnutzbez": "Geb\u00e4ude", "funktion": "Wohngeb\u00e4ude", "gfkzshh": "31001_1000", "rellage": null, "name": null, "anzahlgs": null, "gmdschl": "05362032", "lagebeztxt": null, "bld area": 62, "flstkennz_": null, "tntxt": null, "area": null}, "geometry": {"type": "MultiPolygon", "coordinates": [[[[6.708185151723175, 50.9133452432713], [6.708218696197503, 50.91335398772127], [6.708308774778951, 50.91337787314896], [6.708308867122929, 50.91337773105666], [6.708344001572612, 50.91332458228487], [6.708364067343108, 50.913294063576004], [6.7083639971595765, 50.91329404420961], [6.708303107883061, 50.91327807121406], [6.708285152807687, 50.91329979915074], [6.7082532963718755, 50.91333835188773], [6.708233995286672, 50.913332459471754], [6.708200732901603, 50.91332231748548], [6.708185197895317, 50.91334517222521], [6.708185151723175, 50.9133452432713]]]]}}, {"type": "Feature", "properties": {"fid": 60362.0, "oid": "DENW41AL30008KZaBL", "aktualit": "2024-08-20", "gebnutzbez": "Geb\u00e4ude", "funktion": "Wohngeb\u00e4ude", "gfkzshh": "31001_1000", "rellage": null, "name": null, "anzahlgs": null, "gmdschl": "05362032", "lagebeztxt": "Adenauerstra\u00dfe 7", "bld area": 53, "flstkennz_": null, "tntxt": null, "area": null}, "geometry": {"type": "MultiPolygon", "coordinates": [[[[6.708931564826952, 50.91165055102814], [6.708931575763137, 50.91165055177092], [6.708944857849742, 50.91157159244163], [6.708944813291936, 50.911571590014404], [6.708931564826952, 50.91165055102814]]]]}}, {"type": "Feature", "properties": {"fid": 272529.0, "oid": "DENW41AL30008JQgBL", "aktualit": "2024-08-20", "gebnutzbez": "Geb\u00e4ude", "funktion": "Geb\u00e4ude zum Parken", "gfkzshh": "31001_2460", "rellage": null, "name": null, "anzahlgs": null, "gmdschl": "05362032", "lagebeztxt": null, "bld area": 16, "flstkennz_": null, "tntxt": null, "area": null}, "geometry": {"type": "MultiPolygon", "coordinates": [[[[6.707484102588525, 50.90895401373316], [6.707441439538346, 50.908950136174354], [6.707431249788653, 50.90899508643155], [6.707473692911299, 50.908998931887396], [6.707484102588525, 50.90895401373316]]]]}}, {"type": "Feature", "properties": {"fid": 160864.0, "oid": "DENW41AL30008OgeBL", "aktualit": "2024-08-20", "gebnutzbez": "Geb\u00e4ude", "funktion": "Geb\u00e4ude zum Parken", "gfkzshh": "31001_2460", "rellage": null, "name": null, "anzahlgs": null, "gmdschl": "05362032", "lagebeztxt": null, "bld area": 32, "flstkennz_": null, "tntxt": null, "area": null}, "geometry": {"type": "MultiPolygon", "coordinates": [[[[6.70711840391917, 50.909928329960245], [6.707158696652541, 50.90992939144428], [6.7071625587084505, 50.90989336496548], [6.707164688338284, 50.909893451777975], [6.70716691804734, 50.90986979610548], [6.707168337947075, 50.90986985098528], [6.707171715132171, 50.90983269071565], [6.707128175751335, 50.909831115740474], [6.707126140077123, 50.90985140243344], [6.70711840391917, 50.909928329960245]]]]}}, {"type": "Feature", "properties": {"fid": 161075.0, "oid": "DENW41AL3000AKcUBL", "aktualit": "2024-08-20", "gebnutzbez": "Geb\u00e4ude", "funktion": "Geb\u00e4ude zum Parken", "gfkzshh": "31001_2460", "rellage": null, "name": null, "anzahlgs": null, "gmdschl": "05362032", "lagebeztxt": null, "bld area": 52, "flstkennz_": null, "tntxt": null, "area": null}, "geometry": {"type": "MultiPolygon", "coordinates": [[[[6.705789609185126, 50.912099992835344], [6.705733882080527, 50.91208323395202], [6.705660294009011, 50.91218028171797], [6.705680969471482, 50.912186561350744], [6.70571533856622, 50.912197069379495], [6.705789609185126, 50.912099992835344]]]]}}, {"type": "Feature", "properties": {"fid": 63031.0, "oid": "DENW41AL30008OO8BL", "aktualit": "2024-08-20", "gebnutzbez": "Geb\u00e4ude", "funktion": "Geb\u00e4ude zum Parken", "gfkzshh": "31001_2460", "rellage": null, "name": null, "anzahlgs": null, "gmdschl": "05362032", "lagebeztxt": null, "bld area": 18, "flstkennz_": null, "tntxt": null, "area": null}, "geometry": {"type": "MultiPolygon", "coordinates": [[[[6.706793847374191, 50.90844190861167], [6.7068361740055655, 50.908445555517794], [6.706847210604337, 50.90839206854581], [6.706805365896182, 50.9083884580959], [6.706793847374191, 50.90844190861167]]]]}}, {"type": "Feature", "properties": {"fid": 272965.0, "oid": "DENW41AL30008JuHBL", "aktualit": "2024-08-20", "gebnutzbez": "Geb\u00e4ude", "funktion": "Geb\u00e4ude zum Parken", "gfkzshh": "31001_2460", "rellage": null, "name": null, "anzahlgs": null, "gmdschl": "05362032", "lagebeztxt": null, "bld area": 18, "flstkennz_": null, "tntxt": null, "area": null}, "geometry": {"type": "MultiPolygon", "coordinates": [[[[6.707041127083817, 50.908474379543854], [6.707083104448946, 50.90847876600864], [6.707089834539476, 50.908450953537255], [6.707096113045157, 50.90842509290902], [6.707054007015753, 50.90842100972031], [6.707041127083817, 50.908474379543854]]]]}}]}