{
"type": "FeatureCollection",
"name": "Horrem SIC",
"crs": { "type": "name", "properties": { "name": "urn:ogc:def:crs:EPSG::25832" } },
"features": [
{ "type": "Feature", "properties": { "fid": 66651.0, "OBJECTID": 66651.0, "Name": "L5106_G-A441GSA5", "AREAhaBK50": 476.44995483899999, "GW_CODE": "GSA5", "SW_CODE": "SW0", "GW_TIEFE": 25.0, "LF_TIEFE": 0.0, "BWZ_1": 55.0, "BWZ_2": 70.0, "BWZ_M": 63.0, "ANALOG_E": "gA4", "BASUW": "xxx", "TIEFE": 10.0, "NFK": 116.0, "FK": 296.0, "LK": 129.0, "KAK": 202.7, "EROD": 0.28, "KF": 23.4, "KAP": 0.0, "OFA": 14.0, "LK4": 12.9, "LKNFK": 42.0, "DEN_0_5": "den_0", "DEN_6_10": "den_0", "DEN_11_20": "den_1", "FEU": "feu33", "OFAKLA": "ofa_4-1", "OFA_GWS": "hoch - Grundwasser ist 2 bis 6 dm tiefer als der optimale Flurabstand", "NEI": "WA", "SIC": "sic_2", "FIL": "FIL_34", "BFE": "bf4_2m", "BFE_2": "bf0_00", "BFE_CC": "c1", "GBK_1M": 20.0, "GBK_2M": 20.0, "GBK_NASS": 2.0, "GBK_STAU": 0.0, "VER_KLA": 7.0, "KOR": "22", "FESA": 37.0, "TOHU": 0.0, "BOD_WASSER": "feucht", "KERN": "G-A44", "TYP": "G-A", "HPTTYP": "A", "ART": 4.0, "DIC": 4.0, "GW_STUFE": 5.0, "SW_STUFE": 0.0, "TYP_TEXT": "Gley-Vega", "ART_TEXT": "sandig-lehmig", "DIC_TEXT": "10 bis 20 dm", "EIN_TEXT": "Gley-Vega oberste Bodenartenschicht sandig-lehmig 10 bis 20 dm", "KERNFOLGE": 50844.0, "FAR_NAME": "F_206", "SCH_NAME": "cyan_100", "BLATT": "L5106", "KJAHR": 1971.0, "ZPH_A": 6.8, "ZPH_G": 5.9, "SBDA": "Ls3", "BBODSCHV": "Lehm/Schluff", "LUFA_BDA": "sL", "LUFA_TXT": "sandiger Lehm", "LUFA_GRP": 4.0, "SBDA_TXT": "sandiger Lehm", "ERD_WLF_1": 1.51, "ERD_WLF_2": 4.5695, "WAS_AC": 116.0, "GWEINAC": 9.0, "WAS_GR": 93.0, "GWEINGR": 9.0, "T3_AC": 15.0, "T3_GR": 13.0, "GWO": 25.0, "NFK_GR": 92.8, "NFKWEGR": 8.0, "BBK": "f", "BBK_NRW": "nrw_fb", "L_MOOR_K": "unter_15", "L_TON_K": "mittlerer_Tongehalt", "LOK_HUMUS": null, "LOK_TORFE": null, "LOK_WASSER": null, "BKOMPV": 4.0, "FL_NUM": 66712, "Shape_Leng": 57130.810325415696, "Shape_Area": 4764499.5483884979, "sic new": 2, "siccccc": null, "soil": 1, "S1": 0 }, "geometry": { "type": "MultiPolygon", "coordinates": [ [ [ [ 339022.655659985262901, 5641380.568092998117208 ], [ 339013.50587454077322, 5641392.139100865460932 ], [ 338781.679382706119213, 5641685.240309060551226 ], [ 338745.347342933295295, 5641736.867303501814604 ], [ 338732.97445408126805, 5641767.630959642119706 ], [ 338729.66744142503012, 5641819.988221457228065 ], [ 338722.587270255782641, 5641845.496258549392223 ], [ 338703.541974726133049, 5641878.556613775901496 ], [ 338664.994954065536149, 5641928.32304366491735 ], [ 338656.237756709684618, 5641946.288724983111024 ], [ 338652.702016453549732, 5641967.126821159385145 ], [ 338654.711431500152685, 5641984.002642642706633 ], [ 338661.627069837762974, 5641999.01721309684217 ], [ 338672.130526448832825, 5642007.652502884157002 ], [ 338694.731738100119401, 5642015.126671582460403 ], [ 338790.81095019960776, 5642025.774637991562486 ], [ 338812.368023447575979, 5642031.201757533475757 ], [ 338816.536500000394881, 5641940.816800000146031 ], [ 338835.05350000038743, 5641842.493300000205636 ], [ 338869.369400000199676, 5641763.5417 ], [ 338904.091599999926984, 5641694.580900000408292 ], [ 338951.099200000055134, 5641620.116800000891089 ], [ 339006.20920000039041, 5641560.334100000560284 ], [ 339012.991200000047684, 5641542.545700000599027 ], [ 339054.495400000363588, 5641455.796499999240041 ], [ 339070.048999999649823, 5641407.629799999296665 ], [ 339083.409699999727309, 5641367.057600000873208 ], [ 339070.10869999974966, 5641347.584100000560284 ], [ 339053.981663435406517, 5641332.717621214687824 ], [ 339022.655659985262901, 5641380.568092998117208 ] ] ], [ [ [ 338766.597467510029674, 5642137.563019278459251 ], [ 338754.145481757586822, 5642148.52809383533895 ], [ 338745.734978822525591, 5642163.818878134712577 ], [ 338727.695666572777554, 5642225.679628203622997 ], [ 338719.766336808097549, 5642270.113502534106374 ], [ 338715.126731093623675, 5642425.689281262457371 ], [ 338709.197730626503471, 5642482.549459144473076 ], [ 338698.817113900440745, 5642514.630732111632824 ], [ 338667.124308485072106, 5642580.240637998096645 ], [ 338662.780158762063365, 5642603.147230348549783 ], [ 338667.608616817509755, 5642617.932678610086441 ], [ 338673.656467246008106, 5642623.444187950342894 ], [ 338713.944299999624491, 5642555.42989999987185 ], [ 338756.769000000320375, 5642501.1502 ], [ 338806.070700000040233, 5642421.588899999856949 ], [ 338829.421900000423193, 5642380.610300000756979 ], [ 338828.913900000043213, 5642368.121899999678135 ], [ 338823.774699999950826, 5642303.284 ], [ 338813.597900000400841, 5642176.105900000780821 ], [ 338812.296670438081492, 5642110.472874228842556 ], [ 338766.597467510029674, 5642137.563019278459251 ] ] ], [ [ [ 338606.90991972287884, 5642702.645911987870932 ], [ 338591.410361547255889, 5642705.359558752737939 ], [ 338543.498481225920841, 5642733.448171387426555 ], [ 338498.263925595325418, 5642764.683785749599338 ], [ 338459.909126586746424, 5642786.516387312673032 ], [ 338406.895699636312202, 5642846.809942120686173 ], [ 338416.403549529379234, 5642858.770923740230501 ], [ 338427.694504935876466, 5642865.407479575835168 ], [ 338458.139336264226586, 5642871.981026066467166 ], [ 338499.476302174967714, 5642871.947138865478337 ], [ 338509.390786891919561, 5642876.844729020260274 ], [ 338516.470918553415686, 5642888.611931072548032 ], [ 338517.006129691610113, 5642898.468173684552312 ], [ 338512.530228045827243, 5642908.344571731053293 ], [ 338483.439232340140734, 5642930.73629960976541 ], [ 338474.622157059551682, 5642941.382086695171893 ], [ 338466.134374576504342, 5642976.199330014176667 ], [ 338467.978978247847408, 5643025.578898941166699 ], [ 338491.955980099737644, 5643137.878909865394235 ], [ 338496.284306422050577, 5643180.433843032456934 ], [ 338489.304651706130244, 5643197.864399389363825 ], [ 338469.194784386490937, 5643204.933263232000172 ], [ 338421.277784720179625, 5643200.505980678834021 ], [ 338373.299498950771522, 5643188.868662530556321 ], [ 338352.616419448866509, 5643201.278832498937845 ], [ 338336.329178017214872, 5643221.349377313628793 ], [ 338273.176716909511015, 5643363.291326582431793 ], [ 338270.897877723909914, 5643377.067911062389612 ], [ 338274.455222099262755, 5643390.455791529268026 ], [ 338284.637926832423545, 5643402.796110857278109 ], [ 338305.21383037022315, 5643417.950985711067915 ], [ 338325.575566636980511, 5643422.444273263216019 ], [ 338349.302902695024386, 5643436.063156503252685 ], [ 338370.218273702543229, 5643462.951329587958753 ], [ 338400.06146344402805, 5643466.716751153580844 ], [ 338431.188504340592772, 5643475.329497023485601 ], [ 338446.177216286770999, 5643482.584269328042865 ], [ 338462.273199999704957, 5643441.299799999222159 ], [ 338503.530899999663234, 5643287.011099999770522 ], [ 338540.199699999764562, 5643142.916400000452995 ], [ 338553.314399999566376, 5643034.80519999936223 ], [ 338558.834400000050664, 5642924.5011 ], [ 338566.589800000190735, 5642869.1458 ], [ 338581.228699999861419, 5642798.499800000339746 ], [ 338615.950600000098348, 5642729.538599999621511 ], [ 338627.282868891081307, 5642708.056034944951534 ], [ 338606.90991972287884, 5642702.645911987870932 ] ] ] ] } },
{ "type": "Feature", "properties": { "fid": 69955.0, "OBJECTID": 69955.0, "Name": "L_____XG1", "AREAhaBK50": 551.49212720100002, "GW_CODE": null, "SW_CODE": null, "GW_TIEFE": 0.0, "LF_TIEFE": 0.0, "BWZ_1": 0.0, "BWZ_2": 0.0, "BWZ_M": 0.0, "ANALOG_E": null, "BASUW": null, "TIEFE": 0.0, "NFK": 0.0, "FK": 0.0, "LK": 0.0, "KAK": 0.0, "EROD": 0.0, "KF": 0.0, "KAP": 0.0, "OFA": 0.0, "LK4": 0.0, "LKNFK": 0.0, "DEN_0_5": null, "DEN_6_10": null, "DEN_11_20": null, "FEU": null, "OFAKLA": null, "OFA_GWS": null, "NEI": null, "SIC": null, "FIL": null, "BFE": null, "BFE_2": null, "BFE_CC": null, "GBK_1M": 0.0, "GBK_2M": 0.0, "GBK_NASS": 0.0, "GBK_STAU": 0.0, "VER_KLA": 0.0, "KOR": null, "FESA": 0.0, "TOHU": 0.0, "BOD_WASSER": null, "KERN": null, "TYP": null, "HPTTYP": null, "ART": 0.0, "DIC": 0.0, "GW_STUFE": 0.0, "SW_STUFE": 0.0, "TYP_TEXT": null, "ART_TEXT": null, "DIC_TEXT": null, "EIN_TEXT": null, "KERNFOLGE": 0.0, "FAR_NAME": null, "SCH_NAME": null, "BLATT": null, "KJAHR": 0.0, "ZPH_A": 0.0, "ZPH_G": 0.0, "SBDA": null, "BBODSCHV": null, "LUFA_BDA": null, "LUFA_TXT": null, "LUFA_GRP": 0.0, "SBDA_TXT": null, "ERD_WLF_1": 0.0, "ERD_WLF_2": 0.0, "WAS_AC": 0.0, "GWEINAC": 0.0, "WAS_GR": 0.0, "GWEINGR": 0.0, "T3_AC": 0.0, "T3_GR": 0.0, "GWO": 0.0, "NFK_GR": 0.0, "NFKWEGR": 0.0, "BBK": null, "BBK_NRW": null, "L_MOOR_K": null, "L_TON_K": null, "LOK_HUMUS": null, "LOK_TORFE": null, "LOK_WASSER": null, "BKOMPV": 0.0, "FL_NUM": 64953, "Shape_Leng": 14128.69533689417, "Shape_Area": 5514921.2720103394, "sic new": null, "siccccc": null, "soil": null, "S1": 0 }, "geometry": { "type": "MultiPolygon", "coordinates": [ [ [ [ 339796.447968127846252, 5641493.460698929615319 ], [ 339724.487653695163317, 5641401.349411307834089 ], [ 339698.229653405782301, 5641362.991246742196381 ], [ 339707.164900000207126, 5641380.718699999153614 ], [ 339783.580199999734759, 5641479.884500000625849 ], [ 339796.542988569533918, 5641496.705075834877789 ], [ 339796.447968127846252, 5641493.460698929615319 ] ] ], [ [ [ 339559.328661227598786, 5641000.438220809213817 ], [ 339558.172211923985742, 5640962.896857894957066 ], [ 339565.213499188655987, 5640902.952632611617446 ], [ 339548.021816751454026, 5640887.916708333417773 ], [ 339549.945299999788404, 5640935.2083 ], [ 339554.641699999570847, 5641050.680400000885129 ], [ 339569.568900000303984, 5641087.009999999776483 ], [ 339580.604163435753435, 5641113.852081630378962 ], [ 339559.328661227598786, 5641000.438220809213817 ] ] ], [ [ [ 339545.417394643765874, 5640885.638868817128241 ], [ 339526.30127938836813, 5640842.027982920408249 ], [ 339502.609689457516652, 5640859.425376863218844 ], [ 339481.415976882446557, 5640882.117042435333133 ], [ 339469.183921323565301, 5640901.864048019982874 ], [ 339467.468052859418094, 5640906.021534143015742 ], [ 339476.723699999973178, 5640918.752000000327826 ], [ 339501.598799999803305, 5640915.238600000739098 ], [ 339531.063000000081956, 5640901.531400000676513 ], [ 339547.147081784904003, 5640887.151661121286452 ], [ 339545.417394643765874, 5640885.638868817128241 ] ] ] ] } },
{ "type": "Feature", "properties": { "fid": 60855.0, "OBJECTID": 60855.0, "Name": "L5106_G-K341GWA5", "AREAhaBK50": 51.747130053399999, "GW_CODE": "GWA5", "SW_CODE": "SW0", "GW_TIEFE": 25.0, "LF_TIEFE": 0.0, "BWZ_1": 70.0, "BWZ_2": 90.0, "BWZ_M": 80.0, "ANALOG_E": "K3", "BASUW": "xxx", "TIEFE": 11.0, "NFK": 209.0, "FK": 379.5, "LK": 99.0, "KAK": 320.5, "EROD": 0.48, "KF": 15.8, "KAP": 0.0, "OFA": 19.0, "LK4": 9.0, "LKNFK": 38.5, "DEN_0_5": "den_0", "DEN_6_10": "den_0", "DEN_11_20": "den_1", "FEU": "feu31", "OFAKLA": "ofa_5=0", "OFA_GWS": "sehr hoch - Grundwasser ist 2 dm tiefer bis 2 dm höher", "NEI": "WA", "SIC": "sic_4", "FIL": "FIL_35", "BFE": "bf4_ff", "BFE_2": "bf4_2m", "BFE_CC": "c1", "GBK_1M": 20.0, "GBK_2M": 20.0, "GBK_NASS": 2.0, "GBK_STAU": 0.0, "VER_KLA": 7.0, "KOR": "22", "FESA": 34.0, "TOHU": 0.70400000080000003, "BOD_WASSER": "feucht", "KERN": "G-K34", "TYP": "G-K", "HPTTYP": "K", "ART": 3.0, "DIC": 4.0, "GW_STUFE": 5.0, "SW_STUFE": 0.0, "TYP_TEXT": "Gley-Kolluvisol", "ART_TEXT": "tonig-schluffig", "DIC_TEXT": "10 bis 20 dm", "EIN_TEXT": "Gley-Kolluvisol oberste Bodenartenschicht tonig-schluffig 10 bis 20 dm", "KERNFOLGE": 61434.0, "FAR_NAME": "L_046", "SCH_NAME": "uni", "BLATT": "L5106", "KJAHR": 1971.0, "ZPH_A": 6.8, "ZPH_G": 6.5, "SBDA": "Ut4", "BBODSCHV": "Lehm/Schluff", "LUFA_BDA": "uL", "LUFA_TXT": "schluffiger Lehm", "LUFA_GRP": 4.0, "SBDA_TXT": "stark toniger Schluff", "ERD_WLF_1": 1.37, "ERD_WLF_2": 2.3512, "WAS_AC": 209.0, "GWEINAC": 9.0, "WAS_GR": 171.0, "GWEINGR": 9.0, "T3_AC": 18.0, "T3_GR": 16.0, "GWO": 25.0, "NFK_GR": 171.0, "NFKWEGR": 9.0, "BBK": "uk", "BBK_NRW": "nrw_uf", "L_MOOR_K": "unter_15", "L_TON_K": "mittlerer_Tongehalt", "LOK_HUMUS": null, "LOK_TORFE": null, "LOK_WASSER": null, "BKOMPV": 6.0, "FL_NUM": 60859, "Shape_Leng": 9218.3732788779234, "Shape_Area": 517471.30053429038, "sic new": 4, "siccccc": 1, "soil": 1, "S1": 1 }, "geometry": { "type": "MultiPolygon", "coordinates": [ [ [ [ 339371.003390574245714, 5640946.859479604288936 ], [ 339356.791903451899998, 5640953.390557776205242 ], [ 339342.199502108967863, 5640966.555359106510878 ], [ 339185.015221764100716, 5641169.018345600925386 ], [ 339064.312713457038626, 5641316.936941807158291 ], [ 339053.981663435406517, 5641332.717621214687824 ], [ 339070.10869999974966, 5641347.584100000560284 ], [ 339083.409699999727309, 5641367.057600000873208 ], [ 339070.048999999649823, 5641407.629799999296665 ], [ 339054.495400000363588, 5641455.796499999240041 ], [ 339012.991200000047684, 5641542.545700000599027 ], [ 339006.20920000039041, 5641560.334100000560284 ], [ 339026.443900000303984, 5641534.99349999986589 ], [ 339053.512099999934435, 5641523.885500000789762 ], [ 339076.29590000025928, 5641530.464299999177456 ], [ 339091.891499999910593, 5641544.840900000184774 ], [ 339100.806800000369549, 5641579.503499999642372 ], [ 339095.548700000159442, 5641634.756999999284744 ], [ 339083.305499999783933, 5641702.80350000038743 ], [ 339066.676500000059605, 5641786.039200000464916 ], [ 339045.356999999843538, 5641876.971100000664592 ], [ 338995.792500000447035, 5642011.582499999552965 ], [ 338945.313799999654293, 5642123.714800000190735 ], [ 338897.637500000186265, 5642243.238700000569224 ], [ 338848.945299999788404, 5642337.785900000482798 ], [ 338828.913900000043213, 5642368.121899999678135 ], [ 338829.421900000423193, 5642380.610300000756979 ], [ 338806.070700000040233, 5642421.588899999856949 ], [ 338756.769000000320375, 5642501.1502 ], [ 338713.944299999624491, 5642555.42989999987185 ], [ 338673.656467246008106, 5642623.444187950342894 ], [ 338685.636601622332819, 5642634.361888924613595 ], [ 338733.779664823203348, 5642660.765186215750873 ], [ 338736.761300000362098, 5642655.074500000104308 ], [ 338771.889700000174344, 5642596.104100000113249 ], [ 338805.333200000226498, 5642557.216700000688434 ], [ 338849.173799999989569, 5642527.913699999451637 ], [ 338878.841199999675155, 5642519.20160000026226 ], [ 338903.411600000225008, 5642508.195000000298023 ], [ 338910.599799999967217, 5642500.397199999541044 ], [ 338909.075799999758601, 5642462.932199999690056 ], [ 338914.841599999926984, 5642420.166999999433756 ], [ 338928.710099999792874, 5642392.083100000396371 ], [ 338922.597199999727309, 5642364.811899999156594 ], [ 338922.55489999987185, 5642302.268500000238419 ], [ 338955.5921, 5642253.39049999974668 ], [ 338992.244500000029802, 5642231.88539999909699 ], [ 339024.714300000108778, 5642230.5647 ], [ 339029.201700000092387, 5642217.873199999332428 ], [ 339040.572499999776483, 5642189.890900000929832 ], [ 339054.237800000235438, 5642156.811699999496341 ], [ 339040.835099999792874, 5642134.840600000694394 ], [ 339051.901100000366569, 5642099.365299999713898 ], [ 339087.334400000050664, 5642047.8882 ], [ 339125.46860000025481, 5642001.3048 ], [ 339138.219600000418723, 5641945.746600000187755 ], [ 339130.582799999974668, 5641881.01039999909699 ], [ 339133.749499999918044, 5641835.849199999123812 ], [ 339151.089599999599159, 5641770.097100000828505 ], [ 339171.333700000308454, 5641714.234200000762939 ], [ 339179.089499999769032, 5641658.879200000315905 ], [ 339186.235700000077486, 5641588.538200000301003 ], [ 339186.0921, 5641523.497199999168515 ], [ 339197.056699999608099, 5641485.524299999698997 ], [ 339206.33629999961704, 5641467.634400000795722 ], [ 339223.616799999959767, 5641461.927999999374151 ], [ 339236.206799999810755, 5641463.9178 ], [ 339244.368900000117719, 5641418.55350000038743 ], [ 339258.237599999643862, 5641390.469699999317527 ], [ 339264.917899999767542, 5641370.183599999174476 ], [ 339261.302799999713898, 5641342.810799999162555 ], [ 339263.555399999953806, 5641275.170700000599027 ], [ 339276.408200000412762, 5641222.110200000926852 ], [ 339298.743800000287592, 5641156.155200000852346 ], [ 339334.685200000181794, 5641117.166600000113249 ], [ 339373.83530000038445, 5641095.560100000351667 ], [ 339398.608900000341237, 5641089.549000000581145 ], [ 339433.677899999544024, 5641090.62470000050962 ], [ 339417.879200000315905, 5641071.252800000831485 ], [ 339379.60149999987334, 5641052.795099999755621 ], [ 339333.830699999816716, 5641034.642000000923872 ], [ 339340.815700000151992, 5641021.848799999803305 ], [ 339368.349799999967217, 5640960.68610000051558 ], [ 339375.309016532613896, 5640947.044818200170994 ], [ 339371.003390574245714, 5640946.859479604288936 ] ] ], [ [ [ 338627.282868891081307, 5642708.056034944951534 ], [ 338615.950600000098348, 5642729.538599999621511 ], [ 338581.228699999861419, 5642798.499800000339746 ], [ 338566.589800000190735, 5642869.1458 ], [ 338558.834400000050664, 5642924.5011 ], [ 338553.314399999566376, 5643034.80519999936223 ], [ 338540.199699999764562, 5643142.916400000452995 ], [ 338503.530899999663234, 5643287.011099999770522 ], [ 338462.273199999704957, 5643441.299799999222159 ], [ 338446.177216286770999, 5643482.584269328042865 ], [ 338489.809448946849443, 5643503.702956124208868 ], [ 338532.026222872838844, 5643517.755579953081906 ], [ 338551.308699999935925, 5643508.229000000283122 ], [ 338600.754300000146031, 5643493.708499999716878 ], [ 338650.606300000101328, 5643489.1787 ], [ 338695.462899999693036, 5643484.852299999445677 ], [ 338739.913099999539554, 5643470.5351 ], [ 338759.488099999725819, 5643459.731499999761581 ], [ 338781.255900000222027, 5643441.333399999886751 ], [ 338794.921000000089407, 5643408.254100000485778 ], [ 338805.072399999946356, 5643350.299599999561906 ], [ 338794.734199999831617, 5643280.669600000604987 ], [ 338778.994300000369549, 5643201.252100000157952 ], [ 338759.173600000329316, 5643144.516799999400973 ], [ 338726.661199999973178, 5643083.294099999591708 ], [ 338679.264399999752641, 5643025.1787 ], [ 338650.934600000269711, 5642943.77140000090003 ], [ 338643.907100000418723, 5642894.021099999547005 ], [ 338642.58629999961704, 5642861.551400000229478 ], [ 338662.322100000455976, 5642793.199799999594688 ], [ 338698.880134899052791, 5642727.068992237560451 ], [ 338627.282868891081307, 5642708.056034944951534 ] ] ] ] } },
{ "type": "Feature", "properties": { "fid": 62768.0, "OBJECTID": 62768.0, "Name": "L5106_sL342SW2", "AREAhaBK50": 14.624430395199999, "GW_CODE": "GW0", "SW_CODE": "SW2", "GW_TIEFE": 99.0, "LF_TIEFE": 0.0, "BWZ_1": 65.0, "BWZ_2": 90.0, "BWZ_M": 78.0, "ANALOG_E": "L34", "BASUW": "xxx", "TIEFE": 11.0, "NFK": 191.2, "FK": 350.2, "LK": 123.9, "KAK": 209.6, "EROD": 0.48, "KF": 17.5, "KAP": 0.0, "OFA": 19.0, "LK4": 11.1, "LKNFK": 48.4, "DEN_0_5": "den_0", "DEN_6_10": "den_0", "DEN_11_20": "den_0", "FEU": "feu23", "OFAKLA": "ofa_500", "OFA_GWS": "sehr hoch - Grundwasser ist nicht vorhanden", "NEI": "WA(A)", "SIC": "sic_4", "FIL": "FIL_34", "BFE": "bf4_ff", "BFE_2": "bf4_2m", "BFE_CC": "cc", "GBK_1M": 20.0, "GBK_2M": 20.0, "GBK_NASS": 0.0, "GBK_STAU": 0.0, "VER_KLA": 9.0, "KOR": "22", "FESA": 34.0, "TOHU": 0.0, "BOD_WASSER": "feucht", "KERN": "sL34", "TYP": "L", "HPTTYP": "L", "ART": 3.0, "DIC": 4.0, "GW_STUFE": 0.0, "SW_STUFE": 2.0, "TYP_TEXT": "Parabraunerde", "ART_TEXT": "tonig-schluffig", "DIC_TEXT": "10 bis 20 dm", "EIN_TEXT": "Parabraunerde oberste Bodenartenschicht tonig-schluffig 10 bis 20 dm", "KERNFOLGE": 31034.0, "FAR_NAME": "P_060", "SCH_NAME": "uni", "BLATT": "L5106", "KJAHR": 1971.0, "ZPH_A": 6.4, "ZPH_G": 5.7, "SBDA": "Uls", "BBODSCHV": "Lehm/Schluff", "LUFA_BDA": "lU", "LUFA_TXT": "lehmiger Schluff", "LUFA_GRP": 3.0, "SBDA_TXT": "sandig-lehmiger Schluff", "ERD_WLF_1": 1.45, "ERD_WLF_2": 2.4845, "WAS_AC": 191.0, "GWEINAC": 0.0, "WAS_GR": 157.0, "GWEINGR": 0.0, "T3_AC": 11.0, "T3_GR": 9.0, "GWO": 99.0, "NFK_GR": 156.9, "NFKWEGR": 9.0, "BBK": "(uk)/al", "BBK_NRW": "nrw_uf", "L_MOOR_K": "unter_15", "L_TON_K": "geringer_Tongehalt", "LOK_HUMUS": null, "LOK_TORFE": null, "LOK_WASSER": null, "BKOMPV": 6.0, "FL_NUM": 62772, "Shape_Leng": 1575.853265204541, "Shape_Area": 146244.30395235974, "sic new": 4, "siccccc": 1, "soil": 1, "S1": 1 }, "geometry": { "type": "MultiPolygon", "coordinates": [ [ [ [ 339684.883370670781005, 5641343.494754097424448 ], [ 339635.111068242345937, 5641258.341755043715239 ], [ 339599.749143322580494, 5641182.818437197245657 ], [ 339591.369734373001847, 5641154.691525172442198 ], [ 339568.594100000336766, 5641147.683000000193715 ], [ 339471.854100000113249, 5641106.584799999371171 ], [ 339433.677899999544024, 5641090.62470000050962 ], [ 339398.608900000341237, 5641089.549000000581145 ], [ 339373.83530000038445, 5641095.560100000351667 ], [ 339334.685200000181794, 5641117.166600000113249 ], [ 339298.743800000287592, 5641156.155200000852346 ], [ 339276.408200000412762, 5641222.110200000926852 ], [ 339263.555399999953806, 5641275.170700000599027 ], [ 339261.302799999713898, 5641342.810799999162555 ], [ 339264.917899999767542, 5641370.183599999174476 ], [ 339275.416500000283122, 5641382.265599999576807 ], [ 339309.917999999597669, 5641430.898499999195337 ], [ 339351.201399999670684, 5641461.742900000885129 ], [ 339414.354299999773502, 5641476.687100000679493 ], [ 339487.091599999926984, 5641481.234400000423193 ], [ 339519.256599999964237, 5641472.42090000025928 ], [ 339538.933199999853969, 5641464.115299999713898 ], [ 339553.512900000438094, 5641453.5152000002563 ], [ 339563.706699999980628, 5641458.1042 ], [ 339567.525000000372529, 5641490.472300000488758 ], [ 339593.517599999904633, 5641514.4331 ], [ 339666.457999999634922, 5641523.975700000301003 ], [ 339716.817699999548495, 5641531.934800000861287 ], [ 339746.89130000025034, 5641533.213500000536442 ], [ 339756.983599999919534, 5641535.30489999987185 ], [ 339760.963000000454485, 5641510.125099999830127 ], [ 339772.537100000306964, 5641487.138299999758601 ], [ 339783.580199999734759, 5641479.884500000625849 ], [ 339707.164900000207126, 5641380.718699999153614 ], [ 339698.229653405782301, 5641362.991246742196381 ], [ 339684.883370670781005, 5641343.494754097424448 ] ] ] ] } },
{ "type": "Feature", "properties": { "fid": 60948.0, "OBJECTID": 60948.0, "Name": "L5106_sL342SW2", "AREAhaBK50": 46.109467272700002, "GW_CODE": "GW0", "SW_CODE": "SW2", "GW_TIEFE": 99.0, "LF_TIEFE": 0.0, "BWZ_1": 65.0, "BWZ_2": 90.0, "BWZ_M": 78.0, "ANALOG_E": "L34", "BASUW": "xxx", "TIEFE": 11.0, "NFK": 191.2, "FK": 350.2, "LK": 123.9, "KAK": 209.6, "EROD": 0.48, "KF": 17.5, "KAP": 0.0, "OFA": 19.0, "LK4": 11.1, "LKNFK": 48.4, "DEN_0_5": "den_0", "DEN_6_10": "den_0", "DEN_11_20": "den_0", "FEU": "feu23", "OFAKLA": "ofa_500", "OFA_GWS": "sehr hoch - Grundwasser ist nicht vorhanden", "NEI": "WA(A)", "SIC": "sic_4", "FIL": "FIL_34", "BFE": "bf4_ff", "BFE_2": "bf4_2m", "BFE_CC": "cc", "GBK_1M": 20.0, "GBK_2M": 20.0, "GBK_NASS": 0.0, "GBK_STAU": 0.0, "VER_KLA": 9.0, "KOR": "22", "FESA": 34.0, "TOHU": 0.0, "BOD_WASSER": "feucht", "KERN": "sL34", "TYP": "L", "HPTTYP": "L", "ART": 3.0, "DIC": 4.0, "GW_STUFE": 0.0, "SW_STUFE": 2.0, "TYP_TEXT": "Parabraunerde", "ART_TEXT": "tonig-schluffig", "DIC_TEXT": "10 bis 20 dm", "EIN_TEXT": "Parabraunerde oberste Bodenartenschicht tonig-schluffig 10 bis 20 dm", "KERNFOLGE": 31034.0, "FAR_NAME": "P_060", "SCH_NAME": "uni", "BLATT": "L5106", "KJAHR": 1971.0, "ZPH_A": 6.4, "ZPH_G": 5.7, "SBDA": "Uls", "BBODSCHV": "Lehm/Schluff", "LUFA_BDA": "lU", "LUFA_TXT": "lehmiger Schluff", "LUFA_GRP": 3.0, "SBDA_TXT": "sandig-lehmiger Schluff", "ERD_WLF_1": 1.45, "ERD_WLF_2": 2.4845, "WAS_AC": 191.0, "GWEINAC": 0.0, "WAS_GR": 157.0, "GWEINGR": 0.0, "T3_AC": 11.0, "T3_GR": 9.0, "GWO": 99.0, "NFK_GR": 156.9, "NFKWEGR": 9.0, "BBK": "(uk)/al", "BBK_NRW": "nrw_uf", "L_MOOR_K": "unter_15", "L_TON_K": "geringer_Tongehalt", "LOK_HUMUS": null, "LOK_TORFE": null, "LOK_WASSER": null, "BKOMPV": 6.0, "FL_NUM": 60952, "Shape_Leng": 5173.1991273435779, "Shape_Area": 461094.67272719473, "sic new": 4, "siccccc": 1, "soil": 1, "S1": 1 }, "geometry": { "type": "MultiPolygon", "coordinates": [ [ [ [ 339885.138769764045719, 5642332.608978661708534 ], [ 339901.208216206519864, 5642314.555272679775953 ], [ 339922.008821622934192, 5642272.350683613680303 ], [ 339938.692184137529694, 5642258.404909575358033 ], [ 339978.209151760849636, 5642235.668605970218778 ], [ 340053.436928644019645, 5642203.031412214972079 ], [ 340200.950723593821749, 5642170.731494413688779 ], [ 340230.242078887647949, 5642157.791439747437835 ], [ 340250.218114091956522, 5642142.951706228777766 ], [ 340220.653202598914504, 5642095.485806685872376 ], [ 340207.673317232169211, 5642084.061680567450821 ], [ 340192.159199999645352, 5642085.512299999594688 ], [ 340117.026200000196695, 5642083.564500000327826 ], [ 340074.769100000150502, 5642090.286800000816584 ], [ 340033.223100000061095, 5642114.492599999532104 ], [ 340006.155199999921024, 5642125.600700000301003 ], [ 340004.470300000160933, 5642145.683499999344349 ], [ 339997.38370000012219, 5642155.978900000452995 ], [ 339972.711799999698997, 5642164.487700000405312 ], [ 339938.049300000071526, 5642173.402899999171495 ], [ 339891.50800000037998, 5642197.812000000849366 ], [ 339819.583599999547005, 5642213.246200000867248 ], [ 339742.76549999974668, 5642231.381400000303984 ], [ 339648.362099999561906, 5642247.730000000447035 ], [ 339565.83739999961108, 5642248.584699999541044 ], [ 339485.099100000225008, 5642231.854100000113249 ], [ 339444.425200000405312, 5642215.995899999514222 ], [ 339443.714100000448525, 5642198.512199999764562 ], [ 339457.582499999552965, 5642170.428400000557303 ], [ 339478.94400000013411, 5642142.039799999445677 ], [ 339490.213299999944866, 5642111.559900000691414 ], [ 339490.780600000172853, 5642064.002699999138713 ], [ 339501.338700000196695, 5642016.039200000464916 ], [ 339532.081399999558926, 5641972.258400000631809 ], [ 339572.509899999946356, 5641920.578199999406934 ], [ 339600.754900000058115, 5641876.898900000378489 ], [ 339602.481257156003267, 5641870.920102180913091 ], [ 339602.218631268071476, 5641854.497059344314039 ], [ 339621.452086189761758, 5641819.379615772515535 ], [ 339627.612713428912684, 5641811.927268674597144 ], [ 339636.755599999800324, 5641777.864800000563264 ], [ 339655.517900000326335, 5641747.080199999734759 ], [ 339667.803100000135601, 5641741.576999999582767 ], [ 339682.484299999661744, 5641733.474500000476837 ], [ 339693.956799999810755, 5641707.990000000223517 ], [ 339701.915699999779463, 5641657.6305 ], [ 339697.894199999980628, 5641620.267100000753999 ], [ 339663.799100000411272, 5641581.625099999830127 ], [ 339643.411399999633431, 5641572.447000000625849 ], [ 339623.125300000421703, 5641565.766699999570847 ], [ 339580.055399999953806, 5641552.507500000298023 ], [ 339509.612599999643862, 5641542.863399999216199 ], [ 339415.878100000321865, 5641514.152100000530481 ], [ 339334.835099999792874, 5641489.928300000727177 ], [ 339261.488300000317395, 5641470.394999999552965 ], [ 339236.206799999810755, 5641463.9178 ], [ 339223.616799999959767, 5641461.927999999374151 ], [ 339206.33629999961704, 5641467.634400000795722 ], [ 339197.056699999608099, 5641485.524299999698997 ], [ 339186.0921, 5641523.497199999168515 ], [ 339186.235700000077486, 5641588.538200000301003 ], [ 339179.089499999769032, 5641658.879200000315905 ], [ 339171.333700000308454, 5641714.234200000762939 ], [ 339151.089599999599159, 5641770.097100000828505 ], [ 339133.749499999918044, 5641835.849199999123812 ], [ 339130.582799999974668, 5641881.01039999909699 ], [ 339138.219600000418723, 5641945.746600000187755 ], [ 339125.46860000025481, 5642001.3048 ], [ 339087.334400000050664, 5642047.8882 ], [ 339051.901100000366569, 5642099.365299999713898 ], [ 339040.835099999792874, 5642134.840600000694394 ], [ 339054.237800000235438, 5642156.811699999496341 ], [ 339062.238800000399351, 5642168.995300000533462 ], [ 339085.12430000025779, 5642178.071699999272823 ], [ 339113.106700000353158, 5642189.442600000649691 ], [ 339160.867300000041723, 5642195.0055 ], [ 339231.615000000223517, 5642212.142400000244379 ], [ 339292.067200000397861, 5642222.192700000479817 ], [ 339365.109299999661744, 5642234.232599999755621 ], [ 339428.160699999891222, 5642246.678999999538064 ], [ 339469.139399999752641, 5642270.030200000852346 ], [ 339522.504800000227988, 5642290.375900000333786 ], [ 339586.16579999960959, 5642317.8081 ], [ 339672.508899999782443, 5642349.321399999782443 ], [ 339728.067200000397861, 5642362.0724 ], [ 339773.126799999736249, 5642362.741499999538064 ], [ 339847.853600000031292, 5642354.6985 ], [ 339881.936377562116832, 5642334.701061060652137 ], [ 339885.138769764045719, 5642332.608978661708534 ] ] ] ] } },
{ "type": "Feature", "properties": { "fid": 61630.0, "OBJECTID": 61630.0, "Name": "L5106_B721", "AREAhaBK50": 22.715756835000001, "GW_CODE": "GW0", "SW_CODE": "SW0", "GW_TIEFE": 99.0, "LF_TIEFE": 0.0, "BWZ_1": 25.0, "BWZ_2": 50.0, "BWZ_M": 38.0, "ANALOG_E": "B71", "BASUW": "xxx", "TIEFE": 9.3, "NFK": 67.5, "FK": 130.0, "LK": 103.9, "KAK": 80.9, "EROD": 0.24, "KF": 62.7, "KAP": 0.0, "OFA": 13.4, "LK4": 14.1, "LKNFK": 33.2, "DEN_0_5": "den_0", "DEN_6_10": "den_0", "DEN_11_20": "den_0", "FEU": "feu34", "OFAKLA": "ofa_300", "OFA_GWS": "mittel - Grundwasser ist nicht vorhanden", "NEI": "WA", "SIC": "sic_6", "FIL": "FIL_32", "BFE": "bf0_00", "BFE_2": "bf0_00", "BFE_CC": "cc", "GBK_1M": 40.0, "GBK_2M": 40.0, "GBK_NASS": 0.0, "GBK_STAU": 0.0, "VER_KLA": 7.0, "KOR": "11", "FESA": 86.0, "TOHU": 0.0, "BOD_WASSER": "wasserfrei", "KERN": "B72", "TYP": "B", "HPTTYP": "B", "ART": 7.0, "DIC": 2.0, "GW_STUFE": 0.0, "SW_STUFE": 0.0, "TYP_TEXT": "Braunerde", "ART_TEXT": "lehmig-sandig", "DIC_TEXT": "3 bis 6 dm", "EIN_TEXT": "Braunerde oberste Bodenartenschicht lehmig-sandig 3 bis 6 dm", "KERNFOLGE": 23272.0, "FAR_NAME": "K_003", "SCH_NAME": "uni", "BLATT": "L5106", "KJAHR": 1971.0, "ZPH_A": 6.4, "ZPH_G": 5.7, "SBDA": "Slu", "BBODSCHV": "Lehm/Schluff", "LUFA_BDA": "ssL", "LUFA_TXT": "stark sandiger Lehm", "LUFA_GRP": 3.0, "SBDA_TXT": "schluffig-lehmiger Sand", "ERD_WLF_1": 1.4706, "ERD_WLF_2": 1.46, "WAS_AC": 66.0, "GWEINAC": 0.0, "WAS_GR": 59.0, "GWEINGR": 0.0, "T3_AC": 9.0, "T3_GR": 7.0, "GWO": 99.0, "NFK_GR": 59.9, "NFKWEGR": 7.3, "BBK": "ft", "BBK_NRW": "nrw_ft", "L_MOOR_K": "unter_15", "L_TON_K": "geringer_Tongehalt", "LOK_HUMUS": null, "LOK_TORFE": null, "LOK_WASSER": null, "BKOMPV": 0.0, "FL_NUM": 61634, "Shape_Leng": 2876.7061286690728, "Shape_Area": 227157.56834992263, "sic new": 6, "siccccc": 1, "soil": 1, "S1": 1 }, "geometry": { "type": "MultiPolygon", "coordinates": [ [ [ [ 339815.214319139544386, 5641797.953208880499005 ], [ 339771.398629930394236, 5641823.469180406071246 ], [ 339753.783620389876887, 5641843.371076512150466 ], [ 339751.196920295944437, 5641858.453110848553479 ], [ 339757.886868563538883, 5641906.030206014402211 ], [ 339754.573885379359126, 5641939.829749022610486 ], [ 339744.612386826600414, 5641971.256873272359371 ], [ 339727.23114090715535, 5641985.772686003707349 ], [ 339715.879399157944135, 5641987.234326213598251 ], [ 339703.815581740695052, 5641984.456471099518239 ], [ 339669.96488204295747, 5641964.40720472112298 ], [ 339635.735368458379526, 5641926.725008174777031 ], [ 339602.595901741296984, 5641878.089284742251039 ], [ 339602.481257156003267, 5641870.920102180913091 ], [ 339600.754900000058115, 5641876.898900000378489 ], [ 339572.509899999946356, 5641920.578199999406934 ], [ 339532.081399999558926, 5641972.258400000631809 ], [ 339501.338700000196695, 5642016.039200000464916 ], [ 339490.780600000172853, 5642064.002699999138713 ], [ 339490.213299999944866, 5642111.559900000691414 ], [ 339478.94400000013411, 5642142.039799999445677 ], [ 339457.582499999552965, 5642170.428400000557303 ], [ 339443.714100000448525, 5642198.512199999764562 ], [ 339444.425200000405312, 5642215.995899999514222 ], [ 339485.099100000225008, 5642231.854100000113249 ], [ 339565.83739999961108, 5642248.584699999541044 ], [ 339648.362099999561906, 5642247.730000000447035 ], [ 339742.76549999974668, 5642231.381400000303984 ], [ 339819.583599999547005, 5642213.246200000867248 ], [ 339891.50800000037998, 5642197.812000000849366 ], [ 339938.049300000071526, 5642173.402899999171495 ], [ 339972.711799999698997, 5642164.487700000405312 ], [ 339997.38370000012219, 5642155.978900000452995 ], [ 340004.470300000160933, 5642145.683499999344349 ], [ 340006.155199999921024, 5642125.600700000301003 ], [ 340002.743200000375509, 5642103.223300000652671 ], [ 339989.238900000229478, 5642078.754699999466538 ], [ 339944.077800000086427, 5642075.587899999693036 ], [ 339891.626799999736249, 5642077.721200000494719 ], [ 339834.078900000080466, 5642077.560000000521541 ], [ 339800.186900000087917, 5642043.91330000013113 ], [ 339796.529500000178814, 5641953.997600000351667 ], [ 339808.162999999709427, 5641870.965299999341369 ], [ 339828.264767233864404, 5641826.311953582800925 ], [ 339815.214319139544386, 5641797.953208880499005 ] ] ], [ [ [ 339670.023364430235233, 5641760.624230911955237 ], [ 339729.24376547220163, 5641702.777131929062307 ], [ 339745.134023373597302, 5641681.011371693573892 ], [ 339759.059594113205094, 5641631.06193336378783 ], [ 339793.182388567423914, 5641550.837826867587864 ], [ 339797.388662907236721, 5641525.579771025106311 ], [ 339796.542988569533918, 5641496.705075834877789 ], [ 339783.580199999734759, 5641479.884500000625849 ], [ 339772.537100000306964, 5641487.138299999758601 ], [ 339760.963000000454485, 5641510.125099999830127 ], [ 339756.983599999919534, 5641535.30489999987185 ], [ 339777.066499999724329, 5641536.989900000393391 ], [ 339787.768299999646842, 5641554.067199999466538 ], [ 339783.382500000298023, 5641569.256300000473857 ], [ 339761.411399999633431, 5641582.658800000324845 ], [ 339719.052600000053644, 5641586.883300000801682 ], [ 339656.102900000289083, 5641576.934499999508262 ], [ 339643.411399999633431, 5641572.447000000625849 ], [ 339663.799100000411272, 5641581.625099999830127 ], [ 339697.894199999980628, 5641620.267100000753999 ], [ 339701.915699999779463, 5641657.6305 ], [ 339693.956799999810755, 5641707.990000000223517 ], [ 339682.484299999661744, 5641733.474500000476837 ], [ 339667.803100000135601, 5641741.576999999582767 ], [ 339655.517900000326335, 5641747.080199999734759 ], [ 339636.755599999800324, 5641777.864800000563264 ], [ 339627.612713428912684, 5641811.927268674597144 ], [ 339670.023364430235233, 5641760.624230911955237 ] ] ] ] } },
{ "type": "Feature", "properties": { "fid": 63024.0, "OBJECTID": 63024.0, "Name": "L5106_G341GWA5", "AREAhaBK50": 12.174216516, "GW_CODE": "GWA5", "SW_CODE": "SW0", "GW_TIEFE": 25.0, "LF_TIEFE": 0.0, "BWZ_1": 40.0, "BWZ_2": 65.0, "BWZ_M": 53.0, "ANALOG_E": "G3", "BASUW": "xxx", "TIEFE": 11.0, "NFK": 161.2, "FK": 372.0, "LK": 109.4, "KAK": 278.4, "EROD": 0.32, "KF": 17.0, "KAP": 0.0, "OFA": 16.0, "LK4": 9.9, "LKNFK": 33.0, "DEN_0_5": "den_0", "DEN_6_10": "den_0", "DEN_11_20": "den_1", "FEU": "feu32", "OFAKLA": "ofa_5=0", "OFA_GWS": "sehr hoch - Grundwasser ist 2 dm tiefer bis 2 dm höher", "NEI": "WA", "SIC": "sic_4", "FIL": "FIL_35", "BFE": "bf4_2m", "BFE_2": "bf0_00", "BFE_CC": "c1", "GBK_1M": 21.0, "GBK_2M": 20.0, "GBK_NASS": 2.0, "GBK_STAU": 0.0, "VER_KLA": 7.0, "KOR": "22", "FESA": 34.0, "TOHU": 0.0, "BOD_WASSER": "feucht", "KERN": "G34", "TYP": "G", "HPTTYP": "G", "ART": 3.0, "DIC": 4.0, "GW_STUFE": 5.0, "SW_STUFE": 0.0, "TYP_TEXT": "Gley", "ART_TEXT": "tonig-schluffig", "DIC_TEXT": "10 bis 20 dm", "EIN_TEXT": "Gley oberste Bodenartenschicht tonig-schluffig 10 bis 20 dm", "KERNFOLGE": 51234.0, "FAR_NAME": "A_242", "SCH_NAME": "uni", "BLATT": "L5106", "KJAHR": 1971.0, "ZPH_A": 6.3, "ZPH_G": 5.9, "SBDA": "Lu", "BBODSCHV": "Lehm/Schluff", "LUFA_BDA": "uL", "LUFA_TXT": "schluffiger Lehm", "LUFA_GRP": 4.0, "SBDA_TXT": "schluffiger Lehm", "ERD_WLF_1": 1.44, "ERD_WLF_2": 2.6975, "WAS_AC": 161.0, "GWEINAC": 9.0, "WAS_GR": 133.0, "GWEINGR": 9.0, "T3_AC": 18.0, "T3_GR": 16.0, "GWO": 25.0, "NFK_GR": 133.2, "NFKWEGR": 9.0, "BBK": "fh", "BBK_NRW": "nrw_fb", "L_MOOR_K": "unter_15", "L_TON_K": "mittlerer_Tongehalt", "LOK_HUMUS": null, "LOK_TORFE": null, "LOK_WASSER": null, "BKOMPV": 4.0, "FL_NUM": 63028, "Shape_Leng": 1843.90208521211, "Shape_Area": 121742.16516011969, "sic new": 4, "siccccc": 1, "soil": 1, "S1": 1 }, "geometry": { "type": "MultiPolygon", "coordinates": [ [ [ [ 338843.0291620392818, 5642038.920878888107836 ], [ 338865.951247687917203, 5642049.259118566289544 ], [ 338875.674791964178439, 5642063.722856459207833 ], [ 338875.555014415760525, 5642076.129638912156224 ], [ 338866.936599641630892, 5642087.608037194237113 ], [ 338821.491301299422048, 5642105.02236595377326 ], [ 338812.296670438081492, 5642110.472874228842556 ], [ 338813.597900000400841, 5642176.105900000780821 ], [ 338823.774699999950826, 5642303.284 ], [ 338828.913900000043213, 5642368.121899999678135 ], [ 338848.945299999788404, 5642337.785900000482798 ], [ 338897.637500000186265, 5642243.238700000569224 ], [ 338945.313799999654293, 5642123.714800000190735 ], [ 338995.792500000447035, 5642011.582499999552965 ], [ 339045.356999999843538, 5641876.971100000664592 ], [ 339066.676500000059605, 5641786.039200000464916 ], [ 339083.305499999783933, 5641702.80350000038743 ], [ 339095.548700000159442, 5641634.756999999284744 ], [ 339100.806800000369549, 5641579.503499999642372 ], [ 339091.891499999910593, 5641544.840900000184774 ], [ 339076.29590000025928, 5641530.464299999177456 ], [ 339053.512099999934435, 5641523.885500000789762 ], [ 339026.443900000303984, 5641534.99349999986589 ], [ 339006.20920000039041, 5641560.334100000560284 ], [ 338951.099200000055134, 5641620.116800000891089 ], [ 338904.091599999926984, 5641694.580900000408292 ], [ 338869.369400000199676, 5641763.5417 ], [ 338835.05350000038743, 5641842.493300000205636 ], [ 338816.536500000394881, 5641940.816800000146031 ], [ 338812.368023447575979, 5642031.201757533475757 ], [ 338843.0291620392818, 5642038.920878888107836 ] ] ] ] } },
{ "type": "Feature", "properties": { "fid": 55984.0, "OBJECTID": 55984.0, "Name": "L5106_S331SW3", "AREAhaBK50": 21.6974970986, "GW_CODE": "GW0", "SW_CODE": "SW3", "GW_TIEFE": 99.0, "LF_TIEFE": 0.0, "BWZ_1": 40.0, "BWZ_2": 60.0, "BWZ_M": 50.0, "ANALOG_E": "S32", "BASUW": "xxx", "TIEFE": 11.0, "NFK": 139.4, "FK": 248.1, "LK": 92.8, "KAK": 139.6, "EROD": 0.52, "KF": 16.7, "KAP": 0.0, "OFA": 17.0, "LK4": 9.7, "LKNFK": 31.8, "DEN_0_5": "den_1", "DEN_6_10": "den_0", "DEN_11_20": "den_0", "FEU": "feu23", "OFAKLA": "ofa_500", "OFA_GWS": "sehr hoch - Grundwasser ist nicht vorhanden", "NEI": "W(WA)", "SIC": "sic_2", "FIL": "FIL_33", "BFE": "bf0_00", "BFE_2": "bf0_00", "BFE_CC": "cc", "GBK_1M": 40.0, "GBK_2M": 40.0, "GBK_NASS": 0.0, "GBK_STAU": 2.0, "VER_KLA": 10.0, "KOR": "12", "FESA": 90.0, "TOHU": 0.0, "BOD_WASSER": "feucht", "KERN": "S33", "TYP": "S", "HPTTYP": "S", "ART": 3.0, "DIC": 3.0, "GW_STUFE": 0.0, "SW_STUFE": 3.0, "TYP_TEXT": "Pseudogley", "ART_TEXT": "tonig-schluffig", "DIC_TEXT": "6 bis 10 dm", "EIN_TEXT": "Pseudogley oberste Bodenartenschicht tonig-schluffig 6 bis 10 dm", "KERNFOLGE": 40833.0, "FAR_NAME": "schwarz_10", "SCH_NAME": "uni", "BLATT": "L5106", "KJAHR": 1971.0, "ZPH_A": 6.4, "ZPH_G": 5.7, "SBDA": "Ut3", "BBODSCHV": "Lehm/Schluff", "LUFA_BDA": "lU", "LUFA_TXT": "lehmiger Schluff", "LUFA_GRP": 3.0, "SBDA_TXT": "toniger Schluff", "ERD_WLF_1": 1.4471, "ERD_WLF_2": 1.46, "WAS_AC": 140.0, "GWEINAC": 0.0, "WAS_GR": 132.0, "GWEINGR": 0.0, "T3_AC": 11.0, "T3_GR": 9.0, "GWO": 99.0, "NFK_GR": 132.2, "NFKWEGR": 9.0, "BBK": "(al+ft)/ft", "BBK_NRW": "nrw_al", "L_MOOR_K": "unter_15", "L_TON_K": "geringer_Tongehalt", "LOK_HUMUS": null, "LOK_TORFE": null, "LOK_WASSER": null, "BKOMPV": 0.0, "FL_NUM": 56023, "Shape_Leng": 2403.9508679094179, "Shape_Area": 216974.970985986, "sic new": 2, "siccccc": null, "soil": 1, "S1": 0 }, "geometry": { "type": "MultiPolygon", "coordinates": [ [ [ [ 340189.810090565180872, 5642068.339526746422052 ], [ 340158.780008111032657, 5642032.201736761257052 ], [ 340145.367066330858506, 5642027.155406601727009 ], [ 340103.773873931611888, 5642028.40549467690289 ], [ 340086.552146714413539, 5642023.956042849458754 ], [ 340065.566395583795384, 5642008.805549481883645 ], [ 340014.610091238573659, 5641955.36216683126986 ], [ 339993.860133193433285, 5641939.055043679662049 ], [ 339976.956082507967949, 5641932.590359535999596 ], [ 339932.511866388376802, 5641926.571573403663933 ], [ 339903.346335894893855, 5641906.197741717100143 ], [ 339865.634950274834409, 5641886.884581556543708 ], [ 339842.565124016080517, 5641857.386761451140046 ], [ 339828.264767233864404, 5641826.311953582800925 ], [ 339808.162999999709427, 5641870.965299999341369 ], [ 339796.529500000178814, 5641953.997600000351667 ], [ 339800.186900000087917, 5642043.91330000013113 ], [ 339834.078900000080466, 5642077.560000000521541 ], [ 339891.626799999736249, 5642077.721200000494719 ], [ 339944.077800000086427, 5642075.587899999693036 ], [ 339989.238900000229478, 5642078.754699999466538 ], [ 340002.743200000375509, 5642103.223300000652671 ], [ 340006.155199999921024, 5642125.600700000301003 ], [ 340033.223100000061095, 5642114.492599999532104 ], [ 340074.769100000150502, 5642090.286800000816584 ], [ 340117.026200000196695, 5642083.564500000327826 ], [ 340192.159199999645352, 5642085.512299999594688 ], [ 340207.673317232169211, 5642084.061680567450821 ], [ 340189.810090565180872, 5642068.339526746422052 ] ] ] ] } },
{ "type": "Feature", "properties": { "fid": 63067.0, "OBJECTID": 63067.0, "Name": "L5106_K341", "AREAhaBK50": 11.905862859000001, "GW_CODE": "GW0", "SW_CODE": "SW0", "GW_TIEFE": 99.0, "LF_TIEFE": 0.0, "BWZ_1": 70.0, "BWZ_2": 90.0, "BWZ_M": 80.0, "ANALOG_E": "K3", "BASUW": "xxx", "TIEFE": 11.0, "NFK": 209.0, "FK": 379.5, "LK": 99.0, "KAK": 320.5, "EROD": 0.48, "KF": 15.8, "KAP": 0.0, "OFA": 19.0, "LK4": 9.0, "LKNFK": 38.5, "DEN_0_5": "den_0", "DEN_6_10": "den_0", "DEN_11_20": "den_0", "FEU": "feu31", "OFAKLA": "ofa_500", "OFA_GWS": "sehr hoch - Grundwasser ist nicht vorhanden", "NEI": "WA", "SIC": "sic_4", "FIL": "FIL_35", "BFE": "bf5_ff", "BFE_2": "bf4_2m", "BFE_CC": "c1", "GBK_1M": 20.0, "GBK_2M": 20.0, "GBK_NASS": 0.0, "GBK_STAU": 0.0, "VER_KLA": 7.0, "KOR": "21", "FESA": 34.0, "TOHU": 0.70400000080000003, "BOD_WASSER": "wasserfrei", "KERN": "K34", "TYP": "K", "HPTTYP": "K", "ART": 3.0, "DIC": 4.0, "GW_STUFE": 0.0, "SW_STUFE": 0.0, "TYP_TEXT": "Kolluvisol", "ART_TEXT": "tonig-schluffig", "DIC_TEXT": "10 bis 20 dm", "EIN_TEXT": "Kolluvisol oberste Bodenartenschicht tonig-schluffig 10 bis 20 dm", "KERNFOLGE": 60034.0, "FAR_NAME": "L_046", "SCH_NAME": "uni", "BLATT": "L5106", "KJAHR": 1971.0, "ZPH_A": 6.8, "ZPH_G": 6.5, "SBDA": "Ut4", "BBODSCHV": "Lehm/Schluff", "LUFA_BDA": "uL", "LUFA_TXT": "schluffiger Lehm", "LUFA_GRP": 4.0, "SBDA_TXT": "stark toniger Schluff", "ERD_WLF_1": 1.37, "ERD_WLF_2": 2.3512, "WAS_AC": 209.0, "GWEINAC": 0.0, "WAS_GR": 171.0, "GWEINGR": 0.0, "T3_AC": 11.0, "T3_GR": 9.0, "GWO": 99.0, "NFK_GR": 171.0, "NFKWEGR": 9.0, "BBK": "uk", "BBK_NRW": "nrw_uf", "L_MOOR_K": "unter_15", "L_TON_K": "mittlerer_Tongehalt", "LOK_HUMUS": null, "LOK_TORFE": null, "LOK_WASSER": null, "BKOMPV": 6.0, "FL_NUM": 63071, "Shape_Leng": 4591.9028803388583, "Shape_Area": 119058.62858974084, "sic new": 4, "siccccc": 1, "soil": 1, "S1": 1 }, "geometry": { "type": "MultiPolygon", "coordinates": [ [ [ [ 339617.951075951568782, 5642395.287037827074528 ], [ 339631.950686299183872, 5642392.542442761361599 ], [ 339676.310409989440814, 5642398.170015634037554 ], [ 339720.00665709504392, 5642395.999322223477066 ], [ 339766.20957622223068, 5642386.794473666697741 ], [ 339819.659006086643785, 5642369.151699800975621 ], [ 339854.298522882163525, 5642352.756522625684738 ], [ 339881.936377562116832, 5642334.701061060652137 ], [ 339847.853600000031292, 5642354.6985 ], [ 339773.126799999736249, 5642362.741499999538064 ], [ 339728.067200000397861, 5642362.0724 ], [ 339672.508899999782443, 5642349.321399999782443 ], [ 339586.16579999960959, 5642317.8081 ], [ 339522.504800000227988, 5642290.375900000333786 ], [ 339469.139399999752641, 5642270.030200000852346 ], [ 339428.160699999891222, 5642246.678999999538064 ], [ 339365.109299999661744, 5642234.232599999755621 ], [ 339292.067200000397861, 5642222.192700000479817 ], [ 339231.615000000223517, 5642212.142400000244379 ], [ 339160.867300000041723, 5642195.0055 ], [ 339113.106700000353158, 5642189.442600000649691 ], [ 339085.12430000025779, 5642178.071699999272823 ], [ 339062.238800000399351, 5642168.995300000533462 ], [ 339054.237800000235438, 5642156.811699999496341 ], [ 339040.572499999776483, 5642189.890900000929832 ], [ 339029.201700000092387, 5642217.873199999332428 ], [ 339024.714300000108778, 5642230.5647 ], [ 339059.580199999734759, 5642226.644899999722838 ], [ 339137.820899999700487, 5642243.477 ], [ 339206.274100000038743, 5642265.710899999365211 ], [ 339284.5148, 5642282.542999999597669 ], [ 339327.483199999667704, 5642293.304300000891089 ], [ 339347.972599999979138, 5642304.980000000447035 ], [ 339391.144199999980628, 5642320.736600000411272 ], [ 339464.79590000025928, 5642347.762599999085069 ], [ 339551.037399999797344, 5642376.778200000524521 ], [ 339611.895899999886751, 5642396.81900000013411 ], [ 339615.197327214060351, 5642397.533115387894213 ], [ 339617.951075951568782, 5642395.287037827074528 ] ] ] ] } },
{ "type": "Feature", "properties": { "fid": 61096.0, "OBJECTID": 61096.0, "Name": "L5106_S331SW3", "AREAhaBK50": 38.291487075900001, "GW_CODE": "GW0", "SW_CODE": "SW3", "GW_TIEFE": 99.0, "LF_TIEFE": 0.0, "BWZ_1": 40.0, "BWZ_2": 60.0, "BWZ_M": 50.0, "ANALOG_E": "S32", "BASUW": "xxx", "TIEFE": 11.0, "NFK": 139.4, "FK": 248.1, "LK": 92.8, "KAK": 139.6, "EROD": 0.52, "KF": 16.7, "KAP": 0.0, "OFA": 17.0, "LK4": 9.7, "LKNFK": 31.8, "DEN_0_5": "den_1", "DEN_6_10": "den_0", "DEN_11_20": "den_0", "FEU": "feu23", "OFAKLA": "ofa_500", "OFA_GWS": "sehr hoch - Grundwasser ist nicht vorhanden", "NEI": "W(WA)", "SIC": "sic_2", "FIL": "FIL_33", "BFE": "bf0_00", "BFE_2": "bf0_00", "BFE_CC": "cc", "GBK_1M": 40.0, "GBK_2M": 40.0, "GBK_NASS": 0.0, "GBK_STAU": 2.0, "VER_KLA": 10.0, "KOR": "12", "FESA": 90.0, "TOHU": 0.0, "BOD_WASSER": "feucht", "KERN": "S33", "TYP": "S", "HPTTYP": "S", "ART": 3.0, "DIC": 3.0, "GW_STUFE": 0.0, "SW_STUFE": 3.0, "TYP_TEXT": "Pseudogley", "ART_TEXT": "tonig-schluffig", "DIC_TEXT": "6 bis 10 dm", "EIN_TEXT": "Pseudogley oberste Bodenartenschicht tonig-schluffig 6 bis 10 dm", "KERNFOLGE": 40833.0, "FAR_NAME": "schwarz_10", "SCH_NAME": "uni", "BLATT": "L5106", "KJAHR": 1971.0, "ZPH_A": 6.4, "ZPH_G": 5.7, "SBDA": "Ut3", "BBODSCHV": "Lehm/Schluff", "LUFA_BDA": "lU", "LUFA_TXT": "lehmiger Schluff", "LUFA_GRP": 3.0, "SBDA_TXT": "toniger Schluff", "ERD_WLF_1": 1.4471, "ERD_WLF_2": 1.46, "WAS_AC": 140.0, "GWEINAC": 0.0, "WAS_GR": 132.0, "GWEINGR": 0.0, "T3_AC": 11.0, "T3_GR": 9.0, "GWO": 99.0, "NFK_GR": 132.2, "NFKWEGR": 9.0, "BBK": "(al+ft)/ft", "BBK_NRW": "nrw_al", "L_MOOR_K": "unter_15", "L_TON_K": "geringer_Tongehalt", "LOK_HUMUS": null, "LOK_TORFE": null, "LOK_WASSER": null, "BKOMPV": 0.0, "FL_NUM": 61100, "Shape_Leng": 4155.8673721635987, "Shape_Area": 382914.87075857579, "sic new": 2, "siccccc": null, "soil": 1, "S1": 0 }, "geometry": { "type": "MultiPolygon", "coordinates": [ [ [ [ 340406.053307128371671, 5642994.182621733285487 ], [ 340403.274149080913048, 5642965.587588723748922 ], [ 340414.571150842646603, 5642906.002799496054649 ], [ 340408.923810037202202, 5642878.707641057670116 ], [ 340372.187776518054307, 5642815.174103248864412 ], [ 340321.447355031850748, 5642743.036347717046738 ], [ 340300.796205372782424, 5642726.090791264548898 ], [ 340285.5945511222817, 5642718.009980426169932 ], [ 340152.708110603620298, 5642661.505412861704826 ], [ 340070.397816710057668, 5642632.862087924033403 ], [ 340041.835833040357102, 5642619.545776939950883 ], [ 340024.799239124986343, 5642600.110836376436055 ], [ 340022.31349526939448, 5642588.820657786913216 ], [ 340014.95990000013262, 5642588.073599999770522 ], [ 339992.379399999976158, 5642586.490199999883771 ], [ 339984.987999999895692, 5642589.292700000107288 ], [ 339962.712199999950826, 5642595.202299999073148 ], [ 339930.344100000336766, 5642599.020600000396371 ], [ 339898.4841, 5642615.327299999073148 ], [ 339887.011800000444055, 5642640.811799999326468 ], [ 339892.921500000171363, 5642663.087500000372529 ], [ 339931.300900000147521, 5642684.042600000277162 ], [ 339982.270200000144541, 5642706.987299999222159 ], [ 340050.621600000187755, 5642726.723200000822544 ], [ 340096.493900000117719, 5642747.373500000685453 ], [ 340102.403699999675155, 5642769.64919999986887 ], [ 340098.017900000326335, 5642784.838300000876188 ], [ 340086.03760000038892, 5642797.834499999880791 ], [ 340058.766499999910593, 5642803.9474 ], [ 340015.89989999961108, 5642795.683800000697374 ], [ 339962.636099999770522, 5642777.836100000888109 ], [ 339894.589499999769032, 5642765.593100000172853 ], [ 339839.23450000025332, 5642757.837500000372529 ], [ 339809.364099999889731, 5642761.554300000891089 ], [ 339803.191899999976158, 5642794.328700000420213 ], [ 339819.701899999752641, 5642831.184000000357628 ], [ 339838.506400000303984, 5642862.942399999126792 ], [ 339843.705000000074506, 5642867.73450000025332 ], [ 339841.410500000230968, 5642872.831499999389052 ], [ 339884.785299999639392, 5642893.5833 ], [ 339942.942800000309944, 5642908.730200000107288 ], [ 340011.497399999760091, 5642933.461300000548363 ], [ 340090.245799999684095, 5642962.781400000676513 ], [ 340181.787299999967217, 5642999.086400000378489 ], [ 340278.628899999894202, 5643042.681199999526143 ], [ 340329.293399999849498, 5643058.132799999788404 ], [ 340371.651999999769032, 5643053.907999999821186 ], [ 340401.115899999625981, 5643040.2006 ], [ 340415.214153299224563, 5643021.464374329894781 ], [ 340406.053307128371671, 5642994.182621733285487 ] ] ] ] } },
{ "type": "Feature", "properties": { "fid": 62186.0, "OBJECTID": 62186.0, "Name": "L5106_K341", "AREAhaBK50": 7.5455594906599996, "GW_CODE": "GW0", "SW_CODE": "SW0", "GW_TIEFE": 99.0, "LF_TIEFE": 0.0, "BWZ_1": 70.0, "BWZ_2": 90.0, "BWZ_M": 80.0, "ANALOG_E": "K3", "BASUW": "xxx", "TIEFE": 11.0, "NFK": 209.0, "FK": 379.5, "LK": 99.0, "KAK": 320.5, "EROD": 0.48, "KF": 15.8, "KAP": 0.0, "OFA": 19.0, "LK4": 9.0, "LKNFK": 38.5, "DEN_0_5": "den_0", "DEN_6_10": "den_0", "DEN_11_20": "den_0", "FEU": "feu31", "OFAKLA": "ofa_500", "OFA_GWS": "sehr hoch - Grundwasser ist nicht vorhanden", "NEI": "WA", "SIC": "sic_4", "FIL": "FIL_35", "BFE": "bf5_ff", "BFE_2": "bf4_2m", "BFE_CC": "c1", "GBK_1M": 20.0, "GBK_2M": 20.0, "GBK_NASS": 0.0, "GBK_STAU": 0.0, "VER_KLA": 7.0, "KOR": "21", "FESA": 34.0, "TOHU": 0.70400000080000003, "BOD_WASSER": "wasserfrei", "KERN": "K34", "TYP": "K", "HPTTYP": "K", "ART": 3.0, "DIC": 4.0, "GW_STUFE": 0.0, "SW_STUFE": 0.0, "TYP_TEXT": "Kolluvisol", "ART_TEXT": "tonig-schluffig", "DIC_TEXT": "10 bis 20 dm", "EIN_TEXT": "Kolluvisol oberste Bodenartenschicht tonig-schluffig 10 bis 20 dm", "KERNFOLGE": 60034.0, "FAR_NAME": "L_046", "SCH_NAME": "uni", "BLATT": "L5106", "KJAHR": 1971.0, "ZPH_A": 6.8, "ZPH_G": 6.5, "SBDA": "Ut4", "BBODSCHV": "Lehm/Schluff", "LUFA_BDA": "uL", "LUFA_TXT": "schluffiger Lehm", "LUFA_GRP": 4.0, "SBDA_TXT": "stark toniger Schluff", "ERD_WLF_1": 1.37, "ERD_WLF_2": 2.3512, "WAS_AC": 209.0, "GWEINAC": 0.0, "WAS_GR": 171.0, "GWEINGR": 0.0, "T3_AC": 11.0, "T3_GR": 9.0, "GWO": 99.0, "NFK_GR": 171.0, "NFKWEGR": 9.0, "BBK": "uk", "BBK_NRW": "nrw_uf", "L_MOOR_K": "unter_15", "L_TON_K": "mittlerer_Tongehalt", "LOK_HUMUS": null, "LOK_TORFE": null, "LOK_WASSER": null, "BKOMPV": 6.0, "FL_NUM": 62190, "Shape_Leng": 3342.4338861837437, "Shape_Area": 75455.594906638973, "sic new": 4, "siccccc": 1, "soil": 1, "S1": 1 }, "geometry": { "type": "MultiPolygon", "coordinates": [ [ [ [ 339740.273648175527342, 5642503.137984772212803 ], [ 339714.099613757338375, 5642494.374282030388713 ], [ 339646.463739157130476, 5642495.521538814529777 ], [ 339621.602234815713018, 5642492.435367810539901 ], [ 339601.629046235233545, 5642481.48838273063302 ], [ 339599.145363392774016, 5642475.192238833755255 ], [ 339537.516099999658763, 5642474.898199999704957 ], [ 339447.193500000052154, 5642468.5647 ], [ 339346.880199999548495, 5642462.637700000777841 ], [ 339299.424399999901652, 5642464.567900000140071 ], [ 339279.341500000096858, 5642462.88289999961853 ], [ 339234.180100000463426, 5642459.716199999675155 ], [ 339171.331899999640882, 5642452.2653 ], [ 339090.593500000424683, 5642435.534800000488758 ], [ 339002.565200000070035, 5642424.104399999603629 ], [ 338949.199599999934435, 5642403.75870000012219 ], [ 338928.710099999792874, 5642392.083100000396371 ], [ 338914.841599999926984, 5642420.166999999433756 ], [ 338909.075799999758601, 5642462.932199999690056 ], [ 338910.599799999967217, 5642500.397199999541044 ], [ 338943.17119999974966, 5642501.574200000613928 ], [ 339030.285099999979138, 5642490.52559999935329 ], [ 339175.861499999649823, 5642502.117000000551343 ], [ 339313.8432, 5642511.515599999576807 ], [ 339436.229199999943376, 5642506.537599999457598 ], [ 339596.181699999608099, 5642502.533500000834465 ], [ 339734.0614, 5642509.434399999678135 ], [ 339745.542783224955201, 5642509.234604987315834 ], [ 339740.273648175527342, 5642503.137984772212803 ] ] ] ] } },
{ "type": "Feature", "properties": { "fid": 63286.0, "OBJECTID": 63286.0, "Name": "L5106_B721", "AREAhaBK50": 10.3411977865, "GW_CODE": "GW0", "SW_CODE": "SW0", "GW_TIEFE": 99.0, "LF_TIEFE": 0.0, "BWZ_1": 25.0, "BWZ_2": 50.0, "BWZ_M": 38.0, "ANALOG_E": "B71", "BASUW": "xxx", "TIEFE": 9.3, "NFK": 67.5, "FK": 130.0, "LK": 103.9, "KAK": 80.9, "EROD": 0.24, "KF": 62.7, "KAP": 0.0, "OFA": 13.4, "LK4": 14.1, "LKNFK": 33.2, "DEN_0_5": "den_0", "DEN_6_10": "den_0", "DEN_11_20": "den_0", "FEU": "feu34", "OFAKLA": "ofa_300", "OFA_GWS": "mittel - Grundwasser ist nicht vorhanden", "NEI": "WA", "SIC": "sic_6", "FIL": "FIL_32", "BFE": "bf0_00", "BFE_2": "bf0_00", "BFE_CC": "cc", "GBK_1M": 40.0, "GBK_2M": 40.0, "GBK_NASS": 0.0, "GBK_STAU": 0.0, "VER_KLA": 7.0, "KOR": "11", "FESA": 86.0, "TOHU": 0.0, "BOD_WASSER": "wasserfrei", "KERN": "B72", "TYP": "B", "HPTTYP": "B", "ART": 7.0, "DIC": 2.0, "GW_STUFE": 0.0, "SW_STUFE": 0.0, "TYP_TEXT": "Braunerde", "ART_TEXT": "lehmig-sandig", "DIC_TEXT": "3 bis 6 dm", "EIN_TEXT": "Braunerde oberste Bodenartenschicht lehmig-sandig 3 bis 6 dm", "KERNFOLGE": 23272.0, "FAR_NAME": "K_003", "SCH_NAME": "uni", "BLATT": "L5106", "KJAHR": 1971.0, "ZPH_A": 6.4, "ZPH_G": 5.7, "SBDA": "Slu", "BBODSCHV": "Lehm/Schluff", "LUFA_BDA": "ssL", "LUFA_TXT": "stark sandiger Lehm", "LUFA_GRP": 3.0, "SBDA_TXT": "schluffig-lehmiger Sand", "ERD_WLF_1": 1.4706, "ERD_WLF_2": 1.46, "WAS_AC": 66.0, "GWEINAC": 0.0, "WAS_GR": 59.0, "GWEINGR": 0.0, "T3_AC": 9.0, "T3_GR": 7.0, "GWO": 99.0, "NFK_GR": 59.9, "NFKWEGR": 7.3, "BBK": "ft", "BBK_NRW": "nrw_ft", "L_MOOR_K": "unter_15", "L_TON_K": "geringer_Tongehalt", "LOK_HUMUS": null, "LOK_TORFE": null, "LOK_WASSER": null, "BKOMPV": 0.0, "FL_NUM": 63290, "Shape_Leng": 2823.4590300595355, "Shape_Area": 103411.9778650455, "sic new": 6, "siccccc": 1, "soil": 1, "S1": 1 }, "geometry": { "type": "MultiPolygon", "coordinates": [ [ [ [ 339594.930401934601832, 5642464.507298145443201 ], [ 339602.616091768606566, 5642415.210686458274722 ], [ 339609.020004031946883, 5642402.571609567850828 ], [ 339615.197327214060351, 5642397.533115387894213 ], [ 339611.895899999886751, 5642396.81900000013411 ], [ 339551.037399999797344, 5642376.778200000524521 ], [ 339464.79590000025928, 5642347.762599999085069 ], [ 339391.144199999980628, 5642320.736600000411272 ], [ 339347.972599999979138, 5642304.980000000447035 ], [ 339318.30530000012368, 5642313.691999999806285 ], [ 339276.860799999907613, 5642340.395700000226498 ], [ 339263.19550000037998, 5642373.474899999797344 ], [ 339264.617899999953806, 5642408.442199999466538 ], [ 339283.82880000025034, 5642450.191400000825524 ], [ 339299.424399999901652, 5642464.567900000140071 ], [ 339346.880199999548495, 5642462.637700000777841 ], [ 339447.193500000052154, 5642468.5647 ], [ 339537.516099999658763, 5642474.898199999704957 ], [ 339599.145363392774016, 5642475.192238833755255 ], [ 339594.930401934601832, 5642464.507298145443201 ] ] ] ] } },
{ "type": "Feature", "properties": { "fid": 64017.0, "OBJECTID": 64017.0, "Name": "L5106_sL342SW2", "AREAhaBK50": 6.7404600825000003, "GW_CODE": "GW0", "SW_CODE": "SW2", "GW_TIEFE": 99.0, "LF_TIEFE": 0.0, "BWZ_1": 65.0, "BWZ_2": 90.0, "BWZ_M": 78.0, "ANALOG_E": "L34", "BASUW": "xxx", "TIEFE": 11.0, "NFK": 191.2, "FK": 350.2, "LK": 123.9, "KAK": 209.6, "EROD": 0.48, "KF": 17.5, "KAP": 0.0, "OFA": 19.0, "LK4": 11.1, "LKNFK": 48.4, "DEN_0_5": "den_0", "DEN_6_10": "den_0", "DEN_11_20": "den_0", "FEU": "feu23", "OFAKLA": "ofa_500", "OFA_GWS": "sehr hoch - Grundwasser ist nicht vorhanden", "NEI": "WA(A)", "SIC": "sic_4", "FIL": "FIL_34", "BFE": "bf4_ff", "BFE_2": "bf4_2m", "BFE_CC": "cc", "GBK_1M": 20.0, "GBK_2M": 20.0, "GBK_NASS": 0.0, "GBK_STAU": 0.0, "VER_KLA": 9.0, "KOR": "22", "FESA": 34.0, "TOHU": 0.0, "BOD_WASSER": "feucht", "KERN": "sL34", "TYP": "L", "HPTTYP": "L", "ART": 3.0, "DIC": 4.0, "GW_STUFE": 0.0, "SW_STUFE": 2.0, "TYP_TEXT": "Parabraunerde", "ART_TEXT": "tonig-schluffig", "DIC_TEXT": "10 bis 20 dm", "EIN_TEXT": "Parabraunerde oberste Bodenartenschicht tonig-schluffig 10 bis 20 dm", "KERNFOLGE": 31034.0, "FAR_NAME": "P_060", "SCH_NAME": "uni", "BLATT": "L5106", "KJAHR": 1971.0, "ZPH_A": 6.4, "ZPH_G": 5.7, "SBDA": "Uls", "BBODSCHV": "Lehm/Schluff", "LUFA_BDA": "lU", "LUFA_TXT": "lehmiger Schluff", "LUFA_GRP": 3.0, "SBDA_TXT": "sandig-lehmiger Schluff", "ERD_WLF_1": 1.45, "ERD_WLF_2": 2.4845, "WAS_AC": 191.0, "GWEINAC": 0.0, "WAS_GR": 157.0, "GWEINGR": 0.0, "T3_AC": 11.0, "T3_GR": 9.0, "GWO": 99.0, "NFK_GR": 156.9, "NFKWEGR": 9.0, "BBK": "(uk)/al", "BBK_NRW": "nrw_uf", "L_MOOR_K": "unter_15", "L_TON_K": "geringer_Tongehalt", "LOK_HUMUS": null, "LOK_TORFE": null, "LOK_WASSER": null, "BKOMPV": 6.0, "FL_NUM": 64021, "Shape_Leng": 1158.2856384821935, "Shape_Area": 67404.600825035755, "sic new": 4, "siccccc": 1, "soil": 1, "S1": 1 }, "geometry": { "type": "MultiPolygon", "coordinates": [ [ [ [ 339347.972599999979138, 5642304.980000000447035 ], [ 339327.483199999667704, 5642293.304300000891089 ], [ 339284.5148, 5642282.542999999597669 ], [ 339206.274100000038743, 5642265.710899999365211 ], [ 339137.820899999700487, 5642243.477 ], [ 339059.580199999734759, 5642226.644899999722838 ], [ 339024.714300000108778, 5642230.5647 ], [ 338992.244500000029802, 5642231.88539999909699 ], [ 338955.5921, 5642253.39049999974668 ], [ 338922.55489999987185, 5642302.268500000238419 ], [ 338922.597199999727309, 5642364.811899999156594 ], [ 338928.710099999792874, 5642392.083100000396371 ], [ 338949.199599999934435, 5642403.75870000012219 ], [ 339002.565200000070035, 5642424.104399999603629 ], [ 339090.593500000424683, 5642435.534800000488758 ], [ 339171.331899999640882, 5642452.2653 ], [ 339234.180100000463426, 5642459.716199999675155 ], [ 339279.341500000096858, 5642462.88289999961853 ], [ 339299.424399999901652, 5642464.567900000140071 ], [ 339283.82880000025034, 5642450.191400000825524 ], [ 339264.617899999953806, 5642408.442199999466538 ], [ 339263.19550000037998, 5642373.474899999797344 ], [ 339276.860799999907613, 5642340.395700000226498 ], [ 339318.30530000012368, 5642313.691999999806285 ], [ 339347.972599999979138, 5642304.980000000447035 ] ] ] ] } },
{ "type": "Feature", "properties": { "fid": 64686.0, "OBJECTID": 64686.0, "Name": "L5106_L321", "AREAhaBK50": 4.6143120373600004, "GW_CODE": "GW0", "SW_CODE": "SW0", "GW_TIEFE": 99.0, "LF_TIEFE": 0.0, "BWZ_1": 50.0, "BWZ_2": 65.0, "BWZ_M": 58.0, "ANALOG_E": "L36", "BASUW": "xxx", "TIEFE": 11.0, "NFK": 92.8, "FK": 210.9, "LK": 120.2, "KAK": 144.9, "EROD": 0.36, "KF": 44.4, "KAP": 0.0, "OFA": 15.0, "LK4": 9.4, "LKNFK": 34.5, "DEN_0_5": "den_0", "DEN_6_10": "den_0", "DEN_11_20": "den_0", "FEU": "feu33", "OFAKLA": "ofa_400", "OFA_GWS": "hoch - Grundwasser ist nicht vorhanden", "NEI": "WA", "SIC": "sic_6", "FIL": "FIL_33", "BFE": "bf0_00", "BFE_2": "bf0_00", "BFE_CC": "cc", "GBK_1M": 40.0, "GBK_2M": 40.0, "GBK_NASS": 0.0, "GBK_STAU": 0.0, "VER_KLA": 7.0, "KOR": "11", "FESA": 87.0, "TOHU": 0.0, "BOD_WASSER": "wasserfrei", "KERN": "L32", "TYP": "L", "HPTTYP": "L", "ART": 3.0, "DIC": 2.0, "GW_STUFE": 0.0, "SW_STUFE": 0.0, "TYP_TEXT": "Parabraunerde", "ART_TEXT": "tonig-schluffig", "DIC_TEXT": "3 bis 6 dm", "EIN_TEXT": "Parabraunerde oberste Bodenartenschicht tonig-schluffig 3 bis 6 dm", "KERNFOLGE": 31032.0, "FAR_NAME": "M_022", "SCH_NAME": "uni", "BLATT": "L5106", "KJAHR": 1971.0, "ZPH_A": 6.8, "ZPH_G": 5.9, "SBDA": "Lu", "BBODSCHV": "Lehm/Schluff", "LUFA_BDA": "uL", "LUFA_TXT": "schluffiger Lehm", "LUFA_GRP": 4.0, "SBDA_TXT": "schluffiger Lehm", "ERD_WLF_1": 1.485, "ERD_WLF_2": 1.5, "WAS_AC": 93.0, "GWEINAC": 0.0, "WAS_GR": 84.0, "GWEINGR": 0.0, "T3_AC": 11.0, "T3_GR": 9.0, "GWO": 99.0, "NFK_GR": 83.8, "NFKWEGR": 9.0, "BBK": "ft", "BBK_NRW": "nrw_al", "L_MOOR_K": "unter_15", "L_TON_K": "mittlerer_Tongehalt", "LOK_HUMUS": null, "LOK_TORFE": null, "LOK_WASSER": null, "BKOMPV": 0.0, "FL_NUM": 64690, "Shape_Leng": 880.57976400568293, "Shape_Area": 46143.120373631864, "sic new": 6, "siccccc": 1, "soil": 1, "S1": 1 }, "geometry": { "type": "MultiPolygon", "coordinates": [ [ [ [ 339633.849475813913159, 5643082.520235856063664 ], [ 339671.660522885620594, 5643106.244059042073786 ], [ 339705.801692205248401, 5643117.49841872882098 ], [ 339722.063633167068474, 5643117.535071148537099 ], [ 339741.793112384271808, 5643110.480914864689112 ], [ 339815.058535657823086, 5643053.159305510111153 ], [ 339831.137832209817134, 5643044.614459736272693 ], [ 339847.550845328485593, 5643040.923634741455317 ], [ 339849.683818964229431, 5643041.068401392549276 ], [ 339853.010200000368059, 5643034.976099999621511 ], [ 339870.189000000245869, 5643026.7719 ], [ 339867.488099999725819, 5643021.878200000151992 ], [ 339857.455000000074506, 5642959.741499999538064 ], [ 339835.848000000230968, 5642920.59180000051856 ], [ 339817.449900000356138, 5642898.823999999091029 ], [ 339799.458200000226498, 5642887.046900000423193 ], [ 339802.565499999560416, 5642901.931199999526143 ], [ 339793.590900000184774, 5642927.314200000837445 ], [ 339776.818500000052154, 5642945.50899999961257 ], [ 339747.456100000068545, 5642961.714099999517202 ], [ 339698.417200000025332, 5642986.224999999627471 ], [ 339649.784699999727309, 5643020.726500000804663 ], [ 339624.03760000038892, 5643064.304300000891089 ], [ 339623.085329554334749, 5643068.366051401011646 ], [ 339633.849475813913159, 5643082.520235856063664 ] ] ] ] } },
{ "type": "Feature", "properties": { "fid": 64997.0, "OBJECTID": 64997.0, "Name": "L5106_B721", "AREAhaBK50": 3.8035797959400002, "GW_CODE": "GW0", "SW_CODE": "SW0", "GW_TIEFE": 99.0, "LF_TIEFE": 0.0, "BWZ_1": 25.0, "BWZ_2": 50.0, "BWZ_M": 38.0, "ANALOG_E": "B71", "BASUW": "xxx", "TIEFE": 9.3, "NFK": 67.5, "FK": 130.0, "LK": 103.9, "KAK": 80.9, "EROD": 0.24, "KF": 62.7, "KAP": 0.0, "OFA": 13.4, "LK4": 14.1, "LKNFK": 33.2, "DEN_0_5": "den_0", "DEN_6_10": "den_0", "DEN_11_20": "den_0", "FEU": "feu34", "OFAKLA": "ofa_300", "OFA_GWS": "mittel - Grundwasser ist nicht vorhanden", "NEI": "WA", "SIC": "sic_6", "FIL": "FIL_32", "BFE": "bf0_00", "BFE_2": "bf0_00", "BFE_CC": "cc", "GBK_1M": 40.0, "GBK_2M": 40.0, "GBK_NASS": 0.0, "GBK_STAU": 0.0, "VER_KLA": 7.0, "KOR": "11", "FESA": 86.0, "TOHU": 0.0, "BOD_WASSER": "wasserfrei", "KERN": "B72", "TYP": "B", "HPTTYP": "B", "ART": 7.0, "DIC": 2.0, "GW_STUFE": 0.0, "SW_STUFE": 0.0, "TYP_TEXT": "Braunerde", "ART_TEXT": "lehmig-sandig", "DIC_TEXT": "3 bis 6 dm", "EIN_TEXT": "Braunerde oberste Bodenartenschicht lehmig-sandig 3 bis 6 dm", "KERNFOLGE": 23272.0, "FAR_NAME": "K_003", "SCH_NAME": "uni", "BLATT": "L5106", "KJAHR": 1971.0, "ZPH_A": 6.4, "ZPH_G": 5.7, "SBDA": "Slu", "BBODSCHV": "Lehm/Schluff", "LUFA_BDA": "ssL", "LUFA_TXT": "stark sandiger Lehm", "LUFA_GRP": 3.0, "SBDA_TXT": "schluffig-lehmiger Sand", "ERD_WLF_1": 1.4706, "ERD_WLF_2": 1.46, "WAS_AC": 66.0, "GWEINAC": 0.0, "WAS_GR": 59.0, "GWEINGR": 0.0, "T3_AC": 9.0, "T3_GR": 7.0, "GWO": 99.0, "NFK_GR": 59.9, "NFKWEGR": 7.3, "BBK": "ft", "BBK_NRW": "nrw_ft", "L_MOOR_K": "unter_15", "L_TON_K": "geringer_Tongehalt", "LOK_HUMUS": null, "LOK_TORFE": null, "LOK_WASSER": null, "BKOMPV": 0.0, "FL_NUM": 65063, "Shape_Leng": 961.88465496643107, "Shape_Area": 38035.797959389376, "sic new": 6, "siccccc": 1, "soil": 1, "S1": 1 }, "geometry": { "type": "MultiPolygon", "coordinates": [ [ [ [ 338990.381945990433451, 5643805.920527207665145 ], [ 339008.409506677940954, 5643782.914668617770076 ], [ 339041.846367416379508, 5643728.717513226903975 ], [ 339070.944395770435221, 5643665.610983556136489 ], [ 339081.648497142479755, 5643635.474062686786056 ], [ 339084.331766863237135, 5643616.26393960416317 ], [ 339080.241890170495026, 5643598.669086202047765 ], [ 339069.426897918921895, 5643584.300300104543567 ], [ 339051.879800796799827, 5643572.197283484041691 ], [ 339021.680890553223435, 5643557.632582752034068 ], [ 339018.722199999727309, 5643559.26549999974668 ], [ 338984.364400000311434, 5643575.674000000581145 ], [ 338967.998399999924004, 5643603.8596 ], [ 338950.252500000409782, 5643659.621200000867248 ], [ 338948.407200000248849, 5643737.2522 ], [ 338955.841400000266731, 5643796.993000000715256 ], [ 338976.534099999815226, 5643813.663899999111891 ], [ 338980.396797207358759, 5643813.50675243884325 ], [ 338990.381945990433451, 5643805.920527207665145 ] ] ], [ [ [ 339143.314211268094368, 5643442.098120295442641 ], [ 339165.057795423199423, 5643435.501916575245559 ], [ 339168.902788380568381, 5643431.91249162890017 ], [ 339158.506699999794364, 5643428.489099999889731 ], [ 339141.42949999962002, 5643439.190999999642372 ], [ 339139.253017685201485, 5643442.454760053195059 ], [ 339143.314211268094368, 5643442.098120295442641 ] ] ] ] } },
{ "type": "Feature", "properties": { "fid": 65189.0, "OBJECTID": 65189.0, "Name": "L5106_K341", "AREAhaBK50": 3.3805609215299999, "GW_CODE": "GW0", "SW_CODE": "SW0", "GW_TIEFE": 99.0, "LF_TIEFE": 0.0, "BWZ_1": 70.0, "BWZ_2": 90.0, "BWZ_M": 80.0, "ANALOG_E": "K3", "BASUW": "xxx", "TIEFE": 11.0, "NFK": 209.0, "FK": 379.5, "LK": 99.0, "KAK": 320.5, "EROD": 0.48, "KF": 15.8, "KAP": 0.0, "OFA": 19.0, "LK4": 9.0, "LKNFK": 38.5, "DEN_0_5": "den_0", "DEN_6_10": "den_0", "DEN_11_20": "den_0", "FEU": "feu31", "OFAKLA": "ofa_500", "OFA_GWS": "sehr hoch - Grundwasser ist nicht vorhanden", "NEI": "WA", "SIC": "sic_4", "FIL": "FIL_35", "BFE": "bf5_ff", "BFE_2": "bf4_2m", "BFE_CC": "c1", "GBK_1M": 20.0, "GBK_2M": 20.0, "GBK_NASS": 0.0, "GBK_STAU": 0.0, "VER_KLA": 7.0, "KOR": "21", "FESA": 34.0, "TOHU": 0.70400000080000003, "BOD_WASSER": "wasserfrei", "KERN": "K34", "TYP": "K", "HPTTYP": "K", "ART": 3.0, "DIC": 4.0, "GW_STUFE": 0.0, "SW_STUFE": 0.0, "TYP_TEXT": "Kolluvisol", "ART_TEXT": "tonig-schluffig", "DIC_TEXT": "10 bis 20 dm", "EIN_TEXT": "Kolluvisol oberste Bodenartenschicht tonig-schluffig 10 bis 20 dm", "KERNFOLGE": 60034.0, "FAR_NAME": "L_046", "SCH_NAME": "uni", "BLATT": "L5106", "KJAHR": 1971.0, "ZPH_A": 6.8, "ZPH_G": 6.5, "SBDA": "Ut4", "BBODSCHV": "Lehm/Schluff", "LUFA_BDA": "uL", "LUFA_TXT": "schluffiger Lehm", "LUFA_GRP": 4.0, "SBDA_TXT": "stark toniger Schluff", "ERD_WLF_1": 1.37, "ERD_WLF_2": 2.3512, "WAS_AC": 209.0, "GWEINAC": 0.0, "WAS_GR": 171.0, "GWEINGR": 0.0, "T3_AC": 11.0, "T3_GR": 9.0, "GWO": 99.0, "NFK_GR": 171.0, "NFKWEGR": 9.0, "BBK": "uk", "BBK_NRW": "nrw_uf", "L_MOOR_K": "unter_15", "L_TON_K": "mittlerer_Tongehalt", "LOK_HUMUS": null, "LOK_TORFE": null, "LOK_WASSER": null, "BKOMPV": 6.0, "FL_NUM": 65250, "Shape_Leng": 1281.151740344221, "Shape_Area": 33805.609215336983, "sic new": 4, "siccccc": 1, "soil": 1, "S1": 1 }, "geometry": { "type": "MultiPolygon", "coordinates": [ [ [ [ 338521.427600446157157, 5643675.620430510491133 ], [ 338543.130800000391901, 5643676.182900000363588 ], [ 338576.007100000046194, 5643684.852700000628829 ], [ 338613.878800000064075, 5643693.319299999624491 ], [ 338646.247000000439584, 5643689.500800000503659 ], [ 338655.627999999560416, 5643674.108300000429153 ], [ 338652.419099999591708, 5643656.726199999451637 ], [ 338631.92949999962002, 5643645.050599999725819 ], [ 338591.661799999885261, 5643639.183299999684095 ], [ 338553.967812283197418, 5643636.540384858846664 ], [ 338521.427600446157157, 5643675.620430510491133 ] ] ], [ [ [ 338439.299123020027764, 5643774.254842084832489 ], [ 338424.584820400399622, 5643797.788099602796137 ], [ 338448.405899999663234, 5643807.628599999472499 ], [ 338467.139496930059977, 5643841.571609285660088 ], [ 338533.944806976651307, 5643839.740916172973812 ], [ 338518.442599999718368, 5643807.281300000846386 ], [ 338496.73369999974966, 5643765.633600000292063 ], [ 338485.11710000038147, 5643726.077199999243021 ], [ 338486.270692437305115, 5643717.843068052083254 ], [ 338439.299123020027764, 5643774.254842084832489 ] ] ] ] } },
{ "type": "Feature", "properties": { "fid": 65400.0, "OBJECTID": 65400.0, "Name": "L5106_K341", "AREAhaBK50": 2.9418707783800002, "GW_CODE": "GW0", "SW_CODE": "SW0", "GW_TIEFE": 99.0, "LF_TIEFE": 0.0, "BWZ_1": 70.0, "BWZ_2": 90.0, "BWZ_M": 80.0, "ANALOG_E": "K3", "BASUW": "xxx", "TIEFE": 11.0, "NFK": 209.0, "FK": 379.5, "LK": 99.0, "KAK": 320.5, "EROD": 0.48, "KF": 15.8, "KAP": 0.0, "OFA": 19.0, "LK4": 9.0, "LKNFK": 38.5, "DEN_0_5": "den_0", "DEN_6_10": "den_0", "DEN_11_20": "den_0", "FEU": "feu31", "OFAKLA": "ofa_500", "OFA_GWS": "sehr hoch - Grundwasser ist nicht vorhanden", "NEI": "WA", "SIC": "sic_4", "FIL": "FIL_35", "BFE": "bf5_ff", "BFE_2": "bf4_2m", "BFE_CC": "c1", "GBK_1M": 20.0, "GBK_2M": 20.0, "GBK_NASS": 0.0, "GBK_STAU": 0.0, "VER_KLA": 7.0, "KOR": "21", "FESA": 34.0, "TOHU": 0.70400000080000003, "BOD_WASSER": "wasserfrei", "KERN": "K34", "TYP": "K", "HPTTYP": "K", "ART": 3.0, "DIC": 4.0, "GW_STUFE": 0.0, "SW_STUFE": 0.0, "TYP_TEXT": "Kolluvisol", "ART_TEXT": "tonig-schluffig", "DIC_TEXT": "10 bis 20 dm", "EIN_TEXT": "Kolluvisol oberste Bodenartenschicht tonig-schluffig 10 bis 20 dm", "KERNFOLGE": 60034.0, "FAR_NAME": "L_046", "SCH_NAME": "uni", "BLATT": "L5106", "KJAHR": 1971.0, "ZPH_A": 6.8, "ZPH_G": 6.5, "SBDA": "Ut4", "BBODSCHV": "Lehm/Schluff", "LUFA_BDA": "uL", "LUFA_TXT": "schluffiger Lehm", "LUFA_GRP": 4.0, "SBDA_TXT": "stark toniger Schluff", "ERD_WLF_1": 1.37, "ERD_WLF_2": 2.3512, "WAS_AC": 209.0, "GWEINAC": 0.0, "WAS_GR": 171.0, "GWEINGR": 0.0, "T3_AC": 11.0, "T3_GR": 9.0, "GWO": 99.0, "NFK_GR": 171.0, "NFKWEGR": 9.0, "BBK": "uk", "BBK_NRW": "nrw_uf", "L_MOOR_K": "unter_15", "L_TON_K": "mittlerer_Tongehalt", "LOK_HUMUS": null, "LOK_TORFE": null, "LOK_WASSER": null, "BKOMPV": 6.0, "FL_NUM": 65461, "Shape_Leng": 1304.2844088832499, "Shape_Area": 29418.707783794966, "sic new": 4, "siccccc": 1, "soil": 1, "S1": 1 }, "geometry": { "type": "MultiPolygon", "coordinates": [ [ [ [ 339756.983599999919534, 5641535.30489999987185 ], [ 339746.89130000025034, 5641533.213500000536442 ], [ 339716.817699999548495, 5641531.934800000861287 ], [ 339666.457999999634922, 5641523.975700000301003 ], [ 339593.517599999904633, 5641514.4331 ], [ 339567.525000000372529, 5641490.472300000488758 ], [ 339563.706699999980628, 5641458.1042 ], [ 339553.512900000438094, 5641453.5152000002563 ], [ 339538.933199999853969, 5641464.115299999713898 ], [ 339519.256599999964237, 5641472.42090000025928 ], [ 339487.091599999926984, 5641481.234400000423193 ], [ 339414.354299999773502, 5641476.687100000679493 ], [ 339351.201399999670684, 5641461.742900000885129 ], [ 339309.917999999597669, 5641430.898499999195337 ], [ 339275.416500000283122, 5641382.265599999576807 ], [ 339264.917899999767542, 5641370.183599999174476 ], [ 339258.237599999643862, 5641390.469699999317527 ], [ 339244.368900000117719, 5641418.55350000038743 ], [ 339236.206799999810755, 5641463.9178 ], [ 339261.488300000317395, 5641470.394999999552965 ], [ 339334.835099999792874, 5641489.928300000727177 ], [ 339415.878100000321865, 5641514.152100000530481 ], [ 339509.612599999643862, 5641542.863399999216199 ], [ 339580.055399999953806, 5641552.507500000298023 ], [ 339623.125300000421703, 5641565.766699999570847 ], [ 339643.411399999633431, 5641572.447000000625849 ], [ 339656.102900000289083, 5641576.934499999508262 ], [ 339719.052600000053644, 5641586.883300000801682 ], [ 339761.411399999633431, 5641582.658800000324845 ], [ 339783.382500000298023, 5641569.256300000473857 ], [ 339787.768299999646842, 5641554.067199999466538 ], [ 339777.066499999724329, 5641536.989900000393391 ], [ 339756.983599999919534, 5641535.30489999987185 ] ] ] ] } },
{ "type": "Feature", "properties": { "fid": 61607.0, "OBJECTID": 61607.0, "Name": "L5106_B721", "AREAhaBK50": 23.123150722999998, "GW_CODE": "GW0", "SW_CODE": "SW0", "GW_TIEFE": 99.0, "LF_TIEFE": 0.0, "BWZ_1": 25.0, "BWZ_2": 50.0, "BWZ_M": 38.0, "ANALOG_E": "B71", "BASUW": "xxx", "TIEFE": 9.3, "NFK": 67.5, "FK": 130.0, "LK": 103.9, "KAK": 80.9, "EROD": 0.24, "KF": 62.7, "KAP": 0.0, "OFA": 13.4, "LK4": 14.1, "LKNFK": 33.2, "DEN_0_5": "den_0", "DEN_6_10": "den_0", "DEN_11_20": "den_0", "FEU": "feu34", "OFAKLA": "ofa_300", "OFA_GWS": "mittel - Grundwasser ist nicht vorhanden", "NEI": "WA", "SIC": "sic_6", "FIL": "FIL_32", "BFE": "bf0_00", "BFE_2": "bf0_00", "BFE_CC": "cc", "GBK_1M": 40.0, "GBK_2M": 40.0, "GBK_NASS": 0.0, "GBK_STAU": 0.0, "VER_KLA": 7.0, "KOR": "11", "FESA": 86.0, "TOHU": 0.0, "BOD_WASSER": "wasserfrei", "KERN": "B72", "TYP": "B", "HPTTYP": "B", "ART": 7.0, "DIC": 2.0, "GW_STUFE": 0.0, "SW_STUFE": 0.0, "TYP_TEXT": "Braunerde", "ART_TEXT": "lehmig-sandig", "DIC_TEXT": "3 bis 6 dm", "EIN_TEXT": "Braunerde oberste Bodenartenschicht lehmig-sandig 3 bis 6 dm", "KERNFOLGE": 23272.0, "FAR_NAME": "K_003", "SCH_NAME": "uni", "BLATT": "L5106", "KJAHR": 1971.0, "ZPH_A": 6.4, "ZPH_G": 5.7, "SBDA": "Slu", "BBODSCHV": "Lehm/Schluff", "LUFA_BDA": "ssL", "LUFA_TXT": "stark sandiger Lehm", "LUFA_GRP": 3.0, "SBDA_TXT": "schluffig-lehmiger Sand", "ERD_WLF_1": 1.4706, "ERD_WLF_2": 1.46, "WAS_AC": 66.0, "GWEINAC": 0.0, "WAS_GR": 59.0, "GWEINGR": 0.0, "T3_AC": 9.0, "T3_GR": 7.0, "GWO": 99.0, "NFK_GR": 59.9, "NFKWEGR": 7.3, "BBK": "ft", "BBK_NRW": "nrw_ft", "L_MOOR_K": "unter_15", "L_TON_K": "geringer_Tongehalt", "LOK_HUMUS": null, "LOK_TORFE": null, "LOK_WASSER": null, "BKOMPV": 0.0, "FL_NUM": 61611, "Shape_Leng": 2615.8899149530926, "Shape_Area": 231231.50722961163, "sic new": 6, "siccccc": 1, "soil": 1, "S1": 1 }, "geometry": { "type": "MultiPolygon", "coordinates": [ [ [ [ 339878.089347086090129, 5642583.158439963124692 ], [ 339866.066985507379286, 5642603.658227938227355 ], [ 339849.192071836441755, 5642616.991340922191739 ], [ 339830.070002803462557, 5642619.854396966286004 ], [ 339818.364759537973441, 5642614.991940599866211 ], [ 339807.702593220863491, 5642604.074710570275784 ], [ 339781.067331234982703, 5642559.077164738439023 ], [ 339763.567800000309944, 5642558.270099999383092 ], [ 339668.961199999786913, 5642569.623500000685453 ], [ 339554.068400000222027, 5642574.296700000762939 ], [ 339476.031000000424683, 5642562.460100000724196 ], [ 339428.676900000311434, 5642566.887900000438094 ], [ 339385.039599999785423, 5642601.186200000345707 ], [ 339346.092799999751151, 5642627.78830000013113 ], [ 339317.543200000189245, 5642663.9748 ], [ 339290.111100000329316, 5642727.635500000789762 ], [ 339271.594600000418723, 5642825.95890000090003 ], [ 339258.437400000169873, 5642871.5263 ], [ 339256.142900000326335, 5642876.623299999162555 ], [ 339312.920599999837577, 5642919.346200000494719 ], [ 339370.003100000321865, 5642969.562100000679493 ], [ 339411.083599999547005, 5642995.410900000482798 ], [ 339449.564699999988079, 5643018.863600000739098 ], [ 339453.340800000354648, 5642988.688400000333786 ], [ 339451.918300000019372, 5642953.721100000664592 ], [ 339481.991899999789894, 5642954.999600000679493 ], [ 339529.447700000368059, 5642953.069299999624491 ], [ 339528.270899999886751, 5642985.64049999974668 ], [ 339527.906899999827147, 5643038.193 ], [ 339576.8443, 5643011.184499999508262 ], [ 339633.071399999782443, 5642978.875800000503659 ], [ 339698.374699999578297, 5642923.681800000369549 ], [ 339739.41260000038892, 5642886.987500000745058 ], [ 339766.378899999894202, 5642873.3816 ], [ 339788.959499999880791, 5642874.9649 ], [ 339799.458200000226498, 5642887.046900000423193 ], [ 339818.931499999947846, 5642873.745799999684095 ], [ 339838.709699999541044, 5642867.937699999660254 ], [ 339843.705000000074506, 5642867.73450000025332 ], [ 339838.506400000303984, 5642862.942399999126792 ], [ 339819.701899999752641, 5642831.184000000357628 ], [ 339803.191899999976158, 5642794.328700000420213 ], [ 339809.364099999889731, 5642761.554300000891089 ], [ 339839.23450000025332, 5642757.837500000372529 ], [ 339894.589499999769032, 5642765.593100000172853 ], [ 339962.636099999770522, 5642777.836100000888109 ], [ 340015.89989999961108, 5642795.683800000697374 ], [ 340058.766499999910593, 5642803.9474 ], [ 340086.03760000038892, 5642797.834499999880791 ], [ 340098.017900000326335, 5642784.838300000876188 ], [ 340102.403699999675155, 5642769.64919999986887 ], [ 340096.493900000117719, 5642747.373500000685453 ], [ 340050.621600000187755, 5642726.723200000822544 ], [ 339982.270200000144541, 5642706.987299999222159 ], [ 339931.300900000147521, 5642684.042600000277162 ], [ 339892.921500000171363, 5642663.087500000372529 ], [ 339887.011800000444055, 5642640.811799999326468 ], [ 339898.4841, 5642615.327299999073148 ], [ 339930.344100000336766, 5642599.020600000396371 ], [ 339962.712199999950826, 5642595.202299999073148 ], [ 339984.987999999895692, 5642589.292700000107288 ], [ 339992.379399999976158, 5642586.490199999883771 ], [ 339957.107300000265241, 5642580.41950000077486 ], [ 339885.345633936056402, 5642564.981393303722143 ], [ 339878.089347086090129, 5642583.158439963124692 ] ] ] ] } },
{ "type": "Feature", "properties": { "fid": 65849.0, "OBJECTID": 65849.0, "Name": "L5106_K341", "AREAhaBK50": 2.17048988135, "GW_CODE": "GW0", "SW_CODE": "SW0", "GW_TIEFE": 99.0, "LF_TIEFE": 0.0, "BWZ_1": 70.0, "BWZ_2": 90.0, "BWZ_M": 80.0, "ANALOG_E": "K3", "BASUW": "xxx", "TIEFE": 11.0, "NFK": 209.0, "FK": 379.5, "LK": 99.0, "KAK": 320.5, "EROD": 0.48, "KF": 15.8, "KAP": 0.0, "OFA": 19.0, "LK4": 9.0, "LKNFK": 38.5, "DEN_0_5": "den_0", "DEN_6_10": "den_0", "DEN_11_20": "den_0", "FEU": "feu31", "OFAKLA": "ofa_500", "OFA_GWS": "sehr hoch - Grundwasser ist nicht vorhanden", "NEI": "WA", "SIC": "sic_4", "FIL": "FIL_35", "BFE": "bf5_ff", "BFE_2": "bf4_2m", "BFE_CC": "c1", "GBK_1M": 20.0, "GBK_2M": 20.0, "GBK_NASS": 0.0, "GBK_STAU": 0.0, "VER_KLA": 7.0, "KOR": "21", "FESA": 34.0, "TOHU": 0.70400000080000003, "BOD_WASSER": "wasserfrei", "KERN": "K34", "TYP": "K", "HPTTYP": "K", "ART": 3.0, "DIC": 4.0, "GW_STUFE": 0.0, "SW_STUFE": 0.0, "TYP_TEXT": "Kolluvisol", "ART_TEXT": "tonig-schluffig", "DIC_TEXT": "10 bis 20 dm", "EIN_TEXT": "Kolluvisol oberste Bodenartenschicht tonig-schluffig 10 bis 20 dm", "KERNFOLGE": 60034.0, "FAR_NAME": "L_046", "SCH_NAME": "uni", "BLATT": "L5106", "KJAHR": 1971.0, "ZPH_A": 6.8, "ZPH_G": 6.5, "SBDA": "Ut4", "BBODSCHV": "Lehm/Schluff", "LUFA_BDA": "uL", "LUFA_TXT": "schluffiger Lehm", "LUFA_GRP": 4.0, "SBDA_TXT": "stark toniger Schluff", "ERD_WLF_1": 1.37, "ERD_WLF_2": 2.3512, "WAS_AC": 209.0, "GWEINAC": 0.0, "WAS_GR": 171.0, "GWEINGR": 0.0, "T3_AC": 11.0, "T3_GR": 9.0, "GWO": 99.0, "NFK_GR": 171.0, "NFKWEGR": 9.0, "BBK": "uk", "BBK_NRW": "nrw_uf", "L_MOOR_K": "unter_15", "L_TON_K": "mittlerer_Tongehalt", "LOK_HUMUS": null, "LOK_TORFE": null, "LOK_WASSER": null, "BKOMPV": 6.0, "FL_NUM": 65910, "Shape_Leng": 1131.8041044858685, "Shape_Area": 21704.898813491411, "sic new": 4, "siccccc": 1, "soil": 1, "S1": 1 }, "geometry": { "type": "MultiPolygon", "coordinates": [ [ [ [ 339582.986555068404414, 5641126.551957309246063 ], [ 339580.604163435753435, 5641113.852081630378962 ], [ 339569.568900000303984, 5641087.009999999776483 ], [ 339553.464599999599159, 5641083.251599999144673 ], [ 339510.089900000020862, 5641062.499299999326468 ], [ 339486.696700000204146, 5641040.934499999508262 ], [ 339480.177500000223517, 5641003.67259999923408 ], [ 339500.828099999576807, 5640957.800499999895692 ], [ 339542.47580000013113, 5640936.092499999329448 ], [ 339549.945299999788404, 5640935.2083 ], [ 339548.021816751454026, 5640887.916708333417773 ], [ 339547.147081784904003, 5640887.151661121286452 ], [ 339531.063000000081956, 5640901.531400000676513 ], [ 339501.598799999803305, 5640915.238600000739098 ], [ 339476.723699999973178, 5640918.752000000327826 ], [ 339467.468052859418094, 5640906.021534143015742 ], [ 339455.508491684333421, 5640934.999110607430339 ], [ 339448.178916741104331, 5640943.65589630510658 ], [ 339441.983571599295828, 5640945.395554297603667 ], [ 339446.082399999722838, 5640965.0304000005126 ], [ 339441.840099999681115, 5641045.260500000789762 ], [ 339433.677899999544024, 5641090.62470000050962 ], [ 339471.854100000113249, 5641106.584799999371171 ], [ 339568.594100000336766, 5641147.683000000193715 ], [ 339591.369734373001847, 5641154.691525172442198 ], [ 339582.986555068404414, 5641126.551957309246063 ] ] ] ] } },
{ "type": "Feature", "properties": { "fid": 65950.0, "OBJECTID": 65950.0, "Name": "L5106_K341", "AREAhaBK50": 2.0167530879200002, "GW_CODE": "GW0", "SW_CODE": "SW0", "GW_TIEFE": 99.0, "LF_TIEFE": 0.0, "BWZ_1": 70.0, "BWZ_2": 90.0, "BWZ_M": 80.0, "ANALOG_E": "K3", "BASUW": "xxx", "TIEFE": 11.0, "NFK": 209.0, "FK": 379.5, "LK": 99.0, "KAK": 320.5, "EROD": 0.48, "KF": 15.8, "KAP": 0.0, "OFA": 19.0, "LK4": 9.0, "LKNFK": 38.5, "DEN_0_5": "den_0", "DEN_6_10": "den_0", "DEN_11_20": "den_0", "FEU": "feu31", "OFAKLA": "ofa_500", "OFA_GWS": "sehr hoch - Grundwasser ist nicht vorhanden", "NEI": "WA", "SIC": "sic_4", "FIL": "FIL_35", "BFE": "bf5_ff", "BFE_2": "bf4_2m", "BFE_CC": "c1", "GBK_1M": 20.0, "GBK_2M": 20.0, "GBK_NASS": 0.0, "GBK_STAU": 0.0, "VER_KLA": 7.0, "KOR": "21", "FESA": 34.0, "TOHU": 0.70400000080000003, "BOD_WASSER": "wasserfrei", "KERN": "K34", "TYP": "K", "HPTTYP": "K", "ART": 3.0, "DIC": 4.0, "GW_STUFE": 0.0, "SW_STUFE": 0.0, "TYP_TEXT": "Kolluvisol", "ART_TEXT": "tonig-schluffig", "DIC_TEXT": "10 bis 20 dm", "EIN_TEXT": "Kolluvisol oberste Bodenartenschicht tonig-schluffig 10 bis 20 dm", "KERNFOLGE": 60034.0, "FAR_NAME": "L_046", "SCH_NAME": "uni", "BLATT": "L5106", "KJAHR": 1971.0, "ZPH_A": 6.8, "ZPH_G": 6.5, "SBDA": "Ut4", "BBODSCHV": "Lehm/Schluff", "LUFA_BDA": "uL", "LUFA_TXT": "schluffiger Lehm", "LUFA_GRP": 4.0, "SBDA_TXT": "stark toniger Schluff", "ERD_WLF_1": 1.37, "ERD_WLF_2": 2.3512, "WAS_AC": 209.0, "GWEINAC": 0.0, "WAS_GR": 171.0, "GWEINGR": 0.0, "T3_AC": 11.0, "T3_GR": 9.0, "GWO": 99.0, "NFK_GR": 171.0, "NFKWEGR": 9.0, "BBK": "uk", "BBK_NRW": "nrw_uf", "L_MOOR_K": "unter_15", "L_TON_K": "mittlerer_Tongehalt", "LOK_HUMUS": null, "LOK_TORFE": null, "LOK_WASSER": null, "BKOMPV": 6.0, "FL_NUM": 66011, "Shape_Leng": 794.19054904139261, "Shape_Area": 20167.53087915606, "sic new": 4, "siccccc": 1, "soil": 1, "S1": 1 }, "geometry": { "type": "MultiPolygon", "coordinates": [ [ [ [ 339547.345747328363359, 5643037.990431994199753 ], [ 339558.343578787113074, 5643026.575183124281466 ], [ 339583.704910037689842, 5643018.719625891186297 ], [ 339605.37623262417037, 5643023.251000906340778 ], [ 339613.669764993130229, 5643034.045189114287496 ], [ 339621.637378533545416, 5643066.462085648439825 ], [ 339623.085329554334749, 5643068.366051401011646 ], [ 339624.03760000038892, 5643064.304300000891089 ], [ 339649.784699999727309, 5643020.726500000804663 ], [ 339698.417200000025332, 5642986.224999999627471 ], [ 339747.456100000068545, 5642961.714099999517202 ], [ 339776.818500000052154, 5642945.50899999961257 ], [ 339793.590900000184774, 5642927.314200000837445 ], [ 339802.565499999560416, 5642901.931199999526143 ], [ 339799.458200000226498, 5642887.046900000423193 ], [ 339788.959499999880791, 5642874.9649 ], [ 339766.378899999894202, 5642873.3816 ], [ 339739.41260000038892, 5642886.987500000745058 ], [ 339698.374699999578297, 5642923.681800000369549 ], [ 339633.071399999782443, 5642978.875800000503659 ], [ 339576.8443, 5643011.184499999508262 ], [ 339527.906899999827147, 5643038.193 ], [ 339531.522300000302494, 5643065.565700000151992 ], [ 339531.720696874835994, 5643065.80299692042172 ], [ 339547.345747328363359, 5643037.990431994199753 ] ] ] ] } },
{ "type": "Feature", "properties": { "fid": 66223.0, "OBJECTID": 66223.0, "Name": "L5106_>Z331", "AREAhaBK50": 1.2716056501599999, "GW_CODE": "GW0", "SW_CODE": "SW0", "GW_TIEFE": 99.0, "LF_TIEFE": 0.0, "BWZ_1": 40.0, "BWZ_2": 75.0, "BWZ_M": 58.0, "ANALOG_E": "U3", "BASUW": "xxx", "TIEFE": 11.0, "NFK": 160.8, "FK": 306.8, "LK": 101.8, "KAK": 190.6, "EROD": 0.48, "KF": 16.8, "KAP": 0.0, "OFA": 17.0, "LK4": 10.0, "LKNFK": 34.5, "DEN_0_5": "den_0", "DEN_6_10": "den_0", "DEN_11_20": "den_0", "FEU": "feu32", "OFAKLA": "ofa_500", "OFA_GWS": "sehr hoch - Grundwasser ist nicht vorhanden", "NEI": "<=>", "SIC": "sic_4", "FIL": "FIL_34", "BFE": "bf0_00", "BFE_2": "bf0_00", "BFE_CC": "c1", "GBK_1M": 20.0, "GBK_2M": 40.0, "GBK_NASS": 0.0, "GBK_STAU": 0.0, "VER_KLA": 7.0, "KOR": "11", "FESA": 81.0, "TOHU": 0.0, "BOD_WASSER": "wasserfrei", "KERN": ">Z33", "TYP": ">Z", "HPTTYP": "Z", "ART": 3.0, "DIC": 3.0, "GW_STUFE": 0.0, "SW_STUFE": 0.0, "TYP_TEXT": "Auftrags-Pararendzina", "ART_TEXT": "tonig-schluffig", "DIC_TEXT": "6 bis 10 dm", "EIN_TEXT": "Auftrags-Pararendzina oberste Bodenartenschicht tonig-schluffig 6 bis 10 dm", "KERNFOLGE": 73433.0, "FAR_NAME": "weiss", "SCH_NAME": "schwarz_100", "BLATT": "L5106", "KJAHR": 1971.0, "ZPH_A": 6.8, "ZPH_G": 6.5, "SBDA": "Ut4", "BBODSCHV": "Lehm/Schluff", "LUFA_BDA": "uL", "LUFA_TXT": "schluffiger Lehm", "LUFA_GRP": 4.0, "SBDA_TXT": "stark toniger Schluff", "ERD_WLF_1": 1.4045, "ERD_WLF_2": 1.5, "WAS_AC": 161.0, "GWEINAC": 0.0, "WAS_GR": 151.0, "GWEINGR": 0.0, "T3_AC": 11.0, "T3_GR": 9.0, "GWO": 99.0, "NFK_GR": 151.2, "NFKWEGR": 9.0, "BBK": "(yn)/yt", "BBK_NRW": "nrw_yy", "L_MOOR_K": "unter_15", "L_TON_K": "mittlerer_Tongehalt", "LOK_HUMUS": null, "LOK_TORFE": null, "LOK_WASSER": null, "BKOMPV": 0.0, "FL_NUM": 66284, "Shape_Leng": 503.05680144218684, "Shape_Area": 12716.056501632716, "sic new": 4, "siccccc": 1, "soil": 1, "S1": 1 }, "geometry": { "type": "MultiPolygon", "coordinates": [ [ [ [ 339428.028455668943934, 5640949.314162285067141 ], [ 339375.309016532613896, 5640947.044818200170994 ], [ 339368.349799999967217, 5640960.68610000051558 ], [ 339340.815700000151992, 5641021.848799999803305 ], [ 339333.830699999816716, 5641034.642000000923872 ], [ 339379.60149999987334, 5641052.795099999755621 ], [ 339417.879200000315905, 5641071.252800000831485 ], [ 339433.677899999544024, 5641090.62470000050962 ], [ 339441.840099999681115, 5641045.260500000789762 ], [ 339446.082399999722838, 5640965.0304000005126 ], [ 339441.983571599295828, 5640945.395554297603667 ], [ 339428.028455668943934, 5640949.314162285067141 ] ] ] ] } },
{ "type": "Feature", "properties": { "fid": 66444.0, "OBJECTID": 66444.0, "Name": "L5106_sL342SW2", "AREAhaBK50": 0.79806352866600005, "GW_CODE": "GW0", "SW_CODE": "SW2", "GW_TIEFE": 99.0, "LF_TIEFE": 0.0, "BWZ_1": 65.0, "BWZ_2": 90.0, "BWZ_M": 78.0, "ANALOG_E": "L34", "BASUW": "xxx", "TIEFE": 11.0, "NFK": 191.2, "FK": 350.2, "LK": 123.9, "KAK": 209.6, "EROD": 0.48, "KF": 17.5, "KAP": 0.0, "OFA": 19.0, "LK4": 11.1, "LKNFK": 48.4, "DEN_0_5": "den_0", "DEN_6_10": "den_0", "DEN_11_20": "den_0", "FEU": "feu23", "OFAKLA": "ofa_500", "OFA_GWS": "sehr hoch - Grundwasser ist nicht vorhanden", "NEI": "WA(A)", "SIC": "sic_4", "FIL": "FIL_34", "BFE": "bf4_ff", "BFE_2": "bf4_2m", "BFE_CC": "cc", "GBK_1M": 20.0, "GBK_2M": 20.0, "GBK_NASS": 0.0, "GBK_STAU": 0.0, "VER_KLA": 9.0, "KOR": "22", "FESA": 34.0, "TOHU": 0.0, "BOD_WASSER": "feucht", "KERN": "sL34", "TYP": "L", "HPTTYP": "L", "ART": 3.0, "DIC": 4.0, "GW_STUFE": 0.0, "SW_STUFE": 2.0, "TYP_TEXT": "Parabraunerde", "ART_TEXT": "tonig-schluffig", "DIC_TEXT": "10 bis 20 dm", "EIN_TEXT": "Parabraunerde oberste Bodenartenschicht tonig-schluffig 10 bis 20 dm", "KERNFOLGE": 31034.0, "FAR_NAME": "P_060", "SCH_NAME": "uni", "BLATT": "L5106", "KJAHR": 1971.0, "ZPH_A": 6.4, "ZPH_G": 5.7, "SBDA": "Uls", "BBODSCHV": "Lehm/Schluff", "LUFA_BDA": "lU", "LUFA_TXT": "lehmiger Schluff", "LUFA_GRP": 3.0, "SBDA_TXT": "sandig-lehmiger Schluff", "ERD_WLF_1": 1.45, "ERD_WLF_2": 2.4845, "WAS_AC": 191.0, "GWEINAC": 0.0, "WAS_GR": 157.0, "GWEINGR": 0.0, "T3_AC": 11.0, "T3_GR": 9.0, "GWO": 99.0, "NFK_GR": 156.9, "NFKWEGR": 9.0, "BBK": "(uk)/al", "BBK_NRW": "nrw_uf", "L_MOOR_K": "unter_15", "L_TON_K": "geringer_Tongehalt", "LOK_HUMUS": null, "LOK_TORFE": null, "LOK_WASSER": null, "BKOMPV": 6.0, "FL_NUM": 66505, "Shape_Leng": 393.9024004956118, "Shape_Area": 7980.6352866579409, "sic new": 4, "siccccc": 1, "soil": 1, "S1": 1 }, "geometry": { "type": "MultiPolygon", "coordinates": [ [ [ [ 339549.945299999788404, 5640935.2083 ], [ 339542.47580000013113, 5640936.092499999329448 ], [ 339500.828099999576807, 5640957.800499999895692 ], [ 339480.177500000223517, 5641003.67259999923408 ], [ 339486.696700000204146, 5641040.934499999508262 ], [ 339510.089900000020862, 5641062.499299999326468 ], [ 339553.464599999599159, 5641083.251599999144673 ], [ 339569.568900000303984, 5641087.009999999776483 ], [ 339554.641699999570847, 5641050.680400000885129 ], [ 339549.945299999788404, 5640935.2083 ] ] ] ] } },
{ "type": "Feature", "properties": { "fid": 60737.0, "OBJECTID": 60737.0, "Name": "L5106_L342", "AREAhaBK50": 62.719235427599997, "GW_CODE": "GW0", "SW_CODE": "SW0", "GW_TIEFE": 99.0, "LF_TIEFE": 0.0, "BWZ_1": 65.0, "BWZ_2": 90.0, "BWZ_M": 78.0, "ANALOG_E": "L34", "BASUW": "xxx", "TIEFE": 11.0, "NFK": 191.2, "FK": 350.2, "LK": 123.9, "KAK": 209.6, "EROD": 0.48, "KF": 17.5, "KAP": 0.0, "OFA": 19.0, "LK4": 11.1, "LKNFK": 48.4, "DEN_0_5": "den_0", "DEN_6_10": "den_0", "DEN_11_20": "den_0", "FEU": "feu31", "OFAKLA": "ofa_500", "OFA_GWS": "sehr hoch - Grundwasser ist nicht vorhanden", "NEI": "WA", "SIC": "sic_4", "FIL": "FIL_34", "BFE": "bf5_ff", "BFE_2": "bf4_2m", "BFE_CC": "cc", "GBK_1M": 20.0, "GBK_2M": 20.0, "GBK_NASS": 0.0, "GBK_STAU": 0.0, "VER_KLA": 7.0, "KOR": "21", "FESA": 34.0, "TOHU": 0.0, "BOD_WASSER": "wasserfrei", "KERN": "L34", "TYP": "L", "HPTTYP": "L", "ART": 3.0, "DIC": 4.0, "GW_STUFE": 0.0, "SW_STUFE": 0.0, "TYP_TEXT": "Parabraunerde", "ART_TEXT": "tonig-schluffig", "DIC_TEXT": "10 bis 20 dm", "EIN_TEXT": "Parabraunerde oberste Bodenartenschicht tonig-schluffig 10 bis 20 dm", "KERNFOLGE": 31034.0, "FAR_NAME": "P_060", "SCH_NAME": "uni", "BLATT": "L5106", "KJAHR": 1971.0, "ZPH_A": 6.4, "ZPH_G": 5.7, "SBDA": "Uls", "BBODSCHV": "Lehm/Schluff", "LUFA_BDA": "lU", "LUFA_TXT": "lehmiger Schluff", "LUFA_GRP": 3.0, "SBDA_TXT": "sandig-lehmiger Schluff", "ERD_WLF_1": 1.45, "ERD_WLF_2": 2.4845, "WAS_AC": 191.0, "GWEINAC": 0.0, "WAS_GR": 157.0, "GWEINGR": 0.0, "T3_AC": 11.0, "T3_GR": 9.0, "GWO": 99.0, "NFK_GR": 156.9, "NFKWEGR": 9.0, "BBK": "(uk)/al", "BBK_NRW": "nrw_uf", "L_MOOR_K": "unter_15", "L_TON_K": "geringer_Tongehalt", "LOK_HUMUS": null, "LOK_TORFE": null, "LOK_WASSER": null, "BKOMPV": 6.0, "FL_NUM": 60741, "Shape_Leng": 9042.0111812249233, "Shape_Area": 627192.35427627072, "sic new": 4, "siccccc": 1, "soil": 1, "S1": 1 }, "geometry": { "type": "MultiPolygon", "coordinates": [ [ [ [ 340016.531838535040151, 5642562.560535720549524 ], [ 340010.850078001094516, 5642550.202879908494651 ], [ 339998.125736485933885, 5642537.957206027582288 ], [ 339983.260039865155704, 5642530.171021749265492 ], [ 339934.737684476654977, 5642519.586082261055708 ], [ 339918.728204363025725, 5642520.832843064330518 ], [ 339907.772758664912544, 5642525.499509907327592 ], [ 339895.41583076165989, 5642539.755483501590788 ], [ 339885.345633936056402, 5642564.981393303722143 ], [ 339957.107300000265241, 5642580.41950000077486 ], [ 339992.379399999976158, 5642586.490199999883771 ], [ 340014.95990000013262, 5642588.073599999770522 ], [ 340022.31349526939448, 5642588.820657786913216 ], [ 340016.531838535040151, 5642562.560535720549524 ] ] ], [ [ [ 339764.651364576304331, 5642531.344071199186146 ], [ 339745.542783224955201, 5642509.234604987315834 ], [ 339734.0614, 5642509.434399999678135 ], [ 339596.181699999608099, 5642502.533500000834465 ], [ 339436.229199999943376, 5642506.537599999457598 ], [ 339313.8432, 5642511.515599999576807 ], [ 339175.861499999649823, 5642502.117000000551343 ], [ 339030.285099999979138, 5642490.52559999935329 ], [ 338943.17119999974966, 5642501.574200000613928 ], [ 338910.599799999967217, 5642500.397199999541044 ], [ 338903.411600000225008, 5642508.195000000298023 ], [ 338878.841199999675155, 5642519.20160000026226 ], [ 338849.173799999989569, 5642527.913699999451637 ], [ 338805.333200000226498, 5642557.216700000688434 ], [ 338771.889700000174344, 5642596.104100000113249 ], [ 338736.761300000362098, 5642655.074500000104308 ], [ 338733.779664823203348, 5642660.765186215750873 ], [ 338823.056637951405719, 5642709.727722167037427 ], [ 338871.000769655802287, 5642739.93224479816854 ], [ 338889.454029850661755, 5642761.826653541065753 ], [ 338892.41372314398177, 5642775.036239835433662 ], [ 338890.707115447614342, 5642785.001189289614558 ], [ 338878.759985583135858, 5642791.963796431198716 ], [ 338856.857539430900943, 5642789.698761672712862 ], [ 338735.143919747322798, 5642736.698993926867843 ], [ 338698.880134899052791, 5642727.068992237560451 ], [ 338662.322100000455976, 5642793.199799999594688 ], [ 338642.58629999961704, 5642861.551400000229478 ], [ 338643.907100000418723, 5642894.021099999547005 ], [ 338650.934600000269711, 5642943.77140000090003 ], [ 338679.264399999752641, 5643025.1787 ], [ 338726.661199999973178, 5643083.294099999591708 ], [ 338759.173600000329316, 5643144.516799999400973 ], [ 338778.994300000369549, 5643201.252100000157952 ], [ 338794.734199999831617, 5643280.669600000604987 ], [ 338805.072399999946356, 5643350.299599999561906 ], [ 338794.921000000089407, 5643408.254100000485778 ], [ 338781.255900000222027, 5643441.333399999886751 ], [ 338759.488099999725819, 5643459.731499999761581 ], [ 338739.913099999539554, 5643470.5351 ], [ 338695.462899999693036, 5643484.852299999445677 ], [ 338650.606300000101328, 5643489.1787 ], [ 338600.754300000146031, 5643493.708499999716878 ], [ 338551.308699999935925, 5643508.229000000283122 ], [ 338532.026222872838844, 5643517.755579953081906 ], [ 338581.227421522606164, 5643534.133097045123577 ], [ 338594.679256391595118, 5643542.919483906589448 ], [ 338601.519737808092032, 5643553.193451093509793 ], [ 338601.199618627666496, 5643571.466723778285086 ], [ 338589.175884741940536, 5643594.256299990229309 ], [ 338553.967812283197418, 5643636.540384858846664 ], [ 338591.661799999885261, 5643639.183299999684095 ], [ 338631.92949999962002, 5643645.050599999725819 ], [ 338652.419099999591708, 5643656.726199999451637 ], [ 338655.627999999560416, 5643674.108300000429153 ], [ 338646.247000000439584, 5643689.500800000503659 ], [ 338613.878800000064075, 5643693.319299999624491 ], [ 338576.007100000046194, 5643684.852700000628829 ], [ 338543.130800000391901, 5643676.182900000363588 ], [ 338521.427600446157157, 5643675.620430510491133 ], [ 338486.270692437305115, 5643717.843068052083254 ], [ 338485.11710000038147, 5643726.077199999243021 ], [ 338496.73369999974966, 5643765.633600000292063 ], [ 338518.442599999718368, 5643807.281300000846386 ], [ 338533.944806976651307, 5643839.740916172973812 ], [ 338582.693825167603791, 5643838.405026977881789 ], [ 338606.878871236753184, 5643839.77195549570024 ], [ 338620.564639978925698, 5643843.892081319354475 ], [ 338627.405993856489658, 5643849.716704602353275 ], [ 338630.787691485718824, 5643857.672862432897091 ], [ 338621.46279599214904, 5643912.7259112726897 ], [ 338623.994207205891144, 5643925.809591447003186 ], [ 338629.651009574707132, 5643935.607142657972872 ], [ 338658.444827590486966, 5643956.845650282688439 ], [ 338694.034184546908364, 5643969.943315321579576 ], [ 338716.818400000222027, 5643886.77449999935925 ], [ 338750.32050000037998, 5643787.841099999845028 ], [ 338766.745299999602139, 5643699.6097 ], [ 338775.778800000436604, 5643614.180800000205636 ], [ 338797.605600000359118, 5643535.7369 ], [ 338820.753399999812245, 5643489.762800000607967 ], [ 338848.896499999798834, 5643443.5855 ], [ 338874.338700000196695, 5643392.514399999752641 ], [ 338875.109000000171363, 5643349.95240000076592 ], [ 338880.773000000044703, 5643304.689500000327826 ], [ 338882.923299999907613, 5643234.551599999889731 ], [ 338890.06900000013411, 5643164.210400000214577 ], [ 338896.706600000150502, 5643081.380799999460578 ], [ 338916.035899999551475, 5643003.038699999451637 ], [ 338950.960900000296533, 5642939.07289999909699 ], [ 338996.181499999947846, 5642882.193900000303984 ], [ 339076.267900000326335, 5642821.394899999722838 ], [ 339134.586500000208616, 5642778.993899999186397 ], [ 339169.714800000190735, 5642720.023700000718236 ], [ 339173.287700000219047, 5642684.8531 ], [ 339233.595900000073016, 5642629.862299999222159 ], [ 339291.71129999961704, 5642582.466099999845028 ], [ 339355.939600000157952, 5642562.341099999845028 ], [ 339428.676900000311434, 5642566.887900000438094 ], [ 339476.031000000424683, 5642562.460100000724196 ], [ 339554.068400000222027, 5642574.296700000762939 ], [ 339668.961199999786913, 5642569.623500000685453 ], [ 339763.567800000309944, 5642558.270099999383092 ], [ 339781.067331234982703, 5642559.077164738439023 ], [ 339764.651364576304331, 5642531.344071199186146 ] ] ], [ [ [ 338421.455718230223283, 5643802.79261589422822 ], [ 338417.52382419037167, 5643821.155471746809781 ], [ 338425.263249873591121, 5643835.171543654985726 ], [ 338446.271159537194762, 5643842.143472832627594 ], [ 338467.139496930059977, 5643841.571609285660088 ], [ 338448.405899999663234, 5643807.628599999472499 ], [ 338424.584820400399622, 5643797.788099602796137 ], [ 338421.455718230223283, 5643802.79261589422822 ] ] ] ] } },
{ "type": "Feature", "properties": { "fid": 62787.0, "OBJECTID": 62787.0, "Name": "L5106_L321", "AREAhaBK50": 14.432345872899999, "GW_CODE": "GW0", "SW_CODE": "SW0", "GW_TIEFE": 99.0, "LF_TIEFE": 0.0, "BWZ_1": 50.0, "BWZ_2": 65.0, "BWZ_M": 58.0, "ANALOG_E": "L36", "BASUW": "xxx", "TIEFE": 11.0, "NFK": 92.8, "FK": 210.9, "LK": 120.2, "KAK": 144.9, "EROD": 0.36, "KF": 44.4, "KAP": 0.0, "OFA": 15.0, "LK4": 9.4, "LKNFK": 34.5, "DEN_0_5": "den_0", "DEN_6_10": "den_0", "DEN_11_20": "den_0", "FEU": "feu33", "OFAKLA": "ofa_400", "OFA_GWS": "hoch - Grundwasser ist nicht vorhanden", "NEI": "WA", "SIC": "sic_6", "FIL": "FIL_33", "BFE": "bf0_00", "BFE_2": "bf0_00", "BFE_CC": "cc", "GBK_1M": 40.0, "GBK_2M": 40.0, "GBK_NASS": 0.0, "GBK_STAU": 0.0, "VER_KLA": 7.0, "KOR": "11", "FESA": 87.0, "TOHU": 0.0, "BOD_WASSER": "wasserfrei", "KERN": "L32", "TYP": "L", "HPTTYP": "L", "ART": 3.0, "DIC": 2.0, "GW_STUFE": 0.0, "SW_STUFE": 0.0, "TYP_TEXT": "Parabraunerde", "ART_TEXT": "tonig-schluffig", "DIC_TEXT": "3 bis 6 dm", "EIN_TEXT": "Parabraunerde oberste Bodenartenschicht tonig-schluffig 3 bis 6 dm", "KERNFOLGE": 31032.0, "FAR_NAME": "M_022", "SCH_NAME": "uni", "BLATT": "L5106", "KJAHR": 1971.0, "ZPH_A": 6.8, "ZPH_G": 5.9, "SBDA": "Lu", "BBODSCHV": "Lehm/Schluff", "LUFA_BDA": "uL", "LUFA_TXT": "schluffiger Lehm", "LUFA_GRP": 4.0, "SBDA_TXT": "schluffiger Lehm", "ERD_WLF_1": 1.485, "ERD_WLF_2": 1.5, "WAS_AC": 93.0, "GWEINAC": 0.0, "WAS_GR": 84.0, "GWEINGR": 0.0, "T3_AC": 11.0, "T3_GR": 9.0, "GWO": 99.0, "NFK_GR": 83.8, "NFKWEGR": 9.0, "BBK": "ft", "BBK_NRW": "nrw_al", "L_MOOR_K": "unter_15", "L_TON_K": "mittlerer_Tongehalt", "LOK_HUMUS": null, "LOK_TORFE": null, "LOK_WASSER": null, "BKOMPV": 0.0, "FL_NUM": 62791, "Shape_Leng": 3069.2149799288113, "Shape_Area": 144323.45872879209, "sic new": 6, "siccccc": 1, "soil": 1, "S1": 1 }, "geometry": { "type": "MultiPolygon", "coordinates": [ [ [ [ 338760.311999999976251, 5644045.721 ], [ 338790.576, 5643886.876000000163913 ], [ 338811.482952090795152, 5643886.25109179597348 ], [ 338812.42330298665911, 5643881.257638599723577 ], [ 338803.843537832144648, 5643879.681671661324799 ], [ 338791.61071988043841, 5643874.631794070824981 ], [ 338786.851135174743831, 5643863.586868880316615 ], [ 338794.573760947445408, 5643846.676696430891752 ], [ 338820.690326598822139, 5643837.358073383569717 ], [ 338822.084599999710917, 5643829.954199999570847 ], [ 338858.549800000153482, 5643680.864299999549985 ], [ 338883.077399999834597, 5643607.314200000837445 ], [ 338896.33600000012666, 5643564.244100000709295 ], [ 338890.121299999766052, 5643534.475299999117851 ], [ 338887.682599999941885, 5643474.531199999153614 ], [ 338882.238199999555945, 5643402.200300000607967 ], [ 338874.338700000196695, 5643392.514399999752641 ], [ 338848.896499999798834, 5643443.5855 ], [ 338820.753399999812245, 5643489.762800000607967 ], [ 338797.605600000359118, 5643535.7369 ], [ 338775.778800000436604, 5643614.180800000205636 ], [ 338766.745299999602139, 5643699.6097 ], [ 338750.32050000037998, 5643787.841099999845028 ], [ 338716.818400000222027, 5643886.77449999935925 ], [ 338694.034184546908364, 5643969.943315321579576 ], [ 338722.770954868057743, 5643980.519077968783677 ], [ 338734.016173861047719, 5643989.034747193567455 ], [ 338741.696500351768918, 5644000.060332168824971 ], [ 338748.098696711473167, 5644031.395568996667862 ], [ 338747.104948381660506, 5644040.237261078320444 ], [ 338749.523000000044703, 5644041.256 ], [ 338760.311999999976251, 5644045.721 ] ] ] ] } },
{ "type": "Feature", "properties": { "fid": 56047.0, "OBJECTID": 56047.0, "Name": "L5106_L331", "AREAhaBK50": 13.7049397112, "GW_CODE": "GW0", "SW_CODE": "SW0", "GW_TIEFE": 99.0, "LF_TIEFE": 0.0, "BWZ_1": 55.0, "BWZ_2": 75.0, "BWZ_M": 65.0, "ANALOG_E": "L35", "BASUW": "xxx", "TIEFE": 11.0, "NFK": 114.7, "FK": 261.9, "LK": 114.6, "KAK": 175.2, "EROD": 0.4, "KF": 34.2, "KAP": 0.0, "OFA": 15.0, "LK4": 9.8, "LKNFK": 33.6, "DEN_0_5": "den_0", "DEN_6_10": "den_0", "DEN_11_20": "den_0", "FEU": "feu33", "OFAKLA": "ofa_400", "OFA_GWS": "hoch - Grundwasser ist nicht vorhanden", "NEI": "WA", "SIC": "sic_4", "FIL": "FIL_33", "BFE": "bf0_00", "BFE_2": "bf0_00", "BFE_CC": "cc", "GBK_1M": 20.0, "GBK_2M": 40.0, "GBK_NASS": 0.0, "GBK_STAU": 0.0, "VER_KLA": 7.0, "KOR": "11", "FESA": 94.0, "TOHU": 0.0, "BOD_WASSER": "wasserfrei", "KERN": "L33", "TYP": "L", "HPTTYP": "L", "ART": 3.0, "DIC": 3.0, "GW_STUFE": 0.0, "SW_STUFE": 0.0, "TYP_TEXT": "Parabraunerde", "ART_TEXT": "tonig-schluffig", "DIC_TEXT": "6 bis 10 dm", "EIN_TEXT": "Parabraunerde oberste Bodenartenschicht tonig-schluffig 6 bis 10 dm", "KERNFOLGE": 31033.0, "FAR_NAME": "P_060", "SCH_NAME": "uni", "BLATT": "L5106", "KJAHR": 1971.0, "ZPH_A": 6.8, "ZPH_G": 5.9, "SBDA": "Lu", "BBODSCHV": "Lehm/Schluff", "LUFA_BDA": "uL", "LUFA_TXT": "schluffiger Lehm", "LUFA_GRP": 4.0, "SBDA_TXT": "schluffiger Lehm", "ERD_WLF_1": 1.4206, "ERD_WLF_2": 1.31, "WAS_AC": 114.0, "GWEINAC": 0.0, "WAS_GR": 108.0, "GWEINGR": 0.0, "T3_AC": 11.0, "T3_GR": 9.0, "GWO": 99.0, "NFK_GR": 108.1, "NFKWEGR": 9.0, "BBK": "(al)/ft", "BBK_NRW": "nrw_al", "L_MOOR_K": "unter_15", "L_TON_K": "mittlerer_Tongehalt", "LOK_HUMUS": null, "LOK_TORFE": null, "LOK_WASSER": null, "BKOMPV": 0.0, "FL_NUM": 56086, "Shape_Leng": 2486.2287427982728, "Shape_Area": 137049.39711236281, "sic new": 4, "siccccc": 1, "soil": 1, "S1": 1 }, "geometry": { "type": "MultiPolygon", "coordinates": [ [ [ [ 339256.142900000326335, 5642876.623299999162555 ], [ 339258.437400000169873, 5642871.5263 ], [ 339271.594600000418723, 5642825.95890000090003 ], [ 339290.111100000329316, 5642727.635500000789762 ], [ 339317.543200000189245, 5642663.9748 ], [ 339346.092799999751151, 5642627.78830000013113 ], [ 339385.039599999785423, 5642601.186200000345707 ], [ 339428.676900000311434, 5642566.887900000438094 ], [ 339355.939600000157952, 5642562.341099999845028 ], [ 339291.71129999961704, 5642582.466099999845028 ], [ 339233.595900000073016, 5642629.862299999222159 ], [ 339173.287700000219047, 5642684.8531 ], [ 339169.714800000190735, 5642720.023700000718236 ], [ 339134.586500000208616, 5642778.993899999186397 ], [ 339076.267900000326335, 5642821.394899999722838 ], [ 338996.181499999947846, 5642882.193900000303984 ], [ 338950.960900000296533, 5642939.07289999909699 ], [ 338916.035899999551475, 5643003.038699999451637 ], [ 338896.706600000150502, 5643081.380799999460578 ], [ 338890.06900000013411, 5643164.210400000214577 ], [ 338882.923299999907613, 5643234.551599999889731 ], [ 338880.773000000044703, 5643304.689500000327826 ], [ 338875.109000000171363, 5643349.95240000076592 ], [ 338874.338700000196695, 5643392.514399999752641 ], [ 338882.238199999555945, 5643402.200300000607967 ], [ 338887.682599999941885, 5643474.531199999153614 ], [ 338890.121299999766052, 5643534.475299999117851 ], [ 338896.33600000012666, 5643564.244100000709295 ], [ 338897.614299999549985, 5643534.170499999076128 ], [ 338923.521999999880791, 5643433.044399999082088 ], [ 338959.826799999922514, 5643341.502699999138713 ], [ 339001.635099999606609, 5643262.246099999174476 ], [ 339039.260900000110269, 5643203.174100000411272 ], [ 339088.765399999916553, 5643128.6081000007689 ], [ 339129.498599999584258, 5643084.4206000007689 ], [ 339132.665000000037253, 5643039.259400000795722 ], [ 339132.419300000183284, 5642971.72069999948144 ], [ 339129.00719999987632, 5642949.343299999833107 ], [ 339143.180399999953806, 5642928.752399999648333 ], [ 339184.726400000043213, 5642904.546299999579787 ], [ 339216.891400000080466, 5642895.7325 ], [ 339236.567999999970198, 5642887.426799999549985 ], [ 339256.142900000326335, 5642876.623299999162555 ] ] ] ] } },
{ "type": "Feature", "properties": { "fid": 55961.0, "OBJECTID": 55961.0, "Name": "L5106_S-L331SW2", "AREAhaBK50": 22.138180313300001, "GW_CODE": "GW0", "SW_CODE": "SW2", "GW_TIEFE": 99.0, "LF_TIEFE": 0.0, "BWZ_1": 55.0, "BWZ_2": 75.0, "BWZ_M": 65.0, "ANALOG_E": "L35", "BASUW": "xxx", "TIEFE": 11.0, "NFK": 114.7, "FK": 261.9, "LK": 114.6, "KAK": 175.2, "EROD": 0.4, "KF": 34.2, "KAP": 0.0, "OFA": 15.0, "LK4": 9.8, "LKNFK": 33.6, "DEN_0_5": "den_0", "DEN_6_10": "den_0", "DEN_11_20": "den_0", "FEU": "feu24", "OFAKLA": "ofa_400", "OFA_GWS": "hoch - Grundwasser ist nicht vorhanden", "NEI": "WA(A)", "SIC": "sic_4", "FIL": "FIL_33", "BFE": "bf0_00", "BFE_2": "bf0_00", "BFE_CC": "cc", "GBK_1M": 20.0, "GBK_2M": 40.0, "GBK_NASS": 0.0, "GBK_STAU": 0.0, "VER_KLA": 9.0, "KOR": "12", "FESA": 94.0, "TOHU": 0.0, "BOD_WASSER": "feucht", "KERN": "S-L33", "TYP": "S-L", "HPTTYP": "L", "ART": 3.0, "DIC": 3.0, "GW_STUFE": 0.0, "SW_STUFE": 2.0, "TYP_TEXT": "Pseudogley-Parabraunerde", "ART_TEXT": "tonig-schluffig", "DIC_TEXT": "6 bis 10 dm", "EIN_TEXT": "Pseudogley-Parabraunerde oberste Bodenartenschicht tonig-schluffig 6 bis 10 dm", "KERNFOLGE": 33233.0, "FAR_NAME": "P_060", "SCH_NAME": "schwarz_50", "BLATT": "L5106", "KJAHR": 1971.0, "ZPH_A": 6.8, "ZPH_G": 5.9, "SBDA": "Lu", "BBODSCHV": "Lehm/Schluff", "LUFA_BDA": "uL", "LUFA_TXT": "schluffiger Lehm", "LUFA_GRP": 4.0, "SBDA_TXT": "schluffiger Lehm", "ERD_WLF_1": 1.4206, "ERD_WLF_2": 1.31, "WAS_AC": 114.0, "GWEINAC": 0.0, "WAS_GR": 108.0, "GWEINGR": 0.0, "T3_AC": 11.0, "T3_GR": 9.0, "GWO": 99.0, "NFK_GR": 108.1, "NFKWEGR": 9.0, "BBK": "(al)/ft", "BBK_NRW": "nrw_al", "L_MOOR_K": "unter_15", "L_TON_K": "mittlerer_Tongehalt", "LOK_HUMUS": null, "LOK_TORFE": null, "LOK_WASSER": null, "BKOMPV": 0.0, "FL_NUM": 56000, "Shape_Leng": 3079.8920484047762, "Shape_Area": 221381.80313294506, "sic new": 4, "siccccc": 1, "soil": 1, "S1": 1 }, "geometry": { "type": "MultiPolygon", "coordinates": [ [ [ [ 340310.396346088266, 5643253.095883207395673 ], [ 340322.896162031684071, 5643234.242518269456923 ], [ 340341.755302030942403, 5643222.816728082485497 ], [ 340359.338169534457847, 5643221.331973330117762 ], [ 340399.499269878841005, 5643227.530735846608877 ], [ 340421.281495697738137, 5643218.8354666903615 ], [ 340434.17703610623721, 5643201.757306275889277 ], [ 340450.572729125153273, 5643168.630136722698808 ], [ 340467.137365939328447, 5643127.546303323470056 ], [ 340472.057113059912808, 5643103.498068607412279 ], [ 340465.595841495494824, 5643083.060640256851912 ], [ 340422.457197999465279, 5643043.034756571054459 ], [ 340415.214153299224563, 5643021.464374329894781 ], [ 340401.115899999625981, 5643040.2006 ], [ 340371.651999999769032, 5643053.907999999821186 ], [ 340329.293399999849498, 5643058.132799999788404 ], [ 340278.628899999894202, 5643042.681199999526143 ], [ 340181.787299999967217, 5642999.086400000378489 ], [ 340090.245799999684095, 5642962.781400000676513 ], [ 340011.497399999760091, 5642933.461300000548363 ], [ 339942.942800000309944, 5642908.730200000107288 ], [ 339884.785299999639392, 5642893.5833 ], [ 339841.410500000230968, 5642872.831499999389052 ], [ 339843.705000000074506, 5642867.73450000025332 ], [ 339838.709699999541044, 5642867.937699999660254 ], [ 339818.931499999947846, 5642873.745799999684095 ], [ 339799.458200000226498, 5642887.046900000423193 ], [ 339817.449900000356138, 5642898.823999999091029 ], [ 339835.848000000230968, 5642920.59180000051856 ], [ 339857.455000000074506, 5642959.741499999538064 ], [ 339867.488099999725819, 5643021.878200000151992 ], [ 339870.189000000245869, 5643026.7719 ], [ 339904.85149999987334, 5643017.856599999591708 ], [ 339969.892400000244379, 5643017.7127 ], [ 340030.953999999910593, 5643042.748700000345707 ], [ 340110.41370000038296, 5643089.552300000563264 ], [ 340180.59389999974519, 5643154.245799999684095 ], [ 340238.290571417659521, 5643217.617063487879932 ], [ 340310.396346088266, 5643253.095883207395673 ] ] ] ] } },
{ "type": "Feature", "properties": { "fid": 69964.0, "OBJECTID": 69964.0, "Name": "L_____XG1", "AREAhaBK50": 142.11277875600001, "GW_CODE": null, "SW_CODE": null, "GW_TIEFE": 0.0, "LF_TIEFE": 0.0, "BWZ_1": 0.0, "BWZ_2": 0.0, "BWZ_M": 0.0, "ANALOG_E": null, "BASUW": null, "TIEFE": 0.0, "NFK": 0.0, "FK": 0.0, "LK": 0.0, "KAK": 0.0, "EROD": 0.0, "KF": 0.0, "KAP": 0.0, "OFA": 0.0, "LK4": 0.0, "LKNFK": 0.0, "DEN_0_5": null, "DEN_6_10": null, "DEN_11_20": null, "FEU": null, "OFAKLA": null, "OFA_GWS": null, "NEI": null, "SIC": null, "FIL": null, "BFE": null, "BFE_2": null, "BFE_CC": null, "GBK_1M": 0.0, "GBK_2M": 0.0, "GBK_NASS": 0.0, "GBK_STAU": 0.0, "VER_KLA": 0.0, "KOR": null, "FESA": 0.0, "TOHU": 0.0, "BOD_WASSER": null, "KERN": null, "TYP": null, "HPTTYP": null, "ART": 0.0, "DIC": 0.0, "GW_STUFE": 0.0, "SW_STUFE": 0.0, "TYP_TEXT": null, "ART_TEXT": null, "DIC_TEXT": null, "EIN_TEXT": null, "KERNFOLGE": 0.0, "FAR_NAME": null, "SCH_NAME": null, "BLATT": null, "KJAHR": 0.0, "ZPH_A": 0.0, "ZPH_G": 0.0, "SBDA": null, "BBODSCHV": null, "LUFA_BDA": null, "LUFA_TXT": null, "LUFA_GRP": 0.0, "SBDA_TXT": null, "ERD_WLF_1": 0.0, "ERD_WLF_2": 0.0, "WAS_AC": 0.0, "GWEINAC": 0.0, "WAS_GR": 0.0, "GWEINGR": 0.0, "T3_AC": 0.0, "T3_GR": 0.0, "GWO": 0.0, "NFK_GR": 0.0, "NFKWEGR": 0.0, "BBK": null, "BBK_NRW": null, "L_MOOR_K": null, "L_TON_K": null, "LOK_HUMUS": null, "LOK_TORFE": null, "LOK_WASSER": null, "BKOMPV": 0.0, "FL_NUM": 64962, "Shape_Leng": 10822.882841080816, "Shape_Area": 1421127.7875623349, "sic new": null, "siccccc": null, "soil": null, "S1": 0 }, "geometry": { "type": "MultiPolygon", "coordinates": [ [ [ [ 338835.672121294424869, 5643885.528078216128051 ], [ 338812.42330298665911, 5643881.257638599723577 ], [ 338811.482952090795152, 5643886.25109179597348 ], [ 338835.672121294424869, 5643885.528078216128051 ] ] ], [ [ [ 338822.001937363063917, 5643836.890078990720212 ], [ 338952.697552056051791, 5643824.812944388948381 ], [ 338973.887885433854535, 5643818.449043948203325 ], [ 338980.366241463692859, 5643813.529967190697789 ], [ 338980.396797207358759, 5643813.50675243884325 ], [ 338976.534099999815226, 5643813.663899999111891 ], [ 338955.841400000266731, 5643796.993000000715256 ], [ 338948.407200000248849, 5643737.2522 ], [ 338950.252500000409782, 5643659.621200000867248 ], [ 338967.998399999924004, 5643603.8596 ], [ 338984.364400000311434, 5643575.674000000581145 ], [ 339018.722199999727309, 5643559.26549999974668 ], [ 339021.680890553223435, 5643557.632582752034068 ], [ 339006.194226339051966, 5643550.163484436459839 ], [ 338995.736537338816561, 5643540.378960371017456 ], [ 338991.322656443691812, 5643519.420092653483152 ], [ 339000.778222928405739, 5643494.275128630921245 ], [ 339025.629342698084656, 5643466.704924731515348 ], [ 339045.430623424239457, 5643454.412415464408696 ], [ 339071.186448514228687, 5643448.432127115316689 ], [ 339139.253017685201485, 5643442.454760053195059 ], [ 339141.42949999962002, 5643439.190999999642372 ], [ 339158.506699999794364, 5643428.489099999889731 ], [ 339168.902788380568381, 5643431.91249162890017 ], [ 339222.804374498664401, 5643381.5936223808676 ], [ 339418.932802794966847, 5643254.553027351386845 ], [ 339441.411829930380918, 5643225.640056593343616 ], [ 339446.201599012012593, 5643211.828585477545857 ], [ 339446.36930752225453, 5643200.302353577688336 ], [ 339437.806680783047341, 5643187.244756748899817 ], [ 339395.621621152735315, 5643163.029952580109239 ], [ 339391.762498187832534, 5643154.157295159995556 ], [ 339394.908620153437369, 5643142.782535129226744 ], [ 339401.969543447485194, 5643134.752016111277044 ], [ 339414.584095416474156, 5643129.448532605543733 ], [ 339463.590410357923247, 5643131.721137170679867 ], [ 339488.513828079216182, 5643122.979631350375712 ], [ 339518.139954988961108, 5643089.976695852354169 ], [ 339531.720696874835994, 5643065.80299692042172 ], [ 339531.522300000302494, 5643065.565700000151992 ], [ 339527.906899999827147, 5643038.193 ], [ 339528.270899999886751, 5642985.64049999974668 ], [ 339529.447700000368059, 5642953.069299999624491 ], [ 339481.991899999789894, 5642954.999600000679493 ], [ 339451.918300000019372, 5642953.721100000664592 ], [ 339453.340800000354648, 5642988.688400000333786 ], [ 339449.564699999988079, 5643018.863600000739098 ], [ 339411.083599999547005, 5642995.410900000482798 ], [ 339370.003100000321865, 5642969.562100000679493 ], [ 339312.920599999837577, 5642919.346200000494719 ], [ 339256.142900000326335, 5642876.623299999162555 ], [ 339236.567999999970198, 5642887.426799999549985 ], [ 339216.891400000080466, 5642895.7325 ], [ 339184.726400000043213, 5642904.546299999579787 ], [ 339143.180399999953806, 5642928.752399999648333 ], [ 339129.00719999987632, 5642949.343299999833107 ], [ 339132.419300000183284, 5642971.72069999948144 ], [ 339132.665000000037253, 5643039.259400000795722 ], [ 339129.498599999584258, 5643084.4206000007689 ], [ 339088.765399999916553, 5643128.6081000007689 ], [ 339039.260900000110269, 5643203.174100000411272 ], [ 339001.635099999606609, 5643262.246099999174476 ], [ 338959.826799999922514, 5643341.502699999138713 ], [ 338923.521999999880791, 5643433.044399999082088 ], [ 338897.614299999549985, 5643534.170499999076128 ], [ 338896.33600000012666, 5643564.244100000709295 ], [ 338883.077399999834597, 5643607.314200000837445 ], [ 338858.549800000153482, 5643680.864299999549985 ], [ 338822.084599999710917, 5643829.954199999570847 ], [ 338820.690326598822139, 5643837.358073383569717 ], [ 338822.001937363063917, 5643836.890078990720212 ] ] ], [ [ [ 339882.773361608909909, 5643043.314215503633022 ], [ 339937.564356288756244, 5643057.725854362361133 ], [ 339976.856260007945821, 5643078.480754408985376 ], [ 339990.266009312064853, 5643096.185321715660393 ], [ 340013.771538386354223, 5643102.612016122788191 ], [ 340058.309795034234412, 5643133.188691450282931 ], [ 340142.631061247491743, 5643170.548898264765739 ], [ 340238.290571417659521, 5643217.617063487879932 ], [ 340180.59389999974519, 5643154.245799999684095 ], [ 340110.41370000038296, 5643089.552300000563264 ], [ 340030.953999999910593, 5643042.748700000345707 ], [ 339969.892400000244379, 5643017.7127 ], [ 339904.85149999987334, 5643017.856599999591708 ], [ 339870.189000000245869, 5643026.7719 ], [ 339853.010200000368059, 5643034.976099999621511 ], [ 339849.683818964229431, 5643041.068401392549276 ], [ 339882.773361608909909, 5643043.314215503633022 ] ] ] ] } }
]
}
