{
"type": "FeatureCollection",
"name": "Horrem buildings",
"crs": { "type": "name", "properties": { "name": "urn:ogc:def:crs:EPSG::25832" } },
"features": [
{ "type": "Feature", "properties": { "fid": 274846.0, "oid": "DENW41AL30008M1rBL", "aktualit": "2024-08-20", "gebnutzbez": "Gebäude", "funktion": "Gebäude zum Parken", "gfkzshh": "31001_2460", "rellage": null, "name": null, "anzahlgs": null, "gmdschl": "05362032", "lagebeztxt": null, "bld area": 30 }, "geometry": { "type": "MultiPolygon", "coordinates": [ [ [ [ 338837.675999999977648, 5642529.062 ], [ 338841.609, 5642529.342000000178814 ], [ 338842.131, 5642521.849999999627471 ], [ 338838.197999999974854, 5642521.570000000298023 ], [ 338837.675999999977648, 5642529.062 ] ] ] ] } },
{ "type": "Feature", "properties": { "fid": 59384.0, "oid": "DENW41AL30008JEIBL", "aktualit": "2024-08-20", "gebnutzbez": "Gebäude", "funktion": "Gebäude zum Parken", "gfkzshh": "31001_2460", "rellage": null, "name": null, "anzahlgs": null, "gmdschl": "05362032", "lagebeztxt": null, "bld area": 28 }, "geometry": { "type": "MultiPolygon", "coordinates": [ [ [ [ 338996.173, 5642549.230999999679625 ], [ 339001.272999999986496, 5642549.56900000013411 ], [ 339003.666000000026543, 5642549.727 ], [ 339003.913999999989755, 5642545.985000000335276 ], [ 339001.521, 5642545.826000000350177 ], [ 338996.420999999972992, 5642545.487999999895692 ], [ 338996.173, 5642549.230999999679625 ] ] ] ] } },
{ "type": "Feature", "properties": { "fid": 62085.0, "oid": "DENW41AL30008N3UBL", "aktualit": "2024-08-20", "gebnutzbez": "Gebäude", "funktion": "Wohngebäude", "gfkzshh": "31001_1000", "rellage": null, "name": null, "anzahlgs": null, "gmdschl": "05362032", "lagebeztxt": "Sistenichstraße 37", "bld area": 93 }, "geometry": { "type": "MultiPolygon", "coordinates": [ [ [ [ 338980.233, 5642585.45299999974668 ], [ 338986.775000000023283, 5642587.864 ], [ 338988.886, 5642588.639000000432134 ], [ 338992.291000000026543, 5642579.151999999769032 ], [ 338983.685, 5642576.006 ], [ 338980.233, 5642585.45299999974668 ] ] ] ] } },
{ "type": "Feature", "properties": { "fid": 160794.0, "oid": "DENW41AL30008OXqBL", "aktualit": "2024-08-20", "gebnutzbez": "Gebäude", "funktion": "Wohngebäude", "gfkzshh": "31001_1000", "rellage": null, "name": null, "anzahlgs": null, "gmdschl": "05362032", "lagebeztxt": "Dechant-Buff-Straße 2, 4", "bld area": 291 }, "geometry": { "type": "MultiPolygon", "coordinates": [ [ [ [ 338981.406000000017229, 5642528.518000000156462 ], [ 338987.332999999984168, 5642528.90500000026077 ], [ 338986.767, 5642537.598000000230968 ], [ 338984.990999999979977, 5642537.485000000335276 ], [ 338984.543, 5642544.701000000350177 ], [ 338996.420999999972992, 5642545.487999999895692 ], [ 339001.521, 5642545.826000000350177 ], [ 339001.99800000002142, 5642538.639000000432134 ], [ 338994.425999999977648, 5642538.136 ], [ 338995.00099999998929, 5642529.438 ], [ 338996.636999999987893, 5642529.546 ], [ 338997.063000000023749, 5642522.958999999798834 ], [ 338981.840000000025611, 5642521.879999999888241 ], [ 338981.406000000017229, 5642528.518000000156462 ] ] ] ] } },
{ "type": "Feature", "properties": { "fid": 272296.0, "oid": "DENW41AL30005Gv6BL", "aktualit": "2024-08-20", "gebnutzbez": "Gebäude", "funktion": "Gebäude für soziale Zwecke", "gfkzshh": "31001_3060", "rellage": null, "name": null, "anzahlgs": null, "gmdschl": "05362032", "lagebeztxt": null, "bld area": 72 }, "geometry": { "type": "MultiPolygon", "coordinates": [ [ [ [ 339001.521, 5642545.826000000350177 ], [ 339003.913999999989755, 5642545.985000000335276 ], [ 339011.538999999989755, 5642546.490000000223517 ], [ 339012.016, 5642539.303999999538064 ], [ 339001.99800000002142, 5642538.639000000432134 ], [ 339001.521, 5642545.826000000350177 ] ] ] ] } },
{ "type": "Feature", "properties": { "fid": 272307.0, "oid": "DENW41AL30005HBuBL", "aktualit": "2024-08-20", "gebnutzbez": "Gebäude", "funktion": "Gebäude für soziale Zwecke", "gfkzshh": "31001_3060", "rellage": null, "name": null, "anzahlgs": null, "gmdschl": "05362032", "lagebeztxt": null, "bld area": 139 }, "geometry": { "type": "MultiPolygon", "coordinates": [ [ [ [ 338996.636999999987893, 5642529.546 ], [ 339010.892, 5642530.484000000171363 ], [ 339010.893999999971129, 5642530.468999999575317 ], [ 339011.32, 5642523.882000000216067 ], [ 339011.713999999978114, 5642517.79700000025332 ], [ 339004.37699999997858, 5642517.315000000409782 ], [ 339003.983, 5642523.406999999657273 ], [ 339003.979999999981374, 5642523.449 ], [ 338997.063000000023749, 5642522.958999999798834 ], [ 338996.636999999987893, 5642529.546 ] ] ] ] } },
{ "type": "Feature", "properties": { "fid": 272316.0, "oid": "DENW41AL30005HJpBL", "aktualit": "2024-08-20", "gebnutzbez": "Gebäude", "funktion": "Gebäude für soziale Zwecke", "gfkzshh": "31001_3060", "rellage": null, "name": null, "anzahlgs": null, "gmdschl": "05362032", "lagebeztxt": null, "bld area": 20 }, "geometry": { "type": "MultiPolygon", "coordinates": [ [ [ [ 338983.571999999985565, 5642559.065999999642372 ], [ 338986.566999999980908, 5642559.24100000038743 ], [ 338986.962, 5642552.49199999962002 ], [ 338983.968, 5642552.316999999806285 ], [ 338983.571999999985565, 5642559.065999999642372 ] ] ] ] } },
{ "type": "Feature", "properties": { "fid": 275319.0, "oid": "DENW41AL30008MaHBL", "aktualit": "2024-08-20", "gebnutzbez": "Gebäude", "funktion": "Wohngebäude", "gfkzshh": "31001_1000", "rellage": null, "name": null, "anzahlgs": null, "gmdschl": "05362032", "lagebeztxt": "Sistenichstraße 39", "bld area": 169 }, "geometry": { "type": "MultiPolygon", "coordinates": [ [ [ [ 338977.936999999976251, 5642569.191999999806285 ], [ 338982.556999999971595, 5642569.463000000454485 ], [ 338982.712, 5642566.816999999806285 ], [ 338990.971000000019558, 5642567.276999999769032 ], [ 338991.425999999977648, 5642559.525999999605119 ], [ 338986.566999999980908, 5642559.24100000038743 ], [ 338983.571999999985565, 5642559.065999999642372 ], [ 338983.968, 5642552.316999999806285 ], [ 338984.222, 5642547.980999999679625 ], [ 338979.14000000001397, 5642547.63300000037998 ], [ 338977.936999999976251, 5642569.191999999806285 ] ] ] ] } },
{ "type": "Feature", "properties": { "fid": 159796.0, "oid": "DENW41AL30008MYnBL", "aktualit": "2024-08-20", "gebnutzbez": "Gebäude", "funktion": "Gebäude zum Parken", "gfkzshh": "31001_2460", "rellage": null, "name": null, "anzahlgs": null, "gmdschl": "05362032", "lagebeztxt": null, "bld area": 33 }, "geometry": { "type": "MultiPolygon", "coordinates": [ [ [ [ 339260.593999999982771, 5642725.298999999649823 ], [ 339265.827, 5642726.441999999806285 ], [ 339267.153, 5642720.369 ], [ 339261.983, 5642719.229000000283122 ], [ 339261.539999999979045, 5642721.159 ], [ 339260.593999999982771, 5642725.298999999649823 ] ] ] ] } },
{ "type": "Feature", "properties": { "fid": 272946.0, "oid": "DENW41AL30008Jt2BL", "aktualit": "2024-08-20", "gebnutzbez": "Gebäude", "funktion": "Gebäude zum Parken", "gfkzshh": "31001_2460", "rellage": null, "name": null, "anzahlgs": null, "gmdschl": "05362032", "lagebeztxt": null, "bld area": 16 }, "geometry": { "type": "MultiPolygon", "coordinates": [ [ [ [ 339262.011, 5642746.353000000119209 ], [ 339264.853, 5642746.889000000432134 ], [ 339265.833999999973457, 5642741.466 ], [ 339263.00099999998929, 5642740.92 ], [ 339262.011, 5642746.353000000119209 ] ] ] ] } },
{ "type": "Feature", "properties": { "fid": 273140.0, "oid": "DENW41AL30008K6iBL", "aktualit": "2024-08-20", "gebnutzbez": "Gebäude", "funktion": "Wohngebäude", "gfkzshh": "31001_1000", "rellage": null, "name": null, "anzahlgs": null, "gmdschl": "05362032", "lagebeztxt": "Kirschkaul 7", "bld area": 221 }, "geometry": { "type": "MultiPolygon", "coordinates": [ [ [ [ 339264.597, 5642732.065000000409782 ], [ 339284.212999999988824, 5642736.400000000372529 ], [ 339285.430999999982305, 5642730.816999999806285 ], [ 339286.767999999981839, 5642724.697999999858439 ], [ 339286.797000000020489, 5642724.568 ], [ 339286.427000000025146, 5642724.486999999731779 ], [ 339286.107000000018161, 5642725.946999999694526 ], [ 339271.911000000021886, 5642722.83600000012666 ], [ 339272.229999999981374, 5642721.375 ], [ 339267.174999999988358, 5642720.270999999716878 ], [ 339267.153, 5642720.369 ], [ 339265.827, 5642726.441999999806285 ], [ 339264.597, 5642732.065000000409782 ] ] ] ] } },
{ "type": "Feature", "properties": { "fid": 273479.0, "oid": "DENW41AL30008KUkBL", "aktualit": "2024-08-20", "gebnutzbez": "Gebäude", "funktion": "Gebäude zum Parken", "gfkzshh": "31001_2460", "rellage": null, "name": null, "anzahlgs": null, "gmdschl": "05362032", "lagebeztxt": null, "bld area": 22 }, "geometry": { "type": "MultiPolygon", "coordinates": [ [ [ [ 339285.430999999982305, 5642730.816999999806285 ], [ 339288.843, 5642731.55599999986589 ], [ 339290.157, 5642725.428000000305474 ], [ 339286.767999999981839, 5642724.697999999858439 ], [ 339285.430999999982305, 5642730.816999999806285 ] ] ] ] } },
{ "type": "Feature", "properties": { "fid": 275519.0, "oid": "DENW41AL30008Mn0BL", "aktualit": "2024-08-20", "gebnutzbez": "Gebäude", "funktion": "Gebäude zur Freizeitgestaltung", "gfkzshh": "31001_1310", "rellage": null, "name": null, "anzahlgs": null, "gmdschl": "05362032", "lagebeztxt": null, "bld area": 75 }, "geometry": { "type": "MultiPolygon", "coordinates": [ [ [ [ 339289.642999999981839, 5642737.88399999961257 ], [ 339291.586000000010245, 5642738.404 ], [ 339290.901000000012573, 5642742.24199999962002 ], [ 339290.886999999987893, 5642742.42 ], [ 339290.920999999972992, 5642742.593999999575317 ], [ 339291.00199999997858, 5642742.752999999560416 ], [ 339291.12300000002142, 5642742.88399999961257 ], [ 339291.275000000023283, 5642742.977 ], [ 339291.446, 5642743.026999999769032 ], [ 339300.318000000028405, 5642744.605999999679625 ], [ 339300.74, 5642741.963000000454485 ], [ 339303.555999999982305, 5642742.509999999776483 ], [ 339303.916000000026543, 5642740.649000000208616 ], [ 339301.973, 5642740.269000000320375 ], [ 339302.299, 5642738.576999999582767 ], [ 339294.020000000018626, 5642736.956000000238419 ], [ 339294.204000000027008, 5642736.011 ], [ 339292.446, 5642735.667000000365078 ], [ 339292.431999999971595, 5642735.735000000335276 ], [ 339290.761, 5642735.410000000149012 ], [ 339290.321999999985565, 5642737.29700000025332 ], [ 339289.642999999981839, 5642737.88399999961257 ] ] ] ] } },
{ "type": "Feature", "properties": { "fid": 275822.0, "oid": "DENW41AL30008N7WBL", "aktualit": "2024-08-20", "gebnutzbez": "Gebäude", "funktion": "Gebäude zum Parken", "gfkzshh": "31001_2460", "rellage": null, "name": null, "anzahlgs": null, "gmdschl": "05362032", "lagebeztxt": null, "bld area": 16 }, "geometry": { "type": "MultiPolygon", "coordinates": [ [ [ [ 339267.708999999973457, 5642747.355000000447035 ], [ 339268.99800000002142, 5642749.946000000461936 ], [ 339273.966000000014901, 5642747.440999999642372 ], [ 339272.670999999972992, 5642744.871000000275671 ], [ 339267.708999999973457, 5642747.355000000447035 ] ] ] ] } },
{ "type": "Feature", "properties": { "fid": 276271.0, "oid": "DENW41AL30008NchBL", "aktualit": "2024-08-20", "gebnutzbez": "Gebäude", "funktion": "Gebäude zum Parken", "gfkzshh": "31001_2460", "rellage": null, "name": null, "anzahlgs": null, "gmdschl": "05362032", "lagebeztxt": null, "bld area": 16 }, "geometry": { "type": "MultiPolygon", "coordinates": [ [ [ [ 339259.189000000013039, 5642745.81900000013411 ], [ 339262.011, 5642746.353000000119209 ], [ 339263.00099999998929, 5642740.92 ], [ 339260.175999999977648, 5642740.376000000163913 ], [ 339259.189000000013039, 5642745.81900000013411 ] ] ] ] } },
{ "type": "Feature", "properties": { "fid": 276473.0, "oid": "DENW41AL30008NqMBL", "aktualit": "2024-08-20", "gebnutzbez": "Gebäude", "funktion": "Gebäude zum Parken", "gfkzshh": "31001_2460", "rellage": null, "name": null, "anzahlgs": null, "gmdschl": "05362032", "lagebeztxt": null, "bld area": 16 }, "geometry": { "type": "MultiPolygon", "coordinates": [ [ [ [ 339264.853, 5642746.889000000432134 ], [ 339267.694000000017695, 5642747.424999999813735 ], [ 339268.658999999985099, 5642742.00899999961257 ], [ 339265.833999999973457, 5642741.466 ], [ 339264.853, 5642746.889000000432134 ] ] ] ] } },
{ "type": "Feature", "properties": { "fid": 63160.0, "oid": "DENW41AL30008OZsBL", "aktualit": "2024-08-20", "gebnutzbez": "Gebäude", "funktion": "Wohngebäude", "gfkzshh": "31001_1000", "rellage": null, "name": null, "anzahlgs": null, "gmdschl": "05362032", "lagebeztxt": "Höhenweg 22", "bld area": 164 }, "geometry": { "type": "MultiPolygon", "coordinates": [ [ [ [ 339302.675999999977648, 5642746.986999999731779 ], [ 339306.342, 5642747.68099999986589 ], [ 339306.577, 5642746.472 ], [ 339314.293, 5642747.997000000439584 ], [ 339316.055, 5642739.103000000119209 ], [ 339317.184, 5642739.32799999974668 ], [ 339318.239, 5642734.110999999567866 ], [ 339307.731000000028871, 5642731.980000000447035 ], [ 339306.337999999988824, 5642738.671 ], [ 339304.38900000002468, 5642738.275999999605119 ], [ 339303.916000000026543, 5642740.649000000208616 ], [ 339303.555999999982305, 5642742.509999999776483 ], [ 339303.049, 5642745.089999999850988 ], [ 339302.912000000011176, 5642745.757000000216067 ], [ 339302.675999999977648, 5642746.986999999731779 ] ] ] ] } },
{ "type": "Feature", "properties": { "fid": 275144.0, "oid": "DENW41AL30008MNVBL", "aktualit": "2024-08-20", "gebnutzbez": "Gebäude", "funktion": "Gebäude zum Parken", "gfkzshh": "31001_2460", "rellage": null, "name": null, "anzahlgs": null, "gmdschl": "05362032", "lagebeztxt": null, "bld area": 22 }, "geometry": { "type": "MultiPolygon", "coordinates": [ [ [ [ 339315.434, 5642751.377999999560416 ], [ 339321.473999999987427, 5642752.600999999791384 ], [ 339322.185, 5642749.099999999627471 ], [ 339316.135, 5642747.88399999961257 ], [ 339315.434, 5642751.377999999560416 ] ] ] ] } },
{ "type": "Feature", "properties": { "fid": 61350.0, "oid": "DENW41AL30008LzIBL", "aktualit": "2024-08-20", "gebnutzbez": "Gebäude", "funktion": "Gebäude zur Freizeitgestaltung", "gfkzshh": "31001_1310", "rellage": null, "name": null, "anzahlgs": null, "gmdschl": "05362032", "lagebeztxt": null, "bld area": 11 }, "geometry": { "type": "MultiPolygon", "coordinates": [ [ [ [ 339310.091000000014901, 5642688.140999999828637 ], [ 339313.68, 5642688.53899999987334 ], [ 339314.463999999978114, 5642688.625 ], [ 339314.75099999998929, 5642686.13300000037998 ], [ 339310.37699999997858, 5642685.623999999836087 ], [ 339310.091000000014901, 5642688.140999999828637 ] ] ] ] } },
{ "type": "Feature", "properties": { "fid": 62464.0, "oid": "DENW41AL30008NaaBL", "aktualit": "2024-08-20", "gebnutzbez": "Gebäude", "funktion": "Gebäude zum Parken", "gfkzshh": "31001_2460", "rellage": null, "name": null, "anzahlgs": null, "gmdschl": "05362032", "lagebeztxt": null, "bld area": 16 }, "geometry": { "type": "MultiPolygon", "coordinates": [ [ [ [ 339312.054, 5642698.946999999694526 ], [ 339317.843, 5642699.734000000171363 ], [ 339318.169999999983702, 5642697.066999999806285 ], [ 339312.518999999971129, 5642695.975999999791384 ], [ 339312.054, 5642698.946999999694526 ] ] ] ] } },
{ "type": "Feature", "properties": { "fid": 160306.0, "oid": "DENW41AL30008NZBBL", "aktualit": "2024-08-20", "gebnutzbez": "Gebäude", "funktion": "Gebäude zum Parken", "gfkzshh": "31001_2460", "rellage": null, "name": null, "anzahlgs": null, "gmdschl": "05362032", "lagebeztxt": null, "bld area": 40 }, "geometry": { "type": "MultiPolygon", "coordinates": [ [ [ [ 339290.678000000014435, 5642706.292999999597669 ], [ 339294.555999999982305, 5642707.176 ], [ 339294.973999999987427, 5642704.833999999798834 ], [ 339296.396, 5642696.903 ], [ 339292.590000000025611, 5642696.393000000156462 ], [ 339291.255, 5642702.867999999783933 ], [ 339291.419999999983702, 5642702.904 ], [ 339290.678000000014435, 5642706.292999999597669 ] ] ] ] } },
{ "type": "Feature", "properties": { "fid": 273677.0, "oid": "DENW41AL30008KivBL", "aktualit": "2024-08-20", "gebnutzbez": "Gebäude", "funktion": "Wohngebäude", "gfkzshh": "31001_1000", "rellage": null, "name": null, "anzahlgs": null, "gmdschl": "05362032", "lagebeztxt": "Höhenweg 28", "bld area": 78 }, "geometry": { "type": "MultiPolygon", "coordinates": [ [ [ [ 339319.401000000012573, 5642697.643000000156462 ], [ 339328.618000000016764, 5642698.571999999694526 ], [ 339329.516, 5642690.286999999545515 ], [ 339320.287000000011176, 5642689.267 ], [ 339319.435, 5642697.310999999754131 ], [ 339319.401000000012573, 5642697.643000000156462 ] ] ] ] } },
{ "type": "Feature", "properties": { "fid": 276125.0, "oid": "DENW41AL30008NSuBL", "aktualit": "2024-08-20", "gebnutzbez": "Gebäude", "funktion": "Gebäude zum Parken", "gfkzshh": "31001_2460", "rellage": null, "name": null, "anzahlgs": null, "gmdschl": "05362032", "lagebeztxt": null, "bld area": 17 }, "geometry": { "type": "MultiPolygon", "coordinates": [ [ [ [ 339321.957, 5642703.25 ], [ 339327.40500000002794, 5642704.42 ], [ 339327.483, 5642704.438 ], [ 339328.141, 5642701.463000000454485 ], [ 339322.663999999989755, 5642700.463000000454485 ], [ 339321.957, 5642703.25 ] ] ] ] } },
{ "type": "Feature", "properties": { "fid": 276312.0, "oid": "DENW41AL30008NfIBL", "aktualit": "2024-08-20", "gebnutzbez": "Gebäude", "funktion": "Wohngebäude", "gfkzshh": "31001_1000", "rellage": null, "name": null, "anzahlgs": null, "gmdschl": "05362032", "lagebeztxt": "Höhenweg 26", "bld area": 94 }, "geometry": { "type": "MultiPolygon", "coordinates": [ [ [ [ 339311.732000000018161, 5642704.688 ], [ 339312.973, 5642704.964999999850988 ], [ 339312.32, 5642707.935999999754131 ], [ 339314.439000000013039, 5642708.312 ], [ 339320.00099999998929, 5642709.309999999590218 ], [ 339325.936999999976251, 5642710.748999999836087 ], [ 339327.40500000002794, 5642704.42 ], [ 339321.957, 5642703.25 ], [ 339317.922000000020489, 5642702.38300000037998 ], [ 339317.89000000001397, 5642702.53000000026077 ], [ 339312.479, 5642701.367999999783933 ], [ 339311.732000000018161, 5642704.688 ] ] ] ] } },
{ "type": "Feature", "properties": { "fid": 276946.0, "oid": "DENW41AL30008OLZBL", "aktualit": "2024-08-20", "gebnutzbez": "Gebäude", "funktion": "Wohngebäude", "gfkzshh": "31001_1000", "rellage": null, "name": null, "anzahlgs": null, "gmdschl": "05362032", "lagebeztxt": "Höhenweg 30", "bld area": 83 }, "geometry": { "type": "MultiPolygon", "coordinates": [ [ [ [ 339318.784999999974389, 5642689.103000000119209 ], [ 339320.287000000011176, 5642689.267 ], [ 339329.516, 5642690.286999999545515 ], [ 339330.408999999985099, 5642682.04 ], [ 339321.152, 5642681.076999999582767 ], [ 339320.728, 5642685.114 ], [ 339319.237000000022817, 5642684.954 ], [ 339318.784999999974389, 5642689.103000000119209 ] ] ] ] } },
{ "type": "Feature", "properties": { "fid": 158735.0, "oid": "DENW41AL30008KQnBL", "aktualit": "2024-08-20", "gebnutzbez": "Gebäude", "funktion": "Wohngebäude", "gfkzshh": "31001_1000", "rellage": null, "name": null, "anzahlgs": null, "gmdschl": "05362032", "lagebeztxt": "Kirschkaul 8", "bld area": 104 }, "geometry": { "type": "MultiPolygon", "coordinates": [ [ [ [ 339278.416000000026543, 5642710.588000000454485 ], [ 339289.233, 5642712.934999999590218 ], [ 339290.678000000014435, 5642706.292999999597669 ], [ 339291.419999999983702, 5642702.904 ], [ 339291.255, 5642702.867999999783933 ], [ 339287.189000000013039, 5642701.99199999962002 ], [ 339286.868000000016764, 5642703.480999999679625 ], [ 339280.782, 5642702.159 ], [ 339281.103, 5642700.679999999701977 ], [ 339280.586000000010245, 5642700.568 ], [ 339278.416000000026543, 5642710.588000000454485 ] ] ] ] } },
{ "type": "Feature", "properties": { "fid": 159246.0, "oid": "DENW41AL30008LQXBL", "aktualit": "2024-08-20", "gebnutzbez": "Gebäude", "funktion": "Gebäude zum Parken", "gfkzshh": "31001_2460", "rellage": null, "name": null, "anzahlgs": null, "gmdschl": "05362032", "lagebeztxt": null, "bld area": 84 }, "geometry": { "type": "MultiPolygon", "coordinates": [ [ [ [ 339247.056999999971595, 5642702.485000000335276 ], [ 339261.044999999983702, 5642705.752999999560416 ], [ 339262.384000000020023, 5642700.028 ], [ 339248.451, 5642696.764000000432134 ], [ 339247.056999999971595, 5642702.485000000335276 ] ] ] ] } },
{ "type": "Feature", "properties": { "fid": 160272.0, "oid": "DENW41AL30008NVIBL", "aktualit": "2024-08-20", "gebnutzbez": "Gebäude", "funktion": "Wohngebäude", "gfkzshh": "31001_1000", "rellage": null, "name": null, "anzahlgs": null, "gmdschl": "05362032", "lagebeztxt": null, "bld area": 66 }, "geometry": { "type": "MultiPolygon", "coordinates": [ [ [ [ 339296.256999999983236, 5642709.343999999575317 ], [ 339311.811999999976251, 5642712.223000000230968 ], [ 339312.575000000011642, 5642708.136 ], [ 339297.032, 5642705.201999999582767 ], [ 339296.256999999983236, 5642709.343999999575317 ] ] ] ] } },
{ "type": "Feature", "properties": { "fid": 274448.0, "oid": "DENW41AL30008LZpBL", "aktualit": "2024-08-20", "gebnutzbez": "Gebäude", "funktion": "Wohngebäude", "gfkzshh": "31001_1000", "rellage": null, "name": null, "anzahlgs": null, "gmdschl": "05362032", "lagebeztxt": "Höhenweg 24", "bld area": 134 }, "geometry": { "type": "MultiPolygon", "coordinates": [ [ [ [ 339312.547000000020489, 5642716.911000000312924 ], [ 339314.808000000019092, 5642717.403 ], [ 339314.164999999979045, 5642720.348000000230968 ], [ 339323.560999999986961, 5642722.394000000320375 ], [ 339325.936999999976251, 5642710.748999999836087 ], [ 339320.00099999998929, 5642709.309999999590218 ], [ 339314.439000000013039, 5642708.312 ], [ 339312.547000000020489, 5642716.911000000312924 ] ] ] ] } },
{ "type": "Feature", "properties": { "fid": 61096.0, "oid": "DENW41AL30008LdKBL", "aktualit": "2024-08-20", "gebnutzbez": "Gebäude", "funktion": "Gebäude zur Freizeitgestaltung", "gfkzshh": "31001_1310", "rellage": null, "name": null, "anzahlgs": null, "gmdschl": "05362032", "lagebeztxt": null, "bld area": 32 }, "geometry": { "type": "MultiPolygon", "coordinates": [ [ [ [ 338953.431999999971595, 5642669.612999999895692 ], [ 338962.121999999973923, 5642672.310999999754131 ], [ 338963.15500000002794, 5642669.171 ], [ 338959.211000000010245, 5642667.673000000417233 ], [ 338954.804, 5642665.997999999672174 ], [ 338953.431999999971595, 5642669.612999999895692 ] ] ] ] } },
{ "type": "Feature", "properties": { "fid": 62041.0, "oid": "DENW41AL30008MzdBL", "aktualit": "2024-08-20", "gebnutzbez": "Gebäude", "funktion": "Wohngebäude", "gfkzshh": "31001_1000", "rellage": null, "name": null, "anzahlgs": null, "gmdschl": "05362032", "lagebeztxt": "Sistenichstraße 15", "bld area": 57 }, "geometry": { "type": "MultiPolygon", "coordinates": [ [ [ [ 338937.363000000012107, 5642686.053000000305474 ], [ 338945.533999999985099, 5642689.179999999701977 ], [ 338946.792000000015832, 5642685.926 ], [ 338947.799, 5642683.320000000298023 ], [ 338938.99, 5642679.940999999642372 ], [ 338938.288, 5642679.674999999813735 ], [ 338937.718999999982771, 5642681.171 ], [ 338939.027, 5642681.667999999597669 ], [ 338937.363000000012107, 5642686.053000000305474 ] ] ] ] } },
{ "type": "Feature", "properties": { "fid": 158863.0, "oid": "DENW41AL30008KfmBL", "aktualit": "2024-08-20", "gebnutzbez": "Gebäude", "funktion": "Wohngebäude", "gfkzshh": "31001_1000", "rellage": null, "name": null, "anzahlgs": null, "gmdschl": "05362032", "lagebeztxt": "Sistenichstraße 19", "bld area": 67 }, "geometry": { "type": "MultiPolygon", "coordinates": [ [ [ [ 338943.61099999997532, 5642667.63399999961257 ], [ 338946.479, 5642668.722 ], [ 338946.37300000002142, 5642669.002999999560416 ], [ 338945.684, 5642668.74199999962002 ], [ 338944.935, 5642670.721 ], [ 338946.465000000025611, 5642671.299999999813735 ], [ 338946.782, 5642670.46100000012666 ], [ 338952.316, 5642672.558000000193715 ], [ 338953.431999999971595, 5642669.612999999895692 ], [ 338954.804, 5642665.997999999672174 ], [ 338945.561999999976251, 5642662.487999999895692 ], [ 338943.61099999997532, 5642667.63399999961257 ] ] ] ] } },
{ "type": "Feature", "properties": { "fid": 272464.0, "oid": "DENW41AL30008JLuBL", "aktualit": "2024-08-20", "gebnutzbez": "Gebäude", "funktion": "Wohngebäude", "gfkzshh": "31001_1000", "rellage": null, "name": null, "anzahlgs": null, "gmdschl": "05362032", "lagebeztxt": "Sistenichstraße 17", "bld area": 58 }, "geometry": { "type": "MultiPolygon", "coordinates": [ [ [ [ 338938.99, 5642679.940999999642372 ], [ 338947.799, 5642683.320000000298023 ], [ 338948.871999999973923, 5642680.529 ], [ 338950.080000000016298, 5642677.416000000201166 ], [ 338942.293, 5642674.489 ], [ 338941.726000000024214, 5642675.983 ], [ 338940.651000000012573, 5642675.575000000186265 ], [ 338938.99, 5642679.940999999642372 ] ] ] ] } },
{ "type": "Feature", "properties": { "fid": 274884.0, "oid": "DENW41AL30008M4zBL", "aktualit": "2024-08-20", "gebnutzbez": "Gebäude", "funktion": "Gebäude zur Freizeitgestaltung", "gfkzshh": "31001_1310", "rellage": null, "name": null, "anzahlgs": null, "gmdschl": "05362032", "lagebeztxt": null, "bld area": 14 }, "geometry": { "type": "MultiPolygon", "coordinates": [ [ [ [ 338954.925999999977648, 5642682.810999999754131 ], [ 338955.668, 5642683.092000000178814 ], [ 338955.098, 5642684.543999999761581 ], [ 338957.506, 5642685.479000000283122 ], [ 338959.185999999986961, 5642681.40500000026077 ], [ 338956.018999999971129, 5642680.110000000335276 ], [ 338954.925999999977648, 5642682.810999999754131 ] ] ] ] } },
{ "type": "Feature", "properties": { "fid": 276101.0, "oid": "DENW41AL30008NREBL", "aktualit": "2024-08-20", "gebnutzbez": "Gebäude", "funktion": "Gebäude für Land- und Forstwirtschaft", "gfkzshh": "31001_2700", "rellage": null, "name": null, "anzahlgs": null, "gmdschl": "05362032", "lagebeztxt": null, "bld area": 15 }, "geometry": { "type": "MultiPolygon", "coordinates": [ [ [ [ 338948.64000000001397, 5642686.612999999895692 ], [ 338953.533, 5642688.457999999634922 ], [ 338954.554, 5642685.894000000320375 ], [ 338949.621999999973923, 5642684.00899999961257 ], [ 338948.64000000001397, 5642686.612999999895692 ] ] ] ] } },
{ "type": "Feature", "properties": { "fid": 276732.0, "oid": "DENW41AL30008O87BL", "aktualit": "2024-08-20", "gebnutzbez": "Gebäude", "funktion": "Gebäude zur Freizeitgestaltung", "gfkzshh": "31001_1310", "rellage": null, "name": null, "anzahlgs": null, "gmdschl": "05362032", "lagebeztxt": null, "bld area": 22 }, "geometry": { "type": "MultiPolygon", "coordinates": [ [ [ [ 338947.799, 5642683.320000000298023 ], [ 338949.621999999973923, 5642684.00899999961257 ], [ 338954.554, 5642685.894000000320375 ], [ 338955.098, 5642684.543999999761581 ], [ 338955.668, 5642683.092000000178814 ], [ 338954.925999999977648, 5642682.810999999754131 ], [ 338948.871999999973923, 5642680.529 ], [ 338947.799, 5642683.320000000298023 ] ] ] ] } },
{ "type": "Feature", "properties": { "fid": 271925.0, "oid": "DENW41AL2000JAYWBL", "aktualit": "2024-08-20", "gebnutzbez": "Gebäude", "funktion": "Wohngebäude", "gfkzshh": "31001_1000", "rellage": null, "name": null, "anzahlgs": null, "gmdschl": "05362032", "lagebeztxt": "Merkurweg 14", "bld area": 68 }, "geometry": { "type": "MultiPolygon", "coordinates": [ [ [ [ 338966.951, 5642697.364 ], [ 338975.343, 5642700.514999999664724 ], [ 338978.052000000025146, 5642693.502000000327826 ], [ 338969.696, 5642690.309000000357628 ], [ 338966.951, 5642697.364 ] ] ] ] } },
{ "type": "Feature", "properties": { "fid": 273958.0, "oid": "DENW41AL30008L2cBL", "aktualit": "2024-08-20", "gebnutzbez": "Gebäude", "funktion": "Wohngebäude", "gfkzshh": "31001_1000", "rellage": null, "name": null, "anzahlgs": null, "gmdschl": "05362032", "lagebeztxt": "Merkurweg 16", "bld area": 73 }, "geometry": { "type": "MultiPolygon", "coordinates": [ [ [ [ 338969.25199999997858, 5642690.015999999828637 ], [ 338977.669, 5642693.240000000223517 ], [ 338978.137999999977183, 5642693.42 ], [ 338979.052000000025146, 5642691.042000000365078 ], [ 338980.787000000011176, 5642686.525999999605119 ], [ 338971.858, 5642683.131 ], [ 338971.768999999971129, 5642683.365000000223517 ], [ 338970.332, 5642683.957999999634922 ], [ 338969.852000000013504, 5642685.237999999895692 ], [ 338970.552000000025146, 5642686.620000000111759 ], [ 338969.25199999997858, 5642690.015999999828637 ] ] ] ] } },
{ "type": "Feature", "properties": { "fid": 60084.0, "oid": "DENW41AL30008KBSBL", "aktualit": "2024-08-20", "gebnutzbez": "Gebäude", "funktion": "Wohngebäude", "gfkzshh": "31001_1000", "rellage": null, "name": null, "anzahlgs": null, "gmdschl": "05362032", "lagebeztxt": "Sistenichstraße 13", "bld area": 54 }, "geometry": { "type": "MultiPolygon", "coordinates": [ [ [ [ 338933.995, 5642691.270999999716878 ], [ 338934.604, 5642691.498999999836087 ], [ 338943.379000000015367, 5642694.764000000432134 ], [ 338944.311999999976251, 5642692.34499999973923 ], [ 338945.533999999985099, 5642689.179999999701977 ], [ 338937.363000000012107, 5642686.053000000305474 ], [ 338935.708999999973457, 5642690.411000000312924 ], [ 338934.495999999984633, 5642689.950000000186265 ], [ 338933.995, 5642691.270999999716878 ] ] ] ] } },
{ "type": "Feature", "properties": { "fid": 63083.0, "oid": "DENW41AL30008OSeBL", "aktualit": "2024-08-20", "gebnutzbez": "Gebäude", "funktion": "Gebäude für Land- und Forstwirtschaft", "gfkzshh": "31001_2700", "rellage": null, "name": null, "anzahlgs": null, "gmdschl": "05362032", "lagebeztxt": null, "bld area": 16 }, "geometry": { "type": "MultiPolygon", "coordinates": [ [ [ [ 338943.379000000015367, 5642694.764000000432134 ], [ 338946.604, 5642696.11699999962002 ], [ 338949.098999999987427, 5642697.165 ], [ 338950.049999999988358, 5642694.653 ], [ 338944.311999999976251, 5642692.34499999973923 ], [ 338943.379000000015367, 5642694.764000000432134 ] ] ] ] } },
{ "type": "Feature", "properties": { "fid": 158694.0, "oid": "DENW41AL30008KLVBL", "aktualit": "2024-08-20", "gebnutzbez": "Gebäude", "funktion": "Wohngebäude", "gfkzshh": "31001_1000", "rellage": null, "name": null, "anzahlgs": null, "gmdschl": "05362032", "lagebeztxt": "Sistenichstraße 11", "bld area": 58 }, "geometry": { "type": "MultiPolygon", "coordinates": [ [ [ [ 338932.931999999971595, 5642695.915 ], [ 338934.006, 5642696.322999999858439 ], [ 338933.427000000025146, 5642697.826999999582767 ], [ 338941.044, 5642700.80599999986589 ], [ 338941.778999999980442, 5642698.900999999605119 ], [ 338943.379000000015367, 5642694.764000000432134 ], [ 338934.604, 5642691.498999999836087 ], [ 338932.931999999971595, 5642695.915 ] ] ] ] } },
{ "type": "Feature", "properties": { "fid": 59705.0, "oid": "DENW41AL30008JfsBL", "aktualit": "2024-08-20", "gebnutzbez": "Gebäude", "funktion": "Wohngebäude", "gfkzshh": "31001_1000", "rellage": null, "name": null, "anzahlgs": null, "gmdschl": "05362032", "lagebeztxt": null, "bld area": 37 }, "geometry": { "type": "MultiPolygon", "coordinates": [ [ [ [ 338938.919999999983702, 5642707.95299999974668 ], [ 338956.775000000023283, 5642714.69400000013411 ], [ 338957.550999999977648, 5642712.59499999973923 ], [ 338955.625, 5642711.881 ], [ 338955.583999999973457, 5642711.99199999962002 ], [ 338950.288999999989755, 5642710.041000000201166 ], [ 338950.379000000015367, 5642709.795 ], [ 338948.963999999978114, 5642710.108 ], [ 338944.240999999979977, 5642708.361999999731779 ], [ 338944.414999999979045, 5642707.906000000424683 ], [ 338939.658, 5642706.014999999664724 ], [ 338938.919999999983702, 5642707.95299999974668 ] ] ] ] } },
{ "type": "Feature", "properties": { "fid": 59881.0, "oid": "DENW41AL30008JtoBL", "aktualit": "2024-08-20", "gebnutzbez": "Gebäude", "funktion": "Gebäude für Land- und Forstwirtschaft", "gfkzshh": "31001_2700", "rellage": null, "name": null, "anzahlgs": null, "gmdschl": "05362032", "lagebeztxt": null, "bld area": 17 }, "geometry": { "type": "MultiPolygon", "coordinates": [ [ [ [ 338944.961000000010245, 5642700.354000000283122 ], [ 338948.601000000024214, 5642702.013000000268221 ], [ 338949.916000000026543, 5642698.814000000245869 ], [ 338948.65500000002794, 5642698.335 ], [ 338949.098999999987427, 5642697.165 ], [ 338946.604, 5642696.11699999962002 ], [ 338944.961000000010245, 5642700.354000000283122 ] ] ] ] } },
{ "type": "Feature", "properties": { "fid": 274050.0, "oid": "DENW41AL30008L8RBL", "aktualit": "2024-08-20", "gebnutzbez": "Gebäude", "funktion": "Gebäude zur Freizeitgestaltung", "gfkzshh": "31001_1310", "rellage": null, "name": null, "anzahlgs": null, "gmdschl": "05362032", "lagebeztxt": null, "bld area": 16 }, "geometry": { "type": "MultiPolygon", "coordinates": [ [ [ [ 338950.288999999989755, 5642710.041000000201166 ], [ 338955.583999999973457, 5642711.99199999962002 ], [ 338955.625, 5642711.881 ], [ 338956.527, 5642709.33600000012666 ], [ 338951.299, 5642707.28899999987334 ], [ 338950.379000000015367, 5642709.795 ], [ 338950.288999999989755, 5642710.041000000201166 ] ] ] ] } },
{ "type": "Feature", "properties": { "fid": 274251.0, "oid": "DENW41AL30008LM0BL", "aktualit": "2024-08-20", "gebnutzbez": "Gebäude", "funktion": "Wohngebäude", "gfkzshh": "31001_1000", "rellage": null, "name": null, "anzahlgs": null, "gmdschl": "05362032", "lagebeztxt": "Sistenichstraße 9", "bld area": 67 }, "geometry": { "type": "MultiPolygon", "coordinates": [ [ [ [ 338927.89000000001397, 5642709.145999999716878 ], [ 338937.12, 5642712.661999999545515 ], [ 338937.136, 5642712.622999999672174 ], [ 338938.919999999983702, 5642707.95299999974668 ], [ 338939.658, 5642706.014999999664724 ], [ 338934.099999999976717, 5642703.954 ], [ 338934.354999999981374, 5642703.247000000439584 ], [ 338932.829000000027008, 5642702.683000000193715 ], [ 338932.128000000026077, 5642704.557 ], [ 338932.827, 5642704.812 ], [ 338932.723999999987427, 5642705.098000000230968 ], [ 338929.832999999984168, 5642704.042999999597669 ], [ 338927.89000000001397, 5642709.145999999716878 ] ] ] ] } },
{ "type": "Feature", "properties": { "fid": 276290.0, "oid": "DENW41AL30008NdrBL", "aktualit": "2024-08-20", "gebnutzbez": "Gebäude", "funktion": "Wohngebäude", "gfkzshh": "31001_1000", "rellage": null, "name": null, "anzahlgs": null, "gmdschl": "05362032", "lagebeztxt": null, "bld area": 119 }, "geometry": { "type": "MultiPolygon", "coordinates": [ [ [ [ 338937.136, 5642712.622999999672174 ], [ 338954.973999999987427, 5642719.421 ], [ 338959.212999999988824, 5642721.082000000402331 ], [ 338961.054, 5642716.360000000335276 ], [ 338956.821999999985565, 5642714.713999999687076 ], [ 338956.775000000023283, 5642714.69400000013411 ], [ 338938.919999999983702, 5642707.95299999974668 ], [ 338937.136, 5642712.622999999672174 ] ] ] ] } },
{ "type": "Feature", "properties": { "fid": 59920.0, "oid": "DENW41AL30008JwvBL", "aktualit": "2024-08-20", "gebnutzbez": "Gebäude", "funktion": "Gebäude für Land- und Forstwirtschaft", "gfkzshh": "31001_2700", "rellage": null, "name": null, "anzahlgs": null, "gmdschl": "05362032", "lagebeztxt": null, "bld area": 3 }, "geometry": { "type": "MultiPolygon", "coordinates": [ [ [ [ 338954.43, 5642665.354000000283122 ], [ 338955.893999999971129, 5642665.909 ], [ 338956.5, 5642664.308000000193715 ], [ 338955.036000000021886, 5642663.752999999560416 ], [ 338954.43, 5642665.354000000283122 ] ] ] ] } },
{ "type": "Feature", "properties": { "fid": 275543.0, "oid": "DENW41AL30008Mp1BL", "aktualit": "2024-08-20", "gebnutzbez": "Gebäude", "funktion": "Wohngebäude", "gfkzshh": "31001_1000", "rellage": null, "name": null, "anzahlgs": null, "gmdschl": "05362032", "lagebeztxt": "Sistenichstraße 21", "bld area": 84 }, "geometry": { "type": "MultiPolygon", "coordinates": [ [ [ [ 338945.561999999976251, 5642662.487999999895692 ], [ 338954.804, 5642665.997999999672174 ], [ 338954.863000000012107, 5642665.841 ], [ 338954.041000000026543, 5642665.531000000424683 ], [ 338957.477000000013504, 5642656.390999999828637 ], [ 338958.316, 5642656.707000000402331 ], [ 338958.333999999973457, 5642656.659 ], [ 338949.092, 5642653.153 ], [ 338949.044, 5642653.281999999657273 ], [ 338949.847, 5642653.587000000290573 ], [ 338948.275000000023283, 5642657.728000000119209 ], [ 338947.136, 5642657.295 ], [ 338946.550999999977648, 5642658.837000000290573 ], [ 338947.691, 5642659.269999999552965 ], [ 338946.413999999989755, 5642662.63300000037998 ], [ 338945.620999999984633, 5642662.332000000402331 ], [ 338945.561999999976251, 5642662.487999999895692 ] ] ] ] } },
{ "type": "Feature", "properties": { "fid": 60490.0, "oid": "DENW41AL30008KkVBL", "aktualit": "2024-08-20", "gebnutzbez": "Gebäude", "funktion": "Gebäude zur Freizeitgestaltung", "gfkzshh": "31001_1310", "rellage": null, "name": null, "anzahlgs": null, "gmdschl": "05362032", "lagebeztxt": null, "bld area": 34 }, "geometry": { "type": "MultiPolygon", "coordinates": [ [ [ [ 339105.746999999973923, 5642861.204 ], [ 339108.043, 5642864.189000000245869 ], [ 339109.528999999980442, 5642858.605999999679625 ], [ 339111.223999999987427, 5642852.237999999895692 ], [ 339108.495, 5642850.971 ], [ 339105.746999999973923, 5642861.204 ] ] ] ] } },
{ "type": "Feature", "properties": { "fid": 63390.0, "oid": "DENW41AL30008OstBL", "aktualit": "2024-08-20", "gebnutzbez": "Gebäude", "funktion": "Gemischt genutztes Gebäude mit Wohnen", "gfkzshh": "31001_1100", "rellage": null, "name": null, "anzahlgs": null, "gmdschl": "05362032", "lagebeztxt": "Bahnhofstraße 18", "bld area": 130 }, "geometry": { "type": "MultiPolygon", "coordinates": [ [ [ [ 339092.180999999982305, 5642854.86699999962002 ], [ 339103.949000000022352, 5642861.91399999987334 ], [ 339105.746999999973923, 5642861.204 ], [ 339108.495, 5642850.971 ], [ 339102.56, 5642849.42200000025332 ], [ 339099.552000000025146, 5642849.41399999987334 ], [ 339098.606000000028871, 5642850.956000000238419 ], [ 339095.629000000015367, 5642849.138000000268221 ], [ 339092.180999999982305, 5642854.86699999962002 ] ] ] ] } },
{ "type": "Feature", "properties": { "fid": 158886.0, "oid": "DENW41AL30008KiaBL", "aktualit": "2024-08-20", "gebnutzbez": "Gebäude", "funktion": "Wohngebäude", "gfkzshh": "31001_1000", "rellage": null, "name": null, "anzahlgs": null, "gmdschl": "05362032", "lagebeztxt": null, "bld area": 39 }, "geometry": { "type": "MultiPolygon", "coordinates": [ [ [ [ 339108.043, 5642864.189000000245869 ], [ 339113.681999999971595, 5642866.850999999791384 ], [ 339116.153, 5642861.639999999664724 ], [ 339109.528999999980442, 5642858.605999999679625 ], [ 339108.043, 5642864.189000000245869 ] ] ] ] } },
{ "type": "Feature", "properties": { "fid": 159111.0, "oid": "DENW41AL30008LA7BL", "aktualit": "2024-08-20", "gebnutzbez": "Gebäude", "funktion": "Gemischt genutztes Gebäude mit Wohnen", "gfkzshh": "31001_1100", "rellage": null, "name": null, "anzahlgs": null, "gmdschl": "05362032", "lagebeztxt": "Mittelstraße 4", "bld area": 100 }, "geometry": { "type": "MultiPolygon", "coordinates": [ [ [ [ 339121.227000000013504, 5642857.05599999986589 ], [ 339130.261999999987893, 5642861.410000000149012 ], [ 339134.629000000015367, 5642852.46100000012666 ], [ 339131.558000000019092, 5642850.972 ], [ 339125.955000000016298, 5642848.253999999724329 ], [ 339125.518999999971129, 5642848.042999999597669 ], [ 339121.227000000013504, 5642857.05599999986589 ] ] ] ] } },
{ "type": "Feature", "properties": { "fid": 273172.0, "oid": "DENW41AL30008K8yBL", "aktualit": "2024-08-20", "gebnutzbez": "Gebäude", "funktion": "Gemischt genutztes Gebäude mit Wohnen", "gfkzshh": "31001_1100", "rellage": null, "name": null, "anzahlgs": null, "gmdschl": "05362032", "lagebeztxt": "Mittelstraße 2", "bld area": 152 }, "geometry": { "type": "MultiPolygon", "coordinates": [ [ [ [ 339113.681999999971595, 5642866.850999999791384 ], [ 339125.086000000010245, 5642872.256 ], [ 339130.261999999987893, 5642861.410000000149012 ], [ 339121.227000000013504, 5642857.05599999986589 ], [ 339118.865999999979977, 5642855.918999999761581 ], [ 339116.153, 5642861.639999999664724 ], [ 339113.681999999971595, 5642866.850999999791384 ] ] ] ] } },
{ "type": "Feature", "properties": { "fid": 158153.0, "oid": "DENW41AL30008JGgBL", "aktualit": "2024-08-20", "gebnutzbez": "Gebäude", "funktion": "Wohngebäude", "gfkzshh": "31001_1000", "rellage": null, "name": null, "anzahlgs": null, "gmdschl": "05362032", "lagebeztxt": "Mittelstraße 6, 8, 10, 12, 14, 16, 18, 20, 22, 24, 26", "bld area": 1869 }, "geometry": { "type": "MultiPolygon", "coordinates": [ [ [ [ 339136.647, 5642844.424999999813735 ], [ 339140.413, 5642829.282999999821186 ], [ 339145.332, 5642809.009999999776483 ], [ 339156.106000000028871, 5642765.622000000439584 ], [ 339153.403, 5642764.934000000357628 ], [ 339165.418, 5642718.793999999761581 ], [ 339177.435, 5642672.651999999769032 ], [ 339180.077999999979511, 5642673.356999999843538 ], [ 339182.449000000022352, 5642664.440000000409782 ], [ 339184.810999999986961, 5642655.514999999664724 ], [ 339175.85999999998603, 5642653.05599999986589 ], [ 339170.090000000025611, 5642674.59499999973923 ], [ 339167.473, 5642673.893000000156462 ], [ 339145.332, 5642758.892 ], [ 339148.028, 5642759.593000000342727 ], [ 339147.556999999971595, 5642761.481999999843538 ], [ 339125.955000000016298, 5642848.253999999724329 ], [ 339131.558000000019092, 5642850.972 ], [ 339134.726000000024214, 5642852.082000000402331 ], [ 339136.063000000023749, 5642846.815999999642372 ], [ 339136.647, 5642844.424999999813735 ] ] ] ] } },
{ "type": "Feature", "properties": { "fid": 60007.0, "oid": "DENW41AL30008K4aBL", "aktualit": "2024-08-20", "gebnutzbez": "Gebäude", "funktion": "Gebäude für Wirtschaft oder Gewerbe", "gfkzshh": "31001_2000", "rellage": null, "name": null, "anzahlgs": null, "gmdschl": "05362032", "lagebeztxt": null, "bld area": 17 }, "geometry": { "type": "MultiPolygon", "coordinates": [ [ [ [ 339089.232000000018161, 5642829.895999999716878 ], [ 339093.31, 5642832.406000000424683 ], [ 339095.162000000011176, 5642829.235000000335276 ], [ 339091.098999999987427, 5642826.792999999597669 ], [ 339089.232000000018161, 5642829.895999999716878 ] ] ] ] } },
{ "type": "Feature", "properties": { "fid": 273048.0, "oid": "DENW41AL30008K02BL", "aktualit": "2024-08-20", "gebnutzbez": "Gebäude", "funktion": "Gemischt genutztes Gebäude mit Wohnen", "gfkzshh": "31001_1100", "rellage": null, "name": null, "anzahlgs": null, "gmdschl": "05362032", "lagebeztxt": "Bahnhofstraße 16", "bld area": 129 }, "geometry": { "type": "MultiPolygon", "coordinates": [ [ [ [ 339084.806999999971595, 5642850.455 ], [ 339092.180999999982305, 5642854.86699999962002 ], [ 339095.629000000015367, 5642849.138000000268221 ], [ 339096.427000000025146, 5642847.822999999858439 ], [ 339098.919, 5642843.674999999813735 ], [ 339099.082, 5642843.40500000026077 ], [ 339099.021, 5642843.36600000038743 ], [ 339094.180999999982305, 5642840.349999999627471 ], [ 339096.534999999974389, 5642836.417000000365078 ], [ 339094.099999999976717, 5642834.962000000290573 ], [ 339090.343, 5642841.247000000439584 ], [ 339084.806999999971595, 5642850.455 ] ] ] ] } },
{ "type": "Feature", "properties": { "fid": 273836.0, "oid": "DENW41AL30008KtlBL", "aktualit": "2024-08-20", "gebnutzbez": "Gebäude", "funktion": "Gebäude für Land- und Forstwirtschaft", "gfkzshh": "31001_2700", "rellage": null, "name": null, "anzahlgs": null, "gmdschl": "05362032", "lagebeztxt": null, "bld area": 20 }, "geometry": { "type": "MultiPolygon", "coordinates": [ [ [ [ 339087.042000000015832, 5642833.535000000149012 ], [ 339091.193000000028405, 5642836.031000000424683 ], [ 339093.31, 5642832.406000000424683 ], [ 339089.232000000018161, 5642829.895999999716878 ], [ 339087.042000000015832, 5642833.535000000149012 ] ] ] ] } },
{ "type": "Feature", "properties": { "fid": 61344.0, "oid": "DENW41AL30008LyjBL", "aktualit": "2024-08-20", "gebnutzbez": "Gebäude", "funktion": "Gebäude zum Parken", "gfkzshh": "31001_2460", "rellage": null, "name": null, "anzahlgs": null, "gmdschl": "05362032", "lagebeztxt": null, "bld area": 24 }, "geometry": { "type": "MultiPolygon", "coordinates": [ [ [ [ 338737.952999999979511, 5642473.864 ], [ 338741.39000000001397, 5642474.387000000104308 ], [ 338742.319000000017695, 5642467.593999999575317 ], [ 338738.893999999971129, 5642467.072999999858439 ], [ 338738.218, 5642471.947999999858439 ], [ 338737.952999999979511, 5642473.864 ] ] ] ] } },
{ "type": "Feature", "properties": { "fid": 61495.0, "oid": "DENW41AL30008MCfBL", "aktualit": "2024-08-20", "gebnutzbez": "Gebäude", "funktion": "Wohngebäude", "gfkzshh": "31001_1000", "rellage": null, "name": null, "anzahlgs": null, "gmdschl": "05362032", "lagebeztxt": "Adenauerstraße 27", "bld area": 63 }, "geometry": { "type": "MultiPolygon", "coordinates": [ [ [ [ 338743.457, 5642480.390999999828637 ], [ 338750.587999999988824, 5642481.355000000447035 ], [ 338751.352000000013504, 5642475.685999999754131 ], [ 338751.761999999987893, 5642472.61600000038743 ], [ 338751.522, 5642472.583999999798834 ], [ 338744.641, 5642471.656000000424683 ], [ 338743.457, 5642480.390999999828637 ] ] ] ] } },
{ "type": "Feature", "properties": { "fid": 158390.0, "oid": "DENW41AL30008JkFBL", "aktualit": "2024-08-20", "gebnutzbez": "Gebäude", "funktion": "Wohngebäude", "gfkzshh": "31001_1000", "rellage": null, "name": null, "anzahlgs": null, "gmdschl": "05362032", "lagebeztxt": null, "bld area": 45 }, "geometry": { "type": "MultiPolygon", "coordinates": [ [ [ [ 338721.191, 5642466.384999999776483 ], [ 338726.468999999982771, 5642466.551 ], [ 338726.908, 5642458.230999999679625 ], [ 338721.454000000027008, 5642458.059999999590218 ], [ 338721.191, 5642466.384999999776483 ] ] ] ] } },
{ "type": "Feature", "properties": { "fid": 276585.0, "oid": "DENW41AL30008NyWBL", "aktualit": "2024-08-20", "gebnutzbez": "Gebäude", "funktion": "Wohngebäude", "gfkzshh": "31001_1000", "rellage": null, "name": null, "anzahlgs": null, "gmdschl": "05362032", "lagebeztxt": "Adenauerstraße 29", "bld area": 94 }, "geometry": { "type": "MultiPolygon", "coordinates": [ [ [ [ 338724.708999999973457, 5642477.650999999605119 ], [ 338737.19, 5642479.372999999672174 ], [ 338737.952999999979511, 5642473.864 ], [ 338738.218, 5642471.947999999858439 ], [ 338725.794, 5642470.221 ], [ 338724.708999999973457, 5642477.650999999605119 ] ] ] ] } },
{ "type": "Feature", "properties": { "fid": 60870.0, "oid": "DENW41AL30008LJ3BL", "aktualit": "2024-08-20", "gebnutzbez": "Gebäude", "funktion": "Gebäude zum Parken", "gfkzshh": "31001_2460", "rellage": null, "name": null, "anzahlgs": null, "gmdschl": "05362032", "lagebeztxt": null, "bld area": 15 }, "geometry": { "type": "MultiPolygon", "coordinates": [ [ [ [ 338721.733, 5642452.208999999798834 ], [ 338727.102000000013504, 5642452.400999999605119 ], [ 338727.168, 5642449.592000000178814 ], [ 338721.830000000016298, 5642449.40500000026077 ], [ 338721.733, 5642452.208999999798834 ] ] ] ] } },
{ "type": "Feature", "properties": { "fid": 158506.0, "oid": "DENW41AL30008JxlBL", "aktualit": "2024-08-20", "gebnutzbez": "Gebäude", "funktion": "Gebäude zum Parken", "gfkzshh": "31001_2460", "rellage": null, "name": null, "anzahlgs": null, "gmdschl": "05362032", "lagebeztxt": null, "bld area": 15 }, "geometry": { "type": "MultiPolygon", "coordinates": [ [ [ [ 338721.830000000016298, 5642449.40500000026077 ], [ 338727.168, 5642449.592000000178814 ], [ 338727.233, 5642446.785000000149012 ], [ 338721.924, 5642446.587000000290573 ], [ 338721.830000000016298, 5642449.40500000026077 ] ] ] ] } },
{ "type": "Feature", "properties": { "fid": 160092.0, "oid": "DENW41AL30008N8sBL", "aktualit": "2024-08-20", "gebnutzbez": "Gebäude", "funktion": "Gebäude zum Parken", "gfkzshh": "31001_2460", "rellage": null, "name": null, "anzahlgs": null, "gmdschl": "05362032", "lagebeztxt": null, "bld area": 15 }, "geometry": { "type": "MultiPolygon", "coordinates": [ [ [ [ 338721.641, 5642455.032999999821186 ], [ 338727.037000000011176, 5642455.21100000012666 ], [ 338727.102000000013504, 5642452.400999999605119 ], [ 338721.733, 5642452.208999999798834 ], [ 338721.641, 5642455.032999999821186 ] ] ] ] } },
{ "type": "Feature", "properties": { "fid": 160162.0, "oid": "DENW41AL30008NI3BL", "aktualit": "2024-08-20", "gebnutzbez": "Gebäude", "funktion": "Gebäude zum Parken", "gfkzshh": "31001_2460", "rellage": null, "name": null, "anzahlgs": null, "gmdschl": "05362032", "lagebeztxt": null, "bld area": 15 }, "geometry": { "type": "MultiPolygon", "coordinates": [ [ [ [ 338735.685, 5642386.231999999843538 ], [ 338741.00199999997858, 5642386.57799999974668 ], [ 338741.184, 5642383.775000000372529 ], [ 338735.867000000027474, 5642383.428999999538064 ], [ 338735.685, 5642386.231999999843538 ] ] ] ] } },
{ "type": "Feature", "properties": { "fid": 273173.0, "oid": "DENW41AL30008K91BL", "aktualit": "2024-08-20", "gebnutzbez": "Gebäude", "funktion": "Gebäude zum Parken", "gfkzshh": "31001_2460", "rellage": null, "name": null, "anzahlgs": null, "gmdschl": "05362032", "lagebeztxt": null, "bld area": 15 }, "geometry": { "type": "MultiPolygon", "coordinates": [ [ [ [ 338735.867000000027474, 5642383.428999999538064 ], [ 338741.184, 5642383.775000000372529 ], [ 338741.37, 5642380.921 ], [ 338736.052000000025146, 5642380.574 ], [ 338735.867000000027474, 5642383.428999999538064 ] ] ] ] } },
{ "type": "Feature", "properties": { "fid": 273549.0, "oid": "DENW41AL30008KZjBL", "aktualit": "2024-08-20", "gebnutzbez": "Gebäude", "funktion": "Gebäude zum Parken", "gfkzshh": "31001_2460", "rellage": null, "name": null, "anzahlgs": null, "gmdschl": "05362032", "lagebeztxt": null, "bld area": 15 }, "geometry": { "type": "MultiPolygon", "coordinates": [ [ [ [ 338721.924, 5642446.587000000290573 ], [ 338727.233, 5642446.785000000149012 ], [ 338727.299, 5642443.916000000201166 ], [ 338722.021, 5642443.721 ], [ 338721.924, 5642446.587000000290573 ] ] ] ] } },
{ "type": "Feature", "properties": { "fid": 274797.0, "oid": "DENW41AL30008LyEBL", "aktualit": "2024-08-20", "gebnutzbez": "Gebäude", "funktion": "Wohngebäude", "gfkzshh": "31001_1000", "rellage": null, "name": null, "anzahlgs": null, "gmdschl": "05362032", "lagebeztxt": "Thomas-Mann-Straße 1, 2", "bld area": 431 }, "geometry": { "type": "MultiPolygon", "coordinates": [ [ [ [ 338756.800999999977648, 5642452.048999999649823 ], [ 338766.916000000026543, 5642454.933000000193715 ], [ 338778.112000000022817, 5642415.503999999724329 ], [ 338768.017999999981839, 5642412.638000000268221 ], [ 338756.800999999977648, 5642452.048999999649823 ] ] ] ] } },
{ "type": "Feature", "properties": { "fid": 275192.0, "oid": "DENW41AL30008MQuBL", "aktualit": "2024-08-20", "gebnutzbez": "Gebäude", "funktion": "Gebäude zum Parken", "gfkzshh": "31001_2460", "rellage": null, "name": null, "anzahlgs": null, "gmdschl": "05362032", "lagebeztxt": null, "bld area": 15 }, "geometry": { "type": "MultiPolygon", "coordinates": [ [ [ [ 338721.549999999988358, 5642457.757000000216067 ], [ 338726.973, 5642457.972 ], [ 338727.037000000011176, 5642455.21100000012666 ], [ 338721.641, 5642455.032999999821186 ], [ 338721.549999999988358, 5642457.757000000216067 ] ] ] ] } },
{ "type": "Feature", "properties": { "fid": 275588.0, "oid": "DENW41AL30008MrtBL", "aktualit": "2024-08-20", "gebnutzbez": "Gebäude", "funktion": "Wohngebäude", "gfkzshh": "31001_1000", "rellage": null, "name": null, "anzahlgs": null, "gmdschl": "05362032", "lagebeztxt": "Thomas-Mann-Straße 3, 4", "bld area": 431 }, "geometry": { "type": "MultiPolygon", "coordinates": [ [ [ [ 338727.983, 5642393.360999999567866 ], [ 338730.929, 5642434.247000000439584 ], [ 338741.419, 5642433.446000000461936 ], [ 338738.473999999987427, 5642392.605000000447035 ], [ 338727.983, 5642393.360999999567866 ] ] ] ] } },
{ "type": "Feature", "properties": { "fid": 275788.0, "oid": "DENW41AL30008N5RBL", "aktualit": "2024-08-20", "gebnutzbez": "Gebäude", "funktion": "Gebäude zum Parken", "gfkzshh": "31001_2460", "rellage": null, "name": null, "anzahlgs": null, "gmdschl": "05362032", "lagebeztxt": null, "bld area": 15 }, "geometry": { "type": "MultiPolygon", "coordinates": [ [ [ [ 338735.5, 5642389.087000000290573 ], [ 338740.816, 5642389.432 ], [ 338741.00199999997858, 5642386.57799999974668 ], [ 338735.685, 5642386.231999999843538 ], [ 338735.5, 5642389.087000000290573 ] ] ] ] } },
{ "type": "Feature", "properties": { "fid": 276976.0, "oid": "DENW41AL30008ONmBL", "aktualit": "2024-08-20", "gebnutzbez": "Gebäude", "funktion": "Wohngebäude", "gfkzshh": "31001_1000", "rellage": null, "name": null, "anzahlgs": null, "gmdschl": "05362032", "lagebeztxt": "Thomas-Mann-Straße 5, 6", "bld area": 429 }, "geometry": { "type": "MultiPolygon", "coordinates": [ [ [ [ 338729.327, 5642374.729000000283122 ], [ 338739.49, 5642377.376000000163913 ], [ 338749.789999999979045, 5642337.821000000461936 ], [ 338739.647, 5642335.177000000141561 ], [ 338729.327, 5642374.729000000283122 ] ] ] ] } },
{ "type": "Feature", "properties": { "fid": 160000.0, "oid": "DENW41AL30008MxbBL", "aktualit": "2024-08-20", "gebnutzbez": "Gebäude", "funktion": "Gebäude zum Parken", "gfkzshh": "31001_2460", "rellage": null, "name": null, "anzahlgs": null, "gmdschl": "05362032", "lagebeztxt": null, "bld area": 17 }, "geometry": { "type": "MultiPolygon", "coordinates": [ [ [ [ 338754.318000000028405, 5642476.082999999634922 ], [ 338757.358, 5642476.489 ], [ 338757.778, 5642473.332999999634922 ], [ 338758.092, 5642470.973000000230968 ], [ 338755.055, 5642470.56900000013411 ], [ 338754.318000000028405, 5642476.082999999634922 ] ] ] ] } },
{ "type": "Feature", "properties": { "fid": 274534.0, "oid": "DENW41AL30008LgDBL", "aktualit": "2024-08-20", "gebnutzbez": "Gebäude", "funktion": "Gebäude zum Parken", "gfkzshh": "31001_2460", "rellage": null, "name": null, "anzahlgs": null, "gmdschl": "05362032", "lagebeztxt": null, "bld area": 17 }, "geometry": { "type": "MultiPolygon", "coordinates": [ [ [ [ 338751.352000000013504, 5642475.685999999754131 ], [ 338754.318000000028405, 5642476.082999999634922 ], [ 338755.055, 5642470.56900000013411 ], [ 338751.846000000019558, 5642470.142 ], [ 338751.522, 5642472.583999999798834 ], [ 338751.761999999987893, 5642472.61600000038743 ], [ 338751.352000000013504, 5642475.685999999754131 ] ] ] ] } },
{ "type": "Feature", "properties": { "fid": 60891.0, "oid": "DENW41AL30008LL2BL", "aktualit": "2024-08-20", "gebnutzbez": "Gebäude", "funktion": "Wohngebäude", "gfkzshh": "31001_1000", "rellage": null, "name": null, "anzahlgs": null, "gmdschl": "05362032", "lagebeztxt": "Merkurweg 24", "bld area": 133 }, "geometry": { "type": "MultiPolygon", "coordinates": [ [ [ [ 338978.306999999971595, 5642653.615000000223517 ], [ 338981.924, 5642654.992999999783933 ], [ 338990.754000000015367, 5642658.355999999679625 ], [ 338993.137999999977183, 5642652.021999999880791 ], [ 338993.604999999981374, 5642652.197999999858439 ], [ 338993.711000000010245, 5642651.918999999761581 ], [ 338992.89000000001397, 5642651.605999999679625 ], [ 338993.423, 5642650.206000000238419 ], [ 338994.243000000016764, 5642650.519000000320375 ], [ 338994.349999999976717, 5642650.240000000223517 ], [ 338993.885, 5642650.063 ], [ 338994.302000000025146, 5642648.96999999973923 ], [ 338988.802000000025146, 5642646.879999999888241 ], [ 338981.979999999981374, 5642644.287999999709427 ], [ 338978.306999999971595, 5642653.615000000223517 ] ] ] ] } },
{ "type": "Feature", "properties": { "fid": 63416.0, "oid": "DENW41AL30008Ov6BL", "aktualit": "2024-08-20", "gebnutzbez": "Gebäude", "funktion": "Gebäude für Land- und Forstwirtschaft", "gfkzshh": "31001_2700", "rellage": null, "name": null, "anzahlgs": null, "gmdschl": "05362032", "lagebeztxt": null, "bld area": 12 }, "geometry": { "type": "MultiPolygon", "coordinates": [ [ [ [ 338967.393999999971129, 5642642.031000000424683 ], [ 338971.125, 5642643.455 ], [ 338972.222, 5642640.579 ], [ 338968.490999999979977, 5642639.156999999657273 ], [ 338967.393999999971129, 5642642.031000000424683 ] ] ] ] } },
{ "type": "Feature", "properties": { "fid": 159117.0, "oid": "DENW41AL30008LAMBL", "aktualit": "2024-08-20", "gebnutzbez": "Gebäude", "funktion": "Gebäude zum Parken", "gfkzshh": "31001_2460", "rellage": null, "name": null, "anzahlgs": null, "gmdschl": "05362032", "lagebeztxt": null, "bld area": 54 }, "geometry": { "type": "MultiPolygon", "coordinates": [ [ [ [ 338987.635, 5642646.40500000026077 ], [ 338993.25099999998929, 5642648.571000000461936 ], [ 338996.457999999984168, 5642640.129999999888241 ], [ 338990.832, 5642637.99199999962002 ], [ 338987.635, 5642646.40500000026077 ] ] ] ] } },
{ "type": "Feature", "properties": { "fid": 274114.0, "oid": "DENW41AL30008LCiBL", "aktualit": "2024-11-06", "gebnutzbez": "Gebäude", "funktion": "Wohngebäude", "gfkzshh": "31001_1000", "rellage": null, "name": null, "anzahlgs": null, "gmdschl": "05362032", "lagebeztxt": "Merkurweg 22", "bld area": 86 }, "geometry": { "type": "MultiPolygon", "coordinates": [ [ [ [ 338978.424999999988358, 5642664.247999999672174 ], [ 338987.949000000022352, 5642667.872999999672174 ], [ 338988.063000000023749, 5642667.574 ], [ 338987.359, 5642667.30599999986589 ], [ 338990.641, 5642658.666000000201166 ], [ 338991.34499999997206, 5642658.935999999754131 ], [ 338991.462, 5642658.637000000104308 ], [ 338990.754000000015367, 5642658.355999999679625 ], [ 338981.924, 5642654.992999999783933 ], [ 338981.809, 5642655.295 ], [ 338982.617000000027474, 5642655.602 ], [ 338979.327999999979511, 5642664.259999999776483 ], [ 338978.534999999974389, 5642663.958999999798834 ], [ 338978.424999999988358, 5642664.247999999672174 ] ] ] ] } },
{ "type": "Feature", "properties": { "fid": 62337.0, "oid": "DENW41AL30008NQBBL", "aktualit": "2024-08-20", "gebnutzbez": "Gebäude", "funktion": "Wohngebäude", "gfkzshh": "31001_1000", "rellage": null, "name": null, "anzahlgs": null, "gmdschl": "05362032", "lagebeztxt": null, "bld area": 8 }, "geometry": { "type": "MultiPolygon", "coordinates": [ [ [ [ 338959.466000000014901, 5642653.671 ], [ 338961.544999999983702, 5642654.46 ], [ 338962.223, 5642652.576999999582767 ], [ 338962.522, 5642652.690999999642372 ], [ 338963.031000000017229, 5642651.43099999986589 ], [ 338960.657, 5642650.531000000424683 ], [ 338959.466000000014901, 5642653.671 ] ] ] ] } },
{ "type": "Feature", "properties": { "fid": 62547.0, "oid": "DENW41AL30008NhxBL", "aktualit": "2024-08-20", "gebnutzbez": "Gebäude", "funktion": "Wohngebäude", "gfkzshh": "31001_1000", "rellage": null, "name": null, "anzahlgs": null, "gmdschl": "05362032", "lagebeztxt": "Sistenichstraße 25", "bld area": 70 }, "geometry": { "type": "MultiPolygon", "coordinates": [ [ [ [ 338953.451, 5642641.542000000365078 ], [ 338962.115999999979977, 5642644.838000000454485 ], [ 338964.81, 5642637.753999999724329 ], [ 338956.145000000018626, 5642634.456000000238419 ], [ 338953.451, 5642641.542000000365078 ] ] ] ] } },
{ "type": "Feature", "properties": { "fid": 62994.0, "oid": "DENW41AL30008OKjBL", "aktualit": "2024-08-20", "gebnutzbez": "Gebäude", "funktion": "Wohngebäude", "gfkzshh": "31001_1000", "rellage": null, "name": null, "anzahlgs": null, "gmdschl": "05362032", "lagebeztxt": null, "bld area": 51 }, "geometry": { "type": "MultiPolygon", "coordinates": [ [ [ [ 338958.382999999972526, 5642656.528 ], [ 338968.549, 5642660.38300000037998 ], [ 338970.341000000014901, 5642655.65500000026077 ], [ 338962.522, 5642652.690999999642372 ], [ 338962.223, 5642652.576999999582767 ], [ 338961.544999999983702, 5642654.46 ], [ 338959.466000000014901, 5642653.671 ], [ 338958.382999999972526, 5642656.528 ] ] ] ] } },
{ "type": "Feature", "properties": { "fid": 274575.0, "oid": "DENW41AL30008LjKBL", "aktualit": "2024-08-20", "gebnutzbez": "Gebäude", "funktion": "Wohngebäude", "gfkzshh": "31001_1000", "rellage": null, "name": null, "anzahlgs": null, "gmdschl": "05362032", "lagebeztxt": "Sistenichstraße 23", "bld area": 68 }, "geometry": { "type": "MultiPolygon", "coordinates": [ [ [ [ 338949.092, 5642653.153 ], [ 338958.333999999973457, 5642656.659 ], [ 338958.382999999972526, 5642656.528 ], [ 338959.466000000014901, 5642653.671 ], [ 338960.657, 5642650.531000000424683 ], [ 338960.86099999997532, 5642649.99100000038743 ], [ 338955.321, 5642647.918999999761581 ], [ 338955.602000000013504, 5642647.17 ], [ 338954.060999999986961, 5642646.593000000342727 ], [ 338953.333999999973457, 5642648.534 ], [ 338953.995999999984633, 5642648.781999999657273 ], [ 338953.891, 5642649.062 ], [ 338951.052000000025146, 5642647.985000000335276 ], [ 338949.092, 5642653.153 ] ] ] ] } },
{ "type": "Feature", "properties": { "fid": 61716.0, "oid": "DENW41AL30008MWMBL", "aktualit": "2024-08-20", "gebnutzbez": "Gebäude", "funktion": "Wohngebäude", "gfkzshh": "31001_1000", "rellage": null, "name": null, "anzahlgs": null, "gmdschl": "05362032", "lagebeztxt": null, "bld area": 35 }, "geometry": { "type": "MultiPolygon", "coordinates": [ [ [ [ 338675.169, 5642595.398 ], [ 338679.984, 5642597.529 ], [ 338680.351000000024214, 5642597.690999999642372 ], [ 338682.832, 5642591.945000000298023 ], [ 338682.516, 5642591.80599999986589 ], [ 338677.650000000023283, 5642589.651999999769032 ], [ 338675.169, 5642595.398 ] ] ] ] } },
{ "type": "Feature", "properties": { "fid": 62342.0, "oid": "DENW41AL30008NQLBL", "aktualit": "2024-08-20", "gebnutzbez": "Gebäude", "funktion": "Wohngebäude", "gfkzshh": "31001_1000", "rellage": null, "name": null, "anzahlgs": null, "gmdschl": "05362032", "lagebeztxt": null, "bld area": 31 }, "geometry": { "type": "MultiPolygon", "coordinates": [ [ [ [ 338671.157, 5642581.178000000305474 ], [ 338674.63, 5642582.718999999575317 ], [ 338677.854, 5642575.33600000012666 ], [ 338674.326, 5642573.775999999605119 ], [ 338671.157, 5642581.178000000305474 ] ] ] ] } },
{ "type": "Feature", "properties": { "fid": 159162.0, "oid": "DENW41AL30008LFnBL", "aktualit": "2024-08-20", "gebnutzbez": "Gebäude", "funktion": "Wohngebäude", "gfkzshh": "31001_1000", "rellage": null, "name": null, "anzahlgs": null, "gmdschl": "05362032", "lagebeztxt": "Wiesenstraße 48", "bld area": 44 }, "geometry": { "type": "MultiPolygon", "coordinates": [ [ [ [ 338674.63, 5642582.718999999575317 ], [ 338675.159999999974389, 5642582.954 ], [ 338678.38, 5642584.377000000327826 ], [ 338679.679, 5642584.950000000186265 ], [ 338682.868000000016764, 5642577.548000000417233 ], [ 338677.854, 5642575.33600000012666 ], [ 338674.63, 5642582.718999999575317 ] ] ] ] } },
{ "type": "Feature", "properties": { "fid": 159453.0, "oid": "DENW41AL30008LsDBL", "aktualit": "2024-08-20", "gebnutzbez": "Gebäude", "funktion": "Gebäude zum Parken", "gfkzshh": "31001_2460", "rellage": null, "name": null, "anzahlgs": null, "gmdschl": "05362032", "lagebeztxt": null, "bld area": 25 }, "geometry": { "type": "MultiPolygon", "coordinates": [ [ [ [ 338687.489, 5642590.803999999538064 ], [ 338687.505, 5642590.810999999754131 ], [ 338690.066, 5642591.906999999657273 ], [ 338692.62400000001071, 5642593.001000000163913 ], [ 338692.670999999972992, 5642593.020999999716878 ], [ 338693.512999999977183, 5642591.071000000461936 ], [ 338692.082, 5642590.445000000298023 ], [ 338693.327999999979511, 5642587.53000000026077 ], [ 338692.152, 5642587.028 ], [ 338689.591000000014901, 5642585.932 ], [ 338687.489, 5642590.803999999538064 ] ] ] ] } },
{ "type": "Feature", "properties": { "fid": 159786.0, "oid": "DENW41AL30008MXsBL", "aktualit": "2024-08-20", "gebnutzbez": "Gebäude", "funktion": "Wohngebäude", "gfkzshh": "31001_1000", "rellage": null, "name": null, "anzahlgs": null, "gmdschl": "05362032", "lagebeztxt": null, "bld area": 16 }, "geometry": { "type": "MultiPolygon", "coordinates": [ [ [ [ 338673.316999999980908, 5642587.224000000394881 ], [ 338676.537000000011176, 5642588.646999999880791 ], [ 338678.375, 5642584.388000000268221 ], [ 338678.38, 5642584.377000000327826 ], [ 338675.159999999974389, 5642582.954 ], [ 338675.142999999981839, 5642582.99199999962002 ], [ 338673.316999999980908, 5642587.224000000394881 ] ] ] ] } },
{ "type": "Feature", "properties": { "fid": 275290.0, "oid": "DENW41AL30008MYTBL", "aktualit": "2024-08-20", "gebnutzbez": "Gebäude", "funktion": "Wohngebäude", "gfkzshh": "31001_1000", "rellage": null, "name": null, "anzahlgs": null, "gmdschl": "05362032", "lagebeztxt": "Wiesenstraße 46", "bld area": 44 }, "geometry": { "type": "MultiPolygon", "coordinates": [ [ [ [ 338679.679, 5642584.950000000186265 ], [ 338684.559, 5642587.122999999672174 ], [ 338687.849999999976717, 5642579.752000000327826 ], [ 338682.868000000016764, 5642577.548000000417233 ], [ 338679.679, 5642584.950000000186265 ] ] ] ] } },
{ "type": "Feature", "properties": { "fid": 60035.0, "oid": "DENW41AL30008K6uBL", "aktualit": "2024-08-20", "gebnutzbez": "Gebäude", "funktion": "Wohngebäude", "gfkzshh": "31001_1000", "rellage": null, "name": null, "anzahlgs": null, "gmdschl": "05362032", "lagebeztxt": "Am Kalkofen 41", "bld area": 82 }, "geometry": { "type": "MultiPolygon", "coordinates": [ [ [ [ 338668.071999999985565, 5642618.966 ], [ 338677.082, 5642623.735999999567866 ], [ 338680.189000000013039, 5642617.989 ], [ 338680.868000000016764, 5642616.733 ], [ 338671.862000000022817, 5642611.803000000305474 ], [ 338668.071999999985565, 5642618.966 ] ] ] ] } },
{ "type": "Feature", "properties": { "fid": 272912.0, "oid": "DENW41AL30008Jr6BL", "aktualit": "2024-08-20", "gebnutzbez": "Gebäude", "funktion": "Wohngebäude", "gfkzshh": "31001_1000", "rellage": null, "name": null, "anzahlgs": null, "gmdschl": "05362032", "lagebeztxt": "Am Kalkofen 43", "bld area": 128 }, "geometry": { "type": "MultiPolygon", "coordinates": [ [ [ [ 338657.465000000025611, 5642613.151999999769032 ], [ 338665.770000000018626, 5642617.704 ], [ 338665.731000000028871, 5642617.775000000372529 ], [ 338665.987000000022817, 5642618.600999999791384 ], [ 338667.135, 5642619.217000000178814 ], [ 338667.968, 5642618.989 ], [ 338668.00199999997858, 5642618.928000000305474 ], [ 338668.071999999985565, 5642618.966 ], [ 338671.862000000022817, 5642611.803000000305474 ], [ 338672.299, 5642610.975999999791384 ], [ 338669.662000000011176, 5642609.542000000365078 ], [ 338670.152, 5642608.644999999552965 ], [ 338669.907, 5642608.509999999776483 ], [ 338667.805999999982305, 5642607.359000000171363 ], [ 338668.055999999982305, 5642606.901999999769032 ], [ 338667.777, 5642605.890999999828637 ], [ 338664.185999999986961, 5642603.934999999590218 ], [ 338663.179, 5642604.228000000119209 ], [ 338662.928000000014435, 5642604.684999999590218 ], [ 338662.224999999976717, 5642604.299999999813735 ], [ 338661.170999999972992, 5642606.25899999961257 ], [ 338660.685999999986961, 5642605.997999999672174 ], [ 338659.952999999979511, 5642606.218000000342727 ], [ 338659.403, 5642607.24199999962002 ], [ 338659.636999999987893, 5642607.947999999858439 ], [ 338660.12300000002142, 5642608.21 ], [ 338657.465000000025611, 5642613.151999999769032 ] ] ] ] } },
{ "type": "Feature", "properties": { "fid": 273139.0, "oid": "DENW41AL30008K6hBL", "aktualit": "2024-08-20", "gebnutzbez": "Gebäude", "funktion": "Wohngebäude", "gfkzshh": "31001_1000", "rellage": null, "name": null, "anzahlgs": null, "gmdschl": "05362032", "lagebeztxt": null, "bld area": 16 }, "geometry": { "type": "MultiPolygon", "coordinates": [ [ [ [ 338669.662000000011176, 5642609.542000000365078 ], [ 338672.299, 5642610.975999999791384 ], [ 338672.772, 5642610.081000000238419 ], [ 338674.645000000018626, 5642606.536999999545515 ], [ 338671.863000000012107, 5642605.065999999642372 ], [ 338669.907, 5642608.509999999776483 ], [ 338670.152, 5642608.644999999552965 ], [ 338669.662000000011176, 5642609.542000000365078 ] ] ] ] } },
{ "type": "Feature", "properties": { "fid": 159773.0, "oid": "DENW41AL30008MW9BL", "aktualit": "2024-08-20", "gebnutzbez": "Gebäude", "funktion": "Gebäude zum Parken", "gfkzshh": "31001_2460", "rellage": null, "name": null, "anzahlgs": null, "gmdschl": "05362032", "lagebeztxt": null, "bld area": 15 }, "geometry": { "type": "MultiPolygon", "coordinates": [ [ [ [ 338667.256, 5642582.99199999962002 ], [ 338669.810999999986961, 5642584.137000000104308 ], [ 338672.011, 5642579.114 ], [ 338669.408, 5642577.971 ], [ 338667.256, 5642582.99199999962002 ] ] ] ] } },
{ "type": "Feature", "properties": { "fid": 60647.0, "oid": "DENW41AL30008Kz2BL", "aktualit": "2024-08-20", "gebnutzbez": "Gebäude", "funktion": "Gebäude für Land- und Forstwirtschaft", "gfkzshh": "31001_2700", "rellage": null, "name": null, "anzahlgs": null, "gmdschl": "05362032", "lagebeztxt": null, "bld area": 4 }, "geometry": { "type": "MultiPolygon", "coordinates": [ [ [ [ 338933.093, 5642721.520999999716878 ], [ 338934.542000000015832, 5642722.074 ], [ 338935.527, 5642719.497999999672174 ], [ 338934.077, 5642718.94400000013411 ], [ 338933.093, 5642721.520999999716878 ] ] ] ] } },
{ "type": "Feature", "properties": { "fid": 61175.0, "oid": "DENW41AL30008LkEBL", "aktualit": "2024-08-20", "gebnutzbez": "Gebäude", "funktion": "Wohngebäude", "gfkzshh": "31001_1000", "rellage": null, "name": null, "anzahlgs": null, "gmdschl": "05362032", "lagebeztxt": null, "bld area": 16 }, "geometry": { "type": "MultiPolygon", "coordinates": [ [ [ [ 338928.688000000023749, 5642742.96100000012666 ], [ 338931.321999999985565, 5642743.963999999687076 ], [ 338932.407, 5642741.112999999895692 ], [ 338931.164999999979045, 5642740.640999999828637 ], [ 338932.96999999997206, 5642735.872000000439584 ], [ 338931.57, 5642735.332000000402331 ], [ 338928.688000000023749, 5642742.96100000012666 ] ] ] ] } },
{ "type": "Feature", "properties": { "fid": 272611.0, "oid": "DENW41AL30008JWWBL", "aktualit": "2024-08-20", "gebnutzbez": "Gebäude", "funktion": "Wohngebäude", "gfkzshh": "31001_1000", "rellage": null, "name": null, "anzahlgs": null, "gmdschl": "05362032", "lagebeztxt": "Merkurweg 8", "bld area": 51 }, "geometry": { "type": "MultiPolygon", "coordinates": [ [ [ [ 338972.726000000024214, 5642726.235999999567866 ], [ 338976.013818041130435, 5642716.867059131152928 ], [ 338971.218, 5642714.997999999672174 ], [ 338967.907, 5642724.399000000208616 ], [ 338972.715970546065364, 5642726.264540494419634 ], [ 338972.726000000024214, 5642726.235999999567866 ] ] ] ] } },
{ "type": "Feature", "properties": { "fid": 273498.0, "oid": "DENW41AL30008KWFBL", "aktualit": "2024-08-20", "gebnutzbez": "Gebäude", "funktion": "Wohngebäude", "gfkzshh": "31001_1000", "rellage": null, "name": null, "anzahlgs": null, "gmdschl": "05362032", "lagebeztxt": "Sistenichstraße 7", "bld area": 86 }, "geometry": { "type": "MultiPolygon", "coordinates": [ [ [ [ 338924.327999999979511, 5642718.498999999836087 ], [ 338933.542000000015832, 5642722.009999999776483 ], [ 338933.547000000020489, 5642721.997999999672174 ], [ 338932.706, 5642721.676 ], [ 338936.231000000028871, 5642712.46999999973923 ], [ 338937.071, 5642712.791000000201166 ], [ 338937.12, 5642712.661999999545515 ], [ 338927.89000000001397, 5642709.145999999716878 ], [ 338927.827999999979511, 5642709.310999999754131 ], [ 338928.387999999977183, 5642709.524000000208616 ], [ 338926.813000000023749, 5642713.662999999709427 ], [ 338925.643999999971129, 5642713.218000000342727 ], [ 338925.056999999971595, 5642714.75899999961257 ], [ 338926.224999999976717, 5642715.204 ], [ 338924.936999999976251, 5642718.585 ], [ 338924.37699999997858, 5642718.372000000439584 ], [ 338924.327999999979511, 5642718.498999999836087 ] ] ] ] } },
{ "type": "Feature", "properties": { "fid": 273553.0, "oid": "DENW41AL30008KZrBL", "aktualit": "2024-08-20", "gebnutzbez": "Gebäude", "funktion": "Wohngebäude", "gfkzshh": "31001_1000", "rellage": null, "name": null, "anzahlgs": null, "gmdschl": "05362032", "lagebeztxt": "Sistenichstraße 5", "bld area": 67 }, "geometry": { "type": "MultiPolygon", "coordinates": [ [ [ [ 338922.379000000015367, 5642723.622000000439584 ], [ 338925.21999999997206, 5642724.671 ], [ 338925.118000000016764, 5642724.95299999974668 ], [ 338924.412000000011176, 5642724.700000000186265 ], [ 338923.705000000016298, 5642726.678000000305474 ], [ 338925.197999999974854, 5642727.21999999973923 ], [ 338925.457999999984168, 5642726.514999999664724 ], [ 338931.028999999980442, 5642728.574 ], [ 338933.542000000015832, 5642722.009999999776483 ], [ 338924.327999999979511, 5642718.498999999836087 ], [ 338922.379000000015367, 5642723.622000000439584 ] ] ] ] } },
{ "type": "Feature", "properties": { "fid": 275024.0, "oid": "DENW41AL30008MF2BL", "aktualit": "2024-08-20", "gebnutzbez": "Gebäude", "funktion": "Gebäude zur Freizeitgestaltung", "gfkzshh": "31001_1310", "rellage": null, "name": null, "anzahlgs": null, "gmdschl": "05362032", "lagebeztxt": null, "bld area": 19 }, "geometry": { "type": "MultiPolygon", "coordinates": [ [ [ [ 338936.39000000001397, 5642727.291000000201166 ], [ 338940.85999999998603, 5642728.997000000439584 ], [ 338942.257999999972526, 5642725.347 ], [ 338942.261, 5642725.337000000290573 ], [ 338937.792000000015832, 5642723.632000000216067 ], [ 338937.789999999979045, 5642723.637000000104308 ], [ 338936.39000000001397, 5642727.291000000201166 ] ] ] ] } },
{ "type": "Feature", "properties": { "fid": 276330.0, "oid": "DENW41AL30008NgaBL", "aktualit": "2024-08-20", "gebnutzbez": "Gebäude", "funktion": "Wohngebäude", "gfkzshh": "31001_1000", "rellage": null, "name": null, "anzahlgs": null, "gmdschl": "05362032", "lagebeztxt": "Sistenichstraße 3", "bld area": 70 }, "geometry": { "type": "MultiPolygon", "coordinates": [ [ [ [ 338920.471000000019558, 5642739.829 ], [ 338928.688000000023749, 5642742.96100000012666 ], [ 338931.57, 5642735.332000000402331 ], [ 338926.31, 5642733.298000000417233 ], [ 338926.580000000016298, 5642732.598000000230968 ], [ 338925.065, 5642732.019999999552965 ], [ 338924.329000000027008, 5642733.963000000454485 ], [ 338924.87300000002142, 5642734.168999999761581 ], [ 338924.767999999981839, 5642734.449 ], [ 338922.782, 5642733.679999999701977 ], [ 338920.471000000019558, 5642739.829 ] ] ] ] } },
{ "type": "Feature", "properties": { "fid": 61236.0, "oid": "DENW41AL30008Lp0BL", "aktualit": "2024-08-20", "gebnutzbez": "Gebäude", "funktion": "Gebäude zum Parken", "gfkzshh": "31001_2460", "rellage": null, "name": null, "anzahlgs": null, "gmdschl": "05362032", "lagebeztxt": null, "bld area": 31 }, "geometry": { "type": "MultiPolygon", "coordinates": [ [ [ [ 338938.195, 5642741.352 ], [ 338943.12, 5642743.309000000357628 ], [ 338945.25099999998929, 5642737.963000000454485 ], [ 338940.331, 5642735.994 ], [ 338938.195, 5642741.352 ] ] ] ] } },
{ "type": "Feature", "properties": { "fid": 275830.0, "oid": "DENW41AL30008N8BBL", "aktualit": "2024-08-20", "gebnutzbez": "Gebäude", "funktion": "Wohngebäude", "gfkzshh": "31001_1000", "rellage": null, "name": null, "anzahlgs": null, "gmdschl": "05362032", "lagebeztxt": "Sistenichstraße 1", "bld area": 71 }, "geometry": { "type": "MultiPolygon", "coordinates": [ [ [ [ 338920.082, 5642750.321000000461936 ], [ 338927.229999999981374, 5642753.065999999642372 ], [ 338929.239, 5642747.731999999843538 ], [ 338929.619, 5642746.723000000230968 ], [ 338927.560999999986961, 5642745.946000000461936 ], [ 338928.688000000023749, 5642742.96100000012666 ], [ 338920.471000000019558, 5642739.829 ], [ 338920.408, 5642739.995000000111759 ], [ 338923.625, 5642741.230000000447035 ], [ 338922.566999999980908, 5642743.980000000447035 ], [ 338922.454000000027008, 5642743.935999999754131 ], [ 338922.174, 5642744.685999999754131 ], [ 338921.076, 5642744.276999999769032 ], [ 338920.569000000017695, 5642745.639000000432134 ], [ 338921.668, 5642746.048000000417233 ], [ 338920.082, 5642750.321000000461936 ] ] ] ] } },
{ "type": "Feature", "properties": { "fid": 62037.0, "oid": "DENW41AL30008Mz5BL", "aktualit": "2024-08-20", "gebnutzbez": "Gebäude", "funktion": "Wohngebäude", "gfkzshh": "31001_1000", "rellage": null, "name": null, "anzahlgs": null, "gmdschl": "05362032", "lagebeztxt": null, "bld area": 24 }, "geometry": { "type": "MultiPolygon", "coordinates": [ [ [ [ 338927.560999999986961, 5642745.946000000461936 ], [ 338929.619, 5642746.723000000230968 ], [ 338929.239, 5642747.731999999843538 ], [ 338932.982000000018161, 5642749.142 ], [ 338934.479, 5642745.167999999597669 ], [ 338931.321999999985565, 5642743.963999999687076 ], [ 338928.688000000023749, 5642742.96100000012666 ], [ 338927.560999999986961, 5642745.946000000461936 ] ] ] ] } },
{ "type": "Feature", "properties": { "fid": 158721.0, "oid": "DENW41AL30008KOjBL", "aktualit": "2024-08-20", "gebnutzbez": "Gebäude", "funktion": "Wohngebäude", "gfkzshh": "31001_1000", "rellage": null, "name": null, "anzahlgs": null, "gmdschl": "05362032", "lagebeztxt": "Am Kalkofen 3 a", "bld area": 115 }, "geometry": { "type": "MultiPolygon", "coordinates": [ [ [ [ 338932.473, 5642763.21 ], [ 338942.25, 5642768.739 ], [ 338947.266, 5642759.792999999597669 ], [ 338937.521, 5642754.281999999657273 ], [ 338932.473, 5642763.21 ] ] ] ] } },
{ "type": "Feature", "properties": { "fid": 273264.0, "oid": "DENW41AL30008KFkBL", "aktualit": "2024-08-20", "gebnutzbez": "Gebäude", "funktion": "Wohngebäude", "gfkzshh": "31001_1000", "rellage": null, "name": null, "anzahlgs": null, "gmdschl": "05362032", "lagebeztxt": null, "bld area": 60 }, "geometry": { "type": "MultiPolygon", "coordinates": [ [ [ [ 338927.385, 5642760.308000000193715 ], [ 338932.473, 5642763.21 ], [ 338937.521, 5642754.281999999657273 ], [ 338932.460000000020955, 5642751.421 ], [ 338927.385, 5642760.308000000193715 ] ] ] ] } },
{ "type": "Feature", "properties": { "fid": 159517.0, "oid": "DENW41AL30008LzyBL", "aktualit": "2024-08-20", "gebnutzbez": "Gebäude", "funktion": "Gebäude für Wirtschaft oder Gewerbe", "gfkzshh": "31001_2000", "rellage": null, "name": null, "anzahlgs": null, "gmdschl": "05362032", "lagebeztxt": null, "bld area": 93 }, "geometry": { "type": "MultiPolygon", "coordinates": [ [ [ [ 338991.968999999982771, 5642781.36600000038743 ], [ 339002.916000000026543, 5642782.08600000012666 ], [ 339005.38900000002468, 5642782.25 ], [ 339005.702, 5642778.480000000447035 ], [ 339006.201, 5642778.518000000156462 ], [ 339006.37699999997858, 5642775.997000000439584 ], [ 339005.913999999989755, 5642775.935999999754131 ], [ 338996.259000000020023, 5642774.65500000026077 ], [ 338992.534999999974389, 5642774.159 ], [ 338991.968999999982771, 5642781.36600000038743 ] ] ] ] } },
{ "type": "Feature", "properties": { "fid": 59814.0, "oid": "DENW41AL30008JoaBL", "aktualit": "2024-08-20", "gebnutzbez": "Gebäude", "funktion": "Wohngebäude", "gfkzshh": "31001_1000", "rellage": null, "name": null, "anzahlgs": null, "gmdschl": "05362032", "lagebeztxt": null, "bld area": 50 }, "geometry": { "type": "MultiPolygon", "coordinates": [ [ [ [ 338969.787000000011176, 5642773.303000000305474 ], [ 338974.340000000025611, 5642775.826000000350177 ], [ 338976.544999999983702, 5642777.110999999567866 ], [ 338978.12300000002142, 5642774.224000000394881 ], [ 338975.994, 5642772.987999999895692 ], [ 338978.329000000027008, 5642768.964999999850988 ], [ 338973.689000000013039, 5642766.279 ], [ 338969.903, 5642773.093000000342727 ], [ 338969.787000000011176, 5642773.303000000305474 ] ] ] ] } },
{ "type": "Feature", "properties": { "fid": 61283.0, "oid": "DENW41AL30008LtOBL", "aktualit": "2024-08-20", "gebnutzbez": "Gebäude", "funktion": "Gebäude zur Freizeitgestaltung", "gfkzshh": "31001_1310", "rellage": null, "name": null, "anzahlgs": null, "gmdschl": "05362032", "lagebeztxt": null, "bld area": 11 }, "geometry": { "type": "MultiPolygon", "coordinates": [ [ [ [ 338975.193000000028405, 5642787.468000000342727 ], [ 338977.106000000028871, 5642788.559000000357628 ], [ 338977.466000000014901, 5642787.82799999974668 ], [ 338979.669, 5642783.339999999850988 ], [ 338978.162000000011176, 5642782.600999999791384 ], [ 338975.193000000028405, 5642787.468000000342727 ] ] ] ] } },
{ "type": "Feature", "properties": { "fid": 62813.0, "oid": "DENW41AL30008O5YBL", "aktualit": "2024-08-20", "gebnutzbez": "Gebäude", "funktion": "Wohngebäude", "gfkzshh": "31001_1000", "rellage": null, "name": null, "anzahlgs": null, "gmdschl": "05362032", "lagebeztxt": "Am Kalkofen 1", "bld area": 75 }, "geometry": { "type": "MultiPolygon", "coordinates": [ [ [ [ 338973.689000000013039, 5642766.279 ], [ 338978.329000000027008, 5642768.964999999850988 ], [ 338984.87699999997858, 5642772.74100000038743 ], [ 338988.347, 5642765.682 ], [ 338978.044999999983702, 5642763.439000000245869 ], [ 338975.566, 5642762.898 ], [ 338973.689000000013039, 5642766.279 ] ] ] ] } },
{ "type": "Feature", "properties": { "fid": 159901.0, "oid": "DENW41AL30008MlGBL", "aktualit": "2024-08-20", "gebnutzbez": "Gebäude", "funktion": "Gebäude zum Parken", "gfkzshh": "31001_2460", "rellage": null, "name": null, "anzahlgs": null, "gmdschl": "05362032", "lagebeztxt": null, "bld area": 41 }, "geometry": { "type": "MultiPolygon", "coordinates": [ [ [ [ 338984.599999999976717, 5642773.30599999986589 ], [ 338990.778, 5642774.189000000245869 ], [ 338990.831, 5642773.933000000193715 ], [ 338992.385, 5642766.571000000461936 ], [ 338991.065, 5642766.271999999880791 ], [ 338988.347, 5642765.682 ], [ 338984.87699999997858, 5642772.74100000038743 ], [ 338984.599999999976717, 5642773.30599999986589 ] ] ] ] } },
{ "type": "Feature", "properties": { "fid": 159956.0, "oid": "DENW41AL30008MsmBL", "aktualit": "2024-08-20", "gebnutzbez": "Gebäude", "funktion": "Wohngebäude", "gfkzshh": "31001_1000", "rellage": null, "name": null, "anzahlgs": null, "gmdschl": "05362032", "lagebeztxt": null, "bld area": 48 }, "geometry": { "type": "MultiPolygon", "coordinates": [ [ [ [ 338954.28000000002794, 5642761.803000000305474 ], [ 338957.004000000015367, 5642763.360999999567866 ], [ 338963.007999999972526, 5642766.796 ], [ 338965.482000000018161, 5642762.427000000141561 ], [ 338960.615, 5642759.643000000156462 ], [ 338955.483, 5642758.523 ], [ 338954.28000000002794, 5642761.803000000305474 ] ] ] ] } },
{ "type": "Feature", "properties": { "fid": 160313.0, "oid": "DENW41AL30008Na9BL", "aktualit": "2024-08-20", "gebnutzbez": "Gebäude", "funktion": "Gebäude für Land- und Forstwirtschaft", "gfkzshh": "31001_2700", "rellage": null, "name": null, "anzahlgs": null, "gmdschl": "05362032", "lagebeztxt": null, "bld area": 27 }, "geometry": { "type": "MultiPolygon", "coordinates": [ [ [ [ 338966.24800000002142, 5642764.103000000119209 ], [ 338973.689000000013039, 5642766.279 ], [ 338975.566, 5642762.898 ], [ 338967.87699999997858, 5642761.225999999791384 ], [ 338966.24800000002142, 5642764.103000000119209 ] ] ] ] } },
{ "type": "Feature", "properties": { "fid": 272388.0, "oid": "DENW41AL30008JGXBL", "aktualit": "2024-08-20", "gebnutzbez": "Gebäude", "funktion": "Wohngebäude", "gfkzshh": "31001_1000", "rellage": null, "name": null, "anzahlgs": null, "gmdschl": "05362032", "lagebeztxt": "Am Kalkofen 3", "bld area": 84 }, "geometry": { "type": "MultiPolygon", "coordinates": [ [ [ [ 338958.408999999985099, 5642777.92200000025332 ], [ 338965.10999999998603, 5642781.723000000230968 ], [ 338967.950000000011642, 5642776.609000000171363 ], [ 338969.787000000011176, 5642773.303000000305474 ], [ 338969.903, 5642773.093000000342727 ], [ 338966.835000000020955, 5642771.389000000432134 ], [ 338967.859, 5642769.563 ], [ 338964.299999999988358, 5642767.536000000312924 ], [ 338960.643999999971129, 5642773.985000000335276 ], [ 338958.408999999985099, 5642777.92200000025332 ] ] ] ] } },
{ "type": "Feature", "properties": { "fid": 273436.0, "oid": "DENW41AL30008KS7BL", "aktualit": "2024-08-20", "gebnutzbez": "Gebäude", "funktion": "Gebäude zur Freizeitgestaltung", "gfkzshh": "31001_1310", "rellage": null, "name": null, "anzahlgs": null, "gmdschl": "05362032", "lagebeztxt": null, "bld area": 37 }, "geometry": { "type": "MultiPolygon", "coordinates": [ [ [ [ 338965.10999999998603, 5642781.723000000230968 ], [ 338971.631, 5642785.438 ], [ 338971.669999999983702, 5642785.36600000038743 ], [ 338973.011, 5642782.95299999974668 ], [ 338970.835000000020955, 5642781.713000000454485 ], [ 338972.423, 5642779.093999999575317 ], [ 338967.950000000011642, 5642776.609000000171363 ], [ 338965.10999999998603, 5642781.723000000230968 ] ] ] ] } },
{ "type": "Feature", "properties": { "fid": 59725.0, "oid": "DENW41AL30008JheBL", "aktualit": "2024-08-20", "gebnutzbez": "Gebäude", "funktion": "Gebäude für Wirtschaft oder Gewerbe", "gfkzshh": "31001_2000", "rellage": null, "name": null, "anzahlgs": null, "gmdschl": "05362032", "lagebeztxt": null, "bld area": 7 }, "geometry": { "type": "MultiPolygon", "coordinates": [ [ [ [ 339005.13, 5642785.343999999575317 ], [ 339005.384000000020023, 5642782.298999999649823 ], [ 339002.912000000011176, 5642782.127999999560416 ], [ 339002.729, 5642785.143000000156462 ], [ 339005.13, 5642785.343999999575317 ] ] ] ] } },
{ "type": "Feature", "properties": { "fid": 60231.0, "oid": "DENW41AL30008KOFBL", "aktualit": "2024-08-20", "gebnutzbez": "Gebäude", "funktion": "Gebäude für Wirtschaft oder Gewerbe", "gfkzshh": "31001_2000", "rellage": null, "name": null, "anzahlgs": null, "gmdschl": "05362032", "lagebeztxt": null, "bld area": 121 }, "geometry": { "type": "MultiPolygon", "coordinates": [ [ [ [ 338996.259000000020023, 5642774.65500000026077 ], [ 339005.913999999989755, 5642775.935999999754131 ], [ 339006.37699999997858, 5642775.997000000439584 ], [ 339016.662000000011176, 5642777.364 ], [ 339017.011, 5642775.604000000283122 ], [ 339015.303000000014435, 5642775.261 ], [ 339016.006999999983236, 5642771.733 ], [ 339012.238000000012107, 5642770.906999999657273 ], [ 339011.918, 5642770.837000000290573 ], [ 339006.413, 5642769.634999999776483 ], [ 338997.705000000016298, 5642767.730000000447035 ], [ 338996.259000000020023, 5642774.65500000026077 ] ] ] ] } },
{ "type": "Feature", "properties": { "fid": 60448.0, "oid": "DENW41AL30008Kh9BL", "aktualit": "2024-08-20", "gebnutzbez": "Gebäude", "funktion": "Gemischt genutztes Gebäude mit Wohnen", "gfkzshh": "31001_1100", "rellage": null, "name": null, "anzahlgs": null, "gmdschl": "05362032", "lagebeztxt": "Hauptstraße 158", "bld area": 123 }, "geometry": { "type": "MultiPolygon", "coordinates": [ [ [ [ 339005.061999999976251, 5642786.156999999657273 ], [ 339012.466000000014901, 5642786.617999999783933 ], [ 339011.01400000002468, 5642791.24100000038743 ], [ 339023.647, 5642792.462000000290573 ], [ 339025.555999999982305, 5642786.650999999605119 ], [ 339013.326, 5642782.769000000320375 ], [ 339005.38900000002468, 5642782.25 ], [ 339005.384000000020023, 5642782.298999999649823 ], [ 339005.13, 5642785.343999999575317 ], [ 339005.061999999976251, 5642786.156999999657273 ] ] ] ] } },
{ "type": "Feature", "properties": { "fid": 160437.0, "oid": "DENW41AL30008NpJBL", "aktualit": "2024-08-20", "gebnutzbez": "Gebäude", "funktion": "Gemischt genutztes Gebäude mit Wohnen", "gfkzshh": "31001_1100", "rellage": null, "name": null, "anzahlgs": null, "gmdschl": "05362032", "lagebeztxt": "Hauptstraße 164", "bld area": 109 }, "geometry": { "type": "MultiPolygon", "coordinates": [ [ [ [ 339016.824000000022352, 5642771.906000000424683 ], [ 339029.028, 5642774.574 ], [ 339030.960000000020955, 5642765.450000000186265 ], [ 339022.038999999989755, 5642763.593999999575317 ], [ 339020.822999999974854, 5642763.324 ], [ 339020.590000000025611, 5642764.480000000447035 ], [ 339021.835000000020955, 5642764.781000000424683 ], [ 339021.650000000023283, 5642765.654 ], [ 339018.481000000028871, 5642764.979000000283122 ], [ 339018.099999999976717, 5642766.575000000186265 ], [ 339016.824000000022352, 5642771.906000000424683 ] ] ] ] } },
{ "type": "Feature", "properties": { "fid": 160549.0, "oid": "DENW41AL30008O4XBL", "aktualit": "2024-08-20", "gebnutzbez": "Gebäude", "funktion": "Gebäude für Wirtschaft oder Gewerbe", "gfkzshh": "31001_2000", "rellage": null, "name": null, "anzahlgs": null, "gmdschl": "05362032", "lagebeztxt": null, "bld area": 2 }, "geometry": { "type": "MultiPolygon", "coordinates": [ [ [ [ 339013.21999999997206, 5642765.531999999657273 ], [ 339011.870979582250584, 5642765.24347582552582 ], [ 339011.669, 5642766.168999999761581 ], [ 339012.865, 5642766.468000000342727 ], [ 339011.918, 5642770.837000000290573 ], [ 339012.238000000012107, 5642770.906999999657273 ], [ 339013.21999999997206, 5642765.531999999657273 ] ] ] ] } },
{ "type": "Feature", "properties": { "fid": 272678.0, "oid": "DENW41AL30008JbNBL", "aktualit": "2024-08-20", "gebnutzbez": "Gebäude", "funktion": "Gebäude für Wirtschaft oder Gewerbe", "gfkzshh": "31001_2000", "rellage": null, "name": null, "anzahlgs": null, "gmdschl": "05362032", "lagebeztxt": null, "bld area": 27 }, "geometry": { "type": "MultiPolygon", "coordinates": [ [ [ [ 339012.238000000012107, 5642770.906999999657273 ], [ 339016.006999999983236, 5642771.733 ], [ 339016.824000000022352, 5642771.906000000424683 ], [ 339018.099999999976717, 5642766.575000000186265 ], [ 339013.21999999997206, 5642765.531999999657273 ], [ 339012.238000000012107, 5642770.906999999657273 ] ] ] ] } },
{ "type": "Feature", "properties": { "fid": 274019.0, "oid": "DENW41AL30008L6JBL", "aktualit": "2024-08-20", "gebnutzbez": "Gebäude", "funktion": "Gemischt genutztes Gebäude mit Wohnen", "gfkzshh": "31001_1100", "rellage": null, "name": null, "anzahlgs": null, "gmdschl": "05362032", "lagebeztxt": "Hauptstraße 162", "bld area": 73 }, "geometry": { "type": "MultiPolygon", "coordinates": [ [ [ [ 339015.303000000014435, 5642775.261 ], [ 339017.011, 5642775.604000000283122 ], [ 339016.662000000011176, 5642777.364 ], [ 339018.381, 5642777.592000000178814 ], [ 339027.504000000015367, 5642780.725999999791384 ], [ 339029.531000000017229, 5642774.683000000193715 ], [ 339029.028, 5642774.574 ], [ 339016.824000000022352, 5642771.906000000424683 ], [ 339016.006999999983236, 5642771.733 ], [ 339015.303000000014435, 5642775.261 ] ] ] ] } },
{ "type": "Feature", "properties": { "fid": 274753.0, "oid": "DENW41AL30008LvWBL", "aktualit": "2024-08-20", "gebnutzbez": "Gebäude", "funktion": "Gebäude für Wirtschaft oder Gewerbe", "gfkzshh": "31001_2000", "rellage": null, "name": null, "anzahlgs": null, "gmdschl": "05362032", "lagebeztxt": null, "bld area": 10 }, "geometry": { "type": "MultiPolygon", "coordinates": [ [ [ [ 339011.870979582250584, 5642765.24347582552582 ], [ 339013.21999999997206, 5642765.531999999657273 ], [ 339018.099999999976717, 5642766.575000000186265 ], [ 339018.481000000028871, 5642764.979000000283122 ], [ 339012.219949978927616, 5642763.644400638528168 ], [ 339011.870979582250584, 5642765.24347582552582 ] ] ] ] } },
{ "type": "Feature", "properties": { "fid": 275640.0, "oid": "DENW41AL30008MvFBL", "aktualit": "2024-08-20", "gebnutzbez": "Gebäude", "funktion": "Gemischt genutztes Gebäude mit Wohnen", "gfkzshh": "31001_1100", "rellage": null, "name": null, "anzahlgs": null, "gmdschl": "05362032", "lagebeztxt": "Hauptstraße 160", "bld area": 132 }, "geometry": { "type": "MultiPolygon", "coordinates": [ [ [ [ 339005.38900000002468, 5642782.25 ], [ 339013.326, 5642782.769000000320375 ], [ 339025.555999999982305, 5642786.650999999605119 ], [ 339027.504000000015367, 5642780.725999999791384 ], [ 339018.381, 5642777.592000000178814 ], [ 339016.662000000011176, 5642777.364 ], [ 339006.37699999997858, 5642775.997000000439584 ], [ 339006.201, 5642778.518000000156462 ], [ 339005.702, 5642778.480000000447035 ], [ 339005.38900000002468, 5642782.25 ] ] ] ] } },
{ "type": "Feature", "properties": { "fid": 59408.0, "oid": "DENW41AL30008JGABL", "aktualit": "2024-08-20", "gebnutzbez": "Gebäude", "funktion": "Gebäude für Wirtschaft oder Gewerbe", "gfkzshh": "31001_2000", "rellage": null, "name": null, "anzahlgs": null, "gmdschl": "05362032", "lagebeztxt": "Sistenichstraße 59", "bld area": 90 }, "geometry": { "type": "MultiPolygon", "coordinates": [ [ [ [ 338986.608, 5642425.21 ], [ 338997.074000000022352, 5642425.75800000037998 ], [ 338998.321999999985565, 5642425.822999999858439 ], [ 339000.86099999997532, 5642425.957000000402331 ], [ 339001.216000000014901, 5642419.66399999987334 ], [ 338986.853, 5642418.90500000026077 ], [ 338986.608, 5642425.21 ] ] ] ] } },
{ "type": "Feature", "properties": { "fid": 59972.0, "oid": "DENW41AL30008K19BL", "aktualit": "2024-08-20", "gebnutzbez": "Gebäude", "funktion": "Wohngebäude", "gfkzshh": "31001_1000", "rellage": null, "name": null, "anzahlgs": null, "gmdschl": "05362032", "lagebeztxt": "Sistenichstraße 57", "bld area": 179 }, "geometry": { "type": "MultiPolygon", "coordinates": [ [ [ [ 338985.793, 5642438.28899999987334 ], [ 339000.147, 5642439.054999999701977 ], [ 339000.169999999983702, 5642438.612999999895692 ], [ 339000.865999999979977, 5642438.650000000372529 ], [ 339001.050999999977648, 5642434.83 ], [ 339000.37300000002142, 5642434.791000000201166 ], [ 339000.61099999997532, 5642430.291000000201166 ], [ 338998.104, 5642430.173999999649823 ], [ 338998.321999999985565, 5642425.822999999858439 ], [ 338997.074000000022352, 5642425.75800000037998 ], [ 338986.608, 5642425.21 ], [ 338985.793, 5642438.28899999987334 ] ] ] ] } },
{ "type": "Feature", "properties": { "fid": 158552.0, "oid": "DENW41AL30008K3DBL", "aktualit": "2024-08-20", "gebnutzbez": "Gebäude", "funktion": "Wohngebäude", "gfkzshh": "31001_1000", "rellage": null, "name": null, "anzahlgs": null, "gmdschl": "05362032", "lagebeztxt": "Sistenichstraße 61", "bld area": 121 }, "geometry": { "type": "MultiPolygon", "coordinates": [ [ [ [ 338987.613000000012107, 5642403.06900000013411 ], [ 338987.098, 5642413.285000000149012 ], [ 338990.468999999982771, 5642413.392 ], [ 338990.458999999973457, 5642413.791000000201166 ], [ 338998.864, 5642414.007000000216067 ], [ 338998.875, 5642413.747000000439584 ], [ 338998.884000000020023, 5642413.557 ], [ 338999.074000000022352, 5642413.562 ], [ 338999.457999999984168, 5642404.88300000037998 ], [ 338996.268999999971129, 5642404.775999999605119 ], [ 338996.332999999984168, 5642403.216 ], [ 338992.400882389396429, 5642403.111036788672209 ], [ 338987.613000000012107, 5642403.06900000013411 ] ] ] ] } },
{ "type": "Feature", "properties": { "fid": 160789.0, "oid": "DENW41AL30008OWtBL", "aktualit": "2024-08-20", "gebnutzbez": "Gebäude", "funktion": "Gebäude für Wirtschaft oder Gewerbe", "gfkzshh": "31001_2000", "rellage": null, "name": null, "anzahlgs": null, "gmdschl": "05362032", "lagebeztxt": null, "bld area": 80 }, "geometry": { "type": "MultiPolygon", "coordinates": [ [ [ [ 338986.976737072924152, 5642415.518225775100291 ], [ 338986.853, 5642418.90500000026077 ], [ 339001.216000000014901, 5642419.66399999987334 ], [ 339001.542000000015832, 5642413.873999999836087 ], [ 338998.875, 5642413.747000000439584 ], [ 338998.864, 5642414.007000000216067 ], [ 338990.458999999973457, 5642413.791000000201166 ], [ 338990.468999999982771, 5642413.392 ], [ 338987.098, 5642413.285000000149012 ], [ 338986.976737072924152, 5642415.518225775100291 ] ] ] ] } },
{ "type": "Feature", "properties": { "fid": 60582.0, "oid": "DENW41AL30008KsyBL", "aktualit": "2024-08-20", "gebnutzbez": "Gebäude", "funktion": "Gebäude zum Parken", "gfkzshh": "31001_2460", "rellage": null, "name": null, "anzahlgs": null, "gmdschl": "05362032", "lagebeztxt": null, "bld area": 34 }, "geometry": { "type": "MultiPolygon", "coordinates": [ [ [ [ 338815.208999999973457, 5642218.735999999567866 ], [ 338818.223, 5642219.082999999634922 ], [ 338819.424999999988358, 5642208.695000000298023 ], [ 338816.058000000019092, 5642208.304999999701977 ], [ 338815.208999999973457, 5642218.735999999567866 ] ] ] ] } },
{ "type": "Feature", "properties": { "fid": 61345.0, "oid": "DENW41AL30008LylBL", "aktualit": "2024-08-20", "gebnutzbez": "Gebäude", "funktion": "Gebäude zum Parken", "gfkzshh": "31001_2460", "rellage": null, "name": null, "anzahlgs": null, "gmdschl": "05362032", "lagebeztxt": null, "bld area": 27 }, "geometry": { "type": "MultiPolygon", "coordinates": [ [ [ [ 338789.321, 5642214.441999999806285 ], [ 338792.316999999980908, 5642214.764000000432134 ], [ 338793.275000000023283, 5642205.801 ], [ 338790.282, 5642205.485000000335276 ], [ 338789.321, 5642214.441999999806285 ] ] ] ] } },
{ "type": "Feature", "properties": { "fid": 62500.0, "oid": "DENW41AL30008NdgBL", "aktualit": "2024-08-20", "gebnutzbez": "Gebäude", "funktion": "Gebäude zum Parken", "gfkzshh": "31001_2460", "rellage": null, "name": null, "anzahlgs": null, "gmdschl": "05362032", "lagebeztxt": null, "bld area": 27 }, "geometry": { "type": "MultiPolygon", "coordinates": [ [ [ [ 338811.841000000014901, 5642212.802000000141561 ], [ 338815.419999999983702, 5642213.212000000290573 ], [ 338816.261999999987893, 5642205.762000000104308 ], [ 338812.699000000022352, 5642205.399000000208616 ], [ 338811.841000000014901, 5642212.802000000141561 ] ] ] ] } },
{ "type": "Feature", "properties": { "fid": 272441.0, "oid": "DENW41AL30008JJvBL", "aktualit": "2024-08-20", "gebnutzbez": "Gebäude", "funktion": "Wohngebäude", "gfkzshh": "31001_1000", "rellage": null, "name": null, "anzahlgs": null, "gmdschl": "05362032", "lagebeztxt": "Heinrich-Heine-Straße 7", "bld area": 87 }, "geometry": { "type": "MultiPolygon", "coordinates": [ [ [ [ 338798.608, 5642216.046 ], [ 338809.466000000014901, 5642217.254999999888241 ], [ 338810.37599999998929, 5642209.120000000111759 ], [ 338810.006999999983236, 5642209.08 ], [ 338809.982000000018161, 5642209.312 ], [ 338799.859, 5642208.218999999575317 ], [ 338799.885, 5642207.978000000119209 ], [ 338799.511, 5642207.935999999754131 ], [ 338798.608, 5642216.046 ] ] ] ] } },
{ "type": "Feature", "properties": { "fid": 61382.0, "oid": "DENW41AL30008M2XBL", "aktualit": "2024-08-20", "gebnutzbez": "Gebäude", "funktion": "Wohngebäude", "gfkzshh": "31001_1000", "rellage": null, "name": null, "anzahlgs": null, "gmdschl": "05362032", "lagebeztxt": "Heinrich-Heine-Straße 5", "bld area": 95 }, "geometry": { "type": "MultiPolygon", "coordinates": [ [ [ [ 338827.202999999979511, 5642221.060999999754131 ], [ 338835.488000000012107, 5642222.025000000372529 ], [ 338836.810999999986961, 5642210.712000000290573 ], [ 338828.511999999987893, 5642209.747999999672174 ], [ 338827.202999999979511, 5642221.060999999754131 ] ] ] ] } },
{ "type": "Feature", "properties": { "fid": 159961.0, "oid": "DENW41AL30008MtNBL", "aktualit": "2024-08-20", "gebnutzbez": "Gebäude", "funktion": "Gebäude zum Parken", "gfkzshh": "31001_2460", "rellage": null, "name": null, "anzahlgs": null, "gmdschl": "05362032", "lagebeztxt": null, "bld area": 21 }, "geometry": { "type": "MultiPolygon", "coordinates": [ [ [ [ 338838.73599999997532, 5642219.446000000461936 ], [ 338841.951, 5642219.792999999597669 ], [ 338842.146, 5642219.813 ], [ 338842.772999999986496, 5642213.849000000394881 ], [ 338839.37599999998929, 5642213.486999999731779 ], [ 338838.73599999997532, 5642219.446000000461936 ] ] ] ] } },
{ "type": "Feature", "properties": { "fid": 272529.0, "oid": "DENW41AL30008JQgBL", "aktualit": "2024-08-20", "gebnutzbez": "Gebäude", "funktion": "Gebäude zum Parken", "gfkzshh": "31001_2460", "rellage": null, "name": null, "anzahlgs": null, "gmdschl": "05362032", "lagebeztxt": null, "bld area": 16 }, "geometry": { "type": "MultiPolygon", "coordinates": [ [ [ [ 338825.657, 5642208.178999999538064 ], [ 338828.87, 5642208.537999999709427 ], [ 338829.435999999986961, 5642203.519999999552965 ], [ 338826.218, 5642203.159 ], [ 338825.657, 5642208.178999999538064 ] ] ] ] } },
{ "type": "Feature", "properties": { "fid": 272905.0, "oid": "DENW41AL30008JqZBL", "aktualit": "2024-08-20", "gebnutzbez": "Gebäude", "funktion": "Wohngebäude", "gfkzshh": "31001_1000", "rellage": null, "name": null, "anzahlgs": null, "gmdschl": "05362032", "lagebeztxt": "Heinrich-Heine-Straße 5 a", "bld area": 104 }, "geometry": { "type": "MultiPolygon", "coordinates": [ [ [ [ 338818.115999999979977, 5642220.009999999776483 ], [ 338827.202999999979511, 5642221.060999999754131 ], [ 338828.511999999987893, 5642209.747999999672174 ], [ 338819.424999999988358, 5642208.695000000298023 ], [ 338818.223, 5642219.082999999634922 ], [ 338818.115999999979977, 5642220.009999999776483 ] ] ] ] } },
{ "type": "Feature", "properties": { "fid": 62557.0, "oid": "DENW41AL30008NixBL", "aktualit": "2024-08-20", "gebnutzbez": "Gebäude", "funktion": "Wohngebäude", "gfkzshh": "31001_1000", "rellage": null, "name": null, "anzahlgs": null, "gmdschl": "05362032", "lagebeztxt": "Merodestraße 30", "bld area": 63 }, "geometry": { "type": "MultiPolygon", "coordinates": [ [ [ [ 338815.25, 5642156.92 ], [ 338821.988000000012107, 5642157.79 ], [ 338823.393999999971129, 5642148.724999999627471 ], [ 338816.642, 5642147.792000000365078 ], [ 338815.25, 5642156.92 ] ] ] ] } },
{ "type": "Feature", "properties": { "fid": 159678.0, "oid": "DENW41AL30008MKcBL", "aktualit": "2024-08-20", "gebnutzbez": "Gebäude", "funktion": "Wohngebäude", "gfkzshh": "31001_1000", "rellage": null, "name": null, "anzahlgs": null, "gmdschl": "05362032", "lagebeztxt": "Merodestraße 32", "bld area": 60 }, "geometry": { "type": "MultiPolygon", "coordinates": [ [ [ [ 338802.39000000001397, 5642153.971 ], [ 338809.577, 5642155.024000000208616 ], [ 338810.738000000012107, 5642146.865000000223517 ], [ 338803.473999999987427, 5642145.773 ], [ 338803.060999999986961, 5642148.894000000320375 ], [ 338802.39000000001397, 5642153.971 ] ] ] ] } },
{ "type": "Feature", "properties": { "fid": 160675.0, "oid": "DENW41AL30008OIeBL", "aktualit": "2024-08-20", "gebnutzbez": "Gebäude", "funktion": "Gebäude für Wirtschaft oder Gewerbe", "gfkzshh": "31001_2000", "rellage": null, "name": null, "anzahlgs": null, "gmdschl": "05362032", "lagebeztxt": null, "bld area": 29 }, "geometry": { "type": "MultiPolygon", "coordinates": [ [ [ [ 338820.517999999981839, 5642167.269999999552965 ], [ 338823.935999999986961, 5642167.798999999649823 ], [ 338825.021, 5642160.803000000305474 ], [ 338823.238000000012107, 5642160.526999999769032 ], [ 338823.63, 5642158.002999999560416 ], [ 338821.988000000012107, 5642157.79 ], [ 338820.517999999981839, 5642167.269999999552965 ] ] ] ] } },
{ "type": "Feature", "properties": { "fid": 272800.0, "oid": "DENW41AL30008JjZBL", "aktualit": "2024-08-20", "gebnutzbez": "Gebäude", "funktion": "Wohngebäude", "gfkzshh": "31001_1000", "rellage": null, "name": null, "anzahlgs": null, "gmdschl": "05362032", "lagebeztxt": "Merodestraße 28", "bld area": 62 }, "geometry": { "type": "MultiPolygon", "coordinates": [ [ [ [ 338821.988000000012107, 5642157.79 ], [ 338823.63, 5642158.002999999560416 ], [ 338828.706, 5642158.657999999821186 ], [ 338830.085000000020955, 5642149.646999999880791 ], [ 338823.393999999971129, 5642148.724999999627471 ], [ 338821.988000000012107, 5642157.79 ] ] ] ] } },
{ "type": "Feature", "properties": { "fid": 275789.0, "oid": "DENW41AL30008N5YBL", "aktualit": "2024-08-20", "gebnutzbez": "Gebäude", "funktion": "Gebäude für Land- und Forstwirtschaft", "gfkzshh": "31001_2700", "rellage": null, "name": null, "anzahlgs": null, "gmdschl": "05362032", "lagebeztxt": null, "bld area": 21 }, "geometry": { "type": "MultiPolygon", "coordinates": [ [ [ [ 338832.093, 5642171.200000000186265 ], [ 338835.503000000026077, 5642171.638000000268221 ], [ 338836.289999999979045, 5642165.739 ], [ 338832.853, 5642165.29 ], [ 338832.093, 5642171.200000000186265 ] ] ] ] } },
{ "type": "Feature", "properties": { "fid": 59279.0, "oid": "DENW41AL2t00007fBL", "aktualit": "2024-08-20", "gebnutzbez": "Gebäude", "funktion": "Gebäude zum Parken", "gfkzshh": "31001_2460", "rellage": null, "name": null, "anzahlgs": null, "gmdschl": "05362032", "lagebeztxt": null, "bld area": 19 }, "geometry": { "type": "MultiPolygon", "coordinates": [ [ [ [ 338845.21999999997206, 5642158.492999999783933 ], [ 338848.202, 5642158.822999999858439 ], [ 338848.903999999980442, 5642152.474999999627471 ], [ 338845.922000000020489, 5642152.144999999552965 ], [ 338845.908999999985099, 5642152.265999999828637 ], [ 338845.21999999997206, 5642158.492999999783933 ] ] ] ] } },
{ "type": "Feature", "properties": { "fid": 59280.0, "oid": "DENW41AL2t00007lBL", "aktualit": "2024-08-20", "gebnutzbez": "Gebäude", "funktion": "Gebäude zum Parken", "gfkzshh": "31001_2460", "rellage": null, "name": null, "anzahlgs": null, "gmdschl": "05362032", "lagebeztxt": null, "bld area": 22 }, "geometry": { "type": "MultiPolygon", "coordinates": [ [ [ [ 338842.326, 5642160.389000000432134 ], [ 338844.96999999997206, 5642160.752000000327826 ], [ 338845.21999999997206, 5642158.492999999783933 ], [ 338845.908999999985099, 5642152.265999999828637 ], [ 338843.452, 5642151.994 ], [ 338842.326, 5642160.389000000432134 ] ] ] ] } },
{ "type": "Feature", "properties": { "fid": 61352.0, "oid": "DENW41AL30008LzKBL", "aktualit": "2024-08-20", "gebnutzbez": "Gebäude", "funktion": "Wohngebäude", "gfkzshh": "31001_1000", "rellage": null, "name": null, "anzahlgs": null, "gmdschl": "05362032", "lagebeztxt": "Merodestraße 26", "bld area": 78 }, "geometry": { "type": "MultiPolygon", "coordinates": [ [ [ [ 338833.560999999986961, 5642159.187 ], [ 338842.326, 5642160.389000000432134 ], [ 338843.452, 5642151.994 ], [ 338843.495999999984633, 5642151.667999999597669 ], [ 338834.76500000001397, 5642150.400999999605119 ], [ 338833.560999999986961, 5642159.187 ] ] ] ] } },
{ "type": "Feature", "properties": { "fid": 62466.0, "oid": "DENW41AL30008Nb0BL", "aktualit": "2024-08-20", "gebnutzbez": "Gebäude", "funktion": "Gemischt genutztes Gebäude mit Wohnen", "gfkzshh": "31001_1100", "rellage": null, "name": null, "anzahlgs": null, "gmdschl": "05362032", "lagebeztxt": "Bahnhofstraße 6", "bld area": 129 }, "geometry": { "type": "MultiPolygon", "coordinates": [ [ [ [ 339049.811999999976251, 5642829.507000000216067 ], [ 339055.731000000028871, 5642833.051 ], [ 339061.460000000020955, 5642823.673999999649823 ], [ 339059.042000000015832, 5642822.225999999791384 ], [ 339059.914999999979045, 5642820.911000000312924 ], [ 339060.267, 5642820.855999999679625 ], [ 339065.621999999973923, 5642812.201000000350177 ], [ 339061.755, 5642809.849999999627471 ], [ 339059.612000000022817, 5642813.378999999724329 ], [ 339055.61099999997532, 5642819.966 ], [ 339049.811999999976251, 5642829.507000000216067 ] ] ] ] } },
{ "type": "Feature", "properties": { "fid": 63393.0, "oid": "DENW41AL30008OtcBL", "aktualit": "2024-08-20", "gebnutzbez": "Gebäude", "funktion": "Gemischt genutztes Gebäude mit Wohnen", "gfkzshh": "31001_1100", "rellage": null, "name": null, "anzahlgs": null, "gmdschl": "05362032", "lagebeztxt": "Hauptstraße 157", "bld area": 75 }, "geometry": { "type": "MultiPolygon", "coordinates": [ [ [ [ 339039.957999999984168, 5642806.748999999836087 ], [ 339049.441, 5642809.946999999694526 ], [ 339051.805, 5642802.751000000163913 ], [ 339042.327999999979511, 5642799.63399999961257 ], [ 339039.957999999984168, 5642806.748999999836087 ] ] ] ] } },
{ "type": "Feature", "properties": { "fid": 160051.0, "oid": "DENW41AL30008N3dBL", "aktualit": "2024-08-20", "gebnutzbez": "Gebäude", "funktion": "Gemischt genutztes Gebäude mit Wohnen", "gfkzshh": "31001_1100", "rellage": null, "name": null, "anzahlgs": null, "gmdschl": "05362032", "lagebeztxt": "Bahnhofstraße 2", "bld area": 152 }, "geometry": { "type": "MultiPolygon", "coordinates": [ [ [ [ 339037.74, 5642813.83600000012666 ], [ 339037.76500000001397, 5642817.377000000327826 ], [ 339038.862000000022817, 5642820.747000000439584 ], [ 339040.857000000018161, 5642823.612999999895692 ], [ 339043.854, 5642825.945000000298023 ], [ 339049.267, 5642817.082000000402331 ], [ 339048.261, 5642816.468000000342727 ], [ 339048.402, 5642816.231999999843538 ], [ 339048.496999999973923, 5642815.974999999627471 ], [ 339048.543, 5642815.704 ], [ 339048.537000000011176, 5642815.428999999538064 ], [ 339048.481000000028871, 5642815.161000000312924 ], [ 339048.37599999998929, 5642814.906999999657273 ], [ 339048.226000000024214, 5642814.678000000305474 ], [ 339048.036000000021886, 5642814.480000000447035 ], [ 339049.441, 5642809.946999999694526 ], [ 339039.957999999984168, 5642806.748999999836087 ], [ 339038.753000000026077, 5642810.49199999962002 ], [ 339037.74, 5642813.83600000012666 ] ] ] ] } },
{ "type": "Feature", "properties": { "fid": 273372.0, "oid": "DENW41AL30008KNCBL", "aktualit": "2024-08-20", "gebnutzbez": "Gebäude", "funktion": "Gemischt genutztes Gebäude mit Wohnen", "gfkzshh": "31001_1100", "rellage": null, "name": null, "anzahlgs": null, "gmdschl": "05362032", "lagebeztxt": "Bahnhofstraße 4", "bld area": 77 }, "geometry": { "type": "MultiPolygon", "coordinates": [ [ [ [ 339043.854, 5642825.945000000298023 ], [ 339049.811999999976251, 5642829.507000000216067 ], [ 339055.61099999997532, 5642819.966 ], [ 339049.679, 5642816.407999999821186 ], [ 339049.267, 5642817.082000000402331 ], [ 339043.854, 5642825.945000000298023 ] ] ] ] } },
{ "type": "Feature", "properties": { "fid": 59748.0, "oid": "DENW41AL30008JjFBL", "aktualit": "2024-08-20", "gebnutzbez": "Gebäude", "funktion": "Gebäude für Wirtschaft oder Gewerbe", "gfkzshh": "31001_2000", "rellage": null, "name": null, "anzahlgs": null, "gmdschl": "05362032", "lagebeztxt": null, "bld area": 20 }, "geometry": { "type": "MultiPolygon", "coordinates": [ [ [ [ 339061.755, 5642809.849999999627471 ], [ 339065.621999999973923, 5642812.201000000350177 ], [ 339067.909999999974389, 5642808.502000000327826 ], [ 339067.210000000020955, 5642808.079 ], [ 339064.00199999997858, 5642806.151999999769032 ], [ 339063.691999999980908, 5642806.666000000201166 ], [ 339061.755, 5642809.849999999627471 ] ] ] ] } },
{ "type": "Feature", "properties": { "fid": 59956.0, "oid": "DENW41AL30008JzwBL", "aktualit": "2024-08-20", "gebnutzbez": "Gebäude", "funktion": "Gemischt genutztes Gebäude mit Wohnen", "gfkzshh": "31001_1100", "rellage": null, "name": null, "anzahlgs": null, "gmdschl": "05362032", "lagebeztxt": "Hauptstraße 159", "bld area": 115 }, "geometry": { "type": "MultiPolygon", "coordinates": [ [ [ [ 339042.327999999979511, 5642799.63399999961257 ], [ 339051.805, 5642802.751000000163913 ], [ 339052.99900000001071, 5642803.149000000208616 ], [ 339053.800999999977648, 5642800.713000000454485 ], [ 339056.177000000025146, 5642793.424999999813735 ], [ 339045.533999999985099, 5642789.963000000454485 ], [ 339042.327999999979511, 5642799.63399999961257 ] ] ] ] } },
{ "type": "Feature", "properties": { "fid": 60771.0, "oid": "DENW41AL30008L9vBL", "aktualit": "2024-08-20", "gebnutzbez": "Gebäude", "funktion": "Gebäude für Wirtschaft oder Gewerbe", "gfkzshh": "31001_2000", "rellage": null, "name": null, "anzahlgs": null, "gmdschl": "05362032", "lagebeztxt": null, "bld area": 64 }, "geometry": { "type": "MultiPolygon", "coordinates": [ [ [ [ 339052.99900000001071, 5642803.149000000208616 ], [ 339063.691999999980908, 5642806.666000000201166 ], [ 339064.00199999997858, 5642806.151999999769032 ], [ 339067.210000000020955, 5642808.079 ], [ 339068.756999999983236, 5642803.316999999806285 ], [ 339065.333999999973457, 5642802.201999999582767 ], [ 339065.09499999997206, 5642802.125 ], [ 339064.907, 5642802.716 ], [ 339062.858, 5642802.065000000409782 ], [ 339063.056999999971595, 5642801.446000000461936 ], [ 339057.496999999973923, 5642799.627000000327826 ], [ 339055.772999999986496, 5642801.105000000447035 ], [ 339055.700000000011642, 5642801.332999999634922 ], [ 339053.800999999977648, 5642800.713000000454485 ], [ 339052.99900000001071, 5642803.149000000208616 ] ] ] ] } },
{ "type": "Feature", "properties": { "fid": 159464.0, "oid": "DENW41AL30008LtvBL", "aktualit": "2024-08-20", "gebnutzbez": "Gebäude", "funktion": "Gemischt genutztes Gebäude mit Wohnen", "gfkzshh": "31001_1100", "rellage": null, "name": null, "anzahlgs": null, "gmdschl": "05362032", "lagebeztxt": "Bahnhofstraße 8", "bld area": 123 }, "geometry": { "type": "MultiPolygon", "coordinates": [ [ [ [ 339055.731000000028871, 5642833.051 ], [ 339061.454000000027008, 5642836.474999999627471 ], [ 339073.299999999988358, 5642816.785000000149012 ], [ 339069.606000000028871, 5642814.67 ], [ 339064.346000000019558, 5642823.348000000230968 ], [ 339064.50099999998929, 5642823.748999999836087 ], [ 339063.726000000024214, 5642825.029 ], [ 339063.435, 5642824.854000000283122 ], [ 339061.460000000020955, 5642823.673999999649823 ], [ 339055.731000000028871, 5642833.051 ] ] ] ] } },
{ "type": "Feature", "properties": { "fid": 159158.0, "oid": "DENW41AL30008LFjBL", "aktualit": "2024-08-20", "gebnutzbez": "Gebäude", "funktion": "Gebäude für Land- und Forstwirtschaft", "gfkzshh": "31001_2700", "rellage": null, "name": null, "anzahlgs": null, "gmdschl": "05362032", "lagebeztxt": null, "bld area": 37 }, "geometry": { "type": "MultiPolygon", "coordinates": [ [ [ [ 339065.333999999973457, 5642802.201999999582767 ], [ 339068.756999999983236, 5642803.316999999806285 ], [ 339071.93, 5642793.571999999694526 ], [ 339068.509000000020023, 5642792.449 ], [ 339065.333999999973457, 5642802.201999999582767 ] ] ] ] } },
{ "type": "Feature", "properties": { "fid": 159219.0, "oid": "DENW41AL30008LMpBL", "aktualit": "2024-08-20", "gebnutzbez": "Gebäude", "funktion": "Gebäude für Wirtschaft oder Gewerbe", "gfkzshh": "31001_2000", "rellage": null, "name": null, "anzahlgs": null, "gmdschl": "05362032", "lagebeztxt": null, "bld area": 26 }, "geometry": { "type": "MultiPolygon", "coordinates": [ [ [ [ 339067.210000000020955, 5642808.079 ], [ 339067.909999999974389, 5642808.502000000327826 ], [ 339068.662000000011176, 5642808.954 ], [ 339073.335000000020955, 5642795.129999999888241 ], [ 339071.93, 5642793.571999999694526 ], [ 339068.756999999983236, 5642803.316999999806285 ], [ 339067.210000000020955, 5642808.079 ] ] ] ] } },
{ "type": "Feature", "properties": { "fid": 159932.0, "oid": "DENW41AL30008MpPBL", "aktualit": "2024-08-20", "gebnutzbez": "Gebäude", "funktion": "Gemischt genutztes Gebäude mit Wohnen", "gfkzshh": "31001_1100", "rellage": null, "name": null, "anzahlgs": null, "gmdschl": "05362032", "lagebeztxt": "Bahnhofstraße 12", "bld area": 233 }, "geometry": { "type": "MultiPolygon", "coordinates": [ [ [ [ 339067.923, 5642840.347 ], [ 339074.479, 5642844.267 ], [ 339080.004000000015367, 5642835.074 ], [ 339082.549999999988358, 5642830.832000000402331 ], [ 339086.603, 5642824.089999999850988 ], [ 339088.523999999975786, 5642820.894999999552965 ], [ 339090.092, 5642818.284 ], [ 339089.327, 5642817.825000000186265 ], [ 339083.01, 5642814.026999999769032 ], [ 339081.945, 5642816.940999999642372 ], [ 339067.923, 5642840.347 ] ] ] ] } },
{ "type": "Feature", "properties": { "fid": 159964.0, "oid": "DENW41AL30008MtXBL", "aktualit": "2024-08-20", "gebnutzbez": "Gebäude", "funktion": "Gemischt genutztes Gebäude mit Wohnen", "gfkzshh": "31001_1100", "rellage": null, "name": null, "anzahlgs": null, "gmdschl": "05362032", "lagebeztxt": "Bahnhofstraße 10", "bld area": 226 }, "geometry": { "type": "MultiPolygon", "coordinates": [ [ [ [ 339067.923, 5642840.347 ], [ 339081.945, 5642816.940999999642372 ], [ 339083.01, 5642814.026999999769032 ], [ 339077.343999999982771, 5642810.61699999962002 ], [ 339076.952999999979511, 5642811.268000000156462 ], [ 339076.82087921409402, 5642811.487617995589972 ], [ 339076.813000000023749, 5642811.506 ], [ 339076.01, 5642813.372999999672174 ], [ 339075.773999999975786, 5642813.230999999679625 ], [ 339075.528, 5642813.082000000402331 ], [ 339073.299999999988358, 5642816.785000000149012 ], [ 339061.454000000027008, 5642836.474999999627471 ], [ 339067.923, 5642840.347 ] ] ] ] } },
{ "type": "Feature", "properties": { "fid": 274964.0, "oid": "DENW41AL30008MAoBL", "aktualit": "2024-08-20", "gebnutzbez": "Gebäude", "funktion": "Gebäude für Wirtschaft oder Gewerbe", "gfkzshh": "31001_2000", "rellage": null, "name": null, "anzahlgs": null, "gmdschl": "05362032", "lagebeztxt": null, "bld area": 18 }, "geometry": { "type": "MultiPolygon", "coordinates": [ [ [ [ 339069.606000000028871, 5642814.67 ], [ 339073.299999999988358, 5642816.785000000149012 ], [ 339075.528, 5642813.082000000402331 ], [ 339072.039999999979045, 5642810.984000000171363 ], [ 339069.606000000028871, 5642814.67 ] ] ] ] } },
{ "type": "Feature", "properties": { "fid": 62784.0, "oid": "DENW41AL30008O32BL", "aktualit": "2024-08-20", "gebnutzbez": "Gebäude", "funktion": "Wohngebäude", "gfkzshh": "31001_1000", "rellage": null, "name": null, "anzahlgs": null, "gmdschl": "05362032", "lagebeztxt": null, "bld area": 9 }, "geometry": { "type": "MultiPolygon", "coordinates": [ [ [ [ 339071.069000000017695, 5642625.659 ], [ 339073.419, 5642626.048999999649823 ], [ 339074.03000000002794, 5642622.153 ], [ 339071.678000000014435, 5642621.784 ], [ 339071.069000000017695, 5642625.659 ] ] ] ] } },
{ "type": "Feature", "properties": { "fid": 63222.0, "oid": "DENW41AL30008OedBL", "aktualit": "2024-08-20", "gebnutzbez": "Gebäude", "funktion": "Gemischt genutztes Gebäude mit Wohnen", "gfkzshh": "31001_1100", "rellage": null, "name": null, "anzahlgs": null, "gmdschl": "05362032", "lagebeztxt": "Hauptstraße 192", "bld area": 97 }, "geometry": { "type": "MultiPolygon", "coordinates": [ [ [ [ 339073.419, 5642626.048999999649823 ], [ 339081.482000000018161, 5642627.386 ], [ 339082.142, 5642623.534 ], [ 339086.892999999981839, 5642624.346 ], [ 339087.728, 5642619.46 ], [ 339074.968, 5642617.320000000298023 ], [ 339074.789999999979045, 5642617.29 ], [ 339074.147999999986496, 5642621.406000000424683 ], [ 339074.03000000002794, 5642622.153 ], [ 339073.419, 5642626.048999999649823 ] ] ] ] } },
{ "type": "Feature", "properties": { "fid": 159862.0, "oid": "DENW41AL30008MgJBL", "aktualit": "2024-08-20", "gebnutzbez": "Gebäude", "funktion": "Gemischt genutztes Gebäude mit Wohnen", "gfkzshh": "31001_1100", "rellage": null, "name": null, "anzahlgs": null, "gmdschl": "05362032", "lagebeztxt": "Hauptstraße 188", "bld area": 323 }, "geometry": { "type": "MultiPolygon", "coordinates": [ [ [ [ 339043.25, 5642642.631 ], [ 339050.006, 5642644.298000000417233 ], [ 339059.994, 5642646.761 ], [ 339062.146, 5642647.28899999987334 ], [ 339076.186999999976251, 5642650.753999999724329 ], [ 339076.358, 5642650.796 ], [ 339078.552000000025146, 5642640.88399999961257 ], [ 339078.365999999979977, 5642640.846 ], [ 339064.704000000027008, 5642638.062 ], [ 339053.647, 5642635.807 ], [ 339045.131999999983236, 5642634.071999999694526 ], [ 339043.25, 5642642.631 ] ] ] ] } },
{ "type": "Feature", "properties": { "fid": 274839.0, "oid": "DENW41AL30008M15BL", "aktualit": "2024-08-20", "gebnutzbez": "Gebäude", "funktion": "Wohngebäude", "gfkzshh": "31001_1000", "rellage": null, "name": null, "anzahlgs": null, "gmdschl": "05362032", "lagebeztxt": null, "bld area": 35 }, "geometry": { "type": "MultiPolygon", "coordinates": [ [ [ [ 339084.343, 5642632.79 ], [ 339083.446, 5642631.218000000342727 ], [ 339081.268999999971129, 5642630.473000000230968 ], [ 339081.077999999979511, 5642631.275999999605119 ], [ 339080.621999999973923, 5642631.168999999761581 ], [ 339078.365999999979977, 5642640.846 ], [ 339078.552000000025146, 5642640.88399999961257 ], [ 339081.047000000020489, 5642641.394000000320375 ], [ 339084.343, 5642632.79 ] ] ] ] } },
{ "type": "Feature", "properties": { "fid": 275959.0, "oid": "DENW41AL30008NHUBL", "aktualit": "2024-08-20", "gebnutzbez": "Gebäude", "funktion": "Gemischt genutztes Gebäude mit Wohnen", "gfkzshh": "31001_1100", "rellage": null, "name": null, "anzahlgs": null, "gmdschl": "05362032", "lagebeztxt": "Hauptstraße 190", "bld area": 191 }, "geometry": { "type": "MultiPolygon", "coordinates": [ [ [ [ 339064.704000000027008, 5642638.062 ], [ 339078.365999999979977, 5642640.846 ], [ 339080.621999999973923, 5642631.168999999761581 ], [ 339081.077999999979511, 5642631.275999999605119 ], [ 339081.268999999971129, 5642630.473000000230968 ], [ 339081.99, 5642627.473000000230968 ], [ 339081.482000000018161, 5642627.386 ], [ 339073.419, 5642626.048999999649823 ], [ 339071.069000000017695, 5642625.659 ], [ 339067.69, 5642625.098000000230968 ], [ 339064.704000000027008, 5642638.062 ] ] ] ] } },
{ "type": "Feature", "properties": { "fid": 274198.0, "oid": "DENW41AL30008LIoBL", "aktualit": "2024-08-20", "gebnutzbez": "Gebäude", "funktion": "Gebäude für Wirtschaft oder Gewerbe", "gfkzshh": "31001_2000", "rellage": null, "name": null, "anzahlgs": null, "gmdschl": "05362032", "lagebeztxt": null, "bld area": 39 }, "geometry": { "type": "MultiPolygon", "coordinates": [ [ [ [ 339054.466000000014901, 5642618.042999999597669 ], [ 339063.201, 5642619.554999999701977 ], [ 339063.222, 5642619.428999999538064 ], [ 339063.696, 5642619.502999999560416 ], [ 339064.284999999974389, 5642615.477 ], [ 339055.151000000012573, 5642613.951999999582767 ], [ 339054.466000000014901, 5642618.042999999597669 ] ] ] ] } },
{ "type": "Feature", "properties": { "fid": 62181.0, "oid": "DENW41AL30008NC6BL", "aktualit": "2024-08-20", "gebnutzbez": "Gebäude", "funktion": "Wohngebäude", "gfkzshh": "31001_1000", "rellage": null, "name": null, "anzahlgs": null, "gmdschl": "05362032", "lagebeztxt": "Merkurweg 25", "bld area": 114 }, "geometry": { "type": "MultiPolygon", "coordinates": [ [ [ [ 339025.113000000012107, 5642618.032999999821186 ], [ 339032.810999999986961, 5642619.312 ], [ 339037.740999999979977, 5642620.119 ], [ 339039.188000000023749, 5642611.284 ], [ 339026.642, 5642609.188 ], [ 339025.113000000012107, 5642618.032999999821186 ] ] ] ] } },
{ "type": "Feature", "properties": { "fid": 273747.0, "oid": "DENW41AL30008KnqBL", "aktualit": "2024-08-20", "gebnutzbez": "Gebäude", "funktion": "Wohngebäude", "gfkzshh": "31001_1000", "rellage": null, "name": null, "anzahlgs": null, "gmdschl": "05362032", "lagebeztxt": "Merkurweg 21", "bld area": 101 }, "geometry": { "type": "MultiPolygon", "coordinates": [ [ [ [ 339019.299999999988358, 5642636.588000000454485 ], [ 339031.994, 5642639.707999999634922 ], [ 339032.75199999997858, 5642636.583999999798834 ], [ 339033.841000000014901, 5642631.775000000372529 ], [ 339020.781000000017229, 5642629.504999999888241 ], [ 339019.960000000020955, 5642633.432 ], [ 339019.299999999988358, 5642636.588000000454485 ] ] ] ] } },
{ "type": "Feature", "properties": { "fid": 275237.0, "oid": "DENW41AL30008MUNBL", "aktualit": "2024-08-20", "gebnutzbez": "Gebäude", "funktion": "Wohngebäude", "gfkzshh": "31001_1000", "rellage": null, "name": null, "anzahlgs": null, "gmdschl": "05362032", "lagebeztxt": "Merkurweg 23", "bld area": 124 }, "geometry": { "type": "MultiPolygon", "coordinates": [ [ [ [ 339020.637999999977183, 5642629.439000000245869 ], [ 339030.848, 5642631.165 ], [ 339032.810999999986961, 5642619.312 ], [ 339025.113000000012107, 5642618.032999999821186 ], [ 339022.569000000017695, 5642617.620000000111759 ], [ 339020.694000000017695, 5642629.096 ], [ 339020.637999999977183, 5642629.439000000245869 ] ] ] ] } },
{ "type": "Feature", "properties": { "fid": 62795.0, "oid": "DENW41AL30008O4CBL", "aktualit": "2024-08-20", "gebnutzbez": "Gebäude", "funktion": "Wohngebäude", "gfkzshh": "31001_1000", "rellage": null, "name": null, "anzahlgs": null, "gmdschl": "05362032", "lagebeztxt": "Merkurweg 27", "bld area": 169 }, "geometry": { "type": "MultiPolygon", "coordinates": [ [ [ [ 339026.620999999984633, 5642609.185999999754131 ], [ 339026.642, 5642609.188 ], [ 339039.188000000023749, 5642611.284 ], [ 339041.37599999998929, 5642611.650999999605119 ], [ 339043.25, 5642600.495000000111759 ], [ 339041.495999999984633, 5642600.201000000350177 ], [ 339041.375, 5642600.183000000193715 ], [ 339028.982000000018161, 5642598.132000000216067 ], [ 339028.5, 5642598.049999999813735 ], [ 339026.620999999984633, 5642609.185999999754131 ] ] ] ] } },
{ "type": "Feature", "properties": { "fid": 60383.0, "oid": "DENW41AL30008KbQBL", "aktualit": "2024-08-20", "gebnutzbez": "Gebäude", "funktion": "Wohngebäude", "gfkzshh": "31001_1000", "rellage": null, "name": null, "anzahlgs": null, "gmdschl": "05362032", "lagebeztxt": null, "bld area": 125 }, "geometry": { "type": "MultiPolygon", "coordinates": [ [ [ [ 339035.559, 5642647.515999999828637 ], [ 339039.847, 5642648.506 ], [ 339041.271, 5642648.833999999798834 ], [ 339039.642999999981839, 5642655.869 ], [ 339042.075000000011642, 5642656.451999999582767 ], [ 339046.830000000016298, 5642657.59499999973923 ], [ 339050.006, 5642644.298000000417233 ], [ 339043.25, 5642642.631 ], [ 339042.066999999980908, 5642642.33600000012666 ], [ 339041.310999999986961, 5642642.151999999769032 ], [ 339040.525000000023283, 5642645.570000000298023 ], [ 339036.23499999998603, 5642644.583999999798834 ], [ 339035.559, 5642647.515999999828637 ] ] ] ] } },
{ "type": "Feature", "properties": { "fid": 276035.0, "oid": "DENW41AL30008NMvBL", "aktualit": "2024-08-20", "gebnutzbez": "Gebäude", "funktion": "Gebäude zum Parken", "gfkzshh": "31001_2460", "rellage": null, "name": null, "anzahlgs": null, "gmdschl": "05362032", "lagebeztxt": null, "bld area": 69 }, "geometry": { "type": "MultiPolygon", "coordinates": [ [ [ [ 339022.593999999982771, 5642643.802000000141561 ], [ 339034.12, 5642646.606999999843538 ], [ 339035.436999999976251, 5642640.979000000283122 ], [ 339023.903999999980442, 5642638.185999999754131 ], [ 339022.593999999982771, 5642643.802000000141561 ] ] ] ] } },
{ "type": "Feature", "properties": { "fid": 61854.0, "oid": "DENW41AL30008MhuBL", "aktualit": "2024-08-20", "gebnutzbez": "Gebäude", "funktion": "Wohngebäude", "gfkzshh": "31001_1000", "rellage": null, "name": null, "anzahlgs": null, "gmdschl": "05362032", "lagebeztxt": "Grabenweg 7", "bld area": 274 }, "geometry": { "type": "MultiPolygon", "coordinates": [ [ [ [ 338887.972, 5642318.917000000365078 ], [ 338899.536000000021886, 5642319.278 ], [ 338899.489, 5642320.795 ], [ 338908.922000000020489, 5642321.091 ], [ 338909.346000000019558, 5642307.610999999567866 ], [ 338904.136999999987893, 5642307.463000000454485 ], [ 338904.153999999980442, 5642306.93099999986589 ], [ 338888.363000000012107, 5642306.43099999986589 ], [ 338887.972, 5642318.917000000365078 ] ] ] ] } },
{ "type": "Feature", "properties": { "fid": 62059.0, "oid": "DENW41AL30008N0sBL", "aktualit": "2024-08-20", "gebnutzbez": "Gebäude", "funktion": "Gebäude zum Parken", "gfkzshh": "31001_2460", "rellage": null, "name": null, "anzahlgs": null, "gmdschl": "05362032", "lagebeztxt": null, "bld area": 116 }, "geometry": { "type": "MultiPolygon", "coordinates": [ [ [ [ 338883.781000000017229, 5642293.189000000245869 ], [ 338903.685999999986961, 5642293.852 ], [ 338903.884000000020023, 5642288.021999999880791 ], [ 338883.960000000020955, 5642287.337000000290573 ], [ 338883.781000000017229, 5642293.189000000245869 ] ] ] ] } },
{ "type": "Feature", "properties": { "fid": 272656.0, "oid": "DENW41AL30008JZrBL", "aktualit": "2024-08-20", "gebnutzbez": "Gebäude", "funktion": "Wohngebäude", "gfkzshh": "31001_1000", "rellage": null, "name": null, "anzahlgs": null, "gmdschl": "05362032", "lagebeztxt": "Grabenweg 5", "bld area": 287 }, "geometry": { "type": "MultiPolygon", "coordinates": [ [ [ [ 338908.922000000020489, 5642321.091 ], [ 338918.76400000002468, 5642321.401999999769032 ], [ 338918.810999999986961, 5642319.890999999828637 ], [ 338930.972, 5642320.254999999888241 ], [ 338931.282, 5642310.293999999761581 ], [ 338931.327, 5642308.793999999761581 ], [ 338931.357000000018161, 5642307.796 ], [ 338914.635, 5642307.259999999776483 ], [ 338914.62, 5642307.759999999776483 ], [ 338909.346000000019558, 5642307.610999999567866 ], [ 338908.922000000020489, 5642321.091 ] ] ] ] } },
{ "type": "Feature", "properties": { "fid": 277104.0, "oid": "DENW41AL30008OWeBL", "aktualit": "2024-08-20", "gebnutzbez": "Gebäude", "funktion": "Gebäude zum Parken", "gfkzshh": "31001_2460", "rellage": null, "name": null, "anzahlgs": null, "gmdschl": "05362032", "lagebeztxt": null, "bld area": 33 }, "geometry": { "type": "MultiPolygon", "coordinates": [ [ [ [ 338879.006999999983236, 5642321.144000000320375 ], [ 338882.865, 5642321.264000000432134 ], [ 338883.125, 5642312.287999999709427 ], [ 338879.575000000011642, 5642312.217000000178814 ], [ 338879.375, 5642318.654 ], [ 338879.085000000020955, 5642318.644999999552965 ], [ 338879.006999999983236, 5642321.144000000320375 ] ] ] ] } },
{ "type": "Feature", "properties": { "fid": 277986.0, "oid": "DENW41ALDY00002DBL", "aktualit": "2024-08-20", "gebnutzbez": "Gebäude", "funktion": "Wohngebäude", "gfkzshh": "31001_1000", "rellage": null, "name": null, "anzahlgs": null, "gmdschl": "05362032", "lagebeztxt": "Hebbelstraße 1", "bld area": 90 }, "geometry": { "type": "MultiPolygon", "coordinates": [ [ [ [ 338870.169999999983702, 5642296.065000000409782 ], [ 338871.170999999972992, 5642296.092000000178814 ], [ 338880.18, 5642296.367999999783933 ], [ 338880.462, 5642287.365000000223517 ], [ 338870.462999999988824, 5642287.058000000193715 ], [ 338870.169999999983702, 5642296.065000000409782 ] ] ] ] } },
{ "type": "Feature", "properties": { "fid": 277987.0, "oid": "DENW41ALDY00002HBL", "aktualit": "2024-08-20", "gebnutzbez": "Gebäude", "funktion": "Gebäude zum Parken", "gfkzshh": "31001_2460", "rellage": null, "name": null, "anzahlgs": null, "gmdschl": "05362032", "lagebeztxt": null, "bld area": 27 }, "geometry": { "type": "MultiPolygon", "coordinates": [ [ [ [ 338871.093999999982771, 5642299.082000000402331 ], [ 338880.091000000014901, 5642299.354000000283122 ], [ 338880.18, 5642296.367999999783933 ], [ 338871.170999999972992, 5642296.092000000178814 ], [ 338871.093999999982771, 5642299.082000000402331 ] ] ] ] } },
{ "type": "Feature", "properties": { "fid": 59679.0, "oid": "DENW41AL30008JdiBL", "aktualit": "2024-08-20", "gebnutzbez": "Gebäude", "funktion": "Wohngebäude", "gfkzshh": "31001_1000", "rellage": null, "name": null, "anzahlgs": null, "gmdschl": "05362032", "lagebeztxt": "Grabenweg 9", "bld area": 141 }, "geometry": { "type": "MultiPolygon", "coordinates": [ [ [ [ 338869.64000000001397, 5642318.350999999791384 ], [ 338879.085000000020955, 5642318.644999999552965 ], [ 338879.375, 5642318.654 ], [ 338879.575000000011642, 5642312.217000000178814 ], [ 338879.826, 5642304.17 ], [ 338870.091000000014901, 5642303.86699999962002 ], [ 338869.64000000001397, 5642318.350999999791384 ] ] ] ] } },
{ "type": "Feature", "properties": { "fid": 59239.0, "oid": "DENW41AL2h30000DBL", "aktualit": "2024-08-20", "gebnutzbez": "Gebäude", "funktion": "Wohngebäude", "gfkzshh": "31001_1000", "rellage": null, "name": null, "anzahlgs": null, "gmdschl": "05362032", "lagebeztxt": null, "bld area": 22 }, "geometry": { "type": "MultiPolygon", "coordinates": [ [ [ [ 338812.73599999997532, 5642569.849000000394881 ], [ 338816.74900000001071, 5642571.455 ], [ 338818.628000000026077, 5642566.757000000216067 ], [ 338814.686999999976251, 5642564.972 ], [ 338812.73599999997532, 5642569.849000000394881 ] ] ] ] } },
{ "type": "Feature", "properties": { "fid": 60190.0, "oid": "DENW41AL30008KKKBL", "aktualit": "2024-08-20", "gebnutzbez": "Gebäude", "funktion": "Wohngebäude", "gfkzshh": "31001_1000", "rellage": null, "name": null, "anzahlgs": null, "gmdschl": "05362032", "lagebeztxt": "Am grünen Weg 5", "bld area": 85 }, "geometry": { "type": "MultiPolygon", "coordinates": [ [ [ [ 338817.450000000011642, 5642557.566999999806285 ], [ 338827.11099999997532, 5642560.542999999597669 ], [ 338827.291000000026543, 5642560.597 ], [ 338829.718, 5642552.735999999567866 ], [ 338819.87699999997858, 5642549.696999999694526 ], [ 338817.450000000011642, 5642557.566999999806285 ] ] ] ] } },
{ "type": "Feature", "properties": { "fid": 60563.0, "oid": "DENW41AL30008KrMBL", "aktualit": "2024-08-20", "gebnutzbez": "Gebäude", "funktion": "Gebäude zum Parken", "gfkzshh": "31001_2460", "rellage": null, "name": null, "anzahlgs": null, "gmdschl": "05362032", "lagebeztxt": null, "bld area": 29 }, "geometry": { "type": "MultiPolygon", "coordinates": [ [ [ [ 338826.132999999972526, 5642563.575000000186265 ], [ 338834.835000000020955, 5642566.237999999895692 ], [ 338835.76400000002468, 5642563.221 ], [ 338827.291000000026543, 5642560.597 ], [ 338827.11099999997532, 5642560.542999999597669 ], [ 338826.132999999972526, 5642563.575000000186265 ] ] ] ] } },
{ "type": "Feature", "properties": { "fid": 62029.0, "oid": "DENW41AL30008MyIBL", "aktualit": "2024-08-20", "gebnutzbez": "Gebäude", "funktion": "Wohngebäude", "gfkzshh": "31001_1000", "rellage": null, "name": null, "anzahlgs": null, "gmdschl": "05362032", "lagebeztxt": "Am grünen Weg 3", "bld area": 72 }, "geometry": { "type": "MultiPolygon", "coordinates": [ [ [ [ 338803.670999999972992, 5642569.382000000216067 ], [ 338811.518999999971129, 5642572.889999999664724 ], [ 338812.73599999997532, 5642569.849000000394881 ], [ 338814.686999999976251, 5642564.972 ], [ 338807.081, 5642561.525999999605119 ], [ 338803.670999999972992, 5642569.382000000216067 ] ] ] ] } },
{ "type": "Feature", "properties": { "fid": 270017.0, "oid": "DENW41AL2h30000CBL", "aktualit": "2024-08-20", "gebnutzbez": "Sonstiges Bauwerk oder sonstige Einrichtung", "funktion": "Carport", "gfkzshh": "51009_1611", "rellage": null, "name": null, "anzahlgs": null, "gmdschl": "05362032", "lagebeztxt": null, "bld area": 31 }, "geometry": { "type": "MultiPolygon", "coordinates": [ [ [ [ 338809.788, 5642552.417999999597669 ], [ 338814.079000000027008, 5642556.445000000298023 ], [ 338817.69, 5642552.597 ], [ 338813.397999999986496, 5642548.570000000298023 ], [ 338809.788, 5642552.417999999597669 ] ] ] ] } },
{ "type": "Feature", "properties": { "fid": 273190.0, "oid": "DENW41AL30008KAOBL", "aktualit": "2024-08-20", "gebnutzbez": "Gebäude", "funktion": "Gebäude zum Parken", "gfkzshh": "31001_2460", "rellage": null, "name": null, "anzahlgs": null, "gmdschl": "05362032", "lagebeztxt": null, "bld area": 16 }, "geometry": { "type": "MultiPolygon", "coordinates": [ [ [ [ 338815.060999999986961, 5642563.472 ], [ 338819.934, 5642564.990000000223517 ], [ 338821.069000000017695, 5642562.019000000320375 ], [ 338816.242000000027474, 5642560.53899999987334 ], [ 338815.060999999986961, 5642563.472 ] ] ] ] } },
{ "type": "Feature", "properties": { "fid": 160007.0, "oid": "DENW41AL30008MyNBL", "aktualit": "2024-08-20", "gebnutzbez": "Gebäude", "funktion": "Wohngebäude", "gfkzshh": "31001_1000", "rellage": null, "name": null, "anzahlgs": null, "gmdschl": "05362032", "lagebeztxt": "Herderstraße 10", "bld area": 97 }, "geometry": { "type": "MultiPolygon", "coordinates": [ [ [ [ 338865.239, 5642560.899000000208616 ], [ 338866.305999999982305, 5642561.115000000223517 ], [ 338866.012999999977183, 5642564.504999999888241 ], [ 338875.946999999985565, 5642566.531000000424683 ], [ 338877.697999999974854, 5642557.950000000186265 ], [ 338866.314000000013039, 5642555.627999999560416 ], [ 338865.239, 5642560.899000000208616 ] ] ] ] } },
{ "type": "Feature", "properties": { "fid": 272159.0, "oid": "DENW41AL2h30000JBL", "aktualit": "2024-08-20", "gebnutzbez": "Gebäude", "funktion": "Gebäude zur Freizeitgestaltung", "gfkzshh": "31001_1310", "rellage": null, "name": null, "anzahlgs": null, "gmdschl": "05362032", "lagebeztxt": null, "bld area": 71 }, "geometry": { "type": "MultiPolygon", "coordinates": [ [ [ [ 338849.00199999997858, 5642567.718999999575317 ], [ 338852.99, 5642568.298999999649823 ], [ 338853.553000000014435, 5642564.434999999590218 ], [ 338862.628000000026077, 5642565.75800000037998 ], [ 338863.231000000028871, 5642561.625 ], [ 338850.167000000015832, 5642559.721 ], [ 338849.00199999997858, 5642567.718999999575317 ] ] ] ] } },
{ "type": "Feature", "properties": { "fid": 272162.0, "oid": "DENW41AL2h30000oBL", "aktualit": "2024-08-20", "gebnutzbez": "Gebäude", "funktion": "Wohngebäude", "gfkzshh": "31001_1000", "rellage": null, "name": null, "anzahlgs": null, "gmdschl": "05362032", "lagebeztxt": "Herderstraße 12 a", "bld area": 108 }, "geometry": { "type": "MultiPolygon", "coordinates": [ [ [ [ 338863.191999999980908, 5642550.18099999986589 ], [ 338871.965000000025611, 5642551.968999999575317 ], [ 338872.136999999987893, 5642549.650999999605119 ], [ 338877.223, 5642549.979000000283122 ], [ 338877.65500000002794, 5642543.281999999657273 ], [ 338867.419999999983702, 5642542.392 ], [ 338864.539999999979045, 5642542.144000000320375 ], [ 338863.191999999980908, 5642550.18099999986589 ] ] ] ] } },
{ "type": "Feature", "properties": { "fid": 276203.0, "oid": "DENW41AL30008NYIBL", "aktualit": "2024-08-20", "gebnutzbez": "Gebäude", "funktion": "Gebäude zum Parken", "gfkzshh": "31001_2460", "rellage": null, "name": null, "anzahlgs": null, "gmdschl": "05362032", "lagebeztxt": null, "bld area": 36 }, "geometry": { "type": "MultiPolygon", "coordinates": [ [ [ [ 338852.99, 5642568.298999999649823 ], [ 338862.064000000013039, 5642569.622000000439584 ], [ 338862.628000000026077, 5642565.75800000037998 ], [ 338853.553000000014435, 5642564.434999999590218 ], [ 338852.99, 5642568.298999999649823 ] ] ] ] } },
{ "type": "Feature", "properties": { "fid": 62099.0, "oid": "DENW41AL30008N4kBL", "aktualit": "2024-08-20", "gebnutzbez": "Gebäude", "funktion": "Gebäude zum Parken", "gfkzshh": "31001_2460", "rellage": null, "name": null, "anzahlgs": null, "gmdschl": "05362032", "lagebeztxt": null, "bld area": 72 }, "geometry": { "type": "MultiPolygon", "coordinates": [ [ [ [ 338839.007999999972526, 5642585.18099999986589 ], [ 338844.65500000002794, 5642587.36600000038743 ], [ 338848.908, 5642576.11600000038743 ], [ 338843.26, 5642573.975999999791384 ], [ 338843.188000000023749, 5642574.279 ], [ 338839.007999999972526, 5642585.18099999986589 ] ] ] ] } },
{ "type": "Feature", "properties": { "fid": 63054.0, "oid": "DENW41AL30008OQ3BL", "aktualit": "2024-08-20", "gebnutzbez": "Gebäude", "funktion": "Gebäude zum Parken", "gfkzshh": "31001_2460", "rellage": null, "name": null, "anzahlgs": null, "gmdschl": "05362032", "lagebeztxt": null, "bld area": 64 }, "geometry": { "type": "MultiPolygon", "coordinates": [ [ [ [ 338809.835000000020955, 5642579.804999999701977 ], [ 338812.321, 5642580.916000000201166 ], [ 338818.137999999977183, 5642583.518000000156462 ], [ 338818.164999999979045, 5642583.529 ], [ 338820.995, 5642577.127999999560416 ], [ 338812.621999999973923, 5642573.38399999961257 ], [ 338809.835000000020955, 5642579.804999999701977 ] ] ] ] } },
{ "type": "Feature", "properties": { "fid": 159418.0, "oid": "DENW41AL30008LnjBL", "aktualit": "2024-08-20", "gebnutzbez": "Gebäude", "funktion": "Gebäude für Wirtschaft oder Gewerbe", "gfkzshh": "31001_2000", "rellage": null, "name": null, "anzahlgs": null, "gmdschl": "05362032", "lagebeztxt": "Am grünen Weg 1", "bld area": 83 }, "geometry": { "type": "MultiPolygon", "coordinates": [ [ [ [ 338800.32, 5642577.102 ], [ 338808.085000000020955, 5642580.572999999858439 ], [ 338809.270000000018626, 5642581.103000000119209 ], [ 338809.313000000023749, 5642581.006 ], [ 338809.835000000020955, 5642579.804999999701977 ], [ 338812.621999999973923, 5642573.38399999961257 ], [ 338811.518999999971129, 5642572.889999999664724 ], [ 338803.670999999972992, 5642569.382000000216067 ], [ 338800.32, 5642577.102 ] ] ] ] } },
{ "type": "Feature", "properties": { "fid": 160916.0, "oid": "DENW41AL30008OmoBL", "aktualit": "2024-08-20", "gebnutzbez": "Gebäude", "funktion": "Gebäude zum Parken", "gfkzshh": "31001_2460", "rellage": null, "name": null, "anzahlgs": null, "gmdschl": "05362032", "lagebeztxt": null, "bld area": 40 }, "geometry": { "type": "MultiPolygon", "coordinates": [ [ [ [ 338797.266, 5642585.661999999545515 ], [ 338803.98499999998603, 5642588.651999999769032 ], [ 338803.990999999979977, 5642588.654 ], [ 338806.221000000019558, 5642583.627000000327826 ], [ 338799.506, 5642580.639999999664724 ], [ 338797.266, 5642585.661999999545515 ] ] ] ] } },
{ "type": "Feature", "properties": { "fid": 273429.0, "oid": "DENW41AL30008KRUBL", "aktualit": "2024-08-20", "gebnutzbez": "Gebäude", "funktion": "Gebäude zum Parken", "gfkzshh": "31001_2460", "rellage": null, "name": null, "anzahlgs": null, "gmdschl": "05362032", "lagebeztxt": null, "bld area": 139 }, "geometry": { "type": "MultiPolygon", "coordinates": [ [ [ [ 338818.164999999979045, 5642583.529 ], [ 338836.152, 5642591.571000000461936 ], [ 338836.50199999997858, 5642591.727 ], [ 338839.007999999972526, 5642585.18099999986589 ], [ 338820.995, 5642577.127999999560416 ], [ 338818.164999999979045, 5642583.529 ] ] ] ] } },
{ "type": "Feature", "properties": { "fid": 62170.0, "oid": "DENW41AL30008NBKBL", "aktualit": "2024-08-20", "gebnutzbez": "Gebäude", "funktion": "Wohngebäude", "gfkzshh": "31001_1000", "rellage": null, "name": null, "anzahlgs": null, "gmdschl": "05362032", "lagebeztxt": "Herderstraße 4", "bld area": 88 }, "geometry": { "type": "MultiPolygon", "coordinates": [ [ [ [ 338849.293, 5642602.63399999961257 ], [ 338859.283, 5642606.977 ], [ 338862.657, 5642599.111999999731779 ], [ 338859.753000000026077, 5642597.867999999783933 ], [ 338860.272999999986496, 5642596.650000000372529 ], [ 338857.579000000027008, 5642595.502999999560416 ], [ 338857.056999999971595, 5642596.718000000342727 ], [ 338854.49800000002142, 5642595.610000000335276 ], [ 338852.821, 5642599.464999999850988 ], [ 338851.016, 5642598.678999999538064 ], [ 338849.293, 5642602.63399999961257 ] ] ] ] } },
{ "type": "Feature", "properties": { "fid": 160621.0, "oid": "DENW41AL30008OCUBL", "aktualit": "2024-08-20", "gebnutzbez": "Gebäude", "funktion": "Wohngebäude", "gfkzshh": "31001_1000", "rellage": null, "name": null, "anzahlgs": null, "gmdschl": "05362032", "lagebeztxt": "Herderstraße 6, 8", "bld area": 191 }, "geometry": { "type": "MultiPolygon", "coordinates": [ [ [ [ 338855.207, 5642588.093000000342727 ], [ 338865.646, 5642592.358 ], [ 338865.778, 5642592.031000000424683 ], [ 338865.647, 5642591.978000000119209 ], [ 338871.787000000011176, 5642576.557 ], [ 338871.918, 5642576.608 ], [ 338872.048, 5642576.281999999657273 ], [ 338861.51400000002468, 5642572.088999999687076 ], [ 338861.398999999975786, 5642572.378999999724329 ], [ 338861.521, 5642572.427000000141561 ], [ 338855.463999999978114, 5642587.80599999986589 ], [ 338855.343, 5642587.75800000037998 ], [ 338855.207, 5642588.093000000342727 ] ] ] ] } },
{ "type": "Feature", "properties": { "fid": 274646.0, "oid": "DENW41AL30008LoEBL", "aktualit": "2024-08-20", "gebnutzbez": "Gebäude", "funktion": "Gemischt genutztes Gebäude mit Wohnen", "gfkzshh": "31001_1100", "rellage": null, "name": null, "anzahlgs": null, "gmdschl": "05362032", "lagebeztxt": "Hauptstraße 236", "bld area": 183 }, "geometry": { "type": "MultiPolygon", "coordinates": [ [ [ [ 339108.902, 5642224.247999999672174 ], [ 339113.430999999982305, 5642227.802000000141561 ], [ 339113.161000000021886, 5642231.706000000238419 ], [ 339113.158999999985099, 5642231.746000000275671 ], [ 339112.851000000024214, 5642236.16399999987334 ], [ 339123.585000000020955, 5642236.962000000290573 ], [ 339123.468, 5642226.906000000424683 ], [ 339120.431999999971595, 5642224.532999999821186 ], [ 339121.395000000018626, 5642223.308000000193715 ], [ 339113.378000000026077, 5642216.995000000111759 ], [ 339108.94, 5642222.627000000327826 ], [ 339108.902, 5642224.247999999672174 ] ] ] ] } },
{ "type": "Feature", "properties": { "fid": 159884.0, "oid": "DENW41AL30008MinBL", "aktualit": "2024-08-20", "gebnutzbez": "Gebäude", "funktion": "Gebäude für Wirtschaft oder Gewerbe", "gfkzshh": "31001_2000", "rellage": null, "name": null, "anzahlgs": null, "gmdschl": "05362032", "lagebeztxt": null, "bld area": 38 }, "geometry": { "type": "MultiPolygon", "coordinates": [ [ [ [ 339112.548, 5642243.954 ], [ 339112.599999999976717, 5642244.589999999850988 ], [ 339112.745, 5642245.212000000290573 ], [ 339112.979999999981374, 5642245.80599999986589 ], [ 339113.299, 5642246.359000000171363 ], [ 339113.695, 5642246.859000000171363 ], [ 339114.161000000021886, 5642247.296 ], [ 339114.560999999986961, 5642247.583999999798834 ], [ 339114.990999999979977, 5642247.825000000186265 ], [ 339115.446, 5642248.015999999828637 ], [ 339115.919, 5642248.15500000026077 ], [ 339116.406000000017229, 5642248.240000000223517 ], [ 339116.898999999975786, 5642248.269000000320375 ], [ 339117.392, 5642248.242999999783933 ], [ 339117.879000000015367, 5642248.161000000312924 ], [ 339117.804, 5642239.645999999716878 ], [ 339117.316, 5642239.571999999694526 ], [ 339116.821999999985565, 5642239.553999999538064 ], [ 339116.330000000016298, 5642239.592000000178814 ], [ 339115.84499999997206, 5642239.684999999590218 ], [ 339115.37400000001071, 5642239.832000000402331 ], [ 339114.923, 5642240.031000000424683 ], [ 339114.496999999973923, 5642240.28000000026077 ], [ 339114.102000000013504, 5642240.576000000350177 ], [ 339113.643999999971129, 5642241.021999999880791 ], [ 339113.256, 5642241.531000000424683 ], [ 339112.946999999985565, 5642242.091 ], [ 339112.723, 5642242.690000000409782 ], [ 339112.588999999978114, 5642243.315999999642372 ], [ 339112.548, 5642243.954 ] ] ] ] } },
{ "type": "Feature", "properties": { "fid": 61412.0, "oid": "DENW41AL30008M5gBL", "aktualit": "2024-08-20", "gebnutzbez": "Gebäude", "funktion": "Gebäude zur Freizeitgestaltung", "gfkzshh": "31001_1310", "rellage": null, "name": null, "anzahlgs": null, "gmdschl": "05362032", "lagebeztxt": null, "bld area": 12 }, "geometry": { "type": "MultiPolygon", "coordinates": [ [ [ [ 338842.364, 5642615.831000000238419 ], [ 338845.575000000011642, 5642617.079 ], [ 338846.824000000022352, 5642613.860999999567866 ], [ 338843.61099999997532, 5642612.615000000223517 ], [ 338842.364, 5642615.831000000238419 ] ] ] ] } },
{ "type": "Feature", "properties": { "fid": 61567.0, "oid": "DENW41AL30008MJ4BL", "aktualit": "2024-08-20", "gebnutzbez": "Gebäude", "funktion": "Gebäude zur Freizeitgestaltung", "gfkzshh": "31001_1310", "rellage": null, "name": null, "anzahlgs": null, "gmdschl": "05362032", "lagebeztxt": null, "bld area": 22 }, "geometry": { "type": "MultiPolygon", "coordinates": [ [ [ [ 338838.973, 5642610.759999999776483 ], [ 338844.5, 5642612.896999999880791 ], [ 338845.909999999974389, 5642613.441999999806285 ], [ 338846.992000000027474, 5642610.644999999552965 ], [ 338845.582, 5642610.099000000394881 ], [ 338840.055, 5642607.962000000290573 ], [ 338838.973, 5642610.759999999776483 ] ] ] ] } },
{ "type": "Feature", "properties": { "fid": 277366.0, "oid": "DENW41AL30008OnjBL", "aktualit": "2024-08-20", "gebnutzbez": "Gebäude", "funktion": "Wohngebäude", "gfkzshh": "31001_1000", "rellage": null, "name": null, "anzahlgs": null, "gmdschl": "05362032", "lagebeztxt": "Herderstraße 2", "bld area": 87 }, "geometry": { "type": "MultiPolygon", "coordinates": [ [ [ [ 338847.642, 5642606.411999999545515 ], [ 338849.449000000022352, 5642607.201999999582767 ], [ 338847.843, 5642611.117999999783933 ], [ 338850.281000000017229, 5642612.173000000417233 ], [ 338849.753000000026077, 5642613.392 ], [ 338852.523999999975786, 5642614.589999999850988 ], [ 338853.049, 5642613.372000000439584 ], [ 338855.989, 5642614.638000000268221 ], [ 338859.283, 5642606.977 ], [ 338849.293, 5642602.63399999961257 ], [ 338847.642, 5642606.411999999545515 ] ] ] ] } },
{ "type": "Feature", "properties": { "fid": 61075.0, "oid": "DENW41AL30008Lb0BL", "aktualit": "2024-08-20", "gebnutzbez": "Gebäude", "funktion": "Gebäude zum Parken", "gfkzshh": "31001_2460", "rellage": null, "name": null, "anzahlgs": null, "gmdschl": "05362032", "lagebeztxt": null, "bld area": 20 }, "geometry": { "type": "MultiPolygon", "coordinates": [ [ [ [ 338803.852000000013504, 5642608.468000000342727 ], [ 338806.597, 5642609.68099999986589 ], [ 338809.210000000020955, 5642603.775000000372529 ], [ 338806.245999999984633, 5642602.463999999687076 ], [ 338805.878000000026077, 5642603.29700000025332 ], [ 338806.097, 5642603.393000000156462 ], [ 338803.852000000013504, 5642608.468000000342727 ] ] ] ] } },
{ "type": "Feature", "properties": { "fid": 62141.0, "oid": "DENW41AL30008N8OBL", "aktualit": "2024-08-20", "gebnutzbez": "Gebäude", "funktion": "Wohngebäude", "gfkzshh": "31001_1000", "rellage": null, "name": null, "anzahlgs": null, "gmdschl": "05362032", "lagebeztxt": "Wiesenstraße 7", "bld area": 75 }, "geometry": { "type": "MultiPolygon", "coordinates": [ [ [ [ 338835.935, 5642632.30599999986589 ], [ 338844.406000000017229, 5642636.065999999642372 ], [ 338847.681999999971595, 5642628.684999999590218 ], [ 338847.553000000014435, 5642628.627000000327826 ], [ 338842.919, 5642626.56900000013411 ], [ 338842.152, 5642626.229000000283122 ], [ 338839.199000000022352, 5642624.917000000365078 ], [ 338835.935, 5642632.30599999986589 ] ] ] ] } },
{ "type": "Feature", "properties": { "fid": 274655.0, "oid": "DENW41AL30008LoeBL", "aktualit": "2024-08-20", "gebnutzbez": "Gebäude", "funktion": "Wohngebäude", "gfkzshh": "31001_1000", "rellage": null, "name": null, "anzahlgs": null, "gmdschl": "05362032", "lagebeztxt": null, "bld area": 175 }, "geometry": { "type": "MultiPolygon", "coordinates": [ [ [ [ 338806.417000000015832, 5642619.237999999895692 ], [ 338810.989, 5642621.271999999880791 ], [ 338814.699000000022352, 5642612.943 ], [ 338817.802000000025146, 5642614.325000000186265 ], [ 338818.696, 5642612.321000000461936 ], [ 338821.541000000026543, 5642613.588999999687076 ], [ 338820.647, 5642615.593999999575317 ], [ 338822.36099999997532, 5642616.358 ], [ 338821.115999999979977, 5642619.144999999552965 ], [ 338822.169, 5642619.615000000223517 ], [ 338824.146, 5642614.847 ], [ 338826.871999999973923, 5642607.745000000111759 ], [ 338824.607000000018161, 5642606.877000000327826 ], [ 338813.773999999975786, 5642602.722 ], [ 338810.129000000015367, 5642610.906999999657273 ], [ 338806.417000000015832, 5642619.237999999895692 ] ] ] ] } },
{ "type": "Feature", "properties": { "fid": 274972.0, "oid": "DENW41AL30008MBMBL", "aktualit": "2024-08-20", "gebnutzbez": "Gebäude", "funktion": "Gebäude zum Parken", "gfkzshh": "31001_2460", "rellage": null, "name": null, "anzahlgs": null, "gmdschl": "05362032", "lagebeztxt": null, "bld area": 48 }, "geometry": { "type": "MultiPolygon", "coordinates": [ [ [ [ 338821.916000000026543, 5642620.216 ], [ 338825.055, 5642621.602 ], [ 338827.195, 5642616.015999999828637 ], [ 338829.918, 5642608.912999999709427 ], [ 338830.240999999979977, 5642608.068 ], [ 338827.255, 5642606.747000000439584 ], [ 338826.871999999973923, 5642607.745000000111759 ], [ 338824.146, 5642614.847 ], [ 338822.169, 5642619.615000000223517 ], [ 338821.916000000026543, 5642620.216 ] ] ] ] } },
{ "type": "Feature", "properties": { "fid": 275503.0, "oid": "DENW41AL30008MluBL", "aktualit": "2024-08-20", "gebnutzbez": "Gebäude", "funktion": "Wohngebäude", "gfkzshh": "31001_1000", "rellage": null, "name": null, "anzahlgs": null, "gmdschl": "05362032", "lagebeztxt": "Wiesenstraße 11", "bld area": 114 }, "geometry": { "type": "MultiPolygon", "coordinates": [ [ [ [ 338793.054, 5642613.339999999850988 ], [ 338800.298, 5642616.529 ], [ 338803.852000000013504, 5642608.468000000342727 ], [ 338806.097, 5642603.393000000156462 ], [ 338805.878000000026077, 5642603.29700000025332 ], [ 338798.870999999984633, 5642600.205 ], [ 338798.022, 5642602.121000000275671 ], [ 338793.054, 5642613.339999999850988 ] ] ] ] } },
{ "type": "Feature", "properties": { "fid": 276537.0, "oid": "DENW41AL30008NueBL", "aktualit": "2024-08-20", "gebnutzbez": "Gebäude", "funktion": "Wohngebäude", "gfkzshh": "31001_1000", "rellage": null, "name": null, "anzahlgs": null, "gmdschl": "05362032", "lagebeztxt": "Wiesenstraße 9", "bld area": 87 }, "geometry": { "type": "MultiPolygon", "coordinates": [ [ [ [ 338810.989, 5642621.271999999880791 ], [ 338818.651000000012573, 5642624.679999999701977 ], [ 338819.808000000019092, 5642622.08 ], [ 338820.86099999997532, 5642622.548000000417233 ], [ 338822.169, 5642619.615000000223517 ], [ 338821.115999999979977, 5642619.144999999552965 ], [ 338822.36099999997532, 5642616.358 ], [ 338820.647, 5642615.593999999575317 ], [ 338821.541000000026543, 5642613.588999999687076 ], [ 338818.696, 5642612.321000000461936 ], [ 338817.802000000025146, 5642614.325000000186265 ], [ 338814.699000000022352, 5642612.943 ], [ 338810.989, 5642621.271999999880791 ] ] ] ] } },
{ "type": "Feature", "properties": { "fid": 272699.0, "oid": "DENW41AL30008JcrBL", "aktualit": "2024-08-20", "gebnutzbez": "Gebäude", "funktion": "Wohngebäude", "gfkzshh": "31001_1000", "rellage": null, "name": null, "anzahlgs": null, "gmdschl": "05362032", "lagebeztxt": null, "bld area": 53 }, "geometry": { "type": "MultiPolygon", "coordinates": [ [ [ [ 338842.919, 5642626.56900000013411 ], [ 338847.553000000014435, 5642628.627000000327826 ], [ 338848.212999999988824, 5642627.140999999828637 ], [ 338848.908, 5642627.472 ], [ 338851.666000000026543, 5642620.949 ], [ 338845.694000000017695, 5642618.271999999880791 ], [ 338843.935999999986961, 5642622.223000000230968 ], [ 338844.681999999971595, 5642622.55599999986589 ], [ 338842.919, 5642626.56900000013411 ] ] ] ] } },
{ "type": "Feature", "properties": { "fid": 61376.0, "oid": "DENW41AL30008M1oBL", "aktualit": "2024-08-20", "gebnutzbez": "Gebäude", "funktion": "Gebäude zum Parken", "gfkzshh": "31001_2460", "rellage": null, "name": null, "anzahlgs": null, "gmdschl": "05362032", "lagebeztxt": null, "bld area": 19 }, "geometry": { "type": "MultiPolygon", "coordinates": [ [ [ [ 338969.335000000020955, 5642632.173000000417233 ], [ 338974.798, 5642634.304999999701977 ], [ 338975.968, 5642631.253999999724329 ], [ 338970.488000000012107, 5642629.160000000149012 ], [ 338969.335000000020955, 5642632.173000000417233 ] ] ] ] } },
{ "type": "Feature", "properties": { "fid": 159149.0, "oid": "DENW41AL30008LEEBL", "aktualit": "2024-08-20", "gebnutzbez": "Gebäude", "funktion": "Wohngebäude", "gfkzshh": "31001_1000", "rellage": null, "name": null, "anzahlgs": null, "gmdschl": "05362032", "lagebeztxt": "Merkurweg 28", "bld area": 103 }, "geometry": { "type": "MultiPolygon", "coordinates": [ [ [ [ 338987.614, 5642635.696999999694526 ], [ 338997.257999999972526, 5642639.378999999724329 ], [ 339000.819000000017695, 5642630.053000000305474 ], [ 338991.28000000002794, 5642626.410000000149012 ], [ 338987.614, 5642635.696999999694526 ] ] ] ] } },
{ "type": "Feature", "properties": { "fid": 59787.0, "oid": "DENW41AL30008JmOBL", "aktualit": "2024-08-20", "gebnutzbez": "Gebäude", "funktion": "Gebäude zum Parken", "gfkzshh": "31001_2460", "rellage": null, "name": null, "anzahlgs": null, "gmdschl": "05362032", "lagebeztxt": null, "bld area": 20 }, "geometry": { "type": "MultiPolygon", "coordinates": [ [ [ [ 338970.488000000012107, 5642629.160000000149012 ], [ 338975.968, 5642631.253999999724329 ], [ 338977.145000000018626, 5642628.178000000305474 ], [ 338971.718, 5642625.951999999582767 ], [ 338970.488000000012107, 5642629.160000000149012 ] ] ] ] } },
{ "type": "Feature", "properties": { "fid": 61113.0, "oid": "DENW41AL30008LevBL", "aktualit": "2024-08-20", "gebnutzbez": "Gebäude", "funktion": "Gebäude zur Freizeitgestaltung", "gfkzshh": "31001_1310", "rellage": null, "name": null, "anzahlgs": null, "gmdschl": "05362032", "lagebeztxt": null, "bld area": 10 }, "geometry": { "type": "MultiPolygon", "coordinates": [ [ [ [ 338974.974999999976717, 5642623.093999999575317 ], [ 338978.293, 5642624.364 ], [ 338979.271, 5642621.808000000193715 ], [ 338975.954000000027008, 5642620.54 ], [ 338974.974999999976717, 5642623.093999999575317 ] ] ] ] } },
{ "type": "Feature", "properties": { "fid": 275623.0, "oid": "DENW41AL30008MuCBL", "aktualit": "2024-08-20", "gebnutzbez": "Gebäude", "funktion": "Wohngebäude", "gfkzshh": "31001_1000", "rellage": null, "name": null, "anzahlgs": null, "gmdschl": "05362032", "lagebeztxt": "Sistenichstraße 29", "bld area": 73 }, "geometry": { "type": "MultiPolygon", "coordinates": [ [ [ [ 338960.403, 5642623.002999999560416 ], [ 338969.12599999998929, 5642626.365000000223517 ], [ 338970.933000000019092, 5642621.54700000025332 ], [ 338971.893999999971129, 5642618.985999999567866 ], [ 338963.212, 5642615.66399999987334 ], [ 338960.403, 5642623.002999999560416 ] ] ] ] } },
{ "type": "Feature", "properties": { "fid": 277455.0, "oid": "DENW41AL30008OtwBL", "aktualit": "2024-08-20", "gebnutzbez": "Gebäude", "funktion": "Wohngebäude", "gfkzshh": "31001_1000", "rellage": null, "name": null, "anzahlgs": null, "gmdschl": "05362032", "lagebeztxt": "Sistenichstraße 27", "bld area": 70 }, "geometry": { "type": "MultiPolygon", "coordinates": [ [ [ [ 338956.145000000018626, 5642634.456000000238419 ], [ 338964.81, 5642637.753999999724329 ], [ 338967.487000000022817, 5642630.714999999850988 ], [ 338958.846000000019558, 5642627.358 ], [ 338956.145000000018626, 5642634.456000000238419 ] ] ] ] } },
{ "type": "Feature", "properties": { "fid": 61195.0, "oid": "DENW41AL30008LlfBL", "aktualit": "2024-08-20", "gebnutzbez": "Gebäude", "funktion": "Gebäude zum Parken", "gfkzshh": "31001_2460", "rellage": null, "name": null, "anzahlgs": null, "gmdschl": "05362032", "lagebeztxt": null, "bld area": 14 }, "geometry": { "type": "MultiPolygon", "coordinates": [ [ [ [ 339054.993000000016764, 5642690.609000000171363 ], [ 339060.966000000014901, 5642692.08 ], [ 339061.669, 5642689.949 ], [ 339055.545999999972992, 5642688.390999999828637 ], [ 339054.993000000016764, 5642690.609000000171363 ] ] ] ] } },
{ "type": "Feature", "properties": { "fid": 61877.0, "oid": "DENW41AL30008MkHBL", "aktualit": "2024-08-20", "gebnutzbez": "Gebäude", "funktion": "Gebäude für Wirtschaft oder Gewerbe", "gfkzshh": "31001_2000", "rellage": null, "name": null, "anzahlgs": null, "gmdschl": "05362032", "lagebeztxt": null, "bld area": 19 }, "geometry": { "type": "MultiPolygon", "coordinates": [ [ [ [ 339036.418, 5642692.200000000186265 ], [ 339040.957999999984168, 5642693.33600000012666 ], [ 339041.786000000021886, 5642689.662999999709427 ], [ 339042.146, 5642689.746000000275671 ], [ 339042.147, 5642689.406999999657273 ], [ 339037.413, 5642688.223000000230968 ], [ 339036.418, 5642692.200000000186265 ] ] ] ] } },
{ "type": "Feature", "properties": { "fid": 159531.0, "oid": "DENW41AL30008M1UBL", "aktualit": "2024-08-20", "gebnutzbez": "Gebäude", "funktion": "Gemischt genutztes Gebäude mit Wohnen", "gfkzshh": "31001_1100", "rellage": null, "name": null, "anzahlgs": null, "gmdschl": "05362032", "lagebeztxt": "Hauptstraße 180", "bld area": 63 }, "geometry": { "type": "MultiPolygon", "coordinates": [ [ [ [ 339053.688000000023749, 5642687.924999999813735 ], [ 339055.545999999972992, 5642688.390999999828637 ], [ 339061.669, 5642689.949 ], [ 339062.022999999986496, 5642690.036000000312924 ], [ 339062.506999999983236, 5642690.167000000365078 ], [ 339063.39000000001397, 5642686.58 ], [ 339064.349999999976717, 5642686.814000000245869 ], [ 339065.069000000017695, 5642684.018000000156462 ], [ 339061.147999999986496, 5642683.0 ], [ 339055.237000000022817, 5642681.474999999627471 ], [ 339054.62699999997858, 5642684.014999999664724 ], [ 339053.688000000023749, 5642687.924999999813735 ] ] ] ] } },
{ "type": "Feature", "properties": { "fid": 159906.0, "oid": "DENW41AL30008MleBL", "aktualit": "2024-08-20", "gebnutzbez": "Gebäude", "funktion": "Gemischt genutztes Gebäude mit Wohnen", "gfkzshh": "31001_1100", "rellage": null, "name": null, "anzahlgs": null, "gmdschl": "05362032", "lagebeztxt": "Hauptstraße 178", "bld area": 87 }, "geometry": { "type": "MultiPolygon", "coordinates": [ [ [ [ 339040.957999999984168, 5642693.33600000012666 ], [ 339045.718, 5642694.45299999974668 ], [ 339051.664999999979045, 5642695.854000000283122 ], [ 339059.12699999997858, 5642697.608 ], [ 339060.966000000014901, 5642692.08 ], [ 339054.993000000016764, 5642690.609000000171363 ], [ 339053.560999999986961, 5642690.257000000216067 ], [ 339053.07, 5642692.247000000439584 ], [ 339042.146, 5642689.746000000275671 ], [ 339041.786000000021886, 5642689.662999999709427 ], [ 339040.957999999984168, 5642693.33600000012666 ] ] ] ] } },
{ "type": "Feature", "properties": { "fid": 273355.0, "oid": "DENW41AL30008KLTBL", "aktualit": "2024-08-20", "gebnutzbez": "Gebäude", "funktion": "Gemischt genutztes Gebäude mit Wohnen", "gfkzshh": "31001_1100", "rellage": null, "name": null, "anzahlgs": null, "gmdschl": "05362032", "lagebeztxt": "Hauptstraße 176", "bld area": 51 }, "geometry": { "type": "MultiPolygon", "coordinates": [ [ [ [ 339059.12699999997858, 5642697.608 ], [ 339051.664999999979045, 5642695.854000000283122 ], [ 339050.675999999977648, 5642698.934000000357628 ], [ 339049.537000000011176, 5642702.45299999974668 ], [ 339056.466000000014901, 5642704.102 ], [ 339059.12699999997858, 5642697.608 ] ] ] ] } },
{ "type": "Feature", "properties": { "fid": 274654.0, "oid": "DENW41AL30008LoaBL", "aktualit": "2024-08-20", "gebnutzbez": "Gebäude", "funktion": "Gebäude für Wirtschaft oder Gewerbe", "gfkzshh": "31001_2000", "rellage": null, "name": null, "anzahlgs": null, "gmdschl": "05362032", "lagebeztxt": null, "bld area": 19 }, "geometry": { "type": "MultiPolygon", "coordinates": [ [ [ [ 339044.25, 5642685.529 ], [ 339049.652, 5642686.899000000208616 ], [ 339050.430999999982305, 5642683.531000000424683 ], [ 339045.083999999973457, 5642682.153 ], [ 339044.25, 5642685.529 ] ] ] ] } },
{ "type": "Feature", "properties": { "fid": 275440.0, "oid": "DENW41AL30008MhKBL", "aktualit": "2024-08-20", "gebnutzbez": "Gebäude", "funktion": "Gebäude für Wirtschaft oder Gewerbe", "gfkzshh": "31001_2000", "rellage": null, "name": null, "anzahlgs": null, "gmdschl": "05362032", "lagebeztxt": null, "bld area": 17 }, "geometry": { "type": "MultiPolygon", "coordinates": [ [ [ [ 339045.15500000002794, 5642697.066999999806285 ], [ 339048.408, 5642697.764000000432134 ], [ 339048.261999999987893, 5642698.347 ], [ 339050.675999999977648, 5642698.934000000357628 ], [ 339051.664999999979045, 5642695.854000000283122 ], [ 339045.718, 5642694.45299999974668 ], [ 339045.15500000002794, 5642697.066999999806285 ] ] ] ] } },
{ "type": "Feature", "properties": { "fid": 277257.0, "oid": "DENW41AL30008OgjBL", "aktualit": "2024-08-20", "gebnutzbez": "Gebäude", "funktion": "Wohngebäude", "gfkzshh": "31001_1000", "rellage": null, "name": null, "anzahlgs": null, "gmdschl": "05362032", "lagebeztxt": null, "bld area": 17 }, "geometry": { "type": "MultiPolygon", "coordinates": [ [ [ [ 339049.652, 5642686.899000000208616 ], [ 339053.688000000023749, 5642687.924999999813735 ], [ 339054.62699999997858, 5642684.014999999664724 ], [ 339050.561999999976251, 5642682.964999999850988 ], [ 339050.430999999982305, 5642683.531000000424683 ], [ 339049.652, 5642686.899000000208616 ] ] ] ] } },
{ "type": "Feature", "properties": { "fid": 277271.0, "oid": "DENW41AL30008OhSBL", "aktualit": "2024-08-20", "gebnutzbez": "Gebäude", "funktion": "Gebäude zum Parken", "gfkzshh": "31001_2460", "rellage": null, "name": null, "anzahlgs": null, "gmdschl": "05362032", "lagebeztxt": null, "bld area": 6 }, "geometry": { "type": "MultiPolygon", "coordinates": [ [ [ [ 339061.147999999986496, 5642683.0 ], [ 339065.069000000017695, 5642684.018000000156462 ], [ 339065.40500000002794, 5642682.661999999545515 ], [ 339061.50199999997858, 5642681.646999999880791 ], [ 339061.147999999986496, 5642683.0 ] ] ] ] } },
{ "type": "Feature", "properties": { "fid": 158460.0, "oid": "DENW41AL30008JscBL", "aktualit": "2024-08-20", "gebnutzbez": "Gebäude", "funktion": "Wohngebäude", "gfkzshh": "31001_1000", "rellage": null, "name": null, "anzahlgs": null, "gmdschl": "05362032", "lagebeztxt": "Merkurweg 11", "bld area": 98 }, "geometry": { "type": "MultiPolygon", "coordinates": [ [ [ [ 338997.917000000015832, 5642691.254999999888241 ], [ 339009.356000000028871, 5642693.981999999843538 ], [ 339011.479, 5642685.974000000394881 ], [ 339000.060999999986961, 5642683.11600000038743 ], [ 338997.917000000015832, 5642691.254999999888241 ] ] ] ] } },
{ "type": "Feature", "properties": { "fid": 159533.0, "oid": "DENW41AL30008M2EBL", "aktualit": "2024-08-20", "gebnutzbez": "Gebäude", "funktion": "Wohngebäude", "gfkzshh": "31001_1000", "rellage": null, "name": null, "anzahlgs": null, "gmdschl": "05362032", "lagebeztxt": "Merkurweg 13", "bld area": 100 }, "geometry": { "type": "MultiPolygon", "coordinates": [ [ [ [ 339000.060999999986961, 5642683.11600000038743 ], [ 339011.479, 5642685.974000000394881 ], [ 339013.554, 5642677.747999999672174 ], [ 339002.136, 5642674.860999999567866 ], [ 339000.060999999986961, 5642683.11600000038743 ] ] ] ] } },
{ "type": "Feature", "properties": { "fid": 275533.0, "oid": "DENW41AL30008MoHBL", "aktualit": "2024-08-20", "gebnutzbez": "Gebäude", "funktion": "Wohngebäude", "gfkzshh": "31001_1000", "rellage": null, "name": null, "anzahlgs": null, "gmdschl": "05362032", "lagebeztxt": "Merkurweg 9", "bld area": 98 }, "geometry": { "type": "MultiPolygon", "coordinates": [ [ [ [ 339010.806578021554742, 5642701.117550413124263 ], [ 339011.619, 5642697.666000000201166 ], [ 339012.32, 5642694.689000000245869 ], [ 339009.356000000028871, 5642693.981999999843538 ], [ 338997.917000000015832, 5642691.254999999888241 ], [ 338997.210000000020955, 5642694.207000000402331 ], [ 338996.388248869101517, 5642697.635412961244583 ], [ 339010.806578021554742, 5642701.117550413124263 ] ] ] ] } },
{ "type": "Feature", "properties": { "fid": 274065.0, "oid": "DENW41AL30008L9YBL", "aktualit": "2024-08-20", "gebnutzbez": "Gebäude", "funktion": "Gemischt genutztes Gebäude mit Wohnen", "gfkzshh": "31001_1100", "rellage": null, "name": null, "anzahlgs": null, "gmdschl": "05362032", "lagebeztxt": "Hauptstraße 174", "bld area": 40 }, "geometry": { "type": "MultiPolygon", "coordinates": [ [ [ [ 339045.652, 5642709.53000000026077 ], [ 339053.587999999988824, 5642711.446999999694526 ], [ 339055.324000000022352, 5642706.985000000335276 ], [ 339050.483, 5642705.814000000245869 ], [ 339047.059, 5642704.983 ], [ 339045.652, 5642709.53000000026077 ] ] ] ] } },
{ "type": "Feature", "properties": { "fid": 275204.0, "oid": "DENW41AL30008MRgBL", "aktualit": "2024-08-20", "gebnutzbez": "Gebäude", "funktion": "Gebäude zum Parken", "gfkzshh": "31001_2460", "rellage": null, "name": null, "anzahlgs": null, "gmdschl": "05362032", "lagebeztxt": null, "bld area": 15 }, "geometry": { "type": "MultiPolygon", "coordinates": [ [ [ [ 339043.343, 5642704.085 ], [ 339047.059, 5642704.983 ], [ 339050.483, 5642705.814000000245869 ], [ 339051.145000000018626, 5642703.939000000245869 ], [ 339043.797000000020489, 5642702.193 ], [ 339043.343, 5642704.085 ] ] ] ] } },
{ "type": "Feature", "properties": { "fid": 276468.0, "oid": "DENW41AL30008NpxBL", "aktualit": "2024-08-20", "gebnutzbez": "Gebäude", "funktion": "Gebäude für Wirtschaft oder Gewerbe", "gfkzshh": "31001_2000", "rellage": null, "name": null, "anzahlgs": null, "gmdschl": "05362032", "lagebeztxt": null, "bld area": 116 }, "geometry": { "type": "MultiPolygon", "coordinates": [ [ [ [ 339027.907, 5642705.247000000439584 ], [ 339032.896, 5642706.450000000186265 ], [ 339036.375, 5642707.29 ], [ 339040.224999999976717, 5642708.218999999575317 ], [ 339045.652, 5642709.53000000026077 ], [ 339047.059, 5642704.983 ], [ 339043.343, 5642704.085 ], [ 339043.797000000020489, 5642702.193 ], [ 339039.202, 5642701.093999999575317 ], [ 339029.490999999979977, 5642698.784 ], [ 339029.443000000028405, 5642698.771999999880791 ], [ 339027.913999999989755, 5642705.218000000342727 ], [ 339027.907, 5642705.247000000439584 ] ] ] ] } },
{ "type": "Feature", "properties": { "fid": 61609.0, "oid": "DENW41AL30008MNBBL", "aktualit": "2024-08-20", "gebnutzbez": "Gebäude", "funktion": "Wohngebäude", "gfkzshh": "31001_1000", "rellage": null, "name": null, "anzahlgs": null, "gmdschl": "05362032", "lagebeztxt": null, "bld area": 100 }, "geometry": { "type": "MultiPolygon", "coordinates": [ [ [ [ 339041.918, 5642673.17200000025332 ], [ 339053.841000000014901, 5642676.11600000038743 ], [ 339054.12599999998929, 5642674.971 ], [ 339059.468, 5642676.313 ], [ 339060.62699999997858, 5642671.718000000342727 ], [ 339053.407, 5642669.893000000156462 ], [ 339043.321999999985565, 5642667.33600000012666 ], [ 339041.918, 5642673.17200000025332 ] ] ] ] } },
{ "type": "Feature", "properties": { "fid": 158339.0, "oid": "DENW41AL30008JeNBL", "aktualit": "2024-08-20", "gebnutzbez": "Gebäude", "funktion": "Gebäude für Wirtschaft oder Gewerbe", "gfkzshh": "31001_2000", "rellage": null, "name": null, "anzahlgs": null, "gmdschl": "05362032", "lagebeztxt": null, "bld area": 259 }, "geometry": { "type": "MultiPolygon", "coordinates": [ [ [ [ 339013.922000000020489, 5642669.38399999961257 ], [ 339041.142999999981839, 5642676.400000000372529 ], [ 339041.918, 5642673.17200000025332 ], [ 339043.321999999985565, 5642667.33600000012666 ], [ 339039.878000000026077, 5642666.463999999687076 ], [ 339021.413999999989755, 5642661.787999999709427 ], [ 339016.26500000001397, 5642660.483 ], [ 339013.922000000020489, 5642669.38399999961257 ] ] ] ] } },
{ "type": "Feature", "properties": { "fid": 274759.0, "oid": "DENW41AL30008LvxBL", "aktualit": "2024-08-20", "gebnutzbez": "Gebäude", "funktion": "Gebäude für Wirtschaft oder Gewerbe", "gfkzshh": "31001_2000", "rellage": null, "name": null, "anzahlgs": null, "gmdschl": "05362032", "lagebeztxt": null, "bld area": 148 }, "geometry": { "type": "MultiPolygon", "coordinates": [ [ [ [ 339039.878000000026077, 5642666.463999999687076 ], [ 339043.321999999985565, 5642667.33600000012666 ], [ 339053.407, 5642669.893000000156462 ], [ 339054.37699999997858, 5642665.426 ], [ 339055.121999999973923, 5642665.58600000012666 ], [ 339056.332, 5642659.876000000163913 ], [ 339046.830000000016298, 5642657.59499999973923 ], [ 339042.075000000011642, 5642656.451999999582767 ], [ 339039.878000000026077, 5642666.463999999687076 ] ] ] ] } },
{ "type": "Feature", "properties": { "fid": 276224.0, "oid": "DENW41AL30008NZRBL", "aktualit": "2024-08-20", "gebnutzbez": "Gebäude", "funktion": "Gemischt genutztes Gebäude mit Wohnen", "gfkzshh": "31001_1100", "rellage": null, "name": null, "anzahlgs": null, "gmdschl": "05362032", "lagebeztxt": "Hauptstraße 184", "bld area": 168 }, "geometry": { "type": "MultiPolygon", "coordinates": [ [ [ [ 339071.892, 5642663.612999999895692 ], [ 339058.087999999988824, 5642660.296 ], [ 339056.332, 5642659.876000000163913 ], [ 339055.121999999973923, 5642665.58600000012666 ], [ 339054.37699999997858, 5642665.426 ], [ 339053.407, 5642669.893000000156462 ], [ 339060.62699999997858, 5642671.718000000342727 ], [ 339068.958999999973457, 5642673.829 ], [ 339070.175999999977648, 5642668.17200000025332 ], [ 339070.799999999988358, 5642668.307 ], [ 339071.892, 5642663.612999999895692 ] ] ] ] } },
{ "type": "Feature", "properties": { "fid": 277269.0, "oid": "DENW41AL30008OhQBL", "aktualit": "2024-08-20", "gebnutzbez": "Gebäude", "funktion": "Gemischt genutztes Gebäude mit Wohnen", "gfkzshh": "31001_1100", "rellage": null, "name": null, "anzahlgs": null, "gmdschl": "05362032", "lagebeztxt": "Hauptstraße 182", "bld area": 55 }, "geometry": { "type": "MultiPolygon", "coordinates": [ [ [ [ 339059.052000000025146, 5642677.947999999858439 ], [ 339067.118000000016764, 5642679.977 ], [ 339067.561999999976251, 5642678.021999999880791 ], [ 339067.879000000015367, 5642678.088000000454485 ], [ 339068.978, 5642673.832999999634922 ], [ 339068.958999999973457, 5642673.829 ], [ 339060.62699999997858, 5642671.718000000342727 ], [ 339059.468, 5642676.313 ], [ 339059.179, 5642677.445000000298023 ], [ 339059.052000000025146, 5642677.947999999858439 ] ] ] ] } },
{ "type": "Feature", "properties": { "fid": 61932.0, "oid": "DENW41AL30008MpgBL", "aktualit": "2024-08-20", "gebnutzbez": "Gebäude", "funktion": "Wohngebäude", "gfkzshh": "31001_1000", "rellage": null, "name": null, "anzahlgs": null, "gmdschl": "05362032", "lagebeztxt": "Hauptstraße 240", "bld area": 72 }, "geometry": { "type": "MultiPolygon", "coordinates": [ [ [ [ 339096.841000000014901, 5642212.576999999582767 ], [ 339097.229999999981374, 5642212.604000000283122 ], [ 339097.006999999983236, 5642216.441999999806285 ], [ 339100.505, 5642216.682 ], [ 339100.708999999973457, 5642212.832000000402331 ], [ 339103.729999999981374, 5642213.031000000424683 ], [ 339103.76, 5642213.032999999821186 ], [ 339104.321999999985565, 5642204.627000000327826 ], [ 339104.327, 5642204.546 ], [ 339097.419999999983702, 5642204.082999999634922 ], [ 339097.413999999989755, 5642204.162999999709427 ], [ 339096.854999999981374, 5642212.388000000268221 ], [ 339096.841000000014901, 5642212.576999999582767 ] ] ] ] } },
{ "type": "Feature", "properties": { "fid": 158167.0, "oid": "DENW41AL30008JIPBL", "aktualit": "2024-08-20", "gebnutzbez": "Gebäude", "funktion": "Wohngebäude", "gfkzshh": "31001_1000", "rellage": null, "name": null, "anzahlgs": null, "gmdschl": "05362032", "lagebeztxt": "Merodestraße 2", "bld area": 93 }, "geometry": { "type": "MultiPolygon", "coordinates": [ [ [ [ 339081.797000000020489, 5642206.16399999987334 ], [ 339086.311999999976251, 5642206.911999999545515 ], [ 339086.087, 5642208.257000000216067 ], [ 339089.745999999984633, 5642208.873999999836087 ], [ 339089.977000000013504, 5642207.521999999880791 ], [ 339091.710000000020955, 5642197.418999999761581 ], [ 339083.191999999980908, 5642195.963000000454485 ], [ 339082.059, 5642202.412999999709427 ], [ 339081.797000000020489, 5642206.16399999987334 ] ] ] ] } },
{ "type": "Feature", "properties": { "fid": 159479.0, "oid": "DENW41AL30008LvhBL", "aktualit": "2024-08-20", "gebnutzbez": "Gebäude", "funktion": "Gebäude zum Parken", "gfkzshh": "31001_2460", "rellage": null, "name": null, "anzahlgs": null, "gmdschl": "05362032", "lagebeztxt": null, "bld area": 72 }, "geometry": { "type": "MultiPolygon", "coordinates": [ [ [ [ 339080.961000000010245, 5642223.388000000268221 ], [ 339092.909999999974389, 5642224.335 ], [ 339093.347, 5642218.349999999627471 ], [ 339081.435, 5642217.404 ], [ 339080.961000000010245, 5642223.388000000268221 ] ] ] ] } },
{ "type": "Feature", "properties": { "fid": 270062.0, "oid": "DENW41AL30008b7lBL", "aktualit": "2024-08-20", "gebnutzbez": "Sonstiges Bauwerk oder sonstige Einrichtung", "funktion": "Carport", "gfkzshh": "51009_1611", "rellage": null, "name": null, "anzahlgs": null, "gmdschl": "05362032", "lagebeztxt": null, "bld area": 23 }, "geometry": { "type": "MultiPolygon", "coordinates": [ [ [ [ 339094.065, 5642212.177000000141561 ], [ 339096.854999999981374, 5642212.388000000268221 ], [ 339097.413999999989755, 5642204.162999999709427 ], [ 339094.664999999979045, 5642203.949 ], [ 339094.065, 5642212.177000000141561 ] ] ] ] } },
{ "type": "Feature", "properties": { "fid": 62151.0, "oid": "DENW41AL30008N9ABL", "aktualit": "2024-08-20", "gebnutzbez": "Gebäude", "funktion": "Gebäude zum Parken", "gfkzshh": "31001_2460", "rellage": null, "name": null, "anzahlgs": null, "gmdschl": "05362032", "lagebeztxt": null, "bld area": 40 }, "geometry": { "type": "MultiPolygon", "coordinates": [ [ [ [ 339066.092, 5642255.293999999761581 ], [ 339073.303000000014435, 5642255.821999999694526 ], [ 339073.571, 5642252.217000000178814 ], [ 339072.142, 5642252.110999999567866 ], [ 339072.322999999974854, 5642249.69400000013411 ], [ 339066.511999999987893, 5642249.281999999657273 ], [ 339066.092, 5642255.293999999761581 ] ] ] ] } },
{ "type": "Feature", "properties": { "fid": 160742.0, "oid": "DENW41AL30008OQzBL", "aktualit": "2024-08-20", "gebnutzbez": "Gebäude", "funktion": "Wohngebäude", "gfkzshh": "31001_1000", "rellage": null, "name": null, "anzahlgs": null, "gmdschl": "05362032", "lagebeztxt": "Merodestraße 4 a", "bld area": 118 }, "geometry": { "type": "MultiPolygon", "coordinates": [ [ [ [ 339072.142, 5642252.110999999567866 ], [ 339073.571, 5642252.217000000178814 ], [ 339082.996999999973923, 5642252.91399999987334 ], [ 339083.789999999979045, 5642242.123999999836087 ], [ 339072.924999999988358, 5642241.332000000402331 ], [ 339072.322999999974854, 5642249.69400000013411 ], [ 339072.142, 5642252.110999999567866 ] ] ] ] } },
{ "type": "Feature", "properties": { "fid": 60850.0, "oid": "DENW41AL30008LHBBL", "aktualit": "2024-08-20", "gebnutzbez": "Gebäude", "funktion": "Wohngebäude", "gfkzshh": "31001_1000", "rellage": null, "name": null, "anzahlgs": null, "gmdschl": "05362032", "lagebeztxt": "Merodestraße 4", "bld area": 81 }, "geometry": { "type": "MultiPolygon", "coordinates": [ [ [ [ 339073.784999999974389, 5642204.82799999974668 ], [ 339081.797000000020489, 5642206.16399999987334 ], [ 339082.059, 5642202.412999999709427 ], [ 339083.191999999980908, 5642195.963000000454485 ], [ 339075.489, 5642194.650999999605119 ], [ 339073.784999999974389, 5642204.82799999974668 ] ] ] ] } },
{ "type": "Feature", "properties": { "fid": 276023.0, "oid": "DENW41AL30008NM2BL", "aktualit": "2024-08-20", "gebnutzbez": "Gebäude", "funktion": "Gebäude für Wirtschaft oder Gewerbe", "gfkzshh": "31001_2000", "rellage": null, "name": null, "anzahlgs": null, "gmdschl": "05362032", "lagebeztxt": null, "bld area": 21 }, "geometry": { "type": "MultiPolygon", "coordinates": [ [ [ [ 339077.433000000019092, 5642223.112999999895692 ], [ 339080.961000000010245, 5642223.388000000268221 ], [ 339081.435, 5642217.404 ], [ 339077.900000000023283, 5642217.125 ], [ 339077.433000000019092, 5642223.112999999895692 ] ] ] ] } },
{ "type": "Feature", "properties": { "fid": 59721.0, "oid": "DENW41AL30008JhEBL", "aktualit": "2024-08-20", "gebnutzbez": "Gebäude", "funktion": "Gebäude zum Parken", "gfkzshh": "31001_2460", "rellage": null, "name": null, "anzahlgs": null, "gmdschl": "05362032", "lagebeztxt": null, "bld area": 37 }, "geometry": { "type": "MultiPolygon", "coordinates": [ [ [ [ 339095.422000000020489, 5642279.173999999649823 ], [ 339103.574000000022352, 5642279.428000000305474 ], [ 339103.574000000022352, 5642274.893000000156462 ], [ 339095.547000000020489, 5642274.668999999761581 ], [ 339095.422000000020489, 5642279.173999999649823 ] ] ] ] } },
{ "type": "Feature", "properties": { "fid": 61480.0, "oid": "DENW41AL30008MBJBL", "aktualit": "2024-08-20", "gebnutzbez": "Gebäude", "funktion": "Wohngebäude", "gfkzshh": "31001_1000", "rellage": null, "name": null, "anzahlgs": null, "gmdschl": "05362032", "lagebeztxt": null, "bld area": 25 }, "geometry": { "type": "MultiPolygon", "coordinates": [ [ [ [ 339103.574000000022352, 5642274.893000000156462 ], [ 339103.574000000022352, 5642279.428000000305474 ], [ 339108.981000000028871, 5642279.654 ], [ 339108.929, 5642275.042000000365078 ], [ 339103.574000000022352, 5642274.893000000156462 ] ] ] ] } },
{ "type": "Feature", "properties": { "fid": 274371.0, "oid": "DENW41AL30008LU0BL", "aktualit": "2024-08-20", "gebnutzbez": "Gebäude", "funktion": "Wohngebäude", "gfkzshh": "31001_1000", "rellage": null, "name": null, "anzahlgs": null, "gmdschl": "05362032", "lagebeztxt": "Hauptstraße 232", "bld area": 65 }, "geometry": { "type": "MultiPolygon", "coordinates": [ [ [ [ 339111.832, 5642272.753999999724329 ], [ 339111.979, 5642279.78000000026077 ], [ 339121.042000000015832, 5642280.159 ], [ 339120.961000000010245, 5642272.785000000149012 ], [ 339111.832, 5642272.753999999724329 ] ] ] ] } },
{ "type": "Feature", "properties": { "fid": 273100.0, "oid": "DENW41AL30008K3tBL", "aktualit": "2024-08-20", "gebnutzbez": "Gebäude", "funktion": "Wohngebäude", "gfkzshh": "31001_1000", "rellage": null, "name": null, "anzahlgs": null, "gmdschl": "05362032", "lagebeztxt": null, "bld area": 86 }, "geometry": { "type": "MultiPolygon", "coordinates": [ [ [ [ 338954.403, 5642775.608 ], [ 338954.571, 5642775.701000000350177 ], [ 338954.681181830179412, 5642775.765272734686732 ], [ 338954.708999999973457, 5642775.781000000424683 ], [ 338954.715000000025611, 5642775.785000000149012 ], [ 338955.037000000011176, 5642775.94400000013411 ], [ 338955.341000000014901, 5642776.070000000298023 ], [ 338955.625, 5642776.167000000365078 ], [ 338955.89000000001397, 5642776.239 ], [ 338956.137999999977183, 5642776.287999999709427 ], [ 338956.456, 5642776.324 ], [ 338956.75, 5642776.32799999974668 ], [ 338957.028999999980442, 5642776.304999999701977 ], [ 338957.294999999983702, 5642776.253999999724329 ], [ 338957.728, 5642776.121000000275671 ], [ 338959.354999999981374, 5642773.247000000439584 ], [ 338960.643999999971129, 5642773.985000000335276 ], [ 338964.299999999988358, 5642767.536000000312924 ], [ 338963.007999999972526, 5642766.796 ], [ 338957.004000000015367, 5642763.360999999567866 ], [ 338954.53000000002794, 5642770.19400000013411 ], [ 338953.581, 5642769.61699999962002 ], [ 338952.400000000023283, 5642771.705 ], [ 338952.369, 5642773.434000000357628 ], [ 338952.418, 5642773.591 ], [ 338952.479, 5642773.744 ], [ 338952.554, 5642773.896999999880791 ], [ 338952.642999999981839, 5642774.052000000141561 ], [ 338952.797000000020489, 5642774.271999999880791 ], [ 338952.99800000002142, 5642774.507000000216067 ], [ 338953.266, 5642774.770999999716878 ], [ 338953.650000000023283, 5642775.091 ], [ 338954.016, 5642775.359000000171363 ], [ 338954.37300000002142, 5642775.591 ], [ 338954.403, 5642775.608 ] ] ] ] } },
{ "type": "Feature", "properties": { "fid": 62529.0, "oid": "DENW41AL30008NgOBL", "aktualit": "2024-08-20", "gebnutzbez": "Gebäude", "funktion": "Gebäude zum Parken", "gfkzshh": "31001_2460", "rellage": null, "name": null, "anzahlgs": null, "gmdschl": "05362032", "lagebeztxt": null, "bld area": 51 }, "geometry": { "type": "MultiPolygon", "coordinates": [ [ [ [ 338703.819000000017695, 5642637.485999999567866 ], [ 338709.951, 5642640.83600000012666 ], [ 338711.934, 5642637.127000000327826 ], [ 338712.582, 5642637.473000000230968 ], [ 338713.903, 5642634.997999999672174 ], [ 338707.163999999989755, 5642631.341 ], [ 338703.819000000017695, 5642637.485999999567866 ] ] ] ] } },
{ "type": "Feature", "properties": { "fid": 63468.0, "oid": "DENW41AL30008P01BL", "aktualit": "2024-08-20", "gebnutzbez": "Gebäude", "funktion": "Wohngebäude", "gfkzshh": "31001_1000", "rellage": null, "name": null, "anzahlgs": null, "gmdschl": "05362032", "lagebeztxt": "Am Kalkofen 37", "bld area": 87 }, "geometry": { "type": "MultiPolygon", "coordinates": [ [ [ [ 338696.51, 5642628.665 ], [ 338703.635, 5642632.433000000193715 ], [ 338708.795999999972992, 5642622.860000000335276 ], [ 338706.106000000028871, 5642621.451000000350177 ], [ 338702.21999999997206, 5642619.406000000424683 ], [ 338701.697999999974854, 5642619.13300000037998 ], [ 338701.212999999988824, 5642620.028 ], [ 338696.51, 5642628.665 ] ] ] ] } },
{ "type": "Feature", "properties": { "fid": 272746.0, "oid": "DENW41AL30008Jg7BL", "aktualit": "2024-08-20", "gebnutzbez": "Gebäude", "funktion": "Gebäude zur Freizeitgestaltung", "gfkzshh": "31001_1310", "rellage": null, "name": null, "anzahlgs": null, "gmdschl": "05362032", "lagebeztxt": null, "bld area": 7 }, "geometry": { "type": "MultiPolygon", "coordinates": [ [ [ [ 338730.56, 5642642.036000000312924 ], [ 338733.083999999973457, 5642643.445000000298023 ], [ 338734.24900000001071, 5642641.274000000208616 ], [ 338731.707, 5642639.928000000305474 ], [ 338730.56, 5642642.036000000312924 ] ] ] ] } },
{ "type": "Feature", "properties": { "fid": 275161.0, "oid": "DENW41AL30008MOvBL", "aktualit": "2024-08-20", "gebnutzbez": "Gebäude", "funktion": "Gebäude zum Parken", "gfkzshh": "31001_2460", "rellage": null, "name": null, "anzahlgs": null, "gmdschl": "05362032", "lagebeztxt": null, "bld area": 19 }, "geometry": { "type": "MultiPolygon", "coordinates": [ [ [ [ 338698.946, 5642618.877000000327826 ], [ 338701.212999999988824, 5642620.028 ], [ 338701.697999999974854, 5642619.13300000037998 ], [ 338702.21999999997206, 5642619.406000000424683 ], [ 338703.462, 5642616.987999999895692 ], [ 338704.702999999979511, 5642614.566999999806285 ], [ 338701.93, 5642613.349000000394881 ], [ 338701.849999999976717, 5642613.314000000245869 ], [ 338699.446999999985565, 5642617.945000000298023 ], [ 338698.946, 5642618.877000000327826 ] ] ] ] } },
{ "type": "Feature", "properties": { "fid": 275299.0, "oid": "DENW41AL30008MYgBL", "aktualit": "2024-08-20", "gebnutzbez": "Gebäude", "funktion": "Wohngebäude", "gfkzshh": "31001_1000", "rellage": null, "name": null, "anzahlgs": null, "gmdschl": "05362032", "lagebeztxt": "Am Kalkofen 35", "bld area": 87 }, "geometry": { "type": "MultiPolygon", "coordinates": [ [ [ [ 338709.739, 5642641.235000000335276 ], [ 338718.663999999989755, 5642645.980000000447035 ], [ 338721.207, 5642641.225999999791384 ], [ 338722.848, 5642638.159 ], [ 338722.635, 5642638.045 ], [ 338714.590000000025611, 5642633.712000000290573 ], [ 338713.903, 5642634.997999999672174 ], [ 338712.582, 5642637.473000000230968 ], [ 338711.934, 5642637.127000000327826 ], [ 338709.951, 5642640.83600000012666 ], [ 338709.739, 5642641.235000000335276 ] ] ] ] } },
{ "type": "Feature", "properties": { "fid": 275790.0, "oid": "DENW41AL30008N5bBL", "aktualit": "2024-08-20", "gebnutzbez": "Gebäude", "funktion": "Wohngebäude", "gfkzshh": "31001_1000", "rellage": null, "name": null, "anzahlgs": null, "gmdschl": "05362032", "lagebeztxt": null, "bld area": 12 }, "geometry": { "type": "MultiPolygon", "coordinates": [ [ [ [ 338702.21999999997206, 5642619.406000000424683 ], [ 338706.106000000028871, 5642621.451000000350177 ], [ 338707.153999999980442, 5642619.445000000298023 ], [ 338706.951, 5642618.837000000290573 ], [ 338703.462, 5642616.987999999895692 ], [ 338702.21999999997206, 5642619.406000000424683 ] ] ] ] } },
{ "type": "Feature", "properties": { "fid": 276206.0, "oid": "DENW41AL30008NYOBL", "aktualit": "2024-08-20", "gebnutzbez": "Gebäude", "funktion": "Gebäude zum Parken", "gfkzshh": "31001_2460", "rellage": null, "name": null, "anzahlgs": null, "gmdschl": "05362032", "lagebeztxt": null, "bld area": 25 }, "geometry": { "type": "MultiPolygon", "coordinates": [ [ [ [ 338721.207, 5642641.225999999791384 ], [ 338724.691999999980908, 5642643.049999999813735 ], [ 338726.51, 5642639.775999999605119 ], [ 338727.609, 5642637.79700000025332 ], [ 338723.852000000013504, 5642635.796 ], [ 338722.635, 5642638.045 ], [ 338722.848, 5642638.159 ], [ 338721.207, 5642641.225999999791384 ] ] ] ] } },
{ "type": "Feature", "properties": { "fid": 276520.0, "oid": "DENW41AL30008NtTBL", "aktualit": "2024-08-20", "gebnutzbez": "Gebäude", "funktion": "Gebäude zum Parken", "gfkzshh": "31001_2460", "rellage": null, "name": null, "anzahlgs": null, "gmdschl": "05362032", "lagebeztxt": null, "bld area": 18 }, "geometry": { "type": "MultiPolygon", "coordinates": [ [ [ [ 338728.886999999987893, 5642651.156000000424683 ], [ 338731.608, 5642652.619 ], [ 338734.413999999989755, 5642647.534 ], [ 338731.693000000028405, 5642646.070000000298023 ], [ 338728.886999999987893, 5642651.156000000424683 ] ] ] ] } },
{ "type": "Feature", "properties": { "fid": 276893.0, "oid": "DENW41AL30008OIBBL", "aktualit": "2024-08-20", "gebnutzbez": "Gebäude", "funktion": "Gebäude zum Parken", "gfkzshh": "31001_2460", "rellage": null, "name": null, "anzahlgs": null, "gmdschl": "05362032", "lagebeztxt": null, "bld area": 49 }, "geometry": { "type": "MultiPolygon", "coordinates": [ [ [ [ 338723.325000000011642, 5642645.512000000104308 ], [ 338729.950000000011642, 5642649.187 ], [ 338733.083999999973457, 5642643.445000000298023 ], [ 338730.56, 5642642.036000000312924 ], [ 338726.51, 5642639.775999999605119 ], [ 338724.691999999980908, 5642643.049999999813735 ], [ 338723.325000000011642, 5642645.512000000104308 ] ] ] ] } },
{ "type": "Feature", "properties": { "fid": 61326.0, "oid": "DENW41AL30008LxIBL", "aktualit": "2024-08-20", "gebnutzbez": "Gebäude", "funktion": "Gebäude zum Parken", "gfkzshh": "31001_2460", "rellage": null, "name": null, "anzahlgs": null, "gmdschl": "05362032", "lagebeztxt": null, "bld area": 23 }, "geometry": { "type": "MultiPolygon", "coordinates": [ [ [ [ 338718.462999999988824, 5642610.045 ], [ 338722.011, 5642611.620000000111759 ], [ 338724.462, 5642606.11600000038743 ], [ 338720.897999999986496, 5642604.536000000312924 ], [ 338718.462999999988824, 5642610.045 ] ] ] ] } },
{ "type": "Feature", "properties": { "fid": 61979.0, "oid": "DENW41AL30008MtLBL", "aktualit": "2024-08-20", "gebnutzbez": "Gebäude", "funktion": "Wohngebäude", "gfkzshh": "31001_1000", "rellage": null, "name": null, "anzahlgs": null, "gmdschl": "05362032", "lagebeztxt": "Wiesenstraße 40", "bld area": 50 }, "geometry": { "type": "MultiPolygon", "coordinates": [ [ [ [ 338707.971000000019558, 5642597.820000000298023 ], [ 338713.004000000015367, 5642600.059999999590218 ], [ 338716.392999999981839, 5642592.352 ], [ 338711.395000000018626, 5642590.143000000156462 ], [ 338710.48599999997532, 5642592.190000000409782 ], [ 338709.294, 5642591.657999999821186 ], [ 338708.065, 5642594.388000000268221 ], [ 338709.262999999977183, 5642594.923000000417233 ], [ 338707.971000000019558, 5642597.820000000298023 ] ] ] ] } },
{ "type": "Feature", "properties": { "fid": 62501.0, "oid": "DENW41AL30008NdmBL", "aktualit": "2024-08-20", "gebnutzbez": "Gebäude", "funktion": "Gebäude zum Parken", "gfkzshh": "31001_2460", "rellage": null, "name": null, "anzahlgs": null, "gmdschl": "05362032", "lagebeztxt": null, "bld area": 16 }, "geometry": { "type": "MultiPolygon", "coordinates": [ [ [ [ 338703.12699999997858, 5642602.588000000454485 ], [ 338705.395000000018626, 5642603.598000000230968 ], [ 338707.971000000019558, 5642597.820000000298023 ], [ 338705.659999999974389, 5642596.791000000201166 ], [ 338703.444000000017695, 5642601.864 ], [ 338703.12699999997858, 5642602.588000000454485 ] ] ] ] } },
{ "type": "Feature", "properties": { "fid": 63253.0, "oid": "DENW41AL30008OhrBL", "aktualit": "2024-08-20", "gebnutzbez": "Gebäude", "funktion": "Gebäude zum Parken", "gfkzshh": "31001_2460", "rellage": null, "name": null, "anzahlgs": null, "gmdschl": "05362032", "lagebeztxt": null, "bld area": 37 }, "geometry": { "type": "MultiPolygon", "coordinates": [ [ [ [ 338699.770000000018626, 5642600.199 ], [ 338703.444000000017695, 5642601.864 ], [ 338705.659999999974389, 5642596.791000000201166 ], [ 338707.060999999986961, 5642593.58600000012666 ], [ 338704.472, 5642592.411999999545515 ], [ 338703.316, 5642591.911999999545515 ], [ 338701.172000000020489, 5642596.861999999731779 ], [ 338699.770000000018626, 5642600.199 ] ] ] ] } },
{ "type": "Feature", "properties": { "fid": 159239.0, "oid": "DENW41AL30008LPgBL", "aktualit": "2024-08-20", "gebnutzbez": "Gebäude", "funktion": "Gebäude zur Freizeitgestaltung", "gfkzshh": "31001_1310", "rellage": null, "name": null, "anzahlgs": null, "gmdschl": "05362032", "lagebeztxt": null, "bld area": 12 }, "geometry": { "type": "MultiPolygon", "coordinates": [ [ [ [ 338706.308000000019092, 5642615.270999999716878 ], [ 338709.055, 5642616.475999999791384 ], [ 338710.713999999978114, 5642612.705 ], [ 338707.967, 5642611.5 ], [ 338706.308000000019092, 5642615.270999999716878 ] ] ] ] } },
{ "type": "Feature", "properties": { "fid": 159451.0, "oid": "DENW41AL30008LsBBL", "aktualit": "2024-08-20", "gebnutzbez": "Gebäude", "funktion": "Wohngebäude", "gfkzshh": "31001_1000", "rellage": null, "name": null, "anzahlgs": null, "gmdschl": "05362032", "lagebeztxt": "Wiesenstraße 38", "bld area": 50 }, "geometry": { "type": "MultiPolygon", "coordinates": [ [ [ [ 338713.004000000015367, 5642600.059999999590218 ], [ 338717.965000000025611, 5642602.265999999828637 ], [ 338719.25199999997858, 5642599.378999999724329 ], [ 338720.452999999979511, 5642599.918999999761581 ], [ 338721.685999999986961, 5642597.195000000298023 ], [ 338720.452, 5642596.643000000156462 ], [ 338721.38, 5642594.553000000305474 ], [ 338716.392999999981839, 5642592.352 ], [ 338713.004000000015367, 5642600.059999999590218 ] ] ] ] } },
{ "type": "Feature", "properties": { "fid": 160214.0, "oid": "DENW41AL30008NOUBL", "aktualit": "2024-08-20", "gebnutzbez": "Gebäude", "funktion": "Gebäude zum Parken", "gfkzshh": "31001_2460", "rellage": null, "name": null, "anzahlgs": null, "gmdschl": "05362032", "lagebeztxt": null, "bld area": 18 }, "geometry": { "type": "MultiPolygon", "coordinates": [ [ [ [ 338715.495999999984633, 5642607.507000000216067 ], [ 338718.822999999974854, 5642609.046 ], [ 338720.919999999983702, 5642604.484000000171363 ], [ 338717.599999999976717, 5642602.968999999575317 ], [ 338715.495999999984633, 5642607.507000000216067 ] ] ] ] } },
{ "type": "Feature", "properties": { "fid": 63097.0, "oid": "DENW41AL30008OTcBL", "aktualit": "2024-08-20", "gebnutzbez": "Gebäude", "funktion": "Wohngebäude", "gfkzshh": "31001_1000", "rellage": null, "name": null, "anzahlgs": null, "gmdschl": "05362032", "lagebeztxt": "Am Kalkofen 29", "bld area": 40 }, "geometry": { "type": "MultiPolygon", "coordinates": [ [ [ [ 338736.431999999971595, 5642652.736999999731779 ], [ 338744.397, 5642657.178999999538064 ], [ 338746.521, 5642653.309000000357628 ], [ 338738.566999999980908, 5642648.86600000038743 ], [ 338736.431999999971595, 5642652.736999999731779 ] ] ] ] } },
{ "type": "Feature", "properties": { "fid": 158180.0, "oid": "DENW41AL30008JKLBL", "aktualit": "2024-08-20", "gebnutzbez": "Gebäude", "funktion": "Gebäude zum Parken", "gfkzshh": "31001_2460", "rellage": null, "name": null, "anzahlgs": null, "gmdschl": "05362032", "lagebeztxt": null, "bld area": 13 }, "geometry": { "type": "MultiPolygon", "coordinates": [ [ [ [ 338750.038999999989755, 5642649.441999999806285 ], [ 338750.164999999979045, 5642649.509999999776483 ], [ 338752.549999999988358, 5642650.791000000201166 ], [ 338754.667000000015832, 5642646.941999999806285 ], [ 338752.243000000016764, 5642645.639999999664724 ], [ 338752.156000000017229, 5642645.593999999575317 ], [ 338750.038999999989755, 5642649.441999999806285 ] ] ] ] } },
{ "type": "Feature", "properties": { "fid": 158717.0, "oid": "DENW41AL30008KO8BL", "aktualit": "2024-08-20", "gebnutzbez": "Gebäude", "funktion": "Gebäude für Wirtschaft oder Gewerbe", "gfkzshh": "31001_2000", "rellage": null, "name": null, "anzahlgs": null, "gmdschl": "05362032", "lagebeztxt": null, "bld area": 224 }, "geometry": { "type": "MultiPolygon", "coordinates": [ [ [ [ 338738.566999999980908, 5642648.86600000038743 ], [ 338746.521, 5642653.309000000357628 ], [ 338747.585000000020955, 5642653.903 ], [ 338750.038999999989755, 5642649.441999999806285 ], [ 338752.156000000017229, 5642645.593999999575317 ], [ 338756.882999999972526, 5642637.002999999560416 ], [ 338758.026000000012573, 5642634.928999999538064 ], [ 338749.037000000011176, 5642629.878999999724329 ], [ 338738.566999999980908, 5642648.86600000038743 ] ] ] ] } },
{ "type": "Feature", "properties": { "fid": 159664.0, "oid": "DENW41AL30008MIiBL", "aktualit": "2024-08-20", "gebnutzbez": "Gebäude", "funktion": "Wohngebäude", "gfkzshh": "31001_1000", "rellage": null, "name": null, "anzahlgs": null, "gmdschl": "05362032", "lagebeztxt": "Am Kalkofen 23", "bld area": 54 }, "geometry": { "type": "MultiPolygon", "coordinates": [ [ [ [ 338762.768999999971129, 5642669.674999999813735 ], [ 338768.99900000001071, 5642673.043999999761581 ], [ 338772.577, 5642666.36600000038743 ], [ 338766.342, 5642662.994 ], [ 338762.768999999971129, 5642669.674999999813735 ] ] ] ] } },
{ "type": "Feature", "properties": { "fid": 159913.0, "oid": "DENW41AL30008MmTBL", "aktualit": "2024-08-20", "gebnutzbez": "Gebäude", "funktion": "Wohngebäude", "gfkzshh": "31001_1000", "rellage": null, "name": null, "anzahlgs": null, "gmdschl": "05362032", "lagebeztxt": "Am Kalkofen 25", "bld area": 68 }, "geometry": { "type": "MultiPolygon", "coordinates": [ [ [ [ 338752.082, 5642663.895999999716878 ], [ 338758.731000000028871, 5642667.504999999888241 ], [ 338763.00099999998929, 5642659.537999999709427 ], [ 338760.132999999972526, 5642657.986999999731779 ], [ 338756.511, 5642656.029 ], [ 338752.082, 5642663.895999999716878 ] ] ] ] } },
{ "type": "Feature", "properties": { "fid": 160816.0, "oid": "DENW41AL30008OaXBL", "aktualit": "2024-08-20", "gebnutzbez": "Gebäude", "funktion": "Wohngebäude", "gfkzshh": "31001_1000", "rellage": null, "name": null, "anzahlgs": null, "gmdschl": "05362032", "lagebeztxt": "Am Kalkofen 27", "bld area": 57 }, "geometry": { "type": "MultiPolygon", "coordinates": [ [ [ [ 338746.571999999985565, 5642660.904 ], [ 338752.082, 5642663.895999999716878 ], [ 338756.511, 5642656.029 ], [ 338750.918, 5642653.004999999888241 ], [ 338746.571999999985565, 5642660.904 ] ] ] ] } },
{ "type": "Feature", "properties": { "fid": 273261.0, "oid": "DENW41AL30008KFdBL", "aktualit": "2024-08-20", "gebnutzbez": "Gebäude", "funktion": "Gebäude zum Parken", "gfkzshh": "31001_2460", "rellage": null, "name": null, "anzahlgs": null, "gmdschl": "05362032", "lagebeztxt": null, "bld area": 23 }, "geometry": { "type": "MultiPolygon", "coordinates": [ [ [ [ 338764.146, 5642653.854000000283122 ], [ 338767.674999999988358, 5642655.746000000275671 ], [ 338769.699000000022352, 5642651.96999999973923 ], [ 338770.393999999971129, 5642650.673999999649823 ], [ 338766.864, 5642648.781999999657273 ], [ 338764.146, 5642653.854000000283122 ] ] ] ] } },
{ "type": "Feature", "properties": { "fid": 275589.0, "oid": "DENW41AL30008MrxBL", "aktualit": "2024-08-20", "gebnutzbez": "Gebäude", "funktion": "Wohngebäude", "gfkzshh": "31001_1000", "rellage": null, "name": null, "anzahlgs": null, "gmdschl": "05362032", "lagebeztxt": null, "bld area": 53 }, "geometry": { "type": "MultiPolygon", "coordinates": [ [ [ [ 338756.882999999972526, 5642637.002999999560416 ], [ 338764.825000000011642, 5642641.269000000320375 ], [ 338768.104999999981374, 5642636.190000000409782 ], [ 338762.232000000018161, 5642633.031000000424683 ], [ 338761.550999999977648, 5642632.665 ], [ 338761.012999999977183, 5642632.745000000111759 ], [ 338760.488000000012107, 5642632.889000000432134 ], [ 338759.984, 5642633.09499999973923 ], [ 338759.509000000020023, 5642633.360999999567866 ], [ 338759.07, 5642633.683000000193715 ], [ 338758.672000000020489, 5642634.054999999701977 ], [ 338758.322999999974854, 5642634.472 ], [ 338758.026000000012573, 5642634.928999999538064 ], [ 338756.882999999972526, 5642637.002999999560416 ] ] ] ] } },
{ "type": "Feature", "properties": { "fid": 275749.0, "oid": "DENW41AL30008N2kBL", "aktualit": "2024-08-20", "gebnutzbez": "Gebäude", "funktion": "Wohngebäude", "gfkzshh": "31001_1000", "rellage": null, "name": null, "anzahlgs": null, "gmdschl": "05362032", "lagebeztxt": null, "bld area": 14 }, "geometry": { "type": "MultiPolygon", "coordinates": [ [ [ [ 338756.511, 5642656.029 ], [ 338760.132999999972526, 5642657.986999999731779 ], [ 338761.858, 5642654.924999999813735 ], [ 338758.23599999997532, 5642652.967000000178814 ], [ 338756.511, 5642656.029 ] ] ] ] } },
{ "type": "Feature", "properties": { "fid": 63003.0, "oid": "DENW41AL30008OLJBL", "aktualit": "2024-08-20", "gebnutzbez": "Gebäude", "funktion": "Gebäude zum Parken", "gfkzshh": "31001_2460", "rellage": null, "name": null, "anzahlgs": null, "gmdschl": "05362032", "lagebeztxt": null, "bld area": 26 }, "geometry": { "type": "MultiPolygon", "coordinates": [ [ [ [ 338734.434, 5642617.156999999657273 ], [ 338737.396, 5642618.456000000238419 ], [ 338738.215000000025611, 5642618.815000000409782 ], [ 338740.135, 5642615.355999999679625 ], [ 338741.108, 5642613.144999999552965 ], [ 338737.75199999997858, 5642611.662999999709427 ], [ 338737.536000000021886, 5642611.568 ], [ 338736.542000000015832, 5642613.360999999567866 ], [ 338734.434, 5642617.156999999657273 ] ] ] ] } },
{ "type": "Feature", "properties": { "fid": 159350.0, "oid": "DENW41AL30008LfMBL", "aktualit": "2024-08-20", "gebnutzbez": "Gebäude", "funktion": "Wohngebäude", "gfkzshh": "31001_1000", "rellage": null, "name": null, "anzahlgs": null, "gmdschl": "05362032", "lagebeztxt": "Wiesenstraße 34", "bld area": 74 }, "geometry": { "type": "MultiPolygon", "coordinates": [ [ [ [ 338730.163, 5642608.309999999590218 ], [ 338737.536000000021886, 5642611.568 ], [ 338737.75199999997858, 5642611.662999999709427 ], [ 338741.177000000025146, 5642603.30599999986589 ], [ 338733.82, 5642600.054999999701977 ], [ 338730.579000000027008, 5642607.369 ], [ 338730.163, 5642608.309999999590218 ] ] ] ] } },
{ "type": "Feature", "properties": { "fid": 274700.0, "oid": "DENW41AL30008Ls3BL", "aktualit": "2024-08-20", "gebnutzbez": "Gebäude", "funktion": "Wohngebäude", "gfkzshh": "31001_1000", "rellage": null, "name": null, "anzahlgs": null, "gmdschl": "05362032", "lagebeztxt": "Wiesenstraße 32", "bld area": 52 }, "geometry": { "type": "MultiPolygon", "coordinates": [ [ [ [ 338744.505, 5642614.199 ], [ 338744.636, 5642614.254999999888241 ], [ 338750.13, 5642616.587000000290573 ], [ 338753.574000000022352, 5642608.782999999821186 ], [ 338747.994, 5642606.409 ], [ 338744.505, 5642614.199 ] ] ] ] } },
{ "type": "Feature", "properties": { "fid": 274992.0, "oid": "DENW41AL30008MCyBL", "aktualit": "2024-08-20", "gebnutzbez": "Gebäude", "funktion": "Wohngebäude", "gfkzshh": "31001_1000", "rellage": null, "name": null, "anzahlgs": null, "gmdschl": "05362032", "lagebeztxt": "Wiesenstraße 36", "bld area": 49 }, "geometry": { "type": "MultiPolygon", "coordinates": [ [ [ [ 338725.093999999982771, 5642604.941999999806285 ], [ 338730.579000000027008, 5642607.369 ], [ 338733.82, 5642600.054999999701977 ], [ 338728.146, 5642597.546 ], [ 338725.093999999982771, 5642604.941999999806285 ] ] ] ] } },
{ "type": "Feature", "properties": { "fid": 61525.0, "oid": "DENW41AL30008MFIBL", "aktualit": "2024-08-20", "gebnutzbez": "Gebäude", "funktion": "Wohngebäude", "gfkzshh": "31001_1000", "rellage": null, "name": null, "anzahlgs": null, "gmdschl": "05362032", "lagebeztxt": "Wiesenstraße 30", "bld area": 50 }, "geometry": { "type": "MultiPolygon", "coordinates": [ [ [ [ 338758.898987318563741, 5642611.248820965178311 ], [ 338753.574000000022352, 5642608.782999999821186 ], [ 338750.13, 5642616.587000000290573 ], [ 338755.521, 5642619.109000000171363 ], [ 338757.217, 5642615.045 ], [ 338758.898987318563741, 5642611.248820965178311 ] ] ] ] } },
{ "type": "Feature", "properties": { "fid": 272079.0, "oid": "DENW41AL2YC00095BL", "aktualit": "2024-08-20", "gebnutzbez": "Gebäude", "funktion": "Wohngebäude", "gfkzshh": "31001_1000", "rellage": null, "name": null, "anzahlgs": null, "gmdschl": "05362032", "lagebeztxt": "Wiesenstraße 28", "bld area": 67 }, "geometry": { "type": "MultiPolygon", "coordinates": [ [ [ [ 338757.773954739794135, 5642614.035519533790648 ], [ 338755.548, 5642619.121000000275671 ], [ 338754.934, 5642620.523 ], [ 338760.995999999984633, 5642623.208999999798834 ], [ 338765.135, 5642614.036000000312924 ], [ 338759.220325935690198, 5642611.413971740752459 ], [ 338757.773954739794135, 5642614.035519533790648 ] ] ] ] } },
{ "type": "Feature", "properties": { "fid": 60636.0, "oid": "DENW41AL30008KxvBL", "aktualit": "2024-08-20", "gebnutzbez": "Gebäude", "funktion": "Wohngebäude", "gfkzshh": "31001_1000", "rellage": null, "name": null, "anzahlgs": null, "gmdschl": "05362032", "lagebeztxt": "Wiesenstraße 24", "bld area": 82 }, "geometry": { "type": "MultiPolygon", "coordinates": [ [ [ [ 338773.386999999987893, 5642627.096 ], [ 338779.511, 5642629.846 ], [ 338781.962, 5642630.947999999858439 ], [ 338785.537000000011176, 5642622.909 ], [ 338783.117000000027474, 5642621.837000000290573 ], [ 338776.945, 5642619.109000000171363 ], [ 338773.386999999987893, 5642627.096 ] ] ] ] } },
{ "type": "Feature", "properties": { "fid": 62985.0, "oid": "DENW41AL30008OK7BL", "aktualit": "2024-08-20", "gebnutzbez": "Gebäude", "funktion": "Gebäude für Land- und Forstwirtschaft", "gfkzshh": "31001_2700", "rellage": null, "name": null, "anzahlgs": null, "gmdschl": "05362032", "lagebeztxt": null, "bld area": 11 }, "geometry": { "type": "MultiPolygon", "coordinates": [ [ [ [ 338769.593999999982771, 5642633.884999999776483 ], [ 338772.537000000011176, 5642635.787999999709427 ], [ 338774.293, 5642633.079 ], [ 338771.34499999997206, 5642631.173000000417233 ], [ 338769.593999999982771, 5642633.884999999776483 ] ] ] ] } },
{ "type": "Feature", "properties": { "fid": 273209.0, "oid": "DENW41AL30008KBtBL", "aktualit": "2024-08-20", "gebnutzbez": "Gebäude", "funktion": "Wohngebäude", "gfkzshh": "31001_1000", "rellage": null, "name": null, "anzahlgs": null, "gmdschl": "05362032", "lagebeztxt": null, "bld area": 69 }, "geometry": { "type": "MultiPolygon", "coordinates": [ [ [ [ 338762.232000000018161, 5642633.031000000424683 ], [ 338768.104999999981374, 5642636.190000000409782 ], [ 338769.593999999982771, 5642633.884999999776483 ], [ 338771.34499999997206, 5642631.173000000417233 ], [ 338772.077, 5642630.03899999987334 ], [ 338773.386999999987893, 5642627.096 ], [ 338767.585000000020955, 5642624.489 ], [ 338762.232000000018161, 5642633.031000000424683 ] ] ] ] } },
{ "type": "Feature", "properties": { "fid": 273528.0, "oid": "DENW41AL30008KYNBL", "aktualit": "2024-08-20", "gebnutzbez": "Gebäude", "funktion": "Gebäude zum Parken", "gfkzshh": "31001_2460", "rellage": null, "name": null, "anzahlgs": null, "gmdschl": "05362032", "lagebeztxt": null, "bld area": 19 }, "geometry": { "type": "MultiPolygon", "coordinates": [ [ [ [ 338766.65500000002794, 5642657.650999999605119 ], [ 338769.261, 5642659.052000000141561 ], [ 338770.283999999985099, 5642657.144000000320375 ], [ 338772.305999999982305, 5642653.371000000275671 ], [ 338769.699000000022352, 5642651.96999999973923 ], [ 338767.674999999988358, 5642655.746000000275671 ], [ 338766.65500000002794, 5642657.650999999605119 ] ] ] ] } },
{ "type": "Feature", "properties": { "fid": 273852.0, "oid": "DENW41AL30008KujBL", "aktualit": "2024-08-20", "gebnutzbez": "Gebäude", "funktion": "Wohngebäude", "gfkzshh": "31001_1000", "rellage": null, "name": null, "anzahlgs": null, "gmdschl": "05362032", "lagebeztxt": "Wiesenstraße 26", "bld area": 56 }, "geometry": { "type": "MultiPolygon", "coordinates": [ [ [ [ 338767.585000000020955, 5642624.489 ], [ 338773.386999999987893, 5642627.096 ], [ 338776.945, 5642619.109000000171363 ], [ 338770.983, 5642616.474999999627471 ], [ 338767.585000000020955, 5642624.489 ] ] ] ] } },
{ "type": "Feature", "properties": { "fid": 60741.0, "oid": "DENW41AL30008L7SBL", "aktualit": "2024-08-20", "gebnutzbez": "Gebäude", "funktion": "Wohngebäude", "gfkzshh": "31001_1000", "rellage": null, "name": null, "anzahlgs": null, "gmdschl": "05362032", "lagebeztxt": "Grabenweg 15", "bld area": 78 }, "geometry": { "type": "MultiPolygon", "coordinates": [ [ [ [ 338809.51500000001397, 5642318.410000000149012 ], [ 338817.483, 5642318.701999999582767 ], [ 338817.870999999984633, 5642308.932 ], [ 338813.927000000025146, 5642308.787999999709427 ], [ 338810.022999999986496, 5642308.644999999552965 ], [ 338809.87300000002142, 5642308.639999999664724 ], [ 338809.726000000024214, 5642312.654 ], [ 338809.51500000001397, 5642318.410000000149012 ] ] ] ] } },
{ "type": "Feature", "properties": { "fid": 158197.0, "oid": "DENW41AL30008JMKBL", "aktualit": "2024-08-20", "gebnutzbez": "Gebäude", "funktion": "Gebäude zum Parken", "gfkzshh": "31001_2460", "rellage": null, "name": null, "anzahlgs": null, "gmdschl": "05362032", "lagebeztxt": null, "bld area": 18 }, "geometry": { "type": "MultiPolygon", "coordinates": [ [ [ [ 338826.131, 5642313.44400000013411 ], [ 338828.859, 5642313.531999999657273 ], [ 338828.949000000022352, 5642308.887000000104308 ], [ 338829.021, 5642306.932 ], [ 338826.34499999997206, 5642306.84499999973923 ], [ 338826.261, 5642309.240000000223517 ], [ 338826.131, 5642313.44400000013411 ] ] ] ] } },
{ "type": "Feature", "properties": { "fid": 276721.0, "oid": "DENW41AL30008O7RBL", "aktualit": "2024-08-20", "gebnutzbez": "Gebäude", "funktion": "Wohngebäude", "gfkzshh": "31001_1000", "rellage": null, "name": null, "anzahlgs": null, "gmdschl": "05362032", "lagebeztxt": "Grabenweg 13", "bld area": 82 }, "geometry": { "type": "MultiPolygon", "coordinates": [ [ [ [ 338817.483, 5642318.701999999582767 ], [ 338825.952999999979511, 5642318.945000000298023 ], [ 338826.131, 5642313.44400000013411 ], [ 338826.261, 5642309.240000000223517 ], [ 338817.870999999984633, 5642308.932 ], [ 338817.483, 5642318.701999999582767 ] ] ] ] } },
{ "type": "Feature", "properties": { "fid": 159361.0, "oid": "DENW41AL30008LgWBL", "aktualit": "2024-08-20", "gebnutzbez": "Gebäude", "funktion": "Gebäude zum Parken", "gfkzshh": "31001_2460", "rellage": null, "name": null, "anzahlgs": null, "gmdschl": "05362032", "lagebeztxt": null, "bld area": 20 }, "geometry": { "type": "MultiPolygon", "coordinates": [ [ [ [ 338834.976000000024214, 5642309.428999999538064 ], [ 338841.065, 5642310.166000000201166 ], [ 338841.386, 5642307.224000000394881 ], [ 338841.007999999972526, 5642307.183000000193715 ], [ 338841.041000000026543, 5642306.907999999821186 ], [ 338835.358, 5642306.240000000223517 ], [ 338834.976000000024214, 5642309.428999999538064 ] ] ] ] } },
{ "type": "Feature", "properties": { "fid": 275384.0, "oid": "DENW41AL30008MdwBL", "aktualit": "2024-08-20", "gebnutzbez": "Gebäude", "funktion": "Wohngebäude", "gfkzshh": "31001_1000", "rellage": null, "name": null, "anzahlgs": null, "gmdschl": "05362032", "lagebeztxt": "Hebbelstraße 2", "bld area": 85 }, "geometry": { "type": "MultiPolygon", "coordinates": [ [ [ [ 338839.840000000025611, 5642301.78899999987334 ], [ 338841.621999999973923, 5642302.001000000163913 ], [ 338841.041000000026543, 5642306.907999999821186 ], [ 338841.007999999972526, 5642307.183000000193715 ], [ 338841.386, 5642307.224000000394881 ], [ 338850.463999999978114, 5642308.281999999657273 ], [ 338851.424999999988358, 5642300.020999999716878 ], [ 338843.200000000011642, 5642299.068 ], [ 338843.228, 5642298.822999999858439 ], [ 338840.229999999981374, 5642298.475999999791384 ], [ 338839.840000000025611, 5642301.78899999987334 ] ] ] ] } },
{ "type": "Feature", "properties": { "fid": 274488.0, "oid": "DENW41AL30008LciBL", "aktualit": "2024-08-20", "gebnutzbez": "Gebäude", "funktion": "Wohngebäude", "gfkzshh": "31001_1000", "rellage": null, "name": null, "anzahlgs": null, "gmdschl": "05362032", "lagebeztxt": "Hebbelstraße 2 a", "bld area": 82 }, "geometry": { "type": "MultiPolygon", "coordinates": [ [ [ [ 338838.577999999979511, 5642320.730000000447035 ], [ 338848.906000000017229, 5642321.935999999754131 ], [ 338849.821, 5642314.127999999560416 ], [ 338839.48499999998603, 5642312.923999999649823 ], [ 338838.577999999979511, 5642320.730000000447035 ] ] ] ] } },
{ "type": "Feature", "properties": { "fid": 62669.0, "oid": "DENW41AL30008NsuBL", "aktualit": "2024-08-20", "gebnutzbez": "Gebäude", "funktion": "Gebäude zum Parken", "gfkzshh": "31001_2460", "rellage": null, "name": null, "anzahlgs": null, "gmdschl": "05362032", "lagebeztxt": null, "bld area": 27 }, "geometry": { "type": "MultiPolygon", "coordinates": [ [ [ [ 338803.792000000015832, 5642307.564000000245869 ], [ 338804.052000000025146, 5642307.571999999694526 ], [ 338803.897, 5642312.457999999634922 ], [ 338806.89000000001397, 5642312.623999999836087 ], [ 338807.168, 5642304.053999999538064 ], [ 338803.903, 5642303.955 ], [ 338803.792000000015832, 5642307.564000000245869 ] ] ] ] } },
{ "type": "Feature", "properties": { "fid": 160864.0, "oid": "DENW41AL30008OgeBL", "aktualit": "2024-08-20", "gebnutzbez": "Gebäude", "funktion": "Gebäude zum Parken", "gfkzshh": "31001_2460", "rellage": null, "name": null, "anzahlgs": null, "gmdschl": "05362032", "lagebeztxt": null, "bld area": 32 }, "geometry": { "type": "MultiPolygon", "coordinates": [ [ [ [ 338806.89000000001397, 5642312.623999999836087 ], [ 338809.726000000024214, 5642312.654 ], [ 338809.87300000002142, 5642308.639999999664724 ], [ 338810.022999999986496, 5642308.644999999552965 ], [ 338810.098, 5642306.009999999776483 ], [ 338810.197999999974854, 5642306.013000000268221 ], [ 338810.306999999971595, 5642301.873999999836087 ], [ 338807.240999999979977, 5642301.793999999761581 ], [ 338807.168, 5642304.053999999538064 ], [ 338806.89000000001397, 5642312.623999999836087 ] ] ] ] } },
{ "type": "Feature", "properties": { "fid": 270530.0, "oid": "DENW41AL11L0002gBL", "aktualit": "2024-08-20", "gebnutzbez": "Gebäude", "funktion": "Wohngebäude", "gfkzshh": "31001_1000", "rellage": null, "name": null, "anzahlgs": null, "gmdschl": "05362032", "lagebeztxt": null, "bld area": 10 }, "geometry": { "type": "MultiPolygon", "coordinates": [ [ [ [ 338810.022999999986496, 5642308.644999999552965 ], [ 338813.927000000025146, 5642308.787999999709427 ], [ 338814.00199999997858, 5642306.112999999895692 ], [ 338810.197999999974854, 5642306.013000000268221 ], [ 338810.098, 5642306.009999999776483 ], [ 338810.022999999986496, 5642308.644999999552965 ] ] ] ] } },
{ "type": "Feature", "properties": { "fid": 60328.0, "oid": "DENW41AL30008KWdBL", "aktualit": "2024-08-20", "gebnutzbez": "Gebäude", "funktion": "Gebäude zum Parken", "gfkzshh": "31001_2460", "rellage": null, "name": null, "anzahlgs": null, "gmdschl": "05362032", "lagebeztxt": null, "bld area": 16 }, "geometry": { "type": "MultiPolygon", "coordinates": [ [ [ [ 338843.946999999985565, 5642281.74100000038743 ], [ 338848.338999999978114, 5642282.235999999567866 ], [ 338848.75199999997858, 5642278.565999999642372 ], [ 338845.01500000001397, 5642278.134999999776483 ], [ 338844.36099999997532, 5642278.062 ], [ 338843.946999999985565, 5642281.74100000038743 ] ] ] ] } },
{ "type": "Feature", "properties": { "fid": 158722.0, "oid": "DENW41AL30008KOkBL", "aktualit": "2024-08-20", "gebnutzbez": "Gebäude", "funktion": "Wohngebäude", "gfkzshh": "31001_1000", "rellage": null, "name": null, "anzahlgs": null, "gmdschl": "05362032", "lagebeztxt": "Hebbelstraße 4", "bld area": 90 }, "geometry": { "type": "MultiPolygon", "coordinates": [ [ [ [ 338842.539999999979045, 5642293.439000000245869 ], [ 338845.180999999982305, 5642293.744 ], [ 338845.146, 5642294.048000000417233 ], [ 338848.134000000020023, 5642294.384999999776483 ], [ 338848.169999999983702, 5642294.064000000245869 ], [ 338852.083999999973457, 5642294.519000000320375 ], [ 338853.161000000021886, 5642285.335 ], [ 338843.62400000001071, 5642284.162999999709427 ], [ 338842.539999999979045, 5642293.439000000245869 ] ] ] ] } },
{ "type": "Feature", "properties": { "fid": 160286.0, "oid": "DENW41AL30008NX4BL", "aktualit": "2024-08-20", "gebnutzbez": "Gebäude", "funktion": "Wohngebäude", "gfkzshh": "31001_1000", "rellage": null, "name": null, "anzahlgs": null, "gmdschl": "05362032", "lagebeztxt": "Wiesenstraße 42", "bld area": 54 }, "geometry": { "type": "MultiPolygon", "coordinates": [ [ [ [ 338697.083999999973457, 5642592.63300000037998 ], [ 338699.427000000025146, 5642593.653 ], [ 338698.528999999980442, 5642595.717000000178814 ], [ 338701.172000000020489, 5642596.861999999731779 ], [ 338703.316, 5642591.911999999545515 ], [ 338704.472, 5642592.411999999545515 ], [ 338705.697999999974854, 5642589.588999999687076 ], [ 338704.544, 5642589.083999999798834 ], [ 338705.267, 5642587.439000000245869 ], [ 338700.299, 5642585.242999999783933 ], [ 338697.083999999973457, 5642592.63300000037998 ] ] ] ] } },
{ "type": "Feature", "properties": { "fid": 158526.0, "oid": "DENW41AL30008JzuBL", "aktualit": "2024-08-20", "gebnutzbez": "Gebäude", "funktion": "Gebäude zum Parken", "gfkzshh": "31001_2460", "rellage": null, "name": null, "anzahlgs": null, "gmdschl": "05362032", "lagebeztxt": null, "bld area": 19 }, "geometry": { "type": "MultiPolygon", "coordinates": [ [ [ [ 338693.848999999987427, 5642621.894000000320375 ], [ 338696.538, 5642623.343999999575317 ], [ 338698.946, 5642618.877000000327826 ], [ 338699.446999999985565, 5642617.945000000298023 ], [ 338696.531000000017229, 5642616.427000000141561 ], [ 338694.863000000012107, 5642619.50899999961257 ], [ 338695.076, 5642619.619 ], [ 338693.848999999987427, 5642621.894000000320375 ] ] ] ] } },
{ "type": "Feature", "properties": { "fid": 275049.0, "oid": "DENW41AL30008MH1BL", "aktualit": "2024-08-20", "gebnutzbez": "Gebäude", "funktion": "Wohngebäude", "gfkzshh": "31001_1000", "rellage": null, "name": null, "anzahlgs": null, "gmdschl": "05362032", "lagebeztxt": "Am Kalkofen 39", "bld area": 97 }, "geometry": { "type": "MultiPolygon", "coordinates": [ [ [ [ 338682.245999999984633, 5642626.69400000013411 ], [ 338689.286000000021886, 5642630.350999999791384 ], [ 338693.848999999987427, 5642621.894000000320375 ], [ 338695.076, 5642619.619 ], [ 338694.863000000012107, 5642619.50899999961257 ], [ 338688.026000000012573, 5642615.917000000365078 ], [ 338682.245999999984633, 5642626.69400000013411 ] ] ] ] } },
{ "type": "Feature", "properties": { "fid": 159514.0, "oid": "DENW41AL30008LzSBL", "aktualit": "2024-08-20", "gebnutzbez": "Gebäude", "funktion": "Wohngebäude", "gfkzshh": "31001_1000", "rellage": null, "name": null, "anzahlgs": null, "gmdschl": "05362032", "lagebeztxt": "Wiesenstraße 44", "bld area": 48 }, "geometry": { "type": "MultiPolygon", "coordinates": [ [ [ [ 338692.082, 5642590.445000000298023 ], [ 338693.512999999977183, 5642591.071000000461936 ], [ 338697.083999999973457, 5642592.63300000037998 ], [ 338700.299, 5642585.242999999783933 ], [ 338695.26400000002468, 5642583.026999999769032 ], [ 338694.482000000018161, 5642584.818 ], [ 338693.313000000023749, 5642584.314000000245869 ], [ 338692.152, 5642587.028 ], [ 338693.327999999979511, 5642587.53000000026077 ], [ 338692.082, 5642590.445000000298023 ] ] ] ] } },
{ "type": "Feature", "properties": { "fid": 160282.0, "oid": "DENW41AL30008NWLBL", "aktualit": "2024-08-20", "gebnutzbez": "Gebäude", "funktion": "Gebäude für Land- und Forstwirtschaft", "gfkzshh": "31001_2700", "rellage": null, "name": null, "anzahlgs": null, "gmdschl": "05362032", "lagebeztxt": null, "bld area": 13 }, "geometry": { "type": "MultiPolygon", "coordinates": [ [ [ [ 339140.395000000018626, 5642649.234000000171363 ], [ 339143.005, 5642650.161999999545515 ], [ 339144.527, 5642645.898 ], [ 339141.941, 5642644.894999999552965 ], [ 339140.395000000018626, 5642649.234000000171363 ] ] ] ] } },
{ "type": "Feature", "properties": { "fid": 273665.0, "oid": "DENW41AL30008Ki4BL", "aktualit": "2024-08-20", "gebnutzbez": "Gebäude", "funktion": "Gebäude zum Parken", "gfkzshh": "31001_2460", "rellage": null, "name": null, "anzahlgs": null, "gmdschl": "05362032", "lagebeztxt": null, "bld area": 17 }, "geometry": { "type": "MultiPolygon", "coordinates": [ [ [ [ 339125.662000000011176, 5642642.617999999783933 ], [ 339130.788999999989755, 5642644.504999999888241 ], [ 339132.075000000011642, 5642641.688 ], [ 339127.028, 5642639.803000000305474 ], [ 339125.662000000011176, 5642642.617999999783933 ] ] ] ] } },
{ "type": "Feature", "properties": { "fid": 276913.0, "oid": "DENW41AL30008ONQBL", "aktualit": "2024-08-20", "gebnutzbez": "Gebäude", "funktion": "Wohngebäude", "gfkzshh": "31001_1000", "rellage": null, "name": null, "anzahlgs": null, "gmdschl": "05362032", "lagebeztxt": null, "bld area": 32 }, "geometry": { "type": "MultiPolygon", "coordinates": [ [ [ [ 339140.608, 5642681.479000000283122 ], [ 339144.919999999983702, 5642682.833999999798834 ], [ 339147.068000000028405, 5642676.002000000327826 ], [ 339142.712999999988824, 5642674.782999999821186 ], [ 339140.608, 5642681.479000000283122 ] ] ] ] } },
{ "type": "Feature", "properties": { "fid": 159195.0, "oid": "DENW41AL30008LJrBL", "aktualit": "2024-08-20", "gebnutzbez": "Gebäude", "funktion": "Wohngebäude", "gfkzshh": "31001_1000", "rellage": null, "name": null, "anzahlgs": null, "gmdschl": "05362032", "lagebeztxt": null, "bld area": 9 }, "geometry": { "type": "MultiPolygon", "coordinates": [ [ [ [ 339128.826, 5642594.21100000012666 ], [ 339130.305999999982305, 5642594.650000000372529 ], [ 339130.993000000016764, 5642592.329 ], [ 339132.011, 5642592.634999999776483 ], [ 339132.588999999978114, 5642590.752000000327826 ], [ 339130.077, 5642590.001000000163913 ], [ 339128.826, 5642594.21100000012666 ] ] ] ] } },
{ "type": "Feature", "properties": { "fid": 272971.0, "oid": "DENW41AL30008JugBL", "aktualit": "2024-08-20", "gebnutzbez": "Gebäude", "funktion": "Gemischt genutztes Gebäude mit Wohnen", "gfkzshh": "31001_1100", "rellage": null, "name": null, "anzahlgs": null, "gmdschl": "05362032", "lagebeztxt": "Hauptstraße 193", "bld area": 96 }, "geometry": { "type": "MultiPolygon", "coordinates": [ [ [ [ 339117.808000000019092, 5642595.998999999836087 ], [ 339121.824000000022352, 5642597.193 ], [ 339121.46999999997206, 5642598.389000000432134 ], [ 339123.843, 5642599.093000000342727 ], [ 339124.199000000022352, 5642597.896999999880791 ], [ 339127.443000000028405, 5642598.860999999567866 ], [ 339128.826, 5642594.21100000012666 ], [ 339130.077, 5642590.001000000163913 ], [ 339120.457999999984168, 5642587.143000000156462 ], [ 339117.808000000019092, 5642595.998999999836087 ] ] ] ] } },
{ "type": "Feature", "properties": { "fid": 59690.0, "oid": "DENW41AL30008JeXBL", "aktualit": "2024-08-20", "gebnutzbez": "Gebäude", "funktion": "Wohngebäude", "gfkzshh": "31001_1000", "rellage": null, "name": null, "anzahlgs": null, "gmdschl": "05362032", "lagebeztxt": "Mittelstraße 7", "bld area": 124 }, "geometry": { "type": "MultiPolygon", "coordinates": [ [ [ [ 339162.907, 5642823.821000000461936 ], [ 339174.038999999989755, 5642826.778 ], [ 339176.74, 5642816.638000000268221 ], [ 339165.628000000026077, 5642813.68099999986589 ], [ 339164.64000000001397, 5642813.417999999597669 ], [ 339163.869, 5642816.315999999642372 ], [ 339164.835000000020955, 5642816.574 ], [ 339162.907, 5642823.821000000461936 ] ] ] ] } },
{ "type": "Feature", "properties": { "fid": 59944.0, "oid": "DENW41AL30008JzABL", "aktualit": "2024-08-20", "gebnutzbez": "Gebäude", "funktion": "Gebäude zur Freizeitgestaltung", "gfkzshh": "31001_1310", "rellage": null, "name": null, "anzahlgs": null, "gmdschl": "05362032", "lagebeztxt": null, "bld area": 110 }, "geometry": { "type": "MultiPolygon", "coordinates": [ [ [ [ 339122.746999999973923, 5642739.441999999806285 ], [ 339136.231000000028871, 5642744.78899999987334 ], [ 339139.038, 5642734.03000000026077 ], [ 339133.438000000023749, 5642731.810999999754131 ], [ 339131.911000000021886, 5642737.310999999754131 ], [ 339124.729, 5642734.456000000238419 ], [ 339122.746999999973923, 5642739.441999999806285 ] ] ] ] } },
{ "type": "Feature", "properties": { "fid": 60626.0, "oid": "DENW41AL30008KwzBL", "aktualit": "2024-08-20", "gebnutzbez": "Gebäude", "funktion": "Wohngebäude", "gfkzshh": "31001_1000", "rellage": null, "name": null, "anzahlgs": null, "gmdschl": "05362032", "lagebeztxt": "Mittelstraße 28", "bld area": 170 }, "geometry": { "type": "MultiPolygon", "coordinates": [ [ [ [ 339175.85999999998603, 5642653.05599999986589 ], [ 339184.810999999986961, 5642655.514999999664724 ], [ 339189.516, 5642637.821999999694526 ], [ 339180.571999999985565, 5642635.337000000290573 ], [ 339175.85999999998603, 5642653.05599999986589 ] ] ] ] } },
{ "type": "Feature", "properties": { "fid": 62569.0, "oid": "DENW41AL30008NjrBL", "aktualit": "2024-08-20", "gebnutzbez": "Gebäude", "funktion": "Gebäude für Wirtschaft oder Gewerbe", "gfkzshh": "31001_2000", "rellage": null, "name": null, "anzahlgs": null, "gmdschl": "05362032", "lagebeztxt": null, "bld area": 72 }, "geometry": { "type": "MultiPolygon", "coordinates": [ [ [ [ 339177.770000000018626, 5642846.84499999973923 ], [ 339182.68, 5642846.876000000163913 ], [ 339191.701, 5642846.933000000193715 ], [ 339191.631, 5642842.200000000186265 ], [ 339191.62400000001071, 5642841.781000000424683 ], [ 339177.815, 5642841.657999999821186 ], [ 339177.770000000018626, 5642846.84499999973923 ] ] ] ] } },
{ "type": "Feature", "properties": { "fid": 63855.0, "oid": "DENW41ALEW00003nBL", "aktualit": "2024-08-20", "gebnutzbez": "Gebäude", "funktion": "Gebäude zum Parken", "gfkzshh": "31001_2460", "rellage": null, "name": null, "anzahlgs": null, "gmdschl": "05362032", "lagebeztxt": null, "bld area": 270 }, "geometry": { "type": "MultiPolygon", "coordinates": [ [ [ [ 339184.10999999998603, 5642809.21 ], [ 339217.645000000018626, 5642818.321999999694526 ], [ 339229.766, 5642819.284 ], [ 339231.300999999977648, 5642813.637000000104308 ], [ 339228.762999999977183, 5642813.435999999754131 ], [ 339218.634000000020023, 5642812.632000000216067 ], [ 339189.033, 5642804.588999999687076 ], [ 339185.618000000016764, 5642803.661000000312924 ], [ 339184.10999999998603, 5642809.21 ] ] ] ] } },
{ "type": "Feature", "properties": { "fid": 158562.0, "oid": "DENW41AL30008K4FBL", "aktualit": "2024-08-20", "gebnutzbez": "Gebäude", "funktion": "Wohngebäude", "gfkzshh": "31001_1000", "rellage": null, "name": null, "anzahlgs": null, "gmdschl": "05362032", "lagebeztxt": "Hauptstraße 189", "bld area": 144 }, "geometry": { "type": "MultiPolygon", "coordinates": [ [ [ [ 339104.51400000002468, 5642650.400000000372529 ], [ 339107.645000000018626, 5642651.637000000104308 ], [ 339107.609, 5642651.739 ], [ 339108.569000000017695, 5642652.11699999962002 ], [ 339110.398999999975786, 5642652.837000000290573 ], [ 339112.601000000024214, 5642653.697999999858439 ], [ 339112.637999999977183, 5642653.605000000447035 ], [ 339115.813000000023749, 5642654.889999999664724 ], [ 339119.335000000020955, 5642645.706000000238419 ], [ 339119.162000000011176, 5642645.639999999664724 ], [ 339119.771, 5642644.081000000238419 ], [ 339115.615999999979977, 5642642.456000000238419 ], [ 339116.049999999988358, 5642641.34499999973923 ], [ 339111.412000000011176, 5642639.532999999821186 ], [ 339110.337, 5642642.20299999974668 ], [ 339107.490999999979977, 5642641.099999999627471 ], [ 339105.685999999986961, 5642645.756 ], [ 339106.166000000026543, 5642645.940000000409782 ], [ 339104.51400000002468, 5642650.400000000372529 ] ] ] ] } },
{ "type": "Feature", "properties": { "fid": 158747.0, "oid": "DENW41AL30008KRqBL", "aktualit": "2024-08-20", "gebnutzbez": "Gebäude", "funktion": "Wohngebäude", "gfkzshh": "31001_1000", "rellage": null, "name": null, "anzahlgs": null, "gmdschl": "05362032", "lagebeztxt": "Mittelstraße 9 a, 11", "bld area": 727 }, "geometry": { "type": "MultiPolygon", "coordinates": [ [ [ [ 339173.931999999971595, 5642783.201999999582767 ], [ 339185.51, 5642786.338999999687076 ], [ 339187.957999999984168, 5642787.002999999560416 ], [ 339188.022999999986496, 5642786.761 ], [ 339210.422000000020489, 5642792.832000000402331 ], [ 339210.356000000028871, 5642793.072999999858439 ], [ 339212.767, 5642793.725999999791384 ], [ 339212.832, 5642793.485999999567866 ], [ 339222.745, 5642796.171 ], [ 339223.454000000027008, 5642793.515999999828637 ], [ 339224.901000000012573, 5642793.900999999605119 ], [ 339227.68, 5642783.492999999783933 ], [ 339226.233, 5642783.098000000230968 ], [ 339218.554, 5642781.011 ], [ 339210.441999999980908, 5642778.808000000193715 ], [ 339210.804, 5642777.475999999791384 ], [ 339195.32, 5642773.273 ], [ 339194.958999999973457, 5642774.603000000119209 ], [ 339189.075000000011642, 5642773.004999999888241 ], [ 339177.49800000002142, 5642769.860999999567866 ], [ 339173.931999999971595, 5642783.201999999582767 ] ] ] ] } },
{ "type": "Feature", "properties": { "fid": 158829.0, "oid": "DENW41AL30008Kb2BL", "aktualit": "2024-08-20", "gebnutzbez": "Gebäude", "funktion": "Gebäude für Wirtschaft oder Gewerbe", "gfkzshh": "31001_2000", "rellage": null, "name": null, "anzahlgs": null, "gmdschl": "05362032", "lagebeztxt": null, "bld area": 72 }, "geometry": { "type": "MultiPolygon", "coordinates": [ [ [ [ 339115.159999999974389, 5642718.678000000305474 ], [ 339127.429, 5642723.529 ], [ 339129.447999999974854, 5642718.432 ], [ 339117.185, 5642713.568 ], [ 339115.159999999974389, 5642718.678000000305474 ] ] ] ] } },
{ "type": "Feature", "properties": { "fid": 159209.0, "oid": "DENW41AL30008LLlBL", "aktualit": "2024-08-20", "gebnutzbez": "Gebäude", "funktion": "Gemischt genutztes Gebäude mit Wohnen", "gfkzshh": "31001_1100", "rellage": null, "name": null, "anzahlgs": null, "gmdschl": "05362032", "lagebeztxt": "Mittelstraße 3", "bld area": 58 }, "geometry": { "type": "MultiPolygon", "coordinates": [ [ [ [ 339166.163999999989755, 5642846.745000000111759 ], [ 339174.039999999979045, 5642846.821000000461936 ], [ 339174.302000000025146, 5642841.626000000163913 ], [ 339174.418, 5642839.502000000327826 ], [ 339166.715000000025611, 5642839.302000000141561 ], [ 339166.163999999989755, 5642846.745000000111759 ] ] ] ] } },
{ "type": "Feature", "properties": { "fid": 159369.0, "oid": "DENW41AL30008LhYBL", "aktualit": "2024-08-20", "gebnutzbez": "Gebäude", "funktion": "Gebäude für Wirtschaft oder Gewerbe", "gfkzshh": "31001_2000", "rellage": null, "name": null, "anzahlgs": null, "gmdschl": "05362032", "lagebeztxt": null, "bld area": 96 }, "geometry": { "type": "MultiPolygon", "coordinates": [ [ [ [ 339106.043, 5642732.812 ], [ 339106.080000000016298, 5642732.826999999582767 ], [ 339113.723999999987427, 5642735.859000000171363 ], [ 339122.746999999973923, 5642739.441999999806285 ], [ 339124.729, 5642734.456000000238419 ], [ 339108.077, 5642727.833999999798834 ], [ 339106.043, 5642732.812 ] ] ] ] } },
{ "type": "Feature", "properties": { "fid": 159659.0, "oid": "DENW41AL30008MHoBL", "aktualit": "2024-08-20", "gebnutzbez": "Gebäude", "funktion": "Gebäude zum Parken", "gfkzshh": "31001_2460", "rellage": null, "name": null, "anzahlgs": null, "gmdschl": "05362032", "lagebeztxt": null, "bld area": 50 }, "geometry": { "type": "MultiPolygon", "coordinates": [ [ [ [ 339165.628000000026077, 5642813.68099999986589 ], [ 339176.74, 5642816.638000000268221 ], [ 339177.955000000016298, 5642812.076999999582767 ], [ 339166.697999999974854, 5642809.75800000037998 ], [ 339165.628000000026077, 5642813.68099999986589 ] ] ] ] } },
{ "type": "Feature", "properties": { "fid": 159736.0, "oid": "DENW41AL30008MRRBL", "aktualit": "2024-08-20", "gebnutzbez": "Gebäude", "funktion": "Gebäude zum Parken", "gfkzshh": "31001_2460", "rellage": null, "name": null, "anzahlgs": null, "gmdschl": "05362032", "lagebeztxt": null, "bld area": 57 }, "geometry": { "type": "MultiPolygon", "coordinates": [ [ [ [ 339119.908999999985099, 5642783.233 ], [ 339119.207, 5642786.004999999888241 ], [ 339119.093999999982771, 5642786.451000000350177 ], [ 339124.767999999981839, 5642788.701000000350177 ], [ 339125.082999999984168, 5642787.495000000111759 ], [ 339125.804, 5642784.731999999843538 ], [ 339126.525000000023283, 5642781.968000000342727 ], [ 339127.245999999984633, 5642779.205 ], [ 339121.313000000023749, 5642777.689000000245869 ], [ 339120.61099999997532, 5642780.46 ], [ 339119.908999999985099, 5642783.233 ] ] ] ] } },
{ "type": "Feature", "properties": { "fid": 159955.0, "oid": "DENW41AL30008MslBL", "aktualit": "2024-08-20", "gebnutzbez": "Gebäude", "funktion": "Wohngebäude", "gfkzshh": "31001_1000", "rellage": null, "name": null, "anzahlgs": null, "gmdschl": "05362032", "lagebeztxt": "Mittelstraße 1", "bld area": 161 }, "geometry": { "type": "MultiPolygon", "coordinates": [ [ [ [ 339149.747924374940339, 5642858.243291496299207 ], [ 339150.943000000028405, 5642859.912999999709427 ], [ 339166.098999999987427, 5642859.407999999821186 ], [ 339165.666000000026543, 5642848.71 ], [ 339152.232807889580727, 5642849.122975163161755 ], [ 339149.747924374940339, 5642858.243291496299207 ] ] ] ] } },
{ "type": "Feature", "properties": { "fid": 160236.0, "oid": "DENW41AL30008NRIBL", "aktualit": "2024-08-20", "gebnutzbez": "Gebäude", "funktion": "Gebäude zum Parken", "gfkzshh": "31001_2460", "rellage": null, "name": null, "anzahlgs": null, "gmdschl": "05362032", "lagebeztxt": null, "bld area": 26 }, "geometry": { "type": "MultiPolygon", "coordinates": [ [ [ [ 339184.536000000021886, 5642834.989 ], [ 339188.920999999972992, 5642835.893000000156462 ], [ 339190.093999999982771, 5642830.213000000454485 ], [ 339185.708999999973457, 5642829.307 ], [ 339184.536000000021886, 5642834.989 ] ] ] ] } },
{ "type": "Feature", "properties": { "fid": 160365.0, "oid": "DENW41AL30008NfcBL", "aktualit": "2024-08-20", "gebnutzbez": "Gebäude", "funktion": "Wohngebäude", "gfkzshh": "31001_1000", "rellage": null, "name": null, "anzahlgs": null, "gmdschl": "05362032", "lagebeztxt": null, "bld area": 19 }, "geometry": { "type": "MultiPolygon", "coordinates": [ [ [ [ 339174.039999999979045, 5642846.821000000461936 ], [ 339174.14000000001397, 5642846.821999999694526 ], [ 339177.770000000018626, 5642846.84499999973923 ], [ 339177.815, 5642841.657999999821186 ], [ 339174.302000000025146, 5642841.626000000163913 ], [ 339174.039999999979045, 5642846.821000000461936 ] ] ] ] } },
{ "type": "Feature", "properties": { "fid": 161081.0, "oid": "DENW41AL32H000CrBL", "aktualit": "2024-08-20", "gebnutzbez": "Gebäude", "funktion": "Wohngebäude", "gfkzshh": "31001_1000", "rellage": null, "name": null, "anzahlgs": null, "gmdschl": "05362032", "lagebeztxt": "Hauptstraße 187", "bld area": 206 }, "geometry": { "type": "MultiPolygon", "coordinates": [ [ [ [ 339096.229999999981374, 5642663.786999999545515 ], [ 339103.272, 5642666.531000000424683 ], [ 339103.414999999979045, 5642666.17200000025332 ], [ 339111.273999999975786, 5642669.228000000119209 ], [ 339112.413, 5642669.677000000141561 ], [ 339113.723999999987427, 5642666.32799999974668 ], [ 339115.968999999982771, 5642667.201999999582767 ], [ 339117.912000000011176, 5642662.228000000119209 ], [ 339108.200000000011642, 5642658.415 ], [ 339109.715000000025611, 5642654.532999999821186 ], [ 339107.88, 5642653.804999999701977 ], [ 339108.569000000017695, 5642652.11699999962002 ], [ 339107.609, 5642651.739 ], [ 339107.645000000018626, 5642651.637000000104308 ], [ 339104.51400000002468, 5642650.400000000372529 ], [ 339104.444000000017695, 5642650.564000000245869 ], [ 339104.310999999986961, 5642650.511 ], [ 339102.119, 5642656.049999999813735 ], [ 339099.632999999972526, 5642655.091 ], [ 339096.85999999998603, 5642662.161000000312924 ], [ 339096.229999999981374, 5642663.786999999545515 ] ] ] ] } },
{ "type": "Feature", "properties": { "fid": 272345.0, "oid": "DENW41AL30008JEGBL", "aktualit": "2024-08-20", "gebnutzbez": "Gebäude", "funktion": "Wohngebäude", "gfkzshh": "31001_1000", "rellage": null, "name": null, "anzahlgs": null, "gmdschl": "05362032", "lagebeztxt": "Mittelstraße 13 a", "bld area": 218 }, "geometry": { "type": "MultiPolygon", "coordinates": [ [ [ [ 339177.49800000002142, 5642769.860999999567866 ], [ 339189.075000000011642, 5642773.004999999888241 ], [ 339193.674999999988358, 5642755.814000000245869 ], [ 339187.288, 5642754.058000000193715 ], [ 339187.48499999998603, 5642753.333999999798834 ], [ 339182.287000000011176, 5642751.943 ], [ 339177.49800000002142, 5642769.860999999567866 ] ] ] ] } },
{ "type": "Feature", "properties": { "fid": 273185.0, "oid": "DENW41AL30008K9qBL", "aktualit": "2024-08-20", "gebnutzbez": "Gebäude", "funktion": "Gebäude zur Freizeitgestaltung", "gfkzshh": "31001_1310", "rellage": null, "name": null, "anzahlgs": null, "gmdschl": "05362032", "lagebeztxt": null, "bld area": 108 }, "geometry": { "type": "MultiPolygon", "coordinates": [ [ [ [ 339127.429, 5642723.529 ], [ 339134.916000000026543, 5642726.489 ], [ 339133.438000000023749, 5642731.810999999754131 ], [ 339139.038, 5642734.03000000026077 ], [ 339141.831, 5642723.341 ], [ 339129.447999999974854, 5642718.432 ], [ 339127.429, 5642723.529 ] ] ] ] } },
{ "type": "Feature", "properties": { "fid": 273201.0, "oid": "DENW41AL30008KAyBL", "aktualit": "2024-08-20", "gebnutzbez": "Gebäude", "funktion": "Wohngebäude", "gfkzshh": "31001_1000", "rellage": null, "name": null, "anzahlgs": null, "gmdschl": "05362032", "lagebeztxt": null, "bld area": 66 }, "geometry": { "type": "MultiPolygon", "coordinates": [ [ [ [ 339102.223, 5642743.041000000201166 ], [ 339109.835000000020955, 5642746.059000000357628 ], [ 339112.691, 5642738.566999999806285 ], [ 339105.098999999987427, 5642735.507000000216067 ], [ 339103.24800000002142, 5642740.36600000038743 ], [ 339102.223, 5642743.041000000201166 ] ] ] ] } },
{ "type": "Feature", "properties": { "fid": 273738.0, "oid": "DENW41AL30008Kn0BL", "aktualit": "2024-08-20", "gebnutzbez": "Gebäude", "funktion": "Gemischt genutztes Gebäude mit Wohnen", "gfkzshh": "31001_1100", "rellage": null, "name": null, "anzahlgs": null, "gmdschl": "05362032", "lagebeztxt": "Hauptstraße 179", "bld area": 151 }, "geometry": { "type": "MultiPolygon", "coordinates": [ [ [ [ 339095.466000000014901, 5642712.841 ], [ 339114.436999999976251, 5642720.5 ], [ 339115.159999999974389, 5642718.678000000305474 ], [ 339117.185, 5642713.568 ], [ 339103.193000000028405, 5642708.021999999880791 ], [ 339098.167000000015832, 5642706.028 ], [ 339095.466000000014901, 5642712.841 ] ] ] ] } },
{ "type": "Feature", "properties": { "fid": 274503.0, "oid": "DENW41AL30008LdsBL", "aktualit": "2024-08-20", "gebnutzbez": "Gebäude", "funktion": "Wohngebäude", "gfkzshh": "31001_1000", "rellage": null, "name": null, "anzahlgs": null, "gmdschl": "05362032", "lagebeztxt": "Mittelstraße 9", "bld area": 352 }, "geometry": { "type": "MultiPolygon", "coordinates": [ [ [ [ 339166.697999999974854, 5642809.75800000037998 ], [ 339177.955000000016298, 5642812.076999999582767 ], [ 339178.493000000016764, 5642812.188 ], [ 339179.621999999973923, 5642808.029 ], [ 339181.202, 5642808.457999999634922 ], [ 339183.299999999988358, 5642800.747000000439584 ], [ 339181.740999999979977, 5642800.322999999858439 ], [ 339182.386999999987893, 5642797.946000000461936 ], [ 339183.946999999985565, 5642798.370000000111759 ], [ 339186.053000000014435, 5642790.619 ], [ 339184.46999999997206, 5642790.190000000409782 ], [ 339185.51, 5642786.338999999687076 ], [ 339173.931999999971595, 5642783.201999999582767 ], [ 339172.88900000002468, 5642787.045 ], [ 339166.697999999974854, 5642809.75800000037998 ] ] ] ] } },
{ "type": "Feature", "properties": { "fid": 275025.0, "oid": "DENW41AL30008MF5BL", "aktualit": "2024-08-20", "gebnutzbez": "Gebäude", "funktion": "Gebäude für Wirtschaft oder Gewerbe", "gfkzshh": "31001_2000", "rellage": null, "name": null, "anzahlgs": null, "gmdschl": "05362032", "lagebeztxt": null, "bld area": 24 }, "geometry": { "type": "MultiPolygon", "coordinates": [ [ [ [ 339105.098999999987427, 5642735.507000000216067 ], [ 339112.691, 5642738.566999999806285 ], [ 339113.723999999987427, 5642735.859000000171363 ], [ 339106.080000000016298, 5642732.826999999582767 ], [ 339105.098999999987427, 5642735.507000000216067 ] ] ] ] } },
{ "type": "Feature", "properties": { "fid": 275631.0, "oid": "DENW41AL30008MusBL", "aktualit": "2024-08-20", "gebnutzbez": "Gebäude", "funktion": "Wohngebäude", "gfkzshh": "31001_1000", "rellage": null, "name": null, "anzahlgs": null, "gmdschl": "05362032", "lagebeztxt": "Mittelstraße 5", "bld area": 116 }, "geometry": { "type": "MultiPolygon", "coordinates": [ [ [ [ 339160.326, 5642833.49199999962002 ], [ 339171.574000000022352, 5642836.477 ], [ 339171.919999999983702, 5642835.11600000038743 ], [ 339172.397, 5642833.240000000223517 ], [ 339174.038999999989755, 5642826.778 ], [ 339162.907, 5642823.821000000461936 ], [ 339161.183000000019092, 5642830.296 ], [ 339160.417000000015832, 5642833.144999999552965 ], [ 339160.326, 5642833.49199999962002 ] ] ] ] } },
{ "type": "Feature", "properties": { "fid": 278023.0, "oid": "DENW41ALEW00003tBL", "aktualit": "2024-08-20", "gebnutzbez": "Gebäude", "funktion": "Gebäude zum Parken", "gfkzshh": "31001_2460", "rellage": null, "name": null, "anzahlgs": null, "gmdschl": "05362032", "lagebeztxt": null, "bld area": 230 }, "geometry": { "type": "MultiPolygon", "coordinates": [ [ [ [ 339187.191, 5642797.871000000275671 ], [ 339225.792000000015832, 5642808.359000000171363 ], [ 339227.299, 5642802.809999999590218 ], [ 339188.699000000022352, 5642792.321999999694526 ], [ 339187.191, 5642797.871000000275671 ] ] ] ] } },
{ "type": "Feature", "properties": { "fid": 278318.0, "oid": "DENW41ALtj0000UCBL", "aktualit": "2024-08-20", "gebnutzbez": "Gebäude", "funktion": "Gebäude zum Parken", "gfkzshh": "31001_2460", "rellage": null, "name": null, "anzahlgs": null, "gmdschl": "05362032", "lagebeztxt": null, "bld area": 34 }, "geometry": { "type": "MultiPolygon", "coordinates": [ [ [ [ 339102.465000000025611, 5642674.71999999973923 ], [ 339104.865999999979977, 5642675.671 ], [ 339109.672000000020489, 5642677.360000000335276 ], [ 339111.12400000001071, 5642673.225999999791384 ], [ 339103.897, 5642670.644999999552965 ], [ 339102.465000000025611, 5642674.71999999973923 ] ] ] ] } },
{ "type": "Feature", "properties": { "fid": 160826.0, "oid": "DENW41AL30008Oc4BL", "aktualit": "2024-08-20", "gebnutzbez": "Gebäude", "funktion": "Gemischt genutztes Gebäude mit Wohnen", "gfkzshh": "31001_1100", "rellage": null, "name": null, "anzahlgs": null, "gmdschl": "05362032", "lagebeztxt": "Hauptstraße 191", "bld area": 159 }, "geometry": { "type": "MultiPolygon", "coordinates": [ [ [ [ 339114.135, 5642630.382000000216067 ], [ 339120.555, 5642632.384999999776483 ], [ 339123.596000000019558, 5642633.333999999798834 ], [ 339123.628000000026077, 5642633.229000000283122 ], [ 339124.917000000015832, 5642629.178999999538064 ], [ 339125.153999999980442, 5642629.254999999888241 ], [ 339126.808000000019092, 5642624.063 ], [ 339126.571, 5642623.987999999895692 ], [ 339127.891, 5642619.832999999634922 ], [ 339124.852000000013504, 5642618.871000000275671 ], [ 339125.694000000017695, 5642616.213000000454485 ], [ 339122.292000000015832, 5642615.136 ], [ 339121.451, 5642617.795 ], [ 339118.457, 5642616.849000000394881 ], [ 339117.148999999975786, 5642620.989 ], [ 339116.939000000013039, 5642620.923000000417233 ], [ 339116.739, 5642621.076999999582767 ], [ 339116.525000000023283, 5642621.21 ], [ 339116.299, 5642621.321999999694526 ], [ 339116.064000000013039, 5642621.411000000312924 ], [ 339115.821999999985565, 5642621.477 ], [ 339115.574000000022352, 5642621.519000000320375 ], [ 339115.200000000011642, 5642621.822999999858439 ], [ 339114.881, 5642622.184000000357628 ], [ 339114.62599999998929, 5642622.593000000342727 ], [ 339114.441999999980908, 5642623.03899999987334 ], [ 339114.335000000020955, 5642623.50800000037998 ], [ 339114.305999999982305, 5642623.987999999895692 ], [ 339114.356000000028871, 5642624.466 ], [ 339114.484, 5642624.929999999701977 ], [ 339114.658, 5642625.103000000119209 ], [ 339114.815, 5642625.292999999597669 ], [ 339114.952, 5642625.497000000439584 ], [ 339115.066999999980908, 5642625.713999999687076 ], [ 339115.161000000021886, 5642625.940999999642372 ], [ 339115.232000000018161, 5642626.176 ], [ 339115.433000000019092, 5642626.239 ], [ 339114.135, 5642630.382000000216067 ] ] ] ] } },
{ "type": "Feature", "properties": { "fid": 275590.0, "oid": "DENW41AL30008MryBL", "aktualit": "2024-08-20", "gebnutzbez": "Gebäude", "funktion": "Gebäude für Wirtschaft oder Gewerbe", "gfkzshh": "31001_2000", "rellage": null, "name": null, "anzahlgs": null, "gmdschl": "05362032", "lagebeztxt": null, "bld area": 22 }, "geometry": { "type": "MultiPolygon", "coordinates": [ [ [ [ 339119.324000000022352, 5642635.735000000335276 ], [ 339124.884000000020023, 5642637.764000000432134 ], [ 339125.808000000019092, 5642635.088999999687076 ], [ 339126.211000000010245, 5642634.048999999649823 ], [ 339123.628000000026077, 5642633.229000000283122 ], [ 339123.596000000019558, 5642633.333999999798834 ], [ 339120.555, 5642632.384999999776483 ], [ 339119.324000000022352, 5642635.735000000335276 ] ] ] ] } },
{ "type": "Feature", "properties": { "fid": 276766.0, "oid": "DENW41AL30008OAcBL", "aktualit": "2024-08-20", "gebnutzbez": "Gebäude", "funktion": "Gebäude für Wirtschaft oder Gewerbe", "gfkzshh": "31001_2000", "rellage": null, "name": null, "anzahlgs": null, "gmdschl": "05362032", "lagebeztxt": null, "bld area": 8 }, "geometry": { "type": "MultiPolygon", "coordinates": [ [ [ [ 339124.884000000020023, 5642637.764000000432134 ], [ 339127.517999999981839, 5642638.724000000394881 ], [ 339128.370999999984633, 5642636.071999999694526 ], [ 339125.808000000019092, 5642635.088999999687076 ], [ 339124.884000000020023, 5642637.764000000432134 ] ] ] ] } },
{ "type": "Feature", "properties": { "fid": 60452.0, "oid": "DENW41AL30008KhXBL", "aktualit": "2024-08-20", "gebnutzbez": "Gebäude", "funktion": "Wohngebäude", "gfkzshh": "31001_1000", "rellage": null, "name": null, "anzahlgs": null, "gmdschl": "05362032", "lagebeztxt": "Mittelstraße 32", "bld area": 168 }, "geometry": { "type": "MultiPolygon", "coordinates": [ [ [ [ 339185.232000000018161, 5642617.816999999806285 ], [ 339194.180999999982305, 5642620.270999999716878 ], [ 339198.842, 5642602.736999999731779 ], [ 339189.898999999975786, 5642600.268000000156462 ], [ 339185.232000000018161, 5642617.816999999806285 ] ] ] ] } },
{ "type": "Feature", "properties": { "fid": 61163.0, "oid": "DENW41AL30008LjABL", "aktualit": "2024-08-20", "gebnutzbez": "Gebäude", "funktion": "Wohngebäude", "gfkzshh": "31001_1000", "rellage": null, "name": null, "anzahlgs": null, "gmdschl": "05362032", "lagebeztxt": "Mittelstraße 34", "bld area": 170 }, "geometry": { "type": "MultiPolygon", "coordinates": [ [ [ [ 339189.898999999975786, 5642600.268000000156462 ], [ 339198.842, 5642602.736999999731779 ], [ 339203.552000000025146, 5642585.018000000156462 ], [ 339201.571, 5642584.506 ], [ 339194.60999999998603, 5642582.591 ], [ 339189.898999999975786, 5642600.268000000156462 ] ] ] ] } },
{ "type": "Feature", "properties": { "fid": 275190.0, "oid": "DENW41AL30008MQqBL", "aktualit": "2024-08-20", "gebnutzbez": "Gebäude", "funktion": "Wohngebäude", "gfkzshh": "31001_1000", "rellage": null, "name": null, "anzahlgs": null, "gmdschl": "05362032", "lagebeztxt": "Mittelstraße 30", "bld area": 168 }, "geometry": { "type": "MultiPolygon", "coordinates": [ [ [ [ 339180.571999999985565, 5642635.337000000290573 ], [ 339189.516, 5642637.821999999694526 ], [ 339194.180999999982305, 5642620.270999999716878 ], [ 339185.232000000018161, 5642617.816999999806285 ], [ 339180.571999999985565, 5642635.337000000290573 ] ] ] ] } },
{ "type": "Feature", "properties": { "fid": 59825.0, "oid": "DENW41AL30008JpeBL", "aktualit": "2024-08-20", "gebnutzbez": "Gebäude", "funktion": "Gebäude zum Parken", "gfkzshh": "31001_2460", "rellage": null, "name": null, "anzahlgs": null, "gmdschl": "05362032", "lagebeztxt": null, "bld area": 19 }, "geometry": { "type": "MultiPolygon", "coordinates": [ [ [ [ 338808.771, 5642651.600999999791384 ], [ 338811.867000000027474, 5642653.298000000417233 ], [ 338814.395000000018626, 5642648.683000000193715 ], [ 338811.712999999988824, 5642647.213000000454485 ], [ 338811.299999999988358, 5642646.986999999731779 ], [ 338808.771, 5642651.600999999791384 ] ] ] ] } },
{ "type": "Feature", "properties": { "fid": 270395.0, "oid": "DENW41AL10005n0VBL", "aktualit": "2024-08-20", "gebnutzbez": "Gebäude", "funktion": "Wohngebäude", "gfkzshh": "31001_1000", "rellage": null, "name": null, "anzahlgs": null, "gmdschl": "05362032", "lagebeztxt": "Wiesenstraße 14", "bld area": 69 }, "geometry": { "type": "MultiPolygon", "coordinates": [ [ [ [ 338815.868000000016764, 5642648.433000000193715 ], [ 338816.059, 5642648.517 ], [ 338821.343, 5642650.843000000342727 ], [ 338821.534999999974389, 5642650.928000000305474 ], [ 338823.341000000014901, 5642646.803999999538064 ], [ 338826.071, 5642640.821999999694526 ], [ 338820.476000000024214, 5642638.483 ], [ 338820.270000000018626, 5642638.393000000156462 ], [ 338815.868000000016764, 5642648.433000000193715 ] ] ] ] } },
{ "type": "Feature", "properties": { "fid": 272817.0, "oid": "DENW41AL30008JkuBL", "aktualit": "2024-08-20", "gebnutzbez": "Gebäude", "funktion": "Wohngebäude", "gfkzshh": "31001_1000", "rellage": null, "name": null, "anzahlgs": null, "gmdschl": "05362032", "lagebeztxt": "Wiesenstraße 16", "bld area": 44 }, "geometry": { "type": "MultiPolygon", "coordinates": [ [ [ [ 338808.088999999978114, 5642641.657999999821186 ], [ 338813.153, 5642643.904 ], [ 338816.343999999982771, 5642636.528 ], [ 338811.353, 5642634.316999999806285 ], [ 338808.088999999978114, 5642641.657999999821186 ] ] ] ] } },
{ "type": "Feature", "properties": { "fid": 273471.0, "oid": "DENW41AL30008KU7BL", "aktualit": "2024-08-20", "gebnutzbez": "Gebäude", "funktion": "Wohngebäude", "gfkzshh": "31001_1000", "rellage": null, "name": null, "anzahlgs": null, "gmdschl": "05362032", "lagebeztxt": null, "bld area": 17 }, "geometry": { "type": "MultiPolygon", "coordinates": [ [ [ [ 338806.87599999998929, 5642644.360000000335276 ], [ 338811.962, 5642646.645999999716878 ], [ 338813.153, 5642643.904 ], [ 338808.088999999978114, 5642641.657999999821186 ], [ 338806.87599999998929, 5642644.360000000335276 ] ] ] ] } },
{ "type": "Feature", "properties": { "fid": 62417.0, "oid": "DENW41AL30008NWXBL", "aktualit": "2024-08-20", "gebnutzbez": "Gebäude", "funktion": "Wohngebäude", "gfkzshh": "31001_1000", "rellage": null, "name": null, "anzahlgs": null, "gmdschl": "05362032", "lagebeztxt": "Am Kalkofen 15", "bld area": 70 }, "geometry": { "type": "MultiPolygon", "coordinates": [ [ [ [ 338800.012999999977183, 5642689.882000000216067 ], [ 338806.102000000013504, 5642693.335 ], [ 338810.906000000017229, 5642684.564000000245869 ], [ 338804.816999999980908, 5642681.111999999731779 ], [ 338800.012999999977183, 5642689.882000000216067 ] ] ] ] } },
{ "type": "Feature", "properties": { "fid": 63125.0, "oid": "DENW41AL30008OWVBL", "aktualit": "2024-08-20", "gebnutzbez": "Gebäude", "funktion": "Gebäude zum Parken", "gfkzshh": "31001_2460", "rellage": null, "name": null, "anzahlgs": null, "gmdschl": "05362032", "lagebeztxt": null, "bld area": 18 }, "geometry": { "type": "MultiPolygon", "coordinates": [ [ [ [ 338782.433000000019092, 5642667.757000000216067 ], [ 338785.454000000027008, 5642669.38399999961257 ], [ 338787.884000000020023, 5642664.853000000119209 ], [ 338784.862000000022817, 5642663.225999999791384 ], [ 338782.433000000019092, 5642667.757000000216067 ] ] ] ] } },
{ "type": "Feature", "properties": { "fid": 158504.0, "oid": "DENW41AL30008Jx9BL", "aktualit": "2024-08-20", "gebnutzbez": "Gebäude", "funktion": "Wohngebäude", "gfkzshh": "31001_1000", "rellage": null, "name": null, "anzahlgs": null, "gmdschl": "05362032", "lagebeztxt": "Am Kalkofen 19", "bld area": 55 }, "geometry": { "type": "MultiPolygon", "coordinates": [ [ [ [ 338779.438000000023749, 5642678.622999999672174 ], [ 338785.603, 5642681.904 ], [ 338788.919, 5642675.708999999798834 ], [ 338784.90500000002794, 5642673.589999999850988 ], [ 338785.979999999981374, 5642671.553000000305474 ], [ 338783.759000000020023, 5642670.38399999961257 ], [ 338779.438000000023749, 5642678.622999999672174 ] ] ] ] } },
{ "type": "Feature", "properties": { "fid": 159249.0, "oid": "DENW41AL30008LRBBL", "aktualit": "2024-08-20", "gebnutzbez": "Gebäude", "funktion": "Wohngebäude", "gfkzshh": "31001_1000", "rellage": null, "name": null, "anzahlgs": null, "gmdschl": "05362032", "lagebeztxt": "Am Kalkofen 17", "bld area": 55 }, "geometry": { "type": "MultiPolygon", "coordinates": [ [ [ [ 338785.603, 5642681.904 ], [ 338791.856000000028871, 5642685.247000000439584 ], [ 338794.43, 5642680.204 ], [ 338796.10999999998603, 5642676.917999999597669 ], [ 338795.543, 5642676.617999999783933 ], [ 338793.906000000017229, 5642675.752000000327826 ], [ 338792.835000000020955, 5642677.779 ], [ 338788.919, 5642675.708999999798834 ], [ 338785.603, 5642681.904 ] ] ] ] } },
{ "type": "Feature", "properties": { "fid": 160195.0, "oid": "DENW41AL30008NMOBL", "aktualit": "2024-08-20", "gebnutzbez": "Gebäude", "funktion": "Gebäude zum Parken", "gfkzshh": "31001_2460", "rellage": null, "name": null, "anzahlgs": null, "gmdschl": "05362032", "lagebeztxt": null, "bld area": 20 }, "geometry": { "type": "MultiPolygon", "coordinates": [ [ [ [ 338794.43, 5642680.204 ], [ 338796.756, 5642681.394000000320375 ], [ 338799.952, 5642675.610999999567866 ], [ 338796.865999999979977, 5642674.122999999672174 ], [ 338795.543, 5642676.617999999783933 ], [ 338796.10999999998603, 5642676.917999999597669 ], [ 338794.43, 5642680.204 ] ] ] ] } },
{ "type": "Feature", "properties": { "fid": 276000.0, "oid": "DENW41AL30008NJuBL", "aktualit": "2024-08-20", "gebnutzbez": "Gebäude", "funktion": "Gebäude zum Parken", "gfkzshh": "31001_2460", "rellage": null, "name": null, "anzahlgs": null, "gmdschl": "05362032", "lagebeztxt": null, "bld area": 44 }, "geometry": { "type": "MultiPolygon", "coordinates": [ [ [ [ 338796.756, 5642681.394000000320375 ], [ 338800.669, 5642683.394000000320375 ], [ 338803.746999999973923, 5642677.821999999694526 ], [ 338802.576, 5642677.060999999754131 ], [ 338805.03000000002794, 5642672.620000000111759 ], [ 338802.358, 5642671.254999999888241 ], [ 338799.952, 5642675.610999999567866 ], [ 338796.756, 5642681.394000000320375 ] ] ] ] } },
{ "type": "Feature", "properties": { "fid": 61165.0, "oid": "DENW41AL30008LjSBL", "aktualit": "2024-08-20", "gebnutzbez": "Gebäude", "funktion": "Wohngebäude", "gfkzshh": "31001_1000", "rellage": null, "name": null, "anzahlgs": null, "gmdschl": "05362032", "lagebeztxt": "Wiesenstraße 18", "bld area": 44 }, "geometry": { "type": "MultiPolygon", "coordinates": [ [ [ [ 338803.142, 5642639.478000000119209 ], [ 338808.088999999978114, 5642641.657999999821186 ], [ 338811.353, 5642634.316999999806285 ], [ 338806.333999999973457, 5642632.100999999791384 ], [ 338803.142, 5642639.478000000119209 ] ] ] ] } },
{ "type": "Feature", "properties": { "fid": 63292.0, "oid": "DENW41AL30008OkxBL", "aktualit": "2024-08-20", "gebnutzbez": "Gebäude", "funktion": "Wohngebäude", "gfkzshh": "31001_1000", "rellage": null, "name": null, "anzahlgs": null, "gmdschl": "05362032", "lagebeztxt": "Wiesenstraße 20", "bld area": 63 }, "geometry": { "type": "MultiPolygon", "coordinates": [ [ [ [ 338792.332999999984168, 5642638.247000000439584 ], [ 338792.552000000025146, 5642638.34499999973923 ], [ 338793.167000000015832, 5642636.963000000454485 ], [ 338798.761, 5642639.457000000402331 ], [ 338802.746999999973923, 5642630.514000000432134 ], [ 338796.934, 5642627.945000000298023 ], [ 338794.488000000012107, 5642633.42200000025332 ], [ 338792.332999999984168, 5642638.247000000439584 ] ] ] ] } },
{ "type": "Feature", "properties": { "fid": 158493.0, "oid": "DENW41AL30008Jw2BL", "aktualit": "2024-08-20", "gebnutzbez": "Gebäude", "funktion": "Wohngebäude", "gfkzshh": "31001_1000", "rellage": null, "name": null, "anzahlgs": null, "gmdschl": "05362032", "lagebeztxt": "Wiesenstraße 22", "bld area": 67 }, "geometry": { "type": "MultiPolygon", "coordinates": [ [ [ [ 338781.78000000002794, 5642631.358 ], [ 338785.789999999979045, 5642633.144000000320375 ], [ 338788.702, 5642634.439000000245869 ], [ 338790.163999999989755, 5642631.150999999605119 ], [ 338789.753000000026077, 5642630.971 ], [ 338791.992000000027474, 5642625.759999999776483 ], [ 338785.537000000011176, 5642622.909 ], [ 338781.962, 5642630.947999999858439 ], [ 338781.78000000002794, 5642631.358 ] ] ] ] } },
{ "type": "Feature", "properties": { "fid": 159050.0, "oid": "DENW41AL30008L2FBL", "aktualit": "2024-08-20", "gebnutzbez": "Gebäude", "funktion": "Gebäude zum Parken", "gfkzshh": "31001_2460", "rellage": null, "name": null, "anzahlgs": null, "gmdschl": "05362032", "lagebeztxt": null, "bld area": 22 }, "geometry": { "type": "MultiPolygon", "coordinates": [ [ [ [ 338788.657, 5642638.605000000447035 ], [ 338788.848, 5642638.689000000245869 ], [ 338791.593999999982771, 5642639.901999999769032 ], [ 338791.617000000027474, 5642639.852 ], [ 338792.332999999984168, 5642638.247000000439584 ], [ 338794.488000000012107, 5642633.42200000025332 ], [ 338791.716000000014901, 5642632.196999999694526 ], [ 338791.701, 5642632.190999999642372 ], [ 338789.272999999986496, 5642637.644000000320375 ], [ 338788.657, 5642638.605000000447035 ] ] ] ] } },
{ "type": "Feature", "properties": { "fid": 160871.0, "oid": "DENW41AL30008OhfBL", "aktualit": "2024-08-20", "gebnutzbez": "Gebäude", "funktion": "Gebäude zum Parken", "gfkzshh": "31001_2460", "rellage": null, "name": null, "anzahlgs": null, "gmdschl": "05362032", "lagebeztxt": null, "bld area": 18 }, "geometry": { "type": "MultiPolygon", "coordinates": [ [ [ [ 338795.99, 5642645.048999999649823 ], [ 338798.978, 5642646.676 ], [ 338801.577, 5642641.911999999545515 ], [ 338798.585000000020955, 5642640.281999999657273 ], [ 338795.99, 5642645.048999999649823 ] ] ] ] } },
{ "type": "Feature", "properties": { "fid": 61106.0, "oid": "DENW41AL30008LeFBL", "aktualit": "2024-08-20", "gebnutzbez": "Gebäude", "funktion": "Gebäude zum Parken", "gfkzshh": "31001_2460", "rellage": null, "name": null, "anzahlgs": null, "gmdschl": "05362032", "lagebeztxt": null, "bld area": 21 }, "geometry": { "type": "MultiPolygon", "coordinates": [ [ [ [ 338813.06, 5642697.281999999657273 ], [ 338815.628000000026077, 5642698.737999999895692 ], [ 338815.911000000021886, 5642698.248999999836087 ], [ 338818.409999999974389, 5642693.923999999649823 ], [ 338818.494, 5642693.96999999973923 ], [ 338819.212999999988824, 5642692.724000000394881 ], [ 338816.512999999977183, 5642691.193 ], [ 338816.423, 5642691.143000000156462 ], [ 338813.118000000016764, 5642697.177000000141561 ], [ 338813.06, 5642697.281999999657273 ] ] ] ] } },
{ "type": "Feature", "properties": { "fid": 159188.0, "oid": "DENW41AL30008LIyBL", "aktualit": "2024-08-20", "gebnutzbez": "Gebäude", "funktion": "Wohngebäude", "gfkzshh": "31001_1000", "rellage": null, "name": null, "anzahlgs": null, "gmdschl": "05362032", "lagebeztxt": "Am Kalkofen 13", "bld area": 80 }, "geometry": { "type": "MultiPolygon", "coordinates": [ [ [ [ 338806.102000000013504, 5642693.335 ], [ 338806.141, 5642693.356999999843538 ], [ 338813.06, 5642697.281999999657273 ], [ 338813.118000000016764, 5642697.177000000141561 ], [ 338816.423, 5642691.143000000156462 ], [ 338817.864, 5642688.511 ], [ 338811.074000000022352, 5642684.660000000149012 ], [ 338810.906000000017229, 5642684.564000000245869 ], [ 338806.102000000013504, 5642693.335 ] ] ] ] } },
{ "type": "Feature", "properties": { "fid": 159450.0, "oid": "DENW41AL30008Ls9BL", "aktualit": "2024-08-20", "gebnutzbez": "Gebäude", "funktion": "Gebäude zum Parken", "gfkzshh": "31001_2460", "rellage": null, "name": null, "anzahlgs": null, "gmdschl": "05362032", "lagebeztxt": null, "bld area": 14 }, "geometry": { "type": "MultiPolygon", "coordinates": [ [ [ [ 338815.911000000021886, 5642698.248999999836087 ], [ 338815.99800000002142, 5642698.298999999649823 ], [ 338818.313000000023749, 5642699.666000000201166 ], [ 338820.934, 5642695.322999999858439 ], [ 338818.494, 5642693.96999999973923 ], [ 338818.409999999974389, 5642693.923999999649823 ], [ 338815.911000000021886, 5642698.248999999836087 ] ] ] ] } },
{ "type": "Feature", "properties": { "fid": 273189.0, "oid": "DENW41AL30008KANBL", "aktualit": "2024-08-20", "gebnutzbez": "Gebäude", "funktion": "Wohngebäude", "gfkzshh": "31001_1000", "rellage": null, "name": null, "anzahlgs": null, "gmdschl": "05362032", "lagebeztxt": "Am Kalkofen 11", "bld area": 61 }, "geometry": { "type": "MultiPolygon", "coordinates": [ [ [ [ 338818.313000000023749, 5642699.666000000201166 ], [ 338824.587999999988824, 5642703.372000000439584 ], [ 338829.548, 5642694.642 ], [ 338826.718999999982771, 5642693.062 ], [ 338825.454000000027008, 5642695.326999999582767 ], [ 338822.07, 5642693.439000000245869 ], [ 338820.934, 5642695.322999999858439 ], [ 338818.313000000023749, 5642699.666000000201166 ] ] ] ] } },
{ "type": "Feature", "properties": { "fid": 274937.0, "oid": "DENW41AL30008M8bBL", "aktualit": "2024-08-20", "gebnutzbez": "Gebäude", "funktion": "Wohngebäude", "gfkzshh": "31001_1000", "rellage": null, "name": null, "anzahlgs": null, "gmdschl": "05362032", "lagebeztxt": null, "bld area": 38 }, "geometry": { "type": "MultiPolygon", "coordinates": [ [ [ [ 338777.707, 5642638.463000000454485 ], [ 338778.468, 5642638.799999999813735 ], [ 338782.477000000013504, 5642640.58600000012666 ], [ 338785.789999999979045, 5642633.144000000320375 ], [ 338781.78000000002794, 5642631.358 ], [ 338780.675999999977648, 5642633.842000000178814 ], [ 338777.707, 5642638.463000000454485 ] ] ] ] } },
{ "type": "Feature", "properties": { "fid": 60817.0, "oid": "DENW41AL30008LESBL", "aktualit": "2024-08-20", "gebnutzbez": "Gebäude", "funktion": "Wohngebäude", "gfkzshh": "31001_1000", "rellage": null, "name": null, "anzahlgs": null, "gmdschl": "05362032", "lagebeztxt": "Am Kalkofen 21", "bld area": 53 }, "geometry": { "type": "MultiPolygon", "coordinates": [ [ [ [ 338768.99900000001071, 5642673.043999999761581 ], [ 338775.108, 5642676.347 ], [ 338778.689000000013039, 5642669.67 ], [ 338772.577, 5642666.36600000038743 ], [ 338768.99900000001071, 5642673.043999999761581 ] ] ] ] } },
{ "type": "Feature", "properties": { "fid": 59853.0, "oid": "DENW41AL30008JrYBL", "aktualit": "2024-08-20", "gebnutzbez": "Gebäude", "funktion": "Gebäude zum Parken", "gfkzshh": "31001_2460", "rellage": null, "name": null, "anzahlgs": null, "gmdschl": "05362032", "lagebeztxt": null, "bld area": 25 }, "geometry": { "type": "MultiPolygon", "coordinates": [ [ [ [ 338878.598999999987427, 5642436.717000000178814 ], [ 338886.082, 5642437.098000000230968 ], [ 338886.314000000013039, 5642433.894000000320375 ], [ 338878.84499999997206, 5642433.354000000283122 ], [ 338878.598999999987427, 5642436.717000000178814 ] ] ] ] } },
{ "type": "Feature", "properties": { "fid": 60716.0, "oid": "DENW41AL30008L4zBL", "aktualit": "2024-08-20", "gebnutzbez": "Gebäude", "funktion": "Gebäude zum Parken", "gfkzshh": "31001_2460", "rellage": null, "name": null, "anzahlgs": null, "gmdschl": "05362032", "lagebeztxt": null, "bld area": 49 }, "geometry": { "type": "MultiPolygon", "coordinates": [ [ [ [ 338861.401000000012573, 5642427.196000000461936 ], [ 338866.935, 5642427.656999999657273 ], [ 338867.661000000021886, 5642418.808000000193715 ], [ 338862.128000000026077, 5642418.348000000230968 ], [ 338861.401000000012573, 5642427.196000000461936 ] ] ] ] } },
{ "type": "Feature", "properties": { "fid": 61139.0, "oid": "DENW41AL30008LhDBL", "aktualit": "2024-08-20", "gebnutzbez": "Gebäude", "funktion": "Wohngebäude", "gfkzshh": "31001_1000", "rellage": null, "name": null, "anzahlgs": null, "gmdschl": "05362032", "lagebeztxt": "Herderstraße 27", "bld area": 297 }, "geometry": { "type": "MultiPolygon", "coordinates": [ [ [ [ 338892.167000000015832, 5642382.04700000025332 ], [ 338902.231000000028871, 5642382.303999999538064 ], [ 338902.237000000022817, 5642382.052000000141561 ], [ 338903.117000000027474, 5642382.072999999858439 ], [ 338903.112000000022817, 5642382.322999999858439 ], [ 338903.591000000014901, 5642382.335 ], [ 338903.593999999982771, 5642382.214999999850988 ], [ 338905.856000000028871, 5642382.271999999880791 ], [ 338905.853, 5642382.393000000156462 ], [ 338906.333999999973457, 5642382.404 ], [ 338906.341000000014901, 5642382.123999999836087 ], [ 338907.233, 5642382.140999999828637 ], [ 338907.226000000024214, 5642382.421 ], [ 338917.333999999973457, 5642382.700000000186265 ], [ 338917.62699999997858, 5642372.200000000186265 ], [ 338913.333999999973457, 5642372.08 ], [ 338913.39000000001397, 5642370.071000000461936 ], [ 338908.88, 5642369.950000000186265 ], [ 338908.87699999997858, 5642370.070000000298023 ], [ 338901.286000000021886, 5642369.872000000439584 ], [ 338901.288999999989755, 5642369.752000000327826 ], [ 338896.699000000022352, 5642369.627000000327826 ], [ 338896.643999999971129, 5642371.644999999552965 ], [ 338892.436999999976251, 5642371.534 ], [ 338892.167000000015832, 5642382.04700000025332 ] ] ] ] } },
{ "type": "Feature", "properties": { "fid": 61148.0, "oid": "DENW41AL30008LhwBL", "aktualit": "2024-08-20", "gebnutzbez": "Gebäude", "funktion": "Wohngebäude", "gfkzshh": "31001_1000", "rellage": null, "name": null, "anzahlgs": null, "gmdschl": "05362032", "lagebeztxt": "Herderstraße 19", "bld area": 75 }, "geometry": { "type": "MultiPolygon", "coordinates": [ [ [ [ 338899.544999999983702, 5642434.025000000372529 ], [ 338908.541000000026543, 5642434.684000000357628 ], [ 338909.13900000002468, 5642426.424999999813735 ], [ 338900.153, 5642425.782999999821186 ], [ 338899.544999999983702, 5642434.025000000372529 ] ] ] ] } },
{ "type": "Feature", "properties": { "fid": 62807.0, "oid": "DENW41AL30008O55BL", "aktualit": "2024-08-20", "gebnutzbez": "Gebäude", "funktion": "Gebäude zum Parken", "gfkzshh": "31001_2460", "rellage": null, "name": null, "anzahlgs": null, "gmdschl": "05362032", "lagebeztxt": null, "bld area": 50 }, "geometry": { "type": "MultiPolygon", "coordinates": [ [ [ [ 338863.224999999976717, 5642404.318 ], [ 338863.424, 5642404.335 ], [ 338868.827999999979511, 5642404.785000000149012 ], [ 338869.583999999973457, 5642395.949 ], [ 338863.971000000019558, 5642395.481999999843538 ], [ 338863.224999999976717, 5642404.318 ] ] ] ] } },
{ "type": "Feature", "properties": { "fid": 158015.0, "oid": "DENW41AL2e30002fBL", "aktualit": "2024-08-20", "gebnutzbez": "Gebäude", "funktion": "Gebäude zur Freizeitgestaltung", "gfkzshh": "31001_1310", "rellage": null, "name": null, "anzahlgs": null, "gmdschl": "05362032", "lagebeztxt": null, "bld area": 26 }, "geometry": { "type": "MultiPolygon", "coordinates": [ [ [ [ 338935.294999999983702, 5642371.331000000238419 ], [ 338940.560999999986961, 5642371.410000000149012 ], [ 338940.636, 5642366.379999999888241 ], [ 338935.454000000027008, 5642366.302000000141561 ], [ 338935.294999999983702, 5642371.331000000238419 ] ] ] ] } },
{ "type": "Feature", "properties": { "fid": 158693.0, "oid": "DENW41AL30008KKhBL", "aktualit": "2024-08-20", "gebnutzbez": "Gebäude", "funktion": "Wohngebäude", "gfkzshh": "31001_1000", "rellage": null, "name": null, "anzahlgs": null, "gmdschl": "05362032", "lagebeztxt": "Grabenweg 16, 18", "bld area": 323 }, "geometry": { "type": "MultiPolygon", "coordinates": [ [ [ [ 338830.549, 5642362.650000000372529 ], [ 338835.01500000001397, 5642362.796 ], [ 338835.022, 5642362.534 ], [ 338840.657, 5642362.71 ], [ 338840.648999999975786, 5642362.96100000012666 ], [ 338855.538, 5642363.411000000312924 ], [ 338855.547000000020489, 5642363.151999999769032 ], [ 338861.162000000011176, 5642363.32799999974668 ], [ 338861.15500000002794, 5642363.576999999582767 ], [ 338866.004000000015367, 5642363.735999999567866 ], [ 338866.288999999989755, 5642355.110000000335276 ], [ 338861.593, 5642354.957999999634922 ], [ 338861.621999999973923, 5642354.035000000149012 ], [ 338855.340000000025611, 5642353.847 ], [ 338855.315, 5642354.70299999974668 ], [ 338852.07, 5642354.606999999843538 ], [ 338852.096000000019558, 5642353.74199999962002 ], [ 338844.767999999981839, 5642353.515999999828637 ], [ 338844.740999999979977, 5642354.381 ], [ 338841.516, 5642354.281000000424683 ], [ 338841.542000000015832, 5642353.416000000201166 ], [ 338834.443000000028405, 5642353.196999999694526 ], [ 338834.416000000026543, 5642354.053000000305474 ], [ 338830.837999999988824, 5642353.934999999590218 ], [ 338830.549, 5642362.650000000372529 ] ] ] ] } },
{ "type": "Feature", "properties": { "fid": 159125.0, "oid": "DENW41AL30008LBXBL", "aktualit": "2024-08-20", "gebnutzbez": "Gebäude", "funktion": "Gebäude zum Parken", "gfkzshh": "31001_2460", "rellage": null, "name": null, "anzahlgs": null, "gmdschl": "05362032", "lagebeztxt": null, "bld area": 80 }, "geometry": { "type": "MultiPolygon", "coordinates": [ [ [ [ 338857.374903017946053, 5642409.592552307061851 ], [ 338862.957, 5642410.06900000013411 ], [ 338863.424, 5642404.335 ], [ 338863.224999999976717, 5642404.318 ], [ 338863.971000000019558, 5642395.481999999843538 ], [ 338858.587993852968793, 5642395.026537814177573 ], [ 338857.374903017946053, 5642409.592552307061851 ] ] ] ] } },
{ "type": "Feature", "properties": { "fid": 159128.0, "oid": "DENW41AL30008LC8BL", "aktualit": "2024-08-20", "gebnutzbez": "Gebäude", "funktion": "Wohngebäude", "gfkzshh": "31001_1000", "rellage": null, "name": null, "anzahlgs": null, "gmdschl": "05362032", "lagebeztxt": "Herderstraße 21, 23", "bld area": 150 }, "geometry": { "type": "MultiPolygon", "coordinates": [ [ [ [ 338901.652, 5642418.747999999672174 ], [ 338905.591000000014901, 5642419.045 ], [ 338913.059, 5642419.611999999731779 ], [ 338913.587999999988824, 5642419.651999999769032 ], [ 338914.549, 5642406.822999999858439 ], [ 338902.61099999997532, 5642405.929999999701977 ], [ 338902.315, 5642409.896999999880791 ], [ 338902.933000000019092, 5642409.94400000013411 ], [ 338902.512999999977183, 5642415.575000000186265 ], [ 338901.893999999971129, 5642415.528 ], [ 338901.652, 5642418.747999999672174 ] ] ] ] } },
{ "type": "Feature", "properties": { "fid": 159190.0, "oid": "DENW41AL30008LJdBL", "aktualit": "2024-08-20", "gebnutzbez": "Gebäude", "funktion": "Wohngebäude", "gfkzshh": "31001_1000", "rellage": null, "name": null, "anzahlgs": null, "gmdschl": "05362032", "lagebeztxt": "Herderstraße 22, 24, 26, 28, 30", "bld area": 320 }, "geometry": { "type": "MultiPolygon", "coordinates": [ [ [ [ 338878.536000000021886, 5642433.332000000402331 ], [ 338878.84499999997206, 5642433.354000000283122 ], [ 338886.314000000013039, 5642433.894000000320375 ], [ 338890.506, 5642434.196000000461936 ], [ 338890.740999999979977, 5642430.937 ], [ 338890.121999999973923, 5642430.893000000156462 ], [ 338890.511, 5642425.292000000365078 ], [ 338891.129000000015367, 5642425.335 ], [ 338891.356000000028871, 5642422.065000000409782 ], [ 338887.707999999984168, 5642421.813 ], [ 338887.983, 5642417.84499999973923 ], [ 338891.632999999972526, 5642418.098000000230968 ], [ 338891.85999999998603, 5642414.82799999974668 ], [ 338891.242000000027474, 5642414.786000000312924 ], [ 338891.63, 5642409.161999999545515 ], [ 338892.24800000002142, 5642409.205 ], [ 338892.48499999998603, 5642405.955 ], [ 338886.590000000025611, 5642405.519000000320375 ], [ 338886.581, 5642405.628999999724329 ], [ 338885.824000000022352, 5642405.571000000461936 ], [ 338885.885, 5642404.744 ], [ 338880.581, 5642404.36600000038743 ], [ 338879.667000000015832, 5642417.244 ], [ 338880.266, 5642417.285000000149012 ], [ 338879.989, 5642421.252999999560416 ], [ 338879.39000000001397, 5642421.21 ], [ 338878.536000000021886, 5642433.332000000402331 ] ] ] ] } },
{ "type": "Feature", "properties": { "fid": 160669.0, "oid": "DENW41AL30008OIIBL", "aktualit": "2024-08-20", "gebnutzbez": "Gebäude", "funktion": "Wohngebäude", "gfkzshh": "31001_1000", "rellage": null, "name": null, "anzahlgs": null, "gmdschl": "05362032", "lagebeztxt": "Herderstraße 32", "bld area": 202 }, "geometry": { "type": "MultiPolygon", "coordinates": [ [ [ [ 338873.565, 5642392.309999999590218 ], [ 338875.46999999997206, 5642392.523 ], [ 338875.0, 5642396.752000000327826 ], [ 338879.275000000023283, 5642397.224000000394881 ], [ 338879.287000000011176, 5642397.104000000283122 ], [ 338881.69, 5642397.347 ], [ 338881.678000000014435, 5642397.463999999687076 ], [ 338885.517999999981839, 5642397.894999999552965 ], [ 338886.37400000001071, 5642390.320000000298023 ], [ 338886.256, 5642390.30599999986589 ], [ 338886.518999999971129, 5642388.064000000245869 ], [ 338886.637999999977183, 5642388.07799999974668 ], [ 338887.496999999973923, 5642380.50800000037998 ], [ 338883.653, 5642380.074 ], [ 338883.64000000001397, 5642380.193 ], [ 338881.245, 5642379.935999999754131 ], [ 338881.256999999983236, 5642379.816999999806285 ], [ 338876.954000000027008, 5642379.338000000454485 ], [ 338876.479999999981374, 5642383.591 ], [ 338874.572999999974854, 5642383.377000000327826 ], [ 338873.565, 5642392.309999999590218 ] ] ] ] } },
{ "type": "Feature", "properties": { "fid": 160673.0, "oid": "DENW41AL30008OIPBL", "aktualit": "2024-08-20", "gebnutzbez": "Gebäude", "funktion": "Gebäude zum Parken", "gfkzshh": "31001_2460", "rellage": null, "name": null, "anzahlgs": null, "gmdschl": "05362032", "lagebeztxt": null, "bld area": 67 }, "geometry": { "type": "MultiPolygon", "coordinates": [ [ [ [ 338874.51400000002468, 5642365.326000000350177 ], [ 338886.26400000002468, 5642365.610999999567866 ], [ 338886.401000000012573, 5642359.855000000447035 ], [ 338874.693000000028405, 5642359.588000000454485 ], [ 338874.51400000002468, 5642365.326000000350177 ] ] ] ] } },
{ "type": "Feature", "properties": { "fid": 160982.0, "oid": "DENW41AL30008OuFBL", "aktualit": "2024-08-20", "gebnutzbez": "Gebäude", "funktion": "Gebäude zum Parken", "gfkzshh": "31001_2460", "rellage": null, "name": null, "anzahlgs": null, "gmdschl": "05362032", "lagebeztxt": null, "bld area": 54 }, "geometry": { "type": "MultiPolygon", "coordinates": [ [ [ [ 338937.75099999998929, 5642410.786000000312924 ], [ 338943.482000000018161, 5642411.062 ], [ 338943.712999999988824, 5642406.245000000111759 ], [ 338943.931999999971595, 5642401.688 ], [ 338938.204000000027008, 5642401.411000000312924 ], [ 338937.75099999998929, 5642410.786000000312924 ] ] ] ] } },
{ "type": "Feature", "properties": { "fid": 272882.0, "oid": "DENW41AL30008JpGBL", "aktualit": "2024-08-20", "gebnutzbez": "Gebäude", "funktion": "Gebäude zum Parken", "gfkzshh": "31001_2460", "rellage": null, "name": null, "anzahlgs": null, "gmdschl": "05362032", "lagebeztxt": null, "bld area": 24 }, "geometry": { "type": "MultiPolygon", "coordinates": [ [ [ [ 338905.39000000001397, 5642422.455 ], [ 338912.870999999984633, 5642422.615000000223517 ], [ 338913.059, 5642419.611999999731779 ], [ 338905.591000000014901, 5642419.045 ], [ 338905.39000000001397, 5642422.455 ] ] ] ] } },
{ "type": "Feature", "properties": { "fid": 273561.0, "oid": "DENW41AL30008KanBL", "aktualit": "2024-08-20", "gebnutzbez": "Gebäude", "funktion": "Wohngebäude", "gfkzshh": "31001_1000", "rellage": null, "name": null, "anzahlgs": null, "gmdschl": "05362032", "lagebeztxt": "Herderstraße 25", "bld area": 231 }, "geometry": { "type": "MultiPolygon", "coordinates": [ [ [ [ 338921.359, 5642401.515999999828637 ], [ 338925.473999999987427, 5642401.724000000394881 ], [ 338925.479999999981374, 5642401.604000000283122 ], [ 338927.767999999981839, 5642401.71999999973923 ], [ 338927.761999999987893, 5642401.841 ], [ 338933.90500000002794, 5642402.151999999769032 ], [ 338934.147, 5642397.379999999888241 ], [ 338932.330000000016298, 5642397.28899999987334 ], [ 338932.505, 5642393.814000000245869 ], [ 338934.202, 5642393.900999999605119 ], [ 338934.357000000018161, 5642390.877000000327826 ], [ 338932.650000000023283, 5642390.78899999987334 ], [ 338932.829000000027008, 5642387.337000000290573 ], [ 338934.646, 5642387.429999999701977 ], [ 338934.887999999977183, 5642382.657999999821186 ], [ 338928.754000000015367, 5642382.347 ], [ 338928.74800000002142, 5642382.468000000342727 ], [ 338926.479999999981374, 5642382.355000000447035 ], [ 338926.487000000022817, 5642382.235000000335276 ], [ 338922.349999999976717, 5642382.024000000208616 ], [ 338921.846000000019558, 5642391.924999999813735 ], [ 338921.967, 5642391.93099999986589 ], [ 338921.857000000018161, 5642394.065999999642372 ], [ 338921.737000000022817, 5642394.059999999590218 ], [ 338921.359, 5642401.515999999828637 ] ] ] ] } },
{ "type": "Feature", "properties": { "fid": 274380.0, "oid": "DENW41AL30008LUxBL", "aktualit": "2024-08-20", "gebnutzbez": "Gebäude", "funktion": "Wohngebäude", "gfkzshh": "31001_1000", "rellage": null, "name": null, "anzahlgs": null, "gmdschl": "05362032", "lagebeztxt": "Herderstraße 17", "bld area": 83 }, "geometry": { "type": "MultiPolygon", "coordinates": [ [ [ [ 338898.93, 5642442.354000000283122 ], [ 338909.585000000020955, 5642443.139000000432134 ], [ 338909.900000000023283, 5642438.859000000171363 ], [ 338908.277, 5642438.746000000275671 ], [ 338908.541000000026543, 5642434.684000000357628 ], [ 338899.544999999983702, 5642434.025000000372529 ], [ 338898.93, 5642442.354000000283122 ] ] ] ] } },
{ "type": "Feature", "properties": { "fid": 274664.0, "oid": "DENW41AL30008LpPBL", "aktualit": "2024-08-20", "gebnutzbez": "Gebäude", "funktion": "Gebäude für Wirtschaft oder Gewerbe", "gfkzshh": "31001_2000", "rellage": null, "name": null, "anzahlgs": null, "gmdschl": "05362032", "lagebeztxt": null, "bld area": 98 }, "geometry": { "type": "MultiPolygon", "coordinates": [ [ [ [ 338935.395000000018626, 5642445.588999999687076 ], [ 338940.63, 5642445.964999999850988 ], [ 338943.625, 5642446.178999999538064 ], [ 338944.481000000028871, 5642434.307 ], [ 338936.273999999975786, 5642433.718000000342727 ], [ 338936.054, 5642436.708999999798834 ], [ 338935.395000000018626, 5642445.588999999687076 ] ] ] ] } },
{ "type": "Feature", "properties": { "fid": 277320.0, "oid": "DENW41AL30008OkoBL", "aktualit": "2024-08-20", "gebnutzbez": "Gebäude", "funktion": "Gebäude zum Parken", "gfkzshh": "31001_2460", "rellage": null, "name": null, "anzahlgs": null, "gmdschl": "05362032", "lagebeztxt": null, "bld area": 51 }, "geometry": { "type": "MultiPolygon", "coordinates": [ [ [ [ 338924.916000000026543, 5642417.535000000149012 ], [ 338930.65500000002794, 5642417.80599999986589 ], [ 338931.075000000011642, 5642408.946000000461936 ], [ 338925.337, 5642408.673000000417233 ], [ 338924.916000000026543, 5642417.535000000149012 ] ] ] ] } },
{ "type": "Feature", "properties": { "fid": 61753.0, "oid": "DENW41AL30008MZbBL", "aktualit": "2024-08-20", "gebnutzbez": "Gebäude", "funktion": "Wohngebäude", "gfkzshh": "31001_1000", "rellage": null, "name": null, "anzahlgs": null, "gmdschl": "05362032", "lagebeztxt": "Sistenichstraße 48 c", "bld area": 63 }, "geometry": { "type": "MultiPolygon", "coordinates": [ [ [ [ 338956.273999999975786, 5642406.837000000290573 ], [ 338966.335000000020955, 5642407.309999999590218 ], [ 338966.625, 5642401.108 ], [ 338957.854, 5642400.696999999694526 ], [ 338956.566, 5642400.637000000104308 ], [ 338956.273999999975786, 5642406.837000000290573 ] ] ] ] } },
{ "type": "Feature", "properties": { "fid": 275694.0, "oid": "DENW41AL30008MzMBL", "aktualit": "2024-08-20", "gebnutzbez": "Gebäude", "funktion": "Wohngebäude", "gfkzshh": "31001_1000", "rellage": null, "name": null, "anzahlgs": null, "gmdschl": "05362032", "lagebeztxt": "Sistenichstraße 50", "bld area": 66 }, "geometry": { "type": "MultiPolygon", "coordinates": [ [ [ [ 338957.854, 5642400.696999999694526 ], [ 338966.625, 5642401.108 ], [ 338968.391, 5642401.190000000409782 ], [ 338968.680999999982305, 5642394.985999999567866 ], [ 338958.143999999971129, 5642394.492999999783933 ], [ 338957.854, 5642400.696999999694526 ] ] ] ] } },
{ "type": "Feature", "properties": { "fid": 276470.0, "oid": "DENW41AL30008NqoBL", "aktualit": "2024-08-20", "gebnutzbez": "Gebäude", "funktion": "Wohngebäude", "gfkzshh": "31001_1000", "rellage": null, "name": null, "anzahlgs": null, "gmdschl": "05362032", "lagebeztxt": "Sistenichstraße 50 a", "bld area": 66 }, "geometry": { "type": "MultiPolygon", "coordinates": [ [ [ [ 338958.143999999971129, 5642394.492999999783933 ], [ 338968.680999999982305, 5642394.985999999567866 ], [ 338968.971000000019558, 5642388.773 ], [ 338958.433000000019092, 5642388.286000000312924 ], [ 338958.143999999971129, 5642394.492999999783933 ] ] ] ] } },
{ "type": "Feature", "properties": { "fid": 160164.0, "oid": "DENW41AL30008NKcBL", "aktualit": "2024-08-20", "gebnutzbez": "Gebäude", "funktion": "Wohngebäude", "gfkzshh": "31001_1000", "rellage": null, "name": null, "anzahlgs": null, "gmdschl": "05362032", "lagebeztxt": "Sistenichstraße 48 b", "bld area": 63 }, "geometry": { "type": "MultiPolygon", "coordinates": [ [ [ [ 338955.982000000018161, 5642413.045 ], [ 338966.044, 5642413.520999999716878 ], [ 338966.335000000020955, 5642407.309999999590218 ], [ 338956.273999999975786, 5642406.837000000290573 ], [ 338955.982000000018161, 5642413.045 ] ] ] ] } },
{ "type": "Feature", "properties": { "fid": 277343.0, "oid": "DENW41AL30008Om8BL", "aktualit": "2024-08-20", "gebnutzbez": "Gebäude", "funktion": "Wohngebäude", "gfkzshh": "31001_1000", "rellage": null, "name": null, "anzahlgs": null, "gmdschl": "05362032", "lagebeztxt": "Sistenichstraße 48 a", "bld area": 64 }, "geometry": { "type": "MultiPolygon", "coordinates": [ [ [ [ 338955.680999999982305, 5642419.437 ], [ 338965.745, 5642419.912999999709427 ], [ 338966.044, 5642413.520999999716878 ], [ 338955.982000000018161, 5642413.045 ], [ 338955.680999999982305, 5642419.437 ] ] ] ] } },
{ "type": "Feature", "properties": { "fid": 158759.0, "oid": "DENW41AL30008KTCBL", "aktualit": "2024-08-20", "gebnutzbez": "Gebäude", "funktion": "Gebäude zum Parken", "gfkzshh": "31001_2460", "rellage": null, "name": null, "anzahlgs": null, "gmdschl": "05362032", "lagebeztxt": null, "bld area": 89 }, "geometry": { "type": "MultiPolygon", "coordinates": [ [ [ [ 339177.064000000013039, 5642858.343999999575317 ], [ 339180.625, 5642859.242999999783933 ], [ 339185.73599999997532, 5642860.534 ], [ 339191.329000000027008, 5642861.963999999687076 ], [ 339192.864, 5642855.980999999679625 ], [ 339182.163, 5642853.239 ], [ 339179.141, 5642852.457000000402331 ], [ 339178.38, 5642855.38300000037998 ], [ 339177.893999999971129, 5642855.254999999888241 ], [ 339177.064000000013039, 5642858.343999999575317 ] ] ] ] } },
{ "type": "Feature", "properties": { "fid": 59562.0, "oid": "DENW41AL30008JTfBL", "aktualit": "2024-08-20", "gebnutzbez": "Gebäude", "funktion": "Wohngebäude", "gfkzshh": "31001_1000", "rellage": null, "name": null, "anzahlgs": null, "gmdschl": "05362032", "lagebeztxt": null, "bld area": 55 }, "geometry": { "type": "MultiPolygon", "coordinates": [ [ [ [ 339186.968999999982771, 5642878.809999999590218 ], [ 339197.642, 5642881.565999999642372 ], [ 339198.914999999979045, 5642876.744 ], [ 339193.368000000016764, 5642875.28000000026077 ], [ 339188.227000000013504, 5642873.933000000193715 ], [ 339187.579000000027008, 5642876.46100000012666 ], [ 339187.287000000011176, 5642877.571999999694526 ], [ 339186.968999999982771, 5642878.809999999590218 ] ] ] ] } },
{ "type": "Feature", "properties": { "fid": 59958.0, "oid": "DENW41AL30008K0ABL", "aktualit": "2024-08-20", "gebnutzbez": "Gebäude", "funktion": "Gemischt genutztes Gebäude mit Wohnen", "gfkzshh": "31001_1100", "rellage": null, "name": null, "anzahlgs": null, "gmdschl": "05362032", "lagebeztxt": "Bahnhofstraße 24", "bld area": 132 }, "geometry": { "type": "MultiPolygon", "coordinates": [ [ [ [ 339173.609, 5642886.446999999694526 ], [ 339184.272999999986496, 5642889.21 ], [ 339186.968999999982771, 5642878.809999999590218 ], [ 339187.287000000011176, 5642877.571999999694526 ], [ 339176.607000000018161, 5642874.853000000119209 ], [ 339173.609, 5642886.446999999694526 ] ] ] ] } },
{ "type": "Feature", "properties": { "fid": 60203.0, "oid": "DENW41AL30008KLYBL", "aktualit": "2024-08-20", "gebnutzbez": "Gebäude", "funktion": "Gebäude zum Parken", "gfkzshh": "31001_2460", "rellage": null, "name": null, "anzahlgs": null, "gmdschl": "05362032", "lagebeztxt": null, "bld area": 87 }, "geometry": { "type": "MultiPolygon", "coordinates": [ [ [ [ 339181.869, 5642875.001000000163913 ], [ 339187.579000000027008, 5642876.46100000012666 ], [ 339188.227000000013504, 5642873.933000000193715 ], [ 339191.329000000027008, 5642861.963999999687076 ], [ 339185.73599999997532, 5642860.534 ], [ 339181.869, 5642875.001000000163913 ] ] ] ] } },
{ "type": "Feature", "properties": { "fid": 61268.0, "oid": "DENW41AL30008LrqBL", "aktualit": "2024-08-20", "gebnutzbez": "Gebäude", "funktion": "Gemischt genutztes Gebäude mit Wohnen", "gfkzshh": "31001_1100", "rellage": null, "name": null, "anzahlgs": null, "gmdschl": "05362032", "lagebeztxt": "Bahnhofstraße 30", "bld area": 124 }, "geometry": { "type": "MultiPolygon", "coordinates": [ [ [ [ 339204.695, 5642894.933000000193715 ], [ 339214.593, 5642896.978000000119209 ], [ 339216.737000000022817, 5642885.023 ], [ 339216.818000000028405, 5642884.581000000238419 ], [ 339214.128000000026077, 5642884.106999999843538 ], [ 339214.054, 5642884.501000000163913 ], [ 339206.619, 5642883.076999999582767 ], [ 339206.294999999983702, 5642885.053999999538064 ], [ 339204.695, 5642894.933000000193715 ] ] ] ] } },
{ "type": "Feature", "properties": { "fid": 160759.0, "oid": "DENW41AL30008OTABL", "aktualit": "2024-08-20", "gebnutzbez": "Gebäude", "funktion": "Gebäude zum Parken", "gfkzshh": "31001_2460", "rellage": null, "name": null, "anzahlgs": null, "gmdschl": "05362032", "lagebeztxt": null, "bld area": 55 }, "geometry": { "type": "MultiPolygon", "coordinates": [ [ [ [ 339197.288999999989755, 5642882.728000000119209 ], [ 339206.294999999983702, 5642885.053999999538064 ], [ 339206.619, 5642883.076999999582767 ], [ 339207.283999999985099, 5642878.940999999642372 ], [ 339201.517, 5642877.423999999649823 ], [ 339198.914999999979045, 5642876.744 ], [ 339197.642, 5642881.565999999642372 ], [ 339197.288999999989755, 5642882.728000000119209 ] ] ] ] } },
{ "type": "Feature", "properties": { "fid": 274921.0, "oid": "DENW41AL30008M7KBL", "aktualit": "2024-08-20", "gebnutzbez": "Gebäude", "funktion": "Gebäude zur Freizeitgestaltung", "gfkzshh": "31001_1310", "rellage": null, "name": null, "anzahlgs": null, "gmdschl": "05362032", "lagebeztxt": null, "bld area": 25 }, "geometry": { "type": "MultiPolygon", "coordinates": [ [ [ [ 339191.631, 5642842.200000000186265 ], [ 339191.701, 5642846.933000000193715 ], [ 339197.00099999998929, 5642846.966 ], [ 339197.141, 5642842.416000000201166 ], [ 339191.631, 5642842.200000000186265 ] ] ] ] } },
{ "type": "Feature", "properties": { "fid": 275454.0, "oid": "DENW41AL30008MiKBL", "aktualit": "2024-08-20", "gebnutzbez": "Gebäude", "funktion": "Gebäude zum Parken", "gfkzshh": "31001_2460", "rellage": null, "name": null, "anzahlgs": null, "gmdschl": "05362032", "lagebeztxt": null, "bld area": 57 }, "geometry": { "type": "MultiPolygon", "coordinates": [ [ [ [ 339208.963999999978114, 5642868.621000000275671 ], [ 339219.207, 5642871.233 ], [ 339220.152, 5642865.954 ], [ 339209.822999999974854, 5642863.324 ], [ 339209.400000000023283, 5642865.918999999761581 ], [ 339209.319000000017695, 5642866.406999999657273 ], [ 339208.963999999978114, 5642868.621000000275671 ] ] ] ] } },
{ "type": "Feature", "properties": { "fid": 276252.0, "oid": "DENW41AL30008NbLBL", "aktualit": "2024-08-20", "gebnutzbez": "Gebäude", "funktion": "Gebäude für Wirtschaft oder Gewerbe", "gfkzshh": "31001_2000", "rellage": null, "name": null, "anzahlgs": null, "gmdschl": "05362032", "lagebeztxt": null, "bld area": 101 }, "geometry": { "type": "MultiPolygon", "coordinates": [ [ [ [ 339188.227000000013504, 5642873.933000000193715 ], [ 339193.368000000016764, 5642875.28000000026077 ], [ 339197.210000000020955, 5642851.507000000216067 ], [ 339194.231000000028871, 5642850.707000000402331 ], [ 339194.180999999982305, 5642850.898 ], [ 339192.864, 5642855.980999999679625 ], [ 339191.329000000027008, 5642861.963999999687076 ], [ 339188.227000000013504, 5642873.933000000193715 ] ] ] ] } },
{ "type": "Feature", "properties": { "fid": 276472.0, "oid": "DENW41AL30008NqKBL", "aktualit": "2024-08-20", "gebnutzbez": "Gebäude", "funktion": "Gemischt genutztes Gebäude mit Wohnen", "gfkzshh": "31001_1100", "rellage": null, "name": null, "anzahlgs": null, "gmdschl": "05362032", "lagebeztxt": "Bahnhofstraße 26, 28", "bld area": 220 }, "geometry": { "type": "MultiPolygon", "coordinates": [ [ [ [ 339184.173, 5642889.632000000216067 ], [ 339201.137999999977183, 5642894.019000000320375 ], [ 339204.695, 5642894.933000000193715 ], [ 339206.294999999983702, 5642885.053999999538064 ], [ 339197.288999999989755, 5642882.728000000119209 ], [ 339197.642, 5642881.565999999642372 ], [ 339186.968999999982771, 5642878.809999999590218 ], [ 339184.272999999986496, 5642889.21 ], [ 339184.173, 5642889.632000000216067 ] ] ] ] } },
{ "type": "Feature", "properties": { "fid": 277163.0, "oid": "DENW41AL30008OaKBL", "aktualit": "2024-08-20", "gebnutzbez": "Gebäude", "funktion": "Gebäude zum Parken", "gfkzshh": "31001_2460", "rellage": null, "name": null, "anzahlgs": null, "gmdschl": "05362032", "lagebeztxt": null, "bld area": 114 }, "geometry": { "type": "MultiPolygon", "coordinates": [ [ [ [ 339203.457999999984168, 5642865.401999999769032 ], [ 339209.319000000017695, 5642866.406999999657273 ], [ 339209.400000000023283, 5642865.918999999761581 ], [ 339209.822999999974854, 5642863.324 ], [ 339209.841000000014901, 5642863.216 ], [ 339212.527, 5642847.064000000245869 ], [ 339206.435, 5642847.025999999605119 ], [ 339203.457999999984168, 5642865.401999999769032 ] ] ] ] } },
{ "type": "Feature", "properties": { "fid": 61116.0, "oid": "DENW41AL30008Lf4BL", "aktualit": "2024-08-20", "gebnutzbez": "Gebäude", "funktion": "Gemischt genutztes Gebäude mit Wohnen", "gfkzshh": "31001_1100", "rellage": null, "name": null, "anzahlgs": null, "gmdschl": "05362032", "lagebeztxt": "Bahnhofstraße 22", "bld area": 124 }, "geometry": { "type": "MultiPolygon", "coordinates": [ [ [ [ 339163.423, 5642883.813 ], [ 339173.609, 5642886.446999999694526 ], [ 339176.607000000018161, 5642874.853000000119209 ], [ 339166.75199999997858, 5642872.304999999701977 ], [ 339166.346000000019558, 5642873.697999999858439 ], [ 339163.423, 5642883.813 ] ] ] ] } },
{ "type": "Feature", "properties": { "fid": 61261.0, "oid": "DENW41AL30008LrDBL", "aktualit": "2024-08-20", "gebnutzbez": "Gebäude", "funktion": "Gemischt genutztes Gebäude mit Wohnen", "gfkzshh": "31001_1100", "rellage": null, "name": null, "anzahlgs": null, "gmdschl": "05362032", "lagebeztxt": "Bahnhofstraße 20", "bld area": 257 }, "geometry": { "type": "MultiPolygon", "coordinates": [ [ [ [ 339144.158, 5642878.75 ], [ 339163.423, 5642883.813 ], [ 339166.346000000019558, 5642873.697999999858439 ], [ 339158.799999999988358, 5642871.968000000342727 ], [ 339159.202999999979511, 5642870.214999999850988 ], [ 339155.231000000028871, 5642869.298999999649823 ], [ 339156.087, 5642865.598000000230968 ], [ 339148.23599999997532, 5642863.78000000026077 ], [ 339144.158, 5642878.75 ] ] ] ] } },
{ "type": "Feature", "properties": { "fid": 61272.0, "oid": "DENW41AL30008LsSBL", "aktualit": "2024-08-20", "gebnutzbez": "Gebäude", "funktion": "Gebäude zum Parken", "gfkzshh": "31001_2460", "rellage": null, "name": null, "anzahlgs": null, "gmdschl": "05362032", "lagebeztxt": null, "bld area": 25 }, "geometry": { "type": "MultiPolygon", "coordinates": [ [ [ [ 338866.951, 5642489.730999999679625 ], [ 338869.466000000014901, 5642489.909 ], [ 338869.662000000011176, 5642487.026999999769032 ], [ 338870.082999999984168, 5642480.814000000245869 ], [ 338870.150000000023283, 5642479.81900000013411 ], [ 338867.646, 5642479.642 ], [ 338867.272, 5642485.071999999694526 ], [ 338866.951, 5642489.730999999679625 ] ] ] ] } },
{ "type": "Feature", "properties": { "fid": 61628.0, "oid": "DENW41AL30008MOSBL", "aktualit": "2024-08-20", "gebnutzbez": "Gebäude", "funktion": "Wohngebäude", "gfkzshh": "31001_1000", "rellage": null, "name": null, "anzahlgs": null, "gmdschl": "05362032", "lagebeztxt": "Herderstraße 14", "bld area": 85 }, "geometry": { "type": "MultiPolygon", "coordinates": [ [ [ [ 338878.543, 5642492.875 ], [ 338882.385, 5642493.179999999701977 ], [ 338884.615, 5642493.356999999843538 ], [ 338885.004000000015367, 5642487.403 ], [ 338887.689000000013039, 5642487.582000000402331 ], [ 338888.06, 5642482.093999999575317 ], [ 338879.240999999979977, 5642481.463000000454485 ], [ 338878.577999999979511, 5642492.338000000454485 ], [ 338878.543, 5642492.875 ] ] ] ] } },
{ "type": "Feature", "properties": { "fid": 62474.0, "oid": "DENW41AL30008NbaBL", "aktualit": "2024-08-20", "gebnutzbez": "Gebäude", "funktion": "Gebäude zum Parken", "gfkzshh": "31001_2460", "rellage": null, "name": null, "anzahlgs": null, "gmdschl": "05362032", "lagebeztxt": null, "bld area": 24 }, "geometry": { "type": "MultiPolygon", "coordinates": [ [ [ [ 338874.674, 5642495.57799999974668 ], [ 338882.191999999980908, 5642496.146999999880791 ], [ 338882.385, 5642493.179999999701977 ], [ 338878.543, 5642492.875 ], [ 338878.577999999979511, 5642492.338000000454485 ], [ 338874.94, 5642492.029 ], [ 338874.674, 5642495.57799999974668 ] ] ] ] } },
{ "type": "Feature", "properties": { "fid": 275933.0, "oid": "DENW41AL30008NFwBL", "aktualit": "2024-08-20", "gebnutzbez": "Gebäude", "funktion": "Wohngebäude", "gfkzshh": "31001_1000", "rellage": null, "name": null, "anzahlgs": null, "gmdschl": "05362032", "lagebeztxt": "Herderstraße 16", "bld area": 63 }, "geometry": { "type": "MultiPolygon", "coordinates": [ [ [ [ 338879.240999999979977, 5642481.463000000454485 ], [ 338888.06, 5642482.093999999575317 ], [ 338888.549, 5642474.895999999716878 ], [ 338885.771, 5642474.707999999634922 ], [ 338885.759000000020023, 5642474.831000000238419 ], [ 338879.789999999979045, 5642474.386 ], [ 338879.240999999979977, 5642481.463000000454485 ] ] ] ] } },
{ "type": "Feature", "properties": { "fid": 159204.0, "oid": "DENW41AL30008LKwBL", "aktualit": "2024-08-20", "gebnutzbez": "Gebäude", "funktion": "Wohngebäude", "gfkzshh": "31001_1000", "rellage": null, "name": null, "anzahlgs": null, "gmdschl": "05362032", "lagebeztxt": null, "bld area": 26 }, "geometry": { "type": "MultiPolygon", "coordinates": [ [ [ [ 338879.789999999979045, 5642474.386 ], [ 338885.759000000020023, 5642474.831000000238419 ], [ 338885.771, 5642474.707999999634922 ], [ 338886.071999999985565, 5642470.399000000208616 ], [ 338880.12, 5642469.992999999783933 ], [ 338879.789999999979045, 5642474.386 ] ] ] ] } },
{ "type": "Feature", "properties": { "fid": 59455.0, "oid": "DENW41AL30008JJzBL", "aktualit": "2024-08-20", "gebnutzbez": "Gebäude", "funktion": "Gemischt genutztes Gebäude mit Wohnen", "gfkzshh": "31001_1100", "rellage": null, "name": null, "anzahlgs": null, "gmdschl": "05362032", "lagebeztxt": "Hauptstraße 173", "bld area": 120 }, "geometry": { "type": "MultiPolygon", "coordinates": [ [ [ [ 339063.838999999978114, 5642739.734000000171363 ], [ 339073.645000000018626, 5642743.614 ], [ 339075.810999999986961, 5642738.21100000012666 ], [ 339076.51500000001397, 5642736.450000000186265 ], [ 339077.836000000010245, 5642733.146999999880791 ], [ 339068.006, 5642729.188 ], [ 339067.88, 5642729.504999999888241 ], [ 339063.838999999978114, 5642739.734000000171363 ] ] ] ] } },
{ "type": "Feature", "properties": { "fid": 61190.0, "oid": "DENW41AL30008LlXBL", "aktualit": "2024-08-20", "gebnutzbez": "Gebäude", "funktion": "Gemischt genutztes Gebäude mit Wohnen", "gfkzshh": "31001_1100", "rellage": null, "name": null, "anzahlgs": null, "gmdschl": "05362032", "lagebeztxt": "Hauptstraße 175", "bld area": 160 }, "geometry": { "type": "MultiPolygon", "coordinates": [ [ [ [ 339068.006, 5642729.188 ], [ 339077.836000000010245, 5642733.146999999880791 ], [ 339082.386, 5642734.979000000283122 ], [ 339084.854999999981374, 5642728.826999999582767 ], [ 339084.267999999981839, 5642727.497000000439584 ], [ 339085.363000000012107, 5642724.769000000320375 ], [ 339071.863000000012107, 5642719.423999999649823 ], [ 339070.783, 5642722.157999999821186 ], [ 339068.006, 5642729.188 ] ] ] ] } },
{ "type": "Feature", "properties": { "fid": 61517.0, "oid": "DENW41AL30008METBL", "aktualit": "2024-08-20", "gebnutzbez": "Gebäude", "funktion": "Gebäude für Wirtschaft oder Gewerbe", "gfkzshh": "31001_2000", "rellage": null, "name": null, "anzahlgs": null, "gmdschl": "05362032", "lagebeztxt": null, "bld area": 43 }, "geometry": { "type": "MultiPolygon", "coordinates": [ [ [ [ 339073.645000000018626, 5642743.614 ], [ 339076.76, 5642744.848000000230968 ], [ 339080.536000000021886, 5642746.343999999575317 ], [ 339082.699000000022352, 5642740.876000000163913 ], [ 339077.343, 5642738.799999999813735 ], [ 339075.810999999986961, 5642738.21100000012666 ], [ 339073.645000000018626, 5642743.614 ] ] ] ] } },
{ "type": "Feature", "properties": { "fid": 61982.0, "oid": "DENW41AL30008MtyBL", "aktualit": "2024-08-20", "gebnutzbez": "Gebäude", "funktion": "Gebäude für Wirtschaft oder Gewerbe", "gfkzshh": "31001_2000", "rellage": null, "name": null, "anzahlgs": null, "gmdschl": "05362032", "lagebeztxt": null, "bld area": 1 }, "geometry": { "type": "MultiPolygon", "coordinates": [ [ [ [ 339095.169, 5642763.676 ], [ 339095.209223302430473, 5642763.573560281656682 ], [ 339086.233427067927551, 5642760.028173898346722 ], [ 339086.185999999986961, 5642760.149000000208616 ], [ 339095.169, 5642763.676 ] ] ] ] } },
{ "type": "Feature", "properties": { "fid": 62645.0, "oid": "DENW41AL30008NqpBL", "aktualit": "2024-08-20", "gebnutzbez": "Gebäude", "funktion": "Wohngebäude", "gfkzshh": "31001_1000", "rellage": null, "name": null, "anzahlgs": null, "gmdschl": "05362032", "lagebeztxt": null, "bld area": 61 }, "geometry": { "type": "MultiPolygon", "coordinates": [ [ [ [ 339092.325000000011642, 5642739.115000000223517 ], [ 339102.223, 5642743.041000000201166 ], [ 339103.24800000002142, 5642740.36600000038743 ], [ 339098.775000000023283, 5642738.66399999987334 ], [ 339100.756999999983236, 5642733.756 ], [ 339095.32, 5642731.562 ], [ 339094.849999999976717, 5642732.737999999895692 ], [ 339092.362000000022817, 5642739.021999999880791 ], [ 339092.325000000011642, 5642739.115000000223517 ] ] ] ] } },
{ "type": "Feature", "properties": { "fid": 158994.0, "oid": "DENW41AL30008KvUBL", "aktualit": "2024-08-20", "gebnutzbez": "Gebäude", "funktion": "Gemischt genutztes Gebäude mit Wohnen", "gfkzshh": "31001_1100", "rellage": null, "name": null, "anzahlgs": null, "gmdschl": "05362032", "lagebeztxt": "Hauptstraße 169", "bld area": 289 }, "geometry": { "type": "MultiPolygon", "coordinates": [ [ [ [ 339072.908999999985099, 5642754.659 ], [ 339059.967, 5642749.53000000026077 ], [ 339055.37, 5642761.167000000365078 ], [ 339076.450000000011642, 5642769.871000000275671 ], [ 339076.532, 5642769.667000000365078 ], [ 339078.075000000011642, 5642765.824 ], [ 339081.200000000011642, 5642758.04 ], [ 339072.908999999985099, 5642754.659 ] ] ] ] } },
{ "type": "Feature", "properties": { "fid": 159004.0, "oid": "DENW41AL30008KwNBL", "aktualit": "2024-08-20", "gebnutzbez": "Gebäude", "funktion": "Gebäude für Wirtschaft oder Gewerbe", "gfkzshh": "31001_2000", "rellage": null, "name": null, "anzahlgs": null, "gmdschl": "05362032", "lagebeztxt": null, "bld area": 3 }, "geometry": { "type": "MultiPolygon", "coordinates": [ [ [ [ 339075.810999999986961, 5642738.21100000012666 ], [ 339077.343, 5642738.799999999813735 ], [ 339078.028999999980442, 5642737.049999999813735 ], [ 339076.51500000001397, 5642736.450000000186265 ], [ 339075.810999999986961, 5642738.21100000012666 ] ] ] ] } },
{ "type": "Feature", "properties": { "fid": 272105.0, "oid": "DENW41AL2cv00026BL", "aktualit": "2024-08-20", "gebnutzbez": "Gebäude", "funktion": "Gebäude für Wirtschaft oder Gewerbe", "gfkzshh": "31001_2000", "rellage": null, "name": null, "anzahlgs": null, "gmdschl": "05362032", "lagebeztxt": null, "bld area": 75 }, "geometry": { "type": "MultiPolygon", "coordinates": [ [ [ [ 339077.343, 5642738.799999999813735 ], [ 339082.699000000022352, 5642740.876000000163913 ], [ 339080.536000000021886, 5642746.343999999575317 ], [ 339085.150000000023283, 5642748.168999999761581 ], [ 339088.06, 5642749.320000000298023 ], [ 339089.44, 5642745.592000000178814 ], [ 339091.631, 5642746.403 ], [ 339092.924999999988358, 5642742.907999999821186 ], [ 339090.73499999998603, 5642742.097 ], [ 339090.278999999980442, 5642743.326999999582767 ], [ 339086.091000000014901, 5642741.631 ], [ 339086.533, 5642740.424999999813735 ], [ 339078.028999999980442, 5642737.049999999813735 ], [ 339077.343, 5642738.799999999813735 ] ] ] ] } },
{ "type": "Feature", "properties": { "fid": 272417.0, "oid": "DENW41AL30008JIXBL", "aktualit": "2024-08-20", "gebnutzbez": "Gebäude", "funktion": "Gebäude für Wirtschaft oder Gewerbe", "gfkzshh": "31001_2000", "rellage": null, "name": null, "anzahlgs": null, "gmdschl": "05362032", "lagebeztxt": null, "bld area": null }, "geometry": { "type": "MultiPolygon", "coordinates": [ ] } },
{ "type": "Feature", "properties": { "fid": 275285.0, "oid": "DENW41AL30008MY5BL", "aktualit": "2024-08-20", "gebnutzbez": "Gebäude", "funktion": "Gebäude für Wirtschaft oder Gewerbe", "gfkzshh": "31001_2000", "rellage": null, "name": null, "anzahlgs": null, "gmdschl": "05362032", "lagebeztxt": null, "bld area": 59 }, "geometry": { "type": "MultiPolygon", "coordinates": [ [ [ [ 339076.51500000001397, 5642736.450000000186265 ], [ 339078.028999999980442, 5642737.049999999813735 ], [ 339086.533, 5642740.424999999813735 ], [ 339086.091000000014901, 5642741.631 ], [ 339090.278999999980442, 5642743.326999999582767 ], [ 339090.73499999998603, 5642742.097 ], [ 339091.936999999976251, 5642738.849000000394881 ], [ 339082.386, 5642734.979000000283122 ], [ 339077.836000000010245, 5642733.146999999880791 ], [ 339076.51500000001397, 5642736.450000000186265 ] ] ] ] } },
{ "type": "Feature", "properties": { "fid": 275530.0, "oid": "DENW41AL30008MnsBL", "aktualit": "2024-08-20", "gebnutzbez": "Gebäude", "funktion": "Gebäude für Wirtschaft oder Gewerbe", "gfkzshh": "31001_2000", "rellage": null, "name": null, "anzahlgs": null, "gmdschl": "05362032", "lagebeztxt": null, "bld area": 64 }, "geometry": { "type": "MultiPolygon", "coordinates": [ [ [ [ 339096.755, 5642729.126000000163913 ], [ 339106.043, 5642732.812 ], [ 339108.077, 5642727.833999999798834 ], [ 339108.455000000016298, 5642726.900999999605119 ], [ 339099.275000000023283, 5642723.20299999974668 ], [ 339096.755, 5642729.126000000163913 ] ] ] ] } },
{ "type": "Feature", "properties": { "fid": 277131.0, "oid": "DENW41AL30008OYNBL", "aktualit": "2024-08-20", "gebnutzbez": "Gebäude", "funktion": "Gemischt genutztes Gebäude mit Wohnen", "gfkzshh": "31001_1100", "rellage": null, "name": null, "anzahlgs": null, "gmdschl": "05362032", "lagebeztxt": null, "bld area": 72 }, "geometry": { "type": "MultiPolygon", "coordinates": [ [ [ [ 339082.386, 5642734.979000000283122 ], [ 339091.936999999976251, 5642738.849000000394881 ], [ 339092.362000000022817, 5642739.021999999880791 ], [ 339094.849999999976717, 5642732.737999999895692 ], [ 339084.854999999981374, 5642728.826999999582767 ], [ 339082.386, 5642734.979000000283122 ] ] ] ] } },
{ "type": "Feature", "properties": { "fid": 62381.0, "oid": "DENW41AL30008NTpBL", "aktualit": "2024-08-20", "gebnutzbez": "Gebäude", "funktion": "Gemischt genutztes Gebäude mit Wohnen", "gfkzshh": "31001_1100", "rellage": null, "name": null, "anzahlgs": null, "gmdschl": "05362032", "lagebeztxt": "Hauptstraße 167", "bld area": 637 }, "geometry": { "type": "MultiPolygon", "coordinates": [ [ [ [ 339049.129000000015367, 5642779.160000000149012 ], [ 339082.206, 5642790.463999999687076 ], [ 339083.413999999989755, 5642786.852 ], [ 339084.487000000022817, 5642783.629999999888241 ], [ 339086.60999999998603, 5642784.333999999798834 ], [ 339088.032, 5642780.066999999806285 ], [ 339085.90500000002794, 5642779.362999999895692 ], [ 339087.587999999988824, 5642774.274000000208616 ], [ 339078.598, 5642770.713000000454485 ], [ 339076.450000000011642, 5642769.871000000275671 ], [ 339055.37, 5642761.167000000365078 ], [ 339050.254000000015367, 5642775.917999999597669 ], [ 339049.129000000015367, 5642779.160000000149012 ] ] ] ] } },
{ "type": "Feature", "properties": { "fid": 271880.0, "oid": "DENW41AL2000ICBmBL", "aktualit": "2024-08-20", "gebnutzbez": "Gebäude", "funktion": "Gemischt genutztes Gebäude mit Wohnen", "gfkzshh": "31001_1100", "rellage": null, "name": null, "anzahlgs": null, "gmdschl": "05362032", "lagebeztxt": null, "bld area": 10 }, "geometry": { "type": "MultiPolygon", "coordinates": [ [ [ [ 339076.450000000011642, 5642769.871000000275671 ], [ 339078.598, 5642770.713000000454485 ], [ 339080.191, 5642766.661999999545515 ], [ 339078.075000000011642, 5642765.824 ], [ 339076.532, 5642769.667000000365078 ], [ 339076.450000000011642, 5642769.871000000275671 ] ] ] ] } },
{ "type": "Feature", "properties": { "fid": 271881.0, "oid": "DENW41AL2000ICBqBL", "aktualit": "2024-08-20", "gebnutzbez": "Gebäude", "funktion": "Gebäude zum Parken", "gfkzshh": "31001_2460", "rellage": null, "name": null, "anzahlgs": null, "gmdschl": "05362032", "lagebeztxt": null, "bld area": 68 }, "geometry": { "type": "MultiPolygon", "coordinates": [ [ [ [ 339107.614, 5642777.713999999687076 ], [ 339108.668, 5642775.065999999642372 ], [ 339109.718, 5642772.417000000365078 ], [ 339110.729323119099718, 5642769.809969342313707 ], [ 339105.615, 5642767.821999999694526 ], [ 339101.039999999979045, 5642779.298999999649823 ], [ 339106.13886130793253, 5642781.320436233654618 ], [ 339107.614, 5642777.713999999687076 ] ] ] ] } },
{ "type": "Feature", "properties": { "fid": 271882.0, "oid": "DENW41AL2000ICByBL", "aktualit": "2024-08-20", "gebnutzbez": "Gebäude", "funktion": "Gemischt genutztes Gebäude mit Wohnen", "gfkzshh": "31001_1100", "rellage": null, "name": null, "anzahlgs": null, "gmdschl": "05362032", "lagebeztxt": null, "bld area": 101 }, "geometry": { "type": "MultiPolygon", "coordinates": [ [ [ [ 339081.200000000011642, 5642758.04 ], [ 339078.075000000011642, 5642765.824 ], [ 339080.191, 5642766.661999999545515 ], [ 339080.914999999979045, 5642764.81900000013411 ], [ 339092.979999999981374, 5642769.585 ], [ 339095.284999999974389, 5642763.745000000111759 ], [ 339095.147, 5642763.721 ], [ 339095.169, 5642763.676 ], [ 339086.185999999986961, 5642760.149000000208616 ], [ 339086.233427067927551, 5642760.028173898346722 ], [ 339081.200000000011642, 5642758.04 ] ] ] ] } },
{ "type": "Feature", "properties": { "fid": 63115.0, "oid": "DENW41AL30008OVvBL", "aktualit": "2024-08-20", "gebnutzbez": "Gebäude", "funktion": "Gebäude zum Parken", "gfkzshh": "31001_2460", "rellage": null, "name": null, "anzahlgs": null, "gmdschl": "05362032", "lagebeztxt": null, "bld area": 27 }, "geometry": { "type": "MultiPolygon", "coordinates": [ [ [ [ 338782.253000000026077, 5642311.634999999776483 ], [ 338784.908, 5642311.722 ], [ 338785.131999999983236, 5642304.53000000026077 ], [ 338785.237000000022817, 5642301.367999999783933 ], [ 338782.59499999997206, 5642301.281000000424683 ], [ 338782.455000000016298, 5642305.531000000424683 ], [ 338782.253000000026077, 5642311.634999999776483 ] ] ] ] } },
{ "type": "Feature", "properties": { "fid": 160589.0, "oid": "DENW41AL30008O9UBL", "aktualit": "2024-08-20", "gebnutzbez": "Gebäude", "funktion": "Wohngebäude", "gfkzshh": "31001_1000", "rellage": null, "name": null, "anzahlgs": null, "gmdschl": "05362032", "lagebeztxt": "Grabenweg 21", "bld area": 102 }, "geometry": { "type": "MultiPolygon", "coordinates": [ [ [ [ 338773.732000000018161, 5642317.489 ], [ 338782.050999999977648, 5642317.764999999664724 ], [ 338782.253000000026077, 5642311.634999999776483 ], [ 338782.455000000016298, 5642305.531000000424683 ], [ 338774.12699999997858, 5642305.264000000432134 ], [ 338774.086000000010245, 5642306.473000000230968 ], [ 338773.732000000018161, 5642317.489 ] ] ] ] } },
{ "type": "Feature", "properties": { "fid": 275797.0, "oid": "DENW41AL30008N61BL", "aktualit": "2024-08-20", "gebnutzbez": "Gebäude", "funktion": "Gebäude zum Parken", "gfkzshh": "31001_2460", "rellage": null, "name": null, "anzahlgs": null, "gmdschl": "05362032", "lagebeztxt": null, "bld area": 23 }, "geometry": { "type": "MultiPolygon", "coordinates": [ [ [ [ 338784.908, 5642311.722 ], [ 338787.920999999972992, 5642311.818 ], [ 338788.064000000013039, 5642307.13399999961257 ], [ 338788.484, 5642307.149000000208616 ], [ 338788.550999999977648, 5642304.627999999560416 ], [ 338785.131999999983236, 5642304.53000000026077 ], [ 338784.908, 5642311.722 ] ] ] ] } },
{ "type": "Feature", "properties": { "fid": 276668.0, "oid": "DENW41AL30008O3yBL", "aktualit": "2024-08-20", "gebnutzbez": "Gebäude", "funktion": "Wohngebäude", "gfkzshh": "31001_1000", "rellage": null, "name": null, "anzahlgs": null, "gmdschl": "05362032", "lagebeztxt": "Grabenweg 23", "bld area": 99 }, "geometry": { "type": "MultiPolygon", "coordinates": [ [ [ [ 338764.794999999983702, 5642317.201000000350177 ], [ 338773.732000000018161, 5642317.489 ], [ 338774.086000000010245, 5642306.473000000230968 ], [ 338765.159999999974389, 5642306.151999999769032 ], [ 338764.992000000027474, 5642311.193 ], [ 338764.794999999983702, 5642317.201000000350177 ] ] ] ] } },
{ "type": "Feature", "properties": { "fid": 59777.0, "oid": "DENW41AL30008JlpBL", "aktualit": "2024-08-20", "gebnutzbez": "Gebäude", "funktion": "Gebäude zum Parken", "gfkzshh": "31001_2460", "rellage": null, "name": null, "anzahlgs": null, "gmdschl": "05362032", "lagebeztxt": null, "bld area": 16 }, "geometry": { "type": "MultiPolygon", "coordinates": [ [ [ [ 338801.055999999982305, 5642243.560999999754131 ], [ 338803.792000000015832, 5642243.854000000283122 ], [ 338804.418, 5642238.021999999880791 ], [ 338801.681999999971595, 5642237.729000000283122 ], [ 338801.055999999982305, 5642243.560999999754131 ] ] ] ] } },
{ "type": "Feature", "properties": { "fid": 159147.0, "oid": "DENW41AL30008LEABL", "aktualit": "2024-08-20", "gebnutzbez": "Gebäude", "funktion": "Wohngebäude", "gfkzshh": "31001_1000", "rellage": null, "name": null, "anzahlgs": null, "gmdschl": "05362032", "lagebeztxt": "Heinrich-Heine-Straße 6", "bld area": 108 }, "geometry": { "type": "MultiPolygon", "coordinates": [ [ [ [ 338788.115999999979977, 5642247.41399999987334 ], [ 338797.025000000023283, 5642248.426 ], [ 338798.396, 5642236.532999999821186 ], [ 338789.474999999976717, 5642235.506 ], [ 338788.115999999979977, 5642247.41399999987334 ] ] ] ] } },
{ "type": "Feature", "properties": { "fid": 159795.0, "oid": "DENW41AL30008MYlBL", "aktualit": "2024-08-20", "gebnutzbez": "Gebäude", "funktion": "Wohngebäude", "gfkzshh": "31001_1000", "rellage": null, "name": null, "anzahlgs": null, "gmdschl": "05362032", "lagebeztxt": "Heinrich-Heine-Straße 8", "bld area": 90 }, "geometry": { "type": "MultiPolygon", "coordinates": [ [ [ [ 338773.908999999985099, 5642243.949 ], [ 338774.157, 5642243.975999999791384 ], [ 338782.979, 5642244.966 ], [ 338783.631, 5642239.208999999798834 ], [ 338783.26500000001397, 5642239.166000000201166 ], [ 338783.762999999977183, 5642234.957000000402331 ], [ 338775.038, 5642233.92 ], [ 338774.207999999984168, 5642241.286000000312924 ], [ 338773.908999999985099, 5642243.949 ] ] ] ] } },
{ "type": "Feature", "properties": { "fid": 61379.0, "oid": "DENW41AL30008M2DBL", "aktualit": "2024-08-20", "gebnutzbez": "Gebäude", "funktion": "Gebäude zum Parken", "gfkzshh": "31001_2460", "rellage": null, "name": null, "anzahlgs": null, "gmdschl": "05362032", "lagebeztxt": null, "bld area": 17 }, "geometry": { "type": "MultiPolygon", "coordinates": [ [ [ [ 338767.191, 5642246.102 ], [ 338767.439000000013039, 5642246.127999999560416 ], [ 338770.37599999998929, 5642246.449 ], [ 338771.00099999998929, 5642240.986999999731779 ], [ 338768.087, 5642240.650000000372529 ], [ 338767.886, 5642242.364 ], [ 338767.636999999987893, 5642242.338999999687076 ], [ 338767.191, 5642246.102 ] ] ] ] } },
{ "type": "Feature", "properties": { "fid": 63195.0, "oid": "DENW41AL30008OcPBL", "aktualit": "2024-08-20", "gebnutzbez": "Gebäude", "funktion": "Wohngebäude", "gfkzshh": "31001_1000", "rellage": null, "name": null, "anzahlgs": null, "gmdschl": "05362032", "lagebeztxt": "Heinrich-Heine-Straße 10", "bld area": 76 }, "geometry": { "type": "MultiPolygon", "coordinates": [ [ [ [ 338759.321, 5642241.424999999813735 ], [ 338767.636999999987893, 5642242.338999999687076 ], [ 338767.886, 5642242.364 ], [ 338768.087, 5642240.650000000372529 ], [ 338768.37400000001071, 5642238.177000000141561 ], [ 338767.606000000028871, 5642238.087000000290573 ], [ 338768.191999999980908, 5642233.13399999961257 ], [ 338760.338999999978114, 5642232.201999999582767 ], [ 338759.321, 5642241.424999999813735 ] ] ] ] } },
{ "type": "Feature", "properties": { "fid": 160874.0, "oid": "DENW41AL30008OhmBL", "aktualit": "2024-08-20", "gebnutzbez": "Gebäude", "funktion": "Gebäude zum Parken", "gfkzshh": "31001_2460", "rellage": null, "name": null, "anzahlgs": null, "gmdschl": "05362032", "lagebeztxt": null, "bld area": 17 }, "geometry": { "type": "MultiPolygon", "coordinates": [ [ [ [ 338766.552000000025146, 5642251.456000000238419 ], [ 338769.754000000015367, 5642251.841 ], [ 338770.37599999998929, 5642246.449 ], [ 338767.439000000013039, 5642246.127999999560416 ], [ 338767.191, 5642246.102 ], [ 338766.552000000025146, 5642251.456000000238419 ] ] ] ] } },
{ "type": "Feature", "properties": { "fid": 277139.0, "oid": "DENW41AL30008OZ3BL", "aktualit": "2024-08-20", "gebnutzbez": "Gebäude", "funktion": "Gebäude zum Parken", "gfkzshh": "31001_2460", "rellage": null, "name": null, "anzahlgs": null, "gmdschl": "05362032", "lagebeztxt": null, "bld area": 19 }, "geometry": { "type": "MultiPolygon", "coordinates": [ [ [ [ 338770.37599999998929, 5642246.449 ], [ 338773.871999999973923, 5642246.84499999973923 ], [ 338774.157, 5642243.975999999791384 ], [ 338773.908999999985099, 5642243.949 ], [ 338774.207999999984168, 5642241.286000000312924 ], [ 338771.00099999998929, 5642240.986999999731779 ], [ 338770.37599999998929, 5642246.449 ] ] ] ] } },
{ "type": "Feature", "properties": { "fid": 160736.0, "oid": "DENW41AL30008OQKBL", "aktualit": "2024-08-20", "gebnutzbez": "Gebäude", "funktion": "Gebäude zum Parken", "gfkzshh": "31001_2460", "rellage": null, "name": null, "anzahlgs": null, "gmdschl": "05362032", "lagebeztxt": null, "bld area": 19 }, "geometry": { "type": "MultiPolygon", "coordinates": [ [ [ [ 338761.956, 5642311.093000000342727 ], [ 338764.992000000027474, 5642311.193 ], [ 338765.159999999974389, 5642306.151999999769032 ], [ 338765.199000000022352, 5642305.041000000201166 ], [ 338762.163999999989755, 5642304.935999999754131 ], [ 338761.956, 5642311.093000000342727 ] ] ] ] } },
{ "type": "Feature", "properties": { "fid": 160116.0, "oid": "DENW41AL30008NBvBL", "aktualit": "2024-08-20", "gebnutzbez": "Gebäude", "funktion": "Gebäude zum Parken", "gfkzshh": "31001_2460", "rellage": null, "name": null, "anzahlgs": null, "gmdschl": "05362032", "lagebeztxt": null, "bld area": 36 }, "geometry": { "type": "MultiPolygon", "coordinates": [ [ [ [ 338749.082999999984168, 5642240.389999999664724 ], [ 338755.49, 5642240.677000000141561 ], [ 338755.74, 5642235.064000000245869 ], [ 338749.333999999973457, 5642234.778 ], [ 338749.196999999985565, 5642237.838000000454485 ], [ 338749.082999999984168, 5642240.389999999664724 ] ] ] ] } },
{ "type": "Feature", "properties": { "fid": 59901.0, "oid": "DENW41AL30008JvfBL", "aktualit": "2024-08-20", "gebnutzbez": "Gebäude", "funktion": "Wohngebäude", "gfkzshh": "31001_1000", "rellage": null, "name": null, "anzahlgs": null, "gmdschl": "05362032", "lagebeztxt": "Merodestraße 40", "bld area": 95 }, "geometry": { "type": "MultiPolygon", "coordinates": [ [ [ [ 338764.19, 5642151.423000000417233 ], [ 338772.689000000013039, 5642152.396999999880791 ], [ 338772.788, 5642152.407999999821186 ], [ 338773.943000000028405, 5642141.504999999888241 ], [ 338765.353, 5642140.489 ], [ 338764.19, 5642151.423000000417233 ] ] ] ] } },
{ "type": "Feature", "properties": { "fid": 276666.0, "oid": "DENW41AL30008O3wBL", "aktualit": "2024-08-20", "gebnutzbez": "Gebäude", "funktion": "Gebäude zum Parken", "gfkzshh": "31001_2460", "rellage": null, "name": null, "anzahlgs": null, "gmdschl": "05362032", "lagebeztxt": null, "bld area": 24 }, "geometry": { "type": "MultiPolygon", "coordinates": [ [ [ [ 338757.458999999973457, 5642139.028 ], [ 338765.435, 5642139.748999999836087 ], [ 338765.707, 5642136.799999999813735 ], [ 338757.759000000020023, 5642136.064000000245869 ], [ 338757.458999999973457, 5642139.028 ] ] ] ] } },
{ "type": "Feature", "properties": { "fid": 160840.0, "oid": "DENW41AL30008OdnBL", "aktualit": "2024-08-20", "gebnutzbez": "Gebäude", "funktion": "Wohngebäude", "gfkzshh": "31001_1000", "rellage": null, "name": null, "anzahlgs": null, "gmdschl": "05362032", "lagebeztxt": null, "bld area": 17 }, "geometry": { "type": "MultiPolygon", "coordinates": [ [ [ [ 338772.369, 5642155.389999999664724 ], [ 338778.120999999984633, 5642156.00899999961257 ], [ 338778.435, 5642153.036000000312924 ], [ 338772.788, 5642152.407999999821186 ], [ 338772.689000000013039, 5642152.396999999880791 ], [ 338772.369, 5642155.389999999664724 ] ] ] ] } },
{ "type": "Feature", "properties": { "fid": 160877.0, "oid": "DENW41AL30008OiNBL", "aktualit": "2024-08-20", "gebnutzbez": "Gebäude", "funktion": "Gebäude zum Parken", "gfkzshh": "31001_2460", "rellage": null, "name": null, "anzahlgs": null, "gmdschl": "05362032", "lagebeztxt": null, "bld area": 19 }, "geometry": { "type": "MultiPolygon", "coordinates": [ [ [ [ 338755.712, 5642174.673000000417233 ], [ 338761.663, 5642175.29700000025332 ], [ 338761.957, 5642172.072999999858439 ], [ 338758.542000000015832, 5642171.697999999858439 ], [ 338756.07, 5642171.426 ], [ 338755.712, 5642174.673000000417233 ] ] ] ] } },
{ "type": "Feature", "properties": { "fid": 277378.0, "oid": "DENW41AL30008OoDBL", "aktualit": "2024-08-20", "gebnutzbez": "Gebäude", "funktion": "Wohngebäude", "gfkzshh": "31001_1000", "rellage": null, "name": null, "anzahlgs": null, "gmdschl": "05362032", "lagebeztxt": "Merodestraße 38", "bld area": 62 }, "geometry": { "type": "MultiPolygon", "coordinates": [ [ [ [ 338772.788, 5642152.407999999821186 ], [ 338778.435, 5642153.036000000312924 ], [ 338778.939000000013039, 5642148.066999999806285 ], [ 338779.564000000013039, 5642142.099000000394881 ], [ 338773.943000000028405, 5642141.504999999888241 ], [ 338772.788, 5642152.407999999821186 ] ] ] ] } },
{ "type": "Feature", "properties": { "fid": 158842.0, "oid": "DENW41AL30008KcqBL", "aktualit": "2024-08-20", "gebnutzbez": "Gebäude", "funktion": "Wohngebäude", "gfkzshh": "31001_1000", "rellage": null, "name": null, "anzahlgs": null, "gmdschl": "05362032", "lagebeztxt": "Rote-Kreuz-Straße 36", "bld area": 123 }, "geometry": { "type": "MultiPolygon", "coordinates": [ [ [ [ 338749.545999999972992, 5642170.708999999798834 ], [ 338756.07, 5642171.426 ], [ 338758.542000000015832, 5642171.697999999858439 ], [ 338759.958999999973457, 5642158.151999999769032 ], [ 338750.974999999976717, 5642157.178000000305474 ], [ 338749.545999999972992, 5642170.708999999798834 ] ] ] ] } },
{ "type": "Feature", "properties": { "fid": 60890.0, "oid": "DENW41AL30008LL0BL", "aktualit": "2024-08-20", "gebnutzbez": "Gebäude", "funktion": "Wohngebäude", "gfkzshh": "31001_1000", "rellage": null, "name": null, "anzahlgs": null, "gmdschl": "05362032", "lagebeztxt": "Adenauerstraße 4", "bld area": 68 }, "geometry": { "type": "MultiPolygon", "coordinates": [ [ [ [ 338918.862000000022817, 5642522.225999999791384 ], [ 338919.539999999979045, 5642522.269999999552965 ], [ 338925.892999999981839, 5642522.688 ], [ 338926.602000000013504, 5642513.852 ], [ 338923.208999999973457, 5642513.620000000111759 ], [ 338923.305, 5642512.224999999627471 ], [ 338919.628000000026077, 5642511.973000000230968 ], [ 338918.952, 5642521.023 ], [ 338918.862000000022817, 5642522.225999999791384 ] ] ] ] } },
{ "type": "Feature", "properties": { "fid": 64070.0, "oid": "DENW41ALvN00002gBL", "aktualit": "2024-08-20", "gebnutzbez": "Gebäude", "funktion": "Gebäude zum Parken", "gfkzshh": "31001_2460", "rellage": null, "name": null, "anzahlgs": null, "gmdschl": "05362032", "lagebeztxt": null, "bld area": 41 }, "geometry": { "type": "MultiPolygon", "coordinates": [ [ [ [ 338936.805999999982305, 5642520.269999999552965 ], [ 338942.295999999972992, 5642520.662999999709427 ], [ 338942.822999999974854, 5642513.184999999590218 ], [ 338937.336000000010245, 5642512.792999999597669 ], [ 338936.805999999982305, 5642520.269999999552965 ] ] ] ] } },
{ "type": "Feature", "properties": { "fid": 158485.0, "oid": "DENW41AL30008JvFBL", "aktualit": "2024-08-20", "gebnutzbez": "Gebäude", "funktion": "Gebäude zum Parken", "gfkzshh": "31001_2460", "rellage": null, "name": null, "anzahlgs": null, "gmdschl": "05362032", "lagebeztxt": null, "bld area": 19 }, "geometry": { "type": "MultiPolygon", "coordinates": [ [ [ [ 338932.677000000025146, 5642524.912999999709427 ], [ 338936.364, 5642525.24199999962002 ], [ 338936.707, 5642519.900999999605119 ], [ 338933.151000000012573, 5642519.631 ], [ 338932.893999999971129, 5642523.111999999731779 ], [ 338932.854, 5642523.110000000335276 ], [ 338932.677000000025146, 5642524.912999999709427 ] ] ] ] } },
{ "type": "Feature", "properties": { "fid": 272832.0, "oid": "DENW41AL30008JpdBL", "aktualit": "2024-08-20", "gebnutzbez": "Gebäude", "funktion": "Gebäude zum Parken", "gfkzshh": "31001_2460", "rellage": null, "name": null, "anzahlgs": null, "gmdschl": "05362032", "lagebeztxt": null, "bld area": 31 }, "geometry": { "type": "MultiPolygon", "coordinates": [ [ [ [ 338928.349999999976717, 5642544.34499999973923 ], [ 338935.048, 5642544.79 ], [ 338935.397999999986496, 5642540.235999999567866 ], [ 338928.700000000011642, 5642539.79 ], [ 338928.349999999976717, 5642544.34499999973923 ] ] ] ] } },
{ "type": "Feature", "properties": { "fid": 275303.0, "oid": "DENW41AL30008MZHBL", "aktualit": "2024-08-20", "gebnutzbez": "Gebäude", "funktion": "Wohngebäude", "gfkzshh": "31001_1000", "rellage": null, "name": null, "anzahlgs": null, "gmdschl": "05362032", "lagebeztxt": "Adenauerstraße 2", "bld area": 67 }, "geometry": { "type": "MultiPolygon", "coordinates": [ [ [ [ 338925.892999999981839, 5642522.688 ], [ 338932.854, 5642523.110000000335276 ], [ 338932.893999999971129, 5642523.111999999731779 ], [ 338933.151000000012573, 5642519.631 ], [ 338933.451, 5642515.560999999754131 ], [ 338933.73599999997532, 5642512.940000000409782 ], [ 338930.07, 5642512.689000000245869 ], [ 338929.974999999976717, 5642514.082999999634922 ], [ 338926.602000000013504, 5642513.852 ], [ 338925.892999999981839, 5642522.688 ] ] ] ] } },
{ "type": "Feature", "properties": { "fid": 158216.0, "oid": "DENW41AL30008JOgBL", "aktualit": "2024-08-20", "gebnutzbez": "Gebäude", "funktion": "Wohngebäude", "gfkzshh": "31001_1000", "rellage": null, "name": null, "anzahlgs": null, "gmdschl": "05362032", "lagebeztxt": "Sistenichstraße 40", "bld area": 68 }, "geometry": { "type": "MultiPolygon", "coordinates": [ [ [ [ 338954.417000000015832, 5642521.50800000037998 ], [ 338963.23499999998603, 5642522.083999999798834 ], [ 338963.461000000010245, 5642518.674999999813735 ], [ 338964.858, 5642518.768000000156462 ], [ 338965.106000000028871, 5642515.102 ], [ 338954.881, 5642514.406000000424683 ], [ 338954.417000000015832, 5642521.50800000037998 ] ] ] ] } },
{ "type": "Feature", "properties": { "fid": 160841.0, "oid": "DENW41AL30008OdpBL", "aktualit": "2024-08-20", "gebnutzbez": "Gebäude", "funktion": "Wohngebäude", "gfkzshh": "31001_1000", "rellage": null, "name": null, "anzahlgs": null, "gmdschl": "05362032", "lagebeztxt": "Sistenichstraße 38", "bld area": 67 }, "geometry": { "type": "MultiPolygon", "coordinates": [ [ [ [ 338953.951, 5642528.541000000201166 ], [ 338964.163, 5642529.224000000394881 ], [ 338964.408999999985099, 5642525.549999999813735 ], [ 338963.005, 5642525.456000000238419 ], [ 338963.23499999998603, 5642522.083999999798834 ], [ 338954.417000000015832, 5642521.50800000037998 ], [ 338953.951, 5642528.541000000201166 ] ] ] ] } },
{ "type": "Feature", "properties": { "fid": 160078.0, "oid": "DENW41AL30008N72BL", "aktualit": "2024-08-20", "gebnutzbez": "Gebäude", "funktion": "Wohngebäude", "gfkzshh": "31001_1000", "rellage": null, "name": null, "anzahlgs": null, "gmdschl": "05362032", "lagebeztxt": "Sistenichstraße 34", "bld area": 67 }, "geometry": { "type": "MultiPolygon", "coordinates": [ [ [ [ 338952.658999999985099, 5642548.440999999642372 ], [ 338962.803000000014435, 5642549.110000000335276 ], [ 338963.048, 5642545.53000000026077 ], [ 338961.62, 5642545.427000000141561 ], [ 338961.882999999972526, 5642541.978000000119209 ], [ 338953.121999999973923, 5642541.393000000156462 ], [ 338952.658999999985099, 5642548.440999999642372 ] ] ] ] } },
{ "type": "Feature", "properties": { "fid": 160772.0, "oid": "DENW41AL30008OV4BL", "aktualit": "2024-08-20", "gebnutzbez": "Gebäude", "funktion": "Wohngebäude", "gfkzshh": "31001_1000", "rellage": null, "name": null, "anzahlgs": null, "gmdschl": "05362032", "lagebeztxt": "Sistenichstraße 36", "bld area": 67 }, "geometry": { "type": "MultiPolygon", "coordinates": [ [ [ [ 338953.121999999973923, 5642541.393000000156462 ], [ 338961.882999999972526, 5642541.978000000119209 ], [ 338962.135, 5642538.617999999783933 ], [ 338963.538, 5642538.71999999973923 ], [ 338963.794, 5642535.062 ], [ 338953.577, 5642534.352 ], [ 338953.121999999973923, 5642541.393000000156462 ] ] ] ] } },
{ "type": "Feature", "properties": { "fid": 60191.0, "oid": "DENW41AL30008KKLBL", "aktualit": "2024-08-20", "gebnutzbez": "Gebäude", "funktion": "Wohngebäude", "gfkzshh": "31001_1000", "rellage": null, "name": null, "anzahlgs": null, "gmdschl": "05362032", "lagebeztxt": "Höhenweg 12, 16, 18", "bld area": 391 }, "geometry": { "type": "MultiPolygon", "coordinates": [ [ [ [ 339290.957999999984168, 5642778.467000000178814 ], [ 339291.563000000023749, 5642778.593000000342727 ], [ 339291.098, 5642780.822999999858439 ], [ 339293.016, 5642781.223000000230968 ], [ 339292.808000000019092, 5642782.213000000454485 ], [ 339295.988000000012107, 5642782.877999999560416 ], [ 339296.194000000017695, 5642781.896999999880791 ], [ 339298.396, 5642782.359000000171363 ], [ 339298.19, 5642783.337000000290573 ], [ 339301.370999999984633, 5642784.007000000216067 ], [ 339301.577, 5642783.028 ], [ 339303.096000000019558, 5642783.348000000230968 ], [ 339307.363000000012107, 5642780.549999999813735 ], [ 339309.052000000025146, 5642783.128999999724329 ], [ 339313.12300000002142, 5642780.458999999798834 ], [ 339311.443000000028405, 5642777.888000000268221 ], [ 339315.678000000014435, 5642775.122999999672174 ], [ 339316.46999999997206, 5642771.33 ], [ 339317.704000000027008, 5642771.588999999687076 ], [ 339319.525000000023283, 5642762.832000000402331 ], [ 339318.294, 5642762.583999999798834 ], [ 339307.242000000027474, 5642760.338999999687076 ], [ 339305.983, 5642766.528 ], [ 339299.24900000001071, 5642770.846 ], [ 339293.414999999979045, 5642769.649000000208616 ], [ 339292.406000000017229, 5642774.554999999701977 ], [ 339291.799, 5642774.429999999701977 ], [ 339290.957999999984168, 5642778.467000000178814 ] ] ] ] } },
{ "type": "Feature", "properties": { "fid": 62304.0, "oid": "DENW41AL30008NNEBL", "aktualit": "2024-08-20", "gebnutzbez": "Gebäude", "funktion": "Gebäude zum Parken", "gfkzshh": "31001_2460", "rellage": null, "name": null, "anzahlgs": null, "gmdschl": "05362032", "lagebeztxt": null, "bld area": 16 }, "geometry": { "type": "MultiPolygon", "coordinates": [ [ [ [ 339266.84499999997206, 5642755.427000000141561 ], [ 339271.516, 5642756.369 ], [ 339272.295999999972992, 5642756.525000000372529 ], [ 339272.868000000016764, 5642753.696999999694526 ], [ 339268.206, 5642752.757000000216067 ], [ 339267.414999999979045, 5642752.598000000230968 ], [ 339266.84499999997206, 5642755.427000000141561 ] ] ] ] } },
{ "type": "Feature", "properties": { "fid": 158689.0, "oid": "DENW41AL30008KKYBL", "aktualit": "2024-08-20", "gebnutzbez": "Gebäude", "funktion": "Gebäude zum Parken", "gfkzshh": "31001_2460", "rellage": null, "name": null, "anzahlgs": null, "gmdschl": "05362032", "lagebeztxt": null, "bld area": 16 }, "geometry": { "type": "MultiPolygon", "coordinates": [ [ [ [ 339265.5, 5642758.07799999974668 ], [ 339270.939000000013039, 5642759.193 ], [ 339271.516, 5642756.369 ], [ 339266.84499999997206, 5642755.427000000141561 ], [ 339266.07, 5642755.271999999880791 ], [ 339265.5, 5642758.07799999974668 ] ] ] ] } },
{ "type": "Feature", "properties": { "fid": 160211.0, "oid": "DENW41AL30008NOOBL", "aktualit": "2024-08-20", "gebnutzbez": "Gebäude", "funktion": "Wohngebäude", "gfkzshh": "31001_1000", "rellage": null, "name": null, "anzahlgs": null, "gmdschl": "05362032", "lagebeztxt": "Höhenweg 14", "bld area": 436 }, "geometry": { "type": "MultiPolygon", "coordinates": [ [ [ [ 339260.938000000023749, 5642781.884999999776483 ], [ 339262.059, 5642782.108 ], [ 339261.430999999982305, 5642785.285000000149012 ], [ 339266.245999999984633, 5642786.24100000038743 ], [ 339266.365, 5642785.642 ], [ 339269.234, 5642786.207000000402331 ], [ 339268.995, 5642787.404 ], [ 339273.579000000027008, 5642788.32799999974668 ], [ 339274.321999999985565, 5642784.640999999828637 ], [ 339274.617000000027474, 5642784.700000000186265 ], [ 339275.201, 5642781.809000000357628 ], [ 339274.908, 5642781.75 ], [ 339276.158, 5642775.582000000402331 ], [ 339278.830000000016298, 5642773.782999999821186 ], [ 339278.522, 5642773.326000000350177 ], [ 339279.392999999981839, 5642772.736999999731779 ], [ 339282.984, 5642773.455 ], [ 339284.311999999976251, 5642766.82799999974668 ], [ 339285.843999999982771, 5642767.134999999776483 ], [ 339286.816999999980908, 5642762.308000000193715 ], [ 339282.082, 5642761.353000000119209 ], [ 339281.87, 5642762.401999999769032 ], [ 339280.789999999979045, 5642763.11600000038743 ], [ 339277.452999999979511, 5642762.449 ], [ 339277.645000000018626, 5642761.487999999895692 ], [ 339270.841000000014901, 5642760.128999999724329 ], [ 339266.57, 5642759.270999999716878 ], [ 339265.996999999973923, 5642762.104000000283122 ], [ 339265.767, 5642763.185999999754131 ], [ 339264.723999999987427, 5642763.00800000037998 ], [ 339264.461000000010245, 5642764.322999999858439 ], [ 339261.544999999983702, 5642778.850999999791384 ], [ 339260.938000000023749, 5642781.884999999776483 ] ] ] ] } },
{ "type": "Feature", "properties": { "fid": 275098.0, "oid": "DENW41AL30008MKXBL", "aktualit": "2024-08-20", "gebnutzbez": "Gebäude", "funktion": "Gebäude zum Parken", "gfkzshh": "31001_2460", "rellage": null, "name": null, "anzahlgs": null, "gmdschl": "05362032", "lagebeztxt": null, "bld area": 16 }, "geometry": { "type": "MultiPolygon", "coordinates": [ [ [ [ 339268.206, 5642752.757000000216067 ], [ 339272.868000000016764, 5642753.696999999694526 ], [ 339273.656000000017229, 5642753.856999999843538 ], [ 339274.232000000018161, 5642751.037999999709427 ], [ 339268.794, 5642749.924999999813735 ], [ 339268.206, 5642752.757000000216067 ] ] ] ] } },
{ "type": "Feature", "properties": { "fid": 59865.0, "oid": "DENW41AL30008JsZBL", "aktualit": "2024-08-20", "gebnutzbez": "Gebäude", "funktion": "Gebäude zum Parken", "gfkzshh": "31001_2460", "rellage": null, "name": null, "anzahlgs": null, "gmdschl": "05362032", "lagebeztxt": null, "bld area": 18 }, "geometry": { "type": "MultiPolygon", "coordinates": [ [ [ [ 339307.202, 5642798.929999999701977 ], [ 339310.044, 5642799.911000000312924 ], [ 339311.990999999979977, 5642794.264999999664724 ], [ 339309.151000000012573, 5642793.286000000312924 ], [ 339307.202, 5642798.929999999701977 ] ] ] ] } },
{ "type": "Feature", "properties": { "fid": 60285.0, "oid": "DENW41AL30008KSxBL", "aktualit": "2024-08-20", "gebnutzbez": "Gebäude", "funktion": "Wohngebäude", "gfkzshh": "31001_1000", "rellage": null, "name": null, "anzahlgs": null, "gmdschl": "05362032", "lagebeztxt": "Höhenweg 10", "bld area": 116 }, "geometry": { "type": "MultiPolygon", "coordinates": [ [ [ [ 339293.68, 5642808.099999999627471 ], [ 339299.707999999984168, 5642808.721 ], [ 339300.629000000015367, 5642806.153 ], [ 339308.169, 5642809.021999999880791 ], [ 339311.189000000013039, 5642800.429999999701977 ], [ 339301.131, 5642797.274000000208616 ], [ 339299.48599999997532, 5642801.679999999701977 ], [ 339298.792000000015832, 5642801.434999999590218 ], [ 339297.51500000001397, 5642805.190999999642372 ], [ 339294.984, 5642804.321999999694526 ], [ 339293.68, 5642808.099999999627471 ] ] ] ] } },
{ "type": "Feature", "properties": { "fid": 275845.0, "oid": "DENW41AL30008N9QBL", "aktualit": "2024-08-20", "gebnutzbez": "Gebäude", "funktion": "Gebäude zum Parken", "gfkzshh": "31001_2460", "rellage": null, "name": null, "anzahlgs": null, "gmdschl": "05362032", "lagebeztxt": null, "bld area": 18 }, "geometry": { "type": "MultiPolygon", "coordinates": [ [ [ [ 339301.537000000011176, 5642796.975999999791384 ], [ 339304.37, 5642797.95299999974668 ], [ 339306.313000000023749, 5642792.307 ], [ 339303.483, 5642791.331000000238419 ], [ 339301.537000000011176, 5642796.975999999791384 ] ] ] ] } },
{ "type": "Feature", "properties": { "fid": 276618.0, "oid": "DENW41AL30008O0hBL", "aktualit": "2024-08-20", "gebnutzbez": "Gebäude", "funktion": "Gebäude zum Parken", "gfkzshh": "31001_2460", "rellage": null, "name": null, "anzahlgs": null, "gmdschl": "05362032", "lagebeztxt": null, "bld area": 18 }, "geometry": { "type": "MultiPolygon", "coordinates": [ [ [ [ 339304.37, 5642797.95299999974668 ], [ 339307.202, 5642798.929999999701977 ], [ 339309.151000000012573, 5642793.286000000312924 ], [ 339306.313000000023749, 5642792.307 ], [ 339304.37, 5642797.95299999974668 ] ] ] ] } },
{ "type": "Feature", "properties": { "fid": 63006.0, "oid": "DENW41AL30008OLpBL", "aktualit": "2024-08-20", "gebnutzbez": "Gebäude", "funktion": "Wohngebäude", "gfkzshh": "31001_1000", "rellage": null, "name": null, "anzahlgs": null, "gmdschl": "05362032", "lagebeztxt": "Kirschkaul 1, 3, 5", "bld area": 495 }, "geometry": { "type": "MultiPolygon", "coordinates": [ [ [ [ 339196.51, 5642716.529 ], [ 339197.892999999981839, 5642717.312 ], [ 339211.821, 5642725.200000000186265 ], [ 339213.789999999979045, 5642721.71999999973923 ], [ 339229.148999999975786, 5642730.390999999828637 ], [ 339231.117000000027474, 5642726.906999999657273 ], [ 339246.429, 5642735.562 ], [ 339251.043, 5642727.404 ], [ 339235.740999999979977, 5642718.75 ], [ 339233.777, 5642722.231999999843538 ], [ 339218.387999999977183, 5642713.548999999649823 ], [ 339216.424999999988358, 5642717.031999999657273 ], [ 339201.077, 5642708.365000000223517 ], [ 339196.51, 5642716.529 ] ] ] ] } },
{ "type": "Feature", "properties": { "fid": 159976.0, "oid": "DENW41AL30008MunBL", "aktualit": "2024-08-20", "gebnutzbez": "Gebäude", "funktion": "Gebäude zum Parken", "gfkzshh": "31001_2460", "rellage": null, "name": null, "anzahlgs": null, "gmdschl": "05362032", "lagebeztxt": null, "bld area": 75 }, "geometry": { "type": "MultiPolygon", "coordinates": [ [ [ [ 339189.037000000011176, 5642730.157999999821186 ], [ 339193.858, 5642731.53000000026077 ], [ 339197.892999999981839, 5642717.312 ], [ 339192.973999999987427, 5642715.864 ], [ 339189.037000000011176, 5642730.157999999821186 ] ] ] ] } },
{ "type": "Feature", "properties": { "fid": 160664.0, "oid": "DENW41AL30008OHTBL", "aktualit": "2024-08-20", "gebnutzbez": "Gebäude", "funktion": "Wohngebäude", "gfkzshh": "31001_1000", "rellage": null, "name": null, "anzahlgs": null, "gmdschl": "05362032", "lagebeztxt": "Mittelstraße 13", "bld area": 234 }, "geometry": { "type": "MultiPolygon", "coordinates": [ [ [ [ 339224.731000000028871, 5642765.545 ], [ 339236.164999999979045, 5642768.643000000156462 ], [ 339238.044, 5642769.150999999605119 ], [ 339239.815, 5642762.650999999605119 ], [ 339241.74800000002142, 5642763.178999999538064 ], [ 339242.544999999983702, 5642760.25800000037998 ], [ 339240.613000000012107, 5642759.731999999843538 ], [ 339242.387999999977183, 5642753.204 ], [ 339229.058000000019092, 5642749.585 ], [ 339224.731000000028871, 5642765.545 ] ] ] ] } },
{ "type": "Feature", "properties": { "fid": 160998.0, "oid": "DENW41AL30008OwUBL", "aktualit": "2024-08-20", "gebnutzbez": "Gebäude", "funktion": "Wohngebäude", "gfkzshh": "31001_1000", "rellage": null, "name": null, "anzahlgs": null, "gmdschl": "05362032", "lagebeztxt": "Mittelstraße 11 a", "bld area": 238 }, "geometry": { "type": "MultiPolygon", "coordinates": [ [ [ [ 339218.554, 5642781.011 ], [ 339226.233, 5642783.098000000230968 ], [ 339227.68, 5642783.492999999783933 ], [ 339231.819000000017695, 5642784.617999999783933 ], [ 339233.598999999987427, 5642778.079 ], [ 339236.75099999998929, 5642778.934000000357628 ], [ 339237.537000000011176, 5642776.035000000149012 ], [ 339234.39000000001397, 5642775.179999999701977 ], [ 339236.164999999979045, 5642768.643000000156462 ], [ 339224.731000000028871, 5642765.545 ], [ 339222.843999999982771, 5642765.03899999987334 ], [ 339218.554, 5642781.011 ] ] ] ] } },
{ "type": "Feature", "properties": { "fid": 276954.0, "oid": "DENW41AL30008OM2BL", "aktualit": "2024-08-20", "gebnutzbez": "Gebäude", "funktion": "Gebäude zum Parken", "gfkzshh": "31001_2460", "rellage": null, "name": null, "anzahlgs": null, "gmdschl": "05362032", "lagebeztxt": null, "bld area": 16 }, "geometry": { "type": "MultiPolygon", "coordinates": [ [ [ [ 339232.321999999985565, 5642824.506 ], [ 339237.664999999979045, 5642824.933000000193715 ], [ 339237.822999999974854, 5642821.943 ], [ 339232.48499999998603, 5642821.560999999754131 ], [ 339232.321999999985565, 5642824.506 ] ] ] ] } },
{ "type": "Feature", "properties": { "fid": 160905.0, "oid": "DENW41AL30008OlcBL", "aktualit": "2024-08-20", "gebnutzbez": "Gebäude", "funktion": "Wohngebäude", "gfkzshh": "31001_1000", "rellage": null, "name": null, "anzahlgs": null, "gmdschl": "05362032", "lagebeztxt": "Heinrich-Heine-Straße 4", "bld area": 102 }, "geometry": { "type": "MultiPolygon", "coordinates": [ [ [ [ 338803.370999999984633, 5642247.559000000357628 ], [ 338808.069000000017695, 5642248.114 ], [ 338808.007999999972526, 5642249.091 ], [ 338812.781000000017229, 5642249.696999999694526 ], [ 338814.044999999983702, 5642238.648 ], [ 338804.556999999971595, 5642237.525000000372529 ], [ 338803.370999999984633, 5642247.559000000357628 ] ] ] ] } },
{ "type": "Feature", "properties": { "fid": 62315.0, "oid": "DENW41AL30008NOKBL", "aktualit": "2024-08-20", "gebnutzbez": "Gebäude", "funktion": "Wohngebäude", "gfkzshh": "31001_1000", "rellage": null, "name": null, "anzahlgs": null, "gmdschl": "05362032", "lagebeztxt": "Grabenweg 19", "bld area": 85 }, "geometry": { "type": "MultiPolygon", "coordinates": [ [ [ [ 338787.75199999997858, 5642317.761 ], [ 338795.701, 5642317.981999999843538 ], [ 338796.023999999975786, 5642307.325000000186265 ], [ 338788.484, 5642307.149000000208616 ], [ 338788.064000000013039, 5642307.13399999961257 ], [ 338787.920999999972992, 5642311.818 ], [ 338787.75199999997858, 5642317.761 ] ] ] ] } },
{ "type": "Feature", "properties": { "fid": 274476.0, "oid": "DENW41AL30008LbrBL", "aktualit": "2024-08-20", "gebnutzbez": "Gebäude", "funktion": "Wohngebäude", "gfkzshh": "31001_1000", "rellage": null, "name": null, "anzahlgs": null, "gmdschl": "05362032", "lagebeztxt": "Grabenweg 17", "bld area": 86 }, "geometry": { "type": "MultiPolygon", "coordinates": [ [ [ [ 338795.701, 5642317.981999999843538 ], [ 338803.715000000025611, 5642318.224000000394881 ], [ 338803.897, 5642312.457999999634922 ], [ 338804.052000000025146, 5642307.571999999694526 ], [ 338803.792000000015832, 5642307.564000000245869 ], [ 338796.023999999975786, 5642307.325000000186265 ], [ 338795.701, 5642317.981999999843538 ] ] ] ] } },
{ "type": "Feature", "properties": { "fid": 61872.0, "oid": "DENW41AL30008Mk8BL", "aktualit": "2024-08-20", "gebnutzbez": "Gebäude", "funktion": "Wohngebäude", "gfkzshh": "31001_1000", "rellage": null, "name": null, "anzahlgs": null, "gmdschl": "05362032", "lagebeztxt": "Adenauerstraße 14", "bld area": 112 }, "geometry": { "type": "MultiPolygon", "coordinates": [ [ [ [ 338851.992000000027474, 5642516.974000000394881 ], [ 338852.026000000012573, 5642517.403 ], [ 338852.141, 5642517.818 ], [ 338852.332999999984168, 5642518.20299999974668 ], [ 338852.59499999997206, 5642518.543999999761581 ], [ 338852.918, 5642518.83 ], [ 338853.289999999979045, 5642519.048000000417233 ], [ 338853.696999999985565, 5642519.190999999642372 ], [ 338854.12400000001071, 5642519.253999999724329 ], [ 338854.379000000015367, 5642519.252000000327826 ], [ 338854.632999999972526, 5642519.224000000394881 ], [ 338854.881999999983236, 5642519.17 ], [ 338855.12400000001071, 5642519.089999999850988 ], [ 338855.357000000018161, 5642518.985999999567866 ], [ 338855.577, 5642518.856999999843538 ], [ 338858.186999999976251, 5642519.036000000312924 ], [ 338858.195, 5642518.916000000201166 ], [ 338858.869, 5642518.96100000012666 ], [ 338858.702, 5642521.483 ], [ 338862.369, 5642521.729000000283122 ], [ 338862.541000000026543, 5642519.218999999575317 ], [ 338862.642, 5642519.225999999791384 ], [ 338863.213999999978114, 5642512.13399999961257 ], [ 338862.716000000014901, 5642512.093000000342727 ], [ 338862.963999999978114, 5642509.083999999798834 ], [ 338854.950000000011642, 5642508.513000000268221 ], [ 338854.697999999974854, 5642511.75 ], [ 338852.161000000021886, 5642511.551 ], [ 338851.992000000027474, 5642516.974000000394881 ] ] ] ] } },
{ "type": "Feature", "properties": { "fid": 274515.0, "oid": "DENW41AL30008LepBL", "aktualit": "2024-08-20", "gebnutzbez": "Gebäude", "funktion": "Gebäude für Land- und Forstwirtschaft", "gfkzshh": "31001_2700", "rellage": null, "name": null, "anzahlgs": null, "gmdschl": "05362032", "lagebeztxt": null, "bld area": 40 }, "geometry": { "type": "MultiPolygon", "coordinates": [ [ [ [ 338864.034999999974389, 5642536.941999999806285 ], [ 338865.322999999974854, 5642537.048000000417233 ], [ 338864.898999999975786, 5642542.13300000037998 ], [ 338867.419999999983702, 5642542.392 ], [ 338867.776000000012573, 5642538.876000000163913 ], [ 338870.778999999980442, 5642539.178999999538064 ], [ 338870.90500000002794, 5642537.916000000201166 ], [ 338873.112000000022817, 5642538.134999999776483 ], [ 338873.308000000019092, 5642535.41399999987334 ], [ 338864.385, 5642534.774000000208616 ], [ 338864.215000000025611, 5642534.759999999776483 ], [ 338864.034999999974389, 5642536.941999999806285 ] ] ] ] } },
{ "type": "Feature", "properties": { "fid": 276394.0, "oid": "DENW41AL30008NkmBL", "aktualit": "2024-08-20", "gebnutzbez": "Gebäude", "funktion": "Gebäude für Land- und Forstwirtschaft", "gfkzshh": "31001_2700", "rellage": null, "name": null, "anzahlgs": null, "gmdschl": "05362032", "lagebeztxt": null, "bld area": 8 }, "geometry": { "type": "MultiPolygon", "coordinates": [ [ [ [ 338850.316, 5642533.762000000104308 ], [ 338853.331, 5642533.977 ], [ 338853.49900000001071, 5642531.440000000409782 ], [ 338850.49800000002142, 5642531.231999999843538 ], [ 338850.316, 5642533.762000000104308 ] ] ] ] } },
{ "type": "Feature", "properties": { "fid": 275849.0, "oid": "DENW41AL30008N9bBL", "aktualit": "2024-08-20", "gebnutzbez": "Gebäude", "funktion": "Wohngebäude", "gfkzshh": "31001_1000", "rellage": null, "name": null, "anzahlgs": null, "gmdschl": "05362032", "lagebeztxt": "Herderstraße 12", "bld area": 58 }, "geometry": { "type": "MultiPolygon", "coordinates": [ [ [ [ 338867.419999999983702, 5642542.392 ], [ 338877.65500000002794, 5642543.281999999657273 ], [ 338878.14000000001397, 5642535.759999999776483 ], [ 338874.452999999979511, 5642535.495000000111759 ], [ 338873.308000000019092, 5642535.41399999987334 ], [ 338873.112000000022817, 5642538.134999999776483 ], [ 338870.90500000002794, 5642537.916000000201166 ], [ 338870.778999999980442, 5642539.178999999538064 ], [ 338867.776000000012573, 5642538.876000000163913 ], [ 338867.419999999983702, 5642542.392 ] ] ] ] } },
{ "type": "Feature", "properties": { "fid": 275916.0, "oid": "DENW41AL30008NEeBL", "aktualit": "2024-08-20", "gebnutzbez": "Gebäude", "funktion": "Gebäude zum Parken", "gfkzshh": "31001_2460", "rellage": null, "name": null, "anzahlgs": null, "gmdschl": "05362032", "lagebeztxt": null, "bld area": 32 }, "geometry": { "type": "MultiPolygon", "coordinates": [ [ [ [ 338874.506999999983236, 5642535.451000000350177 ], [ 338880.132999999972526, 5642535.854000000283122 ], [ 338880.443000000028405, 5642530.150999999605119 ], [ 338874.879000000015367, 5642529.751000000163913 ], [ 338874.506999999983236, 5642535.451000000350177 ] ] ] ] } },
{ "type": "Feature", "properties": { "fid": 159843.0, "oid": "DENW41AL30008MdhBL", "aktualit": "2024-08-20", "gebnutzbez": "Gebäude", "funktion": "Wohngebäude", "gfkzshh": "31001_1000", "rellage": null, "name": null, "anzahlgs": null, "gmdschl": "05362032", "lagebeztxt": "Adenauerstraße 12", "bld area": 96 }, "geometry": { "type": "MultiPolygon", "coordinates": [ [ [ [ 338868.314000000013039, 5642521.076000000350177 ], [ 338869.713999999978114, 5642522.696999999694526 ], [ 338871.49800000002142, 5642522.849999999627471 ], [ 338871.400000000023283, 5642524.088999999687076 ], [ 338874.992000000027474, 5642524.376000000163913 ], [ 338875.097, 5642521.602 ], [ 338875.314000000013039, 5642518.781000000424683 ], [ 338875.543, 5642518.784 ], [ 338876.10999999998603, 5642510.088999999687076 ], [ 338872.619, 5642509.820000000298023 ], [ 338872.718, 5642508.49100000038743 ], [ 338869.647, 5642508.254999999888241 ], [ 338869.549999999988358, 5642509.583999999798834 ], [ 338869.495999999984633, 5642509.58 ], [ 338868.768999999971129, 5642518.105999999679625 ], [ 338868.522999999986496, 5642518.259999999776483 ], [ 338868.314000000013039, 5642521.076000000350177 ] ] ] ] } },
{ "type": "Feature", "properties": { "fid": 277371.0, "oid": "DENW41AL30008OnsBL", "aktualit": "2024-08-20", "gebnutzbez": "Gebäude", "funktion": "Wohngebäude", "gfkzshh": "31001_1000", "rellage": null, "name": null, "anzahlgs": null, "gmdschl": "05362032", "lagebeztxt": "Adenauerstraße 10", "bld area": 68 }, "geometry": { "type": "MultiPolygon", "coordinates": [ [ [ [ 338875.543, 5642518.784 ], [ 338882.647, 5642519.410000000149012 ], [ 338883.318000000028405, 5642509.248999999836087 ], [ 338879.636999999987893, 5642508.941999999806285 ], [ 338879.572999999974854, 5642510.356999999843538 ], [ 338876.10999999998603, 5642510.088999999687076 ], [ 338875.543, 5642518.784 ] ] ] ] } },
{ "type": "Feature", "properties": { "fid": 60389.0, "oid": "DENW41AL30008KcBBL", "aktualit": "2024-08-20", "gebnutzbez": "Gebäude", "funktion": "Wohngebäude", "gfkzshh": "31001_1000", "rellage": null, "name": null, "anzahlgs": null, "gmdschl": "05362032", "lagebeztxt": "Adenauerstraße 16", "bld area": 87 }, "geometry": { "type": "MultiPolygon", "coordinates": [ [ [ [ 338840.843999999982771, 5642517.781000000424683 ], [ 338844.64000000001397, 5642518.065999999642372 ], [ 338844.577, 5642518.954 ], [ 338848.604, 5642519.223000000230968 ], [ 338848.662000000011176, 5642518.352 ], [ 338848.976000000024214, 5642518.373999999836087 ], [ 338849.721000000019558, 5642508.138000000268221 ], [ 338841.63, 5642507.517 ], [ 338840.843999999982771, 5642517.781000000424683 ] ] ] ] } },
{ "type": "Feature", "properties": { "fid": 159193.0, "oid": "DENW41AL30008LJmBL", "aktualit": "2024-08-20", "gebnutzbez": "Gebäude", "funktion": "Gebäude zum Parken", "gfkzshh": "31001_2460", "rellage": null, "name": null, "anzahlgs": null, "gmdschl": "05362032", "lagebeztxt": null, "bld area": 17 }, "geometry": { "type": "MultiPolygon", "coordinates": [ [ [ [ 339309.011999999987893, 5642677.551 ], [ 339314.585000000020955, 5642678.04700000025332 ], [ 339314.906000000017229, 5642675.099000000394881 ], [ 339309.43, 5642674.570000000298023 ], [ 339309.011999999987893, 5642677.551 ] ] ] ] } },
{ "type": "Feature", "properties": { "fid": 276499.0, "oid": "DENW41AL30008Ns4BL", "aktualit": "2024-08-20", "gebnutzbez": "Gebäude", "funktion": "Wohngebäude", "gfkzshh": "31001_1000", "rellage": null, "name": null, "anzahlgs": null, "gmdschl": "05362032", "lagebeztxt": "Höhenweg 32", "bld area": 75 }, "geometry": { "type": "MultiPolygon", "coordinates": [ [ [ [ 339316.723, 5642673.389999999664724 ], [ 339318.457, 5642673.637000000104308 ], [ 339318.352000000013504, 5642674.379999999888241 ], [ 339324.092, 5642675.201999999582767 ], [ 339323.908, 5642676.487999999895692 ], [ 339327.492000000027474, 5642676.997999999672174 ], [ 339327.674999999988358, 5642675.708999999798834 ], [ 339331.783999999985099, 5642676.301 ], [ 339332.473, 5642671.549999999813735 ], [ 339317.259000000020023, 5642669.610999999567866 ], [ 339317.134000000020023, 5642670.472 ], [ 339316.723, 5642673.389999999664724 ] ] ] ] } },
{ "type": "Feature", "properties": { "fid": 61546.0, "oid": "DENW41AL30008MHIBL", "aktualit": "2024-08-20", "gebnutzbez": "Gebäude", "funktion": "Wohngebäude", "gfkzshh": "31001_1000", "rellage": null, "name": null, "anzahlgs": null, "gmdschl": "05362032", "lagebeztxt": "Merodestraße 24", "bld area": 78 }, "geometry": { "type": "MultiPolygon", "coordinates": [ [ [ [ 338851.474999999976717, 5642162.472 ], [ 338859.846000000019558, 5642163.379999999888241 ], [ 338859.951, 5642162.33600000012666 ], [ 338860.840000000025611, 5642154.139000000432134 ], [ 338852.504000000015367, 5642153.214999999850988 ], [ 338851.474999999976717, 5642162.472 ] ] ] ] } },
{ "type": "Feature", "properties": { "fid": 158825.0, "oid": "DENW41AL30008KavBL", "aktualit": "2024-08-20", "gebnutzbez": "Gebäude", "funktion": "Wohngebäude", "gfkzshh": "31001_1000", "rellage": null, "name": null, "anzahlgs": null, "gmdschl": "05362032", "lagebeztxt": "Merodestraße 22", "bld area": 76 }, "geometry": { "type": "MultiPolygon", "coordinates": [ [ [ [ 338859.951, 5642162.33600000012666 ], [ 338869.056999999971595, 5642163.700000000186265 ], [ 338869.935999999986961, 5642155.483 ], [ 338860.840000000025611, 5642154.139000000432134 ], [ 338859.951, 5642162.33600000012666 ] ] ] ] } },
{ "type": "Feature", "properties": { "fid": 59498.0, "oid": "DENW41AL30008JNwBL", "aktualit": "2024-08-20", "gebnutzbez": "Gebäude", "funktion": "Gebäude zum Parken", "gfkzshh": "31001_2460", "rellage": null, "name": null, "anzahlgs": null, "gmdschl": "05362032", "lagebeztxt": null, "bld area": 20 }, "geometry": { "type": "MultiPolygon", "coordinates": [ [ [ [ 338695.952, 5642559.00800000037998 ], [ 338698.358, 5642560.071000000461936 ], [ 338701.503000000026077, 5642552.957000000402331 ], [ 338699.091000000014901, 5642551.892 ], [ 338695.952, 5642559.00800000037998 ] ] ] ] } },
{ "type": "Feature", "properties": { "fid": 60077.0, "oid": "DENW41AL30008KAmBL", "aktualit": "2024-08-20", "gebnutzbez": "Gebäude", "funktion": "Wohngebäude", "gfkzshh": "31001_1000", "rellage": null, "name": null, "anzahlgs": null, "gmdschl": "05362032", "lagebeztxt": "Rote-Kreuz-Straße 24", "bld area": 111 }, "geometry": { "type": "MultiPolygon", "coordinates": [ [ [ [ 338722.003000000026077, 5642528.474000000394881 ], [ 338736.670999999972992, 5642533.002000000327826 ], [ 338738.805, 5642526.089999999850988 ], [ 338724.134000000020023, 5642521.564000000245869 ], [ 338722.003000000026077, 5642528.474000000394881 ] ] ] ] } },
{ "type": "Feature", "properties": { "fid": 63704.0, "oid": "DENW41AL4000AjstBL", "aktualit": "2024-08-20", "gebnutzbez": "Gebäude", "funktion": "Gebäude zum Parken", "gfkzshh": "31001_2460", "rellage": null, "name": null, "anzahlgs": null, "gmdschl": "05362032", "lagebeztxt": null, "bld area": 67 }, "geometry": { "type": "MultiPolygon", "coordinates": [ [ [ [ 338713.862000000022817, 5642573.270999999716878 ], [ 338716.346000000019558, 5642574.386 ], [ 338719.46999999997206, 5642567.454 ], [ 338721.298, 5642568.269999999552965 ], [ 338721.821, 5642567.072999999858439 ], [ 338723.569000000017695, 5642566.411000000312924 ], [ 338725.716000000014901, 5642561.58600000012666 ], [ 338720.131, 5642559.104000000283122 ], [ 338716.174, 5642567.967000000178814 ], [ 338713.862000000022817, 5642573.270999999716878 ] ] ] ] } },
{ "type": "Feature", "properties": { "fid": 158533.0, "oid": "DENW41AL30008K0SBL", "aktualit": "2024-08-20", "gebnutzbez": "Gebäude", "funktion": "Wohngebäude", "gfkzshh": "31001_1000", "rellage": null, "name": null, "anzahlgs": null, "gmdschl": "05362032", "lagebeztxt": "Wiesenstraße 23", "bld area": 92 }, "geometry": { "type": "MultiPolygon", "coordinates": [ [ [ [ 338714.87300000002142, 5642577.673000000417233 ], [ 338722.305, 5642581.029 ], [ 338722.424, 5642580.764999999664724 ], [ 338722.451, 5642580.776999999769032 ], [ 338726.81, 5642571.051 ], [ 338726.792000000015832, 5642571.042999999597669 ], [ 338726.906000000017229, 5642570.787999999709427 ], [ 338721.298, 5642568.269999999552965 ], [ 338719.46999999997206, 5642567.454 ], [ 338716.346000000019558, 5642574.386 ], [ 338714.87300000002142, 5642577.673000000417233 ] ] ] ] } },
{ "type": "Feature", "properties": { "fid": 160090.0, "oid": "DENW41AL30008N8aBL", "aktualit": "2024-08-20", "gebnutzbez": "Gebäude", "funktion": "Wohngebäude", "gfkzshh": "31001_1000", "rellage": null, "name": null, "anzahlgs": null, "gmdschl": "05362032", "lagebeztxt": "Wiesenstraße 27", "bld area": 77 }, "geometry": { "type": "MultiPolygon", "coordinates": [ [ [ [ 338694.658, 5642568.440999999642372 ], [ 338702.330000000016298, 5642571.832000000402331 ], [ 338706.032, 5642563.468999999575317 ], [ 338698.358, 5642560.071000000461936 ], [ 338694.658, 5642568.440999999642372 ] ] ] ] } },
{ "type": "Feature", "properties": { "fid": 160650.0, "oid": "DENW41AL30008OFoBL", "aktualit": "2024-08-20", "gebnutzbez": "Gebäude", "funktion": "Wohngebäude", "gfkzshh": "31001_1000", "rellage": null, "name": null, "anzahlgs": null, "gmdschl": "05362032", "lagebeztxt": null, "bld area": 23 }, "geometry": { "type": "MultiPolygon", "coordinates": [ [ [ [ 338726.821999999985565, 5642571.024000000208616 ], [ 338733.821999999985565, 5642574.098000000230968 ], [ 338735.028999999980442, 5642571.335 ], [ 338728.076, 5642568.222 ], [ 338726.821999999985565, 5642571.024000000208616 ] ] ] ] } },
{ "type": "Feature", "properties": { "fid": 161075.0, "oid": "DENW41AL3000AKcUBL", "aktualit": "2024-08-20", "gebnutzbez": "Gebäude", "funktion": "Gebäude zum Parken", "gfkzshh": "31001_2460", "rellage": null, "name": null, "anzahlgs": null, "gmdschl": "05362032", "lagebeztxt": null, "bld area": 52 }, "geometry": { "type": "MultiPolygon", "coordinates": [ [ [ [ 338712.18, 5642566.190999999642372 ], [ 338713.65500000002794, 5642566.843999999575317 ], [ 338716.174, 5642567.967000000178814 ], [ 338721.0, 5642556.985000000335276 ], [ 338717.017, 5642555.240000000223517 ], [ 338712.18, 5642566.190999999642372 ] ] ] ] } },
{ "type": "Feature", "properties": { "fid": 274478.0, "oid": "DENW41AL30008LbtBL", "aktualit": "2024-08-20", "gebnutzbez": "Gebäude", "funktion": "Wohngebäude", "gfkzshh": "31001_1000", "rellage": null, "name": null, "anzahlgs": null, "gmdschl": "05362032", "lagebeztxt": "Wiesenstraße 25", "bld area": 76 }, "geometry": { "type": "MultiPolygon", "coordinates": [ [ [ [ 338702.330000000016298, 5642571.832000000402331 ], [ 338709.919999999983702, 5642575.190000000409782 ], [ 338713.65500000002794, 5642566.843999999575317 ], [ 338712.18, 5642566.190999999642372 ], [ 338706.032, 5642563.468999999575317 ], [ 338702.330000000016298, 5642571.832000000402331 ] ] ] ] } },
{ "type": "Feature", "properties": { "fid": 274611.0, "oid": "DENW41AL30008Lm8BL", "aktualit": "2024-08-20", "gebnutzbez": "Gebäude", "funktion": "Wohngebäude", "gfkzshh": "31001_1000", "rellage": null, "name": null, "anzahlgs": null, "gmdschl": "05362032", "lagebeztxt": "Wiesenstraße 21", "bld area": 87 }, "geometry": { "type": "MultiPolygon", "coordinates": [ [ [ [ 338722.451, 5642580.776999999769032 ], [ 338729.829000000027008, 5642584.075000000186265 ], [ 338731.270000000018626, 5642580.850999999791384 ], [ 338734.208999999973457, 5642574.269000000320375 ], [ 338733.821999999985565, 5642574.098000000230968 ], [ 338726.821999999985565, 5642571.024000000208616 ], [ 338726.81, 5642571.051 ], [ 338722.451, 5642580.776999999769032 ] ] ] ] } },
{ "type": "Feature", "properties": { "fid": 59896.0, "oid": "DENW41AL30008Jv4BL", "aktualit": "2024-08-20", "gebnutzbez": "Gebäude", "funktion": "Wohngebäude", "gfkzshh": "31001_1000", "rellage": null, "name": null, "anzahlgs": null, "gmdschl": "05362032", "lagebeztxt": "Wiesenstraße 29", "bld area": 92 }, "geometry": { "type": "MultiPolygon", "coordinates": [ [ [ [ 338682.311999999976251, 5642561.585 ], [ 338690.036000000021886, 5642565.191999999806285 ], [ 338691.371999999973923, 5642562.332000000402331 ], [ 338692.74800000002142, 5642562.975999999791384 ], [ 338694.023999999975786, 5642560.251000000163913 ], [ 338692.659999999974389, 5642559.610999999567866 ], [ 338694.37300000002142, 5642555.96 ], [ 338694.300999999977648, 5642555.926 ], [ 338686.993000000016764, 5642552.451000000350177 ], [ 338686.653, 5642552.291000000201166 ], [ 338682.311999999976251, 5642561.585 ] ] ] ] } },
{ "type": "Feature", "properties": { "fid": 60118.0, "oid": "DENW41AL30008KEQBL", "aktualit": "2024-08-20", "gebnutzbez": "Gebäude", "funktion": "Wohngebäude", "gfkzshh": "31001_1000", "rellage": null, "name": null, "anzahlgs": null, "gmdschl": "05362032", "lagebeztxt": null, "bld area": 45 }, "geometry": { "type": "MultiPolygon", "coordinates": [ [ [ [ 338686.993000000016764, 5642552.451000000350177 ], [ 338694.300999999977648, 5642555.926 ], [ 338696.697999999974854, 5642550.83600000012666 ], [ 338695.282, 5642550.17 ], [ 338689.744, 5642547.566999999806285 ], [ 338689.392999999981839, 5642547.400999999605119 ], [ 338686.993000000016764, 5642552.451000000350177 ] ] ] ] } },
{ "type": "Feature", "properties": { "fid": 160064.0, "oid": "DENW41AL30008N5kBL", "aktualit": "2024-08-20", "gebnutzbez": "Gebäude", "funktion": "Gebäude zum Parken", "gfkzshh": "31001_2460", "rellage": null, "name": null, "anzahlgs": null, "gmdschl": "05362032", "lagebeztxt": null, "bld area": 16 }, "geometry": { "type": "MultiPolygon", "coordinates": [ [ [ [ 338701.571, 5642525.346 ], [ 338707.199000000022352, 5642527.064000000245869 ], [ 338708.24900000001071, 5642525.063 ], [ 338702.968, 5642522.574 ], [ 338701.571, 5642525.346 ] ] ] ] } },
{ "type": "Feature", "properties": { "fid": 273860.0, "oid": "DENW41AL30008KvaBL", "aktualit": "2024-08-20", "gebnutzbez": "Gebäude", "funktion": "Wohngebäude", "gfkzshh": "31001_1000", "rellage": null, "name": null, "anzahlgs": null, "gmdschl": "05362032", "lagebeztxt": "Rote-Kreuz-Straße 22", "bld area": 54 }, "geometry": { "type": "MultiPolygon", "coordinates": [ [ [ [ 338702.659999999974389, 5642522.428000000305474 ], [ 338702.968, 5642522.574 ], [ 338708.24900000001071, 5642525.063 ], [ 338710.443000000028405, 5642526.098000000230968 ], [ 338712.892999999981839, 5642520.972 ], [ 338709.945, 5642519.565999999642372 ], [ 338710.484, 5642518.429999999701977 ], [ 338707.25, 5642516.906000000424683 ], [ 338706.715000000025611, 5642518.041000000201166 ], [ 338705.103, 5642517.278 ], [ 338702.659999999974389, 5642522.428000000305474 ] ] ] ] } },
{ "type": "Feature", "properties": { "fid": 60865.0, "oid": "DENW41AL30008LIQBL", "aktualit": "2024-08-20", "gebnutzbez": "Gebäude", "funktion": "Wohngebäude", "gfkzshh": "31001_1000", "rellage": null, "name": null, "anzahlgs": null, "gmdschl": "05362032", "lagebeztxt": "Herderstraße 3", "bld area": 82 }, "geometry": { "type": "MultiPolygon", "coordinates": [ [ [ [ 338883.722, 5642586.341 ], [ 338892.477000000013504, 5642590.25899999961257 ], [ 338895.943000000028405, 5642582.44400000013411 ], [ 338891.292000000015832, 5642580.367999999783933 ], [ 338887.211000000010245, 5642578.542999999597669 ], [ 338883.722, 5642586.341 ] ] ] ] } },
{ "type": "Feature", "properties": { "fid": 160727.0, "oid": "DENW41AL30008OOqBL", "aktualit": "2024-08-20", "gebnutzbez": "Gebäude", "funktion": "Wohngebäude", "gfkzshh": "31001_1000", "rellage": null, "name": null, "anzahlgs": null, "gmdschl": "05362032", "lagebeztxt": null, "bld area": 20 }, "geometry": { "type": "MultiPolygon", "coordinates": [ [ [ [ 338883.125, 5642605.002999999560416 ], [ 338885.060999999986961, 5642605.939000000245869 ], [ 338889.044999999983702, 5642597.70299999974668 ], [ 338887.098999999987427, 5642596.763000000268221 ], [ 338883.125, 5642605.002999999560416 ] ] ] ] } },
{ "type": "Feature", "properties": { "fid": 275605.0, "oid": "DENW41AL30008Mt5BL", "aktualit": "2024-08-20", "gebnutzbez": "Gebäude", "funktion": "Wohngebäude", "gfkzshh": "31001_1000", "rellage": null, "name": null, "anzahlgs": null, "gmdschl": "05362032", "lagebeztxt": "Herderstraße 1", "bld area": 86 }, "geometry": { "type": "MultiPolygon", "coordinates": [ [ [ [ 338874.935, 5642601.359000000171363 ], [ 338883.047000000020489, 5642605.166000000201166 ], [ 338883.125, 5642605.002999999560416 ], [ 338887.098999999987427, 5642596.763000000268221 ], [ 338887.177000000025146, 5642596.599999999627471 ], [ 338878.859, 5642592.742999999783933 ], [ 338874.935, 5642601.359000000171363 ] ] ] ] } },
{ "type": "Feature", "properties": { "fid": 59981.0, "oid": "DENW41AL30008K21BL", "aktualit": "2024-08-20", "gebnutzbez": "Gebäude", "funktion": "Gebäude zum Parken", "gfkzshh": "31001_2460", "rellage": null, "name": null, "anzahlgs": null, "gmdschl": "05362032", "lagebeztxt": null, "bld area": 13 }, "geometry": { "type": "MultiPolygon", "coordinates": [ [ [ [ 338923.463999999978114, 5642617.400999999605119 ], [ 338927.48499999998603, 5642618.926 ], [ 338928.564000000013039, 5642616.08 ], [ 338924.544, 5642614.554999999701977 ], [ 338923.463999999978114, 5642617.400999999605119 ] ] ] ] } },
{ "type": "Feature", "properties": { "fid": 60515.0, "oid": "DENW41AL30008KmmBL", "aktualit": "2024-08-20", "gebnutzbez": "Gebäude", "funktion": "Wohngebäude", "gfkzshh": "31001_1000", "rellage": null, "name": null, "anzahlgs": null, "gmdschl": "05362032", "lagebeztxt": "Sistenichstraße 20", "bld area": 69 }, "geometry": { "type": "MultiPolygon", "coordinates": [ [ [ [ 338927.108, 5642626.08 ], [ 338935.792000000015832, 5642629.376000000163913 ], [ 338938.435999999986961, 5642622.410000000149012 ], [ 338929.809, 5642619.129999999888241 ], [ 338927.108, 5642626.08 ] ] ] ] } },
{ "type": "Feature", "properties": { "fid": 159340.0, "oid": "DENW41AL30008Ld9BL", "aktualit": "2025-01-17", "gebnutzbez": "Gebäude", "funktion": "Wohngebäude", "gfkzshh": "31001_1000", "rellage": null, "name": null, "anzahlgs": null, "gmdschl": "05362032", "lagebeztxt": "Sistenichstraße 22", "bld area": 67 }, "geometry": { "type": "MultiPolygon", "coordinates": [ [ [ [ 338931.841000000014901, 5642614.746000000275671 ], [ 338940.153999999980442, 5642617.903 ], [ 338942.756999999983236, 5642610.820000000298023 ], [ 338934.419, 5642607.683000000193715 ], [ 338932.614, 5642612.71100000012666 ], [ 338931.841000000014901, 5642614.746000000275671 ] ] ] ] } },
{ "type": "Feature", "properties": { "fid": 273548.0, "oid": "DENW41AL30008KZhBL", "aktualit": "2025-01-17", "gebnutzbez": "Gebäude", "funktion": "Wohngebäude", "gfkzshh": "31001_1000", "rellage": null, "name": null, "anzahlgs": null, "gmdschl": "05362032", "lagebeztxt": "Sistenichstraße 24", "bld area": 94 }, "geometry": { "type": "MultiPolygon", "coordinates": [ [ [ [ 338931.088999999978114, 5642606.379999999888241 ], [ 338934.419, 5642607.683000000193715 ], [ 338942.756999999983236, 5642610.820000000298023 ], [ 338944.09499999997206, 5642607.286999999545515 ], [ 338945.401000000012573, 5642607.173000000417233 ], [ 338946.229, 5642605.011 ], [ 338945.342, 5642604.048000000417233 ], [ 338945.450000000011642, 5642603.724999999627471 ], [ 338937.12699999997858, 5642600.559999999590218 ], [ 338936.658999999985099, 5642601.782999999821186 ], [ 338933.315, 5642600.490000000223517 ], [ 338931.088999999978114, 5642606.379999999888241 ] ] ] ] } },
{ "type": "Feature", "properties": { "fid": 275113.0, "oid": "DENW41AL30008MLTBL", "aktualit": "2024-08-20", "gebnutzbez": "Gebäude", "funktion": "Wohngebäude", "gfkzshh": "31001_1000", "rellage": null, "name": null, "anzahlgs": null, "gmdschl": "05362032", "lagebeztxt": "Sistenichstraße 18", "bld area": 70 }, "geometry": { "type": "MultiPolygon", "coordinates": [ [ [ [ 338924.37300000002142, 5642633.126000000163913 ], [ 338933.112000000022817, 5642636.440999999642372 ], [ 338935.792000000015832, 5642629.376000000163913 ], [ 338927.108, 5642626.08 ], [ 338924.37300000002142, 5642633.126000000163913 ] ] ] ] } },
{ "type": "Feature", "properties": { "fid": 275385.0, "oid": "DENW41AL30008MdyBL", "aktualit": "2024-08-20", "gebnutzbez": "Gebäude", "funktion": "Gebäude zum Parken", "gfkzshh": "31001_2460", "rellage": null, "name": null, "anzahlgs": null, "gmdschl": "05362032", "lagebeztxt": null, "bld area": 21 }, "geometry": { "type": "MultiPolygon", "coordinates": [ [ [ [ 338920.739, 5642612.995000000111759 ], [ 338926.37400000001071, 5642615.153 ], [ 338927.604, 5642611.826999999582767 ], [ 338921.957, 5642609.69400000013411 ], [ 338920.739, 5642612.995000000111759 ] ] ] ] } },
{ "type": "Feature", "properties": { "fid": 159110.0, "oid": "DENW41AL30008LA6BL", "aktualit": "2024-08-20", "gebnutzbez": "Gebäude", "funktion": "Wohngebäude", "gfkzshh": "31001_1000", "rellage": null, "name": null, "anzahlgs": null, "gmdschl": "05362032", "lagebeztxt": "Wiesenstraße 3", "bld area": 71 }, "geometry": { "type": "MultiPolygon", "coordinates": [ [ [ [ 338876.854, 5642649.127999999560416 ], [ 338883.968999999982771, 5642652.503999999724329 ], [ 338887.816, 5642644.400999999605119 ], [ 338881.343, 5642641.271999999880791 ], [ 338880.647999999986496, 5642640.935999999754131 ], [ 338878.481000000028871, 5642645.61600000038743 ], [ 338876.854, 5642649.127999999560416 ] ] ] ] } },
{ "type": "Feature", "properties": { "fid": 159729.0, "oid": "DENW41AL30008MQSBL", "aktualit": "2024-08-20", "gebnutzbez": "Gebäude", "funktion": "Wohngebäude", "gfkzshh": "31001_1000", "rellage": null, "name": null, "anzahlgs": null, "gmdschl": "05362032", "lagebeztxt": "Wiesenstraße 1", "bld area": 68 }, "geometry": { "type": "MultiPolygon", "coordinates": [ [ [ [ 338888.990999999979977, 5642654.831000000238419 ], [ 338895.310999999986961, 5642657.843000000342727 ], [ 338897.700000000011642, 5642652.84499999973923 ], [ 338899.74900000001071, 5642648.557 ], [ 338895.799, 5642646.716 ], [ 338895.162000000011176, 5642648.075000000186265 ], [ 338892.75099999998929, 5642646.93099999986589 ], [ 338888.990999999979977, 5642654.831000000238419 ] ] ] ] } },
{ "type": "Feature", "properties": { "fid": 276220.0, "oid": "DENW41AL30008NZLBL", "aktualit": "2024-08-20", "gebnutzbez": "Gebäude", "funktion": "Gebäude zum Parken", "gfkzshh": "31001_2460", "rellage": null, "name": null, "anzahlgs": null, "gmdschl": "05362032", "lagebeztxt": null, "bld area": 14 }, "geometry": { "type": "MultiPolygon", "coordinates": [ [ [ [ 338897.700000000011642, 5642652.84499999973923 ], [ 338897.742000000027474, 5642652.864 ], [ 338900.340000000025611, 5642654.076000000350177 ], [ 338902.384000000020023, 5642649.784 ], [ 338899.74900000001071, 5642648.557 ], [ 338897.700000000011642, 5642652.84499999973923 ] ] ] ] } },
{ "type": "Feature", "properties": { "fid": 159380.0, "oid": "DENW41AL30008Lj0BL", "aktualit": "2024-08-20", "gebnutzbez": "Gebäude", "funktion": "Gebäude zum Parken", "gfkzshh": "31001_2460", "rellage": null, "name": null, "anzahlgs": null, "gmdschl": "05362032", "lagebeztxt": null, "bld area": 34 }, "geometry": { "type": "MultiPolygon", "coordinates": [ [ [ [ 338876.161000000021886, 5642644.542999999597669 ], [ 338878.481000000028871, 5642645.61600000038743 ], [ 338880.647999999986496, 5642640.935999999754131 ], [ 338881.343, 5642641.271999999880791 ], [ 338882.103, 5642639.699 ], [ 338884.022, 5642635.727 ], [ 338884.106000000028871, 5642635.552000000141561 ], [ 338883.310999999986961, 5642635.184000000357628 ], [ 338881.162000000011176, 5642634.189000000245869 ], [ 338879.181999999971595, 5642638.287999999709427 ], [ 338876.161000000021886, 5642644.542999999597669 ] ] ] ] } },
{ "type": "Feature", "properties": { "fid": 159608.0, "oid": "DENW41AL30008MBfBL", "aktualit": "2024-08-20", "gebnutzbez": "Gebäude", "funktion": "Gebäude für Land- und Forstwirtschaft", "gfkzshh": "31001_2700", "rellage": null, "name": null, "anzahlgs": null, "gmdschl": "05362032", "lagebeztxt": null, "bld area": 21 }, "geometry": { "type": "MultiPolygon", "coordinates": [ [ [ [ 338876.544999999983702, 5642637.019000000320375 ], [ 338879.181999999971595, 5642638.287999999709427 ], [ 338881.162000000011176, 5642634.189000000245869 ], [ 338882.321, 5642631.78899999987334 ], [ 338879.670999999972992, 5642630.512000000104308 ], [ 338876.544999999983702, 5642637.019000000320375 ] ] ] ] } },
{ "type": "Feature", "properties": { "fid": 275211.0, "oid": "DENW41AL30008MSQBL", "aktualit": "2024-08-20", "gebnutzbez": "Gebäude", "funktion": "Wohngebäude", "gfkzshh": "31001_1000", "rellage": null, "name": null, "anzahlgs": null, "gmdschl": "05362032", "lagebeztxt": "Wiesenstraße 5", "bld area": 65 }, "geometry": { "type": "MultiPolygon", "coordinates": [ [ [ [ 338865.528999999980442, 5642643.557 ], [ 338869.087, 5642645.295 ], [ 338869.531000000017229, 5642644.384999999776483 ], [ 338872.745, 5642645.957999999634922 ], [ 338876.137999999977183, 5642638.631 ], [ 338873.657, 5642637.404 ], [ 338869.411000000021886, 5642635.303999999538064 ], [ 338865.528999999980442, 5642643.557 ] ] ] ] } },
{ "type": "Feature", "properties": { "fid": 275931.0, "oid": "DENW41AL30008NFkBL", "aktualit": "2024-08-20", "gebnutzbez": "Gebäude", "funktion": "Wohngebäude", "gfkzshh": "31001_1000", "rellage": null, "name": null, "anzahlgs": null, "gmdschl": "05362032", "lagebeztxt": null, "bld area": 25 }, "geometry": { "type": "MultiPolygon", "coordinates": [ [ [ [ 338869.411000000021886, 5642635.303999999538064 ], [ 338873.657, 5642637.404 ], [ 338873.696999999985565, 5642637.321000000461936 ], [ 338875.87599999998929, 5642632.687 ], [ 338871.722, 5642630.632000000216067 ], [ 338871.63, 5642630.587000000290573 ], [ 338869.411000000021886, 5642635.303999999538064 ] ] ] ] } },
{ "type": "Feature", "properties": { "fid": 60805.0, "oid": "DENW41AL30008LDbBL", "aktualit": "2024-08-20", "gebnutzbez": "Gebäude", "funktion": "Wohngebäude", "gfkzshh": "31001_1000", "rellage": null, "name": null, "anzahlgs": null, "gmdschl": "05362032", "lagebeztxt": "Sistenichstraße 16", "bld area": 134 }, "geometry": { "type": "MultiPolygon", "coordinates": [ [ [ [ 338915.939000000013039, 5642648.937 ], [ 338923.933000000019092, 5642651.979000000283122 ], [ 338926.907, 5642653.112999999895692 ], [ 338928.413, 5642649.168999999761581 ], [ 338927.871999999973923, 5642648.487999999895692 ], [ 338928.642999999981839, 5642646.501000000163913 ], [ 338929.5, 5642646.338999999687076 ], [ 338931.007999999972526, 5642642.372999999672174 ], [ 338926.818000000028405, 5642640.781999999657273 ], [ 338925.507999999972526, 5642639.217000000178814 ], [ 338921.507999999972526, 5642637.69400000013411 ], [ 338920.221000000019558, 5642641.08600000012666 ], [ 338920.081, 5642641.144999999552965 ], [ 338919.908, 5642641.218000000342727 ], [ 338918.854999999981374, 5642641.661999999545515 ], [ 338918.65500000002794, 5642641.746000000275671 ], [ 338918.613000000012107, 5642641.858 ], [ 338916.066, 5642648.610999999567866 ], [ 338915.939000000013039, 5642648.937 ] ] ] ] } },
{ "type": "Feature", "properties": { "fid": 158653.0, "oid": "DENW41AL30008KGDBL", "aktualit": "2024-08-20", "gebnutzbez": "Gebäude", "funktion": "Gebäude zum Parken", "gfkzshh": "31001_2460", "rellage": null, "name": null, "anzahlgs": null, "gmdschl": "05362032", "lagebeztxt": null, "bld area": 36 }, "geometry": { "type": "MultiPolygon", "coordinates": [ [ [ [ 338857.216000000014901, 5642637.786999999545515 ], [ 338863.816, 5642640.705 ], [ 338865.853, 5642636.088000000454485 ], [ 338859.26, 5642633.173000000417233 ], [ 338859.25199999997858, 5642633.17 ], [ 338857.216000000014901, 5642637.786999999545515 ] ] ] ] } },
{ "type": "Feature", "properties": { "fid": 63015.0, "oid": "DENW41AL30008OMcBL", "aktualit": "2024-08-20", "gebnutzbez": "Gebäude", "funktion": "Wohngebäude", "gfkzshh": "31001_1000", "rellage": null, "name": null, "anzahlgs": null, "gmdschl": "05362032", "lagebeztxt": "Adenauerstraße 21", "bld area": 72 }, "geometry": { "type": "MultiPolygon", "coordinates": [ [ [ [ 338823.115, 5642491.985000000335276 ], [ 338829.99800000002142, 5642492.468000000342727 ], [ 338830.549999999988358, 5642481.890999999828637 ], [ 338823.867000000027474, 5642481.409 ], [ 338823.115, 5642491.985000000335276 ] ] ] ] } },
{ "type": "Feature", "properties": { "fid": 63039.0, "oid": "DENW41AL30008OOYBL", "aktualit": "2024-08-20", "gebnutzbez": "Gebäude", "funktion": "Wohngebäude", "gfkzshh": "31001_1000", "rellage": null, "name": null, "anzahlgs": null, "gmdschl": "05362032", "lagebeztxt": "Adenauerstraße 23", "bld area": 77 }, "geometry": { "type": "MultiPolygon", "coordinates": [ [ [ [ 338815.822999999974854, 5642491.473000000230968 ], [ 338818.797000000020489, 5642491.68099999986589 ], [ 338823.115, 5642491.985000000335276 ], [ 338823.867000000027474, 5642481.409 ], [ 338816.727000000013504, 5642480.895999999716878 ], [ 338815.822999999974854, 5642491.473000000230968 ] ] ] ] } },
{ "type": "Feature", "properties": { "fid": 158923.0, "oid": "DENW41AL30008KmbBL", "aktualit": "2024-08-20", "gebnutzbez": "Gebäude", "funktion": "Gebäude zum Parken", "gfkzshh": "31001_2460", "rellage": null, "name": null, "anzahlgs": null, "gmdschl": "05362032", "lagebeztxt": null, "bld area": 48 }, "geometry": { "type": "MultiPolygon", "coordinates": [ [ [ [ 338818.979999999981374, 5642470.45299999974668 ], [ 338824.569000000017695, 5642470.803999999538064 ], [ 338825.168, 5642462.339999999850988 ], [ 338819.583999999973457, 5642461.981999999843538 ], [ 338818.979999999981374, 5642470.45299999974668 ] ] ] ] } },
{ "type": "Feature", "properties": { "fid": 276067.0, "oid": "DENW41AL30008NOnBL", "aktualit": "2024-08-20", "gebnutzbez": "Gebäude", "funktion": "Gebäude zum Parken", "gfkzshh": "31001_2460", "rellage": null, "name": null, "anzahlgs": null, "gmdschl": "05362032", "lagebeztxt": null, "bld area": 31 }, "geometry": { "type": "MultiPolygon", "coordinates": [ [ [ [ 338832.843999999982771, 5642484.808000000193715 ], [ 338836.544, 5642485.063 ], [ 338836.588999999978114, 5642485.065999999642372 ], [ 338836.784999999974389, 5642482.423999999649823 ], [ 338837.199000000022352, 5642476.871000000275671 ], [ 338837.109, 5642476.865000000223517 ], [ 338833.428000000014435, 5642476.611999999731779 ], [ 338832.843999999982771, 5642484.808000000193715 ] ] ] ] } },
{ "type": "Feature", "properties": { "fid": 60742.0, "oid": "DENW41AL30008L7YBL", "aktualit": "2024-08-20", "gebnutzbez": "Gebäude", "funktion": "Gebäude zum Parken", "gfkzshh": "31001_2460", "rellage": null, "name": null, "anzahlgs": null, "gmdschl": "05362032", "lagebeztxt": null, "bld area": 53 }, "geometry": { "type": "MultiPolygon", "coordinates": [ [ [ [ 338854.643999999971129, 5642703.166000000201166 ], [ 338854.616197341878433, 5642703.21664556208998 ], [ 338854.617000000027474, 5642703.217000000178814 ], [ 338856.194000000017695, 5642703.812 ], [ 338857.592, 5642704.303999999538064 ], [ 338858.304, 5642704.554999999701977 ], [ 338861.956, 5642695.303000000305474 ], [ 338857.534999999974389, 5642693.65500000026077 ], [ 338852.794, 5642702.411999999545515 ], [ 338854.643999999971129, 5642703.166000000201166 ] ] ] ] } },
{ "type": "Feature", "properties": { "fid": 63789.0, "oid": "DENW41AL980000DjBL", "aktualit": "2024-08-20", "gebnutzbez": "Gebäude", "funktion": "Gebäude zum Parken", "gfkzshh": "31001_2460", "rellage": null, "name": null, "anzahlgs": null, "gmdschl": "05362032", "lagebeztxt": null, "bld area": 36 }, "geometry": { "type": "MultiPolygon", "coordinates": [ [ [ [ 338898.867000000027474, 5642709.173000000417233 ], [ 338904.473, 5642711.299999999813735 ], [ 338906.612000000022817, 5642705.676 ], [ 338900.987000000022817, 5642703.53899999987334 ], [ 338898.867000000027474, 5642709.173000000417233 ] ] ] ] } },
{ "type": "Feature", "properties": { "fid": 132950.0, "oid": "DENW41AL30008L5PBL", "aktualit": "2024-08-20", "gebnutzbez": "Gebäude", "funktion": "Wohngebäude", "gfkzshh": "31001_1000", "rellage": null, "name": null, "anzahlgs": null, "gmdschl": "05362032", "lagebeztxt": "Sistenichstraße 10", "bld area": 53 }, "geometry": { "type": "MultiPolygon", "coordinates": [ [ [ [ 338900.184, 5642699.559999999590218 ], [ 338907.900000000023283, 5642702.531000000424683 ], [ 338910.216000000014901, 5642696.509999999776483 ], [ 338902.479, 5642693.558000000193715 ], [ 338900.184, 5642699.559999999590218 ] ] ] ] } },
{ "type": "Feature", "properties": { "fid": 158607.0, "oid": "DENW41AL30008KA1BL", "aktualit": "2024-08-20", "gebnutzbez": "Gebäude", "funktion": "Gebäude zur Freizeitgestaltung", "gfkzshh": "31001_1310", "rellage": null, "name": null, "anzahlgs": null, "gmdschl": "05362032", "lagebeztxt": null, "bld area": 65 }, "geometry": { "type": "MultiPolygon", "coordinates": [ [ [ [ 338851.302000000025146, 5642720.041000000201166 ], [ 338858.569000000017695, 5642722.798000000417233 ], [ 338861.681999999971595, 5642714.99199999962002 ], [ 338860.604999999981374, 5642714.585 ], [ 338854.418, 5642712.244 ], [ 338851.302000000025146, 5642720.041000000201166 ] ] ] ] } },
{ "type": "Feature", "properties": { "fid": 158767.0, "oid": "DENW41AL30008KUBBL", "aktualit": "2024-08-20", "gebnutzbez": "Gebäude", "funktion": "Gebäude zum Parken", "gfkzshh": "31001_2460", "rellage": null, "name": null, "anzahlgs": null, "gmdschl": "05362032", "lagebeztxt": null, "bld area": 57 }, "geometry": { "type": "MultiPolygon", "coordinates": [ [ [ [ 338854.418, 5642712.244 ], [ 338860.604999999981374, 5642714.585 ], [ 338863.738000000012107, 5642706.742999999783933 ], [ 338863.781000000017229, 5642706.637000000104308 ], [ 338858.304, 5642704.554999999701977 ], [ 338857.592, 5642704.303999999538064 ], [ 338854.418, 5642712.244 ] ] ] ] } },
{ "type": "Feature", "properties": { "fid": 158958.0, "oid": "DENW41AL30008KrYBL", "aktualit": "2024-08-20", "gebnutzbez": "Gebäude", "funktion": "Wohngebäude", "gfkzshh": "31001_1000", "rellage": null, "name": null, "anzahlgs": null, "gmdschl": "05362032", "lagebeztxt": "Sistenichstraße 12", "bld area": 53 }, "geometry": { "type": "MultiPolygon", "coordinates": [ [ [ [ 338902.479, 5642693.558000000193715 ], [ 338910.216000000014901, 5642696.509999999776483 ], [ 338912.516, 5642690.484000000171363 ], [ 338904.771, 5642687.55599999986589 ], [ 338902.48499999998603, 5642693.542000000365078 ], [ 338902.479, 5642693.558000000193715 ] ] ] ] } },
{ "type": "Feature", "properties": { "fid": 272160.0, "oid": "DENW41AL2h30000KBL", "aktualit": "2024-08-20", "gebnutzbez": "Gebäude", "funktion": "Wohngebäude", "gfkzshh": "31001_1000", "rellage": null, "name": null, "anzahlgs": null, "gmdschl": "05362032", "lagebeztxt": null, "bld area": 25 }, "geometry": { "type": "MultiPolygon", "coordinates": [ [ [ [ 338885.091000000014901, 5642714.733 ], [ 338886.767, 5642715.370000000111759 ], [ 338893.216000000014901, 5642717.820000000298023 ], [ 338894.878000000026077, 5642713.463000000454485 ], [ 338890.88, 5642711.938 ], [ 338889.65500000002794, 5642715.146999999880791 ], [ 338885.533, 5642713.574 ], [ 338885.134000000020023, 5642714.619 ], [ 338885.091000000014901, 5642714.733 ] ] ] ] } },
{ "type": "Feature", "properties": { "fid": 272161.0, "oid": "DENW41AL2h30000RBL", "aktualit": "2024-08-20", "gebnutzbez": "Gebäude", "funktion": "Gebäude zur Freizeitgestaltung", "gfkzshh": "31001_1310", "rellage": null, "name": null, "anzahlgs": null, "gmdschl": "05362032", "lagebeztxt": null, "bld area": 52 }, "geometry": { "type": "MultiPolygon", "coordinates": [ [ [ [ 338885.533, 5642713.574 ], [ 338889.65500000002794, 5642715.146999999880791 ], [ 338890.88, 5642711.938 ], [ 338894.878000000026077, 5642713.463000000454485 ], [ 338895.282, 5642712.40500000026077 ], [ 338896.037000000011176, 5642710.426 ], [ 338896.76500000001397, 5642708.518000000156462 ], [ 338890.326, 5642706.063 ], [ 338888.795999999972992, 5642710.074 ], [ 338886.564000000013039, 5642710.871000000275671 ], [ 338885.533, 5642713.574 ] ] ] ] } },
{ "type": "Feature", "properties": { "fid": 272547.0, "oid": "DENW41AL30008JS7BL", "aktualit": "2024-08-20", "gebnutzbez": "Gebäude", "funktion": "Wohngebäude", "gfkzshh": "31001_1000", "rellage": null, "name": null, "anzahlgs": null, "gmdschl": "05362032", "lagebeztxt": "Sistenichstraße 6", "bld area": 65 }, "geometry": { "type": "MultiPolygon", "coordinates": [ [ [ [ 338890.756, 5642725.995000000111759 ], [ 338897.755, 5642728.644999999552965 ], [ 338900.292000000015832, 5642721.945000000298023 ], [ 338901.413999999989755, 5642722.36699999962002 ], [ 338901.886999999987893, 5642721.115000000223517 ], [ 338901.026000000012573, 5642720.79 ], [ 338893.216000000014901, 5642717.820000000298023 ], [ 338893.158, 5642717.981999999843538 ], [ 338893.73599999997532, 5642718.20299999974668 ], [ 338890.756, 5642725.995000000111759 ] ] ] ] } },
{ "type": "Feature", "properties": { "fid": 275362.0, "oid": "DENW41AL30008MciBL", "aktualit": "2024-08-20", "gebnutzbez": "Gebäude", "funktion": "Wohngebäude", "gfkzshh": "31001_1000", "rellage": null, "name": null, "anzahlgs": null, "gmdschl": "05362032", "lagebeztxt": null, "bld area": 76 }, "geometry": { "type": "MultiPolygon", "coordinates": [ [ [ [ 338880.338999999978114, 5642722.052000000141561 ], [ 338890.756, 5642725.995000000111759 ], [ 338893.73599999997532, 5642718.20299999974668 ], [ 338893.158, 5642717.981999999843538 ], [ 338893.216000000014901, 5642717.820000000298023 ], [ 338886.767, 5642715.370000000111759 ], [ 338886.711000000010245, 5642715.515999999828637 ], [ 338884.884000000020023, 5642720.292999999597669 ], [ 338881.50099999998929, 5642719.013000000268221 ], [ 338880.352000000013504, 5642722.015999999828637 ], [ 338880.338999999978114, 5642722.052000000141561 ] ] ] ] } },
{ "type": "Feature", "properties": { "fid": 275736.0, "oid": "DENW41AL30008N1uBL", "aktualit": "2024-08-20", "gebnutzbez": "Gebäude", "funktion": "Wohngebäude", "gfkzshh": "31001_1000", "rellage": null, "name": null, "anzahlgs": null, "gmdschl": "05362032", "lagebeztxt": "Sistenichstraße 8", "bld area": 67 }, "geometry": { "type": "MultiPolygon", "coordinates": [ [ [ [ 338893.216000000014901, 5642717.820000000298023 ], [ 338901.026000000012573, 5642720.79 ], [ 338903.333999999973457, 5642714.684000000357628 ], [ 338902.326, 5642714.299999999813735 ], [ 338902.503000000026077, 5642713.832999999634922 ], [ 338903.145000000018626, 5642714.076999999582767 ], [ 338903.805999999982305, 5642712.342000000178814 ], [ 338902.112000000022817, 5642711.696000000461936 ], [ 338901.761999999987893, 5642712.617999999783933 ], [ 338896.037000000011176, 5642710.426 ], [ 338895.282, 5642712.40500000026077 ], [ 338894.878000000026077, 5642713.463000000454485 ], [ 338893.216000000014901, 5642717.820000000298023 ] ] ] ] } },
{ "type": "Feature", "properties": { "fid": 62478.0, "oid": "DENW41AL30008NbyBL", "aktualit": "2024-08-20", "gebnutzbez": "Gebäude", "funktion": "Wohngebäude", "gfkzshh": "31001_1000", "rellage": null, "name": null, "anzahlgs": null, "gmdschl": "05362032", "lagebeztxt": null, "bld area": 33 }, "geometry": { "type": "MultiPolygon", "coordinates": [ [ [ [ 338850.968999999982771, 5642668.799999999813735 ], [ 338855.746999999973923, 5642670.84499999973923 ], [ 338857.713999999978114, 5642666.347 ], [ 338857.091000000014901, 5642666.072999999858439 ], [ 338857.686999999976251, 5642664.713000000454485 ], [ 338853.44, 5642662.910000000149012 ], [ 338851.26400000002468, 5642667.83 ], [ 338850.968999999982771, 5642668.799999999813735 ] ] ] ] } },
{ "type": "Feature", "properties": { "fid": 158941.0, "oid": "DENW41AL30008KpdBL", "aktualit": "2024-08-20", "gebnutzbez": "Gebäude", "funktion": "Gebäude zum Parken", "gfkzshh": "31001_2460", "rellage": null, "name": null, "anzahlgs": null, "gmdschl": "05362032", "lagebeztxt": null, "bld area": 29 }, "geometry": { "type": "MultiPolygon", "coordinates": [ [ [ [ 338856.522, 5642678.411000000312924 ], [ 338858.50099999998929, 5642679.284 ], [ 338861.756, 5642671.807 ], [ 338863.69, 5642667.36600000038743 ], [ 338861.61099999997532, 5642666.447999999858439 ], [ 338856.522, 5642678.411000000312924 ] ] ] ] } },
{ "type": "Feature", "properties": { "fid": 160694.0, "oid": "DENW41AL30008ONKBL", "aktualit": "2024-08-20", "gebnutzbez": "Gebäude", "funktion": "Wohngebäude", "gfkzshh": "31001_1000", "rellage": null, "name": null, "anzahlgs": null, "gmdschl": "05362032", "lagebeztxt": "Wiesenstraße 8", "bld area": 105 }, "geometry": { "type": "MultiPolygon", "coordinates": [ [ [ [ 338841.931999999971595, 5642663.858 ], [ 338848.561999999976251, 5642666.679999999701977 ], [ 338850.933000000019092, 5642661.270999999716878 ], [ 338852.305999999982305, 5642658.156999999657273 ], [ 338854.392999999981839, 5642653.427000000141561 ], [ 338847.792000000015832, 5642650.528 ], [ 338844.545999999972992, 5642657.893000000156462 ], [ 338841.931999999971595, 5642663.858 ] ] ] ] } },
{ "type": "Feature", "properties": { "fid": 271913.0, "oid": "DENW41AL2000Iz1LBL", "aktualit": "2024-08-20", "gebnutzbez": "Gebäude", "funktion": "Gebäude zum Parken", "gfkzshh": "31001_2460", "rellage": null, "name": null, "anzahlgs": null, "gmdschl": "05362032", "lagebeztxt": null, "bld area": 17 }, "geometry": { "type": "MultiPolygon", "coordinates": [ [ [ [ 338848.561999999976251, 5642666.679999999701977 ], [ 338851.26400000002468, 5642667.83 ], [ 338853.44, 5642662.910000000149012 ], [ 338853.661000000021886, 5642662.411000000312924 ], [ 338851.864, 5642661.660000000149012 ], [ 338850.933000000019092, 5642661.270999999716878 ], [ 338848.561999999976251, 5642666.679999999701977 ] ] ] ] } },
{ "type": "Feature", "properties": { "fid": 271914.0, "oid": "DENW41AL2000Iz1TBL", "aktualit": "2024-08-20", "gebnutzbez": "Gebäude", "funktion": "Gebäude zur Freizeitgestaltung", "gfkzshh": "31001_1310", "rellage": null, "name": null, "anzahlgs": null, "gmdschl": "05362032", "lagebeztxt": null, "bld area": 3 }, "geometry": { "type": "MultiPolygon", "coordinates": [ [ [ [ 338850.933000000019092, 5642661.270999999716878 ], [ 338851.864, 5642661.660000000149012 ], [ 338853.229999999981374, 5642658.566999999806285 ], [ 338852.305999999982305, 5642658.156999999657273 ], [ 338850.933000000019092, 5642661.270999999716878 ] ] ] ] } },
{ "type": "Feature", "properties": { "fid": 272813.0, "oid": "DENW41AL30008JkkBL", "aktualit": "2024-08-20", "gebnutzbez": "Gebäude", "funktion": "Gebäude zum Parken", "gfkzshh": "31001_2460", "rellage": null, "name": null, "anzahlgs": null, "gmdschl": "05362032", "lagebeztxt": null, "bld area": 14 }, "geometry": { "type": "MultiPolygon", "coordinates": [ [ [ [ 338861.756, 5642671.807 ], [ 338863.885, 5642672.724999999627471 ], [ 338865.112000000022817, 5642670.189000000245869 ], [ 338866.393999999971129, 5642667.53899999987334 ], [ 338864.097, 5642666.434000000357628 ], [ 338863.69, 5642667.36600000038743 ], [ 338861.756, 5642671.807 ] ] ] ] } },
{ "type": "Feature", "properties": { "fid": 273010.0, "oid": "DENW41AL30008JxCBL", "aktualit": "2024-08-20", "gebnutzbez": "Gebäude", "funktion": "Wohngebäude", "gfkzshh": "31001_1000", "rellage": null, "name": null, "anzahlgs": null, "gmdschl": "05362032", "lagebeztxt": "Wiesenstraße 4", "bld area": 71 }, "geometry": { "type": "MultiPolygon", "coordinates": [ [ [ [ 338865.112000000022817, 5642670.189000000245869 ], [ 338872.90500000002794, 5642673.96100000012666 ], [ 338876.479, 5642666.582999999634922 ], [ 338868.681999999971595, 5642662.809000000357628 ], [ 338866.393999999971129, 5642667.53899999987334 ], [ 338865.112000000022817, 5642670.189000000245869 ] ] ] ] } },
{ "type": "Feature", "properties": { "fid": 277430.0, "oid": "DENW41AL30008OrsBL", "aktualit": "2024-08-20", "gebnutzbez": "Gebäude", "funktion": "Wohngebäude", "gfkzshh": "31001_1000", "rellage": null, "name": null, "anzahlgs": null, "gmdschl": "05362032", "lagebeztxt": "Wiesenstraße 6", "bld area": 80 }, "geometry": { "type": "MultiPolygon", "coordinates": [ [ [ [ 338853.44, 5642662.910000000149012 ], [ 338857.686999999976251, 5642664.713000000454485 ], [ 338858.325000000011642, 5642664.998999999836087 ], [ 338861.61099999997532, 5642666.447999999858439 ], [ 338865.163, 5642658.098000000230968 ], [ 338857.090000000025611, 5642654.611999999731779 ], [ 338853.661000000021886, 5642662.411000000312924 ], [ 338853.44, 5642662.910000000149012 ] ] ] ] } },
{ "type": "Feature", "properties": { "fid": 59469.0, "oid": "DENW41AL30008JLEBL", "aktualit": "2024-08-20", "gebnutzbez": "Gebäude", "funktion": "Gebäude zum Parken", "gfkzshh": "31001_2460", "rellage": null, "name": null, "anzahlgs": null, "gmdschl": "05362032", "lagebeztxt": null, "bld area": 21 }, "geometry": { "type": "MultiPolygon", "coordinates": [ [ [ [ 338880.065, 5642687.325000000186265 ], [ 338883.313000000023749, 5642688.875 ], [ 338885.770000000018626, 5642683.727 ], [ 338882.458999999973457, 5642682.146999999880791 ], [ 338880.065, 5642687.325000000186265 ] ] ] ] } },
{ "type": "Feature", "properties": { "fid": 59758.0, "oid": "DENW41AL30008JkCBL", "aktualit": "2024-08-20", "gebnutzbez": "Gebäude", "funktion": "Wohngebäude", "gfkzshh": "31001_1000", "rellage": null, "name": null, "anzahlgs": null, "gmdschl": "05362032", "lagebeztxt": null, "bld area": 62 }, "geometry": { "type": "MultiPolygon", "coordinates": [ [ [ [ 338893.677000000025146, 5642690.200000000186265 ], [ 338896.065, 5642691.099000000394881 ], [ 338902.479, 5642693.558000000193715 ], [ 338902.48499999998603, 5642693.542000000365078 ], [ 338904.771, 5642687.55599999986589 ], [ 338906.076, 5642684.119 ], [ 338906.071, 5642684.11699999962002 ], [ 338901.73599999997532, 5642682.474000000394881 ], [ 338900.549, 5642684.928999999538064 ], [ 338898.443000000028405, 5642689.285000000149012 ], [ 338897.066, 5642688.67200000025332 ], [ 338894.693000000028405, 5642687.61699999962002 ], [ 338893.68, 5642690.191999999806285 ], [ 338893.677000000025146, 5642690.200000000186265 ] ] ] ] } },
{ "type": "Feature", "properties": { "fid": 59238.0, "oid": "DENW41AL2h300005BL", "aktualit": "2024-08-20", "gebnutzbez": "Gebäude", "funktion": "Wohngebäude", "gfkzshh": "31001_1000", "rellage": null, "name": null, "anzahlgs": null, "gmdschl": "05362032", "lagebeztxt": null, "bld area": 28 }, "geometry": { "type": "MultiPolygon", "coordinates": [ [ [ [ 338874.281000000017229, 5642678.32799999974668 ], [ 338875.202, 5642679.957000000402331 ], [ 338876.62, 5642680.639999999664724 ], [ 338878.457, 5642680.513000000268221 ], [ 338879.408999999985099, 5642679.957000000402331 ], [ 338880.278, 5642680.376000000163913 ], [ 338881.700000000011642, 5642677.42200000025332 ], [ 338876.018999999971129, 5642674.685999999754131 ], [ 338874.281000000017229, 5642678.32799999974668 ] ] ] ] } },
{ "type": "Feature", "properties": { "fid": 62606.0, "oid": "DENW41AL30008NnKBL", "aktualit": "2024-08-20", "gebnutzbez": "Gebäude", "funktion": "Wohngebäude", "gfkzshh": "31001_1000", "rellage": null, "name": null, "anzahlgs": null, "gmdschl": "05362032", "lagebeztxt": "Wiesenstraße 2 a", "bld area": 75 }, "geometry": { "type": "MultiPolygon", "coordinates": [ [ [ [ 338876.018999999971129, 5642674.685999999754131 ], [ 338881.700000000011642, 5642677.42200000025332 ], [ 338882.892999999981839, 5642677.997000000439584 ], [ 338882.35999999998603, 5642679.112999999895692 ], [ 338884.854999999981374, 5642680.298000000417233 ], [ 338886.51400000002468, 5642676.808000000193715 ], [ 338885.357000000018161, 5642676.254999999888241 ], [ 338887.446, 5642671.917999999597669 ], [ 338879.229, 5642667.958999999798834 ], [ 338876.018999999971129, 5642674.685999999754131 ] ] ] ] } },
{ "type": "Feature", "properties": { "fid": 160225.0, "oid": "DENW41AL30008NPOBL", "aktualit": "2024-08-20", "gebnutzbez": "Gebäude", "funktion": "Wohngebäude", "gfkzshh": "31001_1000", "rellage": null, "name": null, "anzahlgs": null, "gmdschl": "05362032", "lagebeztxt": "Wiesenstraße 2", "bld area": 67 }, "geometry": { "type": "MultiPolygon", "coordinates": [ [ [ [ 338889.865, 5642682.649000000208616 ], [ 338896.723999999987427, 5642685.964999999850988 ], [ 338897.854, 5642683.625 ], [ 338900.460000000020955, 5642678.235999999567866 ], [ 338900.548, 5642678.08600000012666 ], [ 338893.677000000025146, 5642674.764000000432134 ], [ 338889.865, 5642682.649000000208616 ] ] ] ] } },
{ "type": "Feature", "properties": { "fid": 61884.0, "oid": "DENW41AL30008MkrBL", "aktualit": "2024-08-20", "gebnutzbez": "Gebäude", "funktion": "Gebäude für Land- und Forstwirtschaft", "gfkzshh": "31001_2700", "rellage": null, "name": null, "anzahlgs": null, "gmdschl": "05362032", "lagebeztxt": null, "bld area": 22 }, "geometry": { "type": "MultiPolygon", "coordinates": [ [ [ [ 338844.996999999973923, 5642703.826000000350177 ], [ 338849.049, 5642706.139999999664724 ], [ 338851.804, 5642701.390999999828637 ], [ 338850.48599999997532, 5642700.648 ], [ 338849.865999999979977, 5642701.764999999664724 ], [ 338847.00199999997858, 5642700.178000000305474 ], [ 338844.996999999973923, 5642703.826000000350177 ] ] ] ] } },
{ "type": "Feature", "properties": { "fid": 62068.0, "oid": "DENW41AL30008N1lBL", "aktualit": "2024-08-20", "gebnutzbez": "Gebäude", "funktion": "Gebäude zum Parken", "gfkzshh": "31001_2460", "rellage": null, "name": null, "anzahlgs": null, "gmdschl": "05362032", "lagebeztxt": null, "bld area": 11 }, "geometry": { "type": "MultiPolygon", "coordinates": [ [ [ [ 338836.197999999974854, 5642696.716 ], [ 338838.302000000025146, 5642697.855000000447035 ], [ 338840.400000000023283, 5642693.980000000447035 ], [ 338838.295999999972992, 5642692.841 ], [ 338836.197999999974854, 5642696.716 ] ] ] ] } },
{ "type": "Feature", "properties": { "fid": 62582.0, "oid": "DENW41AL30008Nl7BL", "aktualit": "2024-08-20", "gebnutzbez": "Gebäude", "funktion": "Gebäude zum Parken", "gfkzshh": "31001_2460", "rellage": null, "name": null, "anzahlgs": null, "gmdschl": "05362032", "lagebeztxt": null, "bld area": 19 }, "geometry": { "type": "MultiPolygon", "coordinates": [ [ [ [ 338837.408999999985099, 5642699.504999999888241 ], [ 338839.511999999987893, 5642700.697999999858439 ], [ 338840.146, 5642699.531000000424683 ], [ 338841.174999999988358, 5642700.096 ], [ 338842.49800000002142, 5642697.689000000245869 ], [ 338841.619, 5642697.204 ], [ 338842.693000000028405, 5642695.222 ], [ 338840.400000000023283, 5642693.980000000447035 ], [ 338838.302000000025146, 5642697.855000000447035 ], [ 338837.408999999985099, 5642699.504999999888241 ] ] ] ] } },
{ "type": "Feature", "properties": { "fid": 159407.0, "oid": "DENW41AL30008LluBL", "aktualit": "2024-08-20", "gebnutzbez": "Gebäude", "funktion": "Gebäude für Land- und Forstwirtschaft", "gfkzshh": "31001_2700", "rellage": null, "name": null, "anzahlgs": null, "gmdschl": "05362032", "lagebeztxt": null, "bld area": 23 }, "geometry": { "type": "MultiPolygon", "coordinates": [ [ [ [ 338839.511999999987893, 5642700.697999999858439 ], [ 338844.996999999973923, 5642703.826000000350177 ], [ 338847.00199999997858, 5642700.178000000305474 ], [ 338842.49800000002142, 5642697.689000000245869 ], [ 338841.174999999988358, 5642700.096 ], [ 338840.146, 5642699.531000000424683 ], [ 338839.511999999987893, 5642700.697999999858439 ] ] ] ] } },
{ "type": "Feature", "properties": { "fid": 159615.0, "oid": "DENW41AL30008MCKBL", "aktualit": "2024-08-20", "gebnutzbez": "Gebäude", "funktion": "Wohngebäude", "gfkzshh": "31001_1000", "rellage": null, "name": null, "anzahlgs": null, "gmdschl": "05362032", "lagebeztxt": "Am Kalkofen 7", "bld area": 50 }, "geometry": { "type": "MultiPolygon", "coordinates": [ [ [ [ 338833.322999999974854, 5642712.221 ], [ 338838.713999999978114, 5642715.279 ], [ 338842.575000000011642, 5642708.242999999783933 ], [ 338837.163999999989755, 5642705.075000000186265 ], [ 338833.322999999974854, 5642712.221 ] ] ] ] } },
{ "type": "Feature", "properties": { "fid": 276614.0, "oid": "DENW41AL30008O0MBL", "aktualit": "2024-08-20", "gebnutzbez": "Gebäude", "funktion": "Wohngebäude", "gfkzshh": "31001_1000", "rellage": null, "name": null, "anzahlgs": null, "gmdschl": "05362032", "lagebeztxt": "Am Kalkofen 5", "bld area": 49 }, "geometry": { "type": "MultiPolygon", "coordinates": [ [ [ [ 338838.713999999978114, 5642715.279 ], [ 338844.071, 5642718.318 ], [ 338847.887999999977183, 5642711.355999999679625 ], [ 338842.575000000011642, 5642708.242999999783933 ], [ 338838.713999999978114, 5642715.279 ] ] ] ] } },
{ "type": "Feature", "properties": { "fid": 272980.0, "oid": "DENW41AL30008JvPBL", "aktualit": "2024-08-20", "gebnutzbez": "Gebäude", "funktion": "Wohngebäude", "gfkzshh": "31001_1000", "rellage": null, "name": null, "anzahlgs": null, "gmdschl": "05362032", "lagebeztxt": null, "bld area": 12 }, "geometry": { "type": "MultiPolygon", "coordinates": [ [ [ [ 338970.933000000019092, 5642621.54700000025332 ], [ 338974.974999999976717, 5642623.093999999575317 ], [ 338975.954000000027008, 5642620.54 ], [ 338975.13, 5642620.222 ], [ 338971.893999999971129, 5642618.985999999567866 ], [ 338970.933000000019092, 5642621.54700000025332 ] ] ] ] } },
{ "type": "Feature", "properties": { "fid": 273627.0, "oid": "DENW41AL30008KfFBL", "aktualit": "2024-08-20", "gebnutzbez": "Gebäude", "funktion": "Wohngebäude", "gfkzshh": "31001_1000", "rellage": null, "name": null, "anzahlgs": null, "gmdschl": "05362032", "lagebeztxt": "Sistenichstraße 31", "bld area": 92 }, "geometry": { "type": "MultiPolygon", "coordinates": [ [ [ [ 338963.212, 5642615.66399999987334 ], [ 338971.893999999971129, 5642618.985999999567866 ], [ 338975.13, 5642620.222 ], [ 338977.743000000016764, 5642613.54700000025332 ], [ 338965.78000000002794, 5642608.963999999687076 ], [ 338963.212, 5642615.66399999987334 ] ] ] ] } },
{ "type": "Feature", "properties": { "fid": 59487.0, "oid": "DENW41AL30008JN1BL", "aktualit": "2024-08-20", "gebnutzbez": "Gebäude", "funktion": "Wohngebäude", "gfkzshh": "31001_1000", "rellage": null, "name": null, "anzahlgs": null, "gmdschl": "05362032", "lagebeztxt": "Adenauerstraße 28", "bld area": 212 }, "geometry": { "type": "MultiPolygon", "coordinates": [ [ [ [ 338720.716000000014901, 5642504.11600000038743 ], [ 338740.983, 5642506.409 ], [ 338742.15500000002794, 5642496.065000000409782 ], [ 338721.887999999977183, 5642493.770999999716878 ], [ 338721.598999999987427, 5642496.318 ], [ 338720.994, 5642501.666000000201166 ], [ 338720.716000000014901, 5642504.11600000038743 ] ] ] ] } },
{ "type": "Feature", "properties": { "fid": 273386.0, "oid": "DENW41AL30008KOcBL", "aktualit": "2024-08-20", "gebnutzbez": "Gebäude", "funktion": "Gebäude zum Parken", "gfkzshh": "31001_2460", "rellage": null, "name": null, "anzahlgs": null, "gmdschl": "05362032", "lagebeztxt": null, "bld area": 19 }, "geometry": { "type": "MultiPolygon", "coordinates": [ [ [ [ 338717.439000000013039, 5642501.313 ], [ 338720.994, 5642501.666000000201166 ], [ 338721.598999999987427, 5642496.318 ], [ 338718.044, 5642495.963999999687076 ], [ 338717.439000000013039, 5642501.313 ] ] ] ] } },
{ "type": "Feature", "properties": { "fid": 61981.0, "oid": "DENW41AL30008MtcBL", "aktualit": "2024-08-20", "gebnutzbez": "Gebäude", "funktion": "Wohngebäude", "gfkzshh": "31001_1000", "rellage": null, "name": null, "anzahlgs": null, "gmdschl": "05362032", "lagebeztxt": null, "bld area": 30 }, "geometry": { "type": "MultiPolygon", "coordinates": [ [ [ [ 339006.704000000027008, 5642382.066999999806285 ], [ 339006.73499999998603, 5642387.119 ], [ 339012.761, 5642387.123999999836087 ], [ 339012.658999999985099, 5642382.076999999582767 ], [ 339006.704000000027008, 5642382.066999999806285 ] ] ] ] } },
{ "type": "Feature", "properties": { "fid": 159066.0, "oid": "DENW41AL30008L4WBL", "aktualit": "2024-08-20", "gebnutzbez": "Gebäude", "funktion": "Gebäude zum Parken", "gfkzshh": "31001_2460", "rellage": null, "name": null, "anzahlgs": null, "gmdschl": "05362032", "lagebeztxt": null, "bld area": 37 }, "geometry": { "type": "MultiPolygon", "coordinates": [ [ [ [ 339006.73499999998603, 5642387.119 ], [ 339006.772, 5642393.199 ], [ 339012.776000000012573, 5642393.190999999642372 ], [ 339012.761, 5642387.123999999836087 ], [ 339006.73499999998603, 5642387.119 ] ] ] ] } },
{ "type": "Feature", "properties": { "fid": 273171.0, "oid": "DENW41AL30008K8xBL", "aktualit": "2024-08-20", "gebnutzbez": "Gebäude", "funktion": "Gebäude zum Parken", "gfkzshh": "31001_2460", "rellage": null, "name": null, "anzahlgs": null, "gmdschl": "05362032", "lagebeztxt": null, "bld area": 25 }, "geometry": { "type": "MultiPolygon", "coordinates": [ [ [ [ 339012.761, 5642387.123999999836087 ], [ 339012.776000000012573, 5642393.190999999642372 ], [ 339016.871999999973923, 5642393.182 ], [ 339016.788, 5642387.126000000163913 ], [ 339012.761, 5642387.123999999836087 ] ] ] ] } },
{ "type": "Feature", "properties": { "fid": 275935.0, "oid": "DENW41AL30008NG3BL", "aktualit": "2024-08-20", "gebnutzbez": "Gebäude", "funktion": "Gebäude zum Parken", "gfkzshh": "31001_2460", "rellage": null, "name": null, "anzahlgs": null, "gmdschl": "05362032", "lagebeztxt": null, "bld area": 31 }, "geometry": { "type": "MultiPolygon", "coordinates": [ [ [ [ 339016.788, 5642387.126000000163913 ], [ 339016.871999999973923, 5642393.182 ], [ 339021.973999999987427, 5642393.167000000365078 ], [ 339021.849999999976717, 5642388.072999999858439 ], [ 339021.700000000011642, 5642388.071000000461936 ], [ 339021.702999999979511, 5642387.088000000454485 ], [ 339016.788, 5642387.126000000163913 ] ] ] ] } },
{ "type": "Feature", "properties": { "fid": 57546.0, "oid": "DENW41AL2000Jo0XBL", "aktualit": "2024-08-20", "gebnutzbez": "Sonstiges Bauwerk oder sonstige Einrichtung", "funktion": "Carport", "gfkzshh": "51009_1611", "rellage": null, "name": null, "anzahlgs": null, "gmdschl": "05362032", "lagebeztxt": null, "bld area": 27 }, "geometry": { "type": "MultiPolygon", "coordinates": [ [ [ [ 338999.64000000001397, 5642366.509999999776483 ], [ 339008.826, 5642366.57799999974668 ], [ 339008.78000000002794, 5642364.814000000245869 ], [ 339008.833999999973457, 5642363.654 ], [ 338999.651000000012573, 5642363.621000000275671 ], [ 338999.64000000001397, 5642366.509999999776483 ] ] ] ] } },
{ "type": "Feature", "properties": { "fid": 157928.0, "oid": "DENW41AL2000Jo0gBL", "aktualit": "2024-08-20", "gebnutzbez": "Gebäude", "funktion": "Gebäude zur Freizeitgestaltung", "gfkzshh": "31001_1310", "rellage": null, "name": null, "anzahlgs": null, "gmdschl": "05362032", "lagebeztxt": null, "bld area": 6 }, "geometry": { "type": "MultiPolygon", "coordinates": [ [ [ [ 339008.78000000002794, 5642364.814000000245869 ], [ 339008.826, 5642366.57799999974668 ], [ 339012.275000000023283, 5642366.604000000283122 ], [ 339012.284999999974389, 5642364.821999999694526 ], [ 339008.78000000002794, 5642364.814000000245869 ] ] ] ] } },
{ "type": "Feature", "properties": { "fid": 159271.0, "oid": "DENW41AL30008LTZBL", "aktualit": "2024-08-20", "gebnutzbez": "Gebäude", "funktion": "Wohngebäude", "gfkzshh": "31001_1000", "rellage": null, "name": null, "anzahlgs": null, "gmdschl": "05362032", "lagebeztxt": "An der Malzmühle 15", "bld area": 162 }, "geometry": { "type": "MultiPolygon", "coordinates": [ [ [ [ 338989.68, 5642393.230000000447035 ], [ 339006.772, 5642393.199 ], [ 339006.73499999998603, 5642387.119 ], [ 339006.704000000027008, 5642382.066999999806285 ], [ 339006.347, 5642382.06900000013411 ], [ 339006.341000000014901, 5642384.05599999986589 ], [ 338996.663999999989755, 5642384.036999999545515 ], [ 338996.669, 5642382.049999999813735 ], [ 338991.016, 5642382.03899999987334 ], [ 338990.946999999985565, 5642388.646999999880791 ], [ 338989.738000000012107, 5642388.632000000216067 ], [ 338989.68, 5642393.230000000447035 ] ] ] ] } },
{ "type": "Feature", "properties": { "fid": 62867.0, "oid": "DENW41AL30008OAGBL", "aktualit": "2024-08-20", "gebnutzbez": "Gebäude", "funktion": "Wohngebäude", "gfkzshh": "31001_1000", "rellage": null, "name": null, "anzahlgs": null, "gmdschl": "05362032", "lagebeztxt": "An der Malzmühle 13", "bld area": 143 }, "geometry": { "type": "MultiPolygon", "coordinates": [ [ [ [ 339021.700000000011642, 5642388.071000000461936 ], [ 339021.849999999976717, 5642388.072999999858439 ], [ 339025.324000000022352, 5642388.096 ], [ 339025.304, 5642391.295 ], [ 339034.89000000001397, 5642391.358 ], [ 339034.881, 5642387.690000000409782 ], [ 339035.43, 5642387.689000000245869 ], [ 339035.43, 5642383.558000000193715 ], [ 339033.234, 5642383.559000000357628 ], [ 339033.238000000012107, 5642379.244 ], [ 339021.710000000020955, 5642379.237999999895692 ], [ 339021.702999999979511, 5642387.088000000454485 ], [ 339021.700000000011642, 5642388.071000000461936 ] ] ] ] } },
{ "type": "Feature", "properties": { "fid": 157927.0, "oid": "DENW41AL2000Jo0bBL", "aktualit": "2024-08-20", "gebnutzbez": "Gebäude", "funktion": "Wohngebäude", "gfkzshh": "31001_1000", "rellage": null, "name": null, "anzahlgs": null, "gmdschl": "05362032", "lagebeztxt": "Sistenichstraße 63a", "bld area": 78 }, "geometry": { "type": "MultiPolygon", "coordinates": [ [ [ [ 338995.049, 5642363.604000000283122 ], [ 338999.651000000012573, 5642363.621000000275671 ], [ 339008.833999999973457, 5642363.654 ], [ 339008.869, 5642358.018000000156462 ], [ 338995.104999999981374, 5642357.951999999582767 ], [ 338995.049, 5642363.604000000283122 ] ] ] ] } },
{ "type": "Feature", "properties": { "fid": 273769.0, "oid": "DENW41AL30008KpLBL", "aktualit": "2024-08-20", "gebnutzbez": "Gebäude", "funktion": "Wohngebäude", "gfkzshh": "31001_1000", "rellage": null, "name": null, "anzahlgs": null, "gmdschl": "05362032", "lagebeztxt": "Sistenichstraße 63", "bld area": 101 }, "geometry": { "type": "MultiPolygon", "coordinates": [ [ [ [ 338995.158999999985099, 5642357.917999999597669 ], [ 339005.022, 5642357.974000000394881 ], [ 339005.452999999979511, 5642350.281000000424683 ], [ 339004.045999999972992, 5642350.201999999582767 ], [ 339004.194000000017695, 5642347.673000000417233 ], [ 338995.593999999982771, 5642347.178999999538064 ], [ 338995.158999999985099, 5642357.917999999597669 ] ] ] ] } },
{ "type": "Feature", "properties": { "fid": 60595.0, "oid": "DENW41AL30008KuEBL", "aktualit": "2024-08-20", "gebnutzbez": "Gebäude", "funktion": "Wohngebäude", "gfkzshh": "31001_1000", "rellage": null, "name": null, "anzahlgs": null, "gmdschl": "05362032", "lagebeztxt": "Sistenichstraße 35", "bld area": 79 }, "geometry": { "type": "MultiPolygon", "coordinates": [ [ [ [ 338970.5, 5642597.093000000342727 ], [ 338978.816999999980908, 5642600.281999999657273 ], [ 338979.169999999983702, 5642600.417999999597669 ], [ 338982.173, 5642592.446000000461936 ], [ 338973.528999999980442, 5642589.140999999828637 ], [ 338970.5, 5642597.093000000342727 ] ] ] ] } },
{ "type": "Feature", "properties": { "fid": 159253.0, "oid": "DENW41AL30008LRTBL", "aktualit": "2024-08-20", "gebnutzbez": "Gebäude", "funktion": "Wohngebäude", "gfkzshh": "31001_1000", "rellage": null, "name": null, "anzahlgs": null, "gmdschl": "05362032", "lagebeztxt": "Sistenichstraße 33", "bld area": 76 }, "geometry": { "type": "MultiPolygon", "coordinates": [ [ [ [ 338966.693000000028405, 5642604.201999999582767 ], [ 338976.216000000014901, 5642607.781999999657273 ], [ 338978.172000000020489, 5642602.143000000156462 ], [ 338978.816999999980908, 5642600.281999999657273 ], [ 338970.5, 5642597.093000000342727 ], [ 338969.321, 5642600.410000000149012 ], [ 338968.26400000002468, 5642600.015999999828637 ], [ 338966.693000000028405, 5642604.201999999582767 ] ] ] ] } },
{ "type": "Feature", "properties": { "fid": 159276.0, "oid": "DENW41AL30008LUFBL", "aktualit": "2024-08-20", "gebnutzbez": "Gebäude", "funktion": "Gebäude zum Parken", "gfkzshh": "31001_2460", "rellage": null, "name": null, "anzahlgs": null, "gmdschl": "05362032", "lagebeztxt": null, "bld area": 23 }, "geometry": { "type": "MultiPolygon", "coordinates": [ [ [ [ 338979.125, 5642588.504999999888241 ], [ 338985.650000000023283, 5642590.911999999545515 ], [ 338986.775000000023283, 5642587.864 ], [ 338980.233, 5642585.45299999974668 ], [ 338979.125, 5642588.504999999888241 ] ] ] ] } },
{ "type": "Feature", "properties": { "fid": 160418.0, "oid": "DENW41AL30008NmnBL", "aktualit": "2024-08-20", "gebnutzbez": "Gebäude", "funktion": "Wohngebäude", "gfkzshh": "31001_1000", "rellage": null, "name": null, "anzahlgs": null, "gmdschl": "05362032", "lagebeztxt": "Merkurweg 34", "bld area": 101 }, "geometry": { "type": "MultiPolygon", "coordinates": [ [ [ [ 338996.047000000020489, 5642606.341 ], [ 338996.288, 5642606.890999999828637 ], [ 339007.157, 5642610.997000000439584 ], [ 339010.754000000015367, 5642601.46100000012666 ], [ 339002.521, 5642598.354000000283122 ], [ 339001.186999999976251, 5642601.886 ], [ 339000.223999999987427, 5642601.519999999552965 ], [ 338998.691, 5642605.519000000320375 ], [ 338997.153999999980442, 5642604.928999999538064 ], [ 338996.479, 5642605.197999999858439 ], [ 338996.047000000020489, 5642606.341 ] ] ] ] } },
{ "type": "Feature", "properties": { "fid": 273500.0, "oid": "DENW41AL30008KWMBL", "aktualit": "2024-08-20", "gebnutzbez": "Gebäude", "funktion": "Wohngebäude", "gfkzshh": "31001_1000", "rellage": null, "name": null, "anzahlgs": null, "gmdschl": "05362032", "lagebeztxt": null, "bld area": 8 }, "geometry": { "type": "MultiPolygon", "coordinates": [ [ [ [ 338978.172000000020489, 5642602.143000000156462 ], [ 338981.194000000017695, 5642604.041000000201166 ], [ 338982.065, 5642601.528 ], [ 338979.169999999983702, 5642600.417999999597669 ], [ 338978.816999999980908, 5642600.281999999657273 ], [ 338978.172000000020489, 5642602.143000000156462 ] ] ] ] } },
{ "type": "Feature", "properties": { "fid": 64061.0, "oid": "DENW41ALpv0000JhBL", "aktualit": "2024-08-20", "gebnutzbez": "Gebäude", "funktion": "Wohngebäude", "gfkzshh": "31001_1000", "rellage": null, "name": null, "anzahlgs": null, "gmdschl": "05362032", "lagebeztxt": "Merkurweg 32", "bld area": 119 }, "geometry": { "type": "MultiPolygon", "coordinates": [ [ [ [ 338992.362000000022817, 5642616.093999999575317 ], [ 339003.588999999978114, 5642620.354000000283122 ], [ 339007.096000000019558, 5642611.070000000298023 ], [ 338995.896, 5642606.809999999590218 ], [ 338992.362000000022817, 5642616.093999999575317 ] ] ] ] } },
{ "type": "Feature", "properties": { "fid": 59195.0, "oid": "DENW41AL2cv0001zBL", "aktualit": "2024-08-20", "gebnutzbez": "Gebäude", "funktion": "Gebäude für Wirtschaft oder Gewerbe", "gfkzshh": "31001_2000", "rellage": null, "name": null, "anzahlgs": null, "gmdschl": "05362032", "lagebeztxt": null, "bld area": 205 }, "geometry": { "type": "MultiPolygon", "coordinates": [ [ [ [ 339047.088999999978114, 5642601.134999999776483 ], [ 339053.496999999973923, 5642602.195000000298023 ], [ 339056.721000000019558, 5642602.731999999843538 ], [ 339059.906000000017229, 5642583.92200000025332 ], [ 339054.547000000020489, 5642583.036000000312924 ], [ 339055.086000000010245, 5642579.781000000424683 ], [ 339050.422000000020489, 5642579.00899999961257 ], [ 339048.074000000022352, 5642594.626000000163913 ], [ 339047.088999999978114, 5642601.134999999776483 ] ] ] ] } },
{ "type": "Feature", "properties": { "fid": 275473.0, "oid": "DENW41AL30008MjhBL", "aktualit": "2024-08-20", "gebnutzbez": "Gebäude", "funktion": "Wohngebäude", "gfkzshh": "31001_1000", "rellage": null, "name": null, "anzahlgs": null, "gmdschl": "05362032", "lagebeztxt": "Merkurweg 29", "bld area": 121 }, "geometry": { "type": "MultiPolygon", "coordinates": [ [ [ [ 339028.982000000018161, 5642598.132000000216067 ], [ 339041.375, 5642600.183000000193715 ], [ 339042.326, 5642593.769999999552965 ], [ 339042.886, 5642589.946000000461936 ], [ 339042.619, 5642589.90500000026077 ], [ 339042.505, 5642590.606999999843538 ], [ 339034.489, 5642589.303999999538064 ], [ 339034.604, 5642588.602 ], [ 339031.352000000013504, 5642588.075000000186265 ], [ 339030.732000000018161, 5642591.898 ], [ 339029.912000000011176, 5642591.770999999716878 ], [ 339028.982000000018161, 5642598.132000000216067 ] ] ] ] } },
{ "type": "Feature", "properties": { "fid": 59196.0, "oid": "DENW41AL2cv00024BL", "aktualit": "2024-08-20", "gebnutzbez": "Gebäude", "funktion": "Gebäude für Wirtschaft oder Gewerbe", "gfkzshh": "31001_2000", "rellage": null, "name": null, "anzahlgs": null, "gmdschl": "05362032", "lagebeztxt": null, "bld area": 114 }, "geometry": { "type": "MultiPolygon", "coordinates": [ [ [ [ 339082.925999999977648, 5642587.757000000216067 ], [ 339097.76, 5642590.21 ], [ 339100.981000000028871, 5642579.063 ], [ 339096.458999999973457, 5642577.756 ], [ 339094.526000000012573, 5642584.443 ], [ 339084.299, 5642582.002999999560416 ], [ 339082.925999999977648, 5642587.757000000216067 ] ] ] ] } },
{ "type": "Feature", "properties": { "fid": 59584.0, "oid": "DENW41AL30008JVaBL", "aktualit": "2024-08-20", "gebnutzbez": "Gebäude", "funktion": "Gemischt genutztes Gebäude mit Wohnen", "gfkzshh": "31001_1100", "rellage": null, "name": null, "anzahlgs": null, "gmdschl": "05362032", "lagebeztxt": "Hauptstraße 194", "bld area": 153 }, "geometry": { "type": "MultiPolygon", "coordinates": [ [ [ [ 339087.802000000025146, 5642619.025000000372529 ], [ 339088.293, 5642619.104000000283122 ], [ 339089.912000000011176, 5642609.213999999687076 ], [ 339090.071, 5642608.25 ], [ 339076.822999999974854, 5642606.053000000305474 ], [ 339075.025000000023283, 5642616.956000000238419 ], [ 339074.968, 5642617.320000000298023 ], [ 339087.728, 5642619.46 ], [ 339087.802000000025146, 5642619.025000000372529 ] ] ] ] } },
{ "type": "Feature", "properties": { "fid": 62670.0, "oid": "DENW41AL30008NswBL", "aktualit": "2024-08-20", "gebnutzbez": "Gebäude", "funktion": "Gebäude zur Freizeitgestaltung", "gfkzshh": "31001_1310", "rellage": null, "name": null, "anzahlgs": null, "gmdschl": "05362032", "lagebeztxt": null, "bld area": 57 }, "geometry": { "type": "MultiPolygon", "coordinates": [ [ [ [ 339037.929, 5642585.278 ], [ 339043.559, 5642586.165 ], [ 339045.137999999977183, 5642575.474999999627471 ], [ 339042.875, 5642575.706000000238419 ], [ 339039.298, 5642576.13300000037998 ], [ 339037.929, 5642585.278 ] ] ] ] } },
{ "type": "Feature", "properties": { "fid": 62852.0, "oid": "DENW41AL30008O95BL", "aktualit": "2024-08-20", "gebnutzbez": "Gebäude", "funktion": "Gemischt genutztes Gebäude mit Wohnen", "gfkzshh": "31001_1100", "rellage": null, "name": null, "anzahlgs": null, "gmdschl": "05362032", "lagebeztxt": "Hauptstraße 196", "bld area": 575 }, "geometry": { "type": "MultiPolygon", "coordinates": [ [ [ [ 339062.938000000023749, 5642603.759999999776483 ], [ 339076.822999999974854, 5642606.053000000305474 ], [ 339090.071, 5642608.25 ], [ 339092.612000000022817, 5642608.67200000025332 ], [ 339095.603, 5642590.986999999731779 ], [ 339097.576, 5642591.314000000245869 ], [ 339097.76, 5642590.21 ], [ 339082.925999999977648, 5642587.757000000216067 ], [ 339066.129000000015367, 5642584.979000000283122 ], [ 339062.938000000023749, 5642603.759999999776483 ] ] ] ] } },
{ "type": "Feature", "properties": { "fid": 160378.0, "oid": "DENW41AL30008NhgBL", "aktualit": "2024-08-20", "gebnutzbez": "Gebäude", "funktion": "Gebäude zum Parken", "gfkzshh": "31001_2460", "rellage": null, "name": null, "anzahlgs": null, "gmdschl": "05362032", "lagebeztxt": null, "bld area": 106 }, "geometry": { "type": "MultiPolygon", "coordinates": [ [ [ [ 339042.326, 5642593.769999999552965 ], [ 339048.074000000022352, 5642594.626000000163913 ], [ 339050.422000000020489, 5642579.00899999961257 ], [ 339050.826, 5642576.322999999858439 ], [ 339045.137999999977183, 5642575.474999999627471 ], [ 339043.559, 5642586.165 ], [ 339043.005, 5642589.968000000342727 ], [ 339042.886, 5642589.946000000461936 ], [ 339042.326, 5642593.769999999552965 ] ] ] ] } },
{ "type": "Feature", "properties": { "fid": 275131.0, "oid": "DENW41AL30008MMuBL", "aktualit": "2024-08-20", "gebnutzbez": "Gebäude", "funktion": "Gebäude für Wirtschaft oder Gewerbe", "gfkzshh": "31001_2000", "rellage": null, "name": null, "anzahlgs": null, "gmdschl": "05362032", "lagebeztxt": null, "bld area": 120 }, "geometry": { "type": "MultiPolygon", "coordinates": [ [ [ [ 339056.721000000019558, 5642602.731999999843538 ], [ 339062.938000000023749, 5642603.759999999776483 ], [ 339066.129000000015367, 5642584.979000000283122 ], [ 339059.906000000017229, 5642583.92200000025332 ], [ 339056.721000000019558, 5642602.731999999843538 ] ] ] ] } },
{ "type": "Feature", "properties": { "fid": 61647.0, "oid": "DENW41AL30008MQ3BL", "aktualit": "2024-08-20", "gebnutzbez": "Gebäude", "funktion": "Wohngebäude", "gfkzshh": "31001_1000", "rellage": null, "name": null, "anzahlgs": null, "gmdschl": "05362032", "lagebeztxt": "Merodestraße 6", "bld area": 72 }, "geometry": { "type": "MultiPolygon", "coordinates": [ [ [ [ 339059.717, 5642201.298000000417233 ], [ 339059.927000000025146, 5642201.324 ], [ 339060.99900000001071, 5642201.451999999582767 ], [ 339067.686999999976251, 5642202.253999999724329 ], [ 339068.74900000001071, 5642193.399000000208616 ], [ 339060.775000000023283, 5642192.443 ], [ 339059.740999999979977, 5642201.102 ], [ 339059.717, 5642201.298000000417233 ] ] ] ] } },
{ "type": "Feature", "properties": { "fid": 62040.0, "oid": "DENW41AL30008MzcBL", "aktualit": "2024-08-20", "gebnutzbez": "Gebäude", "funktion": "Wohngebäude", "gfkzshh": "31001_1000", "rellage": null, "name": null, "anzahlgs": null, "gmdschl": "05362032", "lagebeztxt": "Sistenichstraße 73, 75", "bld area": 264 }, "geometry": { "type": "MultiPolygon", "coordinates": [ [ [ [ 339004.028999999980442, 5642229.956000000238419 ], [ 339004.113000000012107, 5642236.346 ], [ 339004.231000000028871, 5642236.343999999575317 ], [ 339004.267999999981839, 5642241.389999999664724 ], [ 339004.407, 5642241.389000000432134 ], [ 339027.956, 5642241.003999999724329 ], [ 339027.952, 5642240.059000000357628 ], [ 339027.929, 5642236.298000000417233 ], [ 339027.87, 5642229.591 ], [ 339027.57, 5642229.593999999575317 ], [ 339027.579000000027008, 5642230.295 ], [ 339021.548, 5642230.379999999888241 ], [ 339021.538, 5642229.689000000245869 ], [ 339016.037000000011176, 5642229.775999999605119 ], [ 339016.048, 5642230.467000000178814 ], [ 339011.788999999989755, 5642230.53899999987334 ], [ 339011.777, 5642229.849999999627471 ], [ 339004.028999999980442, 5642229.956000000238419 ] ] ] ] } },
{ "type": "Feature", "properties": { "fid": 274344.0, "oid": "DENW41AL30008LS9BL", "aktualit": "2024-08-20", "gebnutzbez": "Gebäude", "funktion": "Wohngebäude", "gfkzshh": "31001_1000", "rellage": null, "name": null, "anzahlgs": null, "gmdschl": "05362032", "lagebeztxt": "Sistenichstraße 75 a", "bld area": 81 }, "geometry": { "type": "MultiPolygon", "coordinates": [ [ [ [ 339027.929, 5642236.298000000417233 ], [ 339027.952, 5642240.059000000357628 ], [ 339030.222, 5642240.065999999642372 ], [ 339030.221000000019558, 5642241.019000000320375 ], [ 339035.243000000016764, 5642241.03899999987334 ], [ 339035.642999999981839, 5642236.713999999687076 ], [ 339037.169, 5642236.716 ], [ 339037.169999999983702, 5642233.190999999642372 ], [ 339035.963999999978114, 5642233.229000000283122 ], [ 339036.357000000018161, 5642228.943 ], [ 339030.13, 5642229.003999999724329 ], [ 339030.196999999985565, 5642236.278 ], [ 339027.929, 5642236.298000000417233 ] ] ] ] } },
{ "type": "Feature", "properties": { "fid": 274865.0, "oid": "DENW41AL30008M3FBL", "aktualit": "2024-08-20", "gebnutzbez": "Gebäude", "funktion": "Gebäude zum Parken", "gfkzshh": "31001_2460", "rellage": null, "name": null, "anzahlgs": null, "gmdschl": "05362032", "lagebeztxt": null, "bld area": 93 }, "geometry": { "type": "MultiPolygon", "coordinates": [ [ [ [ 339045.552000000025146, 5642236.690999999642372 ], [ 339050.419999999983702, 5642237.156999999657273 ], [ 339050.81, 5642233.531999999657273 ], [ 339051.174, 5642230.144999999552965 ], [ 339048.63, 5642229.943 ], [ 339049.028, 5642225.515999999828637 ], [ 339049.849999999976717, 5642225.589999999850988 ], [ 339049.965000000025611, 5642225.600999999791384 ], [ 339051.343999999982771, 5642211.832999999634922 ], [ 339051.206, 5642211.813 ], [ 339047.879000000015367, 5642211.433000000193715 ], [ 339047.038, 5642220.537999999709427 ], [ 339046.305999999982305, 5642228.49100000038743 ], [ 339045.552000000025146, 5642236.690999999642372 ] ] ] ] } },
{ "type": "Feature", "properties": { "fid": 58049.0, "oid": "DENW41AL1jG00009BL", "aktualit": "2024-08-20", "gebnutzbez": "Gebäude", "funktion": "Gebäude zum Parken", "gfkzshh": "31001_2460", "rellage": null, "name": null, "anzahlgs": null, "gmdschl": "05362032", "lagebeztxt": null, "bld area": 19 }, "geometry": { "type": "MultiPolygon", "coordinates": [ [ [ [ 339045.897, 5642199.24100000038743 ], [ 339049.028999999980442, 5642199.552000000141561 ], [ 339049.762999999977183, 5642193.740000000223517 ], [ 339046.642, 5642193.34499999973923 ], [ 339045.897, 5642199.24100000038743 ] ] ] ] } },
{ "type": "Feature", "properties": { "fid": 60743.0, "oid": "DENW41AL30008L7aBL", "aktualit": "2024-08-20", "gebnutzbez": "Gebäude", "funktion": "Gebäude zur Freizeitgestaltung", "gfkzshh": "31001_1310", "rellage": null, "name": null, "anzahlgs": null, "gmdschl": "05362032", "lagebeztxt": null, "bld area": 11 }, "geometry": { "type": "MultiPolygon", "coordinates": [ [ [ [ 339048.63, 5642229.943 ], [ 339051.174, 5642230.144999999552965 ], [ 339051.183000000019092, 5642230.054999999701977 ], [ 339051.213999999978114, 5642229.558000000193715 ], [ 339051.528999999980442, 5642226.057 ], [ 339049.821, 5642225.893000000156462 ], [ 339049.841000000014901, 5642225.684000000357628 ], [ 339049.849999999976717, 5642225.589999999850988 ], [ 339049.028, 5642225.515999999828637 ], [ 339048.63, 5642229.943 ] ] ] ] } },
{ "type": "Feature", "properties": { "fid": 61359.0, "oid": "DENW41AL30008M03BL", "aktualit": "2024-08-20", "gebnutzbez": "Gebäude", "funktion": "Wohngebäude", "gfkzshh": "31001_1000", "rellage": null, "name": null, "anzahlgs": null, "gmdschl": "05362032", "lagebeztxt": "Merodestraße 10", "bld area": 62 }, "geometry": { "type": "MultiPolygon", "coordinates": [ [ [ [ 339039.090000000025611, 5642198.484000000171363 ], [ 339045.897, 5642199.24100000038743 ], [ 339046.642, 5642193.34499999973923 ], [ 339047.03000000002794, 5642190.273 ], [ 339040.168, 5642189.472 ], [ 339039.816999999980908, 5642192.440999999642372 ], [ 339039.090000000025611, 5642198.484000000171363 ] ] ] ] } },
{ "type": "Feature", "properties": { "fid": 158753.0, "oid": "DENW41AL30008KSOBL", "aktualit": "2024-08-20", "gebnutzbez": "Gebäude", "funktion": "Wohngebäude", "gfkzshh": "31001_1000", "rellage": null, "name": null, "anzahlgs": null, "gmdschl": "05362032", "lagebeztxt": null, "bld area": 52 }, "geometry": { "type": "MultiPolygon", "coordinates": [ [ [ [ 339054.51400000002468, 5642212.721 ], [ 339058.775000000023283, 5642213.257000000216067 ], [ 339059.674, 5642203.349999999627471 ], [ 339059.810999999986961, 5642202.417999999597669 ], [ 339059.927000000025146, 5642201.324 ], [ 339059.717, 5642201.298000000417233 ], [ 339059.740999999979977, 5642201.102 ], [ 339055.617000000027474, 5642200.559000000357628 ], [ 339054.574000000022352, 5642212.296 ], [ 339054.51400000002468, 5642212.721 ] ] ] ] } },
{ "type": "Feature", "properties": { "fid": 273381.0, "oid": "DENW41AL30008KNxBL", "aktualit": "2024-08-20", "gebnutzbez": "Gebäude", "funktion": "Wohngebäude", "gfkzshh": "31001_1000", "rellage": null, "name": null, "anzahlgs": null, "gmdschl": "05362032", "lagebeztxt": "Merodestraße 8", "bld area": 76 }, "geometry": { "type": "MultiPolygon", "coordinates": [ [ [ [ 339051.403999999980442, 5642200.004999999888241 ], [ 339055.617000000027474, 5642200.559000000357628 ], [ 339059.740999999979977, 5642201.102 ], [ 339060.775000000023283, 5642192.443 ], [ 339060.815, 5642192.140999999828637 ], [ 339052.637999999977183, 5642190.962000000290573 ], [ 339051.403999999980442, 5642200.004999999888241 ] ] ] ] } },
{ "type": "Feature", "properties": { "fid": 275364.0, "oid": "DENW41AL30008McvBL", "aktualit": "2024-08-20", "gebnutzbez": "Gebäude", "funktion": "Wohngebäude", "gfkzshh": "31001_1000", "rellage": null, "name": null, "anzahlgs": null, "gmdschl": "05362032", "lagebeztxt": null, "bld area": 1 }, "geometry": { "type": "MultiPolygon", "coordinates": [ [ [ [ 339059.810999999986961, 5642202.417999999597669 ], [ 339060.882999999972526, 5642202.546 ], [ 339060.99900000001071, 5642201.451999999582767 ], [ 339059.927000000025146, 5642201.324 ], [ 339059.810999999986961, 5642202.417999999597669 ] ] ] ] } },
{ "type": "Feature", "properties": { "fid": 275685.0, "oid": "DENW41AL30008MynBL", "aktualit": "2024-08-20", "gebnutzbez": "Gebäude", "funktion": "Wohngebäude", "gfkzshh": "31001_1000", "rellage": null, "name": null, "anzahlgs": null, "gmdschl": "05362032", "lagebeztxt": "Merodestraße 6 a", "bld area": 104 }, "geometry": { "type": "MultiPolygon", "coordinates": [ [ [ [ 339049.821, 5642225.893000000156462 ], [ 339051.528999999980442, 5642226.057 ], [ 339057.517999999981839, 5642226.628999999724329 ], [ 339058.825000000011642, 5642213.259999999776483 ], [ 339058.775000000023283, 5642213.257000000216067 ], [ 339054.51400000002468, 5642212.721 ], [ 339054.574000000022352, 5642212.296 ], [ 339051.343999999982771, 5642211.832999999634922 ], [ 339049.965000000025611, 5642225.600999999791384 ], [ 339049.849999999976717, 5642225.589999999850988 ], [ 339049.841000000014901, 5642225.684000000357628 ], [ 339049.821, 5642225.893000000156462 ] ] ] ] } },
{ "type": "Feature", "properties": { "fid": 61032.0, "oid": "DENW41AL30008LX3BL", "aktualit": "2024-08-20", "gebnutzbez": "Gebäude", "funktion": "Gebäude zum Parken", "gfkzshh": "31001_2460", "rellage": null, "name": null, "anzahlgs": null, "gmdschl": "05362032", "lagebeztxt": null, "bld area": 33 }, "geometry": { "type": "MultiPolygon", "coordinates": [ [ [ [ 338995.507999999972526, 5642269.853000000119209 ], [ 339004.053000000014435, 5642270.434999999590218 ], [ 339004.033, 5642270.725999999791384 ], [ 339005.956, 5642270.865000000223517 ], [ 339006.195, 5642267.531999999657273 ], [ 338995.713999999978114, 5642266.775999999605119 ], [ 338995.507999999972526, 5642269.853000000119209 ] ] ] ] } },
{ "type": "Feature", "properties": { "fid": 273890.0, "oid": "DENW41AL30008KxZBL", "aktualit": "2024-08-20", "gebnutzbez": "Gebäude", "funktion": "Gebäude für Wirtschaft oder Gewerbe", "gfkzshh": "31001_2000", "rellage": null, "name": null, "anzahlgs": null, "gmdschl": "05362032", "lagebeztxt": null, "bld area": 70 }, "geometry": { "type": "MultiPolygon", "coordinates": [ [ [ [ 339008.87300000002142, 5642252.478000000119209 ], [ 339008.908, 5642258.563 ], [ 339020.392, 5642258.496000000275671 ], [ 339020.358, 5642252.411000000312924 ], [ 339008.87300000002142, 5642252.478000000119209 ] ] ] ] } },
{ "type": "Feature", "properties": { "fid": 275832.0, "oid": "DENW41AL30008N8DBL", "aktualit": "2024-08-20", "gebnutzbez": "Gebäude", "funktion": "Wohngebäude", "gfkzshh": "31001_1000", "rellage": null, "name": null, "anzahlgs": null, "gmdschl": "05362032", "lagebeztxt": "Sistenichstraße 71", "bld area": 291 }, "geometry": { "type": "MultiPolygon", "coordinates": [ [ [ [ 338993.608, 5642236.485999999567866 ], [ 338993.78000000002794, 5642263.549999999813735 ], [ 339004.48599999997532, 5642263.496000000275671 ], [ 339004.407, 5642241.389000000432134 ], [ 339004.267999999981839, 5642241.389999999664724 ], [ 339004.231000000028871, 5642236.343999999575317 ], [ 339004.113000000012107, 5642236.346 ], [ 338993.608, 5642236.485999999567866 ] ] ] ] } },
{ "type": "Feature", "properties": { "fid": 160445.0, "oid": "DENW41AL30008NqTBL", "aktualit": "2024-08-20", "gebnutzbez": "Gebäude", "funktion": "Wohngebäude", "gfkzshh": "31001_1000", "rellage": null, "name": null, "anzahlgs": null, "gmdschl": "05362032", "lagebeztxt": "Sistenichstraße 71 a", "bld area": 54 }, "geometry": { "type": "MultiPolygon", "coordinates": [ [ [ [ 339038.450000000011642, 5642265.934000000357628 ], [ 339043.295999999972992, 5642266.298000000417233 ], [ 339044.24900000001071, 5642253.554999999701977 ], [ 339044.098999999987427, 5642253.536000000312924 ], [ 339043.957, 5642255.434999999590218 ], [ 339039.651000000012573, 5642255.123999999836087 ], [ 339039.794, 5642253.21999999973923 ], [ 339039.403999999980442, 5642253.191999999806285 ], [ 339039.261, 5642255.096 ], [ 339038.607000000018161, 5642263.831000000238419 ], [ 339038.450000000011642, 5642265.934000000357628 ] ] ] ] } },
{ "type": "Feature", "properties": { "fid": 275670.0, "oid": "DENW41AL30008MxxBL", "aktualit": "2024-08-20", "gebnutzbez": "Gebäude", "funktion": "Wohngebäude", "gfkzshh": "31001_1000", "rellage": null, "name": null, "anzahlgs": null, "gmdschl": "05362032", "lagebeztxt": "Sistenichstraße 71 b", "bld area": 51 }, "geometry": { "type": "MultiPolygon", "coordinates": [ [ [ [ 339043.295999999972992, 5642266.298000000417233 ], [ 339047.933000000019092, 5642266.626000000163913 ], [ 339048.897, 5642253.882000000216067 ], [ 339048.734, 5642253.876000000163913 ], [ 339048.592, 5642255.770999999716878 ], [ 339044.276000000012573, 5642255.457999999634922 ], [ 339044.419, 5642253.559000000357628 ], [ 339044.24900000001071, 5642253.554999999701977 ], [ 339043.295999999972992, 5642266.298000000417233 ] ] ] ] } },
{ "type": "Feature", "properties": { "fid": 63119.0, "oid": "DENW41AL30008OW1BL", "aktualit": "2024-08-20", "gebnutzbez": "Gebäude", "funktion": "Wohngebäude", "gfkzshh": "31001_1000", "rellage": null, "name": null, "anzahlgs": null, "gmdschl": "05362032", "lagebeztxt": "Sistenichstraße 71 c", "bld area": 51 }, "geometry": { "type": "MultiPolygon", "coordinates": [ [ [ [ 339047.933000000019092, 5642266.626000000163913 ], [ 339052.569000000017695, 5642266.96100000012666 ], [ 339053.544999999983702, 5642254.214999999850988 ], [ 339053.379000000015367, 5642254.217000000178814 ], [ 339053.237000000022817, 5642256.106999999843538 ], [ 339048.911000000021886, 5642255.793999999761581 ], [ 339049.054, 5642253.900000000372529 ], [ 339048.897, 5642253.882000000216067 ], [ 339047.933000000019092, 5642266.626000000163913 ] ] ] ] } },
{ "type": "Feature", "properties": { "fid": 160866.0, "oid": "DENW41AL30008Oh3BL", "aktualit": "2024-08-20", "gebnutzbez": "Gebäude", "funktion": "Gebäude zum Parken", "gfkzshh": "31001_2460", "rellage": null, "name": null, "anzahlgs": null, "gmdschl": "05362032", "lagebeztxt": null, "bld area": 40 }, "geometry": { "type": "MultiPolygon", "coordinates": [ [ [ [ 339010.737000000022817, 5642219.183000000193715 ], [ 339017.378000000026077, 5642219.29 ], [ 339017.487000000022817, 5642213.309999999590218 ], [ 339010.843999999982771, 5642213.193 ], [ 339010.737000000022817, 5642219.183000000193715 ] ] ] ] } },
{ "type": "Feature", "properties": { "fid": 273914.0, "oid": "DENW41AL30008LAiBL", "aktualit": "2024-08-20", "gebnutzbez": "Gebäude", "funktion": "Gebäude zum Parken", "gfkzshh": "31001_2460", "rellage": null, "name": null, "anzahlgs": null, "gmdschl": "05362032", "lagebeztxt": null, "bld area": 119 }, "geometry": { "type": "MultiPolygon", "coordinates": [ [ [ [ 339017.378000000026077, 5642219.29 ], [ 339037.082999999984168, 5642219.614 ], [ 339037.62699999997858, 5642213.644000000320375 ], [ 339017.487000000022817, 5642213.309999999590218 ], [ 339017.378000000026077, 5642219.29 ] ] ] ] } },
{ "type": "Feature", "properties": { "fid": 277350.0, "oid": "DENW41AL30008OmlBL", "aktualit": "2024-08-20", "gebnutzbez": "Gebäude", "funktion": "Gebäude zum Parken", "gfkzshh": "31001_2460", "rellage": null, "name": null, "anzahlgs": null, "gmdschl": "05362032", "lagebeztxt": null, "bld area": 19 }, "geometry": { "type": "MultiPolygon", "coordinates": [ [ [ [ 338677.082, 5642623.735999999567866 ], [ 338679.694000000017695, 5642625.119 ], [ 338682.778, 5642619.360000000335276 ], [ 338680.189000000013039, 5642617.989 ], [ 338677.082, 5642623.735999999567866 ] ] ] ] } },
{ "type": "Feature", "properties": { "fid": 60583.0, "oid": "DENW41AL30008KszBL", "aktualit": "2024-08-20", "gebnutzbez": "Gebäude", "funktion": "Wohngebäude", "gfkzshh": "31001_1000", "rellage": null, "name": null, "anzahlgs": null, "gmdschl": "05362032", "lagebeztxt": "Friedrich-Ebert-Platz 2", "bld area": 238 }, "geometry": { "type": "MultiPolygon", "coordinates": [ [ [ [ 339048.645000000018626, 5642441.649000000208616 ], [ 339061.096000000019558, 5642442.314000000245869 ], [ 339062.120999999984633, 5642423.228000000119209 ], [ 339049.663, 5642422.562 ], [ 339048.645000000018626, 5642441.649000000208616 ] ] ] ] } },
{ "type": "Feature", "properties": { "fid": 63069.0, "oid": "DENW41AL30008ORHBL", "aktualit": "2024-08-20", "gebnutzbez": "Gebäude", "funktion": "Gebäude zum Parken", "gfkzshh": "31001_2460", "rellage": null, "name": null, "anzahlgs": null, "gmdschl": "05362032", "lagebeztxt": null, "bld area": 96 }, "geometry": { "type": "MultiPolygon", "coordinates": [ [ [ [ 339027.436999999976251, 5642440.511 ], [ 339042.473999999987427, 5642441.31900000013411 ], [ 339043.452, 5642441.371000000275671 ], [ 339043.474999999976717, 5642435.338999999687076 ], [ 339027.504000000015367, 5642434.507000000216067 ], [ 339027.436999999976251, 5642440.511 ] ] ] ] } },
{ "type": "Feature", "properties": { "fid": 159812.0, "oid": "DENW41AL30008MaSBL", "aktualit": "2024-08-20", "gebnutzbez": "Gebäude", "funktion": "Wohngebäude", "gfkzshh": "31001_1000", "rellage": null, "name": null, "anzahlgs": null, "gmdschl": "05362032", "lagebeztxt": "Friedrich-Ebert-Platz 4", "bld area": 280 }, "geometry": { "type": "MultiPolygon", "coordinates": [ [ [ [ 339046.987000000022817, 5642473.740000000223517 ], [ 339059.364, 5642474.403 ], [ 339060.043, 5642461.929999999701977 ], [ 339060.576, 5642451.985000000335276 ], [ 339048.092, 5642451.320000000298023 ], [ 339046.987000000022817, 5642473.740000000223517 ] ] ] ] } },
{ "type": "Feature", "properties": { "fid": 273013.0, "oid": "DENW41AL30008JxLBL", "aktualit": "2024-08-20", "gebnutzbez": "Gebäude", "funktion": "Wohngebäude", "gfkzshh": "31001_1000", "rellage": null, "name": null, "anzahlgs": null, "gmdschl": "05362032", "lagebeztxt": "Friedrich-Ebert-Platz 3", "bld area": 121 }, "geometry": { "type": "MultiPolygon", "coordinates": [ [ [ [ 339048.092, 5642451.320000000298023 ], [ 339060.576, 5642451.985000000335276 ], [ 339061.096000000019558, 5642442.314000000245869 ], [ 339048.645000000018626, 5642441.649000000208616 ], [ 339048.092, 5642451.320000000298023 ] ] ] ] } },
{ "type": "Feature", "properties": { "fid": 273348.0, "oid": "DENW41AL30008KLCBL", "aktualit": "2024-08-20", "gebnutzbez": "Gebäude", "funktion": "Gebäude zum Parken", "gfkzshh": "31001_2460", "rellage": null, "name": null, "anzahlgs": null, "gmdschl": "05362032", "lagebeztxt": null, "bld area": 79 }, "geometry": { "type": "MultiPolygon", "coordinates": [ [ [ [ 339027.436999999976251, 5642440.511 ], [ 339027.49, 5642445.848000000230968 ], [ 339042.191999999980908, 5642446.627000000327826 ], [ 339042.473999999987427, 5642441.31900000013411 ], [ 339027.436999999976251, 5642440.511 ] ] ] ] } },
{ "type": "Feature", "properties": { "fid": 62608.0, "oid": "DENW41AL30008NnNBL", "aktualit": "2024-08-20", "gebnutzbez": "Gebäude", "funktion": "Wohngebäude", "gfkzshh": "31001_1000", "rellage": null, "name": null, "anzahlgs": null, "gmdschl": "05362032", "lagebeztxt": "Friedrich-Ebert-Platz 1", "bld area": 238 }, "geometry": { "type": "MultiPolygon", "coordinates": [ [ [ [ 339049.663, 5642422.562 ], [ 339062.120999999984633, 5642423.228000000119209 ], [ 339062.135, 5642422.974999999627471 ], [ 339063.108, 5642404.119 ], [ 339050.683000000019092, 5642403.454 ], [ 339049.663, 5642422.562 ] ] ] ] } },
{ "type": "Feature", "properties": { "fid": 158685.0, "oid": "DENW41AL30008KK1BL", "aktualit": "2024-08-20", "gebnutzbez": "Gebäude", "funktion": "Gebäude zum Parken", "gfkzshh": "31001_2460", "rellage": null, "name": null, "anzahlgs": null, "gmdschl": "05362032", "lagebeztxt": null, "bld area": 189 }, "geometry": { "type": "MultiPolygon", "coordinates": [ [ [ [ 339027.518999999971129, 5642424.536999999545515 ], [ 339043.507999999972526, 5642425.292000000365078 ], [ 339043.554, 5642413.43099999986589 ], [ 339027.581, 5642412.729000000283122 ], [ 339027.575000000011642, 5642413.178000000305474 ], [ 339027.538, 5642421.053999999538064 ], [ 339027.518999999971129, 5642424.536999999545515 ] ] ] ] } },
{ "type": "Feature", "properties": { "fid": 160578.0, "oid": "DENW41AL30008O7tBL", "aktualit": "2024-08-20", "gebnutzbez": "Gebäude", "funktion": "Gebäude zum Parken", "gfkzshh": "31001_2460", "rellage": null, "name": null, "anzahlgs": null, "gmdschl": "05362032", "lagebeztxt": null, "bld area": 46 }, "geometry": { "type": "MultiPolygon", "coordinates": [ [ [ [ 339027.521, 5642454.859000000171363 ], [ 339027.564000000013039, 5642459.951999999582767 ], [ 339027.565, 5642460.213000000454485 ], [ 339036.093999999982771, 5642460.66399999987334 ], [ 339036.297000000020489, 5642455.343999999575317 ], [ 339027.521, 5642454.859000000171363 ] ] ] ] } },
{ "type": "Feature", "properties": { "fid": 61128.0, "oid": "DENW41AL30008LgPBL", "aktualit": "2024-08-20", "gebnutzbez": "Gebäude", "funktion": "Gemischt genutztes Gebäude mit Wohnen", "gfkzshh": "31001_1100", "rellage": null, "name": null, "anzahlgs": null, "gmdschl": "05362032", "lagebeztxt": "Hauptstraße 177", "bld area": 143 }, "geometry": { "type": "MultiPolygon", "coordinates": [ [ [ [ 339071.863000000012107, 5642719.423999999649823 ], [ 339085.363000000012107, 5642724.769000000320375 ], [ 339088.309, 5642725.935999999754131 ], [ 339088.365, 5642725.798999999649823 ], [ 339088.827, 5642724.614 ], [ 339089.974999999976717, 5642721.67 ], [ 339082.341000000014901, 5642718.92200000025332 ], [ 339084.858, 5642712.574 ], [ 339075.966000000014901, 5642709.051 ], [ 339071.922000000020489, 5642719.275000000372529 ], [ 339071.863000000012107, 5642719.423999999649823 ] ] ] ] } },
{ "type": "Feature", "properties": { "fid": 159466.0, "oid": "DENW41AL30008LtyBL", "aktualit": "2024-08-20", "gebnutzbez": "Gebäude", "funktion": "Gebäude für Land- und Forstwirtschaft", "gfkzshh": "31001_2700", "rellage": null, "name": null, "anzahlgs": null, "gmdschl": "05362032", "lagebeztxt": null, "bld area": 3 }, "geometry": { "type": "MultiPolygon", "coordinates": [ [ [ [ 339088.365, 5642725.798999999649823 ], [ 339090.689000000013039, 5642726.71999999973923 ], [ 339091.196999999985565, 5642725.440999999642372 ], [ 339088.827, 5642724.614 ], [ 339088.365, 5642725.798999999649823 ] ] ] ] } },
{ "type": "Feature", "properties": { "fid": 273111.0, "oid": "DENW41AL30008K4pBL", "aktualit": "2024-08-20", "gebnutzbez": "Gebäude", "funktion": "Gebäude für Wirtschaft oder Gewerbe", "gfkzshh": "31001_2000", "rellage": null, "name": null, "anzahlgs": null, "gmdschl": "05362032", "lagebeztxt": null, "bld area": 67 }, "geometry": { "type": "MultiPolygon", "coordinates": [ [ [ [ 339082.341000000014901, 5642718.92200000025332 ], [ 339089.974999999976717, 5642721.67 ], [ 339090.62599999998929, 5642720.006 ], [ 339093.15500000002794, 5642720.997999999672174 ], [ 339094.897999999986496, 5642716.54700000025332 ], [ 339092.897, 5642715.756 ], [ 339084.858, 5642712.574 ], [ 339082.341000000014901, 5642718.92200000025332 ] ] ] ] } },
{ "type": "Feature", "properties": { "fid": 274352.0, "oid": "DENW41AL30008LSdBL", "aktualit": "2024-08-20", "gebnutzbez": "Gebäude", "funktion": "Wohngebäude", "gfkzshh": "31001_1000", "rellage": null, "name": null, "anzahlgs": null, "gmdschl": "05362032", "lagebeztxt": null, "bld area": 135 }, "geometry": { "type": "MultiPolygon", "coordinates": [ [ [ [ 339075.966000000014901, 5642709.051 ], [ 339084.858, 5642712.574 ], [ 339092.897, 5642715.756 ], [ 339095.62599999998929, 5642708.850999999791384 ], [ 339078.691, 5642702.156999999657273 ], [ 339075.966000000014901, 5642709.051 ] ] ] ] } },
{ "type": "Feature", "properties": { "fid": 277003.0, "oid": "DENW41AL30008OPYBL", "aktualit": "2024-08-20", "gebnutzbez": "Gebäude", "funktion": "Gebäude für Wirtschaft oder Gewerbe", "gfkzshh": "31001_2000", "rellage": null, "name": null, "anzahlgs": null, "gmdschl": "05362032", "lagebeztxt": null, "bld area": 40 }, "geometry": { "type": "MultiPolygon", "coordinates": [ [ [ [ 339090.689000000013039, 5642726.71999999973923 ], [ 339096.755, 5642729.126000000163913 ], [ 339099.275000000023283, 5642723.20299999974668 ], [ 339094.047000000020489, 5642721.263000000268221 ], [ 339093.473, 5642722.700000000186265 ], [ 339093.212999999988824, 5642722.596 ], [ 339093.080000000016298, 5642722.929999999701977 ], [ 339092.321, 5642722.627000000327826 ], [ 339091.196999999985565, 5642725.440999999642372 ], [ 339090.689000000013039, 5642726.71999999973923 ] ] ] ] } },
{ "type": "Feature", "properties": { "fid": 61080.0, "oid": "DENW41AL30008LbUBL", "aktualit": "2024-08-20", "gebnutzbez": "Gebäude", "funktion": "Wohngebäude", "gfkzshh": "31001_1000", "rellage": null, "name": null, "anzahlgs": null, "gmdschl": "05362032", "lagebeztxt": null, "bld area": 12 }, "geometry": { "type": "MultiPolygon", "coordinates": [ [ [ [ 339094.847, 5642704.71100000012666 ], [ 339097.193000000028405, 5642705.643000000156462 ], [ 339098.936999999976251, 5642701.221 ], [ 339096.615, 5642700.299999999813735 ], [ 339094.847, 5642704.71100000012666 ] ] ] ] } },
{ "type": "Feature", "properties": { "fid": 61778.0, "oid": "DENW41AL30008MbVBL", "aktualit": "2024-08-20", "gebnutzbez": "Gebäude", "funktion": "Gemischt genutztes Gebäude mit Wohnen", "gfkzshh": "31001_1100", "rellage": null, "name": null, "anzahlgs": null, "gmdschl": "05362032", "lagebeztxt": "Hauptstraße 183", "bld area": 155 }, "geometry": { "type": "MultiPolygon", "coordinates": [ [ [ [ 339086.283999999985099, 5642690.562 ], [ 339088.327, 5642691.372999999672174 ], [ 339096.341000000014901, 5642694.545 ], [ 339105.213999999978114, 5642698.070000000298023 ], [ 339107.025000000023283, 5642693.519999999552965 ], [ 339098.194000000017695, 5642690.0 ], [ 339100.079000000027008, 5642685.286000000312924 ], [ 339100.007999999972526, 5642685.25899999961257 ], [ 339090.076, 5642681.314000000245869 ], [ 339086.283999999985099, 5642690.562 ] ] ] ] } },
{ "type": "Feature", "properties": { "fid": 158287.0, "oid": "DENW41AL30008JXeBL", "aktualit": "2024-08-20", "gebnutzbez": "Gebäude", "funktion": "Wohngebäude", "gfkzshh": "31001_1000", "rellage": null, "name": null, "anzahlgs": null, "gmdschl": "05362032", "lagebeztxt": "Hauptstraße 185", "bld area": 121 }, "geometry": { "type": "MultiPolygon", "coordinates": [ [ [ [ 339090.076, 5642681.314000000245869 ], [ 339100.007999999972526, 5642685.25899999961257 ], [ 339101.560999999986961, 5642681.270999999716878 ], [ 339102.552000000025146, 5642681.656000000424683 ], [ 339104.865999999979977, 5642675.671 ], [ 339102.465000000025611, 5642674.71999999973923 ], [ 339093.963999999978114, 5642671.354000000283122 ], [ 339090.076, 5642681.314000000245869 ] ] ] ] } },
{ "type": "Feature", "properties": { "fid": 272106.0, "oid": "DENW41AL2cv0002GBL", "aktualit": "2024-08-20", "gebnutzbez": "Gebäude", "funktion": "Wohngebäude", "gfkzshh": "31001_1000", "rellage": null, "name": null, "anzahlgs": null, "gmdschl": "05362032", "lagebeztxt": null, "bld area": 90 }, "geometry": { "type": "MultiPolygon", "coordinates": [ [ [ [ 339094.403, 5642699.208999999798834 ], [ 339096.699000000022352, 5642700.088000000454485 ], [ 339096.615, 5642700.299999999813735 ], [ 339098.936999999976251, 5642701.221 ], [ 339097.193000000028405, 5642705.643000000156462 ], [ 339103.193000000028405, 5642708.021999999880791 ], [ 339106.87699999997858, 5642698.730000000447035 ], [ 339105.213999999978114, 5642698.070000000298023 ], [ 339096.341000000014901, 5642694.545 ], [ 339094.403, 5642699.208999999798834 ] ] ] ] } },
{ "type": "Feature", "properties": { "fid": 276800.0, "oid": "DENW41AL30008OChBL", "aktualit": "2024-08-20", "gebnutzbez": "Gebäude", "funktion": "Wohngebäude", "gfkzshh": "31001_1000", "rellage": null, "name": null, "anzahlgs": null, "gmdschl": "05362032", "lagebeztxt": "Hauptstraße 181", "bld area": 113 }, "geometry": { "type": "MultiPolygon", "coordinates": [ [ [ [ 339081.837999999988824, 5642699.553000000305474 ], [ 339094.847, 5642704.71100000012666 ], [ 339096.615, 5642700.299999999813735 ], [ 339096.699000000022352, 5642700.088000000454485 ], [ 339094.403, 5642699.208999999798834 ], [ 339096.341000000014901, 5642694.545 ], [ 339088.327, 5642691.372999999672174 ], [ 339086.577999999979511, 5642695.958999999798834 ], [ 339083.76500000001397, 5642694.815999999642372 ], [ 339081.837999999988824, 5642699.553000000305474 ] ] ] ] } },
{ "type": "Feature", "properties": { "fid": 59743.0, "oid": "DENW41AL30008JilBL", "aktualit": "2024-08-20", "gebnutzbez": "Gebäude", "funktion": "Wohngebäude", "gfkzshh": "31001_1000", "rellage": null, "name": null, "anzahlgs": null, "gmdschl": "05362032", "lagebeztxt": "Merodestraße 12", "bld area": 200 }, "geometry": { "type": "MultiPolygon", "coordinates": [ [ [ [ 339018.098999999987427, 5642199.67200000025332 ], [ 339038.701, 5642201.975999999791384 ], [ 339038.808000000019092, 5642200.815000000409782 ], [ 339039.090000000025611, 5642198.484000000171363 ], [ 339039.816999999980908, 5642192.440999999642372 ], [ 339019.11099999997532, 5642190.099999999627471 ], [ 339018.098999999987427, 5642199.67200000025332 ] ] ] ] } },
{ "type": "Feature", "properties": { "fid": 160627.0, "oid": "DENW41AL30008OD5BL", "aktualit": "2024-08-20", "gebnutzbez": "Gebäude", "funktion": "Wohngebäude", "gfkzshh": "31001_1000", "rellage": null, "name": null, "anzahlgs": null, "gmdschl": "05362032", "lagebeztxt": "Sistenichstraße 71 d", "bld area": 54 }, "geometry": { "type": "MultiPolygon", "coordinates": [ [ [ [ 339052.569000000017695, 5642266.96100000012666 ], [ 339057.427000000025146, 5642267.332999999634922 ], [ 339057.587, 5642265.228000000119209 ], [ 339058.25099999998929, 5642256.46999999973923 ], [ 339058.392999999981839, 5642254.585 ], [ 339058.004000000015367, 5642254.557 ], [ 339057.862000000022817, 5642256.441999999806285 ], [ 339053.555999999982305, 5642256.131 ], [ 339053.697999999974854, 5642254.240000000223517 ], [ 339053.544999999983702, 5642254.214999999850988 ], [ 339052.569000000017695, 5642266.96100000012666 ] ] ] ] } },
{ "type": "Feature", "properties": { "fid": 158323.0, "oid": "DENW41AL30008JcIBL", "aktualit": "2024-08-20", "gebnutzbez": "Gebäude", "funktion": "Gemischt genutztes Gebäude mit Wohnen", "gfkzshh": "31001_1100", "rellage": null, "name": null, "anzahlgs": null, "gmdschl": "05362032", "lagebeztxt": "Hauptstraße 186", "bld area": 202 }, "geometry": { "type": "MultiPolygon", "coordinates": [ [ [ [ 339072.206, 5642662.286999999545515 ], [ 339074.223999999987427, 5642653.57799999974668 ], [ 339075.596659564587753, 5642653.900586121715605 ], [ 339076.418601147830486, 5642652.565498688258231 ], [ 339076.813000000023749, 5642650.904 ], [ 339076.358, 5642650.796 ], [ 339076.186999999976251, 5642650.753999999724329 ], [ 339062.146, 5642647.28899999987334 ], [ 339059.994, 5642646.761 ], [ 339059.233, 5642649.862999999895692 ], [ 339060.398999999975786, 5642650.139999999664724 ], [ 339058.087999999988824, 5642660.296 ], [ 339071.892, 5642663.612999999895692 ], [ 339072.206, 5642662.286999999545515 ] ] ] ] } },
{ "type": "Feature", "properties": { "fid": 273142.0, "oid": "DENW41AL30008K6kBL", "aktualit": "2024-08-20", "gebnutzbez": "Gebäude", "funktion": "Gebäude für Wirtschaft oder Gewerbe", "gfkzshh": "31001_2000", "rellage": null, "name": null, "anzahlgs": null, "gmdschl": "05362032", "lagebeztxt": null, "bld area": 153 }, "geometry": { "type": "MultiPolygon", "coordinates": [ [ [ [ 339046.830000000016298, 5642657.59499999973923 ], [ 339056.332, 5642659.876000000163913 ], [ 339058.087999999988824, 5642660.296 ], [ 339060.398999999975786, 5642650.139999999664724 ], [ 339059.233, 5642649.862999999895692 ], [ 339059.994, 5642646.761 ], [ 339050.006, 5642644.298000000417233 ], [ 339046.830000000016298, 5642657.59499999973923 ] ] ] ] } },
{ "type": "Feature", "properties": { "fid": 62942.0, "oid": "DENW41AL30008OGaBL", "aktualit": "2024-08-20", "gebnutzbez": "Gebäude", "funktion": "Gemischt genutztes Gebäude mit Wohnen", "gfkzshh": "31001_1100", "rellage": null, "name": null, "anzahlgs": null, "gmdschl": "05362032", "lagebeztxt": "Merkurweg 17", "bld area": 119 }, "geometry": { "type": "MultiPolygon", "coordinates": [ [ [ [ 339009.832999999984168, 5642658.792999999597669 ], [ 339021.413999999989755, 5642661.787999999709427 ], [ 339022.222, 5642658.326000000350177 ], [ 339023.69, 5642652.036999999545515 ], [ 339012.053000000014435, 5642649.24100000038743 ], [ 339010.585000000020955, 5642655.549999999813735 ], [ 339009.832999999984168, 5642658.792999999597669 ] ] ] ] } },
{ "type": "Feature", "properties": { "fid": 159873.0, "oid": "DENW41AL30008MhkBL", "aktualit": "2024-08-20", "gebnutzbez": "Gebäude", "funktion": "Gebäude zum Parken", "gfkzshh": "31001_2460", "rellage": null, "name": null, "anzahlgs": null, "gmdschl": "05362032", "lagebeztxt": null, "bld area": 32 }, "geometry": { "type": "MultiPolygon", "coordinates": [ [ [ [ 338905.681999999971595, 5642344.251000000163913 ], [ 338910.849999999976717, 5642344.372999999672174 ], [ 338911.003000000026077, 5642338.115000000223517 ], [ 338905.85999999998603, 5642337.979000000283122 ], [ 338905.681999999971595, 5642344.251000000163913 ] ] ] ] } },
{ "type": "Feature", "properties": { "fid": 272409.0, "oid": "DENW41AL30008JI7BL", "aktualit": "2024-08-20", "gebnutzbez": "Gebäude", "funktion": "Gebäude zum Parken", "gfkzshh": "31001_2460", "rellage": null, "name": null, "anzahlgs": null, "gmdschl": "05362032", "lagebeztxt": null, "bld area": 33 }, "geometry": { "type": "MultiPolygon", "coordinates": [ [ [ [ 338875.179, 5642343.637000000104308 ], [ 338880.381, 5642343.761 ], [ 338880.527, 5642337.312 ], [ 338875.375, 5642337.16399999987334 ], [ 338875.179, 5642343.637000000104308 ] ] ] ] } },
{ "type": "Feature", "properties": { "fid": 273150.0, "oid": "DENW41AL30008K7KBL", "aktualit": "2024-08-20", "gebnutzbez": "Gebäude", "funktion": "Wohngebäude", "gfkzshh": "31001_1000", "rellage": null, "name": null, "anzahlgs": null, "gmdschl": "05362032", "lagebeztxt": "Grabenweg 10, 12", "bld area": 220 }, "geometry": { "type": "MultiPolygon", "coordinates": [ [ [ [ 338880.26400000002468, 5642349.178999999538064 ], [ 338900.379000000015367, 5642349.735999999567866 ], [ 338900.537000000011176, 5642344.167000000365078 ], [ 338900.723999999987427, 5642337.860000000335276 ], [ 338900.728, 5642337.74100000038743 ], [ 338900.359, 5642337.730000000447035 ], [ 338900.319000000017695, 5642339.218999999575317 ], [ 338885.745, 5642338.833999999798834 ], [ 338885.783999999985099, 5642337.347 ], [ 338880.528999999980442, 5642337.21100000012666 ], [ 338880.527, 5642337.312 ], [ 338880.381, 5642343.761 ], [ 338880.26400000002468, 5642349.178999999538064 ] ] ] ] } },
{ "type": "Feature", "properties": { "fid": 277529.0, "oid": "DENW41AL30008OytBL", "aktualit": "2024-08-20", "gebnutzbez": "Gebäude", "funktion": "Gebäude zum Parken", "gfkzshh": "31001_2460", "rellage": null, "name": null, "anzahlgs": null, "gmdschl": "05362032", "lagebeztxt": null, "bld area": 32 }, "geometry": { "type": "MultiPolygon", "coordinates": [ [ [ [ 338900.537000000011176, 5642344.167000000365078 ], [ 338905.681999999971595, 5642344.251000000163913 ], [ 338905.85999999998603, 5642337.979000000283122 ], [ 338900.723999999987427, 5642337.860000000335276 ], [ 338900.537000000011176, 5642344.167000000365078 ] ] ] ] } },
{ "type": "Feature", "properties": { "fid": 60825.0, "oid": "DENW41AL30008LEtBL", "aktualit": "2024-08-20", "gebnutzbez": "Gebäude", "funktion": "Gebäude zum Parken", "gfkzshh": "31001_2460", "rellage": null, "name": null, "anzahlgs": null, "gmdschl": "05362032", "lagebeztxt": null, "bld area": 16 }, "geometry": { "type": "MultiPolygon", "coordinates": [ [ [ [ 338830.740999999979977, 5642369.756 ], [ 338836.098999999987427, 5642369.838000000454485 ], [ 338836.142999999981839, 5642366.946999999694526 ], [ 338830.805999999982305, 5642366.835 ], [ 338830.740999999979977, 5642369.756 ] ] ] ] } },
{ "type": "Feature", "properties": { "fid": 61090.0, "oid": "DENW41AL30008LcGBL", "aktualit": "2024-08-20", "gebnutzbez": "Gebäude", "funktion": "Gebäude zum Parken", "gfkzshh": "31001_2460", "rellage": null, "name": null, "anzahlgs": null, "gmdschl": "05362032", "lagebeztxt": null, "bld area": 15 }, "geometry": { "type": "MultiPolygon", "coordinates": [ [ [ [ 338830.805999999982305, 5642366.835 ], [ 338836.142999999981839, 5642366.946999999694526 ], [ 338836.200000000011642, 5642364.057 ], [ 338830.87, 5642363.934000000357628 ], [ 338830.805999999982305, 5642366.835 ] ] ] ] } },
{ "type": "Feature", "properties": { "fid": 62110.0, "oid": "DENW41AL30008N5jBL", "aktualit": "2024-08-20", "gebnutzbez": "Gebäude", "funktion": "Gebäude zum Parken", "gfkzshh": "31001_2460", "rellage": null, "name": null, "anzahlgs": null, "gmdschl": "05362032", "lagebeztxt": null, "bld area": 15 }, "geometry": { "type": "MultiPolygon", "coordinates": [ [ [ [ 338841.696999999985565, 5642343.33600000012666 ], [ 338844.487000000022817, 5642343.43099999986589 ], [ 338844.666000000026543, 5642338.129999999888241 ], [ 338841.875, 5642338.036999999545515 ], [ 338841.696999999985565, 5642343.33600000012666 ] ] ] ] } },
{ "type": "Feature", "properties": { "fid": 63166.0, "oid": "DENW41AL30008OZzBL", "aktualit": "2024-08-20", "gebnutzbez": "Gebäude", "funktion": "Gebäude zum Parken", "gfkzshh": "31001_2460", "rellage": null, "name": null, "anzahlgs": null, "gmdschl": "05362032", "lagebeztxt": null, "bld area": 15 }, "geometry": { "type": "MultiPolygon", "coordinates": [ [ [ [ 338836.107000000018161, 5642343.145999999716878 ], [ 338838.907, 5642343.24199999962002 ], [ 338839.085000000020955, 5642337.946000000461936 ], [ 338836.287000000011176, 5642337.853000000119209 ], [ 338836.107000000018161, 5642343.145999999716878 ] ] ] ] } },
{ "type": "Feature", "properties": { "fid": 63349.0, "oid": "DENW41AL30008OpGBL", "aktualit": "2024-08-20", "gebnutzbez": "Gebäude", "funktion": "Wohngebäude", "gfkzshh": "31001_1000", "rellage": null, "name": null, "anzahlgs": null, "gmdschl": "05362032", "lagebeztxt": "Grabenweg 14", "bld area": 153 }, "geometry": { "type": "MultiPolygon", "coordinates": [ [ [ [ 338861.593, 5642354.957999999634922 ], [ 338866.288999999989755, 5642355.110000000335276 ], [ 338870.559, 5642355.239 ], [ 338871.086000000010245, 5642337.934999999590218 ], [ 338862.881999999983236, 5642337.653 ], [ 338862.762999999977183, 5642341.214999999850988 ], [ 338862.003000000026077, 5642341.190000000409782 ], [ 338861.621999999973923, 5642354.035000000149012 ], [ 338861.593, 5642354.957999999634922 ] ] ] ] } },
{ "type": "Feature", "properties": { "fid": 63401.0, "oid": "DENW41AL30008Ou2BL", "aktualit": "2024-08-20", "gebnutzbez": "Gebäude", "funktion": "Gebäude zum Parken", "gfkzshh": "31001_2460", "rellage": null, "name": null, "anzahlgs": null, "gmdschl": "05362032", "lagebeztxt": null, "bld area": 15 }, "geometry": { "type": "MultiPolygon", "coordinates": [ [ [ [ 338833.267, 5642343.048999999649823 ], [ 338836.107000000018161, 5642343.145999999716878 ], [ 338836.287000000011176, 5642337.853000000119209 ], [ 338833.447999999974854, 5642337.75800000037998 ], [ 338833.267, 5642343.048999999649823 ] ] ] ] } },
{ "type": "Feature", "properties": { "fid": 159925.0, "oid": "DENW41AL30008MndBL", "aktualit": "2024-08-20", "gebnutzbez": "Gebäude", "funktion": "Gebäude zum Parken", "gfkzshh": "31001_2460", "rellage": null, "name": null, "anzahlgs": null, "gmdschl": "05362032", "lagebeztxt": null, "bld area": 15 }, "geometry": { "type": "MultiPolygon", "coordinates": [ [ [ [ 338844.487000000022817, 5642343.43099999986589 ], [ 338847.278, 5642343.525999999605119 ], [ 338847.456, 5642338.222 ], [ 338844.666000000026543, 5642338.129999999888241 ], [ 338844.487000000022817, 5642343.43099999986589 ] ] ] ] } },
{ "type": "Feature", "properties": { "fid": 160461.0, "oid": "DENW41AL30008NsIBL", "aktualit": "2024-08-20", "gebnutzbez": "Gebäude", "funktion": "Gebäude zum Parken", "gfkzshh": "31001_2460", "rellage": null, "name": null, "anzahlgs": null, "gmdschl": "05362032", "lagebeztxt": null, "bld area": 15 }, "geometry": { "type": "MultiPolygon", "coordinates": [ [ [ [ 338838.907, 5642343.24199999962002 ], [ 338841.696999999985565, 5642343.33600000012666 ], [ 338841.875, 5642338.036999999545515 ], [ 338839.085000000020955, 5642337.946000000461936 ], [ 338838.907, 5642343.24199999962002 ] ] ] ] } },
{ "type": "Feature", "properties": { "fid": 274033.0, "oid": "DENW41AL30008L7JBL", "aktualit": "2024-08-20", "gebnutzbez": "Gebäude", "funktion": "Gebäude zum Parken", "gfkzshh": "31001_2460", "rellage": null, "name": null, "anzahlgs": null, "gmdschl": "05362032", "lagebeztxt": null, "bld area": 15 }, "geometry": { "type": "MultiPolygon", "coordinates": [ [ [ [ 338850.069000000017695, 5642343.621000000275671 ], [ 338852.919, 5642343.716 ], [ 338853.093999999982771, 5642338.406999999657273 ], [ 338850.245, 5642338.313 ], [ 338850.069000000017695, 5642343.621000000275671 ] ] ] ] } },
{ "type": "Feature", "properties": { "fid": 277499.0, "oid": "DENW41AL30008Ox0BL", "aktualit": "2024-08-20", "gebnutzbez": "Gebäude", "funktion": "Gebäude zum Parken", "gfkzshh": "31001_2460", "rellage": null, "name": null, "anzahlgs": null, "gmdschl": "05362032", "lagebeztxt": null, "bld area": 15 }, "geometry": { "type": "MultiPolygon", "coordinates": [ [ [ [ 338847.278, 5642343.525999999605119 ], [ 338850.069000000017695, 5642343.621000000275671 ], [ 338850.245, 5642338.313 ], [ 338847.456, 5642338.222 ], [ 338847.278, 5642343.525999999605119 ] ] ] ] } },
{ "type": "Feature", "properties": { "fid": 272774.0, "oid": "DENW41AL30008JhtBL", "aktualit": "2024-08-20", "gebnutzbez": "Gebäude", "funktion": "Gebäude für Wirtschaft oder Gewerbe", "gfkzshh": "31001_2000", "rellage": null, "name": null, "anzahlgs": null, "gmdschl": "05362032", "lagebeztxt": null, "bld area": 100 }, "geometry": { "type": "MultiPolygon", "coordinates": [ [ [ [ 338904.381999999983236, 5642560.031999999657273 ], [ 338904.701, 5642560.04700000025332 ], [ 338915.87599999998929, 5642560.604000000283122 ], [ 338915.945, 5642554.803999999538064 ], [ 338911.055999999982305, 5642554.481999999843538 ], [ 338911.01400000002468, 5642554.480000000447035 ], [ 338911.40500000002794, 5642549.187 ], [ 338905.212999999988824, 5642548.778 ], [ 338904.381999999983236, 5642560.031999999657273 ] ] ] ] } },
{ "type": "Feature", "properties": { "fid": 276310.0, "oid": "DENW41AL30008NfFBL", "aktualit": "2024-08-20", "gebnutzbez": "Gebäude", "funktion": "Wohngebäude", "gfkzshh": "31001_1000", "rellage": null, "name": null, "anzahlgs": null, "gmdschl": "05362032", "lagebeztxt": "Herderstraße 7", "bld area": 127 }, "geometry": { "type": "MultiPolygon", "coordinates": [ [ [ [ 338895.642999999981839, 5642548.146999999880791 ], [ 338905.212999999988824, 5642548.778 ], [ 338911.40500000002794, 5642549.187 ], [ 338911.99800000002142, 5642541.159 ], [ 338896.168, 5642540.13399999961257 ], [ 338895.642999999981839, 5642548.146999999880791 ] ] ] ] } },
{ "type": "Feature", "properties": { "fid": 276750.0, "oid": "DENW41AL30008O9LBL", "aktualit": "2024-08-20", "gebnutzbez": "Gebäude", "funktion": "Gebäude zur Freizeitgestaltung", "gfkzshh": "31001_1310", "rellage": null, "name": null, "anzahlgs": null, "gmdschl": "05362032", "lagebeztxt": null, "bld area": 24 }, "geometry": { "type": "MultiPolygon", "coordinates": [ [ [ [ 338928.794999999983702, 5642551.354000000283122 ], [ 338934.533999999985099, 5642551.484000000171363 ], [ 338934.843, 5642547.458999999798834 ], [ 338929.12400000001071, 5642547.079 ], [ 338928.82, 5642551.045 ], [ 338928.794999999983702, 5642551.354000000283122 ] ] ] ] } },
{ "type": "Feature", "properties": { "fid": 160005.0, "oid": "DENW41AL30008MyLBL", "aktualit": "2024-08-20", "gebnutzbez": "Gebäude", "funktion": "Gebäude zum Parken", "gfkzshh": "31001_2460", "rellage": null, "name": null, "anzahlgs": null, "gmdschl": "05362032", "lagebeztxt": null, "bld area": 27 }, "geometry": { "type": "MultiPolygon", "coordinates": [ [ [ [ 338914.81, 5642527.144000000320375 ], [ 338919.153, 5642527.466 ], [ 338919.539999999979045, 5642522.269999999552965 ], [ 338918.862000000022817, 5642522.225999999791384 ], [ 338918.952, 5642521.023 ], [ 338915.288999999989755, 5642520.668999999761581 ], [ 338914.81, 5642527.144000000320375 ] ] ] ] } },
{ "type": "Feature", "properties": { "fid": 160205.0, "oid": "DENW41AL30008NNTBL", "aktualit": "2024-08-20", "gebnutzbez": "Gebäude", "funktion": "Wohngebäude", "gfkzshh": "31001_1000", "rellage": null, "name": null, "anzahlgs": null, "gmdschl": "05362032", "lagebeztxt": "Adenauerstraße 8", "bld area": 111 }, "geometry": { "type": "MultiPolygon", "coordinates": [ [ [ [ 338894.188000000023749, 5642522.20299999974668 ], [ 338897.452999999979511, 5642522.409 ], [ 338897.552000000025146, 5642520.614 ], [ 338899.891, 5642520.754999999888241 ], [ 338899.761999999987893, 5642522.560999999754131 ], [ 338904.370999999984633, 5642523.007000000216067 ], [ 338904.490999999979977, 5642521.213000000454485 ], [ 338905.136, 5642512.24199999962002 ], [ 338901.433000000019092, 5642511.923000000417233 ], [ 338901.538, 5642510.507000000216067 ], [ 338897.805, 5642510.237999999895692 ], [ 338897.718999999982771, 5642511.623999999836087 ], [ 338894.878000000026077, 5642511.434000000357628 ], [ 338894.188000000023749, 5642522.20299999974668 ] ] ] ] } },
{ "type": "Feature", "properties": { "fid": 160351.0, "oid": "DENW41AL30008NdlBL", "aktualit": "2024-08-20", "gebnutzbez": "Gebäude", "funktion": "Wohngebäude", "gfkzshh": "31001_1000", "rellage": null, "name": null, "anzahlgs": null, "gmdschl": "05362032", "lagebeztxt": "Adenauerstraße 6", "bld area": 69 }, "geometry": { "type": "MultiPolygon", "coordinates": [ [ [ [ 338904.490999999979977, 5642521.213000000454485 ], [ 338911.586000000010245, 5642521.677000000141561 ], [ 338912.393999999971129, 5642511.40500000026077 ], [ 338908.702, 5642511.13300000037998 ], [ 338908.598999999987427, 5642512.54 ], [ 338905.136, 5642512.24199999962002 ], [ 338904.490999999979977, 5642521.213000000454485 ] ] ] ] } },
{ "type": "Feature", "properties": { "fid": 273868.0, "oid": "DENW41AL30008Kw8BL", "aktualit": "2024-08-20", "gebnutzbez": "Gebäude", "funktion": "Gebäude zum Parken", "gfkzshh": "31001_2460", "rellage": null, "name": null, "anzahlgs": null, "gmdschl": "05362032", "lagebeztxt": null, "bld area": 22 }, "geometry": { "type": "MultiPolygon", "coordinates": [ [ [ [ 338898.478, 5642526.536000000312924 ], [ 338904.091000000014901, 5642526.903 ], [ 338904.370999999984633, 5642523.007000000216067 ], [ 338899.761999999987893, 5642522.560999999754131 ], [ 338898.761, 5642522.501000000163913 ], [ 338898.478, 5642526.536000000312924 ] ] ] ] } },
{ "type": "Feature", "properties": { "fid": 60491.0, "oid": "DENW41AL30008KkWBL", "aktualit": "2024-08-20", "gebnutzbez": "Gebäude", "funktion": "Gemischt genutztes Gebäude mit Wohnen", "gfkzshh": "31001_1100", "rellage": null, "name": null, "anzahlgs": null, "gmdschl": "05362032", "lagebeztxt": "Hauptstraße 224", "bld area": 103 }, "geometry": { "type": "MultiPolygon", "coordinates": [ [ [ [ 339108.276000000012573, 5642313.622000000439584 ], [ 339108.324000000022352, 5642318.501000000163913 ], [ 339121.245999999984633, 5642318.375 ], [ 339121.205000000016298, 5642315.753999999724329 ], [ 339120.365999999979977, 5642315.767 ], [ 339120.858, 5642309.372999999672174 ], [ 339110.549, 5642309.480999999679625 ], [ 339110.672000000020489, 5642313.598000000230968 ], [ 339108.276000000012573, 5642313.622000000439584 ] ] ] ] } },
{ "type": "Feature", "properties": { "fid": 63330.0, "oid": "DENW41AL30008Oo0BL", "aktualit": "2024-08-20", "gebnutzbez": "Gebäude", "funktion": "Gemischt genutztes Gebäude mit Wohnen", "gfkzshh": "31001_1100", "rellage": null, "name": null, "anzahlgs": null, "gmdschl": "05362032", "lagebeztxt": "Hauptstraße 222", "bld area": 165 }, "geometry": { "type": "MultiPolygon", "coordinates": [ [ [ [ 339099.398999999975786, 5642318.588000000454485 ], [ 339099.422000000020489, 5642326.093999999575317 ], [ 339121.397999999986496, 5642325.894999999552965 ], [ 339121.295999999972992, 5642318.373999999836087 ], [ 339121.245999999984633, 5642318.375 ], [ 339108.324000000022352, 5642318.501000000163913 ], [ 339099.398999999975786, 5642318.588000000454485 ] ] ] ] } },
{ "type": "Feature", "properties": { "fid": 64064.0, "oid": "DENW41ALqP0000PCBL", "aktualit": "2024-08-20", "gebnutzbez": "Gebäude", "funktion": "Gebäude zum Parken", "gfkzshh": "31001_2460", "rellage": null, "name": null, "anzahlgs": null, "gmdschl": "05362032", "lagebeztxt": null, "bld area": 27 }, "geometry": { "type": "MultiPolygon", "coordinates": [ [ [ [ 339056.651000000012573, 5642322.560999999754131 ], [ 339059.408, 5642322.683000000193715 ], [ 339059.321999999985565, 5642324.90500000026077 ], [ 339062.593999999982771, 5642325.048999999649823 ], [ 339062.854999999981374, 5642319.531000000424683 ], [ 339056.824000000022352, 5642319.256 ], [ 339056.651000000012573, 5642322.560999999754131 ] ] ] ] } },
{ "type": "Feature", "properties": { "fid": 273506.0, "oid": "DENW41AL30008KWnBL", "aktualit": "2024-08-20", "gebnutzbez": "Gebäude", "funktion": "Gemischt genutztes Gebäude mit Wohnen", "gfkzshh": "31001_1100", "rellage": null, "name": null, "anzahlgs": null, "gmdschl": "05362032", "lagebeztxt": "Hauptstraße 220", "bld area": 217 }, "geometry": { "type": "MultiPolygon", "coordinates": [ [ [ [ 339099.422000000020489, 5642326.093999999575317 ], [ 339099.451, 5642335.479000000283122 ], [ 339121.538, 5642336.167999999597669 ], [ 339121.397999999986496, 5642325.894999999552965 ], [ 339099.422000000020489, 5642326.093999999575317 ] ] ] ] } },
{ "type": "Feature", "properties": { "fid": 157187.0, "oid": "DENW41AL1H4000C8BL", "aktualit": "2024-08-20", "gebnutzbez": "Gebäude", "funktion": "Gebäude zum Parken", "gfkzshh": "31001_2460", "rellage": null, "name": null, "anzahlgs": null, "gmdschl": "05362032", "lagebeztxt": null, "bld area": 60 }, "geometry": { "type": "MultiPolygon", "coordinates": [ [ [ [ 339072.356000000028871, 5642334.531999999657273 ], [ 339072.357000000018161, 5642340.954 ], [ 339081.767, 5642341.252999999560416 ], [ 339081.776000000012573, 5642334.826999999582767 ], [ 339072.356000000028871, 5642334.531999999657273 ] ] ] ] } },
{ "type": "Feature", "properties": { "fid": 60543.0, "oid": "DENW41AL30008KpWBL", "aktualit": "2024-08-20", "gebnutzbez": "Gebäude", "funktion": "Gebäude zum Parken", "gfkzshh": "31001_2460", "rellage": null, "name": null, "anzahlgs": null, "gmdschl": "05362032", "lagebeztxt": null, "bld area": 20 }, "geometry": { "type": "MultiPolygon", "coordinates": [ [ [ [ 339038.767, 5642324.04 ], [ 339042.327999999979511, 5642324.201000000350177 ], [ 339042.577, 5642318.642 ], [ 339039.016, 5642318.481999999843538 ], [ 339038.767, 5642324.04 ] ] ] ] } },
{ "type": "Feature", "properties": { "fid": 64063.0, "oid": "DENW41ALqP0000P8BL", "aktualit": "2024-08-20", "gebnutzbez": "Gebäude", "funktion": "Wohngebäude", "gfkzshh": "31001_1000", "rellage": null, "name": null, "anzahlgs": null, "gmdschl": "05362032", "lagebeztxt": "Fischbachstraße 3 a", "bld area": 134 }, "geometry": { "type": "MultiPolygon", "coordinates": [ [ [ [ 339046.213999999978114, 5642332.63399999961257 ], [ 339058.930999999982305, 5642333.204 ], [ 339059.321999999985565, 5642324.90500000026077 ], [ 339059.408, 5642322.683000000193715 ], [ 339056.651000000012573, 5642322.560999999754131 ], [ 339046.704000000027008, 5642322.105999999679625 ], [ 339046.213999999978114, 5642332.63399999961257 ] ] ] ] } },
{ "type": "Feature", "properties": { "fid": 274562.0, "oid": "DENW41AL30008LjhBL", "aktualit": "2024-08-20", "gebnutzbez": "Gebäude", "funktion": "Gebäude zum Parken", "gfkzshh": "31001_2460", "rellage": null, "name": null, "anzahlgs": null, "gmdschl": "05362032", "lagebeztxt": null, "bld area": 25 }, "geometry": { "type": "MultiPolygon", "coordinates": [ [ [ [ 339034.952999999979511, 5642324.892 ], [ 339038.723, 5642325.053000000305474 ], [ 339038.767, 5642324.04 ], [ 339039.016, 5642318.481999999843538 ], [ 339035.234, 5642318.320000000298023 ], [ 339034.952999999979511, 5642324.892 ] ] ] ] } },
{ "type": "Feature", "properties": { "fid": 60027.0, "oid": "DENW41AL30008K6UBL", "aktualit": "2024-08-20", "gebnutzbez": "Gebäude", "funktion": "Wohngebäude", "gfkzshh": "31001_1000", "rellage": null, "name": null, "anzahlgs": null, "gmdschl": "05362032", "lagebeztxt": null, "bld area": 20 }, "geometry": { "type": "MultiPolygon", "coordinates": [ [ [ [ 339111.892, 5642345.980000000447035 ], [ 339118.087999999988824, 5642345.995000000111759 ], [ 339118.09499999997206, 5642342.812 ], [ 339111.907, 5642342.825000000186265 ], [ 339111.896, 5642344.56900000013411 ], [ 339111.892, 5642345.980000000447035 ] ] ] ] } },
{ "type": "Feature", "properties": { "fid": 62158.0, "oid": "DENW41AL30008NA1BL", "aktualit": "2024-08-20", "gebnutzbez": "Gebäude", "funktion": "Gebäude für Wirtschaft oder Gewerbe", "gfkzshh": "31001_2000", "rellage": null, "name": null, "anzahlgs": null, "gmdschl": "05362032", "lagebeztxt": null, "bld area": 20 }, "geometry": { "type": "MultiPolygon", "coordinates": [ [ [ [ 339111.879000000015367, 5642349.143000000156462 ], [ 339118.082, 5642349.156000000424683 ], [ 339118.087999999988824, 5642345.995000000111759 ], [ 339111.892, 5642345.980000000447035 ], [ 339111.884000000020023, 5642347.428999999538064 ], [ 339111.879000000015367, 5642349.143000000156462 ] ] ] ] } },
{ "type": "Feature", "properties": { "fid": 62469.0, "oid": "DENW41AL30008Nb9BL", "aktualit": "2024-08-20", "gebnutzbez": "Gebäude", "funktion": "Wohngebäude", "gfkzshh": "31001_1000", "rellage": null, "name": null, "anzahlgs": null, "gmdschl": "05362032", "lagebeztxt": "Hauptstraße 216", "bld area": 49 }, "geometry": { "type": "MultiPolygon", "coordinates": [ [ [ [ 339118.075000000011642, 5642351.975999999791384 ], [ 339126.348999999987427, 5642351.992999999783933 ], [ 339126.23599999997532, 5642346.00899999961257 ], [ 339118.087999999988824, 5642345.995000000111759 ], [ 339118.082, 5642349.156000000424683 ], [ 339118.075000000011642, 5642351.975999999791384 ] ] ] ] } },
{ "type": "Feature", "properties": { "fid": 160564.0, "oid": "DENW41AL30008O6EBL", "aktualit": "2024-08-20", "gebnutzbez": "Gebäude", "funktion": "Wohngebäude", "gfkzshh": "31001_1000", "rellage": null, "name": null, "anzahlgs": null, "gmdschl": "05362032", "lagebeztxt": null, "bld area": 17 }, "geometry": { "type": "MultiPolygon", "coordinates": [ [ [ [ 339111.907, 5642342.825000000186265 ], [ 339118.09499999997206, 5642342.812 ], [ 339118.103, 5642340.065000000409782 ], [ 339111.917000000015832, 5642340.045 ], [ 339111.907, 5642342.825000000186265 ] ] ] ] } },
{ "type": "Feature", "properties": { "fid": 272779.0, "oid": "DENW41AL30008JiKBL", "aktualit": "2024-08-20", "gebnutzbez": "Gebäude", "funktion": "Gebäude für Wirtschaft oder Gewerbe", "gfkzshh": "31001_2000", "rellage": null, "name": null, "anzahlgs": null, "gmdschl": "05362032", "lagebeztxt": null, "bld area": 77 }, "geometry": { "type": "MultiPolygon", "coordinates": [ [ [ [ 339093.060999999986961, 5642349.888000000268221 ], [ 339101.856000000028871, 5642349.938 ], [ 339101.858, 5642348.947999999858439 ], [ 339101.875, 5642342.850999999791384 ], [ 339101.879000000015367, 5642341.112999999895692 ], [ 339093.194000000017695, 5642341.057 ], [ 339093.179, 5642342.43099999986589 ], [ 339093.12, 5642345.929999999701977 ], [ 339093.060999999986961, 5642349.888000000268221 ] ] ] ] } },
{ "type": "Feature", "properties": { "fid": 273202.0, "oid": "DENW41AL30008KAzBL", "aktualit": "2024-08-20", "gebnutzbez": "Gebäude", "funktion": "Wohngebäude", "gfkzshh": "31001_1000", "rellage": null, "name": null, "anzahlgs": null, "gmdschl": "05362032", "lagebeztxt": "Hauptstraße 218", "bld area": 48 }, "geometry": { "type": "MultiPolygon", "coordinates": [ [ [ [ 339118.087999999988824, 5642345.995000000111759 ], [ 339126.23599999997532, 5642346.00899999961257 ], [ 339126.302000000025146, 5642340.18099999986589 ], [ 339118.103, 5642340.065000000409782 ], [ 339118.09499999997206, 5642342.812 ], [ 339118.087999999988824, 5642345.995000000111759 ] ] ] ] } },
{ "type": "Feature", "properties": { "fid": 273267.0, "oid": "DENW41AL30008KFsBL", "aktualit": "2024-08-20", "gebnutzbez": "Gebäude", "funktion": "Gebäude für Wirtschaft oder Gewerbe", "gfkzshh": "31001_2000", "rellage": null, "name": null, "anzahlgs": null, "gmdschl": "05362032", "lagebeztxt": null, "bld area": 37 }, "geometry": { "type": "MultiPolygon", "coordinates": [ [ [ [ 339082.597, 5642345.746000000275671 ], [ 339092.145000000018626, 5642345.912999999709427 ], [ 339093.12, 5642345.929999999701977 ], [ 339093.179, 5642342.43099999986589 ], [ 339082.658, 5642342.248999999836087 ], [ 339082.597, 5642345.746000000275671 ] ] ] ] } },
{ "type": "Feature", "properties": { "fid": 273285.0, "oid": "DENW41AL30008KHABL", "aktualit": "2024-08-20", "gebnutzbez": "Gebäude", "funktion": "Gebäude für Land- und Forstwirtschaft", "gfkzshh": "31001_2700", "rellage": null, "name": null, "anzahlgs": null, "gmdschl": "05362032", "lagebeztxt": null, "bld area": 3 }, "geometry": { "type": "MultiPolygon", "coordinates": [ [ [ [ 339110.129000000015367, 5642345.979000000283122 ], [ 339110.143999999971129, 5642347.417999999597669 ], [ 339111.884000000020023, 5642347.428999999538064 ], [ 339111.892, 5642345.980000000447035 ], [ 339110.129000000015367, 5642345.979000000283122 ] ] ] ] } },
{ "type": "Feature", "properties": { "fid": 273986.0, "oid": "DENW41AL30008L4JBL", "aktualit": "2024-08-20", "gebnutzbez": "Gebäude", "funktion": "Gebäude für Land- und Forstwirtschaft", "gfkzshh": "31001_2700", "rellage": null, "name": null, "anzahlgs": null, "gmdschl": "05362032", "lagebeztxt": null, "bld area": 3 }, "geometry": { "type": "MultiPolygon", "coordinates": [ [ [ [ 339110.114, 5642342.835 ], [ 339110.12599999998929, 5642344.562 ], [ 339111.896, 5642344.56900000013411 ], [ 339111.907, 5642342.825000000186265 ], [ 339110.114, 5642342.835 ] ] ] ] } },
{ "type": "Feature", "properties": { "fid": 274221.0, "oid": "DENW41AL30008LK9BL", "aktualit": "2024-08-20", "gebnutzbez": "Gebäude", "funktion": "Gebäude für Wirtschaft oder Gewerbe", "gfkzshh": "31001_2000", "rellage": null, "name": null, "anzahlgs": null, "gmdschl": "05362032", "lagebeztxt": null, "bld area": 50 }, "geometry": { "type": "MultiPolygon", "coordinates": [ [ [ [ 339101.858, 5642348.947999999858439 ], [ 339110.150000000023283, 5642348.929999999701977 ], [ 339110.143999999971129, 5642347.417999999597669 ], [ 339110.129000000015367, 5642345.979000000283122 ], [ 339110.12599999998929, 5642344.562 ], [ 339110.114, 5642342.835 ], [ 339101.875, 5642342.850999999791384 ], [ 339101.858, 5642348.947999999858439 ] ] ] ] } },
{ "type": "Feature", "properties": { "fid": 276523.0, "oid": "DENW41AL30008NtXBL", "aktualit": "2024-08-20", "gebnutzbez": "Gebäude", "funktion": "Gebäude für Land- und Forstwirtschaft", "gfkzshh": "31001_2700", "rellage": null, "name": null, "anzahlgs": null, "gmdschl": "05362032", "lagebeztxt": null, "bld area": 2 }, "geometry": { "type": "MultiPolygon", "coordinates": [ [ [ [ 339110.12599999998929, 5642344.562 ], [ 339110.129000000015367, 5642345.979000000283122 ], [ 339111.892, 5642345.980000000447035 ], [ 339111.896, 5642344.56900000013411 ], [ 339110.12599999998929, 5642344.562 ] ] ] ] } },
{ "type": "Feature", "properties": { "fid": 60754.0, "oid": "DENW41AL30008L8eBL", "aktualit": "2024-08-20", "gebnutzbez": "Gebäude", "funktion": "Gemischt genutztes Gebäude mit Wohnen", "gfkzshh": "31001_1100", "rellage": null, "name": null, "anzahlgs": null, "gmdschl": "05362032", "lagebeztxt": "Bahnhofstraße 14", "bld area": 129 }, "geometry": { "type": "MultiPolygon", "coordinates": [ [ [ [ 339074.479, 5642844.267 ], [ 339078.207999999984168, 5642846.504999999888241 ], [ 339084.806999999971595, 5642850.455 ], [ 339090.343, 5642841.247000000439584 ], [ 339080.004000000015367, 5642835.074 ], [ 339074.479, 5642844.267 ] ] ] ] } },
{ "type": "Feature", "properties": { "fid": 275777.0, "oid": "DENW41AL30008N4YBL", "aktualit": "2024-08-20", "gebnutzbez": "Gebäude", "funktion": "Wohngebäude", "gfkzshh": "31001_1000", "rellage": null, "name": null, "anzahlgs": null, "gmdschl": "05362032", "lagebeztxt": null, "bld area": 41 }, "geometry": { "type": "MultiPolygon", "coordinates": [ [ [ [ 339082.549999999988358, 5642830.832000000402331 ], [ 339087.042000000015832, 5642833.535000000149012 ], [ 339089.232000000018161, 5642829.895999999716878 ], [ 339091.098999999987427, 5642826.792999999597669 ], [ 339086.603, 5642824.089999999850988 ], [ 339082.549999999988358, 5642830.832000000402331 ] ] ] ] } },
{ "type": "Feature", "properties": { "fid": 59109.0, "oid": "DENW41AL2Ah000GWBL", "aktualit": "2024-08-20", "gebnutzbez": "Gebäude", "funktion": "Wohngebäude", "gfkzshh": "31001_1000", "rellage": null, "name": null, "anzahlgs": null, "gmdschl": "05362032", "lagebeztxt": "Am grünen Weg 8", "bld area": 121 }, "geometry": { "type": "MultiPolygon", "coordinates": [ [ [ [ 338779.857000000018161, 5642546.221 ], [ 338791.433000000019092, 5642549.723000000230968 ], [ 338791.452999999979511, 5642549.632000000216067 ], [ 338793.299, 5642550.190000000409782 ], [ 338795.079000000027008, 5642544.30599999986589 ], [ 338792.786000000021886, 5642543.617999999783933 ], [ 338793.467, 5642540.546 ], [ 338781.620999999984633, 5642538.020999999716878 ], [ 338779.857000000018161, 5642546.221 ] ] ] ] } },
{ "type": "Feature", "properties": { "fid": 63420.0, "oid": "DENW41AL30008OvqBL", "aktualit": "2024-08-20", "gebnutzbez": "Gebäude", "funktion": "Gebäude zum Parken", "gfkzshh": "31001_2460", "rellage": null, "name": null, "anzahlgs": null, "gmdschl": "05362032", "lagebeztxt": null, "bld area": 30 }, "geometry": { "type": "MultiPolygon", "coordinates": [ [ [ [ 338790.055999999982305, 5642532.838000000454485 ], [ 338796.178000000014435, 5642534.028 ], [ 338797.102000000013504, 5642529.696999999694526 ], [ 338798.576, 5642530.00899999961257 ], [ 338798.625, 5642529.781000000424683 ], [ 338792.87, 5642528.548000000417233 ], [ 338791.01, 5642528.377000000327826 ], [ 338790.433000000019092, 5642531.072999999858439 ], [ 338790.055999999982305, 5642532.838000000454485 ] ] ] ] } },
{ "type": "Feature", "properties": { "fid": 276375.0, "oid": "DENW41AL30008NjOBL", "aktualit": "2024-08-20", "gebnutzbez": "Gebäude", "funktion": "Wohngebäude", "gfkzshh": "31001_1000", "rellage": null, "name": null, "anzahlgs": null, "gmdschl": "05362032", "lagebeztxt": "Am grünen Weg 8 a", "bld area": 104 }, "geometry": { "type": "MultiPolygon", "coordinates": [ [ [ [ 338779.767, 5642537.610999999567866 ], [ 338793.474999999976717, 5642540.529 ], [ 338795.205000000016298, 5642534.014000000432134 ], [ 338797.598999999987427, 5642534.532999999821186 ], [ 338797.647999999986496, 5642534.30599999986589 ], [ 338796.178000000014435, 5642534.028 ], [ 338790.055999999982305, 5642532.838000000454485 ], [ 338790.433000000019092, 5642531.072999999858439 ], [ 338783.322999999974854, 5642529.593999999575317 ], [ 338782.183000000019092, 5642534.610000000335276 ], [ 338780.487000000022817, 5642534.247000000439584 ], [ 338779.767, 5642537.610999999567866 ] ] ] ] } },
{ "type": "Feature", "properties": { "fid": 61900.0, "oid": "DENW41AL30008MmmBL", "aktualit": "2024-08-20", "gebnutzbez": "Gebäude", "funktion": "Wohngebäude", "gfkzshh": "31001_1000", "rellage": null, "name": null, "anzahlgs": null, "gmdschl": "05362032", "lagebeztxt": "Adenauerstraße 24, 26", "bld area": 184 }, "geometry": { "type": "MultiPolygon", "coordinates": [ [ [ [ 338747.082, 5642504.536000000312924 ], [ 338770.909999999974389, 5642506.940999999642372 ], [ 338771.685999999986961, 5642499.28899999987334 ], [ 338747.897, 5642496.875 ], [ 338747.082, 5642504.536000000312924 ] ] ] ] } },
{ "type": "Feature", "properties": { "fid": 158878.0, "oid": "DENW41AL30008KhUBL", "aktualit": "2024-08-20", "gebnutzbez": "Gebäude", "funktion": "Wohngebäude", "gfkzshh": "31001_1000", "rellage": null, "name": null, "anzahlgs": null, "gmdschl": "05362032", "lagebeztxt": "Am grünen Weg 6", "bld area": 71 }, "geometry": { "type": "MultiPolygon", "coordinates": [ [ [ [ 338781.767, 5642558.388000000268221 ], [ 338792.096000000019558, 5642562.937 ], [ 338795.011, 5642556.562 ], [ 338786.724999999976717, 5642553.0 ], [ 338785.273999999975786, 5642556.150999999605119 ], [ 338783.232000000018161, 5642555.21 ], [ 338781.767, 5642558.388000000268221 ] ] ] ] } },
{ "type": "Feature", "properties": { "fid": 59986.0, "oid": "DENW41AL30008K2UBL", "aktualit": "2024-08-20", "gebnutzbez": "Gebäude", "funktion": "Wohngebäude", "gfkzshh": "31001_1000", "rellage": null, "name": null, "anzahlgs": null, "gmdschl": "05362032", "lagebeztxt": "Adenauerstraße 22", "bld area": 107 }, "geometry": { "type": "MultiPolygon", "coordinates": [ [ [ [ 338788.452, 5642511.661000000312924 ], [ 338791.056999999971595, 5642511.850999999791384 ], [ 338802.113000000012107, 5642512.628999999724329 ], [ 338802.816, 5642503.651999999769032 ], [ 338791.700000000011642, 5642502.862999999895692 ], [ 338791.662000000011176, 5642503.394999999552965 ], [ 338791.256, 5642509.042000000365078 ], [ 338788.659999999974389, 5642508.852 ], [ 338788.452, 5642511.661000000312924 ] ] ] ] } },
{ "type": "Feature", "properties": { "fid": 62233.0, "oid": "DENW41AL30008NGkBL", "aktualit": "2024-08-20", "gebnutzbez": "Gebäude", "funktion": "Gebäude zum Parken", "gfkzshh": "31001_2460", "rellage": null, "name": null, "anzahlgs": null, "gmdschl": "05362032", "lagebeztxt": null, "bld area": 15 }, "geometry": { "type": "MultiPolygon", "coordinates": [ [ [ [ 338788.659999999974389, 5642508.852 ], [ 338791.256, 5642509.042000000365078 ], [ 338791.662000000011176, 5642503.394999999552965 ], [ 338789.072999999974854, 5642503.206000000238419 ], [ 338788.659999999974389, 5642508.852 ] ] ] ] } },
{ "type": "Feature", "properties": { "fid": 272981.0, "oid": "DENW41AL30008JvQBL", "aktualit": "2024-08-20", "gebnutzbez": "Gebäude", "funktion": "Wohngebäude", "gfkzshh": "31001_1000", "rellage": null, "name": null, "anzahlgs": null, "gmdschl": "05362032", "lagebeztxt": "Am grünen Weg 27", "bld area": 65 }, "geometry": { "type": "MultiPolygon", "coordinates": [ [ [ [ 338827.48499999998603, 5642389.83 ], [ 338828.99900000001071, 5642389.951999999582767 ], [ 338838.01400000002468, 5642390.699 ], [ 338838.588999999978114, 5642384.529 ], [ 338828.066999999980908, 5642383.657999999821186 ], [ 338827.48499999998603, 5642389.83 ] ] ] ] } },
{ "type": "Feature", "properties": { "fid": 275926.0, "oid": "DENW41AL30008NFPBL", "aktualit": "2024-08-20", "gebnutzbez": "Gebäude", "funktion": "Gebäude zum Parken", "gfkzshh": "31001_2460", "rellage": null, "name": null, "anzahlgs": null, "gmdschl": "05362032", "lagebeztxt": null, "bld area": 18 }, "geometry": { "type": "MultiPolygon", "coordinates": [ [ [ [ 338833.268999999971129, 5642376.267 ], [ 338839.245999999984633, 5642376.773 ], [ 338839.495, 5642373.798999999649823 ], [ 338833.517999999981839, 5642373.301 ], [ 338833.268999999971129, 5642376.267 ] ] ] ] } },
{ "type": "Feature", "properties": { "fid": 276251.0, "oid": "DENW41AL30008NbJBL", "aktualit": "2024-08-20", "gebnutzbez": "Gebäude", "funktion": "Wohngebäude", "gfkzshh": "31001_1000", "rellage": null, "name": null, "anzahlgs": null, "gmdschl": "05362032", "lagebeztxt": "Am grünen Weg 29", "bld area": 67 }, "geometry": { "type": "MultiPolygon", "coordinates": [ [ [ [ 338828.066999999980908, 5642383.657999999821186 ], [ 338838.588999999978114, 5642384.529 ], [ 338839.113000000012107, 5642378.195000000298023 ], [ 338828.590000000025611, 5642377.32799999974668 ], [ 338828.066999999980908, 5642383.657999999821186 ] ] ] ] } },
{ "type": "Feature", "properties": { "fid": 276401.0, "oid": "DENW41AL30008NlRBL", "aktualit": "2024-08-20", "gebnutzbez": "Gebäude", "funktion": "Wohngebäude", "gfkzshh": "31001_1000", "rellage": null, "name": null, "anzahlgs": null, "gmdschl": "05362032", "lagebeztxt": "Am grünen Weg 25", "bld area": 66 }, "geometry": { "type": "MultiPolygon", "coordinates": [ [ [ [ 338828.517999999981839, 5642396.140999999828637 ], [ 338839.039999999979045, 5642397.012000000104308 ], [ 338839.528, 5642390.822999999858439 ], [ 338838.01400000002468, 5642390.699 ], [ 338828.99900000001071, 5642389.951999999582767 ], [ 338828.517999999981839, 5642396.140999999828637 ] ] ] ] } },
{ "type": "Feature", "properties": { "fid": 62179.0, "oid": "DENW41AL30008NByBL", "aktualit": "2024-08-20", "gebnutzbez": "Gebäude", "funktion": "Wohngebäude", "gfkzshh": "31001_1000", "rellage": null, "name": null, "anzahlgs": null, "gmdschl": "05362032", "lagebeztxt": "Sistenichstraße 54", "bld area": 67 }, "geometry": { "type": "MultiPolygon", "coordinates": [ [ [ [ 338962.473999999987427, 5642357.99100000038743 ], [ 338963.98599999997532, 5642358.023 ], [ 338963.913, 5642361.673999999649823 ], [ 338972.712999999988824, 5642361.871000000275671 ], [ 338972.87300000002142, 5642354.889999999664724 ], [ 338967.170999999972992, 5642354.754999999888241 ], [ 338962.552000000025146, 5642354.637000000104308 ], [ 338962.544999999983702, 5642354.907999999821186 ], [ 338962.473999999987427, 5642357.99100000038743 ] ] ] ] } },
{ "type": "Feature", "properties": { "fid": 62341.0, "oid": "DENW41AL30008NQKBL", "aktualit": "2024-08-20", "gebnutzbez": "Gebäude", "funktion": "Gebäude zum Parken", "gfkzshh": "31001_2460", "rellage": null, "name": null, "anzahlgs": null, "gmdschl": "05362032", "lagebeztxt": null, "bld area": 37 }, "geometry": { "type": "MultiPolygon", "coordinates": [ [ [ [ 338956.949000000022352, 5642354.768000000156462 ], [ 338962.544999999983702, 5642354.907999999821186 ], [ 338962.552000000025146, 5642354.637000000104308 ], [ 338967.170999999972992, 5642354.754999999888241 ], [ 338967.34499999997206, 5642351.458999999798834 ], [ 338962.218, 5642351.189000000245869 ], [ 338957.118000000016764, 5642350.917999999597669 ], [ 338956.949000000022352, 5642354.768000000156462 ] ] ] ] } },
{ "type": "Feature", "properties": { "fid": 158014.0, "oid": "DENW41AL2e30002bBL", "aktualit": "2024-08-20", "gebnutzbez": "Gebäude", "funktion": "Gebäude zur Freizeitgestaltung", "gfkzshh": "31001_1310", "rellage": null, "name": null, "anzahlgs": null, "gmdschl": "05362032", "lagebeztxt": null, "bld area": 30 }, "geometry": { "type": "MultiPolygon", "coordinates": [ [ [ [ 338944.418, 5642357.650000000372529 ], [ 338950.245, 5642357.906000000424683 ], [ 338950.468, 5642352.820000000298023 ], [ 338944.641, 5642352.564000000245869 ], [ 338944.418, 5642357.650000000372529 ] ] ] ] } },
{ "type": "Feature", "properties": { "fid": 158441.0, "oid": "DENW41AL30008JqLBL", "aktualit": "2024-08-20", "gebnutzbez": "Gebäude", "funktion": "Gebäude zum Parken", "gfkzshh": "31001_2460", "rellage": null, "name": null, "anzahlgs": null, "gmdschl": "05362032", "lagebeztxt": null, "bld area": 28 }, "geometry": { "type": "MultiPolygon", "coordinates": [ [ [ [ 338962.218, 5642351.189000000245869 ], [ 338967.34499999997206, 5642351.458999999798834 ], [ 338971.713999999978114, 5642351.700000000186265 ], [ 338971.882999999972526, 5642348.740000000223517 ], [ 338962.349999999976717, 5642348.244 ], [ 338962.218, 5642351.189000000245869 ] ] ] ] } },
{ "type": "Feature", "properties": { "fid": 160155.0, "oid": "DENW41AL30008NH9BL", "aktualit": "2024-08-20", "gebnutzbez": "Gebäude", "funktion": "Wohngebäude", "gfkzshh": "31001_1000", "rellage": null, "name": null, "anzahlgs": null, "gmdschl": "05362032", "lagebeztxt": "Sistenichstraße 52", "bld area": 65 }, "geometry": { "type": "MultiPolygon", "coordinates": [ [ [ [ 338963.78000000002794, 5642368.679999999701977 ], [ 338965.458999999973457, 5642368.721 ], [ 338965.435, 5642369.71999999973923 ], [ 338965.778, 5642369.729000000283122 ], [ 338968.28000000002794, 5642369.787999999709427 ], [ 338968.303000000014435, 5642368.79 ], [ 338972.601000000024214, 5642368.893000000156462 ], [ 338972.712999999988824, 5642361.871000000275671 ], [ 338963.913, 5642361.673999999649823 ], [ 338963.783999999985099, 5642368.428999999538064 ], [ 338963.78000000002794, 5642368.679999999701977 ] ] ] ] } },
{ "type": "Feature", "properties": { "fid": 57911.0, "oid": "DENW41AL10007KF8BL", "aktualit": "2024-08-20", "gebnutzbez": "Gebäude", "funktion": "Gebäude zum Parken", "gfkzshh": "31001_2460", "rellage": null, "name": null, "anzahlgs": null, "gmdschl": "05362032", "lagebeztxt": null, "bld area": 21 }, "geometry": { "type": "MultiPolygon", "coordinates": [ [ [ [ 338945.503000000026077, 5642449.361999999731779 ], [ 338952.462999999988824, 5642449.813 ], [ 338952.647999999986496, 5642446.815999999642372 ], [ 338945.73599999997532, 5642446.371000000275671 ], [ 338945.503000000026077, 5642449.361999999731779 ] ] ] ] } },
{ "type": "Feature", "properties": { "fid": 60921.0, "oid": "DENW41AL30008LN6BL", "aktualit": "2024-08-20", "gebnutzbez": "Gebäude", "funktion": "Wohngebäude", "gfkzshh": "31001_1000", "rellage": null, "name": null, "anzahlgs": null, "gmdschl": "05362032", "lagebeztxt": "Sistenichstraße 46", "bld area": 68 }, "geometry": { "type": "MultiPolygon", "coordinates": [ [ [ [ 338959.609, 5642443.915 ], [ 338968.346000000019558, 5642444.542000000365078 ], [ 338968.875, 5642436.045 ], [ 338961.849999999976717, 5642435.548999999649823 ], [ 338961.791000000026543, 5642435.542000000365078 ], [ 338961.424, 5642439.699 ], [ 338959.88900000002468, 5642439.599000000394881 ], [ 338959.609, 5642443.915 ] ] ] ] } },
{ "type": "Feature", "properties": { "fid": 273927.0, "oid": "DENW41AL30008KzzBL", "aktualit": "2024-08-20", "gebnutzbez": "Gebäude", "funktion": "Gebäude zum Parken", "gfkzshh": "31001_2460", "rellage": null, "name": null, "anzahlgs": null, "gmdschl": "05362032", "lagebeztxt": null, "bld area": 16 }, "geometry": { "type": "MultiPolygon", "coordinates": [ [ [ [ 338948.592, 5642439.748999999836087 ], [ 338951.755, 5642439.974000000394881 ], [ 338952.119, 5642434.849000000394881 ], [ 338948.955000000016298, 5642434.626000000163913 ], [ 338948.592, 5642439.748999999836087 ] ] ] ] } },
{ "type": "Feature", "properties": { "fid": 274151.0, "oid": "DENW41AL30008LFHBL", "aktualit": "2024-08-20", "gebnutzbez": "Gebäude", "funktion": "Wohngebäude", "gfkzshh": "31001_1000", "rellage": null, "name": null, "anzahlgs": null, "gmdschl": "05362032", "lagebeztxt": "Sistenichstraße 48", "bld area": 66 }, "geometry": { "type": "MultiPolygon", "coordinates": [ [ [ [ 338960.413999999989755, 5642431.348000000230968 ], [ 338962.136, 5642431.466 ], [ 338961.849999999976717, 5642435.548999999649823 ], [ 338968.875, 5642436.045 ], [ 338969.420999999972992, 5642427.332999999634922 ], [ 338962.395000000018626, 5642426.81900000013411 ], [ 338962.254000000015367, 5642428.813 ], [ 338960.593, 5642428.699 ], [ 338960.413999999989755, 5642431.348000000230968 ] ] ] ] } },
{ "type": "Feature", "properties": { "fid": 277158.0, "oid": "DENW41AL30008Oa5BL", "aktualit": "2024-08-20", "gebnutzbez": "Gebäude", "funktion": "Gebäude für Wirtschaft oder Gewerbe", "gfkzshh": "31001_2000", "rellage": null, "name": null, "anzahlgs": null, "gmdschl": "05362032", "lagebeztxt": null, "bld area": 63 }, "geometry": { "type": "MultiPolygon", "coordinates": [ [ [ [ 338934.517, 5642457.489 ], [ 338939.761999999987893, 5642457.855000000447035 ], [ 338940.63, 5642445.964999999850988 ], [ 338935.395000000018626, 5642445.588999999687076 ], [ 338935.21999999997206, 5642447.96100000012666 ], [ 338934.517, 5642457.489 ] ] ] ] } },
{ "type": "Feature", "properties": { "fid": 60634.0, "oid": "DENW41AL30008KxrBL", "aktualit": "2024-08-20", "gebnutzbez": "Gebäude", "funktion": "Wohngebäude", "gfkzshh": "31001_1000", "rellage": null, "name": null, "anzahlgs": null, "gmdschl": "05362032", "lagebeztxt": "Sistenichstraße 50 b", "bld area": 66 }, "geometry": { "type": "MultiPolygon", "coordinates": [ [ [ [ 338958.433000000019092, 5642388.286000000312924 ], [ 338968.971000000019558, 5642388.773 ], [ 338969.262999999977183, 5642382.566999999806285 ], [ 338958.718999999982771, 5642382.079 ], [ 338958.433000000019092, 5642388.286000000312924 ] ] ] ] } },
{ "type": "Feature", "properties": { "fid": 272112.0, "oid": "DENW41AL2e30002tBL", "aktualit": "2024-08-20", "gebnutzbez": "Gebäude", "funktion": "Gebäude zum Parken", "gfkzshh": "31001_2460", "rellage": null, "name": null, "anzahlgs": null, "gmdschl": "05362032", "lagebeztxt": null, "bld area": 42 }, "geometry": { "type": "MultiPolygon", "coordinates": [ [ [ [ 338902.560999999986961, 5642450.25899999961257 ], [ 338906.726000000024214, 5642450.562 ], [ 338906.737000000022817, 5642450.472 ], [ 338910.587999999988824, 5642450.843999999575317 ], [ 338912.128000000026077, 5642450.956000000238419 ], [ 338912.449000000022352, 5642446.592000000178814 ], [ 338902.879000000015367, 5642445.894999999552965 ], [ 338902.560999999986961, 5642450.25899999961257 ] ] ] ] } },
{ "type": "Feature", "properties": { "fid": 60823.0, "oid": "DENW41AL30008LErBL", "aktualit": "2024-08-20", "gebnutzbez": "Gebäude", "funktion": "Wohngebäude", "gfkzshh": "31001_1000", "rellage": null, "name": null, "anzahlgs": null, "gmdschl": "05362032", "lagebeztxt": "Am grünen Weg 15", "bld area": 67 }, "geometry": { "type": "MultiPolygon", "coordinates": [ [ [ [ 338824.053000000014435, 5642427.036999999545515 ], [ 338829.131999999983236, 5642427.45299999974668 ], [ 338834.601000000024214, 5642427.896999999880791 ], [ 338835.114, 5642421.581000000238419 ], [ 338824.571, 5642420.714999999850988 ], [ 338824.053000000014435, 5642427.036999999545515 ] ] ] ] } },
{ "type": "Feature", "properties": { "fid": 160288.0, "oid": "DENW41AL30008NfTBL", "aktualit": "2024-08-20", "gebnutzbez": "Gebäude", "funktion": "Gebäude zum Parken", "gfkzshh": "31001_2460", "rellage": null, "name": null, "anzahlgs": null, "gmdschl": "05362032", "lagebeztxt": null, "bld area": 16 }, "geometry": { "type": "MultiPolygon", "coordinates": [ [ [ [ 338828.900000000023283, 5642430.301 ], [ 338834.371999999973923, 5642430.745000000111759 ], [ 338834.601000000024214, 5642427.896999999880791 ], [ 338829.131999999983236, 5642427.45299999974668 ], [ 338828.900000000023283, 5642430.301 ] ] ] ] } },
{ "type": "Feature", "properties": { "fid": 161010.0, "oid": "DENW41AL30008OxiBL", "aktualit": "2024-08-20", "gebnutzbez": "Gebäude", "funktion": "Wohngebäude", "gfkzshh": "31001_1000", "rellage": null, "name": null, "anzahlgs": null, "gmdschl": "05362032", "lagebeztxt": "Am grünen Weg 17", "bld area": 66 }, "geometry": { "type": "MultiPolygon", "coordinates": [ [ [ [ 338824.571, 5642420.714999999850988 ], [ 338835.114, 5642421.581000000238419 ], [ 338835.609, 5642415.395999999716878 ], [ 338825.076, 5642414.526999999769032 ], [ 338824.571, 5642420.714999999850988 ] ] ] ] } },
{ "type": "Feature", "properties": { "fid": 158475.0, "oid": "DENW41AL30008JuDBL", "aktualit": "2024-08-20", "gebnutzbez": "Gebäude", "funktion": "Wohngebäude", "gfkzshh": "31001_1000", "rellage": null, "name": null, "anzahlgs": null, "gmdschl": "05362032", "lagebeztxt": "Am grünen Weg 19", "bld area": 66 }, "geometry": { "type": "MultiPolygon", "coordinates": [ [ [ [ 338825.076, 5642414.526999999769032 ], [ 338835.609, 5642415.395999999716878 ], [ 338836.10999999998603, 5642409.218000000342727 ], [ 338825.579000000027008, 5642408.349000000394881 ], [ 338825.076, 5642414.526999999769032 ] ] ] ] } },
{ "type": "Feature", "properties": { "fid": 61505.0, "oid": "DENW41AL30008MDNBL", "aktualit": "2024-08-20", "gebnutzbez": "Gebäude", "funktion": "Gebäude zum Parken", "gfkzshh": "31001_2460", "rellage": null, "name": null, "anzahlgs": null, "gmdschl": "05362032", "lagebeztxt": null, "bld area": 32 }, "geometry": { "type": "MultiPolygon", "coordinates": [ [ [ [ 338930.924999999988358, 5642344.962000000290573 ], [ 338936.045999999972992, 5642345.146999999880791 ], [ 338936.226000000024214, 5642338.792999999597669 ], [ 338931.119, 5642338.644999999552965 ], [ 338930.924999999988358, 5642344.962000000290573 ] ] ] ] } },
{ "type": "Feature", "properties": { "fid": 273354.0, "oid": "DENW41AL30008KLRBL", "aktualit": "2024-08-20", "gebnutzbez": "Gebäude", "funktion": "Wohngebäude", "gfkzshh": "31001_1000", "rellage": null, "name": null, "anzahlgs": null, "gmdschl": "05362032", "lagebeztxt": "Grabenweg 6, 8", "bld area": 219 }, "geometry": { "type": "MultiPolygon", "coordinates": [ [ [ [ 338910.707999999984168, 5642350.009999999776483 ], [ 338930.757999999972526, 5642350.514999999664724 ], [ 338930.924999999988358, 5642344.962000000290573 ], [ 338931.119, 5642338.644999999552965 ], [ 338931.120999999984633, 5642338.553000000305474 ], [ 338930.620999999984633, 5642338.54 ], [ 338930.580000000016298, 5642340.036000000312924 ], [ 338916.25199999997858, 5642339.650999999605119 ], [ 338916.292000000015832, 5642338.156999999657273 ], [ 338911.006999999983236, 5642338.015999999828637 ], [ 338911.003000000026077, 5642338.115000000223517 ], [ 338910.849999999976717, 5642344.372999999672174 ], [ 338910.707999999984168, 5642350.009999999776483 ] ] ] ] } },
{ "type": "Feature", "properties": { "fid": 60997.0, "oid": "DENW41AL30008LTmBL", "aktualit": "2024-08-20", "gebnutzbez": "Gebäude", "funktion": "Wohngebäude", "gfkzshh": "31001_1000", "rellage": null, "name": null, "anzahlgs": null, "gmdschl": "05362032", "lagebeztxt": "Am grünen Weg 23", "bld area": 65 }, "geometry": { "type": "MultiPolygon", "coordinates": [ [ [ [ 338828.006, 5642402.321999999694526 ], [ 338836.612000000022817, 5642403.032999999821186 ], [ 338838.527, 5642403.191999999806285 ], [ 338839.039999999979045, 5642397.012000000104308 ], [ 338828.517999999981839, 5642396.140999999828637 ], [ 338828.006, 5642402.321999999694526 ] ] ] ] } },
{ "type": "Feature", "properties": { "fid": 63011.0, "oid": "DENW41AL30008OLwBL", "aktualit": "2024-08-20", "gebnutzbez": "Gebäude", "funktion": "Wohngebäude", "gfkzshh": "31001_1000", "rellage": null, "name": null, "anzahlgs": null, "gmdschl": "05362032", "lagebeztxt": "Am grünen Weg 21", "bld area": 66 }, "geometry": { "type": "MultiPolygon", "coordinates": [ [ [ [ 338825.579000000027008, 5642408.349000000394881 ], [ 338836.10999999998603, 5642409.218000000342727 ], [ 338836.612000000022817, 5642403.032999999821186 ], [ 338828.006, 5642402.321999999694526 ], [ 338826.083999999973457, 5642402.161999999545515 ], [ 338825.579000000027008, 5642408.349000000394881 ] ] ] ] } },
{ "type": "Feature", "properties": { "fid": 273531.0, "oid": "DENW41AL30008KYSBL", "aktualit": "2024-08-20", "gebnutzbez": "Gebäude", "funktion": "Wohngebäude", "gfkzshh": "31001_1000", "rellage": null, "name": null, "anzahlgs": null, "gmdschl": "05362032", "lagebeztxt": "Sistenichstraße 50 c", "bld area": 67 }, "geometry": { "type": "MultiPolygon", "coordinates": [ [ [ [ 338958.718999999982771, 5642382.079 ], [ 338969.262999999977183, 5642382.566999999806285 ], [ 338969.543, 5642376.329 ], [ 338969.548, 5642376.228000000119209 ], [ 338961.174, 5642375.849000000394881 ], [ 338959.006999999983236, 5642375.751000000163913 ], [ 338958.718999999982771, 5642382.079 ] ] ] ] } },
{ "type": "Feature", "properties": { "fid": 159840.0, "oid": "DENW41AL30008MfaBL", "aktualit": "2024-08-20", "gebnutzbez": "Gebäude", "funktion": "Gebäude zum Parken", "gfkzshh": "31001_2460", "rellage": null, "name": null, "anzahlgs": null, "gmdschl": "05362032", "lagebeztxt": null, "bld area": 34 }, "geometry": { "type": "MultiPolygon", "coordinates": [ [ [ [ 338961.174, 5642375.849000000394881 ], [ 338969.548, 5642376.228000000119209 ], [ 338969.543, 5642376.329 ], [ 338970.132999999972526, 5642376.355000000447035 ], [ 338970.299999999988358, 5642372.355000000447035 ], [ 338965.708999999973457, 5642372.271999999880791 ], [ 338961.309, 5642372.208999999798834 ], [ 338961.174, 5642375.849000000394881 ] ] ] ] } },
{ "type": "Feature", "properties": { "fid": 160938.0, "oid": "DENW41AL30008OoxBL", "aktualit": "2024-08-20", "gebnutzbez": "Gebäude", "funktion": "Gebäude zum Parken", "gfkzshh": "31001_2460", "rellage": null, "name": null, "anzahlgs": null, "gmdschl": "05362032", "lagebeztxt": null, "bld area": 26 }, "geometry": { "type": "MultiPolygon", "coordinates": [ [ [ [ 338958.879000000015367, 5642372.174999999813735 ], [ 338961.309, 5642372.208999999798834 ], [ 338965.708999999973457, 5642372.271999999880791 ], [ 338965.778, 5642369.729000000283122 ], [ 338965.435, 5642369.71999999973923 ], [ 338965.458999999973457, 5642368.721 ], [ 338963.78000000002794, 5642368.679999999701977 ], [ 338963.783999999985099, 5642368.428999999538064 ], [ 338961.618000000016764, 5642368.38399999961257 ], [ 338961.62, 5642368.312 ], [ 338958.941, 5642368.225999999791384 ], [ 338958.886999999987893, 5642371.683000000193715 ], [ 338958.879000000015367, 5642372.174999999813735 ] ] ] ] } },
{ "type": "Feature", "properties": { "fid": 59666.0, "oid": "DENW41AL30008JcQBL", "aktualit": "2024-08-20", "gebnutzbez": "Gebäude", "funktion": "Gebäude zum Parken", "gfkzshh": "31001_2460", "rellage": null, "name": null, "anzahlgs": null, "gmdschl": "05362032", "lagebeztxt": null, "bld area": 22 }, "geometry": { "type": "MultiPolygon", "coordinates": [ [ [ [ 338955.776000000012573, 5642270.17200000025332 ], [ 338955.832, 5642274.112999999895692 ], [ 338961.420999999972992, 5642274.034 ], [ 338961.365, 5642270.092000000178814 ], [ 338955.776000000012573, 5642270.17200000025332 ] ] ] ] } },
{ "type": "Feature", "properties": { "fid": 60524.0, "oid": "DENW41AL30008Ko0BL", "aktualit": "2024-08-20", "gebnutzbez": "Gebäude", "funktion": "Wohngebäude", "gfkzshh": "31001_1000", "rellage": null, "name": null, "anzahlgs": null, "gmdschl": "05362032", "lagebeztxt": "Sistenichstraße 62", "bld area": 73 }, "geometry": { "type": "MultiPolygon", "coordinates": [ [ [ [ 338964.272, 5642277.54 ], [ 338964.291000000026543, 5642285.44400000013411 ], [ 338973.561999999976251, 5642285.326999999582767 ], [ 338973.585000000020955, 5642277.439000000245869 ], [ 338973.24900000001071, 5642277.443 ], [ 338966.393999999971129, 5642277.517 ], [ 338964.272, 5642277.54 ] ] ] ] } },
{ "type": "Feature", "properties": { "fid": 275140.0, "oid": "DENW41AL30008MNOBL", "aktualit": "2024-08-20", "gebnutzbez": "Gebäude", "funktion": "Gebäude zum Parken", "gfkzshh": "31001_2460", "rellage": null, "name": null, "anzahlgs": null, "gmdschl": "05362032", "lagebeztxt": null, "bld area": 19 }, "geometry": { "type": "MultiPolygon", "coordinates": [ [ [ [ 338968.568000000028405, 5642292.786000000312924 ], [ 338973.555, 5642292.716 ], [ 338973.505, 5642288.862999999895692 ], [ 338968.571, 5642288.928000000305474 ], [ 338968.568000000028405, 5642292.786000000312924 ] ] ] ] } },
{ "type": "Feature", "properties": { "fid": 275457.0, "oid": "DENW41AL30008MiPBL", "aktualit": "2024-08-20", "gebnutzbez": "Gebäude", "funktion": "Gebäude zum Parken", "gfkzshh": "31001_2460", "rellage": null, "name": null, "anzahlgs": null, "gmdschl": "05362032", "lagebeztxt": null, "bld area": 24 }, "geometry": { "type": "MultiPolygon", "coordinates": [ [ [ [ 338966.343999999982771, 5642273.963999999687076 ], [ 338966.393999999971129, 5642277.517 ], [ 338973.24900000001071, 5642277.443 ], [ 338973.197999999974854, 5642273.86600000038743 ], [ 338966.343999999982771, 5642273.963999999687076 ] ] ] ] } },
{ "type": "Feature", "properties": { "fid": 158244.0, "oid": "DENW41AL30008JURBL", "aktualit": "2024-08-20", "gebnutzbez": "Gebäude", "funktion": "Gebäude zum Parken", "gfkzshh": "31001_2460", "rellage": null, "name": null, "anzahlgs": null, "gmdschl": "05362032", "lagebeztxt": null, "bld area": 18 }, "geometry": { "type": "MultiPolygon", "coordinates": [ [ [ [ 338946.417000000015832, 5642323.58 ], [ 338949.419999999983702, 5642323.67 ], [ 338949.435, 5642323.174999999813735 ], [ 338949.153999999980442, 5642323.166000000201166 ], [ 338949.342, 5642316.926 ], [ 338946.631999999983236, 5642316.839999999850988 ], [ 338946.417000000015832, 5642323.58 ] ] ] ] } },
{ "type": "Feature", "properties": { "fid": 160031.0, "oid": "DENW41AL30008N0tBL", "aktualit": "2024-08-20", "gebnutzbez": "Gebäude", "funktion": "Gebäude zum Parken", "gfkzshh": "31001_2460", "rellage": null, "name": null, "anzahlgs": null, "gmdschl": "05362032", "lagebeztxt": null, "bld area": 21 }, "geometry": { "type": "MultiPolygon", "coordinates": [ [ [ [ 338961.401000000012573, 5642323.372000000439584 ], [ 338961.441, 5642326.367999999783933 ], [ 338968.420999999972992, 5642326.268000000156462 ], [ 338968.38, 5642323.282999999821186 ], [ 338965.26, 5642323.326000000350177 ], [ 338961.401000000012573, 5642323.372000000439584 ] ] ] ] } },
{ "type": "Feature", "properties": { "fid": 275735.0, "oid": "DENW41AL30008N1tBL", "aktualit": "2024-08-20", "gebnutzbez": "Gebäude", "funktion": "Wohngebäude", "gfkzshh": "31001_1000", "rellage": null, "name": null, "anzahlgs": null, "gmdschl": "05362032", "lagebeztxt": "Grabenweg 1", "bld area": 105 }, "geometry": { "type": "MultiPolygon", "coordinates": [ [ [ [ 338949.153999999980442, 5642323.166000000201166 ], [ 338949.435, 5642323.174999999813735 ], [ 338958.837999999988824, 5642323.423999999649823 ], [ 338959.223, 5642312.109000000171363 ], [ 338955.142999999981839, 5642312.014000000432134 ], [ 338955.121999999973923, 5642312.815999999642372 ], [ 338949.46999999997206, 5642312.650999999605119 ], [ 338949.342, 5642316.926 ], [ 338949.153999999980442, 5642323.166000000201166 ] ] ] ] } },
{ "type": "Feature", "properties": { "fid": 158972.0, "oid": "DENW41AL30008KtIBL", "aktualit": "2024-08-20", "gebnutzbez": "Gebäude", "funktion": "Wohngebäude", "gfkzshh": "31001_1000", "rellage": null, "name": null, "anzahlgs": null, "gmdschl": "05362032", "lagebeztxt": "Sistenichstraße 60", "bld area": 75 }, "geometry": { "type": "MultiPolygon", "coordinates": [ [ [ [ 338963.75, 5642292.849000000394881 ], [ 338963.847, 5642300.458999999798834 ], [ 338973.744, 5642300.335 ], [ 338973.651000000012573, 5642292.714999999850988 ], [ 338973.555, 5642292.716 ], [ 338968.568000000028405, 5642292.786000000312924 ], [ 338963.75, 5642292.849000000394881 ] ] ] ] } },
{ "type": "Feature", "properties": { "fid": 274103.0, "oid": "DENW41AL30008LC2BL", "aktualit": "2024-08-20", "gebnutzbez": "Gebäude", "funktion": "Gebäude zum Parken", "gfkzshh": "31001_2460", "rellage": null, "name": null, "anzahlgs": null, "gmdschl": "05362032", "lagebeztxt": null, "bld area": 21 }, "geometry": { "type": "MultiPolygon", "coordinates": [ [ [ [ 338968.577999999979511, 5642303.375 ], [ 338968.608, 5642306.83 ], [ 338974.581, 5642306.769000000320375 ], [ 338974.543, 5642303.329 ], [ 338968.577999999979511, 5642303.375 ] ] ] ] } },
{ "type": "Feature", "properties": { "fid": 276483.0, "oid": "DENW41AL30008Nr9BL", "aktualit": "2024-08-20", "gebnutzbez": "Gebäude", "funktion": "Wohngebäude", "gfkzshh": "31001_1000", "rellage": null, "name": null, "anzahlgs": null, "gmdschl": "05362032", "lagebeztxt": "Sistenichstraße 58", "bld area": 91 }, "geometry": { "type": "MultiPolygon", "coordinates": [ [ [ [ 338965.19, 5642318.386 ], [ 338965.26, 5642323.326000000350177 ], [ 338968.38, 5642323.282999999821186 ], [ 338974.12599999998929, 5642323.213999999687076 ], [ 338973.916000000026543, 5642312.17200000025332 ], [ 338968.677000000025146, 5642312.234000000171363 ], [ 338966.218999999982771, 5642312.268000000156462 ], [ 338966.302000000025146, 5642318.065000000409782 ], [ 338965.19, 5642318.386 ] ] ] ] } },
{ "type": "Feature", "properties": { "fid": 158648.0, "oid": "DENW41AL30008KFJBL", "aktualit": "2024-08-20", "gebnutzbez": "Gebäude", "funktion": "Wohngebäude", "gfkzshh": "31001_1000", "rellage": null, "name": null, "anzahlgs": null, "gmdschl": "05362032", "lagebeztxt": null, "bld area": 35 }, "geometry": { "type": "MultiPolygon", "coordinates": [ [ [ [ 338767.51400000002468, 5642571.627999999560416 ], [ 338774.851000000024214, 5642574.832000000402331 ], [ 338774.885, 5642574.752999999560416 ], [ 338776.641, 5642570.83 ], [ 338769.337999999988824, 5642567.597 ], [ 338767.51400000002468, 5642571.627999999560416 ] ] ] ] } },
{ "type": "Feature", "properties": { "fid": 272935.0, "oid": "DENW41AL30008JsPBL", "aktualit": "2024-08-20", "gebnutzbez": "Gebäude", "funktion": "Gebäude zum Parken", "gfkzshh": "31001_2460", "rellage": null, "name": null, "anzahlgs": null, "gmdschl": "05362032", "lagebeztxt": null, "bld area": 25 }, "geometry": { "type": "MultiPolygon", "coordinates": [ [ [ [ 338763.23499999998603, 5642579.636 ], [ 338769.429, 5642582.386 ], [ 338770.941, 5642578.984000000171363 ], [ 338764.806999999971595, 5642576.256 ], [ 338763.23499999998603, 5642579.636 ] ] ] ] } },
{ "type": "Feature", "properties": { "fid": 274087.0, "oid": "DENW41AL30008LB6BL", "aktualit": "2024-08-20", "gebnutzbez": "Gebäude", "funktion": "Gebäude zum Parken", "gfkzshh": "31001_2460", "rellage": null, "name": null, "anzahlgs": null, "gmdschl": "05362032", "lagebeztxt": null, "bld area": 37 }, "geometry": { "type": "MultiPolygon", "coordinates": [ [ [ [ 338773.553000000014435, 5642590.928000000305474 ], [ 338779.01500000001397, 5642593.353000000119209 ], [ 338781.505, 5642587.745000000111759 ], [ 338776.044, 5642585.320000000298023 ], [ 338773.553000000014435, 5642590.928000000305474 ] ] ] ] } },
{ "type": "Feature", "properties": { "fid": 275184.0, "oid": "DENW41AL30008MQUBL", "aktualit": "2024-08-20", "gebnutzbez": "Gebäude", "funktion": "Wohngebäude", "gfkzshh": "31001_1000", "rellage": null, "name": null, "anzahlgs": null, "gmdschl": "05362032", "lagebeztxt": "Am grünen Weg 2", "bld area": 95 }, "geometry": { "type": "MultiPolygon", "coordinates": [ [ [ [ 338774.51400000002468, 5642580.872000000439584 ], [ 338778.772999999986496, 5642582.751000000163913 ], [ 338778.983, 5642582.28000000026077 ], [ 338782.706, 5642583.95299999974668 ], [ 338786.618000000016764, 5642575.248999999836087 ], [ 338776.641, 5642570.83 ], [ 338774.885, 5642574.752999999560416 ], [ 338774.851000000024214, 5642574.832000000402331 ], [ 338776.865, 5642575.712000000290573 ], [ 338774.51400000002468, 5642580.872000000439584 ] ] ] ] } },
{ "type": "Feature", "properties": { "fid": 275858.0, "oid": "DENW41AL30008NAeBL", "aktualit": "2024-08-20", "gebnutzbez": "Gebäude", "funktion": "Wohngebäude", "gfkzshh": "31001_1000", "rellage": null, "name": null, "anzahlgs": null, "gmdschl": "05362032", "lagebeztxt": "Am grünen Weg 4", "bld area": 75 }, "geometry": { "type": "MultiPolygon", "coordinates": [ [ [ [ 338776.641, 5642570.83 ], [ 338786.618000000016764, 5642575.248999999836087 ], [ 338789.679, 5642568.338999999687076 ], [ 338782.305999999982305, 5642565.071999999694526 ], [ 338781.266, 5642567.411999999545515 ], [ 338778.680999999982305, 5642566.261 ], [ 338776.641, 5642570.83 ] ] ] ] } },
{ "type": "Feature", "properties": { "fid": 276113.0, "oid": "DENW41AL30008NS8BL", "aktualit": "2024-08-20", "gebnutzbez": "Gebäude", "funktion": "Wohngebäude", "gfkzshh": "31001_1000", "rellage": null, "name": null, "anzahlgs": null, "gmdschl": "05362032", "lagebeztxt": "Wiesenstraße 15, 17", "bld area": 232 }, "geometry": { "type": "MultiPolygon", "coordinates": [ [ [ [ 338753.734, 5642595.082999999634922 ], [ 338760.917000000015832, 5642598.251000000163913 ], [ 338760.773999999975786, 5642598.576999999582767 ], [ 338767.867000000027474, 5642601.676 ], [ 338768.01500000001397, 5642601.339999999850988 ], [ 338773.618000000016764, 5642603.82799999974668 ], [ 338777.886, 5642594.216 ], [ 338757.989, 5642585.443 ], [ 338757.854999999981374, 5642585.746000000275671 ], [ 338755.186999999976251, 5642591.79 ], [ 338753.734, 5642595.082999999634922 ] ] ] ] } },
{ "type": "Feature", "properties": { "fid": 61394.0, "oid": "DENW41AL30008M3jBL", "aktualit": "2024-08-20", "gebnutzbez": "Gebäude", "funktion": "Gebäude zum Parken", "gfkzshh": "31001_2460", "rellage": null, "name": null, "anzahlgs": null, "gmdschl": "05362032", "lagebeztxt": null, "bld area": 36 }, "geometry": { "type": "MultiPolygon", "coordinates": [ [ [ [ 338747.702, 5642588.548000000417233 ], [ 338752.093999999982771, 5642590.450000000186265 ], [ 338754.782, 5642584.406999999657273 ], [ 338755.13, 5642583.617999999783933 ], [ 338750.737000000022817, 5642581.677000000141561 ], [ 338747.702, 5642588.548000000417233 ] ] ] ] } },
{ "type": "Feature", "properties": { "fid": 62104.0, "oid": "DENW41AL30008N58BL", "aktualit": "2024-08-20", "gebnutzbez": "Gebäude", "funktion": "Wohngebäude", "gfkzshh": "31001_1000", "rellage": null, "name": null, "anzahlgs": null, "gmdschl": "05362032", "lagebeztxt": "Wiesenstraße 19", "bld area": 146 }, "geometry": { "type": "MultiPolygon", "coordinates": [ [ [ [ 338734.935999999986961, 5642587.20299999974668 ], [ 338746.12400000001071, 5642592.128999999724329 ], [ 338747.702, 5642588.548000000417233 ], [ 338750.737000000022817, 5642581.677000000141561 ], [ 338751.311999999976251, 5642580.372000000439584 ], [ 338750.87400000001071, 5642580.179999999701977 ], [ 338750.48499999998603, 5642581.070000000298023 ], [ 338740.099999999976717, 5642576.532999999821186 ], [ 338740.50099999998929, 5642575.614 ], [ 338740.044, 5642575.416000000201166 ], [ 338734.935999999986961, 5642587.20299999974668 ] ] ] ] } },
{ "type": "Feature", "properties": { "fid": 159602.0, "oid": "DENW41AL30008MAkBL", "aktualit": "2024-08-20", "gebnutzbez": "Gebäude", "funktion": "Gebäude zum Parken", "gfkzshh": "31001_2460", "rellage": null, "name": null, "anzahlgs": null, "gmdschl": "05362032", "lagebeztxt": null, "bld area": 22 }, "geometry": { "type": "MultiPolygon", "coordinates": [ [ [ [ 338752.093999999982771, 5642590.450000000186265 ], [ 338755.186999999976251, 5642591.79 ], [ 338757.854999999981374, 5642585.746000000275671 ], [ 338754.782, 5642584.406999999657273 ], [ 338752.093999999982771, 5642590.450000000186265 ] ] ] ] } },
{ "type": "Feature", "properties": { "fid": 158882.0, "oid": "DENW41AL30008KhuBL", "aktualit": "2024-08-20", "gebnutzbez": "Gebäude", "funktion": "Gebäude zum Parken", "gfkzshh": "31001_2460", "rellage": null, "name": null, "anzahlgs": null, "gmdschl": "05362032", "lagebeztxt": null, "bld area": 14 }, "geometry": { "type": "MultiPolygon", "coordinates": [ [ [ [ 338775.439000000013039, 5642558.269000000320375 ], [ 338780.778999999980442, 5642560.628999999724329 ], [ 338781.767, 5642558.388000000268221 ], [ 338776.424, 5642556.034 ], [ 338775.439000000013039, 5642558.269000000320375 ] ] ] ] } },
{ "type": "Feature", "properties": { "fid": 159691.0, "oid": "DENW41AL30008MLqBL", "aktualit": "2024-08-20", "gebnutzbez": "Gebäude", "funktion": "Gebäude für Land- und Forstwirtschaft", "gfkzshh": "31001_2700", "rellage": null, "name": null, "anzahlgs": null, "gmdschl": "05362032", "lagebeztxt": null, "bld area": 14 }, "geometry": { "type": "MultiPolygon", "coordinates": [ [ [ [ 338743.798, 5642551.308000000193715 ], [ 338746.761, 5642552.604000000283122 ], [ 338748.507999999972526, 5642548.608 ], [ 338745.544999999983702, 5642547.312 ], [ 338743.798, 5642551.308000000193715 ] ] ] ] } },
{ "type": "Feature", "properties": { "fid": 277033.0, "oid": "DENW41AL30008ORWBL", "aktualit": "2024-08-20", "gebnutzbez": "Gebäude", "funktion": "Gebäude zum Parken", "gfkzshh": "31001_2460", "rellage": null, "name": null, "anzahlgs": null, "gmdschl": "05362032", "lagebeztxt": null, "bld area": 22 }, "geometry": { "type": "MultiPolygon", "coordinates": [ [ [ [ 338773.00199999997858, 5642560.338999999687076 ], [ 338779.967, 5642563.427000000141561 ], [ 338781.136999999987893, 5642560.787999999709427 ], [ 338780.778999999980442, 5642560.628999999724329 ], [ 338775.439000000013039, 5642558.269000000320375 ], [ 338774.169, 5642557.707000000402331 ], [ 338773.00199999997858, 5642560.338999999687076 ] ] ] ] } },
{ "type": "Feature", "properties": { "fid": 158224.0, "oid": "DENW41AL30008JPVBL", "aktualit": "2024-08-20", "gebnutzbez": "Gebäude", "funktion": "Gebäude zum Parken", "gfkzshh": "31001_2460", "rellage": null, "name": null, "anzahlgs": null, "gmdschl": "05362032", "lagebeztxt": null, "bld area": 30 }, "geometry": { "type": "MultiPolygon", "coordinates": [ [ [ [ 338731.270000000018626, 5642580.850999999791384 ], [ 338733.914999999979045, 5642582.007000000216067 ], [ 338737.996999999973923, 5642572.66399999987334 ], [ 338735.028999999980442, 5642571.335 ], [ 338733.821999999985565, 5642574.098000000230968 ], [ 338734.208999999973457, 5642574.269000000320375 ], [ 338731.270000000018626, 5642580.850999999791384 ] ] ] ] } },
{ "type": "Feature", "properties": { "fid": 60679.0, "oid": "DENW41AL30008L23BL", "aktualit": "2024-08-20", "gebnutzbez": "Gebäude", "funktion": "Gebäude zum Parken", "gfkzshh": "31001_2460", "rellage": null, "name": null, "anzahlgs": null, "gmdschl": "05362032", "lagebeztxt": null, "bld area": 57 }, "geometry": { "type": "MultiPolygon", "coordinates": [ [ [ [ 339219.207, 5642871.233 ], [ 339229.452, 5642873.858 ], [ 339230.493000000016764, 5642868.536000000312924 ], [ 339220.152, 5642865.954 ], [ 339219.207, 5642871.233 ] ] ] ] } },
{ "type": "Feature", "properties": { "fid": 62586.0, "oid": "DENW41AL30008NlFBL", "aktualit": "2024-08-20", "gebnutzbez": "Gebäude", "funktion": "Gebäude zum Parken", "gfkzshh": "31001_2460", "rellage": null, "name": null, "anzahlgs": null, "gmdschl": "05362032", "lagebeztxt": null, "bld area": 57 }, "geometry": { "type": "MultiPolygon", "coordinates": [ [ [ [ 339229.452, 5642873.858 ], [ 339239.615999999979977, 5642876.455 ], [ 339240.731000000028871, 5642871.173999999649823 ], [ 339230.493000000016764, 5642868.536000000312924 ], [ 339229.452, 5642873.858 ] ] ] ] } },
{ "type": "Feature", "properties": { "fid": 158302.0, "oid": "DENW41AL30008JZkBL", "aktualit": "2024-08-20", "gebnutzbez": "Gebäude", "funktion": "Gemischt genutztes Gebäude mit Wohnen", "gfkzshh": "31001_1100", "rellage": null, "name": null, "anzahlgs": null, "gmdschl": "05362032", "lagebeztxt": "Bahnhofstraße 32", "bld area": 124 }, "geometry": { "type": "MultiPolygon", "coordinates": [ [ [ [ 339214.543, 5642897.307 ], [ 339224.492000000027474, 5642899.21 ], [ 339226.793, 5642887.449 ], [ 339219.471000000019558, 5642886.04 ], [ 339219.234, 5642885.995000000111759 ], [ 339219.325000000011642, 5642885.512000000104308 ], [ 339216.737000000022817, 5642885.023 ], [ 339214.593, 5642896.978000000119209 ], [ 339214.543, 5642897.307 ] ] ] ] } },
{ "type": "Feature", "properties": { "fid": 158949.0, "oid": "DENW41AL30008KqgBL", "aktualit": "2024-08-20", "gebnutzbez": "Gebäude", "funktion": "Wohngebäude", "gfkzshh": "31001_1000", "rellage": null, "name": null, "anzahlgs": null, "gmdschl": "05362032", "lagebeztxt": "Bahnhofstraße 36", "bld area": 143 }, "geometry": { "type": "MultiPolygon", "coordinates": [ [ [ [ 339234.397999999986496, 5642901.109000000171363 ], [ 339234.398999999975786, 5642901.139999999664724 ], [ 339248.549, 5642904.006 ], [ 339250.413, 5642894.196000000461936 ], [ 339236.465000000025611, 5642891.369 ], [ 339234.397999999986496, 5642901.109000000171363 ] ] ] ] } },
{ "type": "Feature", "properties": { "fid": 159189.0, "oid": "DENW41AL30008LJbBL", "aktualit": "2024-08-20", "gebnutzbez": "Gebäude", "funktion": "Gemischt genutztes Gebäude mit Wohnen", "gfkzshh": "31001_1100", "rellage": null, "name": null, "anzahlgs": null, "gmdschl": "05362032", "lagebeztxt": "Bahnhofstraße 34", "bld area": 122 }, "geometry": { "type": "MultiPolygon", "coordinates": [ [ [ [ 339224.492000000027474, 5642899.21 ], [ 339234.397999999986496, 5642901.109000000171363 ], [ 339236.767999999981839, 5642888.855999999679625 ], [ 339233.944000000017695, 5642888.309000000357628 ], [ 339233.848, 5642888.801 ], [ 339226.842, 5642887.457999999634922 ], [ 339226.793, 5642887.449 ], [ 339224.492000000027474, 5642899.21 ] ] ] ] } },
{ "type": "Feature", "properties": { "fid": 274781.0, "oid": "DENW41AL30008Lx8BL", "aktualit": "2024-08-20", "gebnutzbez": "Gebäude", "funktion": "Gebäude für Wirtschaft oder Gewerbe", "gfkzshh": "31001_2000", "rellage": null, "name": null, "anzahlgs": null, "gmdschl": "05362032", "lagebeztxt": null, "bld area": 31 }, "geometry": { "type": "MultiPolygon", "coordinates": [ [ [ [ 339219.471000000019558, 5642886.04 ], [ 339226.793, 5642887.449 ], [ 339226.842, 5642887.457999999634922 ], [ 339227.532, 5642883.343999999575317 ], [ 339220.982000000018161, 5642882.174999999813735 ], [ 339220.037000000011176, 5642882.842000000178814 ], [ 339219.471000000019558, 5642886.04 ] ] ] ] } },
{ "type": "Feature", "properties": { "fid": 62712.0, "oid": "DENW41AL30008NwUBL", "aktualit": "2024-08-20", "gebnutzbez": "Gebäude", "funktion": "Wohngebäude", "gfkzshh": "31001_1000", "rellage": null, "name": null, "anzahlgs": null, "gmdschl": "05362032", "lagebeztxt": "Höhenweg 8", "bld area": 79 }, "geometry": { "type": "MultiPolygon", "coordinates": [ [ [ [ 339293.775000000023283, 5642819.429999999701977 ], [ 339303.21999999997206, 5642823.076999999582767 ], [ 339303.297000000020489, 5642822.88300000037998 ], [ 339306.142999999981839, 5642814.787999999709427 ], [ 339298.777, 5642812.252999999560416 ], [ 339297.636, 5642811.859000000171363 ], [ 339297.53000000002794, 5642812.138000000268221 ], [ 339295.973999999987427, 5642816.167000000365078 ], [ 339294.664999999979045, 5642819.551 ], [ 339293.856000000028871, 5642819.237999999895692 ], [ 339293.775000000023283, 5642819.429999999701977 ] ] ] ] } },
{ "type": "Feature", "properties": { "fid": 273847.0, "oid": "DENW41AL30008KuMBL", "aktualit": "2024-08-20", "gebnutzbez": "Gebäude", "funktion": "Gebäude zum Parken", "gfkzshh": "31001_2460", "rellage": null, "name": null, "anzahlgs": null, "gmdschl": "05362032", "lagebeztxt": null, "bld area": 26 }, "geometry": { "type": "MultiPolygon", "coordinates": [ [ [ [ 339287.802000000025146, 5642830.915 ], [ 339289.202999999979511, 5642832.687 ], [ 339291.300999999977648, 5642832.53899999987334 ], [ 339293.267999999981839, 5642832.338999999687076 ], [ 339294.710000000020955, 5642829.00899999961257 ], [ 339289.229999999981374, 5642827.002000000327826 ], [ 339287.802000000025146, 5642830.915 ] ] ] ] } },
{ "type": "Feature", "properties": { "fid": 276988.0, "oid": "DENW41AL30008OOOBL", "aktualit": "2024-08-20", "gebnutzbez": "Gebäude", "funktion": "Wohngebäude", "gfkzshh": "31001_1000", "rellage": null, "name": null, "anzahlgs": null, "gmdschl": "05362032", "lagebeztxt": "Höhenweg 6", "bld area": 78 }, "geometry": { "type": "MultiPolygon", "coordinates": [ [ [ [ 339290.930999999982305, 5642826.59499999973923 ], [ 339300.108, 5642830.233 ], [ 339301.242000000027474, 5642827.349999999627471 ], [ 339301.492000000027474, 5642827.449 ], [ 339303.21999999997206, 5642823.076999999582767 ], [ 339293.775000000023283, 5642819.429999999701977 ], [ 339290.930999999982305, 5642826.59499999973923 ] ] ] ] } },
{ "type": "Feature", "properties": { "fid": 277318.0, "oid": "DENW41AL30008OkmBL", "aktualit": "2024-08-20", "gebnutzbez": "Gebäude", "funktion": "Wohngebäude", "gfkzshh": "31001_1000", "rellage": null, "name": null, "anzahlgs": null, "gmdschl": "05362032", "lagebeztxt": null, "bld area": 4 }, "geometry": { "type": "MultiPolygon", "coordinates": [ [ [ [ 339293.558000000019092, 5642819.123999999836087 ], [ 339293.856000000028871, 5642819.237999999895692 ], [ 339294.664999999979045, 5642819.551 ], [ 339295.973999999987427, 5642816.167000000365078 ], [ 339294.854999999981374, 5642815.735999999567866 ], [ 339293.558000000019092, 5642819.123999999836087 ] ] ] ] } },
{ "type": "Feature", "properties": { "fid": 277326.0, "oid": "DENW41AL30008OlJBL", "aktualit": "2024-08-20", "gebnutzbez": "Gebäude", "funktion": "Gebäude zum Parken", "gfkzshh": "31001_2460", "rellage": null, "name": null, "anzahlgs": null, "gmdschl": "05362032", "lagebeztxt": null, "bld area": 19 }, "geometry": { "type": "MultiPolygon", "coordinates": [ [ [ [ 339291.300999999977648, 5642832.53899999987334 ], [ 339291.447999999974854, 5642834.627000000327826 ], [ 339291.60999999998603, 5642834.963000000454485 ], [ 339291.829000000027008, 5642835.264999999664724 ], [ 339292.098999999987427, 5642835.523 ], [ 339292.409999999974389, 5642835.729000000283122 ], [ 339292.753000000026077, 5642835.877000000327826 ], [ 339293.115999999979977, 5642835.96100000012666 ], [ 339293.489, 5642835.979000000283122 ], [ 339293.859, 5642835.929999999701977 ], [ 339297.207999999984168, 5642835.673000000417233 ], [ 339296.814000000013039, 5642832.162999999709427 ], [ 339291.300999999977648, 5642832.53899999987334 ] ] ] ] } },
{ "type": "Feature", "properties": { "fid": 158467.0, "oid": "DENW41AL30008JtXBL", "aktualit": "2024-08-20", "gebnutzbez": "Gebäude", "funktion": "Wohngebäude", "gfkzshh": "31001_1000", "rellage": null, "name": null, "anzahlgs": null, "gmdschl": "05362032", "lagebeztxt": "Bahnhofstraße 34 a", "bld area": 132 }, "geometry": { "type": "MultiPolygon", "coordinates": [ [ [ [ 339217.664999999979045, 5642835.83600000012666 ], [ 339217.988000000012107, 5642835.900000000372529 ], [ 339218.048, 5642835.606999999843538 ], [ 339231.168, 5642838.287999999709427 ], [ 339231.112000000022817, 5642838.559999999590218 ], [ 339231.454000000027008, 5642838.632000000216067 ], [ 339233.827, 5642827.304999999701977 ], [ 339233.512999999977183, 5642827.240000000223517 ], [ 339233.443000000028405, 5642827.583999999798834 ], [ 339227.929, 5642826.46100000012666 ], [ 339228.0, 5642826.11699999962002 ], [ 339227.686999999976251, 5642826.051 ], [ 339227.03000000002794, 5642829.224999999627471 ], [ 339219.647999999986496, 5642827.690999999642372 ], [ 339219.711000000010245, 5642827.387000000104308 ], [ 339219.359, 5642827.315999999642372 ], [ 339217.664999999979045, 5642835.83600000012666 ] ] ] ] } },
{ "type": "Feature", "properties": { "fid": 276980.0, "oid": "DENW41AL30008ONtBL", "aktualit": "2024-08-20", "gebnutzbez": "Gebäude", "funktion": "Wohngebäude", "gfkzshh": "31001_1000", "rellage": null, "name": null, "anzahlgs": null, "gmdschl": "05362032", "lagebeztxt": "Höhenweg 2, 2 a, 2 b", "bld area": 595 }, "geometry": { "type": "MultiPolygon", "coordinates": [ [ [ [ 339250.435999999986961, 5642889.632000000216067 ], [ 339251.202, 5642890.082999999634922 ], [ 339259.609, 5642894.992999999783933 ], [ 339267.246999999973923, 5642881.752000000327826 ], [ 339268.631999999983236, 5642882.627999999560416 ], [ 339278.238000000012107, 5642865.906000000424683 ], [ 339279.647, 5642866.71999999973923 ], [ 339289.463999999978114, 5642849.86699999962002 ], [ 339281.607000000018161, 5642845.33 ], [ 339281.583999999973457, 5642845.373999999836087 ], [ 339280.229999999981374, 5642844.593000000342727 ], [ 339280.200000000011642, 5642844.645999999716878 ], [ 339279.700000000011642, 5642844.355999999679625 ], [ 339270.036000000021886, 5642861.014999999664724 ], [ 339269.134000000020023, 5642860.497999999672174 ], [ 339269.038999999989755, 5642860.66399999987334 ], [ 339268.580000000016298, 5642860.400000000372529 ], [ 339259.022, 5642876.915 ], [ 339258.083999999973457, 5642876.376000000163913 ], [ 339250.435999999986961, 5642889.632000000216067 ] ] ] ] } },
{ "type": "Feature", "properties": { "fid": 277166.0, "oid": "DENW41AL30008OamBL", "aktualit": "2024-08-20", "gebnutzbez": "Gebäude", "funktion": "Wohngebäude", "gfkzshh": "31001_1000", "rellage": null, "name": null, "anzahlgs": null, "gmdschl": "05362032", "lagebeztxt": "Höhenweg 4", "bld area": 93 }, "geometry": { "type": "MultiPolygon", "coordinates": [ [ [ [ 339281.607000000018161, 5642845.33 ], [ 339289.463999999978114, 5642849.86699999962002 ], [ 339295.028, 5642840.066999999806285 ], [ 339290.284999999974389, 5642837.36600000038743 ], [ 339288.908999999985099, 5642839.776999999769032 ], [ 339285.702, 5642837.808000000193715 ], [ 339281.607000000018161, 5642845.33 ] ] ] ] } },
{ "type": "Feature", "properties": { "fid": 59712.0, "oid": "DENW41AL30008JgcBL", "aktualit": "2024-08-20", "gebnutzbez": "Gebäude", "funktion": "Wohngebäude", "gfkzshh": "31001_1000", "rellage": null, "name": null, "anzahlgs": null, "gmdschl": "05362032", "lagebeztxt": "Am Kalkofen 9", "bld area": 62 }, "geometry": { "type": "MultiPolygon", "coordinates": [ [ [ [ 338824.587999999988824, 5642703.372000000439584 ], [ 338830.621999999973923, 5642706.934999999590218 ], [ 338834.575000000011642, 5642699.974000000394881 ], [ 338830.858, 5642697.718999999575317 ], [ 338831.857000000018161, 5642695.934000000357628 ], [ 338829.548, 5642694.642 ], [ 338824.587999999988824, 5642703.372000000439584 ] ] ] ] } },
{ "type": "Feature", "properties": { "fid": 160246.0, "oid": "DENW41AL30008NSQBL", "aktualit": "2024-08-20", "gebnutzbez": "Gebäude", "funktion": "Gebäude zur Freizeitgestaltung", "gfkzshh": "31001_1310", "rellage": null, "name": null, "anzahlgs": null, "gmdschl": "05362032", "lagebeztxt": null, "bld area": 24 }, "geometry": { "type": "MultiPolygon", "coordinates": [ [ [ [ 338829.788999999989755, 5642670.940000000409782 ], [ 338835.305, 5642673.20299999974668 ], [ 338836.87300000002142, 5642669.677000000141561 ], [ 338834.504000000015367, 5642668.626000000163913 ], [ 338831.205000000016298, 5642667.162999999709427 ], [ 338830.609, 5642668.695000000298023 ], [ 338830.656000000017229, 5642668.713000000454485 ], [ 338829.788999999989755, 5642670.940000000409782 ] ] ] ] } },
{ "type": "Feature", "properties": { "fid": 60924.0, "oid": "DENW41AL30008LNoBL", "aktualit": "2024-08-20", "gebnutzbez": "Gebäude", "funktion": "Wohngebäude", "gfkzshh": "31001_1000", "rellage": null, "name": null, "anzahlgs": null, "gmdschl": "05362032", "lagebeztxt": "Wiesenstraße 12", "bld area": 60 }, "geometry": { "type": "MultiPolygon", "coordinates": [ [ [ [ 338828.990999999979977, 5642651.534 ], [ 338830.34499999997206, 5642652.144000000320375 ], [ 338835.321, 5642654.388000000268221 ], [ 338838.806999999971595, 5642646.46 ], [ 338832.471000000019558, 5642643.659 ], [ 338828.990999999979977, 5642651.534 ] ] ] ] } },
{ "type": "Feature", "properties": { "fid": 272709.0, "oid": "DENW41AL30008JdUBL", "aktualit": "2024-08-20", "gebnutzbez": "Gebäude", "funktion": "Gebäude zum Parken", "gfkzshh": "31001_2460", "rellage": null, "name": null, "anzahlgs": null, "gmdschl": "05362032", "lagebeztxt": null, "bld area": 25 }, "geometry": { "type": "MultiPolygon", "coordinates": [ [ [ [ 338828.541000000026543, 5642656.29 ], [ 338833.496999999973923, 5642658.536000000312924 ], [ 338834.132999999972526, 5642657.088000000454485 ], [ 338835.321, 5642654.388000000268221 ], [ 338830.34499999997206, 5642652.144000000320375 ], [ 338828.541000000026543, 5642656.29 ] ] ] ] } },
{ "type": "Feature", "properties": { "fid": 277327.0, "oid": "DENW41AL30008OlKBL", "aktualit": "2024-08-20", "gebnutzbez": "Gebäude", "funktion": "Wohngebäude", "gfkzshh": "31001_1000", "rellage": null, "name": null, "anzahlgs": null, "gmdschl": "05362032", "lagebeztxt": "Wiesenstraße 10", "bld area": 56 }, "geometry": { "type": "MultiPolygon", "coordinates": [ [ [ [ 338838.723, 5642659.04700000025332 ], [ 338843.15500000002794, 5642661.048999999649823 ], [ 338844.545999999972992, 5642657.893000000156462 ], [ 338847.792000000015832, 5642650.528 ], [ 338843.378000000026077, 5642648.479000000283122 ], [ 338838.723, 5642659.04700000025332 ] ] ] ] } },
{ "type": "Feature", "properties": { "fid": 277563.0, "oid": "DENW41AL30008P15BL", "aktualit": "2024-08-20", "gebnutzbez": "Gebäude", "funktion": "Wohngebäude", "gfkzshh": "31001_1000", "rellage": null, "name": null, "anzahlgs": null, "gmdschl": "05362032", "lagebeztxt": "Wiesenstraße 10 a", "bld area": 58 }, "geometry": { "type": "MultiPolygon", "coordinates": [ [ [ [ 338834.132999999972526, 5642657.088000000454485 ], [ 338838.723, 5642659.04700000025332 ], [ 338843.378000000026077, 5642648.479000000283122 ], [ 338838.806999999971595, 5642646.46 ], [ 338835.321, 5642654.388000000268221 ], [ 338834.132999999972526, 5642657.088000000454485 ] ] ] ] } },
{ "type": "Feature", "properties": { "fid": 270396.0, "oid": "DENW41AL10005n0eBL", "aktualit": "2024-08-20", "gebnutzbez": "Gebäude", "funktion": "Gebäude zum Parken", "gfkzshh": "31001_2460", "rellage": null, "name": null, "anzahlgs": null, "gmdschl": "05362032", "lagebeztxt": null, "bld area": 19 }, "geometry": { "type": "MultiPolygon", "coordinates": [ [ [ [ 338820.631999999983236, 5642652.492999999783933 ], [ 338823.517, 5642653.740000000223517 ], [ 338825.96999999997206, 5642648.048000000417233 ], [ 338823.341000000014901, 5642646.803999999538064 ], [ 338821.534999999974389, 5642650.928000000305474 ], [ 338821.343, 5642650.843000000342727 ], [ 338820.631999999983236, 5642652.492999999783933 ] ] ] ] } },
{ "type": "Feature", "properties": { "fid": 63204.0, "oid": "DENW41AL30008OdDBL", "aktualit": "2024-08-20", "gebnutzbez": "Gebäude", "funktion": "Wohngebäude", "gfkzshh": "31001_1000", "rellage": null, "name": null, "anzahlgs": null, "gmdschl": "05362032", "lagebeztxt": "Sistenichstraße 77", "bld area": 86 }, "geometry": { "type": "MultiPolygon", "coordinates": [ [ [ [ 338993.333999999973457, 5642222.695000000298023 ], [ 338998.474999999976717, 5642222.632000000216067 ], [ 339002.145000000018626, 5642222.58600000012666 ], [ 339002.148999999975786, 5642222.307 ], [ 339002.223999999987427, 5642218.173000000417233 ], [ 339002.306999999971595, 5642213.54 ], [ 339002.314000000013039, 5642213.190000000409782 ], [ 338997.973999999987427, 5642213.224000000394881 ], [ 338997.96999999997206, 5642212.625 ], [ 338993.505, 5642212.661999999545515 ], [ 338993.333999999973457, 5642222.695000000298023 ] ] ] ] } },
{ "type": "Feature", "properties": { "fid": 119843.0, "oid": "DENW41AL30008NNJBL", "aktualit": "2024-08-20", "gebnutzbez": "Gebäude", "funktion": "Wohngebäude", "gfkzshh": "31001_1000", "rellage": null, "name": null, "anzahlgs": null, "gmdschl": "05362032", "lagebeztxt": null, "bld area": 21 }, "geometry": { "type": "MultiPolygon", "coordinates": [ [ [ [ 339002.223999999987427, 5642218.173000000417233 ], [ 339006.847, 5642218.256 ], [ 339006.930999999982305, 5642213.622999999672174 ], [ 339002.306999999971595, 5642213.54 ], [ 339002.223999999987427, 5642218.173000000417233 ] ] ] ] } },
{ "type": "Feature", "properties": { "fid": 158805.0, "oid": "DENW41AL30008KYrBL", "aktualit": "2024-08-20", "gebnutzbez": "Gebäude", "funktion": "Gebäude zum Parken", "gfkzshh": "31001_2460", "rellage": null, "name": null, "anzahlgs": null, "gmdschl": "05362032", "lagebeztxt": null, "bld area": 21 }, "geometry": { "type": "MultiPolygon", "coordinates": [ [ [ [ 338998.457999999984168, 5642226.122000000439584 ], [ 339004.419999999983702, 5642226.043999999761581 ], [ 339004.406000000017229, 5642222.347 ], [ 339002.148999999975786, 5642222.307 ], [ 339002.145000000018626, 5642222.58600000012666 ], [ 338998.474999999976717, 5642222.632000000216067 ], [ 338998.457999999984168, 5642226.122000000439584 ] ] ] ] } },
{ "type": "Feature", "properties": { "fid": 275026.0, "oid": "DENW41AL30008MF7BL", "aktualit": "2024-09-20", "gebnutzbez": "Gebäude", "funktion": "Gebäude zum Parken", "gfkzshh": "31001_2460", "rellage": null, "name": null, "anzahlgs": null, "gmdschl": "05362032", "lagebeztxt": null, "bld area": 37 }, "geometry": { "type": "MultiPolygon", "coordinates": [ [ [ [ 338912.103, 5642650.838999999687076 ], [ 338922.822999999974854, 5642654.894000000320375 ], [ 338923.933000000019092, 5642651.979000000283122 ], [ 338915.939000000013039, 5642648.937 ], [ 338916.066, 5642648.610999999567866 ], [ 338913.331, 5642647.579 ], [ 338912.103, 5642650.838999999687076 ] ] ] ] } },
{ "type": "Feature", "properties": { "fid": 64046.0, "oid": "DENW41ALee0000d6BL", "aktualit": "2024-08-20", "gebnutzbez": "Gebäude", "funktion": "Wohngebäude", "gfkzshh": "31001_1000", "rellage": null, "name": null, "anzahlgs": null, "gmdschl": "05362032", "lagebeztxt": "Hebbelstraße 5", "bld area": 195 }, "geometry": { "type": "MultiPolygon", "coordinates": [ [ [ [ 338872.022999999986496, 5642272.333999999798834 ], [ 338886.185999999986961, 5642272.852 ], [ 338886.713999999978114, 5642258.678000000305474 ], [ 338886.197999999974854, 5642258.653 ], [ 338886.158, 5642259.400000000372529 ], [ 338881.381999999983236, 5642259.213999999687076 ], [ 338881.412000000011176, 5642258.468000000342727 ], [ 338872.542000000015832, 5642258.157999999821186 ], [ 338872.210000000020955, 5642267.154 ], [ 338872.832, 5642267.173999999649823 ], [ 338872.679, 5642271.835 ], [ 338872.044999999983702, 5642271.818 ], [ 338872.022999999986496, 5642272.333999999798834 ] ] ] ] } },
{ "type": "Feature", "properties": { "fid": 61528.0, "oid": "DENW41AL30008MFMBL", "aktualit": "2024-08-20", "gebnutzbez": "Gebäude", "funktion": "Gebäude zum Parken", "gfkzshh": "31001_2460", "rellage": null, "name": null, "anzahlgs": null, "gmdschl": "05362032", "lagebeztxt": null, "bld area": 15 }, "geometry": { "type": "MultiPolygon", "coordinates": [ [ [ [ 338918.729999999981374, 5642242.127000000327826 ], [ 338923.981000000028871, 5642242.781999999657273 ], [ 338924.246999999973923, 5642239.934999999590218 ], [ 338919.00099999998929, 5642239.281999999657273 ], [ 338918.729999999981374, 5642242.127000000327826 ] ] ] ] } },
{ "type": "Feature", "properties": { "fid": 61579.0, "oid": "DENW41AL30008MKHBL", "aktualit": "2024-08-20", "gebnutzbez": "Gebäude", "funktion": "Wohngebäude", "gfkzshh": "31001_1000", "rellage": null, "name": null, "anzahlgs": null, "gmdschl": "05362032", "lagebeztxt": "Hebbelstraße 9, 11", "bld area": 287 }, "geometry": { "type": "MultiPolygon", "coordinates": [ [ [ [ 338875.99, 5642211.483 ], [ 338877.976000000024214, 5642211.707999999634922 ], [ 338884.132999999972526, 5642212.415 ], [ 338888.102000000013504, 5642177.645999999716878 ], [ 338879.974999999976717, 5642176.716 ], [ 338875.99, 5642211.483 ] ] ] ] } },
{ "type": "Feature", "properties": { "fid": 61992.0, "oid": "DENW41AL30008MuiBL", "aktualit": "2024-08-20", "gebnutzbez": "Gebäude", "funktion": "Wohngebäude", "gfkzshh": "31001_1000", "rellage": null, "name": null, "anzahlgs": null, "gmdschl": "05362032", "lagebeztxt": "Oderstraße 4, 5", "bld area": 285 }, "geometry": { "type": "MultiPolygon", "coordinates": [ [ [ [ 338879.193000000028405, 5642246.763000000268221 ], [ 338913.886999999987893, 5642250.799999999813735 ], [ 338914.832, 5642242.690999999642372 ], [ 338880.14000000001397, 5642238.639000000432134 ], [ 338879.193000000028405, 5642246.763000000268221 ] ] ] ] } },
{ "type": "Feature", "properties": { "fid": 62131.0, "oid": "DENW41AL30008N7cBL", "aktualit": "2024-08-20", "gebnutzbez": "Gebäude", "funktion": "Gebäude zur Freizeitgestaltung", "gfkzshh": "31001_1310", "rellage": null, "name": null, "anzahlgs": null, "gmdschl": "05362032", "lagebeztxt": null, "bld area": 57 }, "geometry": { "type": "MultiPolygon", "coordinates": [ [ [ [ 338927.163, 5642209.396999999880791 ], [ 338934.742000000027474, 5642210.410000000149012 ], [ 338935.143999999971129, 5642207.417999999597669 ], [ 338932.433000000019092, 5642207.053999999538064 ], [ 338933.412000000011176, 5642200.611999999731779 ], [ 338928.072999999974854, 5642199.888000000268221 ], [ 338927.163, 5642209.396999999880791 ] ] ] ] } },
{ "type": "Feature", "properties": { "fid": 158442.0, "oid": "DENW41AL30008JqdBL", "aktualit": "2024-08-20", "gebnutzbez": "Gebäude", "funktion": "Gebäude zum Parken", "gfkzshh": "31001_2460", "rellage": null, "name": null, "anzahlgs": null, "gmdschl": "05362032", "lagebeztxt": null, "bld area": 15 }, "geometry": { "type": "MultiPolygon", "coordinates": [ [ [ [ 338919.518999999971129, 5642233.821000000461936 ], [ 338924.756, 5642234.46999999973923 ], [ 338925.011999999987893, 5642231.721 ], [ 338919.78000000002794, 5642231.076000000350177 ], [ 338919.518999999971129, 5642233.821000000461936 ] ] ] ] } },
{ "type": "Feature", "properties": { "fid": 159898.0, "oid": "DENW41AL30008MlABL", "aktualit": "2024-08-20", "gebnutzbez": "Gebäude", "funktion": "Gebäude zum Parken", "gfkzshh": "31001_2460", "rellage": null, "name": null, "anzahlgs": null, "gmdschl": "05362032", "lagebeztxt": null, "bld area": 15 }, "geometry": { "type": "MultiPolygon", "coordinates": [ [ [ [ 338920.043, 5642228.299999999813735 ], [ 338925.270000000018626, 5642228.94400000013411 ], [ 338925.538, 5642226.066999999806285 ], [ 338920.316, 5642225.424999999813735 ], [ 338920.043, 5642228.299999999813735 ] ] ] ] } },
{ "type": "Feature", "properties": { "fid": 160712.0, "oid": "DENW41AL30008ONLBL", "aktualit": "2024-08-20", "gebnutzbez": "Gebäude", "funktion": "Wohngebäude", "gfkzshh": "31001_1000", "rellage": null, "name": null, "anzahlgs": null, "gmdschl": "05362032", "lagebeztxt": "Merodestraße 20", "bld area": 149 }, "geometry": { "type": "MultiPolygon", "coordinates": [ [ [ [ 338888.223999999987427, 5642166.660000000149012 ], [ 338888.659999999974389, 5642166.769000000320375 ], [ 338888.684, 5642166.67200000025332 ], [ 338905.028, 5642170.774000000208616 ], [ 338905.004000000015367, 5642170.871000000275671 ], [ 338905.44, 5642170.980000000447035 ], [ 338907.528, 5642162.640999999828637 ], [ 338907.082999999984168, 5642162.529 ], [ 338907.058000000019092, 5642162.627000000327826 ], [ 338890.73499999998603, 5642158.512000000104308 ], [ 338890.759000000020023, 5642158.415 ], [ 338890.322999999974854, 5642158.30599999986589 ], [ 338888.223999999987427, 5642166.660000000149012 ] ] ] ] } },
{ "type": "Feature", "properties": { "fid": 272734.0, "oid": "DENW41AL30008JezBL", "aktualit": "2024-08-20", "gebnutzbez": "Gebäude", "funktion": "Wohngebäude", "gfkzshh": "31001_1000", "rellage": null, "name": null, "anzahlgs": null, "gmdschl": "05362032", "lagebeztxt": "Hebbelstraße 7", "bld area": 144 }, "geometry": { "type": "MultiPolygon", "coordinates": [ [ [ [ 338875.996999999973923, 5642229.138000000268221 ], [ 338884.12599999998929, 5642230.059999999590218 ], [ 338886.109, 5642212.639999999664724 ], [ 338884.132999999972526, 5642212.415 ], [ 338877.976000000024214, 5642211.707999999634922 ], [ 338875.996999999973923, 5642229.138000000268221 ] ] ] ] } },
{ "type": "Feature", "properties": { "fid": 273605.0, "oid": "DENW41AL30008KdsBL", "aktualit": "2024-08-20", "gebnutzbez": "Gebäude", "funktion": "Wohngebäude", "gfkzshh": "31001_1000", "rellage": null, "name": null, "anzahlgs": null, "gmdschl": "05362032", "lagebeztxt": "Oderstraße 1", "bld area": 143 }, "geometry": { "type": "MultiPolygon", "coordinates": [ [ [ [ 338915.174999999988358, 5642183.394000000320375 ], [ 338923.304, 5642184.296 ], [ 338925.229, 5642166.950000000186265 ], [ 338917.102000000013504, 5642166.048999999649823 ], [ 338915.174999999988358, 5642183.394000000320375 ] ] ] ] } },
{ "type": "Feature", "properties": { "fid": 274971.0, "oid": "DENW41AL30008MCUBL", "aktualit": "2024-08-20", "gebnutzbez": "Gebäude", "funktion": "Wohngebäude", "gfkzshh": "31001_1000", "rellage": null, "name": null, "anzahlgs": null, "gmdschl": "05362032", "lagebeztxt": "Oderstraße 2, 3", "bld area": 288 }, "geometry": { "type": "MultiPolygon", "coordinates": [ [ [ [ 338907.868000000016764, 5642223.983 ], [ 338916.021, 5642224.91399999987334 ], [ 338920.005, 5642190.064000000245869 ], [ 338911.851000000024214, 5642189.132000000216067 ], [ 338907.868000000016764, 5642223.983 ] ] ] ] } },
{ "type": "Feature", "properties": { "fid": 275181.0, "oid": "DENW41AL30008MQDBL", "aktualit": "2024-08-20", "gebnutzbez": "Gebäude", "funktion": "Gebäude zum Parken", "gfkzshh": "31001_2460", "rellage": null, "name": null, "anzahlgs": null, "gmdschl": "05362032", "lagebeztxt": null, "bld area": 14 }, "geometry": { "type": "MultiPolygon", "coordinates": [ [ [ [ 338919.261999999987893, 5642236.526999999769032 ], [ 338924.503000000026077, 5642237.177000000141561 ], [ 338924.756, 5642234.46999999973923 ], [ 338919.518999999971129, 5642233.821000000461936 ], [ 338919.261999999987893, 5642236.526999999769032 ] ] ] ] } },
{ "type": "Feature", "properties": { "fid": 275698.0, "oid": "DENW41AL30008N2IBL", "aktualit": "2024-08-20", "gebnutzbez": "Gebäude", "funktion": "Gebäude zum Parken", "gfkzshh": "31001_2460", "rellage": null, "name": null, "anzahlgs": null, "gmdschl": "05362032", "lagebeztxt": null, "bld area": 15 }, "geometry": { "type": "MultiPolygon", "coordinates": [ [ [ [ 338919.00099999998929, 5642239.281999999657273 ], [ 338924.246999999973923, 5642239.934999999590218 ], [ 338924.503000000026077, 5642237.177000000141561 ], [ 338919.261999999987893, 5642236.526999999769032 ], [ 338919.00099999998929, 5642239.281999999657273 ] ] ] ] } },
{ "type": "Feature", "properties": { "fid": 277566.0, "oid": "DENW41AL30008P19BL", "aktualit": "2024-08-20", "gebnutzbez": "Gebäude", "funktion": "Gebäude zum Parken", "gfkzshh": "31001_2460", "rellage": null, "name": null, "anzahlgs": null, "gmdschl": "05362032", "lagebeztxt": null, "bld area": 15 }, "geometry": { "type": "MultiPolygon", "coordinates": [ [ [ [ 338919.78000000002794, 5642231.076000000350177 ], [ 338925.011999999987893, 5642231.721 ], [ 338925.270000000018626, 5642228.94400000013411 ], [ 338920.043, 5642228.299999999813735 ], [ 338919.78000000002794, 5642231.076000000350177 ] ] ] ] } },
{ "type": "Feature", "properties": { "fid": 62191.0, "oid": "DENW41AL30008NCpBL", "aktualit": "2024-08-20", "gebnutzbez": "Gebäude", "funktion": "Wohngebäude", "gfkzshh": "31001_1000", "rellage": null, "name": null, "anzahlgs": null, "gmdschl": "05362032", "lagebeztxt": "Hebbelstraße 3", "bld area": 265 }, "geometry": { "type": "MultiPolygon", "coordinates": [ [ [ [ 338895.326, 5642279.185999999754131 ], [ 338917.316999999980908, 5642279.898 ], [ 338917.705000000016298, 5642267.856999999843538 ], [ 338895.705000000016298, 5642267.159 ], [ 338895.326, 5642279.185999999754131 ] ] ] ] } },
{ "type": "Feature", "properties": { "fid": 62737.0, "oid": "DENW41AL30008Nz4BL", "aktualit": "2025-03-18", "gebnutzbez": "Gebäude", "funktion": "Gebäude zum Parken", "gfkzshh": "31001_2460", "rellage": null, "name": null, "anzahlgs": null, "gmdschl": "05362032", "lagebeztxt": null, "bld area": 67 }, "geometry": { "type": "MultiPolygon", "coordinates": [ [ [ [ 338923.962, 5642280.554999999701977 ], [ 338935.767, 5642280.937 ], [ 338935.944000000017695, 5642275.231999999843538 ], [ 338924.131999999983236, 5642274.849999999627471 ], [ 338923.962, 5642280.554999999701977 ] ] ] ] } },
{ "type": "Feature", "properties": { "fid": 196090.0, "oid": "DENW41ALBs000022BL", "aktualit": "2025-05-15", "gebnutzbez": "Gebäude", "funktion": "Gebäude zum Parken", "gfkzshh": "31001_2460", "rellage": null, "name": null, "anzahlgs": null, "gmdschl": "05362032", "lagebeztxt": null, "bld area": 39 }, "geometry": { "type": "MultiPolygon", "coordinates": [ [ [ [ 338935.767, 5642280.937 ], [ 338941.643999999971129, 5642281.127000000327826 ], [ 338941.865, 5642274.313 ], [ 338935.96999999997206, 5642274.396999999880791 ], [ 338935.944000000017695, 5642275.231999999843538 ], [ 338935.767, 5642280.937 ] ] ] ] } },
{ "type": "Feature", "properties": { "fid": 271997.0, "oid": "DENW41AL2O30004IBL", "aktualit": "2024-08-20", "gebnutzbez": "Gebäude", "funktion": "Gebäude zum Parken", "gfkzshh": "31001_2460", "rellage": null, "name": null, "anzahlgs": null, "gmdschl": "05362032", "lagebeztxt": null, "bld area": 32 }, "geometry": { "type": "MultiPolygon", "coordinates": [ [ [ [ 339001.006, 5642339.890999999828637 ], [ 339010.00199999997858, 5642340.361999999731779 ], [ 339010.157, 5642336.858 ], [ 339001.158999999985099, 5642336.395999999716878 ], [ 339001.153999999980442, 5642336.520999999716878 ], [ 339001.006, 5642339.890999999828637 ] ] ] ] } },
{ "type": "Feature", "properties": { "fid": 273170.0, "oid": "DENW41AL30008K8tBL", "aktualit": "2024-08-20", "gebnutzbez": "Gebäude", "funktion": "Gebäude für Wirtschaft oder Gewerbe", "gfkzshh": "31001_2000", "rellage": null, "name": null, "anzahlgs": null, "gmdschl": "05362032", "lagebeztxt": null, "bld area": 14 }, "geometry": { "type": "MultiPolygon", "coordinates": [ [ [ [ 339001.153999999980442, 5642336.520999999716878 ], [ 339005.831, 5642336.666000000201166 ], [ 339005.917000000015832, 5642333.712000000290573 ], [ 339001.282, 5642333.588999999687076 ], [ 339001.158999999985099, 5642336.395999999716878 ], [ 339001.153999999980442, 5642336.520999999716878 ] ] ] ] } },
{ "type": "Feature", "properties": { "fid": 274899.0, "oid": "DENW41AL30008M61BL", "aktualit": "2024-08-20", "gebnutzbez": "Gebäude", "funktion": "Gebäude zum Parken", "gfkzshh": "31001_2460", "rellage": null, "name": null, "anzahlgs": null, "gmdschl": "05362032", "lagebeztxt": null, "bld area": 28 }, "geometry": { "type": "MultiPolygon", "coordinates": [ [ [ [ 338993.681999999971595, 5642336.29 ], [ 339001.158999999985099, 5642336.395999999716878 ], [ 339001.282, 5642333.588999999687076 ], [ 339001.32, 5642332.729000000283122 ], [ 338993.776000000012573, 5642332.42 ], [ 338993.681999999971595, 5642336.29 ] ] ] ] } },
{ "type": "Feature", "properties": { "fid": 275374.0, "oid": "DENW41AL30008MdKBL", "aktualit": "2024-08-20", "gebnutzbez": "Gebäude", "funktion": "Wohngebäude", "gfkzshh": "31001_1000", "rellage": null, "name": null, "anzahlgs": null, "gmdschl": "05362032", "lagebeztxt": "Fischbachstraße 1", "bld area": 73 }, "geometry": { "type": "MultiPolygon", "coordinates": [ [ [ [ 338999.207, 5642317.099999999627471 ], [ 339007.727000000013504, 5642317.321999999694526 ], [ 339008.025000000023283, 5642308.737999999895692 ], [ 338999.5, 5642308.503999999724329 ], [ 338999.207, 5642317.099999999627471 ] ] ] ] } },
{ "type": "Feature", "properties": { "fid": 158754.0, "oid": "DENW41AL30008KSbBL", "aktualit": "2024-08-20", "gebnutzbez": "Gebäude", "funktion": "Wohngebäude", "gfkzshh": "31001_1000", "rellage": null, "name": null, "anzahlgs": null, "gmdschl": "05362032", "lagebeztxt": "Fischbachstraße 3", "bld area": 71 }, "geometry": { "type": "MultiPolygon", "coordinates": [ [ [ [ 339042.93, 5642312.28899999987334 ], [ 339051.425999999977648, 5642312.59499999973923 ], [ 339051.836000000010245, 5642304.337000000290573 ], [ 339043.229, 5642303.963000000454485 ], [ 339042.93, 5642312.28899999987334 ] ] ] ] } },
{ "type": "Feature", "properties": { "fid": 274490.0, "oid": "DENW41AL30008LcmBL", "aktualit": "2024-08-20", "gebnutzbez": "Gebäude", "funktion": "Wohngebäude", "gfkzshh": "31001_1000", "rellage": null, "name": null, "anzahlgs": null, "gmdschl": "05362032", "lagebeztxt": "Fischbachstraße 4", "bld area": 74 }, "geometry": { "type": "MultiPolygon", "coordinates": [ [ [ [ 339043.229, 5642303.963000000454485 ], [ 339051.836000000010245, 5642304.337000000290573 ], [ 339052.261, 5642295.774000000208616 ], [ 339043.536000000021886, 5642295.458999999798834 ], [ 339043.229, 5642303.963000000454485 ] ] ] ] } },
{ "type": "Feature", "properties": { "fid": 159252.0, "oid": "DENW41AL30008LRRBL", "aktualit": "2024-08-20", "gebnutzbez": "Gebäude", "funktion": "Wohngebäude", "gfkzshh": "31001_1000", "rellage": null, "name": null, "anzahlgs": null, "gmdschl": "05362032", "lagebeztxt": "Fischbachstraße 2", "bld area": 73 }, "geometry": { "type": "MultiPolygon", "coordinates": [ [ [ [ 339017.672000000020489, 5642319.740000000223517 ], [ 339026.217, 5642320.270999999716878 ], [ 339026.670999999972992, 5642311.707000000402331 ], [ 339018.112000000022817, 5642311.188 ], [ 339017.672000000020489, 5642319.740000000223517 ] ] ] ] } },
{ "type": "Feature", "properties": { "fid": 277669.0, "oid": "DENW41AL3000A1kpBL", "aktualit": "2024-08-20", "gebnutzbez": "Gebäude", "funktion": "Wohngebäude", "gfkzshh": "31001_1000", "rellage": null, "name": null, "anzahlgs": null, "gmdschl": "05362032", "lagebeztxt": "Herderstraße 5", "bld area": 104 }, "geometry": { "type": "MultiPolygon", "coordinates": [ [ [ [ 338893.348, 5642568.535000000149012 ], [ 338903.322999999974854, 5642568.998999999836087 ], [ 338910.231000000028871, 5642569.484000000171363 ], [ 338910.343, 5642569.507000000216067 ], [ 338910.669999999983702, 5642563.265999999828637 ], [ 338893.631999999983236, 5642562.463999999687076 ], [ 338893.348, 5642568.535000000149012 ] ] ] ] } },
{ "type": "Feature", "properties": { "fid": 277670.0, "oid": "DENW41AL3000A1kuBL", "aktualit": "2024-08-20", "gebnutzbez": "Gebäude", "funktion": "Gebäude zum Parken", "gfkzshh": "31001_2460", "rellage": null, "name": null, "anzahlgs": null, "gmdschl": "05362032", "lagebeztxt": null, "bld area": 20 }, "geometry": { "type": "MultiPolygon", "coordinates": [ [ [ [ 338903.172000000020489, 5642571.901999999769032 ], [ 338910.108, 5642572.227 ], [ 338910.231000000028871, 5642569.484000000171363 ], [ 338903.322999999974854, 5642568.998999999836087 ], [ 338903.172000000020489, 5642571.901999999769032 ] ] ] ] } },
{ "type": "Feature", "properties": { "fid": 59606.0, "oid": "DENW41AL30008JXFBL", "aktualit": "2024-08-20", "gebnutzbez": "Gebäude", "funktion": "Gebäude zum Parken", "gfkzshh": "31001_2460", "rellage": null, "name": null, "anzahlgs": null, "gmdschl": "05362032", "lagebeztxt": null, "bld area": 15 }, "geometry": { "type": "MultiPolygon", "coordinates": [ [ [ [ 338891.292000000015832, 5642580.367999999783933 ], [ 338895.943000000028405, 5642582.44400000013411 ], [ 338897.161000000021886, 5642579.71 ], [ 338892.525000000023283, 5642577.622000000439584 ], [ 338891.292000000015832, 5642580.367999999783933 ] ] ] ] } },
{ "type": "Feature", "properties": { "fid": 60517.0, "oid": "DENW41AL30008Kn5BL", "aktualit": "2024-08-20", "gebnutzbez": "Gebäude", "funktion": "Wohngebäude", "gfkzshh": "31001_1000", "rellage": null, "name": null, "anzahlgs": null, "gmdschl": "05362032", "lagebeztxt": "Sistenichstraße 28", "bld area": 82 }, "geometry": { "type": "MultiPolygon", "coordinates": [ [ [ [ 338941.288, 5642589.140999999828637 ], [ 338949.826, 5642592.369 ], [ 338951.534999999974389, 5642588.013000000268221 ], [ 338952.794, 5642587.728000000119209 ], [ 338953.516, 5642585.751000000163913 ], [ 338952.865999999979977, 5642584.640999999828637 ], [ 338952.958999999973457, 5642584.395999999716878 ], [ 338944.327999999979511, 5642581.119 ], [ 338941.288, 5642589.140999999828637 ] ] ] ] } },
{ "type": "Feature", "properties": { "fid": 60689.0, "oid": "DENW41AL30008L2uBL", "aktualit": "2024-08-20", "gebnutzbez": "Gebäude", "funktion": "Gebäude zum Parken", "gfkzshh": "31001_2460", "rellage": null, "name": null, "anzahlgs": null, "gmdschl": "05362032", "lagebeztxt": null, "bld area": 16 }, "geometry": { "type": "MultiPolygon", "coordinates": [ [ [ [ 338954.734, 5642574.535000000149012 ], [ 338959.51400000002468, 5642574.767 ], [ 338960.416000000026543, 5642574.812 ], [ 338960.726000000024214, 5642574.826999999582767 ], [ 338960.852000000013504, 5642572.230000000447035 ], [ 338960.543, 5642572.214999999850988 ], [ 338954.859, 5642571.938 ], [ 338954.734, 5642574.535000000149012 ] ] ] ] } },
{ "type": "Feature", "properties": { "fid": 61616.0, "oid": "DENW41AL30008MNKBL", "aktualit": "2024-08-20", "gebnutzbez": "Gebäude", "funktion": "Gebäude zum Parken", "gfkzshh": "31001_2460", "rellage": null, "name": null, "anzahlgs": null, "gmdschl": "05362032", "lagebeztxt": null, "bld area": 24 }, "geometry": { "type": "MultiPolygon", "coordinates": [ [ [ [ 338952.549999999988358, 5642577.201999999582767 ], [ 338958.14000000001397, 5642579.326000000350177 ], [ 338959.455000000016298, 5642575.865000000223517 ], [ 338959.51400000002468, 5642574.767 ], [ 338954.734, 5642574.535000000149012 ], [ 338952.684, 5642574.434999999590218 ], [ 338952.549999999988358, 5642577.201999999582767 ] ] ] ] } },
{ "type": "Feature", "properties": { "fid": 160902.0, "oid": "DENW41AL30008OlEBL", "aktualit": "2024-08-20", "gebnutzbez": "Gebäude", "funktion": "Wohngebäude", "gfkzshh": "31001_1000", "rellage": null, "name": null, "anzahlgs": null, "gmdschl": "05362032", "lagebeztxt": "Sistenichstraße 26", "bld area": 79 }, "geometry": { "type": "MultiPolygon", "coordinates": [ [ [ [ 338938.505, 5642596.446999999694526 ], [ 338947.087999999988824, 5642599.691999999806285 ], [ 338948.566999999980908, 5642595.775000000372529 ], [ 338948.898999999975786, 5642595.80599999986589 ], [ 338949.229, 5642595.75800000037998 ], [ 338949.538, 5642595.63300000037998 ], [ 338949.809, 5642595.439000000245869 ], [ 338950.026000000012573, 5642595.187 ], [ 338950.178000000014435, 5642594.889999999664724 ], [ 338950.255, 5642594.565000000409782 ], [ 338950.254000000015367, 5642594.230999999679625 ], [ 338950.173, 5642593.906999999657273 ], [ 338950.017999999981839, 5642593.611999999731779 ], [ 338949.798, 5642593.360999999567866 ], [ 338949.523999999975786, 5642593.17 ], [ 338949.826, 5642592.369 ], [ 338941.288, 5642589.140999999828637 ], [ 338939.858, 5642588.606999999843538 ], [ 338938.664999999979045, 5642591.848000000230968 ], [ 338940.047000000020489, 5642592.365000000223517 ], [ 338938.505, 5642596.446999999694526 ] ] ] ] } },
{ "type": "Feature", "properties": { "fid": 273873.0, "oid": "DENW41AL30008KwFBL", "aktualit": "2024-08-20", "gebnutzbez": "Gebäude", "funktion": "Wohngebäude", "gfkzshh": "31001_1000", "rellage": null, "name": null, "anzahlgs": null, "gmdschl": "05362032", "lagebeztxt": null, "bld area": 49 }, "geometry": { "type": "MultiPolygon", "coordinates": [ [ [ [ 338939.579000000027008, 5642572.070000000298023 ], [ 338950.208999999973457, 5642572.566999999806285 ], [ 338950.25099999998929, 5642571.888000000268221 ], [ 338953.318000000028405, 5642572.064000000245869 ], [ 338953.422000000020489, 5642570.307 ], [ 338950.354, 5642570.122999999672174 ], [ 338948.24900000001071, 5642569.998999999836087 ], [ 338948.321, 5642567.981999999843538 ], [ 338943.352000000013504, 5642567.74199999962002 ], [ 338939.73499999998603, 5642567.571999999694526 ], [ 338939.579000000027008, 5642572.070000000298023 ] ] ] ] } },
{ "type": "Feature", "properties": { "fid": 60506.0, "oid": "DENW41AL30008KloBL", "aktualit": "2024-08-20", "gebnutzbez": "Gebäude", "funktion": "Gebäude zum Parken", "gfkzshh": "31001_2460", "rellage": null, "name": null, "anzahlgs": null, "gmdschl": "05362032", "lagebeztxt": null, "bld area": 30 }, "geometry": { "type": "MultiPolygon", "coordinates": [ [ [ [ 338908.466000000014901, 5642483.468999999575317 ], [ 338913.494, 5642483.802000000141561 ], [ 338913.993000000016764, 5642483.837000000290573 ], [ 338914.365, 5642478.367999999783933 ], [ 338908.838999999978114, 5642477.99199999962002 ], [ 338908.467, 5642483.46 ], [ 338908.466000000014901, 5642483.468999999575317 ] ] ] ] } },
{ "type": "Feature", "properties": { "fid": 62093.0, "oid": "DENW41AL30008N4CBL", "aktualit": "2024-08-20", "gebnutzbez": "Gebäude", "funktion": "Wohngebäude", "gfkzshh": "31001_1000", "rellage": null, "name": null, "anzahlgs": null, "gmdschl": "05362032", "lagebeztxt": "Adenauerstraße 11", "bld area": 56 }, "geometry": { "type": "MultiPolygon", "coordinates": [ [ [ [ 338916.549, 5642498.572999999858439 ], [ 338922.197999999974854, 5642498.971 ], [ 338922.808000000019092, 5642490.071000000461936 ], [ 338920.753000000026077, 5642489.927000000141561 ], [ 338920.869, 5642488.28000000026077 ], [ 338917.386999999987893, 5642488.036000000312924 ], [ 338916.832, 5642495.981999999843538 ], [ 338916.732000000018161, 5642495.974999999627471 ], [ 338916.549, 5642498.572999999858439 ] ] ] ] } },
{ "type": "Feature", "properties": { "fid": 158765.0, "oid": "DENW41AL30008KTYBL", "aktualit": "2024-08-20", "gebnutzbez": "Gebäude", "funktion": "Wohngebäude", "gfkzshh": "31001_1000", "rellage": null, "name": null, "anzahlgs": null, "gmdschl": "05362032", "lagebeztxt": "Adenauerstraße 9", "bld area": 54 }, "geometry": { "type": "MultiPolygon", "coordinates": [ [ [ [ 338922.197999999974854, 5642498.971 ], [ 338927.694000000017695, 5642499.359000000171363 ], [ 338927.878000000026077, 5642496.761 ], [ 338927.777, 5642496.754999999888241 ], [ 338927.965000000025611, 5642494.070000000298023 ], [ 338928.332999999984168, 5642488.809000000357628 ], [ 338928.074000000022352, 5642488.791000000201166 ], [ 338924.800999999977648, 5642488.562 ], [ 338924.684, 5642490.205 ], [ 338922.808000000019092, 5642490.071000000461936 ], [ 338922.197999999974854, 5642498.971 ] ] ] ] } },
{ "type": "Feature", "properties": { "fid": 274688.0, "oid": "DENW41AL30008LrFBL", "aktualit": "2024-08-20", "gebnutzbez": "Gebäude", "funktion": "Gebäude zum Parken", "gfkzshh": "31001_2460", "rellage": null, "name": null, "anzahlgs": null, "gmdschl": "05362032", "lagebeztxt": null, "bld area": 31 }, "geometry": { "type": "MultiPolygon", "coordinates": [ [ [ [ 338913.847, 5642485.992999999783933 ], [ 338917.837, 5642486.264999999664724 ], [ 338918.356000000028871, 5642478.639999999664724 ], [ 338914.365, 5642478.367999999783933 ], [ 338913.993000000016764, 5642483.837000000290573 ], [ 338913.847, 5642485.992999999783933 ] ] ] ] } },
{ "type": "Feature", "properties": { "fid": 62930.0, "oid": "DENW41AL30008OFRBL", "aktualit": "2024-08-20", "gebnutzbez": "Gebäude", "funktion": "Wohngebäude", "gfkzshh": "31001_1000", "rellage": null, "name": null, "anzahlgs": null, "gmdschl": "05362032", "lagebeztxt": "Herderstraße 11", "bld area": 63 }, "geometry": { "type": "MultiPolygon", "coordinates": [ [ [ [ 338896.043, 5642482.634999999776483 ], [ 338904.862000000022817, 5642483.230000000447035 ], [ 338905.346000000019558, 5642476.110000000335276 ], [ 338899.473, 5642475.712000000290573 ], [ 338899.483, 5642475.583999999798834 ], [ 338899.221000000019558, 5642475.565999999642372 ], [ 338896.532, 5642475.384999999776483 ], [ 338896.043, 5642482.634999999776483 ] ] ] ] } },
{ "type": "Feature", "properties": { "fid": 273000.0, "oid": "DENW41AL30008JwLBL", "aktualit": "2024-08-20", "gebnutzbez": "Gebäude", "funktion": "Wohngebäude", "gfkzshh": "31001_1000", "rellage": null, "name": null, "anzahlgs": null, "gmdschl": "05362032", "lagebeztxt": "Herderstraße 9", "bld area": 62 }, "geometry": { "type": "MultiPolygon", "coordinates": [ [ [ [ 338895.556999999971595, 5642489.767 ], [ 338898.527, 5642489.972 ], [ 338898.538, 5642489.832000000402331 ], [ 338904.370999999984633, 5642490.24100000038743 ], [ 338904.862000000022817, 5642483.230000000447035 ], [ 338896.043, 5642482.634999999776483 ], [ 338895.556999999971595, 5642489.767 ] ] ] ] } },
{ "type": "Feature", "properties": { "fid": 158013.0, "oid": "DENW41AL2e30002WBL", "aktualit": "2024-08-20", "gebnutzbez": "Gebäude", "funktion": "Wohngebäude", "gfkzshh": "31001_1000", "rellage": null, "name": null, "anzahlgs": null, "gmdschl": "05362032", "lagebeztxt": null, "bld area": 34 }, "geometry": { "type": "MultiPolygon", "coordinates": [ [ [ [ 338898.356000000028871, 5642475.636 ], [ 338899.473, 5642475.712000000290573 ], [ 338905.346000000019558, 5642476.110000000335276 ], [ 338905.679, 5642471.208999999798834 ], [ 338898.688000000023749, 5642470.735000000335276 ], [ 338898.356000000028871, 5642475.636 ] ] ] ] } },
{ "type": "Feature", "properties": { "fid": 160471.0, "oid": "DENW41AL30008NtPBL", "aktualit": "2024-08-20", "gebnutzbez": "Gebäude", "funktion": "Gebäude zum Parken", "gfkzshh": "31001_2460", "rellage": null, "name": null, "anzahlgs": null, "gmdschl": "05362032", "lagebeztxt": null, "bld area": 37 }, "geometry": { "type": "MultiPolygon", "coordinates": [ [ [ [ 338900.851000000024214, 5642468.303000000305474 ], [ 338901.025000000023283, 5642468.312 ], [ 338906.075000000011642, 5642468.576000000350177 ], [ 338908.88900000002468, 5642468.722 ], [ 338909.223, 5642464.240000000223517 ], [ 338909.224999999976717, 5642464.20299999974668 ], [ 338908.044, 5642464.120000000111759 ], [ 338905.778, 5642463.958999999798834 ], [ 338901.598999999987427, 5642463.662999999709427 ], [ 338901.371999999973923, 5642463.645999999716878 ], [ 338901.200000000011642, 5642463.63399999961257 ], [ 338901.199000000022352, 5642463.642 ], [ 338900.851000000024214, 5642468.303000000305474 ] ] ] ] } },
{ "type": "Feature", "properties": { "fid": 272766.0, "oid": "DENW41AL30008JhgBL", "aktualit": "2024-08-20", "gebnutzbez": "Gebäude", "funktion": "Gebäude für Land- und Forstwirtschaft", "gfkzshh": "31001_2700", "rellage": null, "name": null, "anzahlgs": null, "gmdschl": "05362032", "lagebeztxt": null, "bld area": 52 }, "geometry": { "type": "MultiPolygon", "coordinates": [ [ [ [ 338781.288, 5642462.137000000104308 ], [ 338786.814000000013039, 5642462.310999999754131 ], [ 338786.783999999985099, 5642465.190999999642372 ], [ 338793.533, 5642465.417000000365078 ], [ 338793.621999999973923, 5642462.767 ], [ 338795.544999999983702, 5642462.812 ], [ 338795.75099999998929, 5642460.364 ], [ 338781.364, 5642459.927000000141561 ], [ 338781.288, 5642462.137000000104308 ] ] ] ] } },
{ "type": "Feature", "properties": { "fid": 272929.0, "oid": "DENW41AL30008JsDBL", "aktualit": "2024-08-20", "gebnutzbez": "Gebäude", "funktion": "Wohngebäude", "gfkzshh": "31001_1000", "rellage": null, "name": null, "anzahlgs": null, "gmdschl": "05362032", "lagebeztxt": null, "bld area": 42 }, "geometry": { "type": "MultiPolygon", "coordinates": [ [ [ [ 338794.886, 5642470.629999999888241 ], [ 338798.11099999997532, 5642470.899000000208616 ], [ 338798.556999999971595, 5642465.604000000283122 ], [ 338798.711000000010245, 5642463.843000000342727 ], [ 338801.052000000025146, 5642464.04700000025332 ], [ 338801.36099999997532, 5642460.534 ], [ 338797.74800000002142, 5642460.424999999813735 ], [ 338795.75099999998929, 5642460.364 ], [ 338795.544999999983702, 5642462.812 ], [ 338795.332, 5642465.331000000238419 ], [ 338794.886, 5642470.629999999888241 ] ] ] ] } },
{ "type": "Feature", "properties": { "fid": 274649.0, "oid": "DENW41AL30008LoSBL", "aktualit": "2024-08-20", "gebnutzbez": "Gebäude", "funktion": "Gebäude zum Parken", "gfkzshh": "31001_2460", "rellage": null, "name": null, "anzahlgs": null, "gmdschl": "05362032", "lagebeztxt": null, "bld area": 47 }, "geometry": { "type": "MultiPolygon", "coordinates": [ [ [ [ 338781.134000000020023, 5642470.58 ], [ 338786.728, 5642470.756 ], [ 338786.783999999985099, 5642465.190999999642372 ], [ 338786.814000000013039, 5642462.310999999754131 ], [ 338781.288, 5642462.137000000104308 ], [ 338781.134000000020023, 5642470.58 ] ] ] ] } },
{ "type": "Feature", "properties": { "fid": 275045.0, "oid": "DENW41AL30008MGhBL", "aktualit": "2024-08-20", "gebnutzbez": "Gebäude", "funktion": "Gebäude zum Parken", "gfkzshh": "31001_2460", "rellage": null, "name": null, "anzahlgs": null, "gmdschl": "05362032", "lagebeztxt": null, "bld area": 14 }, "geometry": { "type": "MultiPolygon", "coordinates": [ [ [ [ 338797.74800000002142, 5642460.424999999813735 ], [ 338801.36099999997532, 5642460.534 ], [ 338803.016, 5642460.585 ], [ 338803.098, 5642457.949 ], [ 338797.831, 5642457.782999999821186 ], [ 338797.74800000002142, 5642460.424999999813735 ] ] ] ] } },
{ "type": "Feature", "properties": { "fid": 276978.0, "oid": "DENW41AL30008ONpBL", "aktualit": "2024-08-20", "gebnutzbez": "Gebäude", "funktion": "Wohngebäude", "gfkzshh": "31001_1000", "rellage": null, "name": null, "anzahlgs": null, "gmdschl": "05362032", "lagebeztxt": "Am grünen Weg 10", "bld area": 74 }, "geometry": { "type": "MultiPolygon", "coordinates": [ [ [ [ 338798.11099999997532, 5642470.899000000208616 ], [ 338805.818000000028405, 5642471.542000000365078 ], [ 338806.718999999982771, 5642460.696999999694526 ], [ 338803.016, 5642460.585 ], [ 338801.36099999997532, 5642460.534 ], [ 338801.052000000025146, 5642464.04700000025332 ], [ 338798.711000000010245, 5642463.843000000342727 ], [ 338798.556999999971595, 5642465.604000000283122 ], [ 338798.11099999997532, 5642470.899000000208616 ] ] ] ] } },
{ "type": "Feature", "properties": { "fid": 160517.0, "oid": "DENW41AL30008NzlBL", "aktualit": "2024-08-20", "gebnutzbez": "Gebäude", "funktion": "Wohngebäude", "gfkzshh": "31001_1000", "rellage": null, "name": null, "anzahlgs": null, "gmdschl": "05362032", "lagebeztxt": "Adenauerstraße 25", "bld area": 61 }, "geometry": { "type": "MultiPolygon", "coordinates": [ [ [ [ 338756.62, 5642482.035000000149012 ], [ 338763.531000000017229, 5642482.950000000186265 ], [ 338764.688000000023749, 5642474.253999999724329 ], [ 338757.778, 5642473.332999999634922 ], [ 338757.358, 5642476.489 ], [ 338756.62, 5642482.035000000149012 ] ] ] ] } },
{ "type": "Feature", "properties": { "fid": 160521.0, "oid": "DENW41AL30008O0UBL", "aktualit": "2024-08-20", "gebnutzbez": "Gebäude", "funktion": "Wohngebäude", "gfkzshh": "31001_1000", "rellage": null, "name": null, "anzahlgs": null, "gmdschl": "05362032", "lagebeztxt": "Adenauerstraße 23 c", "bld area": 63 }, "geometry": { "type": "MultiPolygon", "coordinates": [ [ [ [ 338769.12, 5642483.717000000178814 ], [ 338776.24900000001071, 5642484.687 ], [ 338776.881999999983236, 5642479.370000000111759 ], [ 338777.284999999974389, 5642475.981999999843538 ], [ 338777.113000000012107, 5642475.957000000402331 ], [ 338770.237000000022817, 5642474.95299999974668 ], [ 338769.691999999980908, 5642479.228000000119209 ], [ 338769.12, 5642483.717000000178814 ] ] ] ] } },
{ "type": "Feature", "properties": { "fid": 278090.0, "oid": "DENW41ALOc0000AWBL", "aktualit": "2024-08-20", "gebnutzbez": "Gebäude", "funktion": "Gebäude zur Freizeitgestaltung", "gfkzshh": "31001_1310", "rellage": null, "name": null, "anzahlgs": null, "gmdschl": "05362032", "lagebeztxt": null, "bld area": 17 }, "geometry": { "type": "MultiPolygon", "coordinates": [ [ [ [ 338766.052000000025146, 5642484.689000000245869 ], [ 338768.958999999973457, 5642485.029 ], [ 338769.12, 5642483.717000000178814 ], [ 338769.691999999980908, 5642479.228000000119209 ], [ 338766.829000000027008, 5642478.865000000223517 ], [ 338766.052000000025146, 5642484.689000000245869 ] ] ] ] } },
{ "type": "Feature", "properties": { "fid": 275376.0, "oid": "DENW41AL30008MdOBL", "aktualit": "2024-08-20", "gebnutzbez": "Gebäude", "funktion": "Gebäude zum Parken", "gfkzshh": "31001_2460", "rellage": null, "name": null, "anzahlgs": null, "gmdschl": "05362032", "lagebeztxt": null, "bld area": 22 }, "geometry": { "type": "MultiPolygon", "coordinates": [ [ [ [ 338776.881999999983236, 5642479.370000000111759 ], [ 338780.074000000022352, 5642479.870000000111759 ], [ 338780.919, 5642473.434000000357628 ], [ 338777.525000000023283, 5642472.966 ], [ 338777.113000000012107, 5642475.957000000402331 ], [ 338777.284999999974389, 5642475.981999999843538 ], [ 338776.881999999983236, 5642479.370000000111759 ] ] ] ] } },
{ "type": "Feature", "properties": { "fid": 61791.0, "oid": "DENW41AL30008McbBL", "aktualit": "2024-08-20", "gebnutzbez": "Gebäude", "funktion": "Gebäude zum Parken", "gfkzshh": "31001_2460", "rellage": null, "name": null, "anzahlgs": null, "gmdschl": "05362032", "lagebeztxt": null, "bld area": 15 }, "geometry": { "type": "MultiPolygon", "coordinates": [ [ [ [ 338785.261999999987893, 5642411.730999999679625 ], [ 338785.548, 5642416.996000000275671 ], [ 338788.36099999997532, 5642416.86600000038743 ], [ 338788.086000000010245, 5642411.576999999582767 ], [ 338785.261999999987893, 5642411.730999999679625 ] ] ] ] } },
{ "type": "Feature", "properties": { "fid": 62249.0, "oid": "DENW41AL30008NICBL", "aktualit": "2024-08-20", "gebnutzbez": "Gebäude", "funktion": "Gebäude zum Parken", "gfkzshh": "31001_2460", "rellage": null, "name": null, "anzahlgs": null, "gmdschl": "05362032", "lagebeztxt": null, "bld area": 15 }, "geometry": { "type": "MultiPolygon", "coordinates": [ [ [ [ 338788.086000000010245, 5642411.576999999582767 ], [ 338788.36099999997532, 5642416.86600000038743 ], [ 338791.175999999977648, 5642416.724999999627471 ], [ 338790.911000000021886, 5642411.423999999649823 ], [ 338788.086000000010245, 5642411.576999999582767 ] ] ] ] } },
{ "type": "Feature", "properties": { "fid": 159902.0, "oid": "DENW41AL30008MlgBL", "aktualit": "2024-08-20", "gebnutzbez": "Gebäude", "funktion": "Gebäude zum Parken", "gfkzshh": "31001_2460", "rellage": null, "name": null, "anzahlgs": null, "gmdschl": "05362032", "lagebeztxt": null, "bld area": 15 }, "geometry": { "type": "MultiPolygon", "coordinates": [ [ [ [ 338793.73599999997532, 5642411.275000000372529 ], [ 338793.988000000012107, 5642416.589999999850988 ], [ 338796.87300000002142, 5642416.454 ], [ 338796.629000000015367, 5642411.111999999731779 ], [ 338793.73599999997532, 5642411.275000000372529 ] ] ] ] } },
{ "type": "Feature", "properties": { "fid": 160341.0, "oid": "DENW41AL30008NcnBL", "aktualit": "2024-08-20", "gebnutzbez": "Gebäude", "funktion": "Gebäude zum Parken", "gfkzshh": "31001_2460", "rellage": null, "name": null, "anzahlgs": null, "gmdschl": "05362032", "lagebeztxt": null, "bld area": 15 }, "geometry": { "type": "MultiPolygon", "coordinates": [ [ [ [ 338790.911000000021886, 5642411.423999999649823 ], [ 338791.175999999977648, 5642416.724999999627471 ], [ 338793.988000000012107, 5642416.589999999850988 ], [ 338793.73599999997532, 5642411.275000000372529 ], [ 338790.911000000021886, 5642411.423999999649823 ] ] ] ] } },
{ "type": "Feature", "properties": { "fid": 160999.0, "oid": "DENW41AL30008OwVBL", "aktualit": "2024-08-20", "gebnutzbez": "Gebäude", "funktion": "Gebäude zum Parken", "gfkzshh": "31001_2460", "rellage": null, "name": null, "anzahlgs": null, "gmdschl": "05362032", "lagebeztxt": null, "bld area": 15 }, "geometry": { "type": "MultiPolygon", "coordinates": [ [ [ [ 338782.358, 5642411.893000000156462 ], [ 338782.653999999980442, 5642417.136 ], [ 338785.548, 5642416.996000000275671 ], [ 338785.261999999987893, 5642411.730999999679625 ], [ 338782.358, 5642411.893000000156462 ] ] ] ] } },
{ "type": "Feature", "properties": { "fid": 273888.0, "oid": "DENW41AL30008KxWBL", "aktualit": "2024-08-20", "gebnutzbez": "Gebäude", "funktion": "Wohngebäude", "gfkzshh": "31001_1000", "rellage": null, "name": null, "anzahlgs": null, "gmdschl": "05362032", "lagebeztxt": "Am grünen Weg 12, 14", "bld area": 336 }, "geometry": { "type": "MultiPolygon", "coordinates": [ [ [ [ 338796.541000000026543, 5642452.983 ], [ 338797.974999999976717, 5642453.195000000298023 ], [ 338803.222, 5642453.975999999791384 ], [ 338805.46999999997206, 5642454.310999999754131 ], [ 338810.941, 5642417.423000000417233 ], [ 338802.028999999980442, 5642416.102 ], [ 338796.541000000026543, 5642452.983 ] ] ] ] } },
{ "type": "Feature", "properties": { "fid": 274236.0, "oid": "DENW41AL30008LNTBL", "aktualit": "2024-08-20", "gebnutzbez": "Gebäude", "funktion": "Gebäude zum Parken", "gfkzshh": "31001_2460", "rellage": null, "name": null, "anzahlgs": null, "gmdschl": "05362032", "lagebeztxt": null, "bld area": 14 }, "geometry": { "type": "MultiPolygon", "coordinates": [ [ [ [ 338797.831, 5642457.782999999821186 ], [ 338803.098, 5642457.949 ], [ 338803.183000000019092, 5642455.230000000447035 ], [ 338797.916000000026543, 5642455.065999999642372 ], [ 338797.831, 5642457.782999999821186 ] ] ] ] } },
{ "type": "Feature", "properties": { "fid": 62236.0, "oid": "DENW41AL30008NH0BL", "aktualit": "2024-08-20", "gebnutzbez": "Gebäude", "funktion": "Gebäude zum Parken", "gfkzshh": "31001_2460", "rellage": null, "name": null, "anzahlgs": null, "gmdschl": "05362032", "lagebeztxt": null, "bld area": 18 }, "geometry": { "type": "MultiPolygon", "coordinates": [ [ [ [ 339293.435999999986961, 5642810.450000000186265 ], [ 339297.53000000002794, 5642812.138000000268221 ], [ 339297.636, 5642811.859000000171363 ], [ 339298.777, 5642812.252999999560416 ], [ 339299.707999999984168, 5642808.721 ], [ 339293.68, 5642808.099999999627471 ], [ 339293.435999999986961, 5642810.450000000186265 ] ] ] ] } },
{ "type": "Feature", "properties": { "fid": 275101.0, "oid": "DENW41AL30008MKiBL", "aktualit": "2024-08-20", "gebnutzbez": "Gebäude", "funktion": "Gebäude für Land- und Forstwirtschaft", "gfkzshh": "31001_2700", "rellage": null, "name": null, "anzahlgs": null, "gmdschl": "05362032", "lagebeztxt": null, "bld area": 4 }, "geometry": { "type": "MultiPolygon", "coordinates": [ [ [ [ 339287.895000000018626, 5642809.479000000283122 ], [ 339289.843, 5642809.769000000320375 ], [ 339290.054, 5642807.723000000230968 ], [ 339288.098, 5642807.520999999716878 ], [ 339287.895000000018626, 5642809.479000000283122 ] ] ] ] } },
{ "type": "Feature", "properties": { "fid": 61923.0, "oid": "DENW41AL30008MojBL", "aktualit": "2024-08-20", "gebnutzbez": "Gebäude", "funktion": "Gebäude zum Parken", "gfkzshh": "31001_2460", "rellage": null, "name": null, "anzahlgs": null, "gmdschl": "05362032", "lagebeztxt": null, "bld area": 17 }, "geometry": { "type": "MultiPolygon", "coordinates": [ [ [ [ 338747.208999999973457, 5642198.28899999987334 ], [ 338752.74, 5642198.825000000186265 ], [ 338753.031000000017229, 5642195.861999999731779 ], [ 338747.50099999998929, 5642195.320000000298023 ], [ 338747.208999999973457, 5642198.28899999987334 ] ] ] ] } },
{ "type": "Feature", "properties": { "fid": 160636.0, "oid": "DENW41AL30008OE1BL", "aktualit": "2024-08-20", "gebnutzbez": "Gebäude", "funktion": "Wohngebäude", "gfkzshh": "31001_1000", "rellage": null, "name": null, "anzahlgs": null, "gmdschl": "05362032", "lagebeztxt": "Rote-Kreuz-Straße 34", "bld area": 107 }, "geometry": { "type": "MultiPolygon", "coordinates": [ [ [ [ 338747.449000000022352, 5642192.307 ], [ 338747.793, 5642192.339999999850988 ], [ 338753.322999999974854, 5642192.872000000439584 ], [ 338757.043, 5642193.230000000447035 ], [ 338757.458999999973457, 5642188.934000000357628 ], [ 338756.575000000011642, 5642188.848000000230968 ], [ 338757.297000000020489, 5642181.475999999791384 ], [ 338748.571, 5642180.622000000439584 ], [ 338747.449000000022352, 5642192.307 ] ] ] ] } },
{ "type": "Feature", "properties": { "fid": 274954.0, "oid": "DENW41AL30008MA2BL", "aktualit": "2024-08-20", "gebnutzbez": "Gebäude", "funktion": "Gebäude zum Parken", "gfkzshh": "31001_2460", "rellage": null, "name": null, "anzahlgs": null, "gmdschl": "05362032", "lagebeztxt": null, "bld area": 17 }, "geometry": { "type": "MultiPolygon", "coordinates": [ [ [ [ 338747.50099999998929, 5642195.320000000298023 ], [ 338753.031000000017229, 5642195.861999999731779 ], [ 338753.322999999974854, 5642192.872000000439584 ], [ 338747.793, 5642192.339999999850988 ], [ 338747.50099999998929, 5642195.320000000298023 ] ] ] ] } },
{ "type": "Feature", "properties": { "fid": 63031.0, "oid": "DENW41AL30008OO8BL", "aktualit": "2024-08-20", "gebnutzbez": "Gebäude", "funktion": "Gebäude zum Parken", "gfkzshh": "31001_2460", "rellage": null, "name": null, "anzahlgs": null, "gmdschl": "05362032", "lagebeztxt": null, "bld area": 18 }, "geometry": { "type": "MultiPolygon", "coordinates": [ [ [ [ 338778.939000000013039, 5642148.066999999806285 ], [ 338781.927000000025146, 5642148.379999999888241 ], [ 338782.517999999981839, 5642142.409 ], [ 338779.564000000013039, 5642142.099000000394881 ], [ 338778.939000000013039, 5642148.066999999806285 ] ] ] ] } },
{ "type": "Feature", "properties": { "fid": 274055.0, "oid": "DENW41AL30008L8pBL", "aktualit": "2024-08-20", "gebnutzbez": "Gebäude", "funktion": "Gebäude zum Parken", "gfkzshh": "31001_2460", "rellage": null, "name": null, "anzahlgs": null, "gmdschl": "05362032", "lagebeztxt": null, "bld area": 18 }, "geometry": { "type": "MultiPolygon", "coordinates": [ [ [ [ 338781.815, 5642149.495000000111759 ], [ 338784.786000000021886, 5642149.808000000193715 ], [ 338785.416000000026543, 5642143.852 ], [ 338782.425999999977648, 5642143.536999999545515 ], [ 338781.927000000025146, 5642148.379999999888241 ], [ 338781.815, 5642149.495000000111759 ] ] ] ] } },
{ "type": "Feature", "properties": { "fid": 60508.0, "oid": "DENW41AL30008KluBL", "aktualit": "2024-08-20", "gebnutzbez": "Gebäude", "funktion": "Wohngebäude", "gfkzshh": "31001_1000", "rellage": null, "name": null, "anzahlgs": null, "gmdschl": "05362032", "lagebeztxt": "Heinrich-Heine-Straße 13", "bld area": 61 }, "geometry": { "type": "MultiPolygon", "coordinates": [ [ [ [ 338766.462, 5642211.989 ], [ 338772.081, 5642212.610000000335276 ], [ 338772.721000000019558, 5642206.640999999828637 ], [ 338773.238000000012107, 5642201.826999999582767 ], [ 338767.60999999998603, 5642201.204 ], [ 338766.462, 5642211.989 ] ] ] ] } },
{ "type": "Feature", "properties": { "fid": 159330.0, "oid": "DENW41AL30008LbSBL", "aktualit": "2024-08-20", "gebnutzbez": "Gebäude", "funktion": "Gebäude zum Parken", "gfkzshh": "31001_2460", "rellage": null, "name": null, "anzahlgs": null, "gmdschl": "05362032", "lagebeztxt": null, "bld area": 18 }, "geometry": { "type": "MultiPolygon", "coordinates": [ [ [ [ 338775.077999999979511, 5642212.932 ], [ 338778.044999999983702, 5642213.248999999836087 ], [ 338778.680999999982305, 5642207.281000000424683 ], [ 338775.715000000025611, 5642206.963000000454485 ], [ 338775.077999999979511, 5642212.932 ] ] ] ] } },
{ "type": "Feature", "properties": { "fid": 273826.0, "oid": "DENW41AL30008Kt3BL", "aktualit": "2024-08-20", "gebnutzbez": "Gebäude", "funktion": "Wohngebäude", "gfkzshh": "31001_1000", "rellage": null, "name": null, "anzahlgs": null, "gmdschl": "05362032", "lagebeztxt": "Heinrich-Heine-Straße 11", "bld area": 61 }, "geometry": { "type": "MultiPolygon", "coordinates": [ [ [ [ 338778.044999999983702, 5642213.248999999836087 ], [ 338783.673, 5642213.843999999575317 ], [ 338784.818000000028405, 5642203.071999999694526 ], [ 338779.196999999985565, 5642202.46999999973923 ], [ 338778.680999999982305, 5642207.281000000424683 ], [ 338778.044999999983702, 5642213.248999999836087 ] ] ] ] } },
{ "type": "Feature", "properties": { "fid": 276519.0, "oid": "DENW41AL30008NtSBL", "aktualit": "2024-08-20", "gebnutzbez": "Gebäude", "funktion": "Wohngebäude", "gfkzshh": "31001_1000", "rellage": null, "name": null, "anzahlgs": null, "gmdschl": "05362032", "lagebeztxt": "Heinrich-Heine-Straße 15", "bld area": 61 }, "geometry": { "type": "MultiPolygon", "coordinates": [ [ [ [ 338760.863000000012107, 5642211.355000000447035 ], [ 338766.462, 5642211.989 ], [ 338767.60999999998603, 5642201.204 ], [ 338761.994, 5642200.576999999582767 ], [ 338761.802000000025146, 5642202.394000000320375 ], [ 338760.863000000012107, 5642211.355000000447035 ] ] ] ] } },
{ "type": "Feature", "properties": { "fid": 277409.0, "oid": "DENW41AL30008OqLBL", "aktualit": "2024-08-20", "gebnutzbez": "Gebäude", "funktion": "Gebäude zum Parken", "gfkzshh": "31001_2460", "rellage": null, "name": null, "anzahlgs": null, "gmdschl": "05362032", "lagebeztxt": null, "bld area": 18 }, "geometry": { "type": "MultiPolygon", "coordinates": [ [ [ [ 338772.081, 5642212.610000000335276 ], [ 338775.077999999979511, 5642212.932 ], [ 338775.715000000025611, 5642206.963000000454485 ], [ 338772.721000000019558, 5642206.640999999828637 ], [ 338772.081, 5642212.610000000335276 ] ] ] ] } },
{ "type": "Feature", "properties": { "fid": 275581.0, "oid": "DENW41AL30008MrgBL", "aktualit": "2024-08-20", "gebnutzbez": "Gebäude", "funktion": "Gebäude zum Parken", "gfkzshh": "31001_2460", "rellage": null, "name": null, "anzahlgs": null, "gmdschl": "05362032", "lagebeztxt": null, "bld area": 27 }, "geometry": { "type": "MultiPolygon", "coordinates": [ [ [ [ 338757.934, 5642211.045 ], [ 338760.863000000012107, 5642211.355000000447035 ], [ 338761.802000000025146, 5642202.394000000320375 ], [ 338758.847, 5642202.081000000238419 ], [ 338757.934, 5642211.045 ] ] ] ] } },
{ "type": "Feature", "properties": { "fid": 275687.0, "oid": "DENW41AL30008MyqBL", "aktualit": "2024-08-20", "gebnutzbez": "Gebäude", "funktion": "Wohngebäude", "gfkzshh": "31001_1000", "rellage": null, "name": null, "anzahlgs": null, "gmdschl": "05362032", "lagebeztxt": "Rote-Kreuz-Straße 32", "bld area": 104 }, "geometry": { "type": "MultiPolygon", "coordinates": [ [ [ [ 338745.775000000023283, 5642209.683000000193715 ], [ 338755.332, 5642210.634999999776483 ], [ 338755.756999999983236, 5642206.353000000119209 ], [ 338754.903999999980442, 5642206.269000000320375 ], [ 338755.601000000024214, 5642199.103000000119209 ], [ 338752.74, 5642198.825000000186265 ], [ 338747.208999999973457, 5642198.28899999987334 ], [ 338746.882999999972526, 5642198.257000000216067 ], [ 338745.775000000023283, 5642209.683000000193715 ] ] ] ] } },
{ "type": "Feature", "properties": { "fid": 62177.0, "oid": "DENW41AL30008NBmBL", "aktualit": "2024-08-20", "gebnutzbez": "Gebäude", "funktion": "Wohngebäude", "gfkzshh": "31001_1000", "rellage": null, "name": null, "anzahlgs": null, "gmdschl": "05362032", "lagebeztxt": "Grabenweg 25", "bld area": 135 }, "geometry": { "type": "MultiPolygon", "coordinates": [ [ [ [ 338749.302000000025146, 5642316.121000000275671 ], [ 338758.337999999988824, 5642316.428999999538064 ], [ 338758.848, 5642301.480999999679625 ], [ 338749.794, 5642301.190000000409782 ], [ 338749.606000000028871, 5642306.916000000201166 ], [ 338749.302000000025146, 5642316.121000000275671 ] ] ] ] } },
{ "type": "Feature", "properties": { "fid": 272384.0, "oid": "DENW41AL30008JGOBL", "aktualit": "2024-08-20", "gebnutzbez": "Gebäude", "funktion": "Gebäude zum Parken", "gfkzshh": "31001_2460", "rellage": null, "name": null, "anzahlgs": null, "gmdschl": "05362032", "lagebeztxt": null, "bld area": 14 }, "geometry": { "type": "MultiPolygon", "coordinates": [ [ [ [ 338747.103, 5642306.833999999798834 ], [ 338749.606000000028871, 5642306.916000000201166 ], [ 338749.794, 5642301.190000000409782 ], [ 338747.286000000021886, 5642301.110000000335276 ], [ 338747.103, 5642306.833999999798834 ] ] ] ] } },
{ "type": "Feature", "properties": { "fid": 277530.0, "oid": "DENW41AL30008OyzBL", "aktualit": "2024-08-20", "gebnutzbez": "Gebäude", "funktion": "Gebäude zum Parken", "gfkzshh": "31001_2460", "rellage": null, "name": null, "anzahlgs": null, "gmdschl": "05362032", "lagebeztxt": null, "bld area": 29 }, "geometry": { "type": "MultiPolygon", "coordinates": [ [ [ [ 338743.786000000021886, 5642306.761 ], [ 338747.103, 5642306.833999999798834 ], [ 338747.286000000021886, 5642301.110000000335276 ], [ 338747.384000000020023, 5642298.062 ], [ 338744.059, 5642297.96100000012666 ], [ 338743.891, 5642303.479000000283122 ], [ 338743.786000000021886, 5642306.761 ] ] ] ] } },
{ "type": "Feature", "properties": { "fid": 159825.0, "oid": "DENW41AL30008MbuBL", "aktualit": "2024-08-20", "gebnutzbez": "Gebäude", "funktion": "Gebäude zum Parken", "gfkzshh": "31001_2460", "rellage": null, "name": null, "anzahlgs": null, "gmdschl": "05362032", "lagebeztxt": null, "bld area": 38 }, "geometry": { "type": "MultiPolygon", "coordinates": [ [ [ [ 338739.723999999987427, 5642256.973000000230968 ], [ 338745.908, 5642257.251000000163913 ], [ 338746.185, 5642251.06900000013411 ], [ 338740.018999999971129, 5642250.751000000163913 ], [ 338739.886999999987893, 5642253.312 ], [ 338739.723999999987427, 5642256.973000000230968 ] ] ] ] } },
{ "type": "Feature", "properties": { "fid": 275792.0, "oid": "DENW41AL30008N5tBL", "aktualit": "2024-08-20", "gebnutzbez": "Gebäude", "funktion": "Wohngebäude", "gfkzshh": "31001_1000", "rellage": null, "name": null, "anzahlgs": null, "gmdschl": "05362032", "lagebeztxt": "Rote-Kreuz-Straße 28", "bld area": 106 }, "geometry": { "type": "MultiPolygon", "coordinates": [ [ [ [ 338729.590000000025611, 5642252.781000000424683 ], [ 338739.886999999987893, 5642253.312 ], [ 338740.018999999971129, 5642250.751000000163913 ], [ 338740.417000000015832, 5642243.036000000312924 ], [ 338730.118000000016764, 5642242.507000000216067 ], [ 338729.590000000025611, 5642252.781000000424683 ] ] ] ] } },
{ "type": "Feature", "properties": { "fid": 60695.0, "oid": "DENW41AL30008L3aBL", "aktualit": "2024-08-20", "gebnutzbez": "Gebäude", "funktion": "Wohngebäude", "gfkzshh": "31001_1000", "rellage": null, "name": null, "anzahlgs": null, "gmdschl": "05362032", "lagebeztxt": "Rote-Kreuz-Straße 26", "bld area": 110 }, "geometry": { "type": "MultiPolygon", "coordinates": [ [ [ [ 338727.156000000017229, 5642272.804999999701977 ], [ 338734.085000000020955, 5642273.146999999880791 ], [ 338737.775000000023283, 5642273.337000000290573 ], [ 338737.781000000017229, 5642273.200000000186265 ], [ 338738.238000000012107, 5642262.932 ], [ 338727.618000000016764, 5642262.458999999798834 ], [ 338727.156000000017229, 5642272.804999999701977 ] ] ] ] } },
{ "type": "Feature", "properties": { "fid": 272363.0, "oid": "DENW41AL30008JEkBL", "aktualit": "2024-08-20", "gebnutzbez": "Gebäude", "funktion": "Gebäude zum Parken", "gfkzshh": "31001_2460", "rellage": null, "name": null, "anzahlgs": null, "gmdschl": "05362032", "lagebeztxt": null, "bld area": 31 }, "geometry": { "type": "MultiPolygon", "coordinates": [ [ [ [ 338733.920999999972992, 5642276.507000000216067 ], [ 338742.84499999997206, 5642276.941999999806285 ], [ 338743.017, 5642273.466 ], [ 338737.781000000017229, 5642273.200000000186265 ], [ 338737.775000000023283, 5642273.337000000290573 ], [ 338734.085000000020955, 5642273.146999999880791 ], [ 338733.920999999972992, 5642276.507000000216067 ] ] ] ] } },
{ "type": "Feature", "properties": { "fid": 275567.0, "oid": "DENW41AL30008MqgBL", "aktualit": "2024-08-20", "gebnutzbez": "Gebäude", "funktion": "Wohngebäude", "gfkzshh": "31001_1000", "rellage": null, "name": null, "anzahlgs": null, "gmdschl": "05362032", "lagebeztxt": "Heinrich-Heine-Straße 12", "bld area": 133 }, "geometry": { "type": "MultiPolygon", "coordinates": [ [ [ [ 338735.23599999997532, 5642237.212000000290573 ], [ 338749.196999999985565, 5642237.838000000454485 ], [ 338749.333999999973457, 5642234.778 ], [ 338749.620999999984633, 5642228.354000000283122 ], [ 338735.659999999974389, 5642227.728000000119209 ], [ 338735.23599999997532, 5642237.212000000290573 ] ] ] ] } },
{ "type": "Feature", "properties": { "fid": 59923.0, "oid": "DENW41AL30008Jx2BL", "aktualit": "2024-08-20", "gebnutzbez": "Gebäude", "funktion": "Gebäude zum Parken", "gfkzshh": "31001_2460", "rellage": null, "name": null, "anzahlgs": null, "gmdschl": "05362032", "lagebeztxt": null, "bld area": 30 }, "geometry": { "type": "MultiPolygon", "coordinates": [ [ [ [ 338948.771, 5642214.269999999552965 ], [ 338948.851000000024214, 5642219.639999999664724 ], [ 338954.343, 5642219.559000000357628 ], [ 338954.261999999987893, 5642214.188 ], [ 338948.771, 5642214.269999999552965 ] ] ] ] } },
{ "type": "Feature", "properties": { "fid": 157111.0, "oid": "DENW41AL10005vxdBL", "aktualit": "2024-08-20", "gebnutzbez": "Gebäude", "funktion": "Gebäude zum Parken", "gfkzshh": "31001_2460", "rellage": null, "name": null, "anzahlgs": null, "gmdschl": "05362032", "lagebeztxt": null, "bld area": 31 }, "geometry": { "type": "MultiPolygon", "coordinates": [ [ [ [ 338963.675999999977648, 5642234.458999999798834 ], [ 338963.706, 5642237.605999999679625 ], [ 338963.831, 5642237.617999999783933 ], [ 338963.837999999988824, 5642237.878999999724329 ], [ 338972.734, 5642237.842000000178814 ], [ 338972.695, 5642234.282999999821186 ], [ 338972.049999999988358, 5642234.296 ], [ 338963.675999999977648, 5642234.458999999798834 ] ] ] ] } },
{ "type": "Feature", "properties": { "fid": 272804.0, "oid": "DENW41AL30008JkIBL", "aktualit": "2024-08-20", "gebnutzbez": "Gebäude", "funktion": "Gebäude zum Parken", "gfkzshh": "31001_2460", "rellage": null, "name": null, "anzahlgs": null, "gmdschl": "05362032", "lagebeztxt": null, "bld area": 27 }, "geometry": { "type": "MultiPolygon", "coordinates": [ [ [ [ 338963.172000000020489, 5642231.432 ], [ 338963.21999999997206, 5642234.427000000141561 ], [ 338963.675999999977648, 5642234.458999999798834 ], [ 338972.049999999988358, 5642234.296 ], [ 338972.003000000026077, 5642231.286999999545515 ], [ 338963.172000000020489, 5642231.432 ] ] ] ] } },
{ "type": "Feature", "properties": { "fid": 277171.0, "oid": "DENW41AL30008OauBL", "aktualit": "2024-08-20", "gebnutzbez": "Gebäude", "funktion": "Wohngebäude", "gfkzshh": "31001_1000", "rellage": null, "name": null, "anzahlgs": null, "gmdschl": "05362032", "lagebeztxt": "Sistenichstraße 68 a", "bld area": 113 }, "geometry": { "type": "MultiPolygon", "coordinates": [ [ [ [ 338961.93, 5642222.441999999806285 ], [ 338962.083999999973457, 5642231.449 ], [ 338963.172000000020489, 5642231.432 ], [ 338972.003000000026077, 5642231.286999999545515 ], [ 338974.579000000027008, 5642231.252000000327826 ], [ 338974.463999999978114, 5642222.224000000394881 ], [ 338961.93, 5642222.441999999806285 ] ] ] ] } },
{ "type": "Feature", "properties": { "fid": 60110.0, "oid": "DENW41AL30008KDeBL", "aktualit": "2024-08-20", "gebnutzbez": "Gebäude", "funktion": "Wohngebäude", "gfkzshh": "31001_1000", "rellage": null, "name": null, "anzahlgs": null, "gmdschl": "05362032", "lagebeztxt": "Sistenichstraße 64", "bld area": 78 }, "geometry": { "type": "MultiPolygon", "coordinates": [ [ [ [ 338964.767, 5642261.457000000402331 ], [ 338964.89000000001397, 5642270.463999999687076 ], [ 338973.539999999979045, 5642270.353000000119209 ], [ 338973.418, 5642261.33600000012666 ], [ 338964.767, 5642261.457000000402331 ] ] ] ] } },
{ "type": "Feature", "properties": { "fid": 60268.0, "oid": "DENW41AL30008KRPBL", "aktualit": "2024-08-20", "gebnutzbez": "Gebäude", "funktion": "Wohngebäude", "gfkzshh": "31001_1000", "rellage": null, "name": null, "anzahlgs": null, "gmdschl": "05362032", "lagebeztxt": "Sistenichstraße 66", "bld area": 90 }, "geometry": { "type": "MultiPolygon", "coordinates": [ [ [ [ 338962.207999999984168, 5642252.592000000178814 ], [ 338962.207999999984168, 5642252.812 ], [ 338962.216000000014901, 5642257.497999999672174 ], [ 338964.711000000010245, 5642257.492999999783933 ], [ 338964.767, 5642261.457000000402331 ], [ 338973.418, 5642261.33600000012666 ], [ 338973.37599999998929, 5642255.114 ], [ 338973.525000000023283, 5642255.111999999731779 ], [ 338973.476000000024214, 5642252.392 ], [ 338962.207999999984168, 5642252.592000000178814 ] ] ] ] } },
{ "type": "Feature", "properties": { "fid": 63072.0, "oid": "DENW41AL30008ORNBL", "aktualit": "2024-08-20", "gebnutzbez": "Gebäude", "funktion": "Gebäude zum Parken", "gfkzshh": "31001_2460", "rellage": null, "name": null, "anzahlgs": null, "gmdschl": "05362032", "lagebeztxt": null, "bld area": 27 }, "geometry": { "type": "MultiPolygon", "coordinates": [ [ [ [ 338953.870999999984633, 5642249.120000000111759 ], [ 338953.977000000013504, 5642252.917000000365078 ], [ 338960.928000000014435, 5642252.83 ], [ 338960.841000000014901, 5642249.015999999828637 ], [ 338953.870999999984633, 5642249.120000000111759 ] ] ] ] } },
{ "type": "Feature", "properties": { "fid": 61504.0, "oid": "DENW41AL30008MDLBL", "aktualit": "2024-08-20", "gebnutzbez": "Gebäude", "funktion": "Gebäude für Wirtschaft oder Gewerbe", "gfkzshh": "31001_2000", "rellage": null, "name": null, "anzahlgs": null, "gmdschl": "05362032", "lagebeztxt": "Merodestraße 18 a", "bld area": 107 }, "geometry": { "type": "MultiPolygon", "coordinates": [ [ [ [ 338941.75199999997858, 5642201.747999999672174 ], [ 338947.462999999988824, 5642202.524000000208616 ], [ 338950.011, 5642184.235000000335276 ], [ 338944.322999999974854, 5642183.29 ], [ 338941.75199999997858, 5642201.747999999672174 ] ] ] ] } },
{ "type": "Feature", "properties": { "fid": 272466.0, "oid": "DENW41AL30008JLyBL", "aktualit": "2024-08-20", "gebnutzbez": "Gebäude", "funktion": "Gebäude für Wirtschaft oder Gewerbe", "gfkzshh": "31001_2000", "rellage": null, "name": null, "anzahlgs": null, "gmdschl": "05362032", "lagebeztxt": null, "bld area": 29 }, "geometry": { "type": "MultiPolygon", "coordinates": [ [ [ [ 338954.11099999997532, 5642177.983 ], [ 338959.363000000012107, 5642178.765999999828637 ], [ 338960.179, 5642173.292999999597669 ], [ 338954.927000000025146, 5642172.509999999776483 ], [ 338954.11099999997532, 5642177.983 ] ] ] ] } },
{ "type": "Feature", "properties": { "fid": 274195.0, "oid": "DENW41AL30008LIjBL", "aktualit": "2024-08-20", "gebnutzbez": "Gebäude", "funktion": "Gebäude für Wirtschaft oder Gewerbe", "gfkzshh": "31001_2000", "rellage": null, "name": null, "anzahlgs": null, "gmdschl": "05362032", "lagebeztxt": null, "bld area": 94 }, "geometry": { "type": "MultiPolygon", "coordinates": [ [ [ [ 338932.433000000019092, 5642207.053999999538064 ], [ 338935.143999999971129, 5642207.417999999597669 ], [ 338946.808000000019092, 5642209.012000000104308 ], [ 338947.696999999985565, 5642202.557 ], [ 338947.462999999988824, 5642202.524000000208616 ], [ 338941.75199999997858, 5642201.747999999672174 ], [ 338935.818000000028405, 5642200.940999999642372 ], [ 338933.412000000011176, 5642200.611999999731779 ], [ 338932.433000000019092, 5642207.053999999538064 ] ] ] ] } },
{ "type": "Feature", "properties": { "fid": 276436.0, "oid": "DENW41AL30008NnvBL", "aktualit": "2024-08-20", "gebnutzbez": "Gebäude", "funktion": "Wohngebäude", "gfkzshh": "31001_1000", "rellage": null, "name": null, "anzahlgs": null, "gmdschl": "05362032", "lagebeztxt": "Merodestraße 18", "bld area": 66 }, "geometry": { "type": "MultiPolygon", "coordinates": [ [ [ [ 338939.327999999979511, 5642180.50800000037998 ], [ 338944.588999999978114, 5642181.379999999888241 ], [ 338947.577, 5642181.875 ], [ 338948.617000000027474, 5642175.971 ], [ 338947.104999999981374, 5642175.704 ], [ 338947.50199999997858, 5642173.456000000238419 ], [ 338940.740999999979977, 5642172.263000000268221 ], [ 338939.327999999979511, 5642180.50800000037998 ] ] ] ] } },
{ "type": "Feature", "properties": { "fid": 59660.0, "oid": "DENW41AL30008JbrBL", "aktualit": "2024-08-20", "gebnutzbez": "Gebäude", "funktion": "Wohngebäude", "gfkzshh": "31001_1000", "rellage": null, "name": null, "anzahlgs": null, "gmdschl": "05362032", "lagebeztxt": "Sistenichstraße 68", "bld area": 111 }, "geometry": { "type": "MultiPolygon", "coordinates": [ [ [ [ 338956.664999999979045, 5642242.326000000350177 ], [ 338963.609, 5642242.214999999850988 ], [ 338963.64000000001397, 5642246.185999999754131 ], [ 338973.310999999986961, 5642246.006 ], [ 338973.210000000020955, 5642237.838000000454485 ], [ 338972.734, 5642237.842000000178814 ], [ 338963.837999999988824, 5642237.878999999724329 ], [ 338963.831, 5642237.617999999783933 ], [ 338963.706, 5642237.605999999679625 ], [ 338956.68, 5642237.713000000454485 ], [ 338956.664999999979045, 5642242.326000000350177 ] ] ] ] } },
{ "type": "Feature", "properties": { "fid": 62311.0, "oid": "DENW41AL30008NNrBL", "aktualit": "2024-08-20", "gebnutzbez": "Gebäude", "funktion": "Gebäude zum Parken", "gfkzshh": "31001_2460", "rellage": null, "name": null, "anzahlgs": null, "gmdschl": "05362032", "lagebeztxt": null, "bld area": 20 }, "geometry": { "type": "MultiPolygon", "coordinates": [ [ [ [ 339036.695, 5642291.049999999813735 ], [ 339040.386, 5642291.218999999575317 ], [ 339040.636, 5642285.724000000394881 ], [ 339036.949000000022352, 5642285.554999999701977 ], [ 339036.695, 5642291.049999999813735 ] ] ] ] } },
{ "type": "Feature", "properties": { "fid": 63631.0, "oid": "DENW41AL3Bm0000ABL", "aktualit": "2024-08-20", "gebnutzbez": "Gebäude", "funktion": "Wohngebäude", "gfkzshh": "31001_1000", "rellage": null, "name": null, "anzahlgs": null, "gmdschl": "05362032", "lagebeztxt": "Fischbachstraße 4 a", "bld area": 162 }, "geometry": { "type": "MultiPolygon", "coordinates": [ [ [ [ 339045.631, 5642285.888000000268221 ], [ 339059.863000000012107, 5642286.55599999986589 ], [ 339060.391, 5642275.196000000461936 ], [ 339046.163, 5642274.528 ], [ 339045.631, 5642285.888000000268221 ] ] ] ] } },
{ "type": "Feature", "properties": { "fid": 160486.0, "oid": "DENW41AL30008NvMBL", "aktualit": "2024-08-20", "gebnutzbez": "Gebäude", "funktion": "Wohngebäude", "gfkzshh": "31001_1000", "rellage": null, "name": null, "anzahlgs": null, "gmdschl": "05362032", "lagebeztxt": "Fischbachstraße 5", "bld area": 71 }, "geometry": { "type": "MultiPolygon", "coordinates": [ [ [ [ 339016.076, 5642294.332000000402331 ], [ 339024.477000000013504, 5642294.673999999649823 ], [ 339024.863000000012107, 5642286.282999999821186 ], [ 339016.467, 5642285.900999999605119 ], [ 339016.076, 5642294.332000000402331 ] ] ] ] } },
{ "type": "Feature", "properties": { "fid": 276143.0, "oid": "DENW41AL30008NUNBL", "aktualit": "2024-08-20", "gebnutzbez": "Gebäude", "funktion": "Wohngebäude", "gfkzshh": "31001_1000", "rellage": null, "name": null, "anzahlgs": null, "gmdschl": "05362032", "lagebeztxt": "Fischbachstraße 6", "bld area": 71 }, "geometry": { "type": "MultiPolygon", "coordinates": [ [ [ [ 339007.728, 5642293.985999999567866 ], [ 339016.076, 5642294.332000000402331 ], [ 339016.467, 5642285.900999999605119 ], [ 339008.083999999973457, 5642285.542000000365078 ], [ 339007.728, 5642293.985999999567866 ] ] ] ] } },
{ "type": "Feature", "properties": { "fid": 63132.0, "oid": "DENW41AL30008OXEBL", "aktualit": "2024-08-20", "gebnutzbez": "Gebäude", "funktion": "Wohngebäude", "gfkzshh": "31001_1000", "rellage": null, "name": null, "anzahlgs": null, "gmdschl": "05362032", "lagebeztxt": "Grabenweg 29", "bld area": 108 }, "geometry": { "type": "MultiPolygon", "coordinates": [ [ [ [ 338723.955000000016298, 5642314.579 ], [ 338730.097, 5642314.761 ], [ 338730.033999999985099, 5642317.78899999987334 ], [ 338733.691999999980908, 5642317.864 ], [ 338734.097, 5642305.102 ], [ 338724.229, 5642304.731999999843538 ], [ 338723.955000000016298, 5642314.579 ] ] ] ] } },
{ "type": "Feature", "properties": { "fid": 159208.0, "oid": "DENW41AL30008LLTBL", "aktualit": "2024-08-20", "gebnutzbez": "Gebäude", "funktion": "Wohngebäude", "gfkzshh": "31001_1000", "rellage": null, "name": null, "anzahlgs": null, "gmdschl": "05362032", "lagebeztxt": "Grabenweg 27", "bld area": 106 }, "geometry": { "type": "MultiPolygon", "coordinates": [ [ [ [ 338733.848999999987427, 5642313.997999999672174 ], [ 338740.525000000023283, 5642314.173999999649823 ], [ 338740.51500000001397, 5642314.542999999597669 ], [ 338743.541000000026543, 5642314.634999999776483 ], [ 338743.786000000021886, 5642306.761 ], [ 338743.891, 5642303.479000000283122 ], [ 338734.202, 5642303.193 ], [ 338733.848999999987427, 5642313.997999999672174 ] ] ] ] } },
{ "type": "Feature", "properties": { "fid": 274650.0, "oid": "DENW41AL30008LoVBL", "aktualit": "2024-08-20", "gebnutzbez": "Gebäude", "funktion": "Wohngebäude", "gfkzshh": "31001_1000", "rellage": null, "name": null, "anzahlgs": null, "gmdschl": "05362032", "lagebeztxt": "Rote-Kreuz-Straße 26 a", "bld area": 89 }, "geometry": { "type": "MultiPolygon", "coordinates": [ [ [ [ 338721.218999999982771, 5642290.071000000461936 ], [ 338723.223, 5642292.104000000283122 ], [ 338723.150000000023283, 5642294.636 ], [ 338731.479999999981374, 5642294.88300000037998 ], [ 338731.776000000012573, 5642285.122000000439584 ], [ 338726.054, 5642284.986999999731779 ], [ 338724.00199999997858, 5642282.804999999701977 ], [ 338721.318000000028405, 5642285.337000000290573 ], [ 338723.352000000013504, 5642287.525999999605119 ], [ 338724.596000000019558, 5642288.860999999567866 ], [ 338723.275000000023283, 5642290.09499999973923 ], [ 338721.218999999982771, 5642290.071000000461936 ] ] ] ] } },
{ "type": "Feature", "properties": { "fid": 274870.0, "oid": "DENW41AL30008M3hBL", "aktualit": "2024-08-20", "gebnutzbez": "Gebäude", "funktion": "Gebäude für Land- und Forstwirtschaft", "gfkzshh": "31001_2700", "rellage": null, "name": null, "anzahlgs": null, "gmdschl": "05362032", "lagebeztxt": null, "bld area": 8 }, "geometry": { "type": "MultiPolygon", "coordinates": [ [ [ [ 338728.402, 5642298.541000000201166 ], [ 338731.351000000024214, 5642298.632000000216067 ], [ 338731.435999999986961, 5642295.892 ], [ 338728.484, 5642295.803999999538064 ], [ 338728.402, 5642298.541000000201166 ] ] ] ] } },
{ "type": "Feature", "properties": { "fid": 59237.0, "oid": "DENW41AL2h300003BL", "aktualit": "2024-08-20", "gebnutzbez": "Gebäude", "funktion": "Gebäude zur Freizeitgestaltung", "gfkzshh": "31001_1310", "rellage": null, "name": null, "anzahlgs": null, "gmdschl": "05362032", "lagebeztxt": null, "bld area": 26 }, "geometry": { "type": "MultiPolygon", "coordinates": [ [ [ [ 338881.293, 5642731.489 ], [ 338887.731000000028871, 5642733.933000000193715 ], [ 338887.731000000028871, 5642733.932 ], [ 338887.733, 5642733.927000000141561 ], [ 338889.069000000017695, 5642730.421 ], [ 338882.63, 5642727.967000000178814 ], [ 338881.293, 5642731.489 ] ] ] ] } },
{ "type": "Feature", "properties": { "fid": 59594.0, "oid": "DENW41AL30008JWHBL", "aktualit": "2024-08-20", "gebnutzbez": "Gebäude", "funktion": "Wohngebäude", "gfkzshh": "31001_1000", "rellage": null, "name": null, "anzahlgs": null, "gmdschl": "05362032", "lagebeztxt": "Sistenichstraße 2", "bld area": 67 }, "geometry": { "type": "MultiPolygon", "coordinates": [ [ [ [ 338884.71999999997206, 5642741.251000000163913 ], [ 338890.294999999983702, 5642743.358 ], [ 338890.606000000028871, 5642743.475999999791384 ], [ 338890.24900000001071, 5642744.446000000461936 ], [ 338891.693000000028405, 5642745.046 ], [ 338892.51400000002468, 5642743.059999999590218 ], [ 338891.86099999997532, 5642742.796 ], [ 338891.973, 5642742.523 ], [ 338893.0, 5642742.911999999545515 ], [ 338895.281000000017229, 5642736.889999999664724 ], [ 338895.311999999976251, 5642736.809999999590218 ], [ 338887.733, 5642733.927000000141561 ], [ 338887.451, 5642733.826000000350177 ], [ 338884.71999999997206, 5642741.251000000163913 ] ] ] ] } },
{ "type": "Feature", "properties": { "fid": 61706.0, "oid": "DENW41AL30008MVOBL", "aktualit": "2024-08-20", "gebnutzbez": "Gebäude", "funktion": "Wohngebäude", "gfkzshh": "31001_1000", "rellage": null, "name": null, "anzahlgs": null, "gmdschl": "05362032", "lagebeztxt": "Sistenichstraße 4", "bld area": 66 }, "geometry": { "type": "MultiPolygon", "coordinates": [ [ [ [ 338887.733, 5642733.927000000141561 ], [ 338895.311999999976251, 5642736.809999999590218 ], [ 338895.281000000017229, 5642736.889999999664724 ], [ 338895.87, 5642737.112999999895692 ], [ 338896.407, 5642735.690000000409782 ], [ 338895.257999999972526, 5642735.254999999888241 ], [ 338897.755, 5642728.644999999552965 ], [ 338890.756, 5642725.995000000111759 ], [ 338889.069000000017695, 5642730.421 ], [ 338887.733, 5642733.927000000141561 ] ] ] ] } },
{ "type": "Feature", "properties": { "fid": 61066.0, "oid": "DENW41AL30008La5BL", "aktualit": "2024-08-20", "gebnutzbez": "Gebäude", "funktion": "Wohngebäude", "gfkzshh": "31001_1000", "rellage": null, "name": null, "anzahlgs": null, "gmdschl": "05362032", "lagebeztxt": null, "bld area": 47 }, "geometry": { "type": "MultiPolygon", "coordinates": [ [ [ [ 338790.838999999978114, 5642598.923999999649823 ], [ 338798.022, 5642602.121000000275671 ], [ 338798.870999999984633, 5642600.205 ], [ 338800.452999999979511, 5642596.634999999776483 ], [ 338793.282, 5642593.44400000013411 ], [ 338790.838999999978114, 5642598.923999999649823 ] ] ] ] } },
{ "type": "Feature", "properties": { "fid": 273989.0, "oid": "DENW41AL30008L4PBL", "aktualit": "2024-08-20", "gebnutzbez": "Gebäude", "funktion": "Wohngebäude", "gfkzshh": "31001_1000", "rellage": null, "name": null, "anzahlgs": null, "gmdschl": "05362032", "lagebeztxt": "Wiesenstraße 13", "bld area": 97 }, "geometry": { "type": "MultiPolygon", "coordinates": [ [ [ [ 338785.831, 5642610.159 ], [ 338793.054, 5642613.339999999850988 ], [ 338798.022, 5642602.121000000275671 ], [ 338790.838999999978114, 5642598.923999999649823 ], [ 338785.831, 5642610.159 ] ] ] ] } },
{ "type": "Feature", "properties": { "fid": 59617.0, "oid": "DENW41AL30008JYIBL", "aktualit": "2024-08-20", "gebnutzbez": "Gebäude", "funktion": "Wohngebäude", "gfkzshh": "31001_1000", "rellage": null, "name": null, "anzahlgs": null, "gmdschl": "05362032", "lagebeztxt": null, "bld area": 16 }, "geometry": { "type": "MultiPolygon", "coordinates": [ [ [ [ 338860.504000000015367, 5642485.713999999687076 ], [ 338862.496999999973923, 5642485.855999999679625 ], [ 338862.615, 5642484.21100000012666 ], [ 338866.112000000022817, 5642484.464999999850988 ], [ 338866.087, 5642484.813 ], [ 338866.414999999979045, 5642484.835 ], [ 338866.586000000010245, 5642482.349000000394881 ], [ 338860.767999999981839, 5642481.937 ], [ 338860.504000000015367, 5642485.713999999687076 ] ] ] ] } },
{ "type": "Feature", "properties": { "fid": 60885.0, "oid": "DENW41AL30008LKKBL", "aktualit": "2024-08-20", "gebnutzbez": "Gebäude", "funktion": "Wohngebäude", "gfkzshh": "31001_1000", "rellage": null, "name": null, "anzahlgs": null, "gmdschl": "05362032", "lagebeztxt": null, "bld area": 8 }, "geometry": { "type": "MultiPolygon", "coordinates": [ [ [ [ 338865.612000000022817, 5642491.718999999575317 ], [ 338865.713999999978114, 5642491.727 ], [ 338866.808000000019092, 5642491.803999999538064 ], [ 338866.951, 5642489.730999999679625 ], [ 338867.272, 5642485.071999999694526 ], [ 338866.19, 5642484.996000000275671 ], [ 338866.075000000011642, 5642484.986999999731779 ], [ 338865.612000000022817, 5642491.718999999575317 ] ] ] ] } },
{ "type": "Feature", "properties": { "fid": 62440.0, "oid": "DENW41AL30008NYcBL", "aktualit": "2024-08-20", "gebnutzbez": "Gebäude", "funktion": "Wohngebäude", "gfkzshh": "31001_1000", "rellage": null, "name": null, "anzahlgs": null, "gmdschl": "05362032", "lagebeztxt": "Adenauerstraße 13", "bld area": 55 }, "geometry": { "type": "MultiPolygon", "coordinates": [ [ [ [ 338859.892, 5642494.576000000350177 ], [ 338865.48499999998603, 5642494.968999999575317 ], [ 338865.664999999979045, 5642492.399000000208616 ], [ 338865.565, 5642492.392 ], [ 338865.612000000022817, 5642491.718999999575317 ], [ 338866.075000000011642, 5642484.986999999731779 ], [ 338866.087, 5642484.813 ], [ 338866.112000000022817, 5642484.464999999850988 ], [ 338862.615, 5642484.21100000012666 ], [ 338862.496999999973923, 5642485.855999999679625 ], [ 338860.504000000015367, 5642485.713999999687076 ], [ 338859.892, 5642494.576000000350177 ] ] ] ] } },
{ "type": "Feature", "properties": { "fid": 274757.0, "oid": "DENW41AL30008LvfBL", "aktualit": "2024-08-20", "gebnutzbez": "Gebäude", "funktion": "Wohngebäude", "gfkzshh": "31001_1000", "rellage": null, "name": null, "anzahlgs": null, "gmdschl": "05362032", "lagebeztxt": "Adenauerstraße 15", "bld area": 55 }, "geometry": { "type": "MultiPolygon", "coordinates": [ [ [ [ 338854.392, 5642494.188 ], [ 338859.892, 5642494.576000000350177 ], [ 338860.504000000015367, 5642485.713999999687076 ], [ 338858.476000000024214, 5642485.566999999806285 ], [ 338858.59499999997206, 5642483.92200000025332 ], [ 338855.099999999976717, 5642483.667000000365078 ], [ 338854.805999999982305, 5642488.747999999672174 ], [ 338854.641, 5642491.617999999783933 ], [ 338854.542000000015832, 5642491.612999999895692 ], [ 338854.392, 5642494.188 ] ] ] ] } },
{ "type": "Feature", "properties": { "fid": 60303.0, "oid": "DENW41AL30008KUQBL", "aktualit": "2024-08-20", "gebnutzbez": "Gebäude", "funktion": "Gebäude zum Parken", "gfkzshh": "31001_2460", "rellage": null, "name": null, "anzahlgs": null, "gmdschl": "05362032", "lagebeztxt": null, "bld area": 50 }, "geometry": { "type": "MultiPolygon", "coordinates": [ [ [ [ 339305.254000000015367, 5642539.938 ], [ 339308.728, 5642540.571999999694526 ], [ 339314.158999999985099, 5642541.502999999560416 ], [ 339315.076, 5642536.174999999813735 ], [ 339309.809, 5642535.265999999828637 ], [ 339309.843999999982771, 5642535.068 ], [ 339306.216000000014901, 5642534.434999999590218 ], [ 339305.254000000015367, 5642539.938 ] ] ] ] } },
{ "type": "Feature", "properties": { "fid": 60475.0, "oid": "DENW41AL30008KjhBL", "aktualit": "2024-08-20", "gebnutzbez": "Gebäude", "funktion": "Wohngebäude", "gfkzshh": "31001_1000", "rellage": null, "name": null, "anzahlgs": null, "gmdschl": "05362032", "lagebeztxt": "Höhenweg 56", "bld area": 83 }, "geometry": { "type": "MultiPolygon", "coordinates": [ [ [ [ 339346.087, 5642547.757000000216067 ], [ 339347.23499999998603, 5642547.978000000119209 ], [ 339355.25199999997858, 5642549.517 ], [ 339356.625, 5642540.707999999634922 ], [ 339347.49800000002142, 5642539.014999999664724 ], [ 339346.087, 5642547.757000000216067 ] ] ] ] } },
{ "type": "Feature", "properties": { "fid": 62137.0, "oid": "DENW41AL30008N8FBL", "aktualit": "2024-08-20", "gebnutzbez": "Gebäude", "funktion": "Wohngebäude", "gfkzshh": "31001_1000", "rellage": null, "name": null, "anzahlgs": null, "gmdschl": "05362032", "lagebeztxt": null, "bld area": 7 }, "geometry": { "type": "MultiPolygon", "coordinates": [ [ [ [ 339343.756, 5642549.41399999987334 ], [ 339346.893999999971129, 5642549.974000000394881 ], [ 339347.23499999998603, 5642547.978000000119209 ], [ 339346.087, 5642547.757000000216067 ], [ 339344.113000000012107, 5642547.384999999776483 ], [ 339343.756, 5642549.41399999987334 ] ] ] ] } },
{ "type": "Feature", "properties": { "fid": 273650.0, "oid": "DENW41AL30008KgzBL", "aktualit": "2024-08-20", "gebnutzbez": "Gebäude", "funktion": "Wohngebäude", "gfkzshh": "31001_1000", "rellage": null, "name": null, "anzahlgs": null, "gmdschl": "05362032", "lagebeztxt": "Höhenweg 54", "bld area": 57 }, "geometry": { "type": "MultiPolygon", "coordinates": [ [ [ [ 339346.068000000028405, 5642554.892 ], [ 339354.083999999973457, 5642556.410000000149012 ], [ 339355.25199999997858, 5642549.517 ], [ 339347.23499999998603, 5642547.978000000119209 ], [ 339346.893999999971129, 5642549.974000000394881 ], [ 339346.068000000028405, 5642554.892 ] ] ] ] } },
{ "type": "Feature", "properties": { "fid": 274120.0, "oid": "DENW41AL30008LDNBL", "aktualit": "2024-08-20", "gebnutzbez": "Gebäude", "funktion": "Wohngebäude", "gfkzshh": "31001_1000", "rellage": null, "name": null, "anzahlgs": null, "gmdschl": "05362032", "lagebeztxt": "Höhenweg 58", "bld area": 90 }, "geometry": { "type": "MultiPolygon", "coordinates": [ [ [ [ 339347.49800000002142, 5642539.014999999664724 ], [ 339356.625, 5642540.707999999634922 ], [ 339358.088999999978114, 5642532.81900000013411 ], [ 339356.272999999986496, 5642532.483 ], [ 339356.74, 5642530.485999999567866 ], [ 339349.327, 5642529.128999999724329 ], [ 339347.49800000002142, 5642539.014999999664724 ] ] ] ] } },
{ "type": "Feature", "properties": { "fid": 274815.0, "oid": "DENW41AL30008LzcBL", "aktualit": "2024-08-20", "gebnutzbez": "Gebäude", "funktion": "Gebäude zum Parken", "gfkzshh": "31001_2460", "rellage": null, "name": null, "anzahlgs": null, "gmdschl": "05362032", "lagebeztxt": null, "bld area": 20 }, "geometry": { "type": "MultiPolygon", "coordinates": [ [ [ [ 339327.683000000019092, 5642533.762000000104308 ], [ 339331.169, 5642534.370000000111759 ], [ 339332.10999999998603, 5642528.964999999850988 ], [ 339328.549, 5642528.396999999880791 ], [ 339327.683000000019092, 5642533.762000000104308 ] ] ] ] } },
{ "type": "Feature", "properties": { "fid": 274967.0, "oid": "DENW41AL30008MAwBL", "aktualit": "2024-08-20", "gebnutzbez": "Gebäude", "funktion": "Wohngebäude", "gfkzshh": "31001_1000", "rellage": null, "name": null, "anzahlgs": null, "gmdschl": "05362032", "lagebeztxt": "Mühlengraben 11", "bld area": 59 }, "geometry": { "type": "MultiPolygon", "coordinates": [ [ [ [ 339334.305, 5642533.71 ], [ 339343.305999999982305, 5642535.176 ], [ 339344.476000000024214, 5642528.842000000178814 ], [ 339335.413, 5642527.352 ], [ 339335.050999999977648, 5642529.423000000417233 ], [ 339334.305, 5642533.71 ] ] ] ] } },
{ "type": "Feature", "properties": { "fid": 60362.0, "oid": "DENW41AL30008KZaBL", "aktualit": "2024-08-20", "gebnutzbez": "Gebäude", "funktion": "Wohngebäude", "gfkzshh": "31001_1000", "rellage": null, "name": null, "anzahlgs": null, "gmdschl": "05362032", "lagebeztxt": "Adenauerstraße 7", "bld area": 53 }, "geometry": { "type": "MultiPolygon", "coordinates": [ [ [ [ 338934.984, 5642499.744 ], [ 338940.291000000026543, 5642500.148 ], [ 338940.952, 5642491.339999999850988 ], [ 338939.169, 5642491.24199999962002 ], [ 338939.286000000021886, 5642489.598000000230968 ], [ 338936.004000000015367, 5642489.355000000447035 ], [ 338935.76400000002468, 5642489.338000000454485 ], [ 338935.587, 5642491.689000000245869 ], [ 338935.255, 5642496.132000000216067 ], [ 338935.197999999974854, 5642496.886 ], [ 338934.984, 5642499.744 ] ] ] ] } },
{ "type": "Feature", "properties": { "fid": 61938.0, "oid": "DENW41AL30008MqBBL", "aktualit": "2024-08-20", "gebnutzbez": "Gebäude", "funktion": "Gebäude zum Parken", "gfkzshh": "31001_2460", "rellage": null, "name": null, "anzahlgs": null, "gmdschl": "05362032", "lagebeztxt": null, "bld area": 59 }, "geometry": { "type": "MultiPolygon", "coordinates": [ [ [ [ 338936.433000000019092, 5642470.160000000149012 ], [ 338948.892, 5642470.659 ], [ 338949.267999999981839, 5642466.087000000290573 ], [ 338939.34499999997206, 5642465.548999999649823 ], [ 338936.700000000011642, 5642465.40500000026077 ], [ 338936.433000000019092, 5642470.160000000149012 ] ] ] ] } },
{ "type": "Feature", "properties": { "fid": 160686.0, "oid": "DENW41AL30008OKOBL", "aktualit": "2024-08-20", "gebnutzbez": "Gebäude", "funktion": "Gebäude zum Parken", "gfkzshh": "31001_2460", "rellage": null, "name": null, "anzahlgs": null, "gmdschl": "05362032", "lagebeztxt": null, "bld area": 27 }, "geometry": { "type": "MultiPolygon", "coordinates": [ [ [ [ 338931.863000000012107, 5642491.355000000447035 ], [ 338931.963999999978114, 5642491.364 ], [ 338935.587, 5642491.689000000245869 ], [ 338935.76400000002468, 5642489.338000000454485 ], [ 338936.004000000015367, 5642489.355000000447035 ], [ 338936.382999999972526, 5642484.701000000350177 ], [ 338932.446999999985565, 5642484.370000000111759 ], [ 338932.229, 5642487.083999999798834 ], [ 338931.863000000012107, 5642491.355000000447035 ] ] ] ] } },
{ "type": "Feature", "properties": { "fid": 272111.0, "oid": "DENW41AL2e30002mBL", "aktualit": "2024-08-20", "gebnutzbez": "Gebäude", "funktion": "Gebäude zur Freizeitgestaltung", "gfkzshh": "31001_1310", "rellage": null, "name": null, "anzahlgs": null, "gmdschl": "05362032", "lagebeztxt": null, "bld area": 56 }, "geometry": { "type": "MultiPolygon", "coordinates": [ [ [ [ 338933.579000000027008, 5642470.012000000104308 ], [ 338933.587, 5642470.012000000104308 ], [ 338936.433000000019092, 5642470.160000000149012 ], [ 338936.700000000011642, 5642465.40500000026077 ], [ 338939.34499999997206, 5642465.548999999649823 ], [ 338939.761999999987893, 5642457.855000000447035 ], [ 338934.517, 5642457.489 ], [ 338934.38, 5642459.247999999672174 ], [ 338934.163999999989755, 5642459.231999999843538 ], [ 338933.579000000027008, 5642470.012000000104308 ] ] ] ] } },
{ "type": "Feature", "properties": { "fid": 272943.0, "oid": "DENW41AL30008JsyBL", "aktualit": "2024-08-20", "gebnutzbez": "Gebäude", "funktion": "Wohngebäude", "gfkzshh": "31001_1000", "rellage": null, "name": null, "anzahlgs": null, "gmdschl": "05362032", "lagebeztxt": null, "bld area": 20 }, "geometry": { "type": "MultiPolygon", "coordinates": [ [ [ [ 338931.414999999979045, 5642496.592000000178814 ], [ 338931.602000000013504, 5642496.605999999679625 ], [ 338935.197999999974854, 5642496.886 ], [ 338935.255, 5642496.132000000216067 ], [ 338935.587, 5642491.689000000245869 ], [ 338931.963999999978114, 5642491.364 ], [ 338931.863000000012107, 5642491.355000000447035 ], [ 338931.613000000012107, 5642494.279 ], [ 338931.479999999981374, 5642495.837000000290573 ], [ 338931.414999999979045, 5642496.592000000178814 ] ] ] ] } },
{ "type": "Feature", "properties": { "fid": 276415.0, "oid": "DENW41AL30008NmLBL", "aktualit": "2024-08-20", "gebnutzbez": "Gebäude", "funktion": "Wohngebäude", "gfkzshh": "31001_1000", "rellage": null, "name": null, "anzahlgs": null, "gmdschl": "05362032", "lagebeztxt": "Adenauerstraße 5", "bld area": 75 }, "geometry": { "type": "MultiPolygon", "coordinates": [ [ [ [ 338940.291000000026543, 5642500.148 ], [ 338945.778999999980442, 5642500.518000000156462 ], [ 338946.268999999971129, 5642494.293999999761581 ], [ 338946.601000000024214, 5642490.065999999642372 ], [ 338946.099999999976717, 5642490.031000000424683 ], [ 338946.386, 5642486.634999999776483 ], [ 338946.273999999975786, 5642486.627000000327826 ], [ 338941.365999999979977, 5642486.286000000312924 ], [ 338941.092, 5642489.682 ], [ 338940.952, 5642491.339999999850988 ], [ 338940.291000000026543, 5642500.148 ] ] ] ] } },
{ "type": "Feature", "properties": { "fid": 276786.0, "oid": "DENW41AL30008OBsBL", "aktualit": "2024-08-20", "gebnutzbez": "Gebäude", "funktion": "Gebäude zum Parken", "gfkzshh": "31001_2460", "rellage": null, "name": null, "anzahlgs": null, "gmdschl": "05362032", "lagebeztxt": null, "bld area": 27 }, "geometry": { "type": "MultiPolygon", "coordinates": [ [ [ [ 338927.965000000025611, 5642494.070000000298023 ], [ 338931.613000000012107, 5642494.279 ], [ 338931.863000000012107, 5642491.355000000447035 ], [ 338932.229, 5642487.083999999798834 ], [ 338928.163, 5642486.803000000305474 ], [ 338928.074000000022352, 5642488.791000000201166 ], [ 338928.332999999984168, 5642488.809000000357628 ], [ 338927.965000000025611, 5642494.070000000298023 ] ] ] ] } },
{ "type": "Feature", "properties": { "fid": 60164.0, "oid": "DENW41AL30008KIZBL", "aktualit": "2024-08-20", "gebnutzbez": "Gebäude", "funktion": "Wohngebäude", "gfkzshh": "31001_1000", "rellage": null, "name": null, "anzahlgs": null, "gmdschl": "05362032", "lagebeztxt": null, "bld area": 15 }, "geometry": { "type": "MultiPolygon", "coordinates": [ [ [ [ 338905.778, 5642463.958999999798834 ], [ 338908.044, 5642464.120000000111759 ], [ 338908.28000000002794, 5642460.620000000111759 ], [ 338908.5, 5642457.362999999895692 ], [ 338906.255, 5642457.201999999582767 ], [ 338906.025000000023283, 5642460.464999999850988 ], [ 338905.778, 5642463.958999999798834 ] ] ] ] } },
{ "type": "Feature", "properties": { "fid": 60211.0, "oid": "DENW41AL30008KMLBL", "aktualit": "2024-08-20", "gebnutzbez": "Gebäude", "funktion": "Wohngebäude", "gfkzshh": "31001_1000", "rellage": null, "name": null, "anzahlgs": null, "gmdschl": "05362032", "lagebeztxt": "Herderstraße 13", "bld area": 57 }, "geometry": { "type": "MultiPolygon", "coordinates": [ [ [ [ 338897.382999999972526, 5642463.358 ], [ 338901.200000000011642, 5642463.63399999961257 ], [ 338901.371999999973923, 5642463.645999999716878 ], [ 338901.598999999987427, 5642463.662999999709427 ], [ 338905.778, 5642463.958999999798834 ], [ 338906.025000000023283, 5642460.464999999850988 ], [ 338906.255, 5642457.201999999582767 ], [ 338897.879000000015367, 5642456.588999999687076 ], [ 338897.382999999972526, 5642463.358 ] ] ] ] } },
{ "type": "Feature", "properties": { "fid": 273235.0, "oid": "DENW41AL30008KDZBL", "aktualit": "2024-08-20", "gebnutzbez": "Gebäude", "funktion": "Wohngebäude", "gfkzshh": "31001_1000", "rellage": null, "name": null, "anzahlgs": null, "gmdschl": "05362032", "lagebeztxt": null, "bld area": 26 }, "geometry": { "type": "MultiPolygon", "coordinates": [ [ [ [ 338906.255, 5642457.201999999582767 ], [ 338908.5, 5642457.362999999895692 ], [ 338910.109, 5642457.43099999986589 ], [ 338910.587999999988824, 5642450.843999999575317 ], [ 338906.737000000022817, 5642450.472 ], [ 338906.726000000024214, 5642450.562 ], [ 338906.482000000018161, 5642453.996000000275671 ], [ 338906.255, 5642457.201999999582767 ] ] ] ] } },
{ "type": "Feature", "properties": { "fid": 275345.0, "oid": "DENW41AL30008MbiBL", "aktualit": "2024-08-20", "gebnutzbez": "Gebäude", "funktion": "Wohngebäude", "gfkzshh": "31001_1000", "rellage": null, "name": null, "anzahlgs": null, "gmdschl": "05362032", "lagebeztxt": "Herderstraße 15", "bld area": 56 }, "geometry": { "type": "MultiPolygon", "coordinates": [ [ [ [ 338897.879000000015367, 5642456.588999999687076 ], [ 338906.255, 5642457.201999999582767 ], [ 338906.482000000018161, 5642453.996000000275671 ], [ 338906.726000000024214, 5642450.562 ], [ 338902.560999999986961, 5642450.25899999961257 ], [ 338898.365999999979977, 5642449.95299999974668 ], [ 338897.879000000015367, 5642456.588999999687076 ] ] ] ] } },
{ "type": "Feature", "properties": { "fid": 59799.0, "oid": "DENW41AL30008Jn8BL", "aktualit": "2024-08-20", "gebnutzbez": "Gebäude", "funktion": "Wohngebäude", "gfkzshh": "31001_1000", "rellage": null, "name": null, "anzahlgs": null, "gmdschl": "05362032", "lagebeztxt": "Sistenichstraße 42", "bld area": 80 }, "geometry": { "type": "MultiPolygon", "coordinates": [ [ [ [ 338957.053000000014435, 5642467.938 ], [ 338965.602000000013504, 5642468.552000000141561 ], [ 338965.62699999997858, 5642468.212000000290573 ], [ 338966.62400000001071, 5642468.286999999545515 ], [ 338966.941, 5642464.05599999986589 ], [ 338965.943000000028405, 5642463.981999999843538 ], [ 338966.259000000020023, 5642459.718999999575317 ], [ 338957.686999999976251, 5642459.109000000171363 ], [ 338957.5, 5642461.747999999672174 ], [ 338957.053000000014435, 5642467.938 ] ] ] ] } },
{ "type": "Feature", "properties": { "fid": 272113.0, "oid": "DENW41AL2e30002xBL", "aktualit": "2024-08-20", "gebnutzbez": "Gebäude", "funktion": "Gebäude zur Freizeitgestaltung", "gfkzshh": "31001_1310", "rellage": null, "name": null, "anzahlgs": null, "gmdschl": "05362032", "lagebeztxt": null, "bld area": 70 }, "geometry": { "type": "MultiPolygon", "coordinates": [ [ [ [ 338950.674, 5642485.282999999821186 ], [ 338957.311999999976251, 5642485.775000000372529 ], [ 338957.686999999976251, 5642480.705 ], [ 338954.908, 5642480.498999999836087 ], [ 338955.604999999981374, 5642471.092000000178814 ], [ 338951.743000000016764, 5642470.869 ], [ 338951.74, 5642470.910000000149012 ], [ 338951.049999999988358, 5642480.213000000454485 ], [ 338950.674, 5642485.282999999821186 ] ] ], [ [ [ 338950.479, 5642487.91399999987334 ], [ 338950.674, 5642485.282999999821186 ], [ 338950.653999999980442, 5642485.281000000424683 ], [ 338950.479, 5642487.91399999987334 ] ] ] ] } },
{ "type": "Feature", "properties": { "fid": 272596.0, "oid": "DENW41AL30008JZZBL", "aktualit": "2024-08-20", "gebnutzbez": "Gebäude", "funktion": "Wohngebäude", "gfkzshh": "31001_1000", "rellage": null, "name": null, "anzahlgs": null, "gmdschl": "05362032", "lagebeztxt": null, "bld area": 11 }, "geometry": { "type": "MultiPolygon", "coordinates": [ [ [ [ 338953.224999999976717, 5642461.445000000298023 ], [ 338957.5, 5642461.747999999672174 ], [ 338957.686999999976251, 5642459.109000000171363 ], [ 338953.413999999989755, 5642458.808000000193715 ], [ 338953.224999999976717, 5642461.445000000298023 ] ] ] ] } },
{ "type": "Feature", "properties": { "fid": 274738.0, "oid": "DENW41AL30008LuTBL", "aktualit": "2024-08-20", "gebnutzbez": "Gebäude", "funktion": "Wohngebäude", "gfkzshh": "31001_1000", "rellage": null, "name": null, "anzahlgs": null, "gmdschl": "05362032", "lagebeztxt": "Sistenichstraße 44", "bld area": 80 }, "geometry": { "type": "MultiPolygon", "coordinates": [ [ [ [ 338957.686999999976251, 5642459.109000000171363 ], [ 338966.259000000020023, 5642459.718999999575317 ], [ 338966.56, 5642455.528 ], [ 338967.571, 5642455.603000000119209 ], [ 338967.895000000018626, 5642451.341 ], [ 338966.886, 5642451.264999999664724 ], [ 338966.913, 5642450.906999999657273 ], [ 338958.319000000017695, 5642450.28899999987334 ], [ 338957.686999999976251, 5642459.109000000171363 ] ] ] ] } },
{ "type": "Feature", "properties": { "fid": 63139.0, "oid": "DENW41AL30008OXvBL", "aktualit": "2024-08-20", "gebnutzbez": "Gebäude", "funktion": "Wohngebäude", "gfkzshh": "31001_1000", "rellage": null, "name": null, "anzahlgs": null, "gmdschl": "05362032", "lagebeztxt": "Merodestraße 14", "bld area": 71 }, "geometry": { "type": "MultiPolygon", "coordinates": [ [ [ [ 339001.798, 5642189.839999999850988 ], [ 339011.382999999972526, 5642190.070000000298023 ], [ 339011.565, 5642182.701999999582767 ], [ 339001.99, 5642182.495000000111759 ], [ 339001.798, 5642189.839999999850988 ] ] ] ] } },
{ "type": "Feature", "properties": { "fid": 277136.0, "oid": "DENW41AL30008OYzBL", "aktualit": "2024-08-20", "gebnutzbez": "Gebäude", "funktion": "Gebäude für Land- und Forstwirtschaft", "gfkzshh": "31001_2700", "rellage": null, "name": null, "anzahlgs": null, "gmdschl": "05362032", "lagebeztxt": null, "bld area": 24 }, "geometry": { "type": "MultiPolygon", "coordinates": [ [ [ [ 339007.381999999983236, 5642199.213000000454485 ], [ 339008.729, 5642199.256 ], [ 339008.722, 5642197.912999999709427 ], [ 339011.158, 5642197.980000000447035 ], [ 339011.316, 5642192.062 ], [ 339007.601000000024214, 5642191.96100000012666 ], [ 339007.381999999983236, 5642199.213000000454485 ] ] ] ] } },
{ "type": "Feature", "properties": { "fid": 160169.0, "oid": "DENW41AL30008NIoBL", "aktualit": "2024-08-20", "gebnutzbez": "Gebäude", "funktion": "Gebäude zum Parken", "gfkzshh": "31001_2460", "rellage": null, "name": null, "anzahlgs": null, "gmdschl": "05362032", "lagebeztxt": null, "bld area": 29 }, "geometry": { "type": "MultiPolygon", "coordinates": [ [ [ [ 339015.086000000010245, 5642199.335 ], [ 339018.098999999987427, 5642199.67200000025332 ], [ 339019.11099999997532, 5642190.099999999627471 ], [ 339016.153, 5642189.768000000156462 ], [ 339015.086000000010245, 5642199.335 ] ] ] ] } },
{ "type": "Feature", "properties": { "fid": 63322.0, "oid": "DENW41AL30008OnUBL", "aktualit": "2024-08-20", "gebnutzbez": "Gebäude", "funktion": "Gebäude zum Parken", "gfkzshh": "31001_2460", "rellage": null, "name": null, "anzahlgs": null, "gmdschl": "05362032", "lagebeztxt": null, "bld area": 17 }, "geometry": { "type": "MultiPolygon", "coordinates": [ [ [ [ 338799.180999999982305, 5642153.501000000163913 ], [ 338802.39000000001397, 5642153.971 ], [ 338803.060999999986961, 5642148.894000000320375 ], [ 338799.777, 5642148.426 ], [ 338799.400000000023283, 5642151.532999999821186 ], [ 338799.180999999982305, 5642153.501000000163913 ] ] ] ] } },
{ "type": "Feature", "properties": { "fid": 158621.0, "oid": "DENW41AL30008KCOBL", "aktualit": "2024-08-20", "gebnutzbez": "Gebäude", "funktion": "Wohngebäude", "gfkzshh": "31001_1000", "rellage": null, "name": null, "anzahlgs": null, "gmdschl": "05362032", "lagebeztxt": "Merodestraße 36", "bld area": 62 }, "geometry": { "type": "MultiPolygon", "coordinates": [ [ [ [ 338784.261, 5642154.771999999880791 ], [ 338789.882999999972526, 5642155.377000000327826 ], [ 338791.038999999989755, 5642144.451000000350177 ], [ 338785.416000000026543, 5642143.852 ], [ 338784.786000000021886, 5642149.808000000193715 ], [ 338784.261, 5642154.771999999880791 ] ] ] ] } },
{ "type": "Feature", "properties": { "fid": 272965.0, "oid": "DENW41AL30008JuHBL", "aktualit": "2024-08-20", "gebnutzbez": "Gebäude", "funktion": "Gebäude zum Parken", "gfkzshh": "31001_2460", "rellage": null, "name": null, "anzahlgs": null, "gmdschl": "05362032", "lagebeztxt": null, "bld area": 18 }, "geometry": { "type": "MultiPolygon", "coordinates": [ [ [ [ 338796.434, 5642151.137000000104308 ], [ 338799.400000000023283, 5642151.532999999821186 ], [ 338799.777, 5642148.426 ], [ 338800.129000000015367, 5642145.536999999545515 ], [ 338797.15500000002794, 5642145.174999999813735 ], [ 338796.434, 5642151.137000000104308 ] ] ] ] } },
{ "type": "Feature", "properties": { "fid": 274809.0, "oid": "DENW41AL30008Lz4BL", "aktualit": "2024-08-20", "gebnutzbez": "Gebäude", "funktion": "Wohngebäude", "gfkzshh": "31001_1000", "rellage": null, "name": null, "anzahlgs": null, "gmdschl": "05362032", "lagebeztxt": "Merodestraße 34", "bld area": 62 }, "geometry": { "type": "MultiPolygon", "coordinates": [ [ [ [ 338789.882999999972526, 5642155.377000000327826 ], [ 338795.51, 5642155.984000000171363 ], [ 338796.669999999983702, 5642145.051 ], [ 338791.038999999989755, 5642144.451000000350177 ], [ 338789.882999999972526, 5642155.377000000327826 ] ] ] ] } },
{ "type": "Feature", "properties": { "fid": 62696.0, "oid": "DENW41AL30008Nv1BL", "aktualit": "2024-08-20", "gebnutzbez": "Gebäude", "funktion": "Wohngebäude", "gfkzshh": "31001_1000", "rellage": null, "name": null, "anzahlgs": null, "gmdschl": "05362032", "lagebeztxt": "Heinrich-Heine-Straße 9", "bld area": 62 }, "geometry": { "type": "MultiPolygon", "coordinates": [ [ [ [ 338783.673, 5642213.843999999575317 ], [ 338789.321, 5642214.441999999806285 ], [ 338790.282, 5642205.485000000335276 ], [ 338790.473999999987427, 5642203.656999999657273 ], [ 338784.818000000028405, 5642203.071999999694526 ], [ 338783.673, 5642213.843999999575317 ] ] ] ] } },
{ "type": "Feature", "properties": { "fid": 272992.0, "oid": "DENW41AL30008JvvBL", "aktualit": "2024-08-20", "gebnutzbez": "Gebäude", "funktion": "Wohngebäude", "gfkzshh": "31001_1000", "rellage": null, "name": null, "anzahlgs": null, "gmdschl": "05362032", "lagebeztxt": "Mittelstraße 15, 17", "bld area": 262 }, "geometry": { "type": "MultiPolygon", "coordinates": [ [ [ [ 339208.354, 5642655.276999999769032 ], [ 339210.968, 5642661.045 ], [ 339210.332, 5642661.332999999634922 ], [ 339211.473999999987427, 5642663.841 ], [ 339212.109, 5642663.552000000141561 ], [ 339214.718, 5642669.287999999709427 ], [ 339211.074000000022352, 5642670.943 ], [ 339213.685, 5642676.688 ], [ 339213.047000000020489, 5642676.977 ], [ 339214.179, 5642679.462000000290573 ], [ 339214.816999999980908, 5642679.17200000025332 ], [ 339217.403, 5642684.875 ], [ 339225.115999999979977, 5642681.381 ], [ 339218.723999999987427, 5642667.426 ], [ 339222.36099999997532, 5642665.761 ], [ 339215.977000000013504, 5642651.825000000186265 ], [ 339208.354, 5642655.276999999769032 ] ] ] ] } },
{ "type": "Feature", "properties": { "fid": 64071.0, "oid": "DENW41ALvN00002tBL", "aktualit": "2024-08-20", "gebnutzbez": "Gebäude", "funktion": "Gebäude zum Parken", "gfkzshh": "31001_2460", "rellage": null, "name": null, "anzahlgs": null, "gmdschl": "05362032", "lagebeztxt": null, "bld area": 49 }, "geometry": { "type": "MultiPolygon", "coordinates": [ [ [ [ 338946.099999999976717, 5642490.031000000424683 ], [ 338946.601000000024214, 5642490.065999999642372 ], [ 338946.268999999971129, 5642494.293999999761581 ], [ 338950.038999999989755, 5642494.553000000305474 ], [ 338950.479, 5642487.91399999987334 ], [ 338950.653999999980442, 5642485.281000000424683 ], [ 338950.843, 5642482.424999999813735 ], [ 338946.631, 5642482.126000000163913 ], [ 338946.273999999975786, 5642486.627000000327826 ], [ 338946.386, 5642486.634999999776483 ], [ 338946.099999999976717, 5642490.031000000424683 ] ] ] ] } },
{ "type": "Feature", "properties": { "fid": 160348.0, "oid": "DENW41AL30008NddBL", "aktualit": "2024-08-20", "gebnutzbez": "Gebäude", "funktion": "Wohngebäude", "gfkzshh": "31001_1000", "rellage": null, "name": null, "anzahlgs": null, "gmdschl": "05362032", "lagebeztxt": "Adenauerstraße 3", "bld area": 55 }, "geometry": { "type": "MultiPolygon", "coordinates": [ [ [ [ 338953.416000000026543, 5642501.177000000141561 ], [ 338958.973, 5642501.570000000298023 ], [ 338959.602000000013504, 5642492.691999999806285 ], [ 338957.576, 5642492.548999999649823 ], [ 338957.693000000028405, 5642490.90500000026077 ], [ 338954.142, 5642490.650999999605119 ], [ 338953.672000000020489, 5642498.593999999575317 ], [ 338953.571999999985565, 5642498.588999999687076 ], [ 338953.416000000026543, 5642501.177000000141561 ] ] ] ] } },
{ "type": "Feature", "properties": { "fid": 273499.0, "oid": "DENW41AL30008KWGBL", "aktualit": "2024-08-20", "gebnutzbez": "Gebäude", "funktion": "Wohngebäude", "gfkzshh": "31001_1000", "rellage": null, "name": null, "anzahlgs": null, "gmdschl": "05362032", "lagebeztxt": "Adenauerstraße 1 b", "bld area": 55 }, "geometry": { "type": "MultiPolygon", "coordinates": [ [ [ [ 338958.973, 5642501.570000000298023 ], [ 338964.536000000021886, 5642501.96100000012666 ], [ 338964.718999999982771, 5642499.369 ], [ 338964.618000000016764, 5642499.361999999731779 ], [ 338965.175999999977648, 5642491.434999999590218 ], [ 338961.65500000002794, 5642491.187 ], [ 338961.538999999989755, 5642492.831000000238419 ], [ 338959.602000000013504, 5642492.691999999806285 ], [ 338958.973, 5642501.570000000298023 ] ] ] ] } },
{ "type": "Feature", "properties": { "fid": 63276.0, "oid": "DENW41AL30008OjjBL", "aktualit": "2024-08-20", "gebnutzbez": "Gebäude", "funktion": "Wohngebäude", "gfkzshh": "31001_1000", "rellage": null, "name": null, "anzahlgs": null, "gmdschl": "05362032", "lagebeztxt": "Sistenichstraße 49", "bld area": 98 }, "geometry": { "type": "MultiPolygon", "coordinates": [ [ [ [ 338983.311999999976251, 5642482.879999999888241 ], [ 338994.908999999985099, 5642483.552000000141561 ], [ 338995.232000000018161, 5642477.628999999724329 ], [ 338993.337999999988824, 5642477.520999999716878 ], [ 338993.518999999971129, 5642474.519999999552965 ], [ 338983.799, 5642473.927000000141561 ], [ 338983.311999999976251, 5642482.879999999888241 ] ] ] ] } },
{ "type": "Feature", "properties": { "fid": 272553.0, "oid": "DENW41AL30008JSkBL", "aktualit": "2024-08-20", "gebnutzbez": "Gebäude", "funktion": "Wohngebäude", "gfkzshh": "31001_1000", "rellage": null, "name": null, "anzahlgs": null, "gmdschl": "05362032", "lagebeztxt": "Dechant-Buff-Straße 1", "bld area": 303 }, "geometry": { "type": "MultiPolygon", "coordinates": [ [ [ [ 339007.87699999997858, 5642496.572999999858439 ], [ 339030.098999999987427, 5642497.678000000305474 ], [ 339030.707, 5642484.045 ], [ 339008.493000000016764, 5642482.968000000342727 ], [ 339007.87699999997858, 5642496.572999999858439 ] ] ] ] } },
{ "type": "Feature", "properties": { "fid": 271996.0, "oid": "DENW41AL2O30004EBL", "aktualit": "2024-08-20", "gebnutzbez": "Gebäude", "funktion": "Wohngebäude", "gfkzshh": "31001_1000", "rellage": null, "name": null, "anzahlgs": null, "gmdschl": "05362032", "lagebeztxt": "Sistenichstraße 65", "bld area": 94 }, "geometry": { "type": "MultiPolygon", "coordinates": [ [ [ [ 338995.593999999982771, 5642347.178999999538064 ], [ 339004.194000000017695, 5642347.673000000417233 ], [ 339005.645000000018626, 5642347.756 ], [ 339005.786000000021886, 5642344.697999999858439 ], [ 339009.789999999979045, 5642344.884999999776483 ], [ 339010.00199999997858, 5642340.361999999731779 ], [ 339001.006, 5642339.890999999828637 ], [ 338995.965000000025611, 5642339.656000000424683 ], [ 338995.593999999982771, 5642347.178999999538064 ] ] ] ] } },
{ "type": "Feature", "properties": { "fid": 158453.0, "oid": "DENW41AL30008JroBL", "aktualit": "2024-08-20", "gebnutzbez": "Gebäude", "funktion": "Wohngebäude", "gfkzshh": "31001_1000", "rellage": null, "name": null, "anzahlgs": null, "gmdschl": "05362032", "lagebeztxt": null, "bld area": 58 }, "geometry": { "type": "MultiPolygon", "coordinates": [ [ [ [ 339116.979999999981374, 5642357.325000000186265 ], [ 339117.112000000022817, 5642360.229000000283122 ], [ 339119.193000000028405, 5642360.25899999961257 ], [ 339126.37400000001071, 5642360.358 ], [ 339126.318000000028405, 5642356.46 ], [ 339126.291000000026543, 5642353.910000000149012 ], [ 339117.925999999977648, 5642353.565999999642372 ], [ 339117.995, 5642356.532999999821186 ], [ 339118.022, 5642357.28000000026077 ], [ 339116.979999999981374, 5642357.325000000186265 ] ] ] ] } },
{ "type": "Feature", "properties": { "fid": 273551.0, "oid": "DENW41AL30008KZmBL", "aktualit": "2024-08-20", "gebnutzbez": "Gebäude", "funktion": "Gebäude zum Parken", "gfkzshh": "31001_2460", "rellage": null, "name": null, "anzahlgs": null, "gmdschl": "05362032", "lagebeztxt": null, "bld area": 17 }, "geometry": { "type": "MultiPolygon", "coordinates": [ [ [ [ 339107.950000000011642, 5642356.740000000223517 ], [ 339112.799999999988358, 5642356.825000000186265 ], [ 339112.976000000024214, 5642353.315999999642372 ], [ 339111.679, 5642353.253999999724329 ], [ 339108.011, 5642353.190999999642372 ], [ 339107.950000000011642, 5642356.740000000223517 ] ] ] ] } },
{ "type": "Feature", "properties": { "fid": 273967.0, "oid": "DENW41AL30008L3BBL", "aktualit": "2024-08-20", "gebnutzbez": "Gebäude", "funktion": "Wohngebäude", "gfkzshh": "31001_1000", "rellage": null, "name": null, "anzahlgs": null, "gmdschl": "05362032", "lagebeztxt": "Friedrich-Ebert-Platz 5", "bld area": 157 }, "geometry": { "type": "MultiPolygon", "coordinates": [ [ [ [ 339046.316999999980908, 5642486.21 ], [ 339058.706, 5642486.875 ], [ 339058.825000000011642, 5642486.879999999888241 ], [ 339059.525000000023283, 5642474.409 ], [ 339059.364, 5642474.403 ], [ 339046.987000000022817, 5642473.740000000223517 ], [ 339046.316999999980908, 5642486.21 ] ] ] ] } },
{ "type": "Feature", "properties": { "fid": 59866.0, "oid": "DENW41AL30008JslBL", "aktualit": "2024-11-06", "gebnutzbez": "Gebäude", "funktion": "Wohngebäude", "gfkzshh": "31001_1000", "rellage": null, "name": null, "anzahlgs": null, "gmdschl": "05362032", "lagebeztxt": "Höhenweg 44", "bld area": 79 }, "geometry": { "type": "MultiPolygon", "coordinates": [ [ [ [ 339330.781000000017229, 5642613.412999999709427 ], [ 339342.577, 5642615.642 ], [ 339343.804, 5642609.21 ], [ 339331.982000000018161, 5642606.995000000111759 ], [ 339330.781000000017229, 5642613.412999999709427 ] ] ] ] } },
{ "type": "Feature", "properties": { "fid": 62730.0, "oid": "DENW41AL30008NyoBL", "aktualit": "2024-08-20", "gebnutzbez": "Gebäude", "funktion": "Wohngebäude", "gfkzshh": "31001_1000", "rellage": null, "name": null, "anzahlgs": null, "gmdschl": "05362032", "lagebeztxt": "Höhenweg 46", "bld area": 66 }, "geometry": { "type": "MultiPolygon", "coordinates": [ [ [ [ 339331.982000000018161, 5642606.995000000111759 ], [ 339343.804, 5642609.21 ], [ 339345.011999999987893, 5642602.927000000141561 ], [ 339335.648999999975786, 5642601.132000000216067 ], [ 339334.797000000020489, 5642605.583999999798834 ], [ 339332.337, 5642605.11600000038743 ], [ 339331.982000000018161, 5642606.995000000111759 ] ] ] ] } },
{ "type": "Feature", "properties": { "fid": 158944.0, "oid": "DENW41AL30008KplBL", "aktualit": "2024-08-20", "gebnutzbez": "Gebäude", "funktion": "Wohngebäude", "gfkzshh": "31001_1000", "rellage": null, "name": null, "anzahlgs": null, "gmdschl": "05362032", "lagebeztxt": "Höhenweg 40", "bld area": 77 }, "geometry": { "type": "MultiPolygon", "coordinates": [ [ [ [ 339328.853, 5642636.075000000186265 ], [ 339334.532, 5642637.127000000327826 ], [ 339334.568000000028405, 5642636.928999999538064 ], [ 339338.26, 5642637.610000000335276 ], [ 339339.826, 5642629.779 ], [ 339339.756999999983236, 5642629.769000000320375 ], [ 339330.329000000027008, 5642628.131 ], [ 339328.853, 5642636.075000000186265 ] ] ] ] } },
{ "type": "Feature", "properties": { "fid": 276845.0, "oid": "DENW41AL30008OFEBL", "aktualit": "2024-08-20", "gebnutzbez": "Gebäude", "funktion": "Wohngebäude", "gfkzshh": "31001_1000", "rellage": null, "name": null, "anzahlgs": null, "gmdschl": "05362032", "lagebeztxt": "Höhenweg 42", "bld area": 98 }, "geometry": { "type": "MultiPolygon", "coordinates": [ [ [ [ 339329.848999999987427, 5642621.239 ], [ 339331.071999999985565, 5642621.46100000012666 ], [ 339329.886, 5642628.053000000305474 ], [ 339330.329000000027008, 5642628.131 ], [ 339339.756999999983236, 5642629.769000000320375 ], [ 339341.49900000001071, 5642620.458999999798834 ], [ 339331.563000000023749, 5642618.801 ], [ 339331.544999999983702, 5642618.901999999769032 ], [ 339330.315, 5642618.682 ], [ 339329.848999999987427, 5642621.239 ] ] ] ] } },
{ "type": "Feature", "properties": { "fid": 61316.0, "oid": "DENW41AL30008LwXBL", "aktualit": "2024-08-20", "gebnutzbez": "Gebäude", "funktion": "Wohngebäude", "gfkzshh": "31001_1000", "rellage": null, "name": null, "anzahlgs": null, "gmdschl": "05362032", "lagebeztxt": "Höhenweg 38", "bld area": 85 }, "geometry": { "type": "MultiPolygon", "coordinates": [ [ [ [ 339326.859, 5642651.11600000038743 ], [ 339335.738000000012107, 5642652.296 ], [ 339335.901000000012573, 5642651.377999999560416 ], [ 339336.412000000011176, 5642651.468999999575317 ], [ 339336.966000000014901, 5642648.373999999836087 ], [ 339336.455000000016298, 5642648.282999999821186 ], [ 339337.354999999981374, 5642643.284 ], [ 339329.056999999971595, 5642641.562 ], [ 339328.606000000028871, 5642643.95299999974668 ], [ 339328.163999999989755, 5642643.871000000275671 ], [ 339326.859, 5642651.11600000038743 ] ] ] ] } },
{ "type": "Feature", "properties": { "fid": 160893.0, "oid": "DENW41AL30008OkTBL", "aktualit": "2024-08-20", "gebnutzbez": "Gebäude", "funktion": "Wohngebäude", "gfkzshh": "31001_1000", "rellage": null, "name": null, "anzahlgs": null, "gmdschl": "05362032", "lagebeztxt": "Höhenweg 36", "bld area": 81 }, "geometry": { "type": "MultiPolygon", "coordinates": [ [ [ [ 339325.767999999981839, 5642659.617999999783933 ], [ 339328.243000000016764, 5642660.060999999754131 ], [ 339327.993000000016764, 5642661.416000000201166 ], [ 339330.772999999986496, 5642661.946999999694526 ], [ 339331.028999999980442, 5642660.571999999694526 ], [ 339334.147999999986496, 5642661.139000000432134 ], [ 339335.738000000012107, 5642652.296 ], [ 339326.859, 5642651.11600000038743 ], [ 339325.833999999973457, 5642656.837000000290573 ], [ 339326.242000000027474, 5642656.910000000149012 ], [ 339325.767999999981839, 5642659.617999999783933 ] ] ] ] } },
{ "type": "Feature", "properties": { "fid": 62140.0, "oid": "DENW41AL30008N8NBL", "aktualit": "2024-08-20", "gebnutzbez": "Gebäude", "funktion": "Wohngebäude", "gfkzshh": "31001_1000", "rellage": null, "name": null, "anzahlgs": null, "gmdschl": "05362032", "lagebeztxt": "Hebbelstraße 6", "bld area": 66 }, "geometry": { "type": "MultiPolygon", "coordinates": [ [ [ [ 338845.01500000001397, 5642278.134999999776483 ], [ 338848.75199999997858, 5642278.565999999642372 ], [ 338848.879000000015367, 5642277.46999999973923 ], [ 338853.994, 5642278.065999999642372 ], [ 338854.75, 5642271.18099999986589 ], [ 338845.930999999982305, 5642270.165 ], [ 338845.01500000001397, 5642278.134999999776483 ] ] ] ] } },
{ "type": "Feature", "properties": { "fid": 275383.0, "oid": "DENW41AL30008MdvBL", "aktualit": "2024-08-20", "gebnutzbez": "Gebäude", "funktion": "Gebäude zum Parken", "gfkzshh": "31001_2460", "rellage": null, "name": null, "anzahlgs": null, "gmdschl": "05362032", "lagebeztxt": null, "bld area": 21 }, "geometry": { "type": "MultiPolygon", "coordinates": [ [ [ [ 338845.526000000012573, 5642267.121000000275671 ], [ 338851.865999999979977, 5642267.839999999850988 ], [ 338852.231000000028871, 5642264.61699999962002 ], [ 338845.892999999981839, 5642263.889000000432134 ], [ 338845.526000000012573, 5642267.121000000275671 ] ] ] ] } },
{ "type": "Feature", "properties": { "fid": 276824.0, "oid": "DENW41AL30008ODrBL", "aktualit": "2024-08-20", "gebnutzbez": "Gebäude", "funktion": "Wohngebäude", "gfkzshh": "31001_1000", "rellage": null, "name": null, "anzahlgs": null, "gmdschl": "05362032", "lagebeztxt": "Heinrich-Heine-Straße 2", "bld area": 75 }, "geometry": { "type": "MultiPolygon", "coordinates": [ [ [ [ 338819.061999999976251, 5642248.5 ], [ 338827.240999999979977, 5642249.498999999836087 ], [ 338828.278999999980442, 5642240.536000000312924 ], [ 338820.091000000014901, 5642239.457000000402331 ], [ 338819.061999999976251, 5642248.5 ] ] ] ] } },
{ "type": "Feature", "properties": { "fid": 277174.0, "oid": "DENW41AL30008ObTBL", "aktualit": "2024-08-20", "gebnutzbez": "Gebäude", "funktion": "Gebäude zum Parken", "gfkzshh": "31001_2460", "rellage": null, "name": null, "anzahlgs": null, "gmdschl": "05362032", "lagebeztxt": null, "bld area": 34 }, "geometry": { "type": "MultiPolygon", "coordinates": [ [ [ [ 338825.61099999997532, 5642260.784 ], [ 338828.98599999997532, 5642261.173999999649823 ], [ 338830.12699999997858, 5642251.315000000409782 ], [ 338826.75199999997858, 5642250.924999999813735 ], [ 338825.61099999997532, 5642260.784 ] ] ] ] } },
{ "type": "Feature", "properties": { "fid": 59667.0, "oid": "DENW41AL30008JcSBL", "aktualit": "2024-08-20", "gebnutzbez": "Gebäude", "funktion": "Wohngebäude", "gfkzshh": "31001_1000", "rellage": null, "name": null, "anzahlgs": null, "gmdschl": "05362032", "lagebeztxt": "Hebbelstraße 8", "bld area": 86 }, "geometry": { "type": "MultiPolygon", "coordinates": [ [ [ [ 338845.289999999979045, 5642260.246000000275671 ], [ 338846.295999999972992, 5642260.356999999843538 ], [ 338845.892999999981839, 5642263.889000000432134 ], [ 338852.231000000028871, 5642264.61699999962002 ], [ 338855.316, 5642264.972 ], [ 338856.289999999979045, 5642256.536000000312924 ], [ 338845.809, 5642255.325000000186265 ], [ 338845.289999999979045, 5642260.246000000275671 ] ] ] ] } },
{ "type": "Feature", "properties": { "fid": 60296.0, "oid": "DENW41AL30008KTgBL", "aktualit": "2024-08-20", "gebnutzbez": "Gebäude", "funktion": "Gebäude zum Parken", "gfkzshh": "31001_2460", "rellage": null, "name": null, "anzahlgs": null, "gmdschl": "05362032", "lagebeztxt": null, "bld area": 25 }, "geometry": { "type": "MultiPolygon", "coordinates": [ [ [ [ 338840.006, 5642251.690000000409782 ], [ 338848.321, 5642252.644000000320375 ], [ 338848.663, 5642249.656000000424683 ], [ 338840.348, 5642248.70299999974668 ], [ 338840.006, 5642251.690000000409782 ] ] ] ] } },
{ "type": "Feature", "properties": { "fid": 60577.0, "oid": "DENW41AL30008KsmBL", "aktualit": "2024-08-20", "gebnutzbez": "Gebäude", "funktion": "Gebäude zum Parken", "gfkzshh": "31001_2460", "rellage": null, "name": null, "anzahlgs": null, "gmdschl": "05362032", "lagebeztxt": null, "bld area": 23 }, "geometry": { "type": "MultiPolygon", "coordinates": [ [ [ [ 339318.045999999972992, 5642662.596 ], [ 339324.009000000020023, 5642663.411999999545515 ], [ 339324.528, 5642659.593000000342727 ], [ 339318.566, 5642658.781999999657273 ], [ 339318.045999999972992, 5642662.596 ] ] ] ] } },
{ "type": "Feature", "properties": { "fid": 63412.0, "oid": "DENW41AL30008OuzBL", "aktualit": "2024-08-20", "gebnutzbez": "Gebäude", "funktion": "Wohngebäude", "gfkzshh": "31001_1000", "rellage": null, "name": null, "anzahlgs": null, "gmdschl": "05362032", "lagebeztxt": "Höhenweg 34", "bld area": 74 }, "geometry": { "type": "MultiPolygon", "coordinates": [ [ [ [ 339317.259000000020023, 5642669.610999999567866 ], [ 339332.473, 5642671.549999999813735 ], [ 339333.227000000013504, 5642666.896999999880791 ], [ 339328.449000000022352, 5642666.208999999798834 ], [ 339328.637999999977183, 5642664.890999999828637 ], [ 339325.169, 5642664.392 ], [ 339324.979, 5642665.71100000012666 ], [ 339319.913999999989755, 5642664.980999999679625 ], [ 339319.569000000017695, 5642667.355000000447035 ], [ 339317.621999999973923, 5642667.071000000461936 ], [ 339317.36099999997532, 5642668.86600000038743 ], [ 339317.259000000020023, 5642669.610999999567866 ] ] ] ] } },
{ "type": "Feature", "properties": { "fid": 60443.0, "oid": "DENW41AL30008Kh2BL", "aktualit": "2024-08-20", "gebnutzbez": "Gebäude", "funktion": "Gebäude zum Parken", "gfkzshh": "31001_2460", "rellage": null, "name": null, "anzahlgs": null, "gmdschl": "05362032", "lagebeztxt": null, "bld area": 18 }, "geometry": { "type": "MultiPolygon", "coordinates": [ [ [ [ 338897.854, 5642683.625 ], [ 338900.549, 5642684.928999999538064 ], [ 338901.73599999997532, 5642682.474000000394881 ], [ 338903.15500000002794, 5642679.53899999987334 ], [ 338900.460000000020955, 5642678.235999999567866 ], [ 338897.854, 5642683.625 ] ] ] ] } },
{ "type": "Feature", "properties": { "fid": 160615.0, "oid": "DENW41AL30008OC2BL", "aktualit": "2024-08-20", "gebnutzbez": "Gebäude", "funktion": "Wohngebäude", "gfkzshh": "31001_1000", "rellage": null, "name": null, "anzahlgs": null, "gmdschl": "05362032", "lagebeztxt": "Merkurweg 3", "bld area": 107 }, "geometry": { "type": "MultiPolygon", "coordinates": [ [ [ [ 338969.613000000012107, 5642753.835 ], [ 338983.53000000002794, 5642756.842000000178814 ], [ 338984.034999999974389, 5642754.684999999590218 ], [ 338985.224999999976717, 5642749.59499999973923 ], [ 338971.261999999987893, 5642746.531000000424683 ], [ 338969.613000000012107, 5642753.835 ] ] ] ] } },
{ "type": "Feature", "properties": { "fid": 277532.0, "oid": "DENW41AL30008Oz4BL", "aktualit": "2024-08-20", "gebnutzbez": "Gebäude", "funktion": "Wohngebäude", "gfkzshh": "31001_1000", "rellage": null, "name": null, "anzahlgs": null, "gmdschl": "05362032", "lagebeztxt": null, "bld area": 28 }, "geometry": { "type": "MultiPolygon", "coordinates": [ [ [ [ 338983.53000000002794, 5642756.842000000178814 ], [ 338983.963999999978114, 5642756.937 ], [ 338991.982000000018161, 5642758.667999999597669 ], [ 338992.843999999982771, 5642755.144999999552965 ], [ 338991.32, 5642754.81900000013411 ], [ 338990.862000000022817, 5642754.237999999895692 ], [ 338989.37400000001071, 5642753.917999999597669 ], [ 338988.707, 5642754.256 ], [ 338987.181999999971595, 5642753.933000000193715 ], [ 338986.837, 5642755.285000000149012 ], [ 338984.034999999974389, 5642754.684999999590218 ], [ 338983.53000000002794, 5642756.842000000178814 ] ] ] ] } },
{ "type": "Feature", "properties": { "fid": 158570.0, "oid": "DENW41AL30008K5NBL", "aktualit": "2024-08-20", "gebnutzbez": "Gebäude", "funktion": "Gebäude für Land- und Forstwirtschaft", "gfkzshh": "31001_2700", "rellage": null, "name": null, "anzahlgs": null, "gmdschl": "05362032", "lagebeztxt": null, "bld area": 3 }, "geometry": { "type": "MultiPolygon", "coordinates": [ [ [ [ 339101.188000000023749, 5642289.361999999731779 ], [ 339101.208999999973457, 5642290.611999999731779 ], [ 339103.990999999979977, 5642290.565000000409782 ], [ 339103.968999999982771, 5642289.315000000409782 ], [ 339101.188000000023749, 5642289.361999999731779 ] ] ] ] } },
{ "type": "Feature", "properties": { "fid": 158763.0, "oid": "DENW41AL30008KTJBL", "aktualit": "2024-08-20", "gebnutzbez": "Gebäude", "funktion": "Gebäude für Land- und Forstwirtschaft", "gfkzshh": "31001_2700", "rellage": null, "name": null, "anzahlgs": null, "gmdschl": "05362032", "lagebeztxt": null, "bld area": 51 }, "geometry": { "type": "MultiPolygon", "coordinates": [ [ [ [ 339099.988000000012107, 5642284.24100000038743 ], [ 339100.093999999982771, 5642287.450000000186265 ], [ 339100.157, 5642289.379999999888241 ], [ 339101.188000000023749, 5642289.361999999731779 ], [ 339103.968999999982771, 5642289.315000000409782 ], [ 339110.016, 5642289.212000000290573 ], [ 339112.157, 5642289.178000000305474 ], [ 339112.12, 5642287.082000000402331 ], [ 339109.402, 5642287.110999999567866 ], [ 339109.386, 5642285.856999999843538 ], [ 339108.086000000010245, 5642285.876000000163913 ], [ 339108.056999999971595, 5642284.098000000230968 ], [ 339099.988000000012107, 5642284.24100000038743 ] ] ] ] } },
{ "type": "Feature", "properties": { "fid": 158955.0, "oid": "DENW41AL30008KqoBL", "aktualit": "2024-08-20", "gebnutzbez": "Gebäude", "funktion": "Gebäude für Land- und Forstwirtschaft", "gfkzshh": "31001_2700", "rellage": null, "name": null, "anzahlgs": null, "gmdschl": "05362032", "lagebeztxt": null, "bld area": 9 }, "geometry": { "type": "MultiPolygon", "coordinates": [ [ [ [ 339094.816999999980908, 5642292.21999999973923 ], [ 339098.200000000011642, 5642292.16399999987334 ], [ 339098.15500000002794, 5642289.412999999709427 ], [ 339096.56, 5642289.440000000409782 ], [ 339094.857000000018161, 5642289.468999999575317 ], [ 339094.816999999980908, 5642292.21999999973923 ] ] ] ] } },
{ "type": "Feature", "properties": { "fid": 160081.0, "oid": "DENW41AL30008N7pBL", "aktualit": "2024-08-20", "gebnutzbez": "Gebäude", "funktion": "Wohngebäude", "gfkzshh": "31001_1000", "rellage": null, "name": null, "anzahlgs": null, "gmdschl": "05362032", "lagebeztxt": "Hauptstraße 228", "bld area": 114 }, "geometry": { "type": "MultiPolygon", "coordinates": [ [ [ [ 339109.071999999985565, 5642297.597 ], [ 339109.087999999988824, 5642299.126000000163913 ], [ 339110.60999999998603, 5642299.110000000335276 ], [ 339121.145000000018626, 5642299.007000000216067 ], [ 339121.34499999997206, 5642299.004999999888241 ], [ 339121.194000000017695, 5642293.28899999987334 ], [ 339121.392999999981839, 5642293.286999999545515 ], [ 339121.98599999997532, 5642292.478000000119209 ], [ 339121.962999999988824, 5642290.576000000350177 ], [ 339121.356000000028871, 5642289.782999999821186 ], [ 339121.156000000017229, 5642289.786000000312924 ], [ 339121.145000000018626, 5642289.025000000372529 ], [ 339112.157, 5642289.178000000305474 ], [ 339110.016, 5642289.212000000290573 ], [ 339110.223, 5642297.583999999798834 ], [ 339109.071999999985565, 5642297.597 ] ] ] ] } },
{ "type": "Feature", "properties": { "fid": 276658.0, "oid": "DENW41AL30008O3FBL", "aktualit": "2024-08-20", "gebnutzbez": "Gebäude", "funktion": "Wohngebäude", "gfkzshh": "31001_1000", "rellage": null, "name": null, "anzahlgs": null, "gmdschl": "05362032", "lagebeztxt": "Hauptstraße 230", "bld area": 69 }, "geometry": { "type": "MultiPolygon", "coordinates": [ [ [ [ 339112.012999999977183, 5642281.426 ], [ 339112.12, 5642287.082000000402331 ], [ 339112.157, 5642289.178000000305474 ], [ 339121.145000000018626, 5642289.025000000372529 ], [ 339121.055, 5642281.535000000149012 ], [ 339112.012999999977183, 5642281.426 ] ] ] ] } },
{ "type": "Feature", "properties": { "fid": 277058.0, "oid": "DENW41AL30008OTGBL", "aktualit": "2024-08-20", "gebnutzbez": "Gebäude", "funktion": "Gebäude für Land- und Forstwirtschaft", "gfkzshh": "31001_2700", "rellage": null, "name": null, "anzahlgs": null, "gmdschl": "05362032", "lagebeztxt": null, "bld area": 7 }, "geometry": { "type": "MultiPolygon", "coordinates": [ [ [ [ 339096.527, 5642287.509999999776483 ], [ 339096.56, 5642289.440000000409782 ], [ 339098.15500000002794, 5642289.412999999709427 ], [ 339100.157, 5642289.379999999888241 ], [ 339100.093999999982771, 5642287.450000000186265 ], [ 339096.527, 5642287.509999999776483 ] ] ] ] } },
{ "type": "Feature", "properties": { "fid": 276248.0, "oid": "DENW41AL30008NbFBL", "aktualit": "2024-08-20", "gebnutzbez": "Gebäude", "funktion": "Gemischt genutztes Gebäude mit Wohnen", "gfkzshh": "31001_1100", "rellage": null, "name": null, "anzahlgs": null, "gmdschl": "05362032", "lagebeztxt": "Hauptstraße 226", "bld area": 109 }, "geometry": { "type": "MultiPolygon", "coordinates": [ [ [ [ 339110.549, 5642309.480999999679625 ], [ 339120.858, 5642309.372999999672174 ], [ 339121.107000000018161, 5642309.371000000275671 ], [ 339121.145000000018626, 5642299.007000000216067 ], [ 339110.60999999998603, 5642299.110000000335276 ], [ 339110.549, 5642309.480999999679625 ] ] ] ] } },
{ "type": "Feature", "properties": { "fid": 62736.0, "oid": "DENW41AL30008Nz0BL", "aktualit": "2024-08-20", "gebnutzbez": "Gebäude", "funktion": "Gemischt genutztes Gebäude mit Wohnen", "gfkzshh": "31001_1100", "rellage": null, "name": null, "anzahlgs": null, "gmdschl": "05362032", "lagebeztxt": "Hauptstraße 166", "bld area": 114 }, "geometry": { "type": "MultiPolygon", "coordinates": [ [ [ [ 339009.348, 5642759.150999999605119 ], [ 339019.599999999976717, 5642761.504999999888241 ], [ 339019.968999999982771, 5642759.881 ], [ 339022.767999999981839, 5642760.507000000216067 ], [ 339022.397999999986496, 5642762.171 ], [ 339022.325000000011642, 5642762.50800000037998 ], [ 339021.083999999973457, 5642762.251000000163913 ], [ 339020.822999999974854, 5642763.324 ], [ 339022.038999999989755, 5642763.593999999575317 ], [ 339030.960000000020955, 5642765.450000000186265 ], [ 339031.278999999980442, 5642764.213000000454485 ], [ 339032.789999999979045, 5642764.55599999986589 ], [ 339034.24900000001071, 5642760.349999999627471 ], [ 339032.245999999984633, 5642759.907999999821186 ], [ 339023.346000000019558, 5642757.955 ], [ 339010.23599999997532, 5642755.076999999582767 ], [ 339009.348, 5642759.150999999605119 ] ] ] ] } },
{ "type": "Feature", "properties": { "fid": 59925.0, "oid": "DENW41AL30008JxTBL", "aktualit": "2024-08-20", "gebnutzbez": "Gebäude", "funktion": "Wohngebäude", "gfkzshh": "31001_1000", "rellage": null, "name": null, "anzahlgs": null, "gmdschl": "05362032", "lagebeztxt": "Sistenichstraße 72", "bld area": 199 }, "geometry": { "type": "MultiPolygon", "coordinates": [ [ [ [ 338963.153999999980442, 5642185.179999999701977 ], [ 338963.278999999980442, 5642192.484000000171363 ], [ 338964.278, 5642192.468000000342727 ], [ 338964.342, 5642196.661999999545515 ], [ 338972.859, 5642196.532999999821186 ], [ 338974.324000000022352, 5642196.513000000268221 ], [ 338974.233, 5642186.620000000111759 ], [ 338975.232000000018161, 5642186.609000000171363 ], [ 338975.134000000020023, 5642178.217000000178814 ], [ 338963.919999999983702, 5642178.438 ], [ 338963.928000000014435, 5642178.81900000013411 ], [ 338964.056999999971595, 5642178.815999999642372 ], [ 338964.162000000011176, 5642185.162999999709427 ], [ 338963.153999999980442, 5642185.179999999701977 ] ] ] ] } },
{ "type": "Feature", "properties": { "fid": 160307.0, "oid": "DENW41AL30008NZDBL", "aktualit": "2024-08-20", "gebnutzbez": "Gebäude", "funktion": "Wohngebäude", "gfkzshh": "31001_1000", "rellage": null, "name": null, "anzahlgs": null, "gmdschl": "05362032", "lagebeztxt": "Sistenichstraße 70", "bld area": 199 }, "geometry": { "type": "MultiPolygon", "coordinates": [ [ [ [ 338961.870999999984633, 5642200.927000000141561 ], [ 338961.962999999988824, 5642208.190999999642372 ], [ 338962.924, 5642208.176 ], [ 338963.038, 5642214.384999999776483 ], [ 338962.039999999979045, 5642214.400999999605119 ], [ 338962.048, 5642214.917999999597669 ], [ 338974.048, 5642214.775000000372529 ], [ 338973.952, 5642206.411000000312924 ], [ 338972.954000000027008, 5642206.421 ], [ 338972.859, 5642196.532999999821186 ], [ 338964.342, 5642196.661999999545515 ], [ 338962.789999999979045, 5642196.68099999986589 ], [ 338962.842, 5642200.915 ], [ 338961.870999999984633, 5642200.927000000141561 ] ] ] ] } },
{ "type": "Feature", "properties": { "fid": 274878.0, "oid": "DENW41AL30008M4IBL", "aktualit": "2024-08-20", "gebnutzbez": "Gebäude", "funktion": "Gebäude zum Parken", "gfkzshh": "31001_2460", "rellage": null, "name": null, "anzahlgs": null, "gmdschl": "05362032", "lagebeztxt": null, "bld area": 44 }, "geometry": { "type": "MultiPolygon", "coordinates": [ [ [ [ 339329.125, 5642597.381 ], [ 339334.723, 5642598.437 ], [ 339339.677000000025146, 5642599.379999999888241 ], [ 339340.314000000013039, 5642596.025999999605119 ], [ 339340.03000000002794, 5642595.974000000394881 ], [ 339340.136999999987893, 5642595.411999999545515 ], [ 339335.384000000020023, 5642594.525000000372529 ], [ 339335.409999999974389, 5642594.389000000432134 ], [ 339329.668, 5642593.309999999590218 ], [ 339329.125, 5642597.381 ] ] ] ] } },
{ "type": "Feature", "properties": { "fid": 275313.0, "oid": "DENW41AL30008MZuBL", "aktualit": "2024-08-20", "gebnutzbez": "Gebäude", "funktion": "Wohngebäude", "gfkzshh": "31001_1000", "rellage": null, "name": null, "anzahlgs": null, "gmdschl": "05362032", "lagebeztxt": "Höhenweg 48", "bld area": 120 }, "geometry": { "type": "MultiPolygon", "coordinates": [ [ [ [ 339335.384000000020023, 5642594.525000000372529 ], [ 339340.136999999987893, 5642595.411999999545515 ], [ 339340.03000000002794, 5642595.974000000394881 ], [ 339340.314000000013039, 5642596.025999999605119 ], [ 339343.305999999982305, 5642596.588999999687076 ], [ 339343.416000000026543, 5642596.001000000163913 ], [ 339345.034999999974389, 5642596.30599999986589 ], [ 339345.571, 5642593.457000000402331 ], [ 339346.651000000012573, 5642593.660000000149012 ], [ 339347.016, 5642593.471 ], [ 339347.336000000010245, 5642593.212000000290573 ], [ 339347.596000000019558, 5642592.893000000156462 ], [ 339347.786000000021886, 5642592.529 ], [ 339347.898999999975786, 5642592.13300000037998 ], [ 339347.929, 5642591.723000000230968 ], [ 339347.875, 5642591.315000000409782 ], [ 339347.739, 5642590.926 ], [ 339347.528, 5642590.572999999858439 ], [ 339347.24900000001071, 5642590.269999999552965 ], [ 339347.919999999983702, 5642586.025999999605119 ], [ 339347.148999999975786, 5642584.651999999769032 ], [ 339345.37, 5642584.295 ], [ 339344.142, 5642585.349000000394881 ], [ 339337.352000000013504, 5642584.058000000193715 ], [ 339335.409999999974389, 5642594.389000000432134 ], [ 339335.384000000020023, 5642594.525000000372529 ] ] ] ] } },
{ "type": "Feature", "properties": { "fid": 61978.0, "oid": "DENW41AL30008MtKBL", "aktualit": "2024-08-20", "gebnutzbez": "Gebäude", "funktion": "Gebäude für Land- und Forstwirtschaft", "gfkzshh": "31001_2700", "rellage": null, "name": null, "anzahlgs": null, "gmdschl": "05362032", "lagebeztxt": null, "bld area": 49 }, "geometry": { "type": "MultiPolygon", "coordinates": [ [ [ [ 339096.615, 5642305.435999999754131 ], [ 339096.728, 5642309.625 ], [ 339104.232000000018161, 5642309.54700000025332 ], [ 339104.041000000026543, 5642301.53000000026077 ], [ 339099.574000000022352, 5642301.564000000245869 ], [ 339099.675999999977648, 5642305.353000000119209 ], [ 339096.615, 5642305.435999999754131 ] ] ] ] } },
{ "type": "Feature", "properties": { "fid": 62138.0, "oid": "DENW41AL30008N8IBL", "aktualit": "2024-08-20", "gebnutzbez": "Gebäude", "funktion": "Gebäude zum Parken", "gfkzshh": "31001_2460", "rellage": null, "name": null, "anzahlgs": null, "gmdschl": "05362032", "lagebeztxt": null, "bld area": 26 }, "geometry": { "type": "MultiPolygon", "coordinates": [ [ [ [ 338867.503473285585642, 5642210.264913436025381 ], [ 338864.228, 5642209.877999999560416 ], [ 338863.745, 5642213.995000000111759 ], [ 338864.091000000014901, 5642214.034 ], [ 338863.647999999986496, 5642218.042999999597669 ], [ 338866.565934988087974, 5642218.366998783312738 ], [ 338867.503473285585642, 5642210.264913436025381 ] ] ] ] } },
{ "type": "Feature", "properties": { "fid": 63337.0, "oid": "DENW41AL30008OoeBL", "aktualit": "2024-08-20", "gebnutzbez": "Gebäude", "funktion": "Wohngebäude", "gfkzshh": "31001_1000", "rellage": null, "name": null, "anzahlgs": null, "gmdschl": "05362032", "lagebeztxt": "Heinrich-Heine-Straße 3", "bld area": 110 }, "geometry": { "type": "MultiPolygon", "coordinates": [ [ [ [ 338841.629000000015367, 5642222.767 ], [ 338853.319000000017695, 5642224.063 ], [ 338854.451, 5642213.878999999724329 ], [ 338854.045999999972992, 5642213.835 ], [ 338854.021, 5642214.072999999858439 ], [ 338850.15500000002794, 5642213.65500000026077 ], [ 338850.183000000019092, 5642213.398 ], [ 338849.818000000028405, 5642213.359000000171363 ], [ 338849.684, 5642214.592000000178814 ], [ 338843.028999999980442, 5642213.878999999724329 ], [ 338842.772999999986496, 5642213.849000000394881 ], [ 338842.146, 5642219.813 ], [ 338841.951, 5642219.792999999597669 ], [ 338841.629000000015367, 5642222.767 ] ] ] ] } },
{ "type": "Feature", "properties": { "fid": 158637.0, "oid": "DENW41AL30008KE6BL", "aktualit": "2024-08-20", "gebnutzbez": "Gebäude", "funktion": "Wohngebäude", "gfkzshh": "31001_1000", "rellage": null, "name": null, "anzahlgs": null, "gmdschl": "05362032", "lagebeztxt": "Heinrich-Heine-Straße 1", "bld area": 108 }, "geometry": { "type": "MultiPolygon", "coordinates": [ [ [ [ 338853.316999999980908, 5642224.093000000342727 ], [ 338862.858, 5642225.190000000409782 ], [ 338863.647999999986496, 5642218.042999999597669 ], [ 338864.091000000014901, 5642214.034 ], [ 338863.745, 5642213.995000000111759 ], [ 338854.555, 5642212.937 ], [ 338854.451, 5642213.878999999724329 ], [ 338853.319000000017695, 5642224.063 ], [ 338853.316999999980908, 5642224.093000000342727 ] ] ] ] } },
{ "type": "Feature", "properties": { "fid": 59507.0, "oid": "DENW41AL30008JOuBL", "aktualit": "2024-08-20", "gebnutzbez": "Gebäude", "funktion": "Wohngebäude", "gfkzshh": "31001_1000", "rellage": null, "name": null, "anzahlgs": null, "gmdschl": "05362032", "lagebeztxt": null, "bld area": 13 }, "geometry": { "type": "MultiPolygon", "coordinates": [ [ [ [ 338843.028999999980442, 5642213.878999999724329 ], [ 338849.684, 5642214.592000000178814 ], [ 338849.818000000028405, 5642213.359000000171363 ], [ 338849.976000000024214, 5642212.626000000163913 ], [ 338848.559, 5642212.468000000342727 ], [ 338843.289999999979045, 5642211.855999999679625 ], [ 338843.136999999987893, 5642212.867999999783933 ], [ 338843.028999999980442, 5642213.878999999724329 ] ] ] ] } },
{ "type": "Feature", "properties": { "fid": 274317.0, "oid": "DENW41AL30008LQnBL", "aktualit": "2024-08-20", "gebnutzbez": "Gebäude", "funktion": "Gebäude zur Freizeitgestaltung", "gfkzshh": "31001_1310", "rellage": null, "name": null, "anzahlgs": null, "gmdschl": "05362032", "lagebeztxt": null, "bld area": 66 }, "geometry": { "type": "MultiPolygon", "coordinates": [ [ [ [ 338842.348999999987427, 5642212.778 ], [ 338842.68, 5642212.815000000409782 ], [ 338843.136999999987893, 5642212.867999999783933 ], [ 338843.289999999979045, 5642211.855999999679625 ], [ 338848.559, 5642212.468000000342727 ], [ 338849.69, 5642201.831000000238419 ], [ 338843.582999999984168, 5642201.184000000357628 ], [ 338842.348999999987427, 5642212.778 ] ] ] ] } },
{ "type": "Feature", "properties": { "fid": 272816.0, "oid": "DENW41AL30008JktBL", "aktualit": "2024-08-20", "gebnutzbez": "Gebäude", "funktion": "Wohngebäude", "gfkzshh": "31001_1000", "rellage": null, "name": null, "anzahlgs": null, "gmdschl": "05362032", "lagebeztxt": "Friedrich-Ebert-Platz 6", "bld area": 161 }, "geometry": { "type": "MultiPolygon", "coordinates": [ [ [ [ 339045.597, 5642499.589999999850988 ], [ 339058.028999999980442, 5642499.399000000208616 ], [ 339058.706, 5642486.875 ], [ 339046.316999999980908, 5642486.21 ], [ 339045.597, 5642499.589999999850988 ] ] ] ] } },
{ "type": "Feature", "properties": { "fid": 272108.0, "oid": "DENW41AL2dD0004OBL", "aktualit": "2024-08-20", "gebnutzbez": "Gebäude", "funktion": "Gebäude zum Parken", "gfkzshh": "31001_2460", "rellage": null, "name": null, "anzahlgs": null, "gmdschl": "05362032", "lagebeztxt": null, "bld area": 31 }, "geometry": { "type": "MultiPolygon", "coordinates": [ [ [ [ 338995.715000000025611, 5642293.939000000245869 ], [ 339004.593, 5642294.551 ], [ 339004.830000000016298, 5642291.110999999567866 ], [ 338995.952, 5642290.5 ], [ 338995.715000000025611, 5642293.939000000245869 ] ] ] ] } },
{ "type": "Feature", "properties": { "fid": 273021.0, "oid": "DENW41AL30008JxzBL", "aktualit": "2024-08-20", "gebnutzbez": "Gebäude", "funktion": "Wohngebäude", "gfkzshh": "31001_1000", "rellage": null, "name": null, "anzahlgs": null, "gmdschl": "05362032", "lagebeztxt": "Sistenichstraße 67 b", "bld area": 125 }, "geometry": { "type": "MultiPolygon", "coordinates": [ [ [ [ 338993.518999999971129, 5642282.812 ], [ 338995.783, 5642282.974999999627471 ], [ 339001.64000000001397, 5642283.394000000320375 ], [ 339003.077, 5642283.5 ], [ 339004.033, 5642270.725999999791384 ], [ 339004.053000000014435, 5642270.434999999590218 ], [ 338995.507999999972526, 5642269.853000000119209 ], [ 338994.495, 5642269.781999999657273 ], [ 338993.518999999971129, 5642282.812 ] ] ] ] } },
{ "type": "Feature", "properties": { "fid": 275450.0, "oid": "DENW41AL30008MhoBL", "aktualit": "2024-08-20", "gebnutzbez": "Gebäude", "funktion": "Gebäude zum Parken", "gfkzshh": "31001_2460", "rellage": null, "name": null, "anzahlgs": null, "gmdschl": "05362032", "lagebeztxt": null, "bld area": 17 }, "geometry": { "type": "MultiPolygon", "coordinates": [ [ [ [ 338995.576, 5642285.916000000201166 ], [ 339001.429, 5642286.326000000350177 ], [ 339001.64000000001397, 5642283.394000000320375 ], [ 338995.783, 5642282.974999999627471 ], [ 338995.576, 5642285.916000000201166 ] ] ] ] } },
{ "type": "Feature", "properties": { "fid": 274261.0, "oid": "DENW41AL30008LMfBL", "aktualit": "2024-08-20", "gebnutzbez": "Gebäude", "funktion": "Gemischt genutztes Gebäude mit Wohnen", "gfkzshh": "31001_1100", "rellage": null, "name": null, "anzahlgs": null, "gmdschl": "05362032", "lagebeztxt": "Adenauerstraße 23 a, 23 b", "bld area": 193 }, "geometry": { "type": "MultiPolygon", "coordinates": [ [ [ [ 338782.365, 5642485.472 ], [ 338801.739, 5642488.042999999597669 ], [ 338802.424999999988358, 5642483.17 ], [ 338802.553000000014435, 5642483.188 ], [ 338802.74900000001071, 5642481.824 ], [ 338802.267, 5642481.757000000216067 ], [ 338802.76, 5642478.092000000178814 ], [ 338792.011999999987893, 5642476.65500000026077 ], [ 338791.979999999981374, 5642476.906000000424683 ], [ 338783.609, 5642475.796 ], [ 338782.365, 5642485.472 ] ] ] ] } },
{ "type": "Feature", "properties": { "fid": 61847.0, "oid": "DENW41AL30008MhSBL", "aktualit": "2024-08-20", "gebnutzbez": "Gebäude", "funktion": "Wohngebäude", "gfkzshh": "31001_1000", "rellage": null, "name": null, "anzahlgs": null, "gmdschl": "05362032", "lagebeztxt": "Höhenweg 52", "bld area": 71 }, "geometry": { "type": "MultiPolygon", "coordinates": [ [ [ [ 339342.804, 5642564.222 ], [ 339352.169999999983702, 5642565.989 ], [ 339353.549999999988358, 5642558.63300000037998 ], [ 339344.183000000019092, 5642556.869 ], [ 339343.848, 5642558.651999999769032 ], [ 339342.804, 5642564.222 ] ] ] ] } },
{ "type": "Feature", "properties": { "fid": 272838.0, "oid": "DENW41AL30008JmCBL", "aktualit": "2024-08-20", "gebnutzbez": "Gebäude", "funktion": "Gebäude zur Freizeitgestaltung", "gfkzshh": "31001_1310", "rellage": null, "name": null, "anzahlgs": null, "gmdschl": "05362032", "lagebeztxt": null, "bld area": 21 }, "geometry": { "type": "MultiPolygon", "coordinates": [ [ [ [ 339338.699000000022352, 5642563.446000000461936 ], [ 339339.62699999997858, 5642563.621000000275671 ], [ 339342.804, 5642564.222 ], [ 339343.848, 5642558.651999999769032 ], [ 339340.799999999988358, 5642558.136 ], [ 339340.478, 5642560.029 ], [ 339339.384000000020023, 5642559.822999999858439 ], [ 339338.699000000022352, 5642563.446000000461936 ] ] ] ] } },
{ "type": "Feature", "properties": { "fid": 159168.0, "oid": "DENW41AL30008LGhBL", "aktualit": "2024-08-20", "gebnutzbez": "Gebäude", "funktion": "Wohngebäude", "gfkzshh": "31001_1000", "rellage": null, "name": null, "anzahlgs": null, "gmdschl": "05362032", "lagebeztxt": "Mühlengraben 9", "bld area": 59 }, "geometry": { "type": "MultiPolygon", "coordinates": [ [ [ [ 339291.653, 5642552.451999999582767 ], [ 339298.489, 5642552.96999999973923 ], [ 339299.233, 5642553.026999999769032 ], [ 339299.799999999988358, 5642545.314000000245869 ], [ 339292.255, 5642544.756 ], [ 339291.653, 5642552.451999999582767 ] ] ] ] } },
{ "type": "Feature", "properties": { "fid": 159998.0, "oid": "DENW41AL30008MxZBL", "aktualit": "2024-08-20", "gebnutzbez": "Gebäude", "funktion": "Gebäude zum Parken", "gfkzshh": "31001_2460", "rellage": null, "name": null, "anzahlgs": null, "gmdschl": "05362032", "lagebeztxt": null, "bld area": 36 }, "geometry": { "type": "MultiPolygon", "coordinates": [ [ [ [ 339287.223999999987427, 5642554.554999999701977 ], [ 339290.059, 5642555.031999999657273 ], [ 339290.352000000013504, 5642553.367999999783933 ], [ 339291.449000000022352, 5642553.56900000013411 ], [ 339291.604, 5642552.443 ], [ 339291.653, 5642552.451999999582767 ], [ 339292.255, 5642544.756 ], [ 339289.054, 5642544.519000000320375 ], [ 339288.158999999985099, 5642549.423999999649823 ], [ 339287.223999999987427, 5642554.554999999701977 ] ] ] ] } },
{ "type": "Feature", "properties": { "fid": 272504.0, "oid": "DENW41AL30008JP2BL", "aktualit": "2024-08-20", "gebnutzbez": "Gebäude", "funktion": "Wohngebäude", "gfkzshh": "31001_1000", "rellage": null, "name": null, "anzahlgs": null, "gmdschl": "05362032", "lagebeztxt": null, "bld area": 55 }, "geometry": { "type": "MultiPolygon", "coordinates": [ [ [ [ 339289.382999999972526, 5642558.964999999850988 ], [ 339297.195, 5642560.389000000432134 ], [ 339298.489, 5642552.96999999973923 ], [ 339291.653, 5642552.451999999582767 ], [ 339291.604, 5642552.443 ], [ 339291.449000000022352, 5642553.56900000013411 ], [ 339290.352000000013504, 5642553.367999999783933 ], [ 339290.059, 5642555.031999999657273 ], [ 339289.382999999972526, 5642558.964999999850988 ] ] ] ] } },
{ "type": "Feature", "properties": { "fid": 59803.0, "oid": "DENW41AL30008JnhBL", "aktualit": "2024-08-20", "gebnutzbez": "Gebäude", "funktion": "Wohngebäude", "gfkzshh": "31001_1000", "rellage": null, "name": null, "anzahlgs": null, "gmdschl": "05362032", "lagebeztxt": "Höhenweg 50", "bld area": 72 }, "geometry": { "type": "MultiPolygon", "coordinates": [ [ [ [ 339341.424999999988358, 5642571.593000000342727 ], [ 339350.793, 5642573.372999999672174 ], [ 339352.169999999983702, 5642565.989 ], [ 339342.804, 5642564.222 ], [ 339342.087999999988824, 5642568.065999999642372 ], [ 339341.424999999988358, 5642571.593000000342727 ] ] ] ] } },
{ "type": "Feature", "properties": { "fid": 63233.0, "oid": "DENW41AL30008OfqBL", "aktualit": "2024-08-20", "gebnutzbez": "Gebäude", "funktion": "Gebäude zur Freizeitgestaltung", "gfkzshh": "31001_1310", "rellage": null, "name": null, "anzahlgs": null, "gmdschl": "05362032", "lagebeztxt": null, "bld area": 12 }, "geometry": { "type": "MultiPolygon", "coordinates": [ [ [ [ 339335.61099999997532, 5642566.254999999888241 ], [ 339338.783, 5642566.849999999627471 ], [ 339339.049, 5642566.901999999769032 ], [ 339339.62699999997858, 5642563.621000000275671 ], [ 339338.699000000022352, 5642563.446000000461936 ], [ 339336.19, 5642562.973000000230968 ], [ 339335.61099999997532, 5642566.254999999888241 ] ] ] ] } },
{ "type": "Feature", "properties": { "fid": 158241.0, "oid": "DENW41AL30008JRlBL", "aktualit": "2024-08-20", "gebnutzbez": "Gebäude", "funktion": "Gebäude zur Freizeitgestaltung", "gfkzshh": "31001_1310", "rellage": null, "name": null, "anzahlgs": null, "gmdschl": "05362032", "lagebeztxt": null, "bld area": 13 }, "geometry": { "type": "MultiPolygon", "coordinates": [ [ [ [ 339338.668, 5642567.489 ], [ 339342.087999999988824, 5642568.065999999642372 ], [ 339342.804, 5642564.222 ], [ 339339.62699999997858, 5642563.621000000275671 ], [ 339339.049, 5642566.901999999769032 ], [ 339338.783, 5642566.849999999627471 ], [ 339338.668, 5642567.489 ] ] ] ] } },
{ "type": "Feature", "properties": { "fid": 63014.0, "oid": "DENW41AL30008OMXBL", "aktualit": "2024-08-20", "gebnutzbez": "Gebäude", "funktion": "Gebäude zum Parken", "gfkzshh": "31001_2460", "rellage": null, "name": null, "anzahlgs": null, "gmdschl": "05362032", "lagebeztxt": null, "bld area": 44 }, "geometry": { "type": "MultiPolygon", "coordinates": [ [ [ [ 338851.077999999979511, 5642488.481999999843538 ], [ 338852.808000000019092, 5642488.605000000447035 ], [ 338854.707999999984168, 5642488.74100000038743 ], [ 338854.805999999982305, 5642488.747999999672174 ], [ 338855.099999999976717, 5642483.667000000365078 ], [ 338855.492000000027474, 5642476.890999999828637 ], [ 338851.900000000023283, 5642476.636 ], [ 338851.077999999979511, 5642488.481999999843538 ] ] ] ] } },
{ "type": "Feature", "properties": { "fid": 275242.0, "oid": "DENW41AL30008MUrBL", "aktualit": "2024-08-20", "gebnutzbez": "Gebäude", "funktion": "Gebäude zum Parken", "gfkzshh": "31001_2460", "rellage": null, "name": null, "anzahlgs": null, "gmdschl": "05362032", "lagebeztxt": null, "bld area": 44 }, "geometry": { "type": "MultiPolygon", "coordinates": [ [ [ [ 338847.444000000017695, 5642488.224000000394881 ], [ 338847.479999999981374, 5642488.225999999791384 ], [ 338851.077999999979511, 5642488.481999999843538 ], [ 338851.900000000023283, 5642476.636 ], [ 338848.322999999974854, 5642476.381 ], [ 338848.206, 5642476.372999999672174 ], [ 338847.767999999981839, 5642483.179999999701977 ], [ 338847.444000000017695, 5642488.224000000394881 ] ] ] ] } },
{ "type": "Feature", "properties": { "fid": 61458.0, "oid": "DENW41AL30008M9aBL", "aktualit": "2024-08-20", "gebnutzbez": "Gebäude", "funktion": "Wohngebäude", "gfkzshh": "31001_1000", "rellage": null, "name": null, "anzahlgs": null, "gmdschl": "05362032", "lagebeztxt": "Sistenichstraße 56", "bld area": 84 }, "geometry": { "type": "MultiPolygon", "coordinates": [ [ [ [ 338960.721000000019558, 5642348.161999999545515 ], [ 338962.349999999976717, 5642348.244 ], [ 338971.882999999972526, 5642348.740000000223517 ], [ 338972.393999999971129, 5642348.765999999828637 ], [ 338972.795999999972992, 5642340.751000000163913 ], [ 338965.147, 5642340.332000000402331 ], [ 338965.009000000020023, 5642342.833999999798834 ], [ 338961.021, 5642342.61699999962002 ], [ 338960.721000000019558, 5642348.161999999545515 ] ] ] ] } },
{ "type": "Feature", "properties": { "fid": 159002.0, "oid": "DENW41AL30008KwLBL", "aktualit": "2024-08-20", "gebnutzbez": "Gebäude", "funktion": "Wohngebäude", "gfkzshh": "31001_1000", "rellage": null, "name": null, "anzahlgs": null, "gmdschl": "05362032", "lagebeztxt": "Grabenweg 4", "bld area": 84 }, "geometry": { "type": "MultiPolygon", "coordinates": [ [ [ [ 338941.01, 5642347.110999999567866 ], [ 338952.641, 5642347.724000000394881 ], [ 338953.003000000026077, 5642339.693 ], [ 338945.367000000027474, 5642339.284 ], [ 338945.239, 5642341.792000000365078 ], [ 338941.271, 5642341.599999999627471 ], [ 338941.01, 5642347.110999999567866 ] ] ] ] } },
{ "type": "Feature", "properties": { "fid": 275658.0, "oid": "DENW41AL30008MwlBL", "aktualit": "2024-08-20", "gebnutzbez": "Gebäude", "funktion": "Gebäude für Wirtschaft oder Gewerbe", "gfkzshh": "31001_2000", "rellage": null, "name": null, "anzahlgs": null, "gmdschl": "05362032", "lagebeztxt": "Hauptstraße 199", "bld area": 860 }, "geometry": { "type": "MultiPolygon", "coordinates": [ [ [ [ 339126.106000000028871, 5642566.179999999701977 ], [ 339136.348, 5642568.781000000424683 ], [ 339145.121999999973923, 5642571.025999999605119 ], [ 339146.375, 5642571.339999999850988 ], [ 339149.927000000025146, 5642572.242999999783933 ], [ 339152.314000000013039, 5642554.619 ], [ 339143.060999999986961, 5642553.346 ], [ 339141.887999999977183, 5642551.88300000037998 ], [ 339143.006999999983236, 5642550.973000000230968 ], [ 339143.878000000026077, 5642551.997000000439584 ], [ 339174.288, 5642555.435999999754131 ], [ 339175.449000000022352, 5642545.240000000223517 ], [ 339164.791000000026543, 5642544.007000000216067 ], [ 339164.783, 5642544.08600000012666 ], [ 339137.96999999997206, 5642541.058000000193715 ], [ 339137.951, 5642541.227 ], [ 339135.080000000016298, 5642540.837000000290573 ], [ 339135.321, 5642539.231999999843538 ], [ 339132.936999999976251, 5642538.91399999987334 ], [ 339129.392, 5642541.523 ], [ 339128.977000000013504, 5642544.632000000216067 ], [ 339130.556999999971595, 5642544.86699999962002 ], [ 339127.670999999972992, 5642566.466 ], [ 339126.108, 5642566.160000000149012 ], [ 339126.106000000028871, 5642566.179999999701977 ] ] ] ] } },
{ "type": "Feature", "properties": { "fid": 61792.0, "oid": "DENW41AL30008MccBL", "aktualit": "2024-08-20", "gebnutzbez": "Gebäude", "funktion": "Wohngebäude", "gfkzshh": "31001_1000", "rellage": null, "name": null, "anzahlgs": null, "gmdschl": "05362032", "lagebeztxt": "An der Malzmühle 3, 5", "bld area": 271 }, "geometry": { "type": "MultiPolygon", "coordinates": [ [ [ [ 339062.586000000010245, 5642389.021999999880791 ], [ 339062.586000000010245, 5642389.111999999731779 ], [ 339062.98499999998603, 5642389.112999999895692 ], [ 339062.98599999997532, 5642388.963999999687076 ], [ 339067.381, 5642388.975999999791384 ], [ 339067.381, 5642389.125 ], [ 339067.781000000017229, 5642389.127000000327826 ], [ 339067.78000000002794, 5642388.977 ], [ 339072.146, 5642388.990000000223517 ], [ 339072.143999999971129, 5642389.638000000268221 ], [ 339072.544, 5642389.639999999664724 ], [ 339072.544, 5642389.490000000223517 ], [ 339074.492000000027474, 5642389.496000000275671 ], [ 339074.490999999979977, 5642389.65500000026077 ], [ 339074.892, 5642389.656999999657273 ], [ 339074.892999999981839, 5642388.997000000439584 ], [ 339079.308000000019092, 5642389.009999999776483 ], [ 339079.308000000019092, 5642389.160000000149012 ], [ 339079.707, 5642389.161000000312924 ], [ 339079.707999999984168, 5642389.011 ], [ 339084.153, 5642389.023 ], [ 339084.152, 5642389.173000000417233 ], [ 339084.552000000025146, 5642389.173999999649823 ], [ 339084.62599999998929, 5642376.735000000335276 ], [ 339079.51, 5642376.730999999679625 ], [ 339079.509000000020023, 5642377.320000000298023 ], [ 339075.083999999973457, 5642377.315999999642372 ], [ 339075.085000000020955, 5642375.247999999672174 ], [ 339072.056999999971595, 5642375.246000000275671 ], [ 339072.055, 5642377.313 ], [ 339067.63, 5642377.309000000357628 ], [ 339067.63, 5642376.718999999575317 ], [ 339062.634000000020023, 5642376.714999999850988 ], [ 339062.631999999983236, 5642377.303999999538064 ], [ 339062.586000000010245, 5642389.021999999880791 ] ] ] ] } },
{ "type": "Feature", "properties": { "fid": 62424.0, "oid": "DENW41AL30008NXJBL", "aktualit": "2024-08-20", "gebnutzbez": "Gebäude", "funktion": "Gebäude zum Parken", "gfkzshh": "31001_2460", "rellage": null, "name": null, "anzahlgs": null, "gmdschl": "05362032", "lagebeztxt": null, "bld area": 18 }, "geometry": { "type": "MultiPolygon", "coordinates": [ [ [ [ 339038.308968262921553, 5642366.803735767491162 ], [ 339038.295999999972992, 5642372.825000000186265 ], [ 339041.256999999983236, 5642372.832000000402331 ], [ 339041.275936659018043, 5642366.819112424738705 ], [ 339038.308968262921553, 5642366.803735767491162 ] ] ] ] } },
{ "type": "Feature", "properties": { "fid": 62819.0, "oid": "DENW41AL30008O6FBL", "aktualit": "2024-08-20", "gebnutzbez": "Gebäude", "funktion": "Wohngebäude", "gfkzshh": "31001_1000", "rellage": null, "name": null, "anzahlgs": null, "gmdschl": "05362032", "lagebeztxt": "An der Malzmühle 11", "bld area": 233 }, "geometry": { "type": "MultiPolygon", "coordinates": [ [ [ [ 339042.465000000025611, 5642388.824 ], [ 339042.913999999989755, 5642389.480000000447035 ], [ 339046.827999999979511, 5642389.507000000216067 ], [ 339047.444000000017695, 5642388.882000000216067 ], [ 339051.098, 5642388.901999999769032 ], [ 339051.534999999974389, 5642389.534 ], [ 339053.797000000020489, 5642389.552000000141561 ], [ 339054.183000000019092, 5642388.924999999813735 ], [ 339057.696999999985565, 5642388.941999999806285 ], [ 339058.354, 5642389.575000000186265 ], [ 339062.108, 5642389.600999999791384 ], [ 339062.586000000010245, 5642389.021999999880791 ], [ 339062.631999999983236, 5642377.303999999538064 ], [ 339058.587, 5642377.286000000312924 ], [ 339058.588999999978114, 5642376.503999999724329 ], [ 339058.348999999987427, 5642376.502000000327826 ], [ 339058.338999999978114, 5642378.083999999798834 ], [ 339048.25199999997858, 5642378.014000000432134 ], [ 339048.26400000002468, 5642376.440999999642372 ], [ 339048.022999999986496, 5642376.439000000245869 ], [ 339048.020000000018626, 5642377.487999999895692 ], [ 339042.495, 5642377.46999999973923 ], [ 339042.465000000025611, 5642388.824 ] ] ] ] } },
{ "type": "Feature", "properties": { "fid": 60090.0, "oid": "DENW41AL30008KBlBL", "aktualit": "2024-08-20", "gebnutzbez": "Gebäude", "funktion": "Gebäude zum Parken", "gfkzshh": "31001_2460", "rellage": null, "name": null, "anzahlgs": null, "gmdschl": "05362032", "lagebeztxt": null, "bld area": 17 }, "geometry": { "type": "MultiPolygon", "coordinates": [ [ [ [ 338937.456, 5642294.974999999627471 ], [ 338940.364, 5642295.071000000461936 ], [ 338940.509000000020023, 5642289.224000000394881 ], [ 338937.596000000019558, 5642289.13300000037998 ], [ 338937.456, 5642294.974999999627471 ] ] ] ] } },
{ "type": "Feature", "properties": { "fid": 60165.0, "oid": "DENW41AL30008KIbBL", "aktualit": "2024-08-20", "gebnutzbez": "Gebäude", "funktion": "Gebäude zum Parken", "gfkzshh": "31001_2460", "rellage": null, "name": null, "anzahlgs": null, "gmdschl": "05362032", "lagebeztxt": null, "bld area": 16 }, "geometry": { "type": "MultiPolygon", "coordinates": [ [ [ [ 338926.221000000019558, 5642291.614 ], [ 338931.721000000019558, 5642291.795 ], [ 338931.814000000013039, 5642288.950000000186265 ], [ 338926.31, 5642288.747000000439584 ], [ 338926.221000000019558, 5642291.614 ] ] ] ] } },
{ "type": "Feature", "properties": { "fid": 61665.0, "oid": "DENW41AL30008MRfBL", "aktualit": "2024-08-20", "gebnutzbez": "Gebäude", "funktion": "Gebäude zum Parken", "gfkzshh": "31001_2460", "rellage": null, "name": null, "anzahlgs": null, "gmdschl": "05362032", "lagebeztxt": null, "bld area": 16 }, "geometry": { "type": "MultiPolygon", "coordinates": [ [ [ [ 338926.045999999972992, 5642297.332000000402331 ], [ 338931.537000000011176, 5642297.502999999560416 ], [ 338931.628000000026077, 5642294.654 ], [ 338926.131999999983236, 5642294.478000000119209 ], [ 338926.045999999972992, 5642297.332000000402331 ] ] ] ] } },
{ "type": "Feature", "properties": { "fid": 158429.0, "oid": "DENW41AL30008JpPBL", "aktualit": "2024-08-20", "gebnutzbez": "Gebäude", "funktion": "Gebäude zum Parken", "gfkzshh": "31001_2460", "rellage": null, "name": null, "anzahlgs": null, "gmdschl": "05362032", "lagebeztxt": null, "bld area": 16 }, "geometry": { "type": "MultiPolygon", "coordinates": [ [ [ [ 338925.960000000020955, 5642300.184999999590218 ], [ 338931.447999999974854, 5642300.350999999791384 ], [ 338931.537000000011176, 5642297.502999999560416 ], [ 338926.045999999972992, 5642297.332000000402331 ], [ 338925.960000000020955, 5642300.184999999590218 ] ] ] ] } },
{ "type": "Feature", "properties": { "fid": 273469.0, "oid": "DENW41AL30008KU4BL", "aktualit": "2024-08-20", "gebnutzbez": "Gebäude", "funktion": "Gebäude zum Parken", "gfkzshh": "31001_2460", "rellage": null, "name": null, "anzahlgs": null, "gmdschl": "05362032", "lagebeztxt": null, "bld area": 16 }, "geometry": { "type": "MultiPolygon", "coordinates": [ [ [ [ 338926.131999999983236, 5642294.478000000119209 ], [ 338931.628000000026077, 5642294.654 ], [ 338931.721000000019558, 5642291.795 ], [ 338926.221000000019558, 5642291.614 ], [ 338926.131999999983236, 5642294.478000000119209 ] ] ] ] } },
{ "type": "Feature", "properties": { "fid": 274392.0, "oid": "DENW41AL30008LVcBL", "aktualit": "2024-08-20", "gebnutzbez": "Gebäude", "funktion": "Wohngebäude", "gfkzshh": "31001_1000", "rellage": null, "name": null, "anzahlgs": null, "gmdschl": "05362032", "lagebeztxt": "Grabenweg 3", "bld area": 116 }, "geometry": { "type": "MultiPolygon", "coordinates": [ [ [ [ 338930.972, 5642320.254999999888241 ], [ 338941.972, 5642320.596 ], [ 338942.309, 5642309.622999999672174 ], [ 338936.650000000023283, 5642309.451000000350177 ], [ 338936.44, 5642309.446000000461936 ], [ 338936.408999999985099, 5642310.446999999694526 ], [ 338931.282, 5642310.293999999761581 ], [ 338930.972, 5642320.254999999888241 ] ] ] ] } },
{ "type": "Feature", "properties": { "fid": 275598.0, "oid": "DENW41AL30008MsSBL", "aktualit": "2024-08-20", "gebnutzbez": "Gebäude", "funktion": "Gebäude zum Parken", "gfkzshh": "31001_2460", "rellage": null, "name": null, "anzahlgs": null, "gmdschl": "05362032", "lagebeztxt": null, "bld area": 15 }, "geometry": { "type": "MultiPolygon", "coordinates": [ [ [ [ 338937.596000000019558, 5642289.13300000037998 ], [ 338935.01497360348003, 5642289.053052684292197 ], [ 338934.827, 5642294.889000000432134 ], [ 338937.456, 5642294.974999999627471 ], [ 338937.596000000019558, 5642289.13300000037998 ] ] ] ] } },
{ "type": "Feature", "properties": { "fid": 59634.0, "oid": "DENW41AL30008JZjBL", "aktualit": "2024-08-20", "gebnutzbez": "Gebäude", "funktion": "Gebäude zum Parken", "gfkzshh": "31001_2460", "rellage": null, "name": null, "anzahlgs": null, "gmdschl": "05362032", "lagebeztxt": null, "bld area": 16 }, "geometry": { "type": "MultiPolygon", "coordinates": [ [ [ [ 339076.954000000027008, 5642361.528 ], [ 339079.76500000001397, 5642361.546 ], [ 339079.775000000023283, 5642355.752000000327826 ], [ 339076.957, 5642355.730000000447035 ], [ 339076.954000000027008, 5642361.528 ] ] ] ] } },
{ "type": "Feature", "properties": { "fid": 62406.0, "oid": "DENW41AL30008NVkBL", "aktualit": "2024-08-20", "gebnutzbez": "Gebäude", "funktion": "Gebäude zum Parken", "gfkzshh": "31001_2460", "rellage": null, "name": null, "anzahlgs": null, "gmdschl": "05362032", "lagebeztxt": null, "bld area": 16 }, "geometry": { "type": "MultiPolygon", "coordinates": [ [ [ [ 339065.699000000022352, 5642355.640999999828637 ], [ 339065.722, 5642361.454 ], [ 339068.533, 5642361.472 ], [ 339068.516, 5642355.662999999709427 ], [ 339065.699000000022352, 5642355.640999999828637 ] ] ] ] } },
{ "type": "Feature", "properties": { "fid": 158428.0, "oid": "DENW41AL30008JpOBL", "aktualit": "2024-08-20", "gebnutzbez": "Gebäude", "funktion": "Gebäude zum Parken", "gfkzshh": "31001_2460", "rellage": null, "name": null, "anzahlgs": null, "gmdschl": "05362032", "lagebeztxt": null, "bld area": 16 }, "geometry": { "type": "MultiPolygon", "coordinates": [ [ [ [ 339071.322999999974854, 5642355.684999999590218 ], [ 339071.332999999984168, 5642361.490000000223517 ], [ 339074.153999999980442, 5642361.50800000037998 ], [ 339074.150000000023283, 5642355.707000000402331 ], [ 339071.322999999974854, 5642355.684999999590218 ] ] ] ] } },
{ "type": "Feature", "properties": { "fid": 159742.0, "oid": "DENW41AL30008MSGBL", "aktualit": "2024-08-20", "gebnutzbez": "Gebäude", "funktion": "Gebäude zum Parken", "gfkzshh": "31001_2460", "rellage": null, "name": null, "anzahlgs": null, "gmdschl": "05362032", "lagebeztxt": null, "bld area": 18 }, "geometry": { "type": "MultiPolygon", "coordinates": [ [ [ [ 339062.61099999997532, 5642355.61699999962002 ], [ 339062.642, 5642361.434000000357628 ], [ 339065.722, 5642361.454 ], [ 339065.699000000022352, 5642355.640999999828637 ], [ 339062.61099999997532, 5642355.61699999962002 ] ] ] ] } },
{ "type": "Feature", "properties": { "fid": 273116.0, "oid": "DENW41AL30008K50BL", "aktualit": "2024-08-20", "gebnutzbez": "Gebäude", "funktion": "Gebäude zum Parken", "gfkzshh": "31001_2460", "rellage": null, "name": null, "anzahlgs": null, "gmdschl": "05362032", "lagebeztxt": null, "bld area": 16 }, "geometry": { "type": "MultiPolygon", "coordinates": [ [ [ [ 339068.516, 5642355.662999999709427 ], [ 339068.533, 5642361.472 ], [ 339071.332999999984168, 5642361.490000000223517 ], [ 339071.322999999974854, 5642355.684999999590218 ], [ 339068.516, 5642355.662999999709427 ] ] ] ] } },
{ "type": "Feature", "properties": { "fid": 273203.0, "oid": "DENW41AL30008KB1BL", "aktualit": "2024-08-20", "gebnutzbez": "Gebäude", "funktion": "Gebäude zum Parken", "gfkzshh": "31001_2460", "rellage": null, "name": null, "anzahlgs": null, "gmdschl": "05362032", "lagebeztxt": null, "bld area": 16 }, "geometry": { "type": "MultiPolygon", "coordinates": [ [ [ [ 339079.76500000001397, 5642361.546 ], [ 339082.575000000011642, 5642361.564000000245869 ], [ 339082.592, 5642355.775000000372529 ], [ 339079.775000000023283, 5642355.752000000327826 ], [ 339079.76500000001397, 5642361.546 ] ] ] ] } },
{ "type": "Feature", "properties": { "fid": 273833.0, "oid": "DENW41AL30008KvgBL", "aktualit": "2024-08-20", "gebnutzbez": "Gebäude", "funktion": "Gebäude zum Parken", "gfkzshh": "31001_2460", "rellage": null, "name": null, "anzahlgs": null, "gmdschl": "05362032", "lagebeztxt": null, "bld area": 18 }, "geometry": { "type": "MultiPolygon", "coordinates": [ [ [ [ 339082.575000000011642, 5642361.564000000245869 ], [ 339085.726000000024214, 5642361.583999999798834 ], [ 339085.76, 5642355.799999999813735 ], [ 339082.592, 5642355.775000000372529 ], [ 339082.575000000011642, 5642361.564000000245869 ] ] ] ] } },
{ "type": "Feature", "properties": { "fid": 275972.0, "oid": "DENW41AL30008NIVBL", "aktualit": "2024-08-20", "gebnutzbez": "Gebäude", "funktion": "Gebäude zum Parken", "gfkzshh": "31001_2460", "rellage": null, "name": null, "anzahlgs": null, "gmdschl": "05362032", "lagebeztxt": null, "bld area": 16 }, "geometry": { "type": "MultiPolygon", "coordinates": [ [ [ [ 339074.150000000023283, 5642355.707000000402331 ], [ 339074.153999999980442, 5642361.50800000037998 ], [ 339076.954000000027008, 5642361.528 ], [ 339076.957, 5642355.730000000447035 ], [ 339074.150000000023283, 5642355.707000000402331 ] ] ] ] } },
{ "type": "Feature", "properties": { "fid": 160959.0, "oid": "DENW41AL30008OrXBL", "aktualit": "2024-08-20", "gebnutzbez": "Gebäude", "funktion": "Wohngebäude", "gfkzshh": "31001_1000", "rellage": null, "name": null, "anzahlgs": null, "gmdschl": "05362032", "lagebeztxt": "Adenauerstraße 17", "bld area": 55 }, "geometry": { "type": "MultiPolygon", "coordinates": [ [ [ [ 338841.483, 5642493.279 ], [ 338847.093, 5642493.671 ], [ 338847.444000000017695, 5642488.224000000394881 ], [ 338847.767999999981839, 5642483.179999999701977 ], [ 338844.223999999987427, 5642482.947999999858439 ], [ 338844.113000000012107, 5642484.592000000178814 ], [ 338842.10999999998603, 5642484.454 ], [ 338841.483, 5642493.279 ] ] ] ] } },
{ "type": "Feature", "properties": { "fid": 272463.0, "oid": "DENW41AL30008JLtBL", "aktualit": "2024-08-20", "gebnutzbez": "Gebäude", "funktion": "Wohngebäude", "gfkzshh": "31001_1000", "rellage": null, "name": null, "anzahlgs": null, "gmdschl": "05362032", "lagebeztxt": "Adenauerstraße 19", "bld area": 54 }, "geometry": { "type": "MultiPolygon", "coordinates": [ [ [ [ 338836.005, 5642492.889999999664724 ], [ 338841.483, 5642493.279 ], [ 338842.10999999998603, 5642484.454 ], [ 338840.172000000020489, 5642484.315999999642372 ], [ 338840.293, 5642482.673999999649823 ], [ 338837.479999999981374, 5642482.474000000394881 ], [ 338836.784999999974389, 5642482.423999999649823 ], [ 338836.588999999978114, 5642485.065999999642372 ], [ 338836.005, 5642492.889999999664724 ] ] ] ] } },
{ "type": "Feature", "properties": { "fid": 277161.0, "oid": "DENW41AL30008OaHBL", "aktualit": "2024-08-20", "gebnutzbez": "Gebäude", "funktion": "Wohngebäude", "gfkzshh": "31001_1000", "rellage": null, "name": null, "anzahlgs": null, "gmdschl": "05362032", "lagebeztxt": null, "bld area": 16 }, "geometry": { "type": "MultiPolygon", "coordinates": [ [ [ [ 338837.479999999981374, 5642482.474000000394881 ], [ 338840.293, 5642482.673999999649823 ], [ 338840.172000000020489, 5642484.315999999642372 ], [ 338842.10999999998603, 5642484.454 ], [ 338842.413999999989755, 5642480.053999999538064 ], [ 338837.675999999977648, 5642479.723000000230968 ], [ 338837.479999999981374, 5642482.474000000394881 ] ] ] ] } },
{ "type": "Feature", "properties": { "fid": 276314.0, "oid": "DENW41AL30008NfLBL", "aktualit": "2024-08-20", "gebnutzbez": "Gebäude", "funktion": "Wohngebäude", "gfkzshh": "31001_1000", "rellage": null, "name": null, "anzahlgs": null, "gmdschl": "05362032", "lagebeztxt": "Hebbelstraße 10", "bld area": 84 }, "geometry": { "type": "MultiPolygon", "coordinates": [ [ [ [ 338846.223, 5642247.849999999627471 ], [ 338856.193000000028405, 5642248.99100000038743 ], [ 338857.163999999989755, 5642240.683000000193715 ], [ 338847.177000000025146, 5642239.55599999986589 ], [ 338846.223, 5642247.849999999627471 ] ] ] ] } },
{ "type": "Feature", "properties": { "fid": 158505.0, "oid": "DENW41AL30008JxiBL", "aktualit": "2024-08-20", "gebnutzbez": "Gebäude", "funktion": "Gebäude für Land- und Forstwirtschaft", "gfkzshh": "31001_2700", "rellage": null, "name": null, "anzahlgs": null, "gmdschl": "05362032", "lagebeztxt": null, "bld area": 48 }, "geometry": { "type": "MultiPolygon", "coordinates": [ [ [ [ 338935.066999999980908, 5642567.347 ], [ 338939.73499999998603, 5642567.571999999694526 ], [ 338943.352000000013504, 5642567.74199999962002 ], [ 338943.634000000020023, 5642561.94400000013411 ], [ 338935.347, 5642561.541000000201166 ], [ 338935.066999999980908, 5642567.347 ] ] ] ] } },
{ "type": "Feature", "properties": { "fid": 273685.0, "oid": "DENW41AL30008KjNBL", "aktualit": "2024-08-20", "gebnutzbez": "Gebäude", "funktion": "Wohngebäude", "gfkzshh": "31001_1000", "rellage": null, "name": null, "anzahlgs": null, "gmdschl": "05362032", "lagebeztxt": "Sistenichstraße 32", "bld area": 68 }, "geometry": { "type": "MultiPolygon", "coordinates": [ [ [ [ 338948.129000000015367, 5642562.16399999987334 ], [ 338948.527, 5642562.187 ], [ 338957.023999999975786, 5642562.606999999843538 ], [ 338957.283999999985099, 5642554.900000000372529 ], [ 338948.385, 5642554.602 ], [ 338948.129000000015367, 5642562.16399999987334 ] ] ] ] } },
{ "type": "Feature", "properties": { "fid": 274167.0, "oid": "DENW41AL30008LGSBL", "aktualit": "2024-08-20", "gebnutzbez": "Gebäude", "funktion": "Wohngebäude", "gfkzshh": "31001_1000", "rellage": null, "name": null, "anzahlgs": null, "gmdschl": "05362032", "lagebeztxt": "Sistenichstraße 30", "bld area": 67 }, "geometry": { "type": "MultiPolygon", "coordinates": [ [ [ [ 338948.24900000001071, 5642569.998999999836087 ], [ 338950.354, 5642570.122999999672174 ], [ 338953.422000000020489, 5642570.307 ], [ 338956.746999999973923, 5642570.507000000216067 ], [ 338957.023999999975786, 5642562.606999999843538 ], [ 338948.527, 5642562.187 ], [ 338948.321, 5642567.981999999843538 ], [ 338948.24900000001071, 5642569.998999999836087 ] ] ] ] } },
{ "type": "Feature", "properties": { "fid": 277443.0, "oid": "DENW41AL30008OshBL", "aktualit": "2024-08-20", "gebnutzbez": "Gebäude", "funktion": "Gebäude für Land- und Forstwirtschaft", "gfkzshh": "31001_2700", "rellage": null, "name": null, "anzahlgs": null, "gmdschl": "05362032", "lagebeztxt": null, "bld area": 4 }, "geometry": { "type": "MultiPolygon", "coordinates": [ [ [ [ 339314.471000000019558, 5642670.17200000025332 ], [ 339317.134000000020023, 5642670.472 ], [ 339317.259000000020023, 5642669.610999999567866 ], [ 339317.36099999997532, 5642668.86600000038743 ], [ 339314.662000000011176, 5642668.531999999657273 ], [ 339314.471000000019558, 5642670.17200000025332 ] ] ] ] } },
{ "type": "Feature", "properties": { "fid": 60401.0, "oid": "DENW41AL30008Kd2BL", "aktualit": "2024-08-20", "gebnutzbez": "Gebäude", "funktion": "Gebäude zum Parken", "gfkzshh": "31001_2460", "rellage": null, "name": null, "anzahlgs": null, "gmdschl": "05362032", "lagebeztxt": null, "bld area": 15 }, "geometry": { "type": "MultiPolygon", "coordinates": [ [ [ [ 338787.119, 5642392.468000000342727 ], [ 338787.337, 5642397.799999999813735 ], [ 338790.163999999989755, 5642397.673000000417233 ], [ 338789.943000000028405, 5642392.348000000230968 ], [ 338787.119, 5642392.468000000342727 ] ] ] ] } },
{ "type": "Feature", "properties": { "fid": 62061.0, "oid": "DENW41AL30008N1WBL", "aktualit": "2024-08-20", "gebnutzbez": "Gebäude", "funktion": "Wohngebäude", "gfkzshh": "31001_1000", "rellage": null, "name": null, "anzahlgs": null, "gmdschl": "05362032", "lagebeztxt": "Thomas-Mann-Straße 7, 8", "bld area": 430 }, "geometry": { "type": "MultiPolygon", "coordinates": [ [ [ [ 338760.81, 5642375.91399999987334 ], [ 338765.756, 5642377.145999999716878 ], [ 338771.01400000002468, 5642378.45299999974668 ], [ 338771.072999999974854, 5642378.218999999575317 ], [ 338780.848, 5642338.770999999716878 ], [ 338770.653999999980442, 5642336.244 ], [ 338760.81, 5642375.91399999987334 ] ] ] ] } },
{ "type": "Feature", "properties": { "fid": 62968.0, "oid": "DENW41AL30008OIaBL", "aktualit": "2024-08-20", "gebnutzbez": "Gebäude", "funktion": "Gebäude zum Parken", "gfkzshh": "31001_2460", "rellage": null, "name": null, "anzahlgs": null, "gmdschl": "05362032", "lagebeztxt": null, "bld area": 15 }, "geometry": { "type": "MultiPolygon", "coordinates": [ [ [ [ 338784.135, 5642342.407999999821186 ], [ 338786.976000000024214, 5642342.487999999895692 ], [ 338787.129000000015367, 5642337.185999999754131 ], [ 338784.282, 5642337.100999999791384 ], [ 338784.135, 5642342.407999999821186 ] ] ] ] } },
{ "type": "Feature", "properties": { "fid": 63450.0, "oid": "DENW41AL30008OydBL", "aktualit": "2024-08-20", "gebnutzbez": "Gebäude", "funktion": "Gebäude zum Parken", "gfkzshh": "31001_2460", "rellage": null, "name": null, "anzahlgs": null, "gmdschl": "05362032", "lagebeztxt": null, "bld area": 15 }, "geometry": { "type": "MultiPolygon", "coordinates": [ [ [ [ 338781.413, 5642392.704 ], [ 338781.615999999979977, 5642398.05599999986589 ], [ 338784.496999999973923, 5642397.927000000141561 ], [ 338784.283999999985099, 5642392.58600000012666 ], [ 338781.413, 5642392.704 ] ] ] ] } },
{ "type": "Feature", "properties": { "fid": 158791.0, "oid": "DENW41AL30008KX3BL", "aktualit": "2024-08-20", "gebnutzbez": "Gebäude", "funktion": "Wohngebäude", "gfkzshh": "31001_1000", "rellage": null, "name": null, "anzahlgs": null, "gmdschl": "05362032", "lagebeztxt": "Grabenweg 20", "bld area": 175 }, "geometry": { "type": "MultiPolygon", "coordinates": [ [ [ [ 338795.441999999980908, 5642343.981999999843538 ], [ 338814.43, 5642344.343000000342727 ], [ 338814.602000000013504, 5642335.103000000119209 ], [ 338795.651000000012573, 5642334.754999999888241 ], [ 338795.441999999980908, 5642343.981999999843538 ] ] ] ] } },
{ "type": "Feature", "properties": { "fid": 160634.0, "oid": "DENW41AL30008ODyBL", "aktualit": "2024-08-20", "gebnutzbez": "Gebäude", "funktion": "Gebäude zum Parken", "gfkzshh": "31001_2460", "rellage": null, "name": null, "anzahlgs": null, "gmdschl": "05362032", "lagebeztxt": null, "bld area": 15 }, "geometry": { "type": "MultiPolygon", "coordinates": [ [ [ [ 338786.976000000024214, 5642342.487999999895692 ], [ 338789.795999999972992, 5642342.56900000013411 ], [ 338789.934, 5642337.269999999552965 ], [ 338787.129000000015367, 5642337.185999999754131 ], [ 338786.976000000024214, 5642342.487999999895692 ] ] ] ] } },
{ "type": "Feature", "properties": { "fid": 160913.0, "oid": "DENW41AL30008OmIBL", "aktualit": "2024-08-20", "gebnutzbez": "Gebäude", "funktion": "Gebäude zum Parken", "gfkzshh": "31001_2460", "rellage": null, "name": null, "anzahlgs": null, "gmdschl": "05362032", "lagebeztxt": null, "bld area": 15 }, "geometry": { "type": "MultiPolygon", "coordinates": [ [ [ [ 338789.943000000028405, 5642392.348000000230968 ], [ 338790.163999999989755, 5642397.673000000417233 ], [ 338792.992000000027474, 5642397.542000000365078 ], [ 338792.767999999981839, 5642392.228000000119209 ], [ 338789.943000000028405, 5642392.348000000230968 ] ] ] ] } },
{ "type": "Feature", "properties": { "fid": 272863.0, "oid": "DENW41AL30008JnqBL", "aktualit": "2024-08-20", "gebnutzbez": "Gebäude", "funktion": "Gebäude zum Parken", "gfkzshh": "31001_2460", "rellage": null, "name": null, "anzahlgs": null, "gmdschl": "05362032", "lagebeztxt": null, "bld area": 15 }, "geometry": { "type": "MultiPolygon", "coordinates": [ [ [ [ 338789.795999999972992, 5642342.56900000013411 ], [ 338792.637999999977183, 5642342.649000000208616 ], [ 338792.800999999977648, 5642337.356999999843538 ], [ 338789.934, 5642337.269999999552965 ], [ 338789.795999999972992, 5642342.56900000013411 ] ] ] ] } },
{ "type": "Feature", "properties": { "fid": 273611.0, "oid": "DENW41AL30008Ke5BL", "aktualit": "2024-08-20", "gebnutzbez": "Gebäude", "funktion": "Wohngebäude", "gfkzshh": "31001_1000", "rellage": null, "name": null, "anzahlgs": null, "gmdschl": "05362032", "lagebeztxt": "Am grünen Weg 16, 18", "bld area": 336 }, "geometry": { "type": "MultiPolygon", "coordinates": [ [ [ [ 338801.348, 5642396.150999999605119 ], [ 338810.270000000018626, 5642397.415 ], [ 338815.418, 5642360.536999999545515 ], [ 338806.505, 5642359.216 ], [ 338801.348, 5642396.150999999605119 ] ] ] ] } },
{ "type": "Feature", "properties": { "fid": 274047.0, "oid": "DENW41AL30008L8ABL", "aktualit": "2024-08-20", "gebnutzbez": "Gebäude", "funktion": "Wohngebäude", "gfkzshh": "31001_1000", "rellage": null, "name": null, "anzahlgs": null, "gmdschl": "05362032", "lagebeztxt": "Thomas-Mann-Straße 9", "bld area": 168 }, "geometry": { "type": "MultiPolygon", "coordinates": [ [ [ [ 338761.26, 5642395.105999999679625 ], [ 338770.033, 5642397.293999999761581 ], [ 338774.560999999986961, 5642379.082999999634922 ], [ 338771.072999999974854, 5642378.218999999575317 ], [ 338771.01400000002468, 5642378.45299999974668 ], [ 338765.756, 5642377.145999999716878 ], [ 338763.76400000002468, 5642385.093000000342727 ], [ 338761.26, 5642395.105999999679625 ] ] ] ] } },
{ "type": "Feature", "properties": { "fid": 275239.0, "oid": "DENW41AL30008MUPBL", "aktualit": "2024-08-20", "gebnutzbez": "Gebäude", "funktion": "Gebäude zum Parken", "gfkzshh": "31001_2460", "rellage": null, "name": null, "anzahlgs": null, "gmdschl": "05362032", "lagebeztxt": null, "bld area": 15 }, "geometry": { "type": "MultiPolygon", "coordinates": [ [ [ [ 338792.767999999981839, 5642392.228000000119209 ], [ 338792.992000000027474, 5642397.542000000365078 ], [ 338795.891, 5642397.417000000365078 ], [ 338795.663, 5642392.105999999679625 ], [ 338792.767999999981839, 5642392.228000000119209 ] ] ] ] } },
{ "type": "Feature", "properties": { "fid": 276115.0, "oid": "DENW41AL30008NSABL", "aktualit": "2024-08-20", "gebnutzbez": "Gebäude", "funktion": "Gebäude zum Parken", "gfkzshh": "31001_2460", "rellage": null, "name": null, "anzahlgs": null, "gmdschl": "05362032", "lagebeztxt": null, "bld area": 15 }, "geometry": { "type": "MultiPolygon", "coordinates": [ [ [ [ 338784.283999999985099, 5642392.58600000012666 ], [ 338784.496999999973923, 5642397.927000000141561 ], [ 338787.337, 5642397.799999999813735 ], [ 338787.119, 5642392.468000000342727 ], [ 338784.283999999985099, 5642392.58600000012666 ] ] ] ] } },
{ "type": "Feature", "properties": { "fid": 272862.0, "oid": "DENW41AL30008JnQBL", "aktualit": "2024-08-20", "gebnutzbez": "Gebäude", "funktion": "Gemischt genutztes Gebäude mit Wohnen", "gfkzshh": "31001_1100", "rellage": null, "name": null, "anzahlgs": null, "gmdschl": "05362032", "lagebeztxt": "Hauptstraße 214", "bld area": 49 }, "geometry": { "type": "MultiPolygon", "coordinates": [ [ [ [ 339119.188000000023749, 5642367.103000000119209 ], [ 339126.395000000018626, 5642367.112999999895692 ], [ 339126.37400000001071, 5642360.358 ], [ 339119.193000000028405, 5642360.25899999961257 ], [ 339119.188000000023749, 5642367.103000000119209 ] ] ] ] } },
{ "type": "Feature", "properties": { "fid": 274482.0, "oid": "DENW41AL30008Lc2BL", "aktualit": "2024-08-20", "gebnutzbez": "Gebäude", "funktion": "Gebäude für Land- und Forstwirtschaft", "gfkzshh": "31001_2700", "rellage": null, "name": null, "anzahlgs": null, "gmdschl": "05362032", "lagebeztxt": null, "bld area": 14 }, "geometry": { "type": "MultiPolygon", "coordinates": [ [ [ [ 339113.805, 5642367.091 ], [ 339113.86099999997532, 5642371.066999999806285 ], [ 339117.408, 5642371.020999999716878 ], [ 339117.363000000012107, 5642367.099000000394881 ], [ 339113.805, 5642367.091 ] ] ] ] } },
{ "type": "Feature", "properties": { "fid": 60539.0, "oid": "DENW41AL30008KpPBL", "aktualit": "2024-08-20", "gebnutzbez": "Gebäude", "funktion": "Gemischt genutztes Gebäude mit Wohnen", "gfkzshh": "31001_1100", "rellage": null, "name": null, "anzahlgs": null, "gmdschl": "05362032", "lagebeztxt": "Hauptstraße 212", "bld area": 106 }, "geometry": { "type": "MultiPolygon", "coordinates": [ [ [ [ 339105.348, 5642375.200000000186265 ], [ 339105.401000000012573, 5642379.029 ], [ 339107.770000000018626, 5642378.996000000275671 ], [ 339107.805, 5642381.379999999888241 ], [ 339117.142999999981839, 5642381.247999999672174 ], [ 339117.07, 5642375.759999999776483 ], [ 339117.452, 5642375.754999999888241 ], [ 339117.408, 5642371.020999999716878 ], [ 339113.86099999997532, 5642371.066999999806285 ], [ 339107.718999999982771, 5642371.151999999769032 ], [ 339107.771, 5642375.167999999597669 ], [ 339105.348, 5642375.200000000186265 ] ] ] ] } }
]
}
