{
"type": "FeatureCollection",
"name": "Permeable Pavement Suitability",
"crs": { "type": "name", "properties": { "name": "urn:ogc:def:crs:OGC:1.3:CRS84" } },
"features": [
{ "type": "Feature", "properties": { "DN": 1, "gml_id": "DENW41AL30005b7vFL", "identifier": "urn:adv:oid:DENW41AL30005b7vFL", "aktualit_2": "2024-08-20Z", "idflurst": "DENW41AL30005b7v", "flaeche": 2214.0, "flstkennz_": "05468200800499______", "flstnrzae": "499", "flstnrnen": null, "gemarkung": "Horrem", "gemaschl": "054682", "flur": "8", "flurschl": "054682008", "land": "Nordrhein-Westfalen", "landschl": "05", "regbezirk": "Köln", "regbezschl": "053", "kreis": "Rhein-Erft-Kreis", "kreisschl": "05362", "gemeinde": "Kerpen", "gmdschl": "05362032", "abwrecht": "Kein abweichender Rechtszustand", "lagebeztxt": "Bahnhofstraße 36; Höhenweg 2, 2 a, 2 b", "tntxt": "Wohnbaufläche;2214", "area": 2211, "other catc": null, "frag area": 78.0, "final area": 78.0 }, "geometry": { "type": "MultiPolygon", "coordinates": [ [ [ [ 6.71315142232354, 50.915158740018207 ], [ 6.71315186291994, 50.915149754556097 ], [ 6.713180290750022, 50.915150311606943 ], [ 6.713180731340731, 50.915141326144635 ], [ 6.713194945253377, 50.915141604667383 ], [ 6.713195385841127, 50.915132619204968 ], [ 6.713223813661632, 50.915133176245092 ], [ 6.713224254243692, 50.915124190782485 ], [ 6.71323846815155, 50.915124469299869 ], [ 6.713239349309524, 50.915106498374442 ], [ 6.713253563212144, 50.915106776889914 ], [ 6.71325400378806, 50.915097791427073 ], [ 6.713268217688173, 50.915098069940726 ], [ 6.713268658261129, 50.915089084477806 ], [ 6.713282872158736, 50.915089362989633 ], [ 6.713283312728734, 50.915080377526586 ], [ 6.713297526623834, 50.915080656036594 ], [ 6.713298407757688, 50.9150626851103 ], [ 6.713312621647547, 50.915062963618411 ], [ 6.713313502775033, 50.915044992691868 ], [ 6.713327716659652, 50.915045271198068 ], [ 6.713328157220324, 50.915036285734686 ], [ 6.713342371102437, 50.915036564239067 ], [ 6.713343252217636, 50.915018593312062 ], [ 6.71335746609451, 50.915018871814539 ], [ 6.713358347203341, 50.9150009008873 ], [ 6.713344133331934, 50.915000622384987 ], [ 6.713343692774899, 50.915009607848539 ], [ 6.713329478900984, 50.915009329344414 ], [ 6.713329038340989, 50.91501831480786 ], [ 6.713300610588372, 50.915017757794253 ], [ 6.713300170022687, 50.915026743257485 ], [ 6.713285956143984, 50.91502646474801 ], [ 6.713286396712403, 50.915017479284849 ], [ 6.713272182836659, 50.915017200773725 ], [ 6.713271742265507, 50.915026186236787 ], [ 6.713257528387256, 50.915025907723845 ], [ 6.713256647238812, 50.915043878649755 ], [ 6.713242433355322, 50.915043600134908 ], [ 6.713241992778028, 50.915052585597742 ], [ 6.713227778892032, 50.915052307081076 ], [ 6.713226897731301, 50.915070278006525 ], [ 6.713212683840063, 50.915069999487947 ], [ 6.713212243256628, 50.915078984950561 ], [ 6.713198029362884, 50.915078706430172 ], [ 6.713197148189868, 50.91509667735518 ], [ 6.713182934290884, 50.915096398832873 ], [ 6.7131820531115, 50.915114369757625 ], [ 6.713167839207276, 50.91511409123342 ], [ 6.713167398614513, 50.915123076695693 ], [ 6.713153184707783, 50.915122798169669 ], [ 6.713152303516114, 50.915140769093959 ], [ 6.713138089604143, 50.915140490566031 ], [ 6.713137649005237, 50.915149476028077 ], [ 6.713123435090761, 50.915149197498337 ], [ 6.713122994488896, 50.915158182960262 ], [ 6.71315142232354, 50.915158740018207 ] ] ] ] } },
{ "type": "Feature", "properties": { "DN": 1, "gml_id": "DENW41AL30005VqPFL", "identifier": "urn:adv:oid:DENW41AL30005VqPFL", "aktualit_2": "2024-08-20Z", "idflurst": "DENW41AL30005VqP", "flaeche": 386.0, "flstkennz_": "05468200800025______", "flstnrzae": "25", "flstnrnen": null, "gemarkung": "Horrem", "gemaschl": "054682", "flur": "8", "flurschl": "054682008", "land": "Nordrhein-Westfalen", "landschl": "05", "regbezirk": "Köln", "regbezschl": "053", "kreis": "Rhein-Erft-Kreis", "kreisschl": "05362", "gemeinde": "Kerpen", "gmdschl": "05362032", "abwrecht": "Kein abweichender Rechtszustand", "lagebeztxt": "Bahnhofstraße 20", "tntxt": "Fläche gemischter Nutzung(funktion:Gebäude- und Freifläche Mischnutzung mit Wohnen);386", "area": 385, "other catc": null, "frag area": 51.2, "final area": 51.2 }, "geometry": { "type": "MultiPolygon", "coordinates": [ [ [ [ 6.711976516987915, 50.915036776297754 ], [ 6.711977398629146, 50.915018805387881 ], [ 6.711991612492535, 50.915019084056624 ], [ 6.711992934944489, 50.914992127691434 ], [ 6.712007148799906, 50.914992406358181 ], [ 6.712007589614041, 50.914983420902985 ], [ 6.712021803466951, 50.914983699567919 ], [ 6.712022477624807, 50.914969957593023 ], [ 6.712008247029343, 50.914970020290184 ], [ 6.712008030427948, 50.914974435447789 ], [ 6.711965388878771, 50.914973599442881 ], [ 6.711965555243058, 50.914970208371251 ], [ 6.711937094052292, 50.914970333749949 ], [ 6.711936961180449, 50.914973042097628 ], [ 6.711880105786516, 50.914971927386375 ], [ 6.711878342431154, 50.915007869203897 ], [ 6.711892556290228, 50.91500814788467 ], [ 6.711892115453556, 50.915017133339092 ], [ 6.711920543177849, 50.915017690695606 ], [ 6.711919661514756, 50.915035661604769 ], [ 6.711976516987915, 50.915036776297754 ] ] ] ] } },
{ "type": "Feature", "properties": { "DN": 1, "gml_id": "DENW41AL30005d6IFL", "identifier": "urn:adv:oid:DENW41AL30005d6IFL", "aktualit_2": "2024-08-20Z", "idflurst": "DENW41AL30005d6I", "flaeche": 39.0, "flstkennz_": "05468200800023______", "flstnrzae": "23", "flstnrnen": null, "gemarkung": "Horrem", "gemaschl": "054682", "flur": "8", "flurschl": "054682008", "land": "Nordrhein-Westfalen", "landschl": "05", "regbezirk": "Köln", "regbezschl": "053", "kreis": "Rhein-Erft-Kreis", "kreisschl": "05362", "gemeinde": "Kerpen", "gmdschl": "05362032", "abwrecht": "Kein abweichender Rechtszustand", "lagebeztxt": "Mittelstraße", "tntxt": "Wohnbaufläche;39", "area": 39, "other catc": null, "frag area": 18.1, "final area": 18.1 }, "geometry": { "type": "MultiPolygon", "coordinates": [ [ [ [ 6.712052876004319, 50.914930344159515 ], [ 6.712053058999477, 50.914926613945426 ], [ 6.712051171028995, 50.91493031073373 ], [ 6.712052876004319, 50.914930344159515 ] ] ], [ [ [ 6.712067530643132, 50.914921637363065 ], [ 6.712067971444528, 50.9149126519074 ], [ 6.71208218527648, 50.914912930564704 ], [ 6.712082626074917, 50.914903945108911 ], [ 6.712111053734035, 50.91490450241816 ], [ 6.712111494526781, 50.914895516962197 ], [ 6.712125708353946, 50.914895795614129 ], [ 6.712126149143733, 50.914886810158045 ], [ 6.712140362968391, 50.914887088808165 ], [ 6.712140803755219, 50.914878103351981 ], [ 6.712155017577372, 50.914878382000289 ], [ 6.712155458361242, 50.914869396543999 ], [ 6.712179298572809, 50.914869863904457 ], [ 6.712181941580234, 50.91486811689785 ], [ 6.712127128757732, 50.914866840807314 ], [ 6.71212703072263, 50.914868839245834 ], [ 6.712112816903663, 50.914868560594158 ], [ 6.712112917500256, 50.914866509952553 ], [ 6.712084097070885, 50.914865838973846 ], [ 6.712055718830409, 50.91492140579517 ], [ 6.712067530643132, 50.914921637363065 ] ], [ [ 6.712112376111596, 50.914877546050185 ], [ 6.712098162290121, 50.914877267396697 ], [ 6.712098603084922, 50.914868281940755 ], [ 6.712112816903663, 50.914868560594158 ], [ 6.712112376111596, 50.914877546050185 ] ], [ [ 6.712097721495094, 50.914886252852618 ], [ 6.712083507671114, 50.914885974197297 ], [ 6.712083948468873, 50.914876988741469 ], [ 6.712098162290121, 50.914877267396697 ], [ 6.712097721495094, 50.914886252852618 ] ] ] ] } },
{ "type": "Feature", "properties": { "DN": 1, "gml_id": "DENW41AL30005c15FL", "identifier": "urn:adv:oid:DENW41AL30005c15FL", "aktualit_2": "2024-08-20Z", "idflurst": "DENW41AL30005c15", "flaeche": 341.0, "flstkennz_": "05468200800028______", "flstnrzae": "28", "flstnrnen": null, "gemarkung": "Horrem", "gemaschl": "054682", "flur": "8", "flurschl": "054682008", "land": "Nordrhein-Westfalen", "landschl": "05", "regbezirk": "Köln", "regbezschl": "053", "kreis": "Rhein-Erft-Kreis", "kreisschl": "05362", "gemeinde": "Kerpen", "gmdschl": "05362032", "abwrecht": "Kein abweichender Rechtszustand", "lagebeztxt": "Mittelstraße 1", "tntxt": "Wohnbaufläche;341", "area": 340, "other catc": null, "frag area": 27.2, "final area": 27.2 }, "geometry": { "type": "MultiPolygon", "coordinates": [ [ [ [ 6.712037339744737, 50.914957021864915 ], [ 6.712038662167353, 50.914930065498574 ], [ 6.712051171028995, 50.91493031073373 ], [ 6.712053058999477, 50.914926613945426 ], [ 6.712053316808674, 50.914921358703943 ], [ 6.712055718830409, 50.91492140579517 ], [ 6.712084097070885, 50.914865838973846 ], [ 6.712087636068726, 50.914859072840279 ], [ 6.712027974802844, 50.914857903192271 ], [ 6.712023125899798, 50.914956743201991 ], [ 6.712037339744737, 50.914957021864915 ] ] ] ] } },
{ "type": "Feature", "properties": { "DN": 1, "gml_id": "DENW41AL30005b7vFL", "identifier": "urn:adv:oid:DENW41AL30005b7vFL", "aktualit_2": "2024-08-20Z", "idflurst": "DENW41AL30005b7v", "flaeche": 2214.0, "flstkennz_": "05468200800499______", "flstnrzae": "499", "flstnrnen": null, "gemarkung": "Horrem", "gemaschl": "054682", "flur": "8", "flurschl": "054682008", "land": "Nordrhein-Westfalen", "landschl": "05", "regbezirk": "Köln", "regbezschl": "053", "kreis": "Rhein-Erft-Kreis", "kreisschl": "05362", "gemeinde": "Kerpen", "gmdschl": "05362032", "abwrecht": "Kein abweichender Rechtszustand", "lagebeztxt": "Bahnhofstraße 36; Höhenweg 2, 2 a, 2 b", "tntxt": "Wohnbaufläche;2214", "area": 2211, "other catc": null, "frag area": 10.0, "final area": 10.0 }, "geometry": { "type": "MultiPolygon", "coordinates": [ [ [ [ 6.71344627365923, 50.914948659079457 ], [ 6.713446714195557, 50.914939673615173 ], [ 6.713460928049416, 50.914939952104753 ], [ 6.713461809115926, 50.914921981175958 ], [ 6.713476022964546, 50.914922259663641 ], [ 6.71347646349473, 50.914913274199115 ], [ 6.713490677340842, 50.914913552684979 ], [ 6.713491558395067, 50.914895581755729 ], [ 6.71347734455442, 50.91489530327005 ], [ 6.713476904024687, 50.914904288734597 ], [ 6.713462690181534, 50.914904010247106 ], [ 6.713462249648842, 50.914912995711539 ], [ 6.713448035803181, 50.914912717222229 ], [ 6.713447595267532, 50.914921702686563 ], [ 6.713433381419363, 50.914921424195441 ], [ 6.713432059802864, 50.914948380588058 ], [ 6.71344627365923, 50.914948659079457 ] ] ] ] } },
{ "type": "Feature", "properties": { "DN": 1, "gml_id": "DENW41AL30005YO5FL", "identifier": "urn:adv:oid:DENW41AL30005YO5FL", "aktualit_2": "2024-08-20Z", "idflurst": "DENW41AL30005YO5", "flaeche": 333.0, "flstkennz_": "05468200800390______", "flstnrzae": "390", "flstnrnen": null, "gemarkung": "Horrem", "gemaschl": "054682", "flur": "8", "flurschl": "054682008", "land": "Nordrhein-Westfalen", "landschl": "05", "regbezirk": "Köln", "regbezschl": "053", "kreis": "Rhein-Erft-Kreis", "kreisschl": "05362", "gemeinde": "Kerpen", "gmdschl": "05362032", "abwrecht": "Kein abweichender Rechtszustand", "lagebeztxt": "Bahnhofstraße 34", "tntxt": "Fläche gemischter Nutzung(funktion:Gebäude- und Freifläche Mischnutzung mit Wohnen);333", "area": 335, "other catc": null, "frag area": 34.2, "final area": 34.2 }, "geometry": { "type": "MultiPolygon", "coordinates": [ [ [ [ 6.712893809259649, 50.915189668089589 ], [ 6.71289424990614, 50.915180682629142 ], [ 6.712908463827933, 50.915180961186906 ], [ 6.712909785757856, 50.91515400480521 ], [ 6.712923999671677, 50.915154283360977 ], [ 6.712925321591369, 50.915127326978862 ], [ 6.712939535497218, 50.915127605532639 ], [ 6.712940416770418, 50.915109634610964 ], [ 6.712911988969874, 50.915109077502038 ], [ 6.712912429611601, 50.915100092041364 ], [ 6.712873036852878, 50.915099320037164 ], [ 6.712853707737946, 50.915152905804831 ], [ 6.712881357930889, 50.915153447688475 ], [ 6.712879595335347, 50.915189389529985 ], [ 6.712893809259649, 50.915189668089589 ] ] ] ] } },
{ "type": "Feature", "properties": { "DN": 1, "gml_id": "DENW41AL30005ct4FL", "identifier": "urn:adv:oid:DENW41AL30005ct4FL", "aktualit_2": "2024-08-20Z", "idflurst": "DENW41AL30005ct4", "flaeche": 1297.0, "flstkennz_": "05468200800395______", "flstnrzae": "395", "flstnrnen": null, "gemarkung": "Horrem", "gemaschl": "054682", "flur": "8", "flurschl": "054682008", "land": "Nordrhein-Westfalen", "landschl": "05", "regbezirk": "Köln", "regbezschl": "053", "kreis": "Rhein-Erft-Kreis", "kreisschl": "05362", "gemeinde": "Kerpen", "gmdschl": "05362032", "abwrecht": "Kein abweichender Rechtszustand", "lagebeztxt": "Bahnhofstraße 34 a", "tntxt": "Wohnbaufläche;1297", "area": 1289, "other catc": null, "frag area": 12.0, "final area": 12.0 }, "geometry": { "type": "MultiPolygon", "coordinates": [ [ [ [ 6.712784391940226, 50.914809771671521 ], [ 6.712785273263201, 50.914791800750812 ], [ 6.712842128473581, 50.914792915018516 ], [ 6.712841687823137, 50.914801900479233 ], [ 6.712870115435147, 50.914802457602882 ], [ 6.712870556080127, 50.914793472141987 ], [ 6.712856342276741, 50.914793193581112 ], [ 6.712856782924226, 50.914784208120281 ], [ 6.712785713924349, 50.914782815290437 ], [ 6.712786154585272, 50.91477382983004 ], [ 6.712757726992368, 50.914773272686169 ], [ 6.71275728632598, 50.914782258146388 ], [ 6.712771500125052, 50.914782536719272 ], [ 6.712770178132729, 50.914809493100101 ], [ 6.712784391940226, 50.914809771671521 ] ] ] ] } },
{ "type": "Feature", "properties": { "DN": 1, "gml_id": "DENW41AL30005efdFL", "identifier": "urn:adv:oid:DENW41AL30005efdFL", "aktualit_2": "2024-08-20Z", "idflurst": "DENW41AL30005efd", "flaeche": 321.0, "flstkennz_": "05468200800018______", "flstnrzae": "18", "flstnrnen": null, "gemarkung": "Horrem", "gemaschl": "054682", "flur": "8", "flurschl": "054682008", "land": "Nordrhein-Westfalen", "landschl": "05", "regbezirk": "Köln", "regbezschl": "053", "kreis": "Rhein-Erft-Kreis", "kreisschl": "05362", "gemeinde": "Kerpen", "gmdschl": "05362032", "abwrecht": "Kein abweichender Rechtszustand", "lagebeztxt": "Höhenweg 4", "tntxt": "Wohnbaufläche;321", "area": 318, "other catc": null, "frag area": 25.8, "final area": 25.8 }, "geometry": { "type": "MultiPolygon", "coordinates": [ [ [ [ 6.713566592211558, 50.914816104971756 ], [ 6.713567032722637, 50.914807119506506 ], [ 6.713581246537312, 50.91480739798093 ], [ 6.713580806028967, 50.914816383446265 ], [ 6.7135950198466, 50.914816661919033 ], [ 6.713595900857602, 50.914798690988171 ], [ 6.713610114669996, 50.914798969459042 ], [ 6.713609674167341, 50.914807954924569 ], [ 6.713623887982695, 50.914808233393792 ], [ 6.713624768982312, 50.91479026246256 ], [ 6.713638982792426, 50.914790540929872 ], [ 6.713639863785676, 50.914772569998391 ], [ 6.71365407759055, 50.914772848463805 ], [ 6.713654518084104, 50.914763862997944 ], [ 6.713640304281963, 50.914763584532622 ], [ 6.713640744778023, 50.914754599066846 ], [ 6.713626530978841, 50.914754320599876 ], [ 6.713626090480048, 50.914763306065559 ], [ 6.713611876678358, 50.914763027596784 ], [ 6.713611436176606, 50.914772013062382 ], [ 6.713583008568439, 50.914771456119439 ], [ 6.713582568060996, 50.914780441584846 ], [ 6.713554140448267, 50.914779884634818 ], [ 6.713552818908188, 50.914806841030369 ], [ 6.713538605093963, 50.914806562552499 ], [ 6.713538378763873, 50.914811179135924 ], [ 6.713550129550752, 50.91481578243615 ], [ 6.713566592211558, 50.914816104971756 ] ] ] ] } },
{ "type": "Feature", "properties": { "DN": 1, "gml_id": "DENW41AL30005Y7UFL", "identifier": "urn:adv:oid:DENW41AL30005Y7UFL", "aktualit_2": "2024-08-20Z", "idflurst": "DENW41AL30005Y7U", "flaeche": 465.0, "flstkennz_": "05468200800030______", "flstnrzae": "30", "flstnrnen": null, "gemarkung": "Horrem", "gemaschl": "054682", "flur": "8", "flurschl": "054682008", "land": "Nordrhein-Westfalen", "landschl": "05", "regbezirk": "Köln", "regbezschl": "053", "kreis": "Rhein-Erft-Kreis", "kreisschl": "05362", "gemeinde": "Kerpen", "gmdschl": "05362032", "abwrecht": "Kein abweichender Rechtszustand", "lagebeztxt": "Mittelstraße 5", "tntxt": "Wohnbaufläche;465", "area": 466, "other catc": null, "frag area": 43.6, "final area": 42.4 }, "geometry": { "type": "MultiPolygon", "coordinates": [ [ [ [ 6.712403263626014, 50.914748336888152 ], [ 6.712404145093843, 50.914730365972027 ], [ 6.712361503755911, 50.914729530114641 ], [ 6.712361944497683, 50.914720544656824 ], [ 6.712333516945657, 50.914719987410088 ], [ 6.71233395769267, 50.91471100195244 ], [ 6.712327112982716, 50.914710867779043 ], [ 6.712318637434912, 50.914733280953911 ], [ 6.712318421669814, 50.914737679699222 ], [ 6.712289994108213, 50.914737122441764 ], [ 6.712290215820802, 50.914732602502617 ], [ 6.712256170524744, 50.914727465301112 ], [ 6.712233579754312, 50.914727022449085 ], [ 6.71223446128682, 50.914709051535027 ], [ 6.712206033744325, 50.91470849425734 ], [ 6.712205592972719, 50.914717479714206 ], [ 6.712191379199076, 50.914717201072676 ], [ 6.712190938424513, 50.914726186529442 ], [ 6.71211986954603, 50.914724793295449 ], [ 6.712119587806932, 50.914730536537064 ], [ 6.712317532578974, 50.914755805344655 ], [ 6.712317980919392, 50.914746665156741 ], [ 6.712403263626014, 50.914748336888152 ] ], [ [ 6.712219365977487, 50.914726743810938 ], [ 6.712218925208162, 50.914735729267846 ], [ 6.712204711428829, 50.914735450627873 ], [ 6.712205152200887, 50.91472646517105 ], [ 6.712219365977487, 50.914726743810938 ] ] ] ] } },
{ "type": "Feature", "properties": { "DN": 1, "gml_id": "DENW41AL30005RaPFL", "identifier": "urn:adv:oid:DENW41AL30005RaPFL", "aktualit_2": "2024-08-20Z", "idflurst": "DENW41AL30005RaP", "flaeche": 229.0, "flstkennz_": "05468200800304______", "flstnrzae": "304", "flstnrnen": null, "gemarkung": "Horrem", "gemaschl": "054682", "flur": "8", "flurschl": "054682008", "land": "Nordrhein-Westfalen", "landschl": "05", "regbezirk": "Köln", "regbezschl": "053", "kreis": "Rhein-Erft-Kreis", "kreisschl": "05362", "gemeinde": "Kerpen", "gmdschl": "05362032", "abwrecht": "Kein abweichender Rechtszustand", "lagebeztxt": "Bahnhofstraße 16", "tntxt": "Fläche gemischter Nutzung(funktion:Gebäude- und Freifläche Mischnutzung mit Wohnen);229", "area": 229, "other catc": null, "frag area": 33.3, "final area": 33.3 }, "geometry": { "type": "MultiPolygon", "coordinates": [ [ [ [ 6.711099124228655, 50.914650813232988 ], [ 6.711100006195671, 50.914632842332942 ], [ 6.711071578722119, 50.914632284779657 ], [ 6.711071137733259, 50.914641270229509 ], [ 6.711042710255145, 50.91464071266914 ], [ 6.711042269260594, 50.914649698118808 ], [ 6.711028055519144, 50.91464941933593 ], [ 6.711027614521633, 50.914658404785506 ], [ 6.71107025575486, 50.914659241129186 ], [ 6.711069814765322, 50.914668226579003 ], [ 6.711084028512915, 50.914668505356865 ], [ 6.711084469499721, 50.914659519906955 ], [ 6.711098683244808, 50.914659798682997 ], [ 6.711098242260734, 50.914668784132992 ], [ 6.711098907132335, 50.914668797173164 ], [ 6.711109043726064, 50.914651007784336 ], [ 6.711099124228655, 50.914650813232988 ] ] ], [ [ [ 6.711083587525884, 50.914677490806739 ], [ 6.711083146538626, 50.914686476256605 ], [ 6.71108877053068, 50.914686586560947 ], [ 6.711093838832498, 50.914677691867183 ], [ 6.711083587525884, 50.914677490806739 ] ] ], [ [ [ 6.711054719032735, 50.914685918698808 ], [ 6.711055160025458, 50.914676933249119 ], [ 6.711012518776514, 50.914676096899711 ], [ 6.711012077775593, 50.914685082349138 ], [ 6.711026291527747, 50.914685361134083 ], [ 6.711025850529334, 50.914694346583573 ], [ 6.711040064284447, 50.914694625366892 ], [ 6.71103785930265, 50.914739552614556 ], [ 6.711023645533873, 50.914739273830804 ], [ 6.711023204534103, 50.914748259280195 ], [ 6.711051632077347, 50.914748816846156 ], [ 6.711051473848364, 50.914752040828937 ], [ 6.71107356561334, 50.914713270640689 ], [ 6.711067609814242, 50.914713153827797 ], [ 6.711068050804908, 50.91470416837808 ], [ 6.711078633921102, 50.914704375947707 ], [ 6.711083702226881, 50.914695481254448 ], [ 6.711082705551142, 50.914695461706451 ], [ 6.711083146538626, 50.914686476256605 ], [ 6.711054719032735, 50.914685918698808 ] ] ] ] } },
{ "type": "Feature", "properties": { "DN": 1, "gml_id": "DENW41AL30005iIvFL", "identifier": "urn:adv:oid:DENW41AL30005iIvFL", "aktualit_2": "2024-08-20Z", "idflurst": "DENW41AL30005iIv", "flaeche": 126.0, "flstkennz_": "05468200800295______", "flstnrzae": "295", "flstnrnen": null, "gemarkung": "Horrem", "gemaschl": "054682", "flur": "8", "flurschl": "054682008", "land": "Nordrhein-Westfalen", "landschl": "05", "regbezirk": "Köln", "regbezschl": "053", "kreis": "Rhein-Erft-Kreis", "kreisschl": "05362", "gemeinde": "Kerpen", "gmdschl": "05362032", "abwrecht": "Kein abweichender Rechtszustand", "lagebeztxt": "Bahnhofstraße 4", "tntxt": "Fläche gemischter Nutzung(funktion:Gebäude- und Freifläche Mischnutzung mit Wohnen);126", "area": 125, "other catc": null, "frag area": 12.0, "final area": 12.0 }, "geometry": { "type": "MultiPolygon", "coordinates": [ [ [ [ 6.7104225993252, 50.914520619240641 ], [ 6.71042348154867, 50.914502648348673 ], [ 6.710437695239412, 50.914502927204552 ], [ 6.710438136348073, 50.914493941758472 ], [ 6.710452350036308, 50.914494220612532 ], [ 6.710452571497, 50.914489709397074 ], [ 6.710431808793952, 50.914484823519395 ], [ 6.710424363771234, 50.914484677456628 ], [ 6.710424441707322, 50.914483089896009 ], [ 6.71041037681555, 50.914479780142969 ], [ 6.710410150086185, 50.914484398599186 ], [ 6.71039593640136, 50.914484119740017 ], [ 6.710395495284725, 50.914493105185876 ], [ 6.710381281597394, 50.914492826324889 ], [ 6.710380399357983, 50.914510797216352 ], [ 6.7104088267438, 50.914511354936955 ], [ 6.71040838562922, 50.914520340382836 ], [ 6.7104225993252, 50.914520619240641 ] ] ] ] } },
{ "type": "Feature", "properties": { "DN": 1, "gml_id": "DENW41AL30005dd9FL", "identifier": "urn:adv:oid:DENW41AL30005dd9FL", "aktualit_2": "2024-08-20Z", "idflurst": "DENW41AL30005dd9", "flaeche": 284.0, "flstkennz_": "05468200800299______", "flstnrzae": "299", "flstnrnen": null, "gemarkung": "Horrem", "gemaschl": "054682", "flur": "8", "flurschl": "054682008", "land": "Nordrhein-Westfalen", "landschl": "05", "regbezirk": "Köln", "regbezschl": "053", "kreis": "Rhein-Erft-Kreis", "kreisschl": "05362", "gemeinde": "Kerpen", "gmdschl": "05362032", "abwrecht": "Kein abweichender Rechtszustand", "lagebeztxt": "Bahnhofstraße 10", "tntxt": "Fläche gemischter Nutzung(funktion:Gebäude- und Freifläche Mischnutzung mit Wohnen);284", "area": 284, "other catc": null, "frag area": 36.0, "final area": 36.0 }, "geometry": { "type": "MultiPolygon", "coordinates": [ [ [ [ 6.710853861625869, 50.914430144234537 ], [ 6.710854066581967, 50.91442596847957 ], [ 6.710834244580692, 50.914420765340857 ], [ 6.710811661644017, 50.914420322365949 ], [ 6.710811927436282, 50.914414907238893 ], [ 6.710797213217591, 50.914411044851235 ], [ 6.710790199268417, 50.914410907267552 ], [ 6.710783203075328, 50.914420401008208 ], [ 6.710782793264611, 50.914428750192513 ], [ 6.710777132167635, 50.914428639145349 ], [ 6.710767960462047, 50.914441085015753 ], [ 6.710767256460344, 50.914455427723681 ], [ 6.710781470140115, 50.914455706537545 ], [ 6.710781029098166, 50.914464691985856 ], [ 6.710795242780894, 50.914464970798079 ], [ 6.710794801741451, 50.914473956246468 ], [ 6.710823229113055, 50.914474513865891 ], [ 6.71082278807885, 50.914483499314443 ], [ 6.710838655150337, 50.9144838105533 ], [ 6.710872312838377, 50.914430757992143 ], [ 6.710871275959545, 50.914430485818919 ], [ 6.710853861625869, 50.914430144234537 ] ] ] ] } },
{ "type": "Feature", "properties": { "DN": 1, "gml_id": "DENW41AL30005Xx8FL", "identifier": "urn:adv:oid:DENW41AL30005Xx8FL", "aktualit_2": "2024-08-20Z", "idflurst": "DENW41AL30005Xx8", "flaeche": 393.0, "flstkennz_": "05468200800289______", "flstnrzae": "289", "flstnrnen": null, "gemarkung": "Horrem", "gemaschl": "054682", "flur": "8", "flurschl": "054682008", "land": "Nordrhein-Westfalen", "landschl": "05", "regbezirk": "Köln", "regbezschl": "053", "kreis": "Rhein-Erft-Kreis", "kreisschl": "05362", "gemeinde": "Kerpen", "gmdschl": "05362032", "abwrecht": "Kein abweichender Rechtszustand", "lagebeztxt": "Hauptstraße 159", "tntxt": "Fläche gemischter Nutzung(funktion:Gebäude- und Freifläche Mischnutzung mit Wohnen);393", "area": 393, "other catc": null, "frag area": 39.8, "final area": 39.8 }, "geometry": { "type": "MultiPolygon", "coordinates": [ [ [ [ 6.710516262280761, 50.914351568864568 ], [ 6.710516703371918, 50.914342583417742 ], [ 6.710530917014829, 50.914342862261655 ], [ 6.710531799191, 50.914324891367784 ], [ 6.710546012828672, 50.914325170209793 ], [ 6.710544689572276, 50.914352126550845 ], [ 6.710558903218372, 50.914352405391398 ], [ 6.710559785384064, 50.914334434497199 ], [ 6.710602426307312, 50.914335271007936 ], [ 6.710603749529562, 50.91430831466571 ], [ 6.710589535896451, 50.914308035830786 ], [ 6.710589702216897, 50.914304647611679 ], [ 6.710563085310068, 50.914298522833512 ], [ 6.710547336083034, 50.914298213868577 ], [ 6.710547496998066, 50.914294935825914 ], [ 6.710520356173244, 50.914288690477321 ], [ 6.710476709035919, 50.91428783419591 ], [ 6.710475826839697, 50.914305805089207 ], [ 6.710490040471, 50.914306083937966 ], [ 6.71048871718317, 50.914333040278052 ], [ 6.710502930822896, 50.91433331912534 ], [ 6.710502048635344, 50.914351290018836 ], [ 6.710516262280761, 50.914351568864568 ] ] ] ] } },
{ "type": "Feature", "properties": { "DN": 1, "gml_id": "DENW41AL30005eh6FL", "identifier": "urn:adv:oid:DENW41AL30005eh6FL", "aktualit_2": "2024-08-20Z", "idflurst": "DENW41AL30005eh6", "flaeche": 1155.0, "flstkennz_": "05468200800755______", "flstnrzae": "755", "flstnrnen": null, "gemarkung": "Horrem", "gemaschl": "054682", "flur": "8", "flurschl": "054682008", "land": "Nordrhein-Westfalen", "landschl": "05", "regbezirk": "Köln", "regbezschl": "053", "kreis": "Rhein-Erft-Kreis", "kreisschl": "05362", "gemeinde": "Kerpen", "gmdschl": "05362032", "abwrecht": "Kein abweichender Rechtszustand", "lagebeztxt": "Höhenweg 12, 16, 18", "tntxt": "Wohnbaufläche;1155", "area": 1155, "other catc": null, "frag area": 50.7, "final area": 49.8 }, "geometry": { "type": "MultiPolygon", "coordinates": [ [ [ [ 6.714099803364186, 50.9143871951986 ], [ 6.714100750540533, 50.914367870053198 ], [ 6.714108378299381, 50.914368019460611 ], [ 6.714115782027783, 50.914351462825401 ], [ 6.714116725819186, 50.914332206583346 ], [ 6.71412432637559, 50.914332355456942 ], [ 6.714131760666076, 50.914315730449523 ], [ 6.714132701072592, 50.914296543110787 ], [ 6.714118487408056, 50.914296264705499 ], [ 6.714118047011176, 50.914305250174991 ], [ 6.714089619677318, 50.914304693359036 ], [ 6.714089179274748, 50.914313678828321 ], [ 6.714074965605423, 50.914313400417662 ], [ 6.714074525199896, 50.914322385886848 ], [ 6.714031884185081, 50.914321550644239 ], [ 6.71403144377113, 50.914330536113148 ], [ 6.714059871119579, 50.914331092943456 ], [ 6.714059430710867, 50.914340078412529 ], [ 6.714087858065684, 50.914340635236101 ], [ 6.714086977258513, 50.914358606174545 ], [ 6.713973267800941, 50.914356378837311 ], [ 6.713972603065749, 50.914369940614414 ], [ 6.713992610549882, 50.914374745921727 ], [ 6.714015028010436, 50.914375185039226 ], [ 6.714014788428173, 50.914380073029733 ], [ 6.714033376973058, 50.914384538554643 ], [ 6.71405722866392, 50.914385005757602 ], [ 6.714056973813683, 50.91439020534159 ], [ 6.714074161031746, 50.914394331518622 ], [ 6.714085215641461, 50.914394548051213 ], [ 6.714084775236634, 50.914403533520336 ], [ 6.714092430197968, 50.914403683461586 ], [ 6.714099803364186, 50.9143871951986 ] ] ] ] } },
{ "type": "Feature", "properties": { "DN": 1, "gml_id": "DENW41AL30005dOVFL", "identifier": "urn:adv:oid:DENW41AL30005dOVFL", "aktualit_2": "2024-08-20Z", "idflurst": "DENW41AL30005dOV", "flaeche": 349.0, "flstkennz_": "05468200800345______", "flstnrzae": "345", "flstnrnen": null, "gemarkung": "Horrem", "gemaschl": "054682", "flur": "8", "flurschl": "054682008", "land": "Nordrhein-Westfalen", "landschl": "05", "regbezirk": "Köln", "regbezschl": "053", "kreis": "Rhein-Erft-Kreis", "kreisschl": "05362", "gemeinde": "Kerpen", "gmdschl": "05362032", "abwrecht": "Kein abweichender Rechtszustand", "lagebeztxt": "Hauptstraße 160", "tntxt": "Fläche gemischter Nutzung(funktion:Gebäude- und Freifläche Mischnutzung mit Wohnen);349", "area": 342, "other catc": null, "frag area": 52.4, "final area": 52.4 }, "geometry": { "type": "MultiPolygon", "coordinates": [ [ [ [ 6.709377644471152, 50.914248278856462 ], [ 6.709383485563591, 50.914241414748503 ], [ 6.709383584449221, 50.914239401343771 ], [ 6.709369370849218, 50.914239122360591 ], [ 6.709369812159451, 50.914230136920793 ], [ 6.709384025756721, 50.91423041590388 ], [ 6.709385349677864, 50.914203459584108 ], [ 6.709413776856688, 50.91420401754457 ], [ 6.709414218157818, 50.914195032104438 ], [ 6.709422811827228, 50.914195200777115 ], [ 6.709431333390055, 50.914185186710647 ], [ 6.709440837957017, 50.914185751012859 ], [ 6.709471492577758, 50.914187594629539 ], [ 6.709471513797226, 50.914187162563735 ], [ 6.709485727382417, 50.914187441534274 ], [ 6.709485677965404, 50.914188447758093 ], [ 6.709499863353624, 50.914189300884935 ], [ 6.709503029953062, 50.914124822417833 ], [ 6.709474602820707, 50.914124264479732 ], [ 6.709474161532318, 50.914133249920347 ], [ 6.709459947963748, 50.914132970948614 ], [ 6.709459506672399, 50.91414195638913 ], [ 6.709420790026322, 50.914141196483108 ], [ 6.709416618045137, 50.914146167331445 ], [ 6.709415542059851, 50.914168075783941 ], [ 6.709401328481255, 50.914167796804932 ], [ 6.709400445874661, 50.914185767685105 ], [ 6.709386232290827, 50.914185488704184 ], [ 6.709385790984458, 50.914194474144161 ], [ 6.709376232347619, 50.914194286528456 ], [ 6.70937128329245, 50.914200183407871 ], [ 6.709370694779237, 50.914212166041139 ], [ 6.709361385294772, 50.914211983314608 ], [ 6.709356170988454, 50.914218202935551 ], [ 6.709355598562405, 50.914229857935979 ], [ 6.709346548770352, 50.914229680305539 ], [ 6.709345751394143, 50.914230631414611 ], [ 6.709341058337505, 50.914236229284157 ], [ 6.709340545086841, 50.914246679356374 ], [ 6.709368848122288, 50.914249765505438 ], [ 6.709368929538759, 50.914248107800375 ], [ 6.709377644471152, 50.914248278856462 ] ] ] ] } },
{ "type": "Feature", "properties": { "DN": 1, "gml_id": "DENW41AL30005eh6FL", "identifier": "urn:adv:oid:DENW41AL30005eh6FL", "aktualit_2": "2024-08-20Z", "idflurst": "DENW41AL30005eh6", "flaeche": 1155.0, "flstkennz_": "05468200800755______", "flstnrzae": "755", "flstnrnen": null, "gemarkung": "Horrem", "gemaschl": "054682", "flur": "8", "flurschl": "054682008", "land": "Nordrhein-Westfalen", "landschl": "05", "regbezirk": "Köln", "regbezschl": "053", "kreis": "Rhein-Erft-Kreis", "kreisschl": "05362", "gemeinde": "Kerpen", "gmdschl": "05362032", "abwrecht": "Kein abweichender Rechtszustand", "lagebeztxt": "Höhenweg 12, 16, 18", "tntxt": "Wohnbaufläche;1155", "area": 1155, "other catc": null, "frag area": 17.9, "final area": 17.9 }, "geometry": { "type": "MultiPolygon", "coordinates": [ [ [ [ 6.71377559767572, 50.914325524329037 ], [ 6.713777359526917, 50.914289582459709 ], [ 6.713763145868024, 50.914289304011177 ], [ 6.713763586332994, 50.914280318543881 ], [ 6.713749372677059, 50.914280040093729 ], [ 6.713750694078806, 50.914253083692024 ], [ 6.713732683943204, 50.914252730865236 ], [ 6.713720689451517, 50.914284703733721 ], [ 6.713720504892702, 50.914288468655229 ], [ 6.713719286013325, 50.914288444776616 ], [ 6.713715936527517, 50.914297373254144 ], [ 6.713734278080259, 50.914297732576038 ], [ 6.713733837609374, 50.914306718043115 ], [ 6.713748051273281, 50.91430699649527 ], [ 6.713747610804902, 50.914315981962432 ], [ 6.713761824471766, 50.914316260412946 ], [ 6.713761384005896, 50.914325245880164 ], [ 6.71377559767572, 50.914325524329037 ] ] ] ] } },
{ "type": "Feature", "properties": { "DN": 1, "gml_id": "DENW41AL30005VcAFL", "identifier": "urn:adv:oid:DENW41AL30005VcAFL", "aktualit_2": "2024-08-20Z", "idflurst": "DENW41AL30005VcA", "flaeche": 310.0, "flstkennz_": "05468200800350______", "flstnrzae": "350", "flstnrnen": null, "gemarkung": "Horrem", "gemaschl": "054682", "flur": "8", "flurschl": "054682008", "land": "Nordrhein-Westfalen", "landschl": "05", "regbezirk": "Köln", "regbezschl": "053", "kreis": "Rhein-Erft-Kreis", "kreisschl": "05362", "gemeinde": "Kerpen", "gmdschl": "05362032", "abwrecht": "Kein abweichender Rechtszustand", "lagebeztxt": "Am Kalkofen 1", "tntxt": "Wohnbaufläche;310", "area": 311, "other catc": null, "frag area": 46.4, "final area": 42.9 }, "geometry": { "type": "MultiPolygon", "coordinates": [ [ [ [ 6.709313399093564, 50.914220035531692 ], [ 6.709323327941405, 50.914220230419133 ], [ 6.709327830771291, 50.914215874228489 ], [ 6.709328054005176, 50.914211329082043 ], [ 6.709332439930376, 50.914211415170314 ], [ 6.709345187597116, 50.914199082635911 ], [ 6.709356576507732, 50.914202894825578 ], [ 6.709356922499943, 50.91420290161674 ], [ 6.709358246435445, 50.914175945297359 ], [ 6.709372460016095, 50.91417622428164 ], [ 6.709372901324743, 50.914167238841728 ], [ 6.709387114902886, 50.914167517824183 ], [ 6.709387556208577, 50.914158532384157 ], [ 6.709359129057982, 50.914157974417677 ], [ 6.709358687746826, 50.914166959857525 ], [ 6.709344474169136, 50.91416668087161 ], [ 6.709344032855021, 50.914175666311344 ], [ 6.709315605694854, 50.914175108334135 ], [ 6.709315164375048, 50.91418409377367 ], [ 6.70930095079257, 50.914183814782383 ], [ 6.709301833437419, 50.914165843903454 ], [ 6.709273406284074, 50.914165285916049 ], [ 6.70927379038269, 50.914157465659457 ], [ 6.709265331039167, 50.914166035812713 ], [ 6.709265163565552, 50.914165969566675 ], [ 6.709258843337133, 50.914172120066155 ], [ 6.709258310046495, 50.914182977798148 ], [ 6.709247896028241, 50.91418277338169 ], [ 6.709243901892097, 50.914186660252575 ], [ 6.709243740297292, 50.914189950280523 ], [ 6.709248468401046, 50.914191778718838 ], [ 6.709257868715534, 50.914191963237315 ], [ 6.709257702387246, 50.914195349657739 ], [ 6.709271818063512, 50.914200808426429 ], [ 6.709271426065466, 50.914201223454782 ], [ 6.709271640971609, 50.914201227673125 ], [ 6.709271199642928, 50.914210213112362 ], [ 6.709263085679867, 50.914210053844627 ], [ 6.709256645258042, 50.914216872643557 ], [ 6.709256258608173, 50.914224744767992 ], [ 6.709264875026263, 50.91422807717143 ], [ 6.709270316984886, 50.914228183990765 ], [ 6.709270220687137, 50.914230144607551 ], [ 6.709289374009926, 50.914237552157978 ], [ 6.709305103953034, 50.914237860914476 ], [ 6.709312893733806, 50.91423032482227 ], [ 6.709313399093564, 50.914220035531692 ] ] ] ] } },
{ "type": "Feature", "properties": { "DN": 1, "gml_id": "DENW41AL30005eh6FL", "identifier": "urn:adv:oid:DENW41AL30005eh6FL", "aktualit_2": "2024-08-20Z", "idflurst": "DENW41AL30005eh6", "flaeche": 1155.0, "flstkennz_": "05468200800755______", "flstnrzae": "755", "flstnrnen": null, "gemarkung": "Horrem", "gemaschl": "054682", "flur": "8", "flurschl": "054682008", "land": "Nordrhein-Westfalen", "landschl": "05", "regbezirk": "Köln", "regbezschl": "053", "kreis": "Rhein-Erft-Kreis", "kreisschl": "05362", "gemeinde": "Kerpen", "gmdschl": "05362032", "abwrecht": "Kein abweichender Rechtszustand", "lagebeztxt": "Höhenweg 12, 16, 18", "tntxt": "Wohnbaufläche;1155", "area": 1155, "other catc": null, "frag area": 94.3, "final area": 94.3 }, "geometry": { "type": "MultiPolygon", "coordinates": [ [ [ [ 6.71391188900804, 50.914157306394223 ], [ 6.713912329442296, 50.914148320925804 ], [ 6.713926543059725, 50.914148599355613 ], [ 6.713926983491024, 50.91413961388708 ], [ 6.713955410721093, 50.914140170741348 ], [ 6.713955851146699, 50.914131185272616 ], [ 6.713970064759342, 50.914131463697068 ], [ 6.713970505181989, 50.914122478228244 ], [ 6.713984718792123, 50.914122756650876 ], [ 6.713986040050518, 50.91409580024402 ], [ 6.713943399245387, 50.914094964971731 ], [ 6.713943839672597, 50.914085979503014 ], [ 6.713901198877696, 50.914085144215449 ], [ 6.713901965967044, 50.914069494560884 ], [ 6.713887841763936, 50.914067392462947 ], [ 6.713887425717762, 50.914075880314414 ], [ 6.713802144151801, 50.914074209682731 ], [ 6.713802518269921, 50.914066577499625 ], [ 6.713786152569974, 50.914110202752425 ], [ 6.713784847354219, 50.914136829512039 ], [ 6.713813274579774, 50.914137386400874 ], [ 6.713812834126616, 50.914146371868696 ], [ 6.713898115825093, 50.914148042494254 ], [ 6.713897675388106, 50.914157027962588 ], [ 6.71391188900804, 50.914157306394223 ] ] ] ] } },
{ "type": "Feature", "properties": { "DN": 1, "gml_id": "DENW41AL30005WC9FL", "identifier": "urn:adv:oid:DENW41AL30005WC9FL", "aktualit_2": "2024-08-20Z", "idflurst": "DENW41AL30005WC9", "flaeche": 233.0, "flstkennz_": "05468200800744______", "flstnrzae": "744", "flstnrnen": null, "gemarkung": "Horrem", "gemaschl": "054682", "flur": "8", "flurschl": "054682008", "land": "Nordrhein-Westfalen", "landschl": "05", "regbezirk": "Köln", "regbezschl": "053", "kreis": "Rhein-Erft-Kreis", "kreisschl": "05362", "gemeinde": "Kerpen", "gmdschl": "05362032", "abwrecht": "Kein abweichender Rechtszustand", "lagebeztxt": "Hauptstraße 166", "tntxt": "Fläche gemischter Nutzung(funktion:Gebäude- und Freifläche Mischnutzung mit Wohnen);233", "area": 234, "other catc": null, "frag area": 10.0, "final area": 10.0 }, "geometry": { "type": "MultiPolygon", "coordinates": [ [ [ [ 6.709737948076343, 50.913976533153402 ], [ 6.709739271781069, 50.9139495768258 ], [ 6.709696631235973, 50.913948740004365 ], [ 6.709695748749988, 50.913966710888914 ], [ 6.709681535229943, 50.913966431944814 ], [ 6.709681093983878, 50.913975417386979 ], [ 6.709737948076343, 50.913976533153402 ] ] ] ] } },
{ "type": "Feature", "properties": { "DN": 1, "gml_id": "DENW41AL30005WC9FL", "identifier": "urn:adv:oid:DENW41AL30005WC9FL", "aktualit_2": "2024-08-20Z", "idflurst": "DENW41AL30005WC9", "flaeche": 233.0, "flstkennz_": "05468200800744______", "flstnrzae": "744", "flstnrnen": null, "gemarkung": "Horrem", "gemaschl": "054682", "flur": "8", "flurschl": "054682008", "land": "Nordrhein-Westfalen", "landschl": "05", "regbezirk": "Köln", "regbezschl": "053", "kreis": "Rhein-Erft-Kreis", "kreisschl": "05362", "gemeinde": "Kerpen", "gmdschl": "05362032", "abwrecht": "Kein abweichender Rechtszustand", "lagebeztxt": "Hauptstraße 166", "tntxt": "Fläche gemischter Nutzung(funktion:Gebäude- und Freifläche Mischnutzung mit Wohnen);233", "area": 234, "other catc": null, "frag area": 15.9, "final area": 15.9 }, "geometry": { "type": "MultiPolygon", "coordinates": [ [ [ [ 6.709665556713579, 50.914002094767184 ], [ 6.709666439212304, 50.913984123883104 ], [ 6.709652225687247, 50.913983844935366 ], [ 6.709652666939003, 50.913974859493386 ], [ 6.709638453416905, 50.913974580543993 ], [ 6.709638894671166, 50.913965595102106 ], [ 6.709653108190532, 50.913965874051407 ], [ 6.709653990692914, 50.913947903167376 ], [ 6.709668204207041, 50.91394818211478 ], [ 6.709668645455159, 50.913939196672644 ], [ 6.709640218432597, 50.913938638776308 ], [ 6.709639777179012, 50.91394762421826 ], [ 6.709629916713832, 50.913947430699437 ], [ 6.709624924421437, 50.913960362384842 ], [ 6.709624681152026, 50.913965316151078 ], [ 6.70962302456462, 50.913965283639179 ], [ 6.709612686330516, 50.913992063047836 ], [ 6.709623357380365, 50.913992272476442 ], [ 6.709623025857035, 50.913999023370387 ], [ 6.709639333346083, 50.914001580118608 ], [ 6.709665556713579, 50.914002094767184 ] ] ] ] } },
{ "type": "Feature", "properties": { "DN": 1, "gml_id": "DENW41AL30005a4gFL", "identifier": "urn:adv:oid:DENW41AL30005a4gFL", "aktualit_2": "2024-08-20Z", "idflurst": "DENW41AL30005a4g", "flaeche": 303.0, "flstkennz_": "054682021001320020__", "flstnrzae": "132", "flstnrnen": "20", "gemarkung": "Horrem", "gemaschl": "054682", "flur": "21", "flurschl": "054682021", "land": "Nordrhein-Westfalen", "landschl": "05", "regbezirk": "Köln", "regbezschl": "053", "kreis": "Rhein-Erft-Kreis", "kreisschl": "05362", "gemeinde": "Kerpen", "gmdschl": "05362032", "abwrecht": "Kein abweichender Rechtszustand", "lagebeztxt": "Sistenichstraße 2", "tntxt": "Wohnbaufläche;303", "area": 302, "other catc": null, "frag area": 25.0, "final area": 13.4 }, "geometry": { "type": "MultiPolygon", "coordinates": [ [ [ [ 6.708013172775222, 50.913753795762482 ], [ 6.708027386213924, 50.913754074908844 ], [ 6.708027827774937, 50.913745089476727 ], [ 6.708018383500408, 50.913744903995095 ], [ 6.708009641144892, 50.913758205466266 ], [ 6.708002309159366, 50.913756280635411 ], [ 6.707900547233175, 50.913729546694675 ], [ 6.707899906859362, 50.91374257709797 ], [ 6.707928333727907, 50.913743135416468 ], [ 6.707927892147766, 50.913752120847967 ], [ 6.70795631902268, 50.913752679159707 ], [ 6.707955877447778, 50.91376166459137 ], [ 6.707970090888305, 50.913761943744753 ], [ 6.70796964931591, 50.913770929176479 ], [ 6.70801228964705, 50.913771766626489 ], [ 6.708013172775222, 50.913753795762482 ] ] ] ] } },
{ "type": "Feature", "properties": { "DN": 1, "gml_id": "DENW41AL30005RlPFL", "identifier": "urn:adv:oid:DENW41AL30005RlPFL", "aktualit_2": "2024-08-20Z", "idflurst": "DENW41AL30005RlP", "flaeche": 524.0, "flstkennz_": "05468202100026______", "flstnrzae": "26", "flstnrnen": null, "gemarkung": "Horrem", "gemaschl": "054682", "flur": "21", "flurschl": "054682021", "land": "Nordrhein-Westfalen", "landschl": "05", "regbezirk": "Köln", "regbezschl": "053", "kreis": "Rhein-Erft-Kreis", "kreisschl": "05362", "gemeinde": "Kerpen", "gmdschl": "05362032", "abwrecht": "Kein abweichender Rechtszustand", "lagebeztxt": "Merkurweg 6; Sistenichstraße 7", "tntxt": "Wohnbaufläche;524", "area": 522, "other catc": null, "frag area": 38.6, "final area": 38.6 }, "geometry": { "type": "MultiPolygon", "coordinates": [ [ [ [ 6.709235970659276, 50.913768810590625 ], [ 6.709245155833218, 50.913768990887682 ], [ 6.709250628401523, 50.913760043861643 ], [ 6.709251066766069, 50.913751118708632 ], [ 6.709256028021997, 50.913751216093267 ], [ 6.709266097712044, 50.913734753279776 ], [ 6.70926660418341, 50.913724441384552 ], [ 6.709272336289271, 50.913724553899463 ], [ 6.709277772374125, 50.913715666500948 ], [ 6.709252832066086, 50.913715176949282 ], [ 6.709253273390526, 50.913706191509412 ], [ 6.709224846518156, 50.913705633513764 ], [ 6.709224405188252, 50.913714618953477 ], [ 6.709195978311321, 50.913714060950731 ], [ 6.709195095639905, 50.91373203182971 ], [ 6.70916666875295, 50.913731473819723 ], [ 6.709166227411437, 50.913740459259024 ], [ 6.709137800519922, 50.913739901241911 ], [ 6.709137416426146, 50.913747721052061 ], [ 6.709235731639963, 50.913773677016962 ], [ 6.709235970659276, 50.913768810590625 ] ] ], [ [ [ 6.709123587074503, 50.913739622230771 ], [ 6.709105386768701, 50.9137392649547 ], [ 6.709123371404716, 50.913744013050419 ], [ 6.709123587074503, 50.913739622230771 ] ] ] ] } },
{ "type": "Feature", "properties": { "DN": 1, "gml_id": "DENW41AL30005ZaAFL", "identifier": "urn:adv:oid:DENW41AL30005ZaAFL", "aktualit_2": "2024-08-20Z", "idflurst": "DENW41AL30005ZaA", "flaeche": 444.0, "flstkennz_": "05468202100025______", "flstnrzae": "25", "flstnrnen": null, "gemarkung": "Horrem", "gemaschl": "054682", "flur": "21", "flurschl": "054682021", "land": "Nordrhein-Westfalen", "landschl": "05", "regbezirk": "Köln", "regbezschl": "053", "kreis": "Rhein-Erft-Kreis", "kreisschl": "05362", "gemeinde": "Kerpen", "gmdschl": "05362032", "abwrecht": "Kein abweichender Rechtszustand", "lagebeztxt": "Merkurweg 4; Sistenichstraße 5", "tntxt": "Wohnbaufläche;444", "area": 442, "other catc": null, "frag area": 23.8, "final area": 23.8 }, "geometry": { "type": "MultiPolygon", "coordinates": [ [ [ [ 6.709091865730851, 50.913774975943049 ], [ 6.709235658787051, 50.913775160299863 ], [ 6.709235731639963, 50.913773677016962 ], [ 6.709137416426146, 50.913747721052061 ], [ 6.709137359172718, 50.91374888668102 ], [ 6.709123145724567, 50.913748607669788 ], [ 6.709123371404716, 50.913744013050419 ], [ 6.709105386768701, 50.9137392649547 ], [ 6.709095160184345, 50.913739064203291 ], [ 6.709093836117463, 50.913766020519752 ], [ 6.709065409211814, 50.913765462484832 ], [ 6.709064967850269, 50.91377444792343 ], [ 6.709091865730851, 50.913774975943049 ] ] ] ] } },
{ "type": "Feature", "properties": { "DN": 1, "gml_id": "DENW41AL30005ZaAFL", "identifier": "urn:adv:oid:DENW41AL30005ZaAFL", "aktualit_2": "2024-08-20Z", "idflurst": "DENW41AL30005ZaA", "flaeche": 444.0, "flstkennz_": "05468202100025______", "flstnrzae": "25", "flstnrnen": null, "gemarkung": "Horrem", "gemaschl": "054682", "flur": "21", "flurschl": "054682021", "land": "Nordrhein-Westfalen", "landschl": "05", "regbezirk": "Köln", "regbezschl": "053", "kreis": "Rhein-Erft-Kreis", "kreisschl": "05362", "gemeinde": "Kerpen", "gmdschl": "05362032", "abwrecht": "Kein abweichender Rechtszustand", "lagebeztxt": "Merkurweg 4; Sistenichstraße 5", "tntxt": "Wohnbaufläche;444", "area": 442, "other catc": null, "frag area": 57.9, "final area": 56.7 }, "geometry": { "type": "MultiPolygon", "coordinates": [ [ [ [ 6.708838435404236, 50.913752012519247 ], [ 6.708852648850596, 50.913752291565153 ], [ 6.708853531654528, 50.913734320690516 ], [ 6.708910385420368, 50.913735436856122 ], [ 6.708910826811064, 50.913726451418427 ], [ 6.708825546180056, 50.913724777160162 ], [ 6.708826575197857, 50.913703830095919 ], [ 6.708801964155922, 50.913697331869173 ], [ 6.708784230112115, 50.913696983696909 ], [ 6.708784440309328, 50.913692704920273 ], [ 6.708775872884503, 50.913690442799393 ], [ 6.708785245850415, 50.913676307307888 ], [ 6.708785995768292, 50.913661041948956 ], [ 6.708771782350389, 50.913660762895297 ], [ 6.708770899517288, 50.913678733769132 ], [ 6.708756686094144, 50.913678454713562 ], [ 6.708755361834599, 50.913705411023919 ], [ 6.708741148403485, 50.913705131966353 ], [ 6.708740706980452, 50.913714117403025 ], [ 6.708726493546831, 50.913713838343639 ], [ 6.708725238632082, 50.913739382719633 ], [ 6.708730792114814, 50.913740905049643 ], [ 6.708753596152036, 50.913741352770828 ], [ 6.708753314786714, 50.913747080158849 ], [ 6.708766119128904, 50.913750592740989 ], [ 6.708767368175832, 50.913750617263794 ], [ 6.708767352755441, 50.913750931158482 ], [ 6.708801432487009, 50.913760280153433 ], [ 6.708809567101693, 50.913760439859274 ], [ 6.708809466675802, 50.913762484147391 ], [ 6.70882371522367, 50.913766392905274 ], [ 6.708836774813121, 50.913769968123773 ], [ 6.708837552593935, 50.913769983393628 ], [ 6.708838435404236, 50.913752012519247 ] ] ] ] } },
{ "type": "Feature", "properties": { "DN": 1, "gml_id": "DENW41AL30005eyDFL", "identifier": "urn:adv:oid:DENW41AL30005eyDFL", "aktualit_2": "2024-08-20Z", "idflurst": "DENW41AL30005eyD", "flaeche": 448.0, "flstkennz_": "05468202100023______", "flstnrzae": "23", "flstnrnen": null, "gemarkung": "Horrem", "gemaschl": "054682", "flur": "21", "flurschl": "054682021", "land": "Nordrhein-Westfalen", "landschl": "05", "regbezirk": "Köln", "regbezschl": "053", "kreis": "Rhein-Erft-Kreis", "kreisschl": "05362", "gemeinde": "Kerpen", "gmdschl": "05362032", "abwrecht": "Kein abweichender Rechtszustand", "lagebeztxt": "Merkurweg 2; Sistenichstraße 3", "tntxt": "Wohnbaufläche;448", "area": 444, "other catc": null, "frag area": 39.1, "final area": 37.1 }, "geometry": { "type": "MultiPolygon", "coordinates": [ [ [ [ 6.708877544562937, 50.913824733151053 ], [ 6.70887245312881, 50.913824633194658 ], [ 6.708864458916469, 50.913836249530533 ], [ 6.708853542465355, 50.91383325603654 ], [ 6.708834462750754, 50.913832881453466 ], [ 6.708834698198987, 50.913828088584843 ], [ 6.708818214154429, 50.913823568346878 ], [ 6.708806477221842, 50.913823337917975 ], [ 6.708806622060152, 50.913820389572635 ], [ 6.708795321416937, 50.913817290718342 ], [ 6.708807654592604, 50.913799371208469 ], [ 6.708808242868829, 50.913787396170243 ], [ 6.708815794416345, 50.913787544428352 ], [ 6.708822975294267, 50.913777110945695 ], [ 6.708823339142337, 50.913769704345818 ], [ 6.708828009797106, 50.913769796043375 ], [ 6.708828046443235, 50.913769742798216 ], [ 6.708828256888286, 50.913769800894435 ], [ 6.708836774813121, 50.913769968123773 ], [ 6.70882371522367, 50.913766392905274 ], [ 6.708809466675802, 50.913762484147391 ], [ 6.708809125690966, 50.91376942529628 ], [ 6.708794912239819, 50.913769146245016 ], [ 6.70879535365328, 50.913760160808089 ], [ 6.708801432487009, 50.913760280153433 ], [ 6.708767352755441, 50.913750931158482 ], [ 6.708766926757132, 50.913759602700551 ], [ 6.708781140205093, 50.91375988175519 ], [ 6.7087806987889, 50.913768867192012 ], [ 6.708766485338206, 50.913768588137287 ], [ 6.708765602499676, 50.913786559010724 ], [ 6.708751389043744, 50.913786279954095 ], [ 6.708749623353037, 50.9138222217004 ], [ 6.7087638368199, 50.913822500757384 ], [ 6.708763395399389, 50.913831486194013 ], [ 6.708791822339257, 50.913832044302971 ], [ 6.708791380923985, 50.913841029739764 ], [ 6.708876661765411, 50.913842704025697 ], [ 6.708877544562937, 50.913824733151053 ] ] ], [ [ [ 6.708730792114814, 50.913740905049643 ], [ 6.708725238632082, 50.913739382719633 ], [ 6.708725169268177, 50.913740794653258 ], [ 6.708730792114814, 50.913740905049643 ] ] ], [ [ [ 6.708766119128904, 50.913750592740989 ], [ 6.708753314786714, 50.913747080158849 ], [ 6.708753154730831, 50.913750338207514 ], [ 6.708766119128904, 50.913750592740989 ] ] ] ] } },
{ "type": "Feature", "properties": { "DN": 1, "gml_id": "DENW41AL30005dR3FL", "identifier": "urn:adv:oid:DENW41AL30005dR3FL", "aktualit_2": "2024-08-20Z", "idflurst": "DENW41AL30005dR3", "flaeche": 2265.0, "flstkennz_": "05468200800839______", "flstnrzae": "839", "flstnrnen": null, "gemarkung": "Horrem", "gemaschl": "054682", "flur": "8", "flurschl": "054682008", "land": "Nordrhein-Westfalen", "landschl": "05", "regbezirk": "Köln", "regbezschl": "053", "kreis": "Rhein-Erft-Kreis", "kreisschl": "05362", "gemeinde": "Kerpen", "gmdschl": "05362032", "abwrecht": "Kein abweichender Rechtszustand", "lagebeztxt": "Kirschkaul 1, 3, 5", "tntxt": "Wohnbaufläche;2265", "area": 2258, "other catc": null, "frag area": 20.0, "final area": 20.0 }, "geometry": { "type": "MultiPolygon", "coordinates": [ [ [ [ 6.713115371217381, 50.913862883659391 ], [ 6.713115811800393, 50.913853898195498 ], [ 6.713087384761367, 50.913853341139067 ], [ 6.713087825349618, 50.913844355675344 ], [ 6.713059398316959, 50.91384379861217 ], [ 6.713059838910451, 50.913834813148604 ], [ 6.713045625397193, 50.913834534614516 ], [ 6.713046065993189, 50.913825549151014 ], [ 6.713017638972816, 50.913824992077828 ], [ 6.713018079574052, 50.913816006614496 ], [ 6.712989652560046, 50.913815449534567 ], [ 6.712990093166523, 50.913806464071385 ], [ 6.712975879662592, 50.913806185528927 ], [ 6.712975439053383, 50.913815170992002 ], [ 6.712961225546945, 50.913814892447718 ], [ 6.712960784934778, 50.913823877910687 ], [ 6.712989211953346, 50.913824434997714 ], [ 6.712988771346418, 50.913833420460861 ], [ 6.713017198371354, 50.913833977541145 ], [ 6.713016757769664, 50.913842963004448 ], [ 6.713030971285204, 50.913843241542082 ], [ 6.713030530686023, 50.913852227005457 ], [ 6.713058957723243, 50.913852784075722 ], [ 6.7130585171293, 50.913861769539253 ], [ 6.713115371217381, 50.913862883659391 ] ] ] ] } },
{ "type": "Feature", "properties": { "DN": 1, "gml_id": "DENW41AL30005dR3FL", "identifier": "urn:adv:oid:DENW41AL30005dR3FL", "aktualit_2": "2024-08-20Z", "idflurst": "DENW41AL30005dR3", "flaeche": 2265.0, "flstkennz_": "05468200800839______", "flstnrzae": "839", "flstnrnen": null, "gemarkung": "Horrem", "gemaschl": "054682", "flur": "8", "flurschl": "054682008", "land": "Nordrhein-Westfalen", "landschl": "05", "regbezirk": "Köln", "regbezschl": "053", "kreis": "Rhein-Erft-Kreis", "kreisschl": "05362", "gemeinde": "Kerpen", "gmdschl": "05362032", "abwrecht": "Kein abweichender Rechtszustand", "lagebeztxt": "Kirschkaul 1, 3, 5", "tntxt": "Wohnbaufläche;2265", "area": 2258, "other catc": null, "frag area": 28.0, "final area": 28.0 }, "geometry": { "type": "MultiPolygon", "coordinates": [ [ [ [ 6.712776449983798, 50.913811271214612 ], [ 6.71277777192551, 50.913784314829037 ], [ 6.712791985420815, 50.913784593395533 ], [ 6.712791544776536, 50.913793578857501 ], [ 6.712819971773288, 50.913794135985498 ], [ 6.712820412412103, 50.913785150523346 ], [ 6.712806198916346, 50.91378487196031 ], [ 6.712806639557667, 50.913775886498243 ], [ 6.712778212572295, 50.913775329367148 ], [ 6.712778653218856, 50.913766343905237 ], [ 6.712750226239853, 50.913765786767406 ], [ 6.712750666891651, 50.913756801305666 ], [ 6.712736453405221, 50.913756522734246 ], [ 6.71273601275069, 50.913765508195894 ], [ 6.712721799261754, 50.913765229622655 ], [ 6.712721358604264, 50.91377421508421 ], [ 6.712664504639845, 50.913773100773597 ], [ 6.712664945308266, 50.913764115312397 ], [ 6.712636518332876, 50.913763558146897 ], [ 6.712636077658991, 50.913772543607919 ], [ 6.712650291149305, 50.913772822191625 ], [ 6.712649850477927, 50.913781807652718 ], [ 6.712678277464698, 50.91378236481512 ], [ 6.71267783679856, 50.913791350276369 ], [ 6.712692050295016, 50.913791628855066 ], [ 6.712692490958423, 50.913782643393716 ], [ 6.712735131440949, 50.913783479119154 ], [ 6.712734250130305, 50.913801450042357 ], [ 6.712762677130717, 50.913802007184358 ], [ 6.712762236480521, 50.91381099264612 ], [ 6.712776449983798, 50.913811271214612 ] ] ] ] } },
{ "type": "Feature", "properties": { "DN": 1, "gml_id": "DENW41AL30005dR3FL", "identifier": "urn:adv:oid:DENW41AL30005dR3FL", "aktualit_2": "2024-08-20Z", "idflurst": "DENW41AL30005dR3", "flaeche": 2265.0, "flstkennz_": "05468200800839______", "flstnrzae": "839", "flstnrnen": null, "gemarkung": "Horrem", "gemaschl": "054682", "flur": "8", "flurschl": "054682008", "land": "Nordrhein-Westfalen", "landschl": "05", "regbezirk": "Köln", "regbezschl": "053", "kreis": "Rhein-Erft-Kreis", "kreisschl": "05362", "gemeinde": "Kerpen", "gmdschl": "05362032", "abwrecht": "Kein abweichender Rechtszustand", "lagebeztxt": "Kirschkaul 1, 3, 5", "tntxt": "Wohnbaufläche;2265", "area": 2258, "other catc": null, "frag area": 131.6, "final area": 130.7 }, "geometry": { "type": "MultiPolygon", "coordinates": [ [ [ [ 6.712448217333284, 50.91383182008105 ], [ 6.71246243083979, 50.913832098687855 ], [ 6.712461990131308, 50.91384108414767 ], [ 6.712504630660377, 50.913841919957967 ], [ 6.712505071360662, 50.913832934497883 ], [ 6.71251928486807, 50.913833213097767 ], [ 6.712520166262496, 50.913815242177357 ], [ 6.712534379764667, 50.913815520775337 ], [ 6.712535261152723, 50.913797549854685 ], [ 6.712577901644194, 50.913798385637712 ], [ 6.712578342329685, 50.913789400177109 ], [ 6.712592555824561, 50.913789678767905 ], [ 6.712593437189403, 50.913771707846443 ], [ 6.712579223699993, 50.913771429255824 ], [ 6.712579664384807, 50.91376244379515 ], [ 6.712522810440353, 50.913761329415735 ], [ 6.712523251135871, 50.913752343955409 ], [ 6.712494824170464, 50.913751786755505 ], [ 6.712495705571754, 50.913733815835158 ], [ 6.712481492094854, 50.913733537232787 ], [ 6.712479729280441, 50.913769479073068 ], [ 6.712465515792836, 50.913769200468614 ], [ 6.71246463437881, 50.913787171388485 ], [ 6.712450420885966, 50.913786892782127 ], [ 6.71244953946557, 50.913804863701735 ], [ 6.712435325967489, 50.913804585093473 ], [ 6.71243488525422, 50.913813570553167 ], [ 6.712406458253269, 50.913813013331271 ], [ 6.712406898972002, 50.913804027871755 ], [ 6.712364258480465, 50.913803192026215 ], [ 6.712364699207172, 50.913794206566941 ], [ 6.712350485713177, 50.913793927948383 ], [ 6.712350926442388, 50.913784942489194 ], [ 6.712365139933651, 50.913785221107652 ], [ 6.712366021385932, 50.913767250189032 ], [ 6.712374995475114, 50.913767426101735 ], [ 6.712380824712734, 50.913755503134112 ], [ 6.712381557040486, 50.913740572427265 ], [ 6.71238806211204, 50.913740699940789 ], [ 6.7123966383091, 50.913723158391207 ], [ 6.712397974114576, 50.913695923743852 ], [ 6.712409839805972, 50.913696156335298 ], [ 6.712412451882874, 50.913690813645715 ], [ 6.712413950441027, 50.913660260517183 ], [ 6.712385523533882, 50.913659703291394 ], [ 6.712385082813297, 50.913668688751002 ], [ 6.712378518646777, 50.91366856007884 ], [ 6.712369922074646, 50.91368772330312 ], [ 6.712369106461803, 50.91370435197333 ], [ 6.712362520405558, 50.913704222871218 ], [ 6.71235394841485, 50.913723331267683 ], [ 6.712353130085062, 50.913740015192957 ], [ 6.712346522139058, 50.913739885660881 ], [ 6.712337974729851, 50.913758939229552 ], [ 6.712337153683071, 50.913775678409877 ], [ 6.712330523847277, 50.913775548447823 ], [ 6.712322001019649, 50.913794547188715 ], [ 6.712321177255833, 50.913811341624083 ], [ 6.712314525530216, 50.913811211232066 ], [ 6.712310525947, 50.913820126927703 ], [ 6.712320736520478, 50.913820327083059 ], [ 6.712320528646215, 50.913824565102381 ], [ 6.71234880436108, 50.91382820682427 ], [ 6.712343998191764, 50.91382758782251 ], [ 6.712344107812917, 50.913827368901487 ], [ 6.712344880521063, 50.91382582806947 ], [ 6.712348882822639, 50.91382660717624 ], [ 6.712349163524184, 50.913820884325879 ], [ 6.712377590528794, 50.913821441561787 ], [ 6.712377080080572, 50.913831848539346 ], [ 6.712378875588915, 50.91383207978803 ], [ 6.71244368388108, 50.913840725316369 ], [ 6.712447776622071, 50.913840805540772 ], [ 6.712448217333284, 50.91383182008105 ] ] ] ] } },
{ "type": "Feature", "properties": { "DN": 1, "gml_id": "DENW41AL30005ZaAFL", "identifier": "urn:adv:oid:DENW41AL30005ZaAFL", "aktualit_2": "2024-08-20Z", "idflurst": "DENW41AL30005ZaA", "flaeche": 444.0, "flstkennz_": "05468202100025______", "flstnrzae": "25", "flstnrnen": null, "gemarkung": "Horrem", "gemaschl": "054682", "flur": "21", "flurschl": "054682021", "land": "Nordrhein-Westfalen", "landschl": "05", "regbezirk": "Köln", "regbezschl": "053", "kreis": "Rhein-Erft-Kreis", "kreisschl": "05362", "gemeinde": "Kerpen", "gmdschl": "05362032", "abwrecht": "Kein abweichender Rechtszustand", "lagebeztxt": "Merkurweg 4; Sistenichstraße 5", "tntxt": "Wohnbaufläche;444", "area": 442, "other catc": null, "frag area": 10.3, "final area": 10.3 }, "geometry": { "type": "MultiPolygon", "coordinates": [ [ [ [ 6.708557698193903, 50.91367454775407 ], [ 6.708543484774156, 50.913674268672565 ], [ 6.708544367694694, 50.91365629780158 ], [ 6.708530154280636, 50.913656018718527 ], [ 6.708530595743299, 50.913647033283091 ], [ 6.708521607388707, 50.913646856794188 ], [ 6.708515955621047, 50.913655439331031 ], [ 6.708515499401184, 50.913664725069069 ], [ 6.708509913012761, 50.91366461537811 ], [ 6.708501580764358, 50.913677268368339 ], [ 6.708552925127242, 50.913692064489588 ], [ 6.708556785703117, 50.913693120590452 ], [ 6.708557698193903, 50.91367454775407 ] ] ] ] } },
{ "type": "Feature", "properties": { "DN": 1, "gml_id": "DENW41AL30005eyDFL", "identifier": "urn:adv:oid:DENW41AL30005eyDFL", "aktualit_2": "2024-08-20Z", "idflurst": "DENW41AL30005eyD", "flaeche": 448.0, "flstkennz_": "05468202100023______", "flstnrzae": "23", "flstnrnen": null, "gemarkung": "Horrem", "gemaschl": "054682", "flur": "21", "flurschl": "054682021", "land": "Nordrhein-Westfalen", "landschl": "05", "regbezirk": "Köln", "regbezschl": "053", "kreis": "Rhein-Erft-Kreis", "kreisschl": "05362", "gemeinde": "Kerpen", "gmdschl": "05362032", "abwrecht": "Kein abweichender Rechtszustand", "lagebeztxt": "Merkurweg 2; Sistenichstraße 3", "tntxt": "Wohnbaufläche;448", "area": 444, "other catc": null, "frag area": 34.8, "final area": 34.8 }, "geometry": { "type": "MultiPolygon", "coordinates": [ [ [ [ 6.708510643264412, 50.913763564856545 ], [ 6.708511084732523, 50.913754579421401 ], [ 6.708525298176411, 50.913754858507168 ], [ 6.708525739641563, 50.913745873071917 ], [ 6.708539953082945, 50.913746152155866 ], [ 6.708540836007105, 50.913728181285137 ], [ 6.708555049443249, 50.913728460367174 ], [ 6.708555490902257, 50.913719474931696 ], [ 6.708583917769759, 50.913720033090399 ], [ 6.708584800676165, 50.913702062219052 ], [ 6.708556373819595, 50.91370150406069 ], [ 6.708556785703117, 50.913693120590452 ], [ 6.708552925127242, 50.913692064489588 ], [ 6.708501580764358, 50.913677268368339 ], [ 6.708500581457631, 50.91367878558205 ], [ 6.708499961578426, 50.91369140228808 ], [ 6.708492369696857, 50.913691253217422 ], [ 6.708485207499626, 50.913702127330275 ], [ 6.708483982264793, 50.9137270649397 ], [ 6.708498195700032, 50.913727344028651 ], [ 6.708497754229868, 50.913736329463752 ], [ 6.708511967668064, 50.913736608551069 ], [ 6.708511526200407, 50.913745593986242 ], [ 6.708497312759477, 50.913745314898847 ], [ 6.708496429818018, 50.913763285768965 ], [ 6.708510643264412, 50.913763564856545 ] ] ] ] } },
{ "type": "Feature", "properties": { "DN": 1, "gml_id": "DENW41AL30005RlPFL", "identifier": "urn:adv:oid:DENW41AL30005RlPFL", "aktualit_2": "2024-08-20Z", "idflurst": "DENW41AL30005RlP", "flaeche": 524.0, "flstkennz_": "05468202100026______", "flstnrzae": "26", "flstnrnen": null, "gemarkung": "Horrem", "gemaschl": "054682", "flur": "21", "flurschl": "054682021", "land": "Nordrhein-Westfalen", "landschl": "05", "regbezirk": "Köln", "regbezschl": "053", "kreis": "Rhein-Erft-Kreis", "kreisschl": "05362", "gemeinde": "Kerpen", "gmdschl": "05362032", "abwrecht": "Kein abweichender Rechtszustand", "lagebeztxt": "Merkurweg 6; Sistenichstraße 7", "tntxt": "Wohnbaufläche;524", "area": 522, "other catc": null, "frag area": 87.1, "final area": 87.1 }, "geometry": { "type": "MultiPolygon", "coordinates": [ [ [ [ 6.708984542267249, 50.9136739339569 ], [ 6.709027182540015, 50.913674771035154 ], [ 6.709026741172536, 50.91368375647366 ], [ 6.709040954599976, 50.913684035496381 ], [ 6.709041395964723, 50.913675050057769 ], [ 6.709055609389657, 50.913675329078671 ], [ 6.709056492113009, 50.913657358201249 ], [ 6.70904227869354, 50.913657079180531 ], [ 6.709042720057608, 50.913648093741884 ], [ 6.709000079808754, 50.913647256669634 ], [ 6.709000521180795, 50.913638271231228 ], [ 6.708972094354821, 50.913637713174587 ], [ 6.708971211599585, 50.913655684051008 ], [ 6.708956998181474, 50.913655405019917 ], [ 6.708956556800784, 50.913664390458017 ], [ 6.708913916539608, 50.913663553354084 ], [ 6.708914357928494, 50.913654567916261 ], [ 6.708885931094306, 50.91365400983851 ], [ 6.708886372488432, 50.913645024400843 ], [ 6.708900585902679, 50.913645303440497 ], [ 6.708901027293847, 50.913636318002709 ], [ 6.70891524070559, 50.913636597040544 ], [ 6.70891612348178, 50.913618626164777 ], [ 6.708887696669452, 50.913618068087729 ], [ 6.708888138062671, 50.913609082650005 ], [ 6.708859711256713, 50.913608524566229 ], [ 6.708860152655173, 50.913599539128654 ], [ 6.708803299056898, 50.913598422940716 ], [ 6.708802857647509, 50.913607408377921 ], [ 6.708788644245773, 50.913607129326522 ], [ 6.708788202833426, 50.913616114763634 ], [ 6.708816629642588, 50.913616672864883 ], [ 6.708816188235478, 50.913625658302152 ], [ 6.70883040164313, 50.913625937350275 ], [ 6.708829518833698, 50.913643908224948 ], [ 6.708815305420581, 50.913643629176661 ], [ 6.708815746828143, 50.913634643739414 ], [ 6.708787320008051, 50.913634085637817 ], [ 6.708787761420852, 50.913625100200733 ], [ 6.708773548013878, 50.91362482114743 ], [ 6.708772246681185, 50.913651311010582 ], [ 6.708774157071462, 50.91365181541525 ], [ 6.708786437181772, 50.913652056511928 ], [ 6.70878629163209, 50.913655019329767 ], [ 6.708797415234824, 50.91365795631738 ], [ 6.70881096263357, 50.913661532122084 ], [ 6.708828636023362, 50.913661879099557 ], [ 6.70882842662512, 50.913666141699331 ], [ 6.70884769584105, 50.913671227757 ], [ 6.708847776227847, 50.913671248974879 ], [ 6.708913475150494, 50.9136725387919 ], [ 6.708913033761155, 50.913681524229695 ], [ 6.708941460612643, 50.913682082301065 ], [ 6.708941019228542, 50.913691067739023 ], [ 6.708983659515668, 50.913691904833364 ], [ 6.708984542267249, 50.9136739339569 ] ], [ [ 6.708970328843445, 50.913673654927358 ], [ 6.708970770221629, 50.913664669489194 ], [ 6.7089849836427, 50.913664948518644 ], [ 6.708984542267249, 50.9136739339569 ], [ 6.708970328843445, 50.913673654927358 ] ] ] ] } },
{ "type": "Feature", "properties": { "DN": 1, "gml_id": "DENW41AL30005XtwFL", "identifier": "urn:adv:oid:DENW41AL30005XtwFL", "aktualit_2": "2024-08-20Z", "idflurst": "DENW41AL30005Xtw", "flaeche": 464.0, "flstkennz_": "05468202100018______", "flstnrzae": "18", "flstnrnen": null, "gemarkung": "Horrem", "gemaschl": "054682", "flur": "21", "flurschl": "054682021", "land": "Nordrhein-Westfalen", "landschl": "05", "regbezirk": "Köln", "regbezschl": "053", "kreis": "Rhein-Erft-Kreis", "kreisschl": "05362", "gemeinde": "Kerpen", "gmdschl": "05362032", "abwrecht": "Kein abweichender Rechtszustand", "lagebeztxt": "Sistenichstraße 6", "tntxt": "Wohnbaufläche;464", "area": 463, "other catc": null, "frag area": 13.2, "final area": 12.5 }, "geometry": { "type": "MultiPolygon", "coordinates": [ [ [ [ 6.707752391364283, 50.913559797612258 ], [ 6.707753274585877, 50.913541826750858 ], [ 6.707767487957432, 50.913542105928038 ], [ 6.707767929565158, 50.913533120497213 ], [ 6.707753716196335, 50.913532841320134 ], [ 6.707754157806566, 50.913523855889387 ], [ 6.707739944440701, 50.913523576710659 ], [ 6.707740386053437, 50.913514591279998 ], [ 6.707732380778213, 50.913514434039747 ], [ 6.707725689885564, 50.913524135601577 ], [ 6.707725289459367, 50.913532282960773 ], [ 6.707720140629574, 50.913532181826454 ], [ 6.707710371134255, 50.9135463472415 ], [ 6.707709868585551, 50.913556572381495 ], [ 6.707719448290159, 50.913559078589053 ], [ 6.707737961267849, 50.913563927985678 ], [ 6.707738177987489, 50.913559518433175 ], [ 6.707752391364283, 50.913559797612258 ] ] ] ] } },
{ "type": "Feature", "properties": { "DN": 1, "gml_id": "DENW41AL30005ZaTFL", "identifier": "urn:adv:oid:DENW41AL30005ZaTFL", "aktualit_2": "2024-08-20Z", "idflurst": "DENW41AL30005ZaT", "flaeche": 418.0, "flstkennz_": "05468200800043______", "flstnrzae": "43", "flstnrnen": null, "gemarkung": "Horrem", "gemaschl": "054682", "flur": "8", "flurschl": "054682008", "land": "Nordrhein-Westfalen", "landschl": "05", "regbezirk": "Köln", "regbezschl": "053", "kreis": "Rhein-Erft-Kreis", "kreisschl": "05362", "gemeinde": "Kerpen", "gmdschl": "05362032", "abwrecht": "Kein abweichender Rechtszustand", "lagebeztxt": "Höhenweg 24", "tntxt": "Wohnbaufläche;418", "area": 419, "other catc": null, "frag area": 23.0, "final area": 23.0 }, "geometry": { "type": "MultiPolygon", "coordinates": [ [ [ [ 6.714090258775649, 50.913711095537664 ], [ 6.714091579953712, 50.913684139126914 ], [ 6.714063152998748, 50.913683582309361 ], [ 6.714063593396449, 50.913674596839243 ], [ 6.713992526026653, 50.913673204765558 ], [ 6.713991204791886, 50.913700161174496 ], [ 6.714033845237679, 50.913700996424701 ], [ 6.714033404833835, 50.913709981894577 ], [ 6.714090258775649, 50.913711095537664 ] ] ] ] } },
{ "type": "Feature", "properties": { "DN": 1, "gml_id": "DENW41AL30005XtwFL", "identifier": "urn:adv:oid:DENW41AL30005XtwFL", "aktualit_2": "2024-08-20Z", "idflurst": "DENW41AL30005Xtw", "flaeche": 464.0, "flstkennz_": "05468202100018______", "flstnrzae": "18", "flstnrnen": null, "gemarkung": "Horrem", "gemaschl": "054682", "flur": "21", "flurschl": "054682021", "land": "Nordrhein-Westfalen", "landschl": "05", "regbezirk": "Köln", "regbezschl": "053", "kreis": "Rhein-Erft-Kreis", "kreisschl": "05362", "gemeinde": "Kerpen", "gmdschl": "05362032", "abwrecht": "Kein abweichender Rechtszustand", "lagebeztxt": "Sistenichstraße 6", "tntxt": "Wohnbaufläche;464", "area": 463, "other catc": null, "frag area": 18.9, "final area": 18.1 }, "geometry": { "type": "MultiPolygon", "coordinates": [ [ [ [ 6.707597810794503, 50.913520784828286 ], [ 6.707598694074399, 50.913502813968719 ], [ 6.707612907432536, 50.913503093164557 ], [ 6.707613349069413, 50.91349410773465 ], [ 6.707627562425044, 50.913494386928662 ], [ 6.70762800405896, 50.913485401498669 ], [ 6.707642217412084, 50.913485680690869 ], [ 6.707642659043043, 50.913476695260755 ], [ 6.707655650432158, 50.913476950448427 ], [ 6.707656967373476, 50.913475041977811 ], [ 6.707657314021661, 50.913467989020916 ], [ 6.707661773819414, 50.913468076623587 ], [ 6.707666035695546, 50.91346190044127 ], [ 6.707653892392877, 50.913458927705591 ], [ 6.707629328959355, 50.913458445208533 ], [ 6.707629610939679, 50.913452708059857 ], [ 6.707624231047794, 50.913451302685843 ], [ 6.707624219795875, 50.913451299276964 ], [ 6.70761496584887, 50.913461213117635 ], [ 6.707614673978682, 50.913467151444841 ], [ 6.707609517341819, 50.913467050152242 ], [ 6.707599948010281, 50.913477301858926 ], [ 6.707599577353391, 50.91348484310906 ], [ 6.707593028791483, 50.913484714473803 ], [ 6.707584930161212, 50.913493390598106 ], [ 6.707584480716489, 50.913502534771148 ], [ 6.707576540228515, 50.91350237879282 ], [ 6.707569912301664, 50.913509479335175 ], [ 6.707569406057424, 50.913519779048386 ], [ 6.707583452248663, 50.91352345943487 ], [ 6.707583597431129, 50.913520505630544 ], [ 6.707597810794503, 50.913520784828286 ] ], [ [ 6.707613790706062, 50.913485122304735 ], [ 6.707614232342485, 50.913476136874785 ], [ 6.70762844569265, 50.91347641606864 ], [ 6.70762800405896, 50.913485401498669 ], [ 6.707613790706062, 50.913485122304735 ] ] ] ] } },
{ "type": "Feature", "properties": { "DN": 1, "gml_id": "DENW41AL30005flHFL", "identifier": "urn:adv:oid:DENW41AL30005flHFL", "aktualit_2": "2024-08-20Z", "idflurst": "DENW41AL30005flH", "flaeche": 516.0, "flstkennz_": "05468202100445______", "flstnrzae": "445", "flstnrnen": null, "gemarkung": "Horrem", "gemaschl": "054682", "flur": "21", "flurschl": "054682021", "land": "Nordrhein-Westfalen", "landschl": "05", "regbezirk": "Köln", "regbezschl": "053", "kreis": "Rhein-Erft-Kreis", "kreisschl": "05362", "gemeinde": "Kerpen", "gmdschl": "05362032", "abwrecht": "Kein abweichender Rechtszustand", "lagebeztxt": "Sistenichstraße 10", "tntxt": "Wohnbaufläche;516", "area": 515, "other catc": null, "frag area": 28.4, "final area": 27.7 }, "geometry": { "type": "MultiPolygon", "coordinates": [ [ [ [ 6.708387082054879, 50.913545280125007 ], [ 6.708393822502372, 50.913535134972513 ], [ 6.708394200991735, 50.913527431707763 ], [ 6.708398879517378, 50.91352752357723 ], [ 6.708409185722325, 50.913512011532433 ], [ 6.708409738816859, 50.913500754502223 ], [ 6.708416575693944, 50.91350088875302 ], [ 6.708424548926735, 50.913488888090043 ], [ 6.708425276623779, 50.913474077294261 ], [ 6.708411063266406, 50.91347379819743 ], [ 6.70841062178345, 50.913482783632375 ], [ 6.708353768345289, 50.913481667227387 ], [ 6.708353572545152, 50.913485652217297 ], [ 6.70836216847223, 50.913487912192949 ], [ 6.708352759481995, 50.913502199940936 ], [ 6.708352002367485, 50.913517608965577 ], [ 6.70834273196483, 50.913517426924194 ], [ 6.708337385302285, 50.913525545932515 ], [ 6.708337347499832, 50.913526315294064 ], [ 6.708351560872469, 50.913526594400089 ], [ 6.708351119377224, 50.91353557983458 ], [ 6.70836533275282, 50.913535858938957 ], [ 6.70836470790648, 50.913548576057117 ], [ 6.708378753174632, 50.913552276651536 ], [ 6.708379104638636, 50.913545123476254 ], [ 6.708387082054879, 50.913545280125007 ] ] ] ] } },
{ "type": "Feature", "properties": { "DN": 1, "gml_id": "DENW41AL30005bnEFL", "identifier": "urn:adv:oid:DENW41AL30005bnEFL", "aktualit_2": "2024-08-20Z", "idflurst": "DENW41AL30005bnE", "flaeche": 549.0, "flstkennz_": "05468202100017______", "flstnrzae": "17", "flstnrnen": null, "gemarkung": "Horrem", "gemaschl": "054682", "flur": "21", "flurschl": "054682021", "land": "Nordrhein-Westfalen", "landschl": "05", "regbezirk": "Köln", "regbezschl": "053", "kreis": "Rhein-Erft-Kreis", "kreisschl": "05362", "gemeinde": "Kerpen", "gmdschl": "05362032", "abwrecht": "Kein abweichender Rechtszustand", "lagebeztxt": "Sistenichstraße 8", "tntxt": "Wohnbaufläche;549", "area": 546, "other catc": null, "frag area": 22.0, "final area": 22.0 }, "geometry": { "type": "MultiPolygon", "coordinates": [ [ [ [ 6.707854534555483, 50.913507839229283 ], [ 6.707854976145908, 50.913498853797869 ], [ 6.707869189505386, 50.9134991329625 ], [ 6.707868747917693, 50.913508118394006 ], [ 6.707882961280129, 50.913508397556996 ], [ 6.707884286034332, 50.913481441262164 ], [ 6.707841645972293, 50.913480603768804 ], [ 6.707842087564772, 50.913471618337439 ], [ 6.707799447512967, 50.913470780828789 ], [ 6.707799889113416, 50.913461795397666 ], [ 6.70777146241881, 50.913461237050093 ], [ 6.707770137600388, 50.9134881933429 ], [ 6.707812777667229, 50.913489030862443 ], [ 6.707812336068833, 50.913498016293609 ], [ 6.707840762786657, 50.913498574631511 ], [ 6.707840321297067, 50.913507557955455 ], [ 6.707840329967598, 50.913507560235175 ], [ 6.707854534555483, 50.913507839229283 ] ] ] ] } },
{ "type": "Feature", "properties": { "DN": 1, "gml_id": "DENW41AL30005gX0FL", "identifier": "urn:adv:oid:DENW41AL30005gX0FL", "aktualit_2": "2024-08-20Z", "idflurst": "DENW41AL30005gX0", "flaeche": 316.0, "flstkennz_": "054682021000080007__", "flstnrzae": "8", "flstnrnen": "7", "gemarkung": "Horrem", "gemaschl": "054682", "flur": "21", "flurschl": "054682021", "land": "Nordrhein-Westfalen", "landschl": "05", "regbezirk": "Köln", "regbezschl": "053", "kreis": "Rhein-Erft-Kreis", "kreisschl": "05362", "gemeinde": "Kerpen", "gmdschl": "05362032", "abwrecht": "Kein abweichender Rechtszustand", "lagebeztxt": "Am Kalkofen 7", "tntxt": "Wohnbaufläche;316", "area": 321, "other catc": null, "frag area": 13.0, "final area": 12.1 }, "geometry": { "type": "MultiPolygon", "coordinates": [ [ [ [ 6.70747331014663, 50.913448701657387 ], [ 6.707467007874439, 50.913446262516331 ], [ 6.707459210503685, 50.913446109341415 ], [ 6.707459348680696, 50.913443298211035 ], [ 6.70744252621658, 50.913436787480968 ], [ 6.707431225496446, 50.913436565482186 ], [ 6.707431425758638, 50.913432491313451 ], [ 6.707418044568773, 50.913427312440582 ], [ 6.707403240500817, 50.913427021616364 ], [ 6.707403502171747, 50.913421698200636 ], [ 6.707393471001175, 50.913417835589236 ], [ 6.707389468846718, 50.913417756966687 ], [ 6.707389027167935, 50.913426742395309 ], [ 6.707374813835279, 50.913426463172513 ], [ 6.707374372153536, 50.913435448601028 ], [ 6.707402798824539, 50.913436007045064 ], [ 6.707402357148035, 50.913444992473721 ], [ 6.707416570486608, 50.913445271693242 ], [ 6.707416128812609, 50.913454257121984 ], [ 6.707472982180096, 50.913455373983105 ], [ 6.70747331014663, 50.913448701657387 ] ] ] ] } },
{ "type": "Feature", "properties": { "DN": 1, "gml_id": "DENW41AL30005ZgnFL", "identifier": "urn:adv:oid:DENW41AL30005ZgnFL", "aktualit_2": "2024-08-20Z", "idflurst": "DENW41AL30005Zgn", "flaeche": 225.0, "flstkennz_": "05468200800814______", "flstnrzae": "814", "flstnrnen": null, "gemarkung": "Horrem", "gemaschl": "054682", "flur": "8", "flurschl": "054682008", "land": "Nordrhein-Westfalen", "landschl": "05", "regbezirk": "Köln", "regbezschl": "053", "kreis": "Rhein-Erft-Kreis", "kreisschl": "05362", "gemeinde": "Kerpen", "gmdschl": "05362032", "abwrecht": "Kein abweichender Rechtszustand", "lagebeztxt": "Merkurweg 9", "tntxt": "Wohnbaufläche;225", "area": 225, "other catc": null, "frag area": 14.0, "final area": 14.0 }, "geometry": { "type": "MultiPolygon", "coordinates": [ [ [ [ 6.710003843051441, 50.913487075405655 ], [ 6.710004284227687, 50.913478089960712 ], [ 6.709990070853407, 50.913477811056055 ], [ 6.709990512032159, 50.91346882561119 ], [ 6.709976298660837, 50.913468546704912 ], [ 6.709976739842096, 50.913459561260105 ], [ 6.709962526473731, 50.913459282352171 ], [ 6.709961644105523, 50.913477253241595 ], [ 6.709933217358542, 50.913476695420179 ], [ 6.709933658548224, 50.913467709975677 ], [ 6.709891018437647, 50.913466873230881 ], [ 6.709890185108903, 50.913483844815751 ], [ 6.709896681260363, 50.913484972559992 ], [ 6.710003843051441, 50.913487075405655 ] ] ] ] } },
{ "type": "Feature", "properties": { "DN": 1, "gml_id": "DENW41AL30005c18FL", "identifier": "urn:adv:oid:DENW41AL30005c18FL", "aktualit_2": "2024-08-20Z", "idflurst": "DENW41AL30005c18", "flaeche": 283.0, "flstkennz_": "05468200800651______", "flstnrzae": "651", "flstnrnen": null, "gemarkung": "Horrem", "gemaschl": "054682", "flur": "8", "flurschl": "054682008", "land": "Nordrhein-Westfalen", "landschl": "05", "regbezirk": "Köln", "regbezschl": "053", "kreis": "Rhein-Erft-Kreis", "kreisschl": "05362", "gemeinde": "Kerpen", "gmdschl": "05362032", "abwrecht": "Kein abweichender Rechtszustand", "lagebeztxt": "Merkurweg 11", "tntxt": "Wohnbaufläche;283", "area": 282, "other catc": null, "frag area": 11.4, "final area": 11.4 }, "geometry": { "type": "MultiPolygon", "coordinates": [ [ [ [ 6.710048361220649, 50.913424990247073 ], [ 6.710049675526466, 50.913422892292616 ], [ 6.710050012521904, 50.913416028547317 ], [ 6.710053927333266, 50.913416105364647 ], [ 6.710059493443715, 50.913407220481908 ], [ 6.709965173572933, 50.913405369683538 ], [ 6.709965614755343, 50.913396384238716 ], [ 6.709937188057546, 50.91339582641892 ], [ 6.709936746869673, 50.913404811863558 ], [ 6.70995096022119, 50.913405090774418 ], [ 6.709950519035822, 50.913414076219148 ], [ 6.710021585810463, 50.913415470747921 ], [ 6.710021144638532, 50.913424456193063 ], [ 6.710048361220649, 50.913424990247073 ] ] ] ] } },
{ "type": "Feature", "properties": { "DN": 1, "gml_id": "DENW41AL30005aqdFL", "identifier": "urn:adv:oid:DENW41AL30005aqdFL", "aktualit_2": "2024-08-20Z", "idflurst": "DENW41AL30005aqd", "flaeche": 229.0, "flstkennz_": "05468202100435______", "flstnrzae": "435", "flstnrnen": null, "gemarkung": "Horrem", "gemaschl": "054682", "flur": "21", "flurschl": "054682021", "land": "Nordrhein-Westfalen", "landschl": "05", "regbezirk": "Köln", "regbezschl": "053", "kreis": "Rhein-Erft-Kreis", "kreisschl": "05362", "gemeinde": "Kerpen", "gmdschl": "05362032", "abwrecht": "Kein abweichender Rechtszustand", "lagebeztxt": "Merkurweg 16", "tntxt": "Wohnbaufläche;229", "area": 231, "other catc": null, "frag area": 20.0, "final area": 20.0 }, "geometry": { "type": "MultiPolygon", "coordinates": [ [ [ [ 6.70946770639644, 50.913395606835451 ], [ 6.70947299987083, 50.913395710731656 ], [ 6.709482717881643, 50.913379633699165 ], [ 6.70948324356575, 50.91336892947789 ], [ 6.709489118509871, 50.913369044785945 ], [ 6.70949725841542, 50.913355578482374 ], [ 6.709470024112705, 50.913348412719358 ], [ 6.709469912784395, 50.913350679626681 ], [ 6.709455699454228, 50.913350400657485 ], [ 6.709454816894259, 50.913368371540869 ], [ 6.709440603558853, 50.913368092569769 ], [ 6.709439279709008, 50.913395048894451 ], [ 6.709425066365631, 50.913394769921339 ], [ 6.709424318443825, 50.913409999045477 ], [ 6.70945877784266, 50.913419238982272 ], [ 6.70946723273828, 50.913405251606093 ], [ 6.70946770639644, 50.913395606835451 ] ] ] ] } },
{ "type": "Feature", "properties": { "DN": 1, "gml_id": "DENW41AL30005exRFL", "identifier": "urn:adv:oid:DENW41AL30005exRFL", "aktualit_2": "2024-08-20Z", "idflurst": "DENW41AL30005exR", "flaeche": 358.0, "flstkennz_": "05468202100029______", "flstnrzae": "29", "flstnrnen": null, "gemarkung": "Horrem", "gemaschl": "054682", "flur": "21", "flurschl": "054682021", "land": "Nordrhein-Westfalen", "landschl": "05", "regbezirk": "Köln", "regbezschl": "053", "kreis": "Rhein-Erft-Kreis", "kreisschl": "05362", "gemeinde": "Kerpen", "gmdschl": "05362032", "abwrecht": "Kein abweichender Rechtszustand", "lagebeztxt": "Merkurweg 12; Sistenichstraße 13", "tntxt": "Wohnbaufläche;358", "area": 355, "other catc": null, "frag area": 22.6, "final area": 22.6 }, "geometry": { "type": "MultiPolygon", "coordinates": [ [ [ [ 6.709390461571934, 50.913520008146115 ], [ 6.709397188952144, 50.913520140190187 ], [ 6.709405338760787, 50.913506770895012 ], [ 6.709405998828851, 50.913493330800463 ], [ 6.709413442658343, 50.913493476905913 ], [ 6.709420626790426, 50.913481691733431 ], [ 6.709378653629123, 50.913470751000951 ], [ 6.709378013380039, 50.913483787402662 ], [ 6.709321159902211, 50.913482671468671 ], [ 6.709320277286274, 50.913500642349959 ], [ 6.709362917410702, 50.913501479303569 ], [ 6.709362476110591, 50.913510464744455 ], [ 6.709376689488584, 50.913510743725624 ], [ 6.709375365595094, 50.913537700048437 ], [ 6.709357632014984, 50.913537351972096 ], [ 6.709382685212264, 50.913543932725304 ], [ 6.709389865029455, 50.913532154659428 ], [ 6.709390461571934, 50.913520008146115 ] ] ] ] } },
{ "type": "Feature", "properties": { "DN": 1, "gml_id": "DENW41AL30005ZgnFL", "identifier": "urn:adv:oid:DENW41AL30005ZgnFL", "aktualit_2": "2024-08-20Z", "idflurst": "DENW41AL30005Zgn", "flaeche": 225.0, "flstkennz_": "05468200800814______", "flstnrzae": "814", "flstnrnen": null, "gemarkung": "Horrem", "gemaschl": "054682", "flur": "8", "flurschl": "054682008", "land": "Nordrhein-Westfalen", "landschl": "05", "regbezirk": "Köln", "regbezschl": "053", "kreis": "Rhein-Erft-Kreis", "kreisschl": "05362", "gemeinde": "Kerpen", "gmdschl": "05362032", "abwrecht": "Kein abweichender Rechtszustand", "lagebeztxt": "Merkurweg 9", "tntxt": "Wohnbaufläche;225", "area": 225, "other catc": null, "frag area": 13.0, "final area": 13.0 }, "geometry": { "type": "MultiPolygon", "coordinates": [ [ [ [ 6.709608074842034, 50.913434338207026 ], [ 6.709608957345055, 50.913416367321929 ], [ 6.7095947439935, 50.913416088369402 ], [ 6.709595185247404, 50.913407102926918 ], [ 6.709566758550435, 50.913406545016855 ], [ 6.709568082327184, 50.913379588689814 ], [ 6.709560928782037, 50.913379448291359 ], [ 6.709553246585107, 50.913391983756362 ], [ 6.709552545202291, 50.913406266059219 ], [ 6.709544589545458, 50.913406109917133 ], [ 6.709537780162979, 50.913417221148883 ], [ 6.709537515031507, 50.913422619997888 ], [ 6.70954621282819, 50.913424129981941 ], [ 6.709580089385307, 50.913424794857534 ], [ 6.709579835390215, 50.913429967031711 ], [ 6.709604624167857, 50.913434270483926 ], [ 6.709608074842034, 50.913434338207026 ] ] ] ] } },
{ "type": "Feature", "properties": { "DN": 1, "gml_id": "DENW41AL30005exRFL", "identifier": "urn:adv:oid:DENW41AL30005exRFL", "aktualit_2": "2024-08-20Z", "idflurst": "DENW41AL30005exR", "flaeche": 358.0, "flstkennz_": "05468202100029______", "flstnrzae": "29", "flstnrnen": null, "gemarkung": "Horrem", "gemaschl": "054682", "flur": "21", "flurschl": "054682021", "land": "Nordrhein-Westfalen", "landschl": "05", "regbezirk": "Köln", "regbezschl": "053", "kreis": "Rhein-Erft-Kreis", "kreisschl": "05362", "gemeinde": "Kerpen", "gmdschl": "05362032", "abwrecht": "Kein abweichender Rechtszustand", "lagebeztxt": "Merkurweg 12; Sistenichstraße 13", "tntxt": "Wohnbaufläche;358", "area": 355, "other catc": null, "frag area": 93.9, "final area": 53.3 }, "geometry": { "type": "MultiPolygon", "coordinates": [ [ [ [ 6.70913559513141, 50.913479028964922 ], [ 6.709136376801875, 50.913479234289312 ], [ 6.709136386124256, 50.913479044492163 ], [ 6.70913559513141, 50.913479028964922 ] ] ], [ [ [ 6.70906158296282, 50.913459587870108 ], [ 6.709066147569929, 50.913460786876904 ], [ 6.709066202010159, 50.91345967854523 ], [ 6.70906158296282, 50.913459587870108 ] ] ], [ [ [ 6.709137710153029, 50.913452088173578 ], [ 6.709166136869217, 50.913452646188446 ], [ 6.709166578206224, 50.913443660748705 ], [ 6.709180791561924, 50.913443939753463 ], [ 6.709181992498499, 50.913419489004276 ], [ 6.709167945291767, 50.913415827420607 ], [ 6.709167902215888, 50.913416704429387 ], [ 6.70913947552156, 50.913416146415223 ], [ 6.70913985088506, 50.913408504248267 ], [ 6.709134272531921, 50.913407050176929 ], [ 6.709083063488115, 50.913406044926873 ], [ 6.709083504840385, 50.913397059487579 ], [ 6.709055747851607, 50.913396514599604 ], [ 6.709018293815939, 50.913448214512833 ], [ 6.709024010181998, 50.913449715884582 ], [ 6.709024444661658, 50.913440870606067 ], [ 6.709052871368762, 50.913441428648419 ], [ 6.709052430009896, 50.913450414087457 ], [ 6.709066643366518, 50.913450693106128 ], [ 6.709066202010159, 50.91345967854523 ], [ 6.709137268810331, 50.913461073613121 ], [ 6.709137710153029, 50.913452088173578 ] ] ], [ [ [ 6.709024587497939, 50.913449867513378 ], [ 6.709037171148998, 50.913453172537942 ], [ 6.709037169488471, 50.913453175063978 ], [ 6.709038055893024, 50.913453407900299 ], [ 6.709038216653498, 50.913450135067052 ], [ 6.709024587497939, 50.913449867513378 ] ] ] ] } },
{ "type": "Feature", "properties": { "DN": 1, "gml_id": "DENW41AL30005dNWFL", "identifier": "urn:adv:oid:DENW41AL30005dNWFL", "aktualit_2": "2024-08-20Z", "idflurst": "DENW41AL30005dNW", "flaeche": 419.0, "flstkennz_": "05468202100028______", "flstnrzae": "28", "flstnrnen": null, "gemarkung": "Horrem", "gemaschl": "054682", "flur": "21", "flurschl": "054682021", "land": "Nordrhein-Westfalen", "landschl": "05", "regbezirk": "Köln", "regbezschl": "053", "kreis": "Rhein-Erft-Kreis", "kreisschl": "05362", "gemeinde": "Kerpen", "gmdschl": "05362032", "abwrecht": "Kein abweichender Rechtszustand", "lagebeztxt": "Merkurweg 10; Sistenichstraße 11", "tntxt": "Wohnbaufläche;419", "area": 415, "other catc": null, "frag area": 131.5, "final area": 87.5 }, "geometry": { "type": "MultiPolygon", "coordinates": [ [ [ [ 6.709260334550794, 50.913562424469077 ], [ 6.709274547943599, 50.913562703462887 ], [ 6.709275871896506, 50.913535747142085 ], [ 6.70929008528134, 50.91353602613389 ], [ 6.709290526595791, 50.913527040693495 ], [ 6.709262099831814, 50.913526482708328 ], [ 6.709260775871388, 50.913553439028917 ], [ 6.709203922313359, 50.913552323036761 ], [ 6.709204363644655, 50.913543337596941 ], [ 6.709190150258446, 50.913543058594662 ], [ 6.70919059159225, 50.913534073154906 ], [ 6.709147951443176, 50.91353323613798 ], [ 6.709148392784951, 50.91352425069848 ], [ 6.709134179405111, 50.913523971689465 ], [ 6.709134620749392, 50.91351498625005 ], [ 6.709163047503834, 50.913515544266161 ], [ 6.709163930180789, 50.913497573386891 ], [ 6.70914971680892, 50.91349729437988 ], [ 6.70915015814979, 50.913488308940309 ], [ 6.70913594478088, 50.913488029931656 ], [ 6.709136376801875, 50.913479234289312 ], [ 6.70913559513141, 50.913479028964922 ], [ 6.709093746027079, 50.91347820745608 ], [ 6.709094187378427, 50.913469222016836 ], [ 6.709065760653573, 50.913468663984318 ], [ 6.709066147569929, 50.913460786876904 ], [ 6.70906158296282, 50.913459587870108 ], [ 6.709037775291673, 50.913459120505976 ], [ 6.709038055893024, 50.913453407900299 ], [ 6.709037169488471, 50.913453175063978 ], [ 6.70899829615391, 50.913512310107009 ], [ 6.709006700365604, 50.91351247509192 ], [ 6.709006451666006, 50.913517538147701 ], [ 6.70902210521878, 50.913521771609588 ], [ 6.709048899130821, 50.913522297599094 ], [ 6.709048573357955, 50.913528929841242 ], [ 6.709057964563852, 50.913531469663752 ], [ 6.709105311296137, 50.913532399105499 ], [ 6.709104869945939, 50.913541384544715 ], [ 6.709147510101176, 50.913542221577472 ], [ 6.709147068758948, 50.913551207016937 ], [ 6.709175495535701, 50.913551765030306 ], [ 6.709175054198711, 50.913560750469934 ], [ 6.709217694373735, 50.913561587477282 ], [ 6.709217253044717, 50.913570572917166 ], [ 6.709259893229973, 50.913571409909224 ], [ 6.709260334550794, 50.913562424469077 ] ] ], [ [ [ 6.708865961002133, 50.913481299637901 ], [ 6.70887182487819, 50.913482844938379 ], [ 6.708872548680946, 50.913482859148331 ], [ 6.708865967823432, 50.913481160777458 ], [ 6.708865961002133, 50.913481299637901 ] ] ], [ [ [ 6.708894051506026, 50.913488702292348 ], [ 6.708908701613055, 50.913492563012639 ], [ 6.708910268502236, 50.913492593773853 ], [ 6.708894065755374, 50.913488412216431 ], [ 6.708894051506026, 50.913488702292348 ] ] ] ] } },
{ "type": "Feature", "properties": { "DN": 1, "gml_id": "DENW41AL30005e1zFL", "identifier": "urn:adv:oid:DENW41AL30005e1zFL", "aktualit_2": "2024-08-20Z", "idflurst": "DENW41AL30005e1z", "flaeche": 266.0, "flstkennz_": "05468200800654______", "flstnrzae": "654", "flstnrnen": null, "gemarkung": "Horrem", "gemaschl": "054682", "flur": "8", "flurschl": "054682008", "land": "Nordrhein-Westfalen", "landschl": "05", "regbezirk": "Köln", "regbezschl": "053", "kreis": "Rhein-Erft-Kreis", "kreisschl": "05362", "gemeinde": "Kerpen", "gmdschl": "05362032", "abwrecht": "Kein abweichender Rechtszustand", "lagebeztxt": "Hauptstraße 176", "tntxt": "Fläche gemischter Nutzung(funktion:Gebäude- und Freifläche Mischnutzung mit Wohnen);266", "area": 265, "other catc": null, "frag area": 14.6, "final area": 14.6 }, "geometry": { "type": "MultiPolygon", "coordinates": [ [ [ [ 6.710120196998623, 50.913435393907093 ], [ 6.710120638151654, 50.913426408461341 ], [ 6.710106424791959, 50.913426129571057 ], [ 6.710107307102806, 50.91340815867968 ], [ 6.710121520457037, 50.913408437569778 ], [ 6.710122402761516, 50.913390466678138 ], [ 6.71010818941275, 50.913390187788217 ], [ 6.710108477768152, 50.913384314560552 ], [ 6.710094374783077, 50.913381787833885 ], [ 6.71009397606421, 50.913389908896569 ], [ 6.710070625658116, 50.913389450715528 ], [ 6.710065112392858, 50.913398251251778 ], [ 6.710064667041471, 50.913407321998989 ], [ 6.710078880395023, 50.913407600894281 ], [ 6.710077998073246, 50.913425571785297 ], [ 6.710092211432489, 50.91342585067904 ], [ 6.710091770273993, 50.913434836124623 ], [ 6.710120196998623, 50.913435393907093 ] ] ] ] } },
{ "type": "Feature", "properties": { "DN": 1, "gml_id": "DENW41AL30005c18FL", "identifier": "urn:adv:oid:DENW41AL30005c18FL", "aktualit_2": "2024-08-20Z", "idflurst": "DENW41AL30005c18", "flaeche": 283.0, "flstkennz_": "05468200800651______", "flstnrzae": "651", "flstnrnen": null, "gemarkung": "Horrem", "gemaschl": "054682", "flur": "8", "flurschl": "054682008", "land": "Nordrhein-Westfalen", "landschl": "05", "regbezirk": "Köln", "regbezschl": "053", "kreis": "Rhein-Erft-Kreis", "kreisschl": "05362", "gemeinde": "Kerpen", "gmdschl": "05362032", "abwrecht": "Kein abweichender Rechtszustand", "lagebeztxt": "Merkurweg 11", "tntxt": "Wohnbaufläche;283", "area": 282, "other catc": null, "frag area": 12.6, "final area": 12.6 }, "geometry": { "type": "MultiPolygon", "coordinates": [ [ [ [ 6.709937188057546, 50.91339582641892 ], [ 6.70993895280678, 50.913359884640144 ], [ 6.709953166144635, 50.91336016355055 ], [ 6.709951842591247, 50.913387119884916 ], [ 6.709966055937525, 50.913387398793866 ], [ 6.709966497119482, 50.913378413349001 ], [ 6.709980710463254, 50.913378692256138 ], [ 6.709981151642253, 50.913369706811167 ], [ 6.709966938301212, 50.913369427904122 ], [ 6.709967445572568, 50.913359096421622 ], [ 6.70992513573925, 50.913351535129891 ], [ 6.709924298279449, 50.913368591172627 ], [ 6.709910084939312, 50.913368312258683 ], [ 6.709908761360653, 50.913395268592211 ], [ 6.709937188057546, 50.91339582641892 ] ] ] ] } },
{ "type": "Feature", "properties": { "DN": 1, "gml_id": "DENW41AL30005c18FL", "identifier": "urn:adv:oid:DENW41AL30005c18FL", "aktualit_2": "2024-08-20Z", "idflurst": "DENW41AL30005c18", "flaeche": 283.0, "flstkennz_": "05468200800651______", "flstnrzae": "651", "flstnrnen": null, "gemarkung": "Horrem", "gemaschl": "054682", "flur": "8", "flurschl": "054682008", "land": "Nordrhein-Westfalen", "landschl": "05", "regbezirk": "Köln", "regbezschl": "053", "kreis": "Rhein-Erft-Kreis", "kreisschl": "05362", "gemeinde": "Kerpen", "gmdschl": "05362032", "abwrecht": "Kein abweichender Rechtszustand", "lagebeztxt": "Merkurweg 11", "tntxt": "Wohnbaufläche;283", "area": 282, "other catc": null, "frag area": 12.8, "final area": 12.8 }, "geometry": { "type": "MultiPolygon", "coordinates": [ [ [ [ 6.709583178178596, 50.913361896760499 ], [ 6.709640031519694, 50.913363012565014 ], [ 6.709640914008166, 50.913345041679285 ], [ 6.709626700678018, 50.913344762730929 ], [ 6.709627141924647, 50.91333577728814 ], [ 6.709598715270494, 50.913335219386411 ], [ 6.709599156522363, 50.913326233943778 ], [ 6.709593580377146, 50.913326124505502 ], [ 6.709584180854853, 50.913341478890786 ], [ 6.709583619433875, 50.913352911318 ], [ 6.709577258662952, 50.913352786479713 ], [ 6.709568713006187, 50.913366746034278 ], [ 6.709568698048344, 50.913367050624252 ], [ 6.709582806102453, 50.913369473479371 ], [ 6.709583178178596, 50.913361896760499 ] ] ] ] } },
{ "type": "Feature", "properties": { "DN": 1, "gml_id": "DENW41AL30005ZhrFL", "identifier": "urn:adv:oid:DENW41AL30005ZhrFL", "aktualit_2": "2024-08-20Z", "idflurst": "DENW41AL30005Zhr", "flaeche": 511.0, "flstkennz_": "054682021000080001__", "flstnrzae": "8", "flstnrnen": "1", "gemarkung": "Horrem", "gemaschl": "054682", "flur": "21", "flurschl": "054682021", "land": "Nordrhein-Westfalen", "landschl": "05", "regbezirk": "Köln", "regbezschl": "053", "kreis": "Rhein-Erft-Kreis", "kreisschl": "05362", "gemeinde": "Kerpen", "gmdschl": "05362032", "abwrecht": "Kein abweichender Rechtszustand", "lagebeztxt": "Am Kalkofen 15", "tntxt": "Wohnbaufläche;511", "area": 508, "other catc": null, "frag area": 20.6, "final area": 20.6 }, "geometry": { "type": "MultiPolygon", "coordinates": [ [ [ [ 6.706812907553085, 50.913280511466638 ], [ 6.706827120835701, 50.913280790757256 ], [ 6.706828874794978, 50.913245117084756 ], [ 6.706828058472312, 50.913244832756305 ], [ 6.706814674701392, 50.913244569765652 ], [ 6.706813791127691, 50.913262540616174 ], [ 6.706799577850767, 50.913262261324 ], [ 6.706798694270698, 50.91328023217428 ], [ 6.706784480988536, 50.913279952880202 ], [ 6.70678403919543, 50.913288938305236 ], [ 6.706769825910762, 50.913288659009332 ], [ 6.706769384114695, 50.913297644434252 ], [ 6.706756690544807, 50.913297394999766 ], [ 6.706748397489829, 50.913306226143092 ], [ 6.706754729028498, 50.913306350561342 ], [ 6.70675457275672, 50.913309528856765 ], [ 6.706770486741356, 50.913315654314047 ], [ 6.70678271381475, 50.913315894580215 ], [ 6.70678249830683, 50.913320277687362 ], [ 6.706795110604688, 50.91332513228636 ], [ 6.706810698612611, 50.91332543859248 ], [ 6.706812907553085, 50.913280511466638 ] ] ] ] } },
{ "type": "Feature", "properties": { "DN": 1, "gml_id": "DENW41AL30005auqFL", "identifier": "urn:adv:oid:DENW41AL30005auqFL", "aktualit_2": "2024-08-20Z", "idflurst": "DENW41AL30005auq", "flaeche": 980.0, "flstkennz_": "05468200800266______", "flstnrzae": "266", "flstnrnen": null, "gemarkung": "Horrem", "gemaschl": "054682", "flur": "8", "flurschl": "054682008", "land": "Nordrhein-Westfalen", "landschl": "05", "regbezirk": "Köln", "regbezschl": "053", "kreis": "Rhein-Erft-Kreis", "kreisschl": "05362", "gemeinde": "Kerpen", "gmdschl": "05362032", "abwrecht": "Kein abweichender Rechtszustand", "lagebeztxt": "Hauptstraße 185", "tntxt": "Wohnbaufläche;980", "area": 972, "other catc": null, "frag area": 31.6, "final area": 31.6 }, "geometry": { "type": "MultiPolygon", "coordinates": [ [ [ [ 6.711190609295798, 50.913366451232037 ], [ 6.711190168349733, 50.913375436684596 ], [ 6.711218595059989, 50.913375994199193 ], [ 6.711219036000588, 50.913367008746462 ], [ 6.711233249353323, 50.913367287501067 ], [ 6.711232808415455, 50.913376272953897 ], [ 6.711261235127068, 50.913376830458127 ], [ 6.711262557923598, 50.91334987409904 ], [ 6.711234131228382, 50.913349316595351 ], [ 6.711234572165571, 50.913340331142464 ], [ 6.711220358821033, 50.913340052388122 ], [ 6.7112212407002, 50.913322081482484 ], [ 6.711235454039273, 50.913322360236656 ], [ 6.711235894975785, 50.913313374783726 ], [ 6.711250108312352, 50.913313653536065 ], [ 6.711251376509304, 50.913287809892353 ], [ 6.711246422769605, 50.913286598953391 ], [ 6.711223004455823, 50.913286139671015 ], [ 6.711221681639445, 50.913313096029647 ], [ 6.711207468303331, 50.913312817273827 ], [ 6.711206586419151, 50.913330788179323 ], [ 6.711192373077798, 50.913330509421591 ], [ 6.71119149118725, 50.913348480326853 ], [ 6.711177277840659, 50.913348201567231 ], [ 6.711176836892313, 50.913357187019741 ], [ 6.711162623543215, 50.913356908258301 ], [ 6.711161985848843, 50.913369902826453 ], [ 6.711176024063462, 50.913373750478421 ], [ 6.711176395943741, 50.913366172472237 ], [ 6.711190609295798, 50.913366451232037 ] ] ] ] } },
{ "type": "Feature", "properties": { "DN": 1, "gml_id": "DENW41AL30005copFL", "identifier": "urn:adv:oid:DENW41AL30005copFL", "aktualit_2": "2024-08-20Z", "idflurst": "DENW41AL30005cop", "flaeche": 457.0, "flstkennz_": "05468202100013______", "flstnrzae": "13", "flstnrnen": null, "gemarkung": "Horrem", "gemaschl": "054682", "flur": "21", "flurschl": "054682021", "land": "Nordrhein-Westfalen", "landschl": "05", "regbezirk": "Köln", "regbezschl": "053", "kreis": "Rhein-Erft-Kreis", "kreisschl": "05362", "gemeinde": "Kerpen", "gmdschl": "05362032", "abwrecht": "Kein abweichender Rechtszustand", "lagebeztxt": "Wiesenstraße 2 a", "tntxt": "Wohnbaufläche;457", "area": 456, "other catc": null, "frag area": 12.0, "final area": 11.9 }, "geometry": { "type": "MultiPolygon", "coordinates": [ [ [ [ 6.707977955915677, 50.913312392987983 ], [ 6.707992169219584, 50.913312672136911 ], [ 6.70799261078044, 50.913303686704324 ], [ 6.708002241733209, 50.913303875854993 ], [ 6.708007131988266, 50.913297700144838 ], [ 6.708007707197408, 50.913285994986047 ], [ 6.707993493901471, 50.913285715839109 ], [ 6.707993935461647, 50.91327673040648 ], [ 6.707979722168669, 50.9132764512579 ], [ 6.707979280605761, 50.913285436690444 ], [ 6.707965067310275, 50.913285157540059 ], [ 6.707964625744409, 50.913294142972489 ], [ 6.707950412446419, 50.913293863820279 ], [ 6.70794952930854, 50.913311834684933 ], [ 6.707963742611995, 50.913312113837321 ], [ 6.707963301045449, 50.913321099269716 ], [ 6.707977514351863, 50.913321378420456 ], [ 6.707977955915677, 50.913312392987983 ] ] ] ] } },
{ "type": "Feature", "properties": { "DN": 1, "gml_id": "DENW41AL30005XL8FL", "identifier": "urn:adv:oid:DENW41AL30005XL8FL", "aktualit_2": "2024-08-20Z", "idflurst": "DENW41AL30005XL8", "flaeche": 235.0, "flstkennz_": "05468202100446______", "flstnrzae": "446", "flstnrnen": null, "gemarkung": "Horrem", "gemaschl": "054682", "flur": "21", "flurschl": "054682021", "land": "Nordrhein-Westfalen", "landschl": "05", "regbezirk": "Köln", "regbezschl": "053", "kreis": "Rhein-Erft-Kreis", "kreisschl": "05362", "gemeinde": "Kerpen", "gmdschl": "05362032", "abwrecht": "Kein abweichender Rechtszustand", "lagebeztxt": "Wiesenstraße 2", "tntxt": "Wohnbaufläche;235", "area": 234, "other catc": null, "frag area": 10.9, "final area": 10.9 }, "geometry": { "type": "MultiPolygon", "coordinates": [ [ [ [ 6.708134302271109, 50.913315463531099 ], [ 6.708134743804641, 50.913306478097624 ], [ 6.708120530501202, 50.913306198966083 ], [ 6.708120972037239, 50.91329721353268 ], [ 6.70810675873676, 50.913296934399483 ], [ 6.708107200275303, 50.913287948966165 ], [ 6.708092986977782, 50.913287669831334 ], [ 6.708093428518833, 50.913278684398072 ], [ 6.708085062668737, 50.913278520100434 ], [ 6.708078834832909, 50.913286146240893 ], [ 6.708078773680487, 50.913287390694776 ], [ 6.708077833634527, 50.913287372233043 ], [ 6.70806369691829, 50.913304682983231 ], [ 6.708063677289712, 50.913305082422596 ], [ 6.708077890592245, 50.913305361561065 ], [ 6.708077449047783, 50.91331434699417 ], [ 6.708134302271109, 50.913315463531099 ] ] ] ] } },
{ "type": "Feature", "properties": { "DN": 1, "gml_id": "DENW41AL30005aUHFL", "identifier": "urn:adv:oid:DENW41AL30005aUHFL", "aktualit_2": "2024-08-20Z", "idflurst": "DENW41AL30005aUH", "flaeche": 258.0, "flstkennz_": "054682021000080005__", "flstnrzae": "8", "flstnrnen": "5", "gemarkung": "Horrem", "gemaschl": "054682", "flur": "21", "flurschl": "054682021", "land": "Nordrhein-Westfalen", "landschl": "05", "regbezirk": "Köln", "regbezschl": "053", "kreis": "Rhein-Erft-Kreis", "kreisschl": "05362", "gemeinde": "Kerpen", "gmdschl": "05362032", "abwrecht": "Kein abweichender Rechtszustand", "lagebeztxt": "Am Kalkofen 11", "tntxt": "Wohnbaufläche;258", "area": 256, "other catc": null, "frag area": 35.3, "final area": 35.3 }, "geometry": { "type": "MultiPolygon", "coordinates": [ [ [ [ 6.707180686106885, 50.913323714170843 ], [ 6.707181127824164, 50.913314728743373 ], [ 6.707195341120863, 50.913315007989304 ], [ 6.707197107976788, 50.913279066278918 ], [ 6.707211321262783, 50.913279345522767 ], [ 6.707210879551873, 50.913288330950486 ], [ 6.707239306130006, 50.913288889433169 ], [ 6.707238864424335, 50.913297874861044 ], [ 6.707267291008839, 50.91329843333699 ], [ 6.707268174409026, 50.913280462480877 ], [ 6.707282387696152, 50.913280741716079 ], [ 6.707282829393174, 50.913271756287912 ], [ 6.707311255962641, 50.913272314752945 ], [ 6.707311697653971, 50.913263329324586 ], [ 6.70734012421888, 50.913263887782534 ], [ 6.707340565904518, 50.91325490235397 ], [ 6.707312139345075, 50.913254343896199 ], [ 6.707312581035953, 50.913245358467798 ], [ 6.707298367759303, 50.913245079236411 ], [ 6.707297926065693, 50.913254064664713 ], [ 6.707226859672178, 50.913252668481384 ], [ 6.707226417964679, 50.913261653909238 ], [ 6.707209661471182, 50.91326132470175 ], [ 6.707152424948842, 50.91331979032708 ], [ 6.707152259508702, 50.913323155673602 ], [ 6.707180686106885, 50.913323714170843 ] ], [ [ 6.707211762973466, 50.913270360095048 ], [ 6.707225976256955, 50.913270639337078 ], [ 6.707225534549003, 50.913279624764897 ], [ 6.707211321262783, 50.913279345522767 ], [ 6.707211762973466, 50.913270360095048 ] ] ] ] } },
{ "type": "Feature", "properties": { "DN": 1, "gml_id": "DENW41AL30005bIRFL", "identifier": "urn:adv:oid:DENW41AL30005bIRFL", "aktualit_2": "2024-08-20Z", "idflurst": "DENW41AL30005bIR", "flaeche": 512.0, "flstkennz_": "054682021000080002__", "flstnrzae": "8", "flstnrnen": "2", "gemarkung": "Horrem", "gemaschl": "054682", "flur": "21", "flurschl": "054682021", "land": "Nordrhein-Westfalen", "landschl": "05", "regbezirk": "Köln", "regbezschl": "053", "kreis": "Rhein-Erft-Kreis", "kreisschl": "05362", "gemeinde": "Kerpen", "gmdschl": "05362032", "abwrecht": "Kein abweichender Rechtszustand", "lagebeztxt": "Am Kalkofen 13", "tntxt": "Wohnbaufläche;512", "area": 511, "other catc": null, "frag area": 21.7, "final area": 21.7 }, "geometry": { "type": "MultiPolygon", "coordinates": [ [ [ [ 6.707197991403393, 50.913261095423628 ], [ 6.707197549690203, 50.913270080851284 ], [ 6.707183336407168, 50.913269801605786 ], [ 6.707183778123088, 50.91326081617823 ], [ 6.707141138283536, 50.913259978431654 ], [ 6.707141580007429, 50.913250993004333 ], [ 6.707113153454324, 50.913250434498146 ], [ 6.707111828265573, 50.91327739077952 ], [ 6.707126041550209, 50.913277670033743 ], [ 6.707125599822906, 50.913286655460922 ], [ 6.707139813110501, 50.913286934713497 ], [ 6.707139371385703, 50.913295920140747 ], [ 6.707153584676258, 50.913296199391688 ], [ 6.707152424948842, 50.91331979032708 ], [ 6.707209661471182, 50.91326132470175 ], [ 6.707197991403393, 50.913261095423628 ] ], [ [ 6.707154026398323, 50.913287213964352 ], [ 6.707168239686371, 50.913287493213481 ], [ 6.707167797967037, 50.913296478640902 ], [ 6.707153584676258, 50.913296199391688 ], [ 6.707154026398323, 50.913287213964352 ] ] ] ] } },
{ "type": "Feature", "properties": { "DN": 1, "gml_id": "DENW41AL30005e03FL", "identifier": "urn:adv:oid:DENW41AL30005e03FL", "aktualit_2": "2024-08-20Z", "idflurst": "DENW41AL30005e03", "flaeche": 917.0, "flstkennz_": "05468200800057______", "flstnrzae": "57", "flstnrnen": null, "gemarkung": "Horrem", "gemaschl": "054682", "flur": "8", "flurschl": "054682008", "land": "Nordrhein-Westfalen", "landschl": "05", "regbezirk": "Köln", "regbezschl": "053", "kreis": "Rhein-Erft-Kreis", "kreisschl": "05362", "gemeinde": "Kerpen", "gmdschl": "05362032", "abwrecht": "Kein abweichender Rechtszustand", "lagebeztxt": "Höhenweg 30", "tntxt": "Wohnbaufläche;917", "area": 917, "other catc": null, "frag area": 10.0, "final area": 10.0 }, "geometry": { "type": "MultiPolygon", "coordinates": [ [ [ [ 6.71418963163178, 50.913425230877706 ], [ 6.714190512370147, 50.913407259935092 ], [ 6.714204725764614, 50.913407538328151 ], [ 6.714205166130727, 50.913398552856734 ], [ 6.714219379522689, 50.913398831247967 ], [ 6.714219819885843, 50.913389845776443 ], [ 6.714162966330282, 50.913388732201454 ], [ 6.714162525956197, 50.91339771767263 ], [ 6.714176739347482, 50.913397996069051 ], [ 6.714176298975905, 50.913406981540305 ], [ 6.714162085581888, 50.913406703143778 ], [ 6.714161204832592, 50.913424674086052 ], [ 6.71418963163178, 50.913425230877706 ] ] ] ] } },
{ "type": "Feature", "properties": { "DN": 1, "gml_id": "DENW41AL30005VCXFL", "identifier": "urn:adv:oid:DENW41AL30005VCXFL", "aktualit_2": "2024-08-20Z", "idflurst": "DENW41AL30005VCX", "flaeche": 5959.0, "flstkennz_": "05468200800832______", "flstnrzae": "832", "flstnrnen": null, "gemarkung": "Horrem", "gemaschl": "054682", "flur": "8", "flurschl": "054682008", "land": "Nordrhein-Westfalen", "landschl": "05", "regbezirk": "Köln", "regbezschl": "053", "kreis": "Rhein-Erft-Kreis", "kreisschl": "05362", "gemeinde": "Kerpen", "gmdschl": "05362032", "abwrecht": "Kein abweichender Rechtszustand", "lagebeztxt": "Mittelstraße 6, 8, 10, 12, 14, 16, 18, 20, 22, 24, 26", "tntxt": "Wohnbaufläche;5959", "area": 5965, "other catc": null, "frag area": 766.1, "final area": 766.1 }, "geometry": { "type": "MultiPolygon", "coordinates": [ [ [ [ 6.711390117089711, 50.914809419808051 ], [ 6.711391880808665, 50.914773478001543 ], [ 6.711406094591515, 50.914773756740608 ], [ 6.711407858295924, 50.914737814933481 ], [ 6.71142207206807, 50.914738093670451 ], [ 6.711423835757931, 50.914702151862713 ], [ 6.711438049519373, 50.914702430597607 ], [ 6.71143981319469, 50.914666488789237 ], [ 6.711454026945426, 50.914666767522043 ], [ 6.711455790606196, 50.914630825713054 ], [ 6.711470004346229, 50.914631104443778 ], [ 6.711471767992452, 50.914595162634164 ], [ 6.711485981721781, 50.914595441362799 ], [ 6.711487745353459, 50.914559499552574 ], [ 6.711501959072081, 50.914559778279134 ], [ 6.711503722689215, 50.91452383646827 ], [ 6.711517936397134, 50.914524115192741 ], [ 6.71151969999972, 50.914488173381258 ], [ 6.711533913696934, 50.914488452103647 ], [ 6.711535677284975, 50.91445251029154 ], [ 6.711549890971485, 50.914452789011847 ], [ 6.71155165454498, 50.914416847199135 ], [ 6.711565868220786, 50.914417125917353 ], [ 6.711568072668908, 50.914372198650625 ], [ 6.711582286331277, 50.914372477366683 ], [ 6.711584049874777, 50.914336535552636 ], [ 6.711598263526442, 50.914336814266612 ], [ 6.711600027055396, 50.914300872451953 ], [ 6.711614240696356, 50.914301151163833 ], [ 6.711616004210766, 50.914265209348564 ], [ 6.711630217841021, 50.914265488058362 ], [ 6.711631981340886, 50.914229546242467 ], [ 6.711646194960436, 50.914229824950176 ], [ 6.711647958445756, 50.914193883133649 ], [ 6.711662172054602, 50.914194161839291 ], [ 6.711663935525375, 50.914158220022145 ], [ 6.711678149123518, 50.914158498725683 ], [ 6.711680353443239, 50.914113571453441 ], [ 6.711694567027944, 50.91411385015482 ], [ 6.711695889608868, 50.914086893790994 ], [ 6.711710103185602, 50.914087172490376 ], [ 6.71171186661274, 50.914051230671369 ], [ 6.711697653046936, 50.914050951972357 ], [ 6.711698093905889, 50.914041966517644 ], [ 6.711683880343042, 50.914041687816983 ], [ 6.711685643787521, 50.914005745998352 ], [ 6.711699857339437, 50.914006024698665 ], [ 6.711701179912228, 50.91397906833425 ], [ 6.711715393456172, 50.913979347032566 ], [ 6.711717156872464, 50.913943405212756 ], [ 6.711731370405704, 50.913943683908983 ], [ 6.711733133807452, 50.913907742088547 ], [ 6.711747347329988, 50.913908020782699 ], [ 6.71174866987073, 50.913881064416927 ], [ 6.711762883385293, 50.913881343109075 ], [ 6.711764646758855, 50.913845401287482 ], [ 6.711778860262714, 50.913845679977541 ], [ 6.711780182782316, 50.913818723610902 ], [ 6.711794396278205, 50.913819002298972 ], [ 6.711796159623582, 50.913783060476185 ], [ 6.711810373108766, 50.913783339162173 ], [ 6.711812136439598, 50.913747397338767 ], [ 6.711826349914078, 50.913747676022666 ], [ 6.711828113230364, 50.913711734198642 ], [ 6.711842326694141, 50.913712012880467 ], [ 6.711844530820753, 50.91366708559962 ], [ 6.711858744271093, 50.913667364279277 ], [ 6.711859625914692, 50.913649393366626 ], [ 6.711873839359793, 50.913649672044372 ], [ 6.71187560263335, 50.913613730218543 ], [ 6.711889816067747, 50.913614008894193 ], [ 6.711891579326759, 50.913578067067753 ], [ 6.711905792750453, 50.913578345741321 ], [ 6.71190755599492, 50.913542403914263 ], [ 6.711921769407909, 50.913542682585742 ], [ 6.711923532637833, 50.913506740758059 ], [ 6.711937746040118, 50.913507019427463 ], [ 6.711939509255497, 50.913471077599155 ], [ 6.711953722647079, 50.91347135626647 ], [ 6.711955045048044, 50.9134443998948 ], [ 6.711969258431654, 50.913444678560126 ], [ 6.711971462415081, 50.913399751273232 ], [ 6.711985675785256, 50.913400029936376 ], [ 6.711987438957003, 50.913364088106199 ], [ 6.712001652316473, 50.913364366767269 ], [ 6.712002974684713, 50.913337410394192 ], [ 6.712017188036211, 50.913337689053272 ], [ 6.712018951179774, 50.913301747221922 ], [ 6.712033164520569, 50.913302025878906 ], [ 6.712034927649587, 50.913266084046938 ], [ 6.712020714319721, 50.91326580539031 ], [ 6.7120193919651, 50.913292761764041 ], [ 6.712005178627263, 50.913292483105408 ], [ 6.712004297050921, 50.913310454020973 ], [ 6.711975870364996, 50.913309896698181 ], [ 6.711976751952267, 50.913291925782964 ], [ 6.711948325278175, 50.913291368453599 ], [ 6.711947002880533, 50.913318324825859 ], [ 6.711932789535629, 50.913318046158324 ], [ 6.711932348733231, 50.913327031615616 ], [ 6.711918135385821, 50.913326752946254 ], [ 6.711917253774882, 50.913344723860625 ], [ 6.711903040422232, 50.91334444518936 ], [ 6.711901277186714, 50.913380387017547 ], [ 6.711887063823361, 50.913380108344207 ], [ 6.711886623011184, 50.913389093801115 ], [ 6.711872409645324, 50.913388815125948 ], [ 6.711871968830189, 50.913397800582757 ], [ 6.711886182198782, 50.913398079258016 ], [ 6.711884418946913, 50.913434021085429 ], [ 6.711870205567391, 50.913433742409822 ], [ 6.711869764751127, 50.913442727866538 ], [ 6.711883978133381, 50.913443006542245 ], [ 6.711883537319623, 50.913451991999047 ], [ 6.711869323934636, 50.913451713323269 ], [ 6.711866679030949, 50.913505626063163 ], [ 6.711880892432331, 50.91350590473948 ], [ 6.711880451616993, 50.913514890196154 ], [ 6.711866238212878, 50.913514611519744 ], [ 6.711864915757308, 50.913541567889418 ], [ 6.711850702345221, 50.913541289211018 ], [ 6.711848939057035, 50.913577231036669 ], [ 6.711834725634245, 50.913576952356181 ], [ 6.711833403157535, 50.913603908724973 ], [ 6.711819189726774, 50.913603630042495 ], [ 6.711818308069041, 50.913621600954755 ], [ 6.711804094633041, 50.913621322270366 ], [ 6.711803653801103, 50.913630307726386 ], [ 6.711817867239835, 50.913630586410861 ], [ 6.711816985580744, 50.913648557323029 ], [ 6.711802772136547, 50.913648278638384 ], [ 6.711801890471087, 50.91366624955031 ], [ 6.711787677021652, 50.913665970863754 ], [ 6.711786354513572, 50.913692927231239 ], [ 6.711800567971206, 50.913693205918079 ], [ 6.711799686303489, 50.913711176829828 ], [ 6.71178547284039, 50.913710898142817 ], [ 6.711785913677094, 50.913701912687038 ], [ 6.711771700216953, 50.9137016339984 ], [ 6.711769055176945, 50.913755546732304 ], [ 6.711754841700635, 50.913755268041406 ], [ 6.71175396001336, 50.913773238952388 ], [ 6.711739746531811, 50.913772960259571 ], [ 6.711739305685102, 50.913781945714945 ], [ 6.711725092201048, 50.913781667020316 ], [ 6.711724210501486, 50.913799637930858 ], [ 6.711709997012192, 50.913799359234318 ], [ 6.71170955615934, 50.913808344689471 ], [ 6.711723769651366, 50.913808623386103 ], [ 6.71172288795045, 50.913826594296538 ], [ 6.711694460955693, 50.913826036901199 ], [ 6.711693138386229, 50.913852993266197 ], [ 6.711707351891692, 50.913853271964996 ], [ 6.711706029328393, 50.913880228330108 ], [ 6.711691815814731, 50.913879949631038 ], [ 6.711689611524383, 50.913924876905462 ], [ 6.711675397997285, 50.913924598204225 ], [ 6.7116745162741, 50.913942569113694 ], [ 6.711660302741763, 50.913942290410546 ], [ 6.711658980147093, 50.913969246774364 ], [ 6.711644766606784, 50.913968968069227 ], [ 6.71164432573871, 50.913977953523705 ], [ 6.711630112195896, 50.913977674816749 ], [ 6.711629671324863, 50.913986660271128 ], [ 6.711643884870409, 50.913986938978177 ], [ 6.711641680525518, 50.914031866250248 ], [ 6.711655894084953, 50.91403214495601 ], [ 6.711654571483503, 50.914059101319332 ], [ 6.71164035791587, 50.914058822613299 ], [ 6.711638594433179, 50.914094764430466 ], [ 6.711624380854841, 50.914094485722352 ], [ 6.71162393998087, 50.914103471176524 ], [ 6.711609726400027, 50.914103192466598 ], [ 6.711608844645943, 50.914121163374681 ], [ 6.71159463105986, 50.914120884662843 ], [ 6.711592867538052, 50.914156826478482 ], [ 6.711578653941264, 50.914156547764556 ], [ 6.711577772173539, 50.914174518672098 ], [ 6.711563558571513, 50.914174239956274 ], [ 6.711562235910033, 50.914201196317187 ], [ 6.711548022300035, 50.914200917599359 ], [ 6.7115462587373, 50.914236859413329 ], [ 6.711532045116599, 50.914236580693427 ], [ 6.711531604222618, 50.914245566146782 ], [ 6.711517390599409, 50.914245287425068 ], [ 6.711516067907913, 50.914272243784787 ], [ 6.711530281539319, 50.914272522506778 ], [ 6.711529840644435, 50.914281507960069 ], [ 6.711515627010295, 50.914281229237993 ], [ 6.711513422518819, 50.914326156503776 ], [ 6.711499208871244, 50.914325877779525 ], [ 6.711497886165448, 50.914352834138519 ], [ 6.711483672509902, 50.914352555412279 ], [ 6.711483231604785, 50.914361540865158 ], [ 6.71146901794673, 50.914361262137085 ], [ 6.711468577038656, 50.914370247589865 ], [ 6.711497004360456, 50.914370805044442 ], [ 6.711496122554558, 50.9143887759503 ], [ 6.711510336221264, 50.914389054675169 ], [ 6.71150901351892, 50.914416011034092 ], [ 6.711494799844019, 50.914415732308946 ], [ 6.711493477131445, 50.914442688667449 ], [ 6.711479263448571, 50.914442409940321 ], [ 6.711477940725767, 50.914469366298405 ], [ 6.711463727034921, 50.914469087569273 ], [ 6.711463286124134, 50.914478073021847 ], [ 6.711449072430783, 50.914477794290903 ], [ 6.711448190603067, 50.914495765195824 ], [ 6.711433976904477, 50.914495486462968 ], [ 6.711432654153011, 50.914522442819944 ], [ 6.711418440446447, 50.914522164085099 ], [ 6.711417558605541, 50.914540134989501 ], [ 6.711431772317569, 50.914540413724538 ], [ 6.711430890481227, 50.914558384629039 ], [ 6.71145931791689, 50.914558942094267 ], [ 6.711457113349401, 50.914603869356128 ], [ 6.711414472155254, 50.914603033154364 ], [ 6.711414031232881, 50.914612018606427 ], [ 6.711442458700884, 50.914612576076173 ], [ 6.711441135948805, 50.914639532432773 ], [ 6.711426922206491, 50.914639253698496 ], [ 6.711426040365176, 50.914657224602635 ], [ 6.711411826617623, 50.914656945866462 ], [ 6.71141006292135, 50.914692887674192 ], [ 6.711381635405063, 50.914692330195926 ], [ 6.71138075354464, 50.91471030109934 ], [ 6.711394967308136, 50.914710579839507 ], [ 6.711393203595509, 50.914746521646485 ], [ 6.711378989821082, 50.914746242905963 ], [ 6.71137678516155, 50.914791170163859 ], [ 6.711362571373686, 50.914790891421163 ], [ 6.71136213043837, 50.914799876872607 ], [ 6.711376344228967, 50.914800155615389 ], [ 6.711375903296156, 50.914809141066911 ], [ 6.711390117089711, 50.914809419808051 ] ], [ [ 6.711801008804726, 50.913684220462173 ], [ 6.711815222259854, 50.913684499147166 ], [ 6.711814781429066, 50.913693484603165 ], [ 6.711800567971206, 50.913693205918079 ], [ 6.711801008804726, 50.913684220462173 ] ], [ [ 6.711688729806662, 50.913942847815107 ], [ 6.711688288947462, 50.913951833269905 ], [ 6.711674075412168, 50.913951554568406 ], [ 6.7116745162741, 50.913942569113694 ], [ 6.711688729806662, 50.913942847815107 ] ], [ [ 6.711816103920752, 50.913666528235147 ], [ 6.71183031737064, 50.913666806918251 ], [ 6.711829876543035, 50.913675792374356 ], [ 6.711815663090415, 50.913675513691175 ], [ 6.711816103920752, 50.913666528235147 ] ], [ [ 6.711913727322091, 50.913416607517433 ], [ 6.711927940696827, 50.913416886187676 ], [ 6.711926618281501, 50.913443842558962 ], [ 6.711912404898568, 50.913443563888457 ], [ 6.711913727322091, 50.913416607517433 ] ], [ [ 6.711928822305914, 50.913398915273397 ], [ 6.711943035675411, 50.913399193941736 ], [ 6.711942594873713, 50.913408179398971 ], [ 6.711928381501484, 50.91340790073054 ], [ 6.711928822305914, 50.913398915273397 ] ], [ [ 6.711916812969074, 50.913353709317782 ], [ 6.711931026324683, 50.913353987987406 ], [ 6.71193058552138, 50.913362973444642 ], [ 6.711916372163039, 50.913362694774932 ], [ 6.711916812969074, 50.913353709317782 ] ] ] ] } },
{ "type": "Feature", "properties": { "DN": 1, "gml_id": "DENW41AL30005auqFL", "identifier": "urn:adv:oid:DENW41AL30005auqFL", "aktualit_2": "2024-08-20Z", "idflurst": "DENW41AL30005auq", "flaeche": 980.0, "flstkennz_": "05468200800266______", "flstnrzae": "266", "flstnrnen": null, "gemarkung": "Horrem", "gemaschl": "054682", "flur": "8", "flurschl": "054682008", "land": "Nordrhein-Westfalen", "landschl": "05", "regbezirk": "Köln", "regbezschl": "053", "kreis": "Rhein-Erft-Kreis", "kreisschl": "05362", "gemeinde": "Kerpen", "gmdschl": "05362032", "abwrecht": "Kein abweichender Rechtszustand", "lagebeztxt": "Hauptstraße 185", "tntxt": "Wohnbaufläche;980", "area": 972, "other catc": null, "frag area": 11.0, "final area": 11.0 }, "geometry": { "type": "MultiPolygon", "coordinates": [ [ [ [ 6.711306961660874, 50.913314768528195 ], [ 6.711307402583498, 50.913305783074797 ], [ 6.711293189248761, 50.913305504329458 ], [ 6.711294071098795, 50.913287533422796 ], [ 6.711308284428068, 50.913287812167965 ], [ 6.711308725350014, 50.913278826714524 ], [ 6.711322938676781, 50.913279105457875 ], [ 6.711323379595767, 50.913270120004334 ], [ 6.711280739624344, 50.91326928376936 ], [ 6.711279416842112, 50.913296240129142 ], [ 6.71126520351056, 50.913295961380427 ], [ 6.711264321649143, 50.913313932286691 ], [ 6.711306961660874, 50.913314768528195 ] ] ] ] } },
{ "type": "Feature", "properties": { "DN": 1, "gml_id": "DENW41AL30005cw4FL", "identifier": "urn:adv:oid:DENW41AL30005cw4FL", "aktualit_2": "2024-08-20Z", "idflurst": "DENW41AL30005cw4", "flaeche": 234.0, "flstkennz_": "054682021000080008__", "flstnrzae": "8", "flstnrnen": "8", "gemarkung": "Horrem", "gemaschl": "054682", "flur": "21", "flurschl": "054682021", "land": "Nordrhein-Westfalen", "landschl": "05", "regbezirk": "Köln", "regbezschl": "053", "kreis": "Rhein-Erft-Kreis", "kreisschl": "05362", "gemeinde": "Kerpen", "gmdschl": "05362032", "abwrecht": "Kein abweichender Rechtszustand", "lagebeztxt": "Am Kalkofen 5", "tntxt": "Wohnbaufläche;234", "area": 230, "other catc": null, "frag area": 73.7, "final area": 73.6 }, "geometry": { "type": "MultiPolygon", "coordinates": [ [ [ [ 6.707602227184932, 50.913430930529721 ], [ 6.707610164627982, 50.91343108644655 ], [ 6.707616800708576, 50.913423881415838 ], [ 6.707616882156274, 50.913422224294813 ], [ 6.707602668822728, 50.913421945099778 ], [ 6.707603110460301, 50.913412959669813 ], [ 6.707626437965854, 50.913413417895178 ], [ 6.707631829771997, 50.913407563812747 ], [ 6.707631978754032, 50.913404532627823 ], [ 6.707603552097646, 50.913403974239827 ], [ 6.707603993734765, 50.913394988809827 ], [ 6.707575567084749, 50.913394430415103 ], [ 6.707576008727106, 50.913385444985259 ], [ 6.707618648694273, 50.913386282574507 ], [ 6.707619090328207, 50.913377297144379 ], [ 6.707633303648316, 50.913377576337233 ], [ 6.70763374527929, 50.913368590907019 ], [ 6.707647958596893, 50.913368870098068 ], [ 6.707648841852701, 50.913350899237386 ], [ 6.707634628540562, 50.913350620046508 ], [ 6.70763418691004, 50.913359605476778 ], [ 6.707619973595396, 50.913359326284088 ], [ 6.707620856861679, 50.913341355423725 ], [ 6.707606643552725, 50.913341076229493 ], [ 6.707607417752244, 50.913325324514624 ], [ 6.707535286870788, 50.91340263327001 ], [ 6.707546698787589, 50.913402857443096 ], [ 6.707546257139314, 50.913411842872726 ], [ 6.707574683799355, 50.913412401274719 ], [ 6.707574242156318, 50.913421386704513 ], [ 6.707588455489411, 50.913421665903009 ], [ 6.707587572208124, 50.91343963676271 ], [ 6.707601785546907, 50.913439915959657 ], [ 6.707602227184932, 50.913430930529721 ] ] ], [ [ [ 6.707635511800929, 50.913332649185946 ], [ 6.707649725107601, 50.91333292837664 ], [ 6.707649283480264, 50.913341913807024 ], [ 6.707663496789896, 50.913342192996069 ], [ 6.707662171914723, 50.913369149287398 ], [ 6.70766712125596, 50.913369246505887 ], [ 6.707669928400099, 50.913366198679455 ], [ 6.707670648904252, 50.913366384779302 ], [ 6.707671185273375, 50.913365809638961 ], [ 6.7077092028281, 50.913325102568166 ], [ 6.707707019952741, 50.91332505969136 ], [ 6.707707903184426, 50.913307088829811 ], [ 6.707693689885043, 50.913306809646301 ], [ 6.707693248266582, 50.913315795076997 ], [ 6.707664821663032, 50.913315236704626 ], [ 6.707665263286959, 50.913306251274093 ], [ 6.707651049988256, 50.913305972085396 ], [ 6.707651491614689, 50.913296986654949 ], [ 6.707694131503279, 50.913297824215583 ], [ 6.707694573121287, 50.913288838784858 ], [ 6.707722999709347, 50.913289397149782 ], [ 6.707723116782592, 50.913287015075468 ], [ 6.707660792227569, 50.91326811838502 ], [ 6.707637454051781, 50.91329313198576 ], [ 6.707637278318945, 50.913296707464603 ], [ 6.707634174934679, 50.913296646504918 ], [ 6.707609452961323, 50.913323143204749 ], [ 6.707635953430772, 50.913323663755634 ], [ 6.707635511800929, 50.913332649185946 ] ] ], [ [ [ 6.707721913781383, 50.91331149237142 ], [ 6.707725699901911, 50.913307438397858 ], [ 6.707722116484033, 50.91330736801158 ], [ 6.707721913781383, 50.91331149237142 ] ] ] ] } },
{ "type": "Feature", "properties": { "DN": 1, "gml_id": "DENW41AL30005gX0FL", "identifier": "urn:adv:oid:DENW41AL30005gX0FL", "aktualit_2": "2024-08-20Z", "idflurst": "DENW41AL30005gX0", "flaeche": 316.0, "flstkennz_": "054682021000080007__", "flstnrzae": "8", "flstnrnen": "7", "gemarkung": "Horrem", "gemaschl": "054682", "flur": "21", "flurschl": "054682021", "land": "Nordrhein-Westfalen", "landschl": "05", "regbezirk": "Köln", "regbezschl": "053", "kreis": "Rhein-Erft-Kreis", "kreisschl": "05362", "gemeinde": "Kerpen", "gmdschl": "05362032", "abwrecht": "Kein abweichender Rechtszustand", "lagebeztxt": "Am Kalkofen 7", "tntxt": "Wohnbaufläche;316", "area": 321, "other catc": null, "frag area": 55.6, "final area": 55.6 }, "geometry": { "type": "MultiPolygon", "coordinates": [ [ [ [ 6.707607526823569, 50.913323105369244 ], [ 6.707609452961323, 50.913323143204749 ], [ 6.707634174934679, 50.913296646504918 ], [ 6.707608851728135, 50.913296149078754 ], [ 6.707608410093505, 50.913305134508924 ], [ 6.707579983498138, 50.913304576115983 ], [ 6.707580866778099, 50.913286605255948 ], [ 6.70756665348622, 50.913286326057047 ], [ 6.707566211843619, 50.913295311486991 ], [ 6.707551998549234, 50.913295032286278 ], [ 6.707549790319177, 50.913339959435241 ], [ 6.707535577011354, 50.913339680232355 ], [ 6.707536018660551, 50.913330694802688 ], [ 6.707521805355689, 50.913330415598161 ], [ 6.707521363703759, 50.913339401027734 ], [ 6.707478723782331, 50.913338563403521 ], [ 6.707478282121978, 50.913347548832824 ], [ 6.707506708741502, 50.913348107250869 ], [ 6.707505825431047, 50.913366078109775 ], [ 6.707534252062406, 50.913366636521268 ], [ 6.707533810412306, 50.91337562195087 ], [ 6.707548023731056, 50.913375901154119 ], [ 6.70754758208346, 50.913384886583792 ], [ 6.707504942119689, 50.913384048968609 ], [ 6.707504500463669, 50.913393034398013 ], [ 6.707518713787432, 50.913393313604878 ], [ 6.707518272133919, 50.913402299034352 ], [ 6.707535286870788, 50.91340263327001 ], [ 6.707607417752244, 50.913325324514624 ], [ 6.707607526823569, 50.913323105369244 ] ] ], [ [ [ 6.707596404980254, 50.913259928162667 ], [ 6.707595080070206, 50.913286884453107 ], [ 6.707609293362538, 50.913287163648555 ], [ 6.707610176630665, 50.913269192788093 ], [ 6.70762438991776, 50.913269471981629 ], [ 6.707623948286542, 50.913278457411948 ], [ 6.707638161576595, 50.913278736603836 ], [ 6.707637454051781, 50.91329313198576 ], [ 6.707660792227569, 50.91326811838502 ], [ 6.707636367763556, 50.913260713157413 ], [ 6.707596404980254, 50.913259928162667 ] ] ] ] } },
{ "type": "Feature", "properties": { "DN": 1, "gml_id": "DENW41AL30005f8fFL", "identifier": "urn:adv:oid:DENW41AL30005f8fFL", "aktualit_2": "2024-08-20Z", "idflurst": "DENW41AL30005f8f", "flaeche": 257.0, "flstkennz_": "05468202100428______", "flstnrzae": "428", "flstnrnen": null, "gemarkung": "Horrem", "gemaschl": "054682", "flur": "21", "flurschl": "054682021", "land": "Nordrhein-Westfalen", "landschl": "05", "regbezirk": "Köln", "regbezschl": "053", "kreis": "Rhein-Erft-Kreis", "kreisschl": "05362", "gemeinde": "Kerpen", "gmdschl": "05362032", "abwrecht": "Kein abweichender Rechtszustand", "lagebeztxt": "Sistenichstraße 19", "tntxt": "Wohnbaufläche;257", "area": 256, "other catc": null, "frag area": 21.5, "final area": 20.8 }, "geometry": { "type": "MultiPolygon", "coordinates": [ [ [ [ 6.709091890490551, 50.913226336137896 ], [ 6.709092331838298, 50.913217350698268 ], [ 6.70914918498379, 50.913218466739529 ], [ 6.709150067656747, 50.913200495859513 ], [ 6.709135854375499, 50.913200216851969 ], [ 6.709136007882528, 50.913197091525703 ], [ 6.70910643922219, 50.913190645321784 ], [ 6.709079442602571, 50.913190115364927 ], [ 6.709078559902744, 50.91320808624409 ], [ 6.709064346619895, 50.913207807227806 ], [ 6.709063463913698, 50.913225778106707 ], [ 6.70903503733775, 50.913225220068611 ], [ 6.70903462279836, 50.913233659500868 ], [ 6.709076758485306, 50.913244761230786 ], [ 6.709077677202012, 50.913226057123161 ], [ 6.709091890490551, 50.913226336137896 ] ] ] ] } },
{ "type": "Feature", "properties": { "DN": 1, "gml_id": "DENW41AL30005ZhrFL", "identifier": "urn:adv:oid:DENW41AL30005ZhrFL", "aktualit_2": "2024-08-20Z", "idflurst": "DENW41AL30005Zhr", "flaeche": 511.0, "flstkennz_": "054682021000080001__", "flstnrzae": "8", "flstnrnen": "1", "gemarkung": "Horrem", "gemaschl": "054682", "flur": "21", "flurschl": "054682021", "land": "Nordrhein-Westfalen", "landschl": "05", "regbezirk": "Köln", "regbezschl": "053", "kreis": "Rhein-Erft-Kreis", "kreisschl": "05362", "gemeinde": "Kerpen", "gmdschl": "05362032", "abwrecht": "Kein abweichender Rechtszustand", "lagebeztxt": "Am Kalkofen 15", "tntxt": "Wohnbaufläche;511", "area": 508, "other catc": null, "frag area": 28.0, "final area": 27.0 }, "geometry": { "type": "MultiPolygon", "coordinates": [ [ [ [ 6.706973671237709, 50.913193729305647 ], [ 6.706959457980154, 50.913193450033198 ], [ 6.7069590162221, 50.913202435459468 ], [ 6.706944802962038, 50.913202156185207 ], [ 6.70694612824372, 50.913175199906647 ], [ 6.706960341495583, 50.913175479180644 ], [ 6.706962108523727, 50.913139537475303 ], [ 6.7069059862447, 50.913138434727763 ], [ 6.706905214457319, 50.913139256414638 ], [ 6.706904556257311, 50.91315264401053 ], [ 6.706915974928298, 50.913156619210326 ], [ 6.706932798517537, 50.913156949778646 ], [ 6.70693253139502, 50.913162383035825 ], [ 6.706932951022176, 50.913162529121152 ], [ 6.706932500641027, 50.913163008570216 ], [ 6.706931914992082, 50.913174920630915 ], [ 6.706921502961283, 50.913174716044161 ], [ 6.706917487930734, 50.913178990204472 ], [ 6.706917259974873, 50.913183626779499 ], [ 6.706913207261204, 50.913183547147028 ], [ 6.706902475210035, 50.913194971836624 ], [ 6.706902014507716, 50.913204342358377 ], [ 6.706912417355354, 50.913208912994087 ], [ 6.706910941158158, 50.913210484938929 ], [ 6.706944361201026, 50.913211141611363 ], [ 6.706943919439785, 50.913220127037505 ], [ 6.706972345971064, 50.913220685584641 ], [ 6.706973671237709, 50.913193729305647 ] ] ] ] } },
{ "type": "Feature", "properties": { "DN": 1, "gml_id": "DENW41AL30005cHXFL", "identifier": "urn:adv:oid:DENW41AL30005cHXFL", "aktualit_2": "2024-08-20Z", "idflurst": "DENW41AL30005cHX", "flaeche": 553.0, "flstkennz_": "05468200800581______", "flstnrzae": "581", "flstnrnen": null, "gemarkung": "Horrem", "gemaschl": "054682", "flur": "8", "flurschl": "054682008", "land": "Nordrhein-Westfalen", "landschl": "05", "regbezirk": "Köln", "regbezschl": "053", "kreis": "Rhein-Erft-Kreis", "kreisschl": "05362", "gemeinde": "Kerpen", "gmdschl": "05362032", "abwrecht": "Kein abweichender Rechtszustand", "lagebeztxt": "Hauptstraße 180; Merkurweg 15", "tntxt": "Fläche gemischter Nutzung(funktion:Gebäude- und Freifläche Mischnutzung mit Wohnen);553", "area": 553, "other catc": null, "frag area": 104.6, "final area": 104.6 }, "geometry": { "type": "MultiPolygon", "coordinates": [ [ [ [ 6.71009926993767, 50.9132820835475 ], [ 6.710100152246748, 50.913264112655753 ], [ 6.710114365557034, 50.913264391546164 ], [ 6.71011392440534, 50.913273376992137 ], [ 6.710142351032056, 50.91327393476795 ], [ 6.710142792178285, 50.9132649493218 ], [ 6.710128578867547, 50.913264670434856 ], [ 6.710129020016282, 50.913255684988776 ], [ 6.710072166786518, 50.913254569424019 ], [ 6.710072607945957, 50.913245583978302 ], [ 6.71001575473074, 50.913244468386239 ], [ 6.710016195900883, 50.913235482940834 ], [ 6.709959342700214, 50.913234367321472 ], [ 6.709959783881058, 50.913225381876416 ], [ 6.709902930694937, 50.91322426622974 ], [ 6.709903371886485, 50.91321528078501 ], [ 6.709874945300245, 50.913214722951487 ], [ 6.709875386497033, 50.913205737506928 ], [ 6.709861173206984, 50.913205458587647 ], [ 6.709861614406279, 50.913196473143167 ], [ 6.709847401119189, 50.913196194222252 ], [ 6.709847842320989, 50.913187208777835 ], [ 6.709776775902593, 50.913185814147774 ], [ 6.709777217117828, 50.91317682870379 ], [ 6.709734577277702, 50.913175991905277 ], [ 6.709735018500909, 50.913167006461535 ], [ 6.709692378671014, 50.913166169647731 ], [ 6.709691054976124, 50.91319312597809 ], [ 6.709676841691747, 50.913192847036434 ], [ 6.709675959221891, 50.91321081792308 ], [ 6.709664286423817, 50.913210588838169 ], [ 6.709661522008023, 50.913215099010429 ], [ 6.709661059309519, 50.913224521476316 ], [ 6.709689261694787, 50.913229645116047 ], [ 6.709689731279198, 50.9132200823083 ], [ 6.709703944571998, 50.913220361248499 ], [ 6.709704385801801, 50.91321137580502 ], [ 6.709775452255529, 50.913212770479639 ], [ 6.709775011039389, 50.913221755923566 ], [ 6.70983186421737, 50.913222871632485 ], [ 6.709831423011934, 50.913231857076738 ], [ 6.709888276204463, 50.913232972758358 ], [ 6.709887835009729, 50.913241958202953 ], [ 6.709916261612817, 50.913242516033563 ], [ 6.709915820423321, 50.913251501478321 ], [ 6.709930033727936, 50.913251780391121 ], [ 6.709929592540947, 50.913260765835957 ], [ 6.709986445772597, 50.91326188147022 ], [ 6.709986886948656, 50.913252896025028 ], [ 6.71002952686657, 50.913253732732301 ], [ 6.710029085698708, 50.913262718177762 ], [ 6.710085938936687, 50.913263833763615 ], [ 6.710085056622145, 50.913281804655178 ], [ 6.71009926993767, 50.9132820835475 ] ] ] ] } },
{ "type": "Feature", "properties": { "DN": 1, "gml_id": "DENW41AL30005cToFL", "identifier": "urn:adv:oid:DENW41AL30005cToFL", "aktualit_2": "2024-08-20Z", "idflurst": "DENW41AL30005cTo", "flaeche": 558.0, "flstkennz_": "05468200800846______", "flstnrzae": "846", "flstnrnen": null, "gemarkung": "Horrem", "gemaschl": "054682", "flur": "8", "flurschl": "054682008", "land": "Nordrhein-Westfalen", "landschl": "05", "regbezirk": "Köln", "regbezschl": "053", "kreis": "Rhein-Erft-Kreis", "kreisschl": "05362", "gemeinde": "Kerpen", "gmdschl": "05362032", "abwrecht": "Kein abweichender Rechtszustand", "lagebeztxt": "Hauptstraße 187", "tntxt": "Wohnbaufläche;558", "area": 557, "other catc": null, "frag area": 108.8, "final area": 108.8 }, "geometry": { "type": "MultiPolygon", "coordinates": [ [ [ [ 6.711582664772644, 50.913302186947497 ], [ 6.711584474253247, 50.913284234229394 ], [ 6.711578778597208, 50.913284122542549 ], [ 6.711579219467014, 50.913275137087403 ], [ 6.711585378992942, 50.913275257870303 ], [ 6.711586671865265, 50.913262430653134 ], [ 6.711580223100258, 50.913239180366787 ], [ 6.7115667696268, 50.913238916554874 ], [ 6.711567651369389, 50.913220945644561 ], [ 6.711553438057909, 50.913220666931231 ], [ 6.711555058238793, 50.913187645970844 ], [ 6.711543444959984, 50.913184494570871 ], [ 6.711484135051937, 50.913183331519953 ], [ 6.711484575938384, 50.913174346065254 ], [ 6.71147036264192, 50.913174067341984 ], [ 6.711469921752742, 50.913183052796597 ], [ 6.711455708453772, 50.913182774071508 ], [ 6.711454385776686, 50.913209730435007 ], [ 6.711440172469745, 50.913209451707921 ], [ 6.711439290678425, 50.913227422616657 ], [ 6.711425077366246, 50.913227143887667 ], [ 6.711423754669375, 50.91325410025037 ], [ 6.711395328029299, 50.913253542786684 ], [ 6.711394446219327, 50.913271513694717 ], [ 6.71142287287033, 50.913272071158765 ], [ 6.711422431970469, 50.913281056612924 ], [ 6.711436645299043, 50.91328133534244 ], [ 6.711437086196172, 50.913272349888189 ], [ 6.711493939501796, 50.913273464788624 ], [ 6.711493498615599, 50.913282450243244 ], [ 6.711521925275231, 50.913283007683262 ], [ 6.711522366155965, 50.913274022228471 ], [ 6.711536579483388, 50.913274300945794 ], [ 6.711536138605387, 50.91328328640067 ], [ 6.711550351935768, 50.913283565116359 ], [ 6.711549470184552, 50.913301536026246 ], [ 6.711582664772644, 50.913302186947497 ] ] ] ] } },
{ "type": "Feature", "properties": { "DN": 1, "gml_id": "DENW41AL30005dThFL", "identifier": "urn:adv:oid:DENW41AL30005dThFL", "aktualit_2": "2024-08-20Z", "idflurst": "DENW41AL30005dTh", "flaeche": 508.0, "flstkennz_": "05468202100033______", "flstnrzae": "33", "flstnrnen": null, "gemarkung": "Horrem", "gemaschl": "054682", "flur": "21", "flurschl": "054682021", "land": "Nordrhein-Westfalen", "landschl": "05", "regbezirk": "Köln", "regbezschl": "053", "kreis": "Rhein-Erft-Kreis", "kreisschl": "05362", "gemeinde": "Kerpen", "gmdschl": "05362032", "abwrecht": "Kein abweichender Rechtszustand", "lagebeztxt": "Merkurweg 20; Sistenichstraße 21", "tntxt": "Wohnbaufläche;508", "area": 505, "other catc": null, "frag area": 16.0, "final area": 16.0 }, "geometry": { "type": "MultiPolygon", "coordinates": [ [ [ [ 6.709124289140706, 50.913146025203346 ], [ 6.709124730480952, 50.913137039763392 ], [ 6.709138943742848, 50.913137318772037 ], [ 6.709139385080135, 50.913128333331983 ], [ 6.709167811599139, 50.913128891343916 ], [ 6.709168694262106, 50.913110920463403 ], [ 6.709182907516483, 50.913111199466591 ], [ 6.709183348844895, 50.913102214026217 ], [ 6.709140709090642, 50.913101377011706 ], [ 6.709141150427025, 50.913092391571588 ], [ 6.709126937178793, 50.913092112563383 ], [ 6.709126054500335, 50.913110083443435 ], [ 6.709111841246863, 50.913109804433326 ], [ 6.709110075876306, 50.913145746192875 ], [ 6.709124289140706, 50.913146025203346 ] ] ] ] } },
{ "type": "Feature", "properties": { "DN": 1, "gml_id": "DENW41AL30005ZfgFL", "identifier": "urn:adv:oid:DENW41AL30005ZfgFL", "aktualit_2": "2024-08-20Z", "idflurst": "DENW41AL30005Zfg", "flaeche": 271.0, "flstkennz_": "054682021000880007__", "flstnrzae": "88", "flstnrnen": "7", "gemarkung": "Horrem", "gemaschl": "054682", "flur": "21", "flurschl": "054682021", "land": "Nordrhein-Westfalen", "landschl": "05", "regbezirk": "Köln", "regbezschl": "053", "kreis": "Rhein-Erft-Kreis", "kreisschl": "05362", "gemeinde": "Kerpen", "gmdschl": "05362032", "abwrecht": "Kein abweichender Rechtszustand", "lagebeztxt": "Am Kalkofen 23", "tntxt": "Wohnbaufläche;271", "area": 271, "other catc": null, "frag area": 20.8, "final area": 20.8 }, "geometry": { "type": "MultiPolygon", "coordinates": [ [ [ [ 6.70649660645919, 50.913058437144315 ], [ 6.706498815681055, 50.913013510026268 ], [ 6.706513028879224, 50.913013789354082 ], [ 6.70651391256092, 50.912995818506573 ], [ 6.706499699368215, 50.912995539178944 ], [ 6.706500141211456, 50.912986553755253 ], [ 6.706485928021711, 50.912986274425975 ], [ 6.70648416063646, 50.913022216120289 ], [ 6.706469947436012, 50.91302193678893 ], [ 6.706469505586401, 50.913030922212371 ], [ 6.706455292383446, 50.9130306428792 ], [ 6.706454408678081, 50.913048613725856 ], [ 6.706440195469888, 50.91304833439078 ], [ 6.706439753614133, 50.913057319814001 ], [ 6.706468180036208, 50.913057878482618 ], [ 6.706467738185693, 50.913066863905989 ], [ 6.706496164614139, 50.91306742256787 ], [ 6.706495851214448, 50.913073795905575 ], [ 6.706509619291288, 50.913058692881918 ], [ 6.70649660645919, 50.913058437144315 ] ] ] ] } },
{ "type": "Feature", "properties": { "DN": 1, "gml_id": "DENW41AL30005ZqgFL", "identifier": "urn:adv:oid:DENW41AL30005ZqgFL", "aktualit_2": "2024-08-20Z", "idflurst": "DENW41AL30005Zqg", "flaeche": 700.0, "flstkennz_": "05468200800583______", "flstnrzae": "583", "flstnrnen": null, "gemarkung": "Horrem", "gemaschl": "054682", "flur": "8", "flurschl": "054682008", "land": "Nordrhein-Westfalen", "landschl": "05", "regbezirk": "Köln", "regbezschl": "053", "kreis": "Rhein-Erft-Kreis", "kreisschl": "05362", "gemeinde": "Kerpen", "gmdschl": "05362032", "abwrecht": "Kein abweichender Rechtszustand", "lagebeztxt": "Hauptstraße 184; Merkurweg 17", "tntxt": "Fläche gemischter Nutzung(funktion:Gebäude- und Freifläche Mischnutzung mit Wohnen);700", "area": 700, "other catc": null, "frag area": 29.0, "final area": 29.0 }, "geometry": { "type": "MultiPolygon", "coordinates": [ [ [ [ 6.710192049155201, 50.913131004274092 ], [ 6.710192490289616, 50.913122018827423 ], [ 6.710220916825691, 50.913122576582914 ], [ 6.710221357954415, 50.913113591136053 ], [ 6.71023557122006, 50.913113870011124 ], [ 6.710235130094069, 50.913122855458077 ], [ 6.710249343362672, 50.913123134331506 ], [ 6.71025066673177, 50.913096177990312 ], [ 6.710236453471365, 50.913095899117138 ], [ 6.710237335721764, 50.913077928223103 ], [ 6.710223122467049, 50.913077649348388 ], [ 6.710222681339229, 50.913086634795327 ], [ 6.710180041568243, 50.913085798160544 ], [ 6.710179600432001, 50.9130947836072 ], [ 6.710151173913676, 50.91309422584186 ], [ 6.710150732771743, 50.913103211288316 ], [ 6.710136519510188, 50.913102932402964 ], [ 6.710136078365296, 50.913111917849321 ], [ 6.710121865101233, 50.91311163896215 ], [ 6.710121423953384, 50.9131206244084 ], [ 6.710164063754445, 50.91312146106501 ], [ 6.710163622614566, 50.913130446511502 ], [ 6.710192049155201, 50.913131004274092 ] ], [ [ 6.710179159295533, 50.913103769053834 ], [ 6.710193372557767, 50.913104047934013 ], [ 6.710192931423805, 50.913113033380725 ], [ 6.710178718158839, 50.913112754500467 ], [ 6.710179159295533, 50.913103769053834 ] ] ] ] } },
{ "type": "Feature", "properties": { "DN": 1, "gml_id": "DENW41AL30005ZqgFL", "identifier": "urn:adv:oid:DENW41AL30005ZqgFL", "aktualit_2": "2024-08-20Z", "idflurst": "DENW41AL30005Zqg", "flaeche": 700.0, "flstkennz_": "05468200800583______", "flstnrzae": "583", "flstnrnen": null, "gemarkung": "Horrem", "gemaschl": "054682", "flur": "8", "flurschl": "054682008", "land": "Nordrhein-Westfalen", "landschl": "05", "regbezirk": "Köln", "regbezschl": "053", "kreis": "Rhein-Erft-Kreis", "kreisschl": "05362", "gemeinde": "Kerpen", "gmdschl": "05362032", "abwrecht": "Kein abweichender Rechtszustand", "lagebeztxt": "Hauptstraße 184; Merkurweg 17", "tntxt": "Fläche gemischter Nutzung(funktion:Gebäude- und Freifläche Mischnutzung mit Wohnen);700", "area": 700, "other catc": null, "frag area": 12.0, "final area": 12.0 }, "geometry": { "type": "MultiPolygon", "coordinates": [ [ [ [ 6.710093438573788, 50.91311108118262 ], [ 6.710093879726877, 50.913102095736534 ], [ 6.710108092987755, 50.913102374627066 ], [ 6.710108534137885, 50.913093389180872 ], [ 6.710151173913676, 50.91309422584186 ], [ 6.710151615055383, 50.913085240395382 ], [ 6.710180041568243, 50.913085798160544 ], [ 6.71018048270426, 50.913076812713875 ], [ 6.710123629690373, 50.913075697176978 ], [ 6.710123188543428, 50.913084682623285 ], [ 6.710094762032377, 50.913084124844289 ], [ 6.71009432087974, 50.913093110290419 ], [ 6.710080107621821, 50.913092831398238 ], [ 6.710079666466227, 50.913101816844247 ], [ 6.7100654532058, 50.913101537950261 ], [ 6.710065012047247, 50.91311052339617 ], [ 6.710093438573788, 50.91311108118262 ] ] ] ] } },
{ "type": "Feature", "properties": { "DN": 1, "gml_id": "DENW41AL30005UlwFL", "identifier": "urn:adv:oid:DENW41AL30005UlwFL", "aktualit_2": "2025-01-17Z", "idflurst": "DENW41AL30005Ulw", "flaeche": 486.0, "flstkennz_": "05468202100042______", "flstnrzae": "42", "flstnrnen": null, "gemarkung": "Horrem", "gemaschl": "054682", "flur": "21", "flurschl": "054682021", "land": "Nordrhein-Westfalen", "landschl": "05", "regbezirk": "Köln", "regbezschl": "053", "kreis": "Rhein-Erft-Kreis", "kreisschl": "05362", "gemeinde": "Kerpen", "gmdschl": "05362032", "abwrecht": "Kein abweichender Rechtszustand", "lagebeztxt": "Sistenichstraße 14", "tntxt": "Wohnbaufläche;486", "area": 487, "other catc": null, "frag area": 90.6, "final area": 90.6 }, "geometry": { "type": "MultiPolygon", "coordinates": [ [ [ [ 6.708624337681766, 50.913186888570934 ], [ 6.708625059275485, 50.913172200555387 ], [ 6.708633890185616, 50.913172373945599 ], [ 6.708639712344757, 50.913163527416216 ], [ 6.708640155411003, 50.913154508751248 ], [ 6.708645577722071, 50.913154615214829 ], [ 6.708655086992029, 50.913140166259211 ], [ 6.708655692965325, 50.913127831507936 ], [ 6.708663118869911, 50.913127977309763 ], [ 6.708670459497867, 50.913116848369754 ], [ 6.708671230501444, 50.913101154262222 ], [ 6.708680688804502, 50.913101339967291 ], [ 6.708685831349481, 50.913093543475831 ], [ 6.708686326595767, 50.913083462451389 ], [ 6.708692402082853, 50.913083581737304 ], [ 6.708701203185417, 50.913070238579607 ], [ 6.708701763835659, 50.913058826133266 ], [ 6.708693321760547, 50.913056617481573 ], [ 6.708645011168153, 50.913055668944452 ], [ 6.708645578213623, 50.91304412659585 ], [ 6.708618987396488, 50.913037169773013 ], [ 6.708603254350865, 50.913036860860252 ], [ 6.708603438568638, 50.913033111129337 ], [ 6.708581801414748, 50.913027445531668 ], [ 6.708561056120669, 50.913027038198102 ], [ 6.708561299846497, 50.913022077277347 ], [ 6.708561127109101, 50.913022032046733 ], [ 6.708544653095697, 50.913017722017841 ], [ 6.708533071128058, 50.913017494602812 ], [ 6.70853218822325, 50.913035465475637 ], [ 6.708503761773789, 50.913034907309687 ], [ 6.708502878857146, 50.913052878182086 ], [ 6.708517092087228, 50.913053157266106 ], [ 6.7085166506313, 50.913062142702373 ], [ 6.708530863864341, 50.913062421784744 ], [ 6.70853042241092, 50.913071407221082 ], [ 6.70854463564692, 50.913071686301819 ], [ 6.708545077097609, 50.913062700865403 ], [ 6.708559290331102, 50.913062979944321 ], [ 6.708558848883145, 50.913071965380823 ], [ 6.708644128305252, 50.91307363981857 ], [ 6.708643686873463, 50.913082625255598 ], [ 6.708657900114004, 50.913082904322593 ], [ 6.708656575825476, 50.913109860633853 ], [ 6.708642362576737, 50.913109581566587 ], [ 6.708641921144042, 50.913118567003558 ], [ 6.708627707892797, 50.913118287934481 ], [ 6.708627266457145, 50.913127273371337 ], [ 6.708613053203393, 50.913126994300441 ], [ 6.708612170325944, 50.913144965173927 ], [ 6.708597957066955, 50.913144686101127 ], [ 6.708597515625158, 50.913153671537771 ], [ 6.708583302363661, 50.913153392463137 ], [ 6.708582419473926, 50.913171363336183 ], [ 6.708553992940683, 50.913170805181394 ], [ 6.708553551490011, 50.913179790617704 ], [ 6.708567764759251, 50.913180069696047 ], [ 6.708567323311085, 50.913189055132435 ], [ 6.70859574985571, 50.913189613284118 ], [ 6.708595308412782, 50.913198598720669 ], [ 6.708616358863903, 50.91319901203925 ], [ 6.708624337681766, 50.913186888570934 ] ] ] ] } },
{ "type": "Feature", "properties": { "DN": 1, "gml_id": "DENW41AL30005UlwFL", "identifier": "urn:adv:oid:DENW41AL30005UlwFL", "aktualit_2": "2025-01-17Z", "idflurst": "DENW41AL30005Ulw", "flaeche": 486.0, "flstkennz_": "05468202100042______", "flstnrzae": "42", "flstnrnen": null, "gemarkung": "Horrem", "gemaschl": "054682", "flur": "21", "flurschl": "054682021", "land": "Nordrhein-Westfalen", "landschl": "05", "regbezirk": "Köln", "regbezschl": "053", "kreis": "Rhein-Erft-Kreis", "kreisschl": "05362", "gemeinde": "Kerpen", "gmdschl": "05362032", "abwrecht": "Kein abweichender Rechtszustand", "lagebeztxt": "Sistenichstraße 14", "tntxt": "Wohnbaufläche;486", "area": 487, "other catc": null, "frag area": 67.3, "final area": 67.3 }, "geometry": { "type": "MultiPolygon", "coordinates": [ [ [ [ 6.708344325895326, 50.913094735319611 ], [ 6.708330112654297, 50.913094456214402 ], [ 6.708331437130679, 50.913067499909225 ], [ 6.708317223898073, 50.913067220802553 ], [ 6.708317665392481, 50.913058235367551 ], [ 6.708331878622354, 50.91305851447413 ], [ 6.708332320113803, 50.913049529039014 ], [ 6.70834653334117, 50.913049808143782 ], [ 6.70834697482966, 50.913040822708567 ], [ 6.708361188054521, 50.913041101811515 ], [ 6.708362071025358, 50.913023130940857 ], [ 6.708390497464831, 50.913023689141212 ], [ 6.708390938944444, 50.913014703705684 ], [ 6.708405152161788, 50.913014982803176 ], [ 6.708406035114873, 50.912997011931878 ], [ 6.708420248326979, 50.912997291027459 ], [ 6.70842068980045, 50.912988305591696 ], [ 6.708406476591077, 50.912988026496208 ], [ 6.708406789723228, 50.91298165326473 ], [ 6.708392743361773, 50.912977978347911 ], [ 6.70839270486064, 50.91297876196338 ], [ 6.708378491654452, 50.91297848286451 ], [ 6.708378697002576, 50.912974303429444 ], [ 6.708350604290961, 50.912966953587507 ], [ 6.708350506729436, 50.912968939226239 ], [ 6.708339602434246, 50.91296872509929 ], [ 6.708336077691036, 50.912973052928137 ], [ 6.708335410547609, 50.912986630992776 ], [ 6.708325193145234, 50.912986430353023 ], [ 6.708320936715569, 50.91299165621259 ], [ 6.708320314354173, 50.913004322757168 ], [ 6.708310772506164, 50.913004135382145 ], [ 6.708305796451831, 50.913010244760102 ], [ 6.708304776652894, 50.913030999954387 ], [ 6.70829056343167, 50.91303072084461 ], [ 6.708289238933411, 50.91305767714919 ], [ 6.708275025704217, 50.913057398037417 ], [ 6.708274142698782, 50.913075368906881 ], [ 6.708259929464349, 50.913075089793203 ], [ 6.708259487958559, 50.913084075227808 ], [ 6.708273701195725, 50.913084354341578 ], [ 6.708273259692442, 50.913093339776267 ], [ 6.708315899413494, 50.913094177107467 ], [ 6.708315457918181, 50.913103162542399 ], [ 6.708343884405479, 50.913103720754734 ], [ 6.708344325895326, 50.913094735319611 ] ] ] ] } },
{ "type": "Feature", "properties": { "DN": 1, "gml_id": "DENW41AL30005ZqgFL", "identifier": "urn:adv:oid:DENW41AL30005ZqgFL", "aktualit_2": "2024-08-20Z", "idflurst": "DENW41AL30005Zqg", "flaeche": 700.0, "flstkennz_": "05468200800583______", "flstnrzae": "583", "flstnrnen": null, "gemarkung": "Horrem", "gemaschl": "054682", "flur": "8", "flurschl": "054682008", "land": "Nordrhein-Westfalen", "landschl": "05", "regbezirk": "Köln", "regbezschl": "053", "kreis": "Rhein-Erft-Kreis", "kreisschl": "05362", "gemeinde": "Kerpen", "gmdschl": "05362032", "abwrecht": "Kein abweichender Rechtszustand", "lagebeztxt": "Hauptstraße 184; Merkurweg 17", "tntxt": "Fläche gemischter Nutzung(funktion:Gebäude- und Freifläche Mischnutzung mit Wohnen);700", "area": 700, "other catc": null, "frag area": 31.0, "final area": 31.0 }, "geometry": { "type": "MultiPolygon", "coordinates": [ [ [ [ 6.709810496971603, 50.913078546673901 ], [ 6.70981093817866, 50.913069561229541 ], [ 6.709825151426818, 50.9130698401544 ], [ 6.709827357445055, 50.913024912931881 ], [ 6.709841570679777, 50.913025191854558 ], [ 6.709842453080024, 50.913007220965262 ], [ 6.709828239850767, 50.913006942042749 ], [ 6.709828563263875, 50.913000355474772 ], [ 6.709800348874248, 50.912995478818907 ], [ 6.70980025460091, 50.912997398748139 ], [ 6.70979493146869, 50.91299729428448 ], [ 6.709785257051898, 50.913013092893031 ], [ 6.709783835319233, 50.913042047041976 ], [ 6.70976962207995, 50.913041768112208 ], [ 6.709769180865374, 50.913050753556348 ], [ 6.709762278137299, 50.913050618092115 ], [ 6.709754322648712, 50.913063609608017 ], [ 6.709754085188288, 50.91306844551282 ], [ 6.709796724930729, 50.913069282302963 ], [ 6.709796283720939, 50.913078267747224 ], [ 6.709810496971603, 50.913078546673901 ] ] ] ] } },
{ "type": "Feature", "properties": { "DN": 1, "gml_id": "DENW41AL30005bctFL", "identifier": "urn:adv:oid:DENW41AL30005bctFL", "aktualit_2": "2024-08-20Z", "idflurst": "DENW41AL30005bct", "flaeche": 270.0, "flstkennz_": "054682021000920007__", "flstnrzae": "92", "flstnrnen": "7", "gemarkung": "Horrem", "gemaschl": "054682", "flur": "21", "flurschl": "054682021", "land": "Nordrhein-Westfalen", "landschl": "05", "regbezirk": "Köln", "regbezschl": "053", "kreis": "Rhein-Erft-Kreis", "kreisschl": "05362", "gemeinde": "Kerpen", "gmdschl": "05362032", "abwrecht": "Kein abweichender Rechtszustand", "lagebeztxt": "Wiesenstraße 16", "tntxt": "Wohnbaufläche;270", "area": 270, "other catc": null, "frag area": 34.0, "final area": 33.7 }, "geometry": { "type": "MultiPolygon", "coordinates": [ [ [ [ 6.706997161247582, 50.913005314617337 ], [ 6.70701137444821, 50.913005593884456 ], [ 6.707012578358134, 50.912981105429758 ], [ 6.707005577934672, 50.912978497672817 ], [ 6.70699848648973, 50.912978358336865 ], [ 6.706998607298264, 50.912975901011272 ], [ 6.706995407925997, 50.912974709199212 ], [ 6.706998847306857, 50.912971019076465 ], [ 6.706999369983365, 50.912960387483139 ], [ 6.707008587678668, 50.912960568596489 ], [ 6.707013866430805, 50.912954905001982 ], [ 6.707014024914075, 50.912951681322845 ], [ 6.706999811729841, 50.912951402056258 ], [ 6.707000253476092, 50.912942416629342 ], [ 6.706986040294816, 50.912942137361128 ], [ 6.706985598545833, 50.912951122787945 ], [ 6.706971385362051, 50.912950843517912 ], [ 6.706971827113767, 50.912941858091166 ], [ 6.706943400752347, 50.912941299546077 ], [ 6.706942958995167, 50.912950284972631 ], [ 6.706930690543135, 50.912950043909582 ], [ 6.706928649237391, 50.91295197003214 ], [ 6.706927862291559, 50.91296797655027 ], [ 6.706942075480128, 50.912968255825668 ], [ 6.706941633722268, 50.912977241252179 ], [ 6.706955846913793, 50.912977520525949 ], [ 6.70695540515844, 50.912986505952517 ], [ 6.706941191964182, 50.912986226678662 ], [ 6.706940750205869, 50.91299521210513 ], [ 6.706954963402859, 50.912995491379071 ], [ 6.706954521647054, 50.913004476805604 ], [ 6.706968734847004, 50.91300475607791 ], [ 6.706968293093703, 50.913013741504528 ], [ 6.706982506296611, 50.913014020775194 ], [ 6.706982064545817, 50.913023006201868 ], [ 6.706996277751683, 50.913023285470899 ], [ 6.706997161247582, 50.913005314617337 ] ] ] ] } },
{ "type": "Feature", "properties": { "DN": 1, "gml_id": "DENW41AL30005VufFL", "identifier": "urn:adv:oid:DENW41AL30005VufFL", "aktualit_2": "2024-08-20Z", "idflurst": "DENW41AL30005Vuf", "flaeche": 416.0, "flstkennz_": "05468202100442______", "flstnrzae": "442", "flstnrnen": null, "gemarkung": "Horrem", "gemaschl": "054682", "flur": "21", "flurschl": "054682021", "land": "Nordrhein-Westfalen", "landschl": "05", "regbezirk": "Köln", "regbezschl": "053", "kreis": "Rhein-Erft-Kreis", "kreisschl": "05362", "gemeinde": "Kerpen", "gmdschl": "05362032", "abwrecht": "Kein abweichender Rechtszustand", "lagebeztxt": "Wiesenstraße 32", "tntxt": "Wohnbaufläche;416", "area": 417, "other catc": null, "frag area": 33.5, "final area": 33.0 }, "geometry": { "type": "MultiPolygon", "coordinates": [ [ [ [ 6.705848544558791, 50.912928775720886 ], [ 6.705848939986351, 50.912920736482825 ], [ 6.70584628844259, 50.912919737261248 ], [ 6.705834773363425, 50.912919510892898 ], [ 6.705834971991475, 50.912915472709692 ], [ 6.70582110804706, 50.912910248144684 ], [ 6.705806789013776, 50.912909966651711 ], [ 6.705807036011288, 50.91290494515853 ], [ 6.705795927661893, 50.91290075902279 ], [ 6.705793017832297, 50.912900701818963 ], [ 6.705792575854253, 50.912909687238333 ], [ 6.705778362694957, 50.912909407823236 ], [ 6.705777920713954, 50.912918393242506 ], [ 6.705763892314065, 50.912918117457835 ], [ 6.705763697204269, 50.912918324195445 ], [ 6.705763265568191, 50.912927099244754 ], [ 6.705755558688256, 50.912926947734256 ], [ 6.705747225059259, 50.912935778010024 ], [ 6.705748610416963, 50.912935805245077 ], [ 6.705748342690304, 50.912941248019756 ], [ 6.705758581916385, 50.912944995384649 ], [ 6.705776594769585, 50.912945349500227 ], [ 6.705776293344063, 50.912951477431804 ], [ 6.705784552280295, 50.912954500044542 ], [ 6.705804579133817, 50.912954893748797 ], [ 6.705804244010229, 50.912961706837287 ], [ 6.705810522654917, 50.912964004698793 ], [ 6.705818350333288, 50.912964158580337 ], [ 6.705818219347963, 50.91296682153758 ], [ 6.705836493040249, 50.912973509347374 ], [ 6.705836630070468, 50.912973512041184 ], [ 6.705860198759303, 50.912948396119646 ], [ 6.705861895369992, 50.912946587321017 ], [ 6.705862757724683, 50.912929055127513 ], [ 6.705848544558791, 50.912928775720886 ] ], [ [ 6.705834331393124, 50.91292849631251 ], [ 6.705791691897485, 50.912927658077052 ], [ 6.705792133875982, 50.912918672657696 ], [ 6.705834773363425, 50.912919510892898 ], [ 6.705834331393124, 50.91292849631251 ] ] ] ] } },
{ "type": "Feature", "properties": { "DN": 1, "gml_id": "DENW41AL30005VCXFL", "identifier": "urn:adv:oid:DENW41AL30005VCXFL", "aktualit_2": "2024-08-20Z", "idflurst": "DENW41AL30005VCX", "flaeche": 5959.0, "flstkennz_": "05468200800832______", "flstnrzae": "832", "flstnrnen": null, "gemarkung": "Horrem", "gemaschl": "054682", "flur": "8", "flurschl": "054682008", "land": "Nordrhein-Westfalen", "landschl": "05", "regbezirk": "Köln", "regbezschl": "053", "kreis": "Rhein-Erft-Kreis", "kreisschl": "05362", "gemeinde": "Kerpen", "gmdschl": "05362032", "abwrecht": "Kein abweichender Rechtszustand", "lagebeztxt": "Mittelstraße 6, 8, 10, 12, 14, 16, 18, 20, 22, 24, 26", "tntxt": "Wohnbaufläche;5959", "area": 5965, "other catc": null, "frag area": 35.3, "final area": 35.3 }, "geometry": { "type": "MultiPolygon", "coordinates": [ [ [ [ 6.712026444499588, 50.913148994435716 ], [ 6.712027766843367, 50.913122038061175 ], [ 6.712041980129515, 50.91312231671639 ], [ 6.71204242090759, 50.913113331258089 ], [ 6.712056634191231, 50.913113609911484 ], [ 6.712057074966348, 50.913104624453076 ], [ 6.71204286168544, 50.913104345799766 ], [ 6.712043302463063, 50.91309536034143 ], [ 6.712029089185113, 50.913095081686485 ], [ 6.712030852304279, 50.913059139853324 ], [ 6.712016639037484, 50.913058861197001 ], [ 6.71201696943478, 50.913052125960114 ], [ 6.712004116320029, 50.91304962158312 ], [ 6.711988653291996, 50.913049318421123 ], [ 6.71198878496185, 50.913046634328317 ], [ 6.71197469272795, 50.913043888509904 ], [ 6.711974440028611, 50.913049039759699 ], [ 6.711960226765453, 50.91304876109654 ], [ 6.711959785972565, 50.913057746554429 ], [ 6.711988212504573, 50.913058303879176 ], [ 6.711987330929047, 50.913076274795259 ], [ 6.711973117657466, 50.913075996133571 ], [ 6.711972236075572, 50.913093967049413 ], [ 6.712000662629891, 50.913094524371402 ], [ 6.711999781058023, 50.913112495287521 ], [ 6.711985567775286, 50.913112216627219 ], [ 6.711985126986281, 50.913121202085165 ], [ 6.711999340271751, 50.913121480745552 ], [ 6.711998017911578, 50.913148437119567 ], [ 6.712026444499588, 50.913148994435716 ] ] ] ] } },
{ "type": "Feature", "properties": { "DN": 1, "gml_id": "DENW41ALtj0000UKFL", "identifier": "urn:adv:oid:DENW41ALtj0000UKFL", "aktualit_2": "2024-08-29Z", "idflurst": "DENW41ALtj0000UK", "flaeche": 639.0, "flstkennz_": "05468200800871______", "flstnrzae": "871", "flstnrnen": null, "gemarkung": "Horrem", "gemaschl": "054682", "flur": "8", "flurschl": "054682008", "land": "Nordrhein-Westfalen", "landschl": "05", "regbezirk": "Köln", "regbezschl": "053", "kreis": "Rhein-Erft-Kreis", "kreisschl": "05362", "gemeinde": "Kerpen", "gmdschl": "05362032", "abwrecht": "Kein abweichender Rechtszustand", "lagebeztxt": "Hauptstraße", "tntxt": "Wohnbaufläche;639", "area": 639, "other catc": null, "frag area": 13.5, "final area": 13.5 }, "geometry": { "type": "MultiPolygon", "coordinates": [ [ [ [ 6.711704828909074, 50.913034759407886 ], [ 6.711716692405243, 50.913034992027988 ], [ 6.711719246710999, 50.913030868925865 ], [ 6.711719923842981, 50.913017067189237 ], [ 6.711691497341417, 50.913016509799498 ], [ 6.711691938185317, 50.913007524343236 ], [ 6.71166351169012, 50.91300696694676 ], [ 6.711663070840757, 50.913015952402844 ], [ 6.711656438065983, 50.913015822344107 ], [ 6.711648046326237, 50.913032208899196 ], [ 6.711647975885894, 50.913033644613868 ], [ 6.711676402397032, 50.913034202014344 ], [ 6.711675961549721, 50.913043187470478 ], [ 6.711704388067228, 50.913043744864197 ], [ 6.711704828909074, 50.913034759407886 ] ] ] ] } },
{ "type": "Feature", "properties": { "DN": 1, "gml_id": "DENW41AL30005ZOeFL", "identifier": "urn:adv:oid:DENW41AL30005ZOeFL", "aktualit_2": "2024-08-20Z", "idflurst": "DENW41AL30005ZOe", "flaeche": 263.0, "flstkennz_": "054682021000930007__", "flstnrzae": "93", "flstnrnen": "7", "gemarkung": "Horrem", "gemaschl": "054682", "flur": "21", "flurschl": "054682021", "land": "Nordrhein-Westfalen", "landschl": "05", "regbezirk": "Köln", "regbezschl": "053", "kreis": "Rhein-Erft-Kreis", "kreisschl": "05362", "gemeinde": "Kerpen", "gmdschl": "05362032", "abwrecht": "Kein abweichender Rechtszustand", "lagebeztxt": "Wiesenstraße 18", "tntxt": "Wohnbaufläche;263", "area": 262, "other catc": null, "frag area": 14.0, "final area": 13.7 }, "geometry": { "type": "MultiPolygon", "coordinates": [ [ [ [ 6.706931396368143, 50.9128960931384 ], [ 6.706917183201661, 50.912895813861972 ], [ 6.706917624962948, 50.912886828435497 ], [ 6.706896717280141, 50.91288641761453 ], [ 6.706888770277739, 50.912894982581207 ], [ 6.706887873335194, 50.912913226156469 ], [ 6.706873660163926, 50.912912946874684 ], [ 6.706873218393764, 50.912921932300833 ], [ 6.706915857916444, 50.912922770141272 ], [ 6.706914974391832, 50.912940740994067 ], [ 6.706929187571976, 50.912941020270935 ], [ 6.706931396368143, 50.9128960931384 ] ] ] ] } },
{ "type": "Feature", "properties": { "DN": 1, "gml_id": "DENW41AL30005bcAFL", "identifier": "urn:adv:oid:DENW41AL30005bcAFL", "aktualit_2": "2025-01-17Z", "idflurst": "DENW41AL30005bcA", "flaeche": 230.0, "flstkennz_": "05468202100462______", "flstnrzae": "462", "flstnrnen": null, "gemarkung": "Horrem", "gemaschl": "054682", "flur": "21", "flurschl": "054682021", "land": "Nordrhein-Westfalen", "landschl": "05", "regbezirk": "Köln", "regbezschl": "053", "kreis": "Rhein-Erft-Kreis", "kreisschl": "05362", "gemeinde": "Kerpen", "gmdschl": "05362032", "abwrecht": "Kein abweichender Rechtszustand", "lagebeztxt": "Sistenichstraße 25", "tntxt": "Wohnbaufläche;230", "area": 229, "other catc": null, "frag area": 15.0, "final area": 13.8 }, "geometry": { "type": "MultiPolygon", "coordinates": [ [ [ [ 6.709247262902699, 50.91295956296743 ], [ 6.709261476111756, 50.912959841960465 ], [ 6.709261917422662, 50.912950856519366 ], [ 6.709290343835989, 50.912951414500085 ], [ 6.709289902530548, 50.912960399941369 ], [ 6.709304115740284, 50.912960678929217 ], [ 6.709304818606704, 50.912946367741348 ], [ 6.709289830890226, 50.912942410327958 ], [ 6.709276571937159, 50.912942150069398 ], [ 6.709276729061541, 50.912938950869382 ], [ 6.709254173163373, 50.912932995116378 ], [ 6.709260221484599, 50.912923840918701 ], [ 6.709249028155894, 50.912923621203277 ], [ 6.709248586842935, 50.912932606644333 ], [ 6.709234373642301, 50.912932327649834 ], [ 6.709233491010238, 50.912950298531733 ], [ 6.709219277804366, 50.912950019535316 ], [ 6.709218395165935, 50.912967990416973 ], [ 6.709246821588835, 50.912968548408422 ], [ 6.709247262902699, 50.91295956296743 ] ] ] ] } },
{ "type": "Feature", "properties": { "DN": 1, "gml_id": "DENW41AL30009FyuFL", "identifier": "urn:adv:oid:DENW41AL30009FyuFL", "aktualit_2": "2024-08-20Z", "idflurst": "DENW41AL30009Fyu", "flaeche": 721.0, "flstkennz_": "05468200800862______", "flstnrzae": "862", "flstnrnen": null, "gemarkung": "Horrem", "gemaschl": "054682", "flur": "8", "flurschl": "054682008", "land": "Nordrhein-Westfalen", "landschl": "05", "regbezirk": "Köln", "regbezschl": "053", "kreis": "Rhein-Erft-Kreis", "kreisschl": "05362", "gemeinde": "Kerpen", "gmdschl": "05362032", "abwrecht": "Kein abweichender Rechtszustand", "lagebeztxt": "Hauptstraße 189", "tntxt": "Wohnbaufläche;721", "area": 721, "other catc": null, "frag area": 14.0, "final area": 14.0 }, "geometry": { "type": "MultiPolygon", "coordinates": [ [ [ [ 6.711493834501551, 50.91298565151255 ], [ 6.711494716264276, 50.912967680602378 ], [ 6.711480503030658, 50.912967401881161 ], [ 6.711480943914413, 50.912958416426129 ], [ 6.711438304223112, 50.912957580252346 ], [ 6.711438745114838, 50.912948594797584 ], [ 6.711396105433766, 50.912947758608496 ], [ 6.711395664533843, 50.912956744062996 ], [ 6.71142409099313, 50.912957301524294 ], [ 6.711423650098444, 50.912966286978964 ], [ 6.711437863331158, 50.912966565707109 ], [ 6.71143742243898, 50.912975551161828 ], [ 6.711451635674653, 50.912975829888339 ], [ 6.71145119478498, 50.912984815343151 ], [ 6.711493834501551, 50.91298565151255 ] ] ] ] } },
{ "type": "Feature", "properties": { "DN": 1, "gml_id": "DENW41AL2g200009FL", "identifier": "urn:adv:oid:DENW41AL2g200009FL", "aktualit_2": "2024-08-29Z", "idflurst": "DENW41AL2g200009", "flaeche": 255.0, "flstkennz_": "05468202100474______", "flstnrzae": "474", "flstnrnen": null, "gemarkung": "Horrem", "gemaschl": "054682", "flur": "21", "flurschl": "054682021", "land": "Nordrhein-Westfalen", "landschl": "05", "regbezirk": "Köln", "regbezschl": "053", "kreis": "Rhein-Erft-Kreis", "kreisschl": "05362", "gemeinde": "Kerpen", "gmdschl": "05362032", "abwrecht": "Kein abweichender Rechtszustand", "lagebeztxt": "Merkurweg 26", "tntxt": "Wohnbaufläche;255", "area": 255, "other catc": null, "frag area": 39.9, "final area": 39.5 }, "geometry": { "type": "MultiPolygon", "coordinates": [ [ [ [ 6.709708855151155, 50.913004599151378 ], [ 6.709715038864103, 50.912994429652109 ], [ 6.70971585769729, 50.912977754268766 ], [ 6.70972506865121, 50.912977935035016 ], [ 6.709730515603649, 50.912968977172973 ], [ 6.709730953358245, 50.912960062316799 ], [ 6.709735877640712, 50.91296015895599 ], [ 6.709745992325919, 50.912943524691471 ], [ 6.709746407578916, 50.912935068014718 ], [ 6.709718317975659, 50.912927651068301 ], [ 6.709718063813513, 50.912932827048969 ], [ 6.709703850608149, 50.912932548111627 ], [ 6.709703409382625, 50.912941533555532 ], [ 6.709660769759692, 50.912940696732818 ], [ 6.70965988729157, 50.912958667620039 ], [ 6.709645674078914, 50.912958388675492 ], [ 6.70964523284178, 50.912967374118992 ], [ 6.709639657489629, 50.912967264698217 ], [ 6.709633816205028, 50.912976144161114 ], [ 6.709659004822544, 50.912976638507196 ], [ 6.70965856358769, 50.91298562395076 ], [ 6.709672776808771, 50.91298590289383 ], [ 6.709671455190708, 50.91301281687376 ], [ 6.709671629427852, 50.913012862684973 ], [ 6.709685666340557, 50.913013138166264 ], [ 6.709685500776388, 50.913016509801857 ], [ 6.709699391862858, 50.9130201621061 ], [ 6.709699562107279, 50.913019882128872 ], [ 6.709700320797619, 50.913004431662394 ], [ 6.709708855151155, 50.913004599151378 ] ] ] ] } },
{ "type": "Feature", "properties": { "DN": 1, "gml_id": "DENW41AL30005fOcFL", "identifier": "urn:adv:oid:DENW41AL30005fOcFL", "aktualit_2": "2024-08-20Z", "idflurst": "DENW41AL30005fOc", "flaeche": 253.0, "flstkennz_": "05468202100421______", "flstnrzae": "421", "flstnrnen": null, "gemarkung": "Horrem", "gemaschl": "054682", "flur": "21", "flurschl": "054682021", "land": "Nordrhein-Westfalen", "landschl": "05", "regbezirk": "Köln", "regbezschl": "053", "kreis": "Rhein-Erft-Kreis", "kreisschl": "05362", "gemeinde": "Kerpen", "gmdschl": "05362032", "abwrecht": "Kein abweichender Rechtszustand", "lagebeztxt": "Merkurweg 28", "tntxt": "Wohnbaufläche;253", "area": 252, "other catc": null, "frag area": 20.3, "final area": 20.3 }, "geometry": { "type": "MultiPolygon", "coordinates": [ [ [ [ 6.70974649022492, 50.912933384918503 ], [ 6.709752092357418, 50.912933494859772 ], [ 6.709761468274454, 50.912918087613008 ], [ 6.709762027073392, 50.912906707517799 ], [ 6.709768318373198, 50.912906830983076 ], [ 6.709776943896752, 50.912892656824546 ], [ 6.709777563903662, 50.912880030114664 ], [ 6.709784544370005, 50.912880167103737 ], [ 6.709792419501791, 50.912867226033704 ], [ 6.709793100715729, 50.912853352709142 ], [ 6.709764674352146, 50.912852794851588 ], [ 6.7097637919268, 50.912870765740401 ], [ 6.709749578739883, 50.912870486808842 ], [ 6.70974825509197, 50.912897443141659 ], [ 6.709734041897083, 50.912897164208104 ], [ 6.709733159458546, 50.912915135096398 ], [ 6.709718946258421, 50.912914856160945 ], [ 6.709718317975659, 50.912927651068301 ], [ 6.709746407578916, 50.912935068014718 ], [ 6.70974649022492, 50.912933384918503 ] ] ] ] } },
{ "type": "Feature", "properties": { "DN": 1, "gml_id": "DENW41AL30005TuRFL", "identifier": "urn:adv:oid:DENW41AL30005TuRFL", "aktualit_2": "2024-08-20Z", "idflurst": "DENW41AL30005TuR", "flaeche": 257.0, "flstkennz_": "05468200800816______", "flstnrzae": "816", "flstnrnen": null, "gemarkung": "Horrem", "gemaschl": "054682", "flur": "8", "flurschl": "054682008", "land": "Nordrhein-Westfalen", "landschl": "05", "regbezirk": "Köln", "regbezschl": "053", "kreis": "Rhein-Erft-Kreis", "kreisschl": "05362", "gemeinde": "Kerpen", "gmdschl": "05362032", "abwrecht": "Kein abweichender Rechtszustand", "lagebeztxt": "Merkurweg 21", "tntxt": "Wohnbaufläche;257", "area": 257, "other catc": null, "frag area": 13.0, "final area": 13.0 }, "geometry": { "type": "MultiPolygon", "coordinates": [ [ [ [ 6.710230180481412, 50.912933882195063 ], [ 6.710230621605388, 50.912924896747846 ], [ 6.710244834813652, 50.912925175621062 ], [ 6.710245717055463, 50.91290720472638 ], [ 6.710274143461741, 50.912907762467242 ], [ 6.710275466806365, 50.912880806124583 ], [ 6.710232827221877, 50.912879969511486 ], [ 6.710231062729139, 50.912915911300615 ], [ 6.710216849523832, 50.912915632425765 ], [ 6.710215967270641, 50.912933603320042 ], [ 6.710230180481412, 50.912933882195063 ] ] ] ] } },
{ "type": "Feature", "properties": { "DN": 1, "gml_id": "DENW41AL2g20000BFL", "identifier": "urn:adv:oid:DENW41AL2g20000BFL", "aktualit_2": "2024-08-29Z", "idflurst": "DENW41AL2g20000B", "flaeche": 242.0, "flstkennz_": "05468202100475______", "flstnrzae": "475", "flstnrnen": null, "gemarkung": "Horrem", "gemaschl": "054682", "flur": "21", "flurschl": "054682021", "land": "Nordrhein-Westfalen", "landschl": "05", "regbezirk": "Köln", "regbezschl": "053", "kreis": "Rhein-Erft-Kreis", "kreisschl": "05362", "gemeinde": "Kerpen", "gmdschl": "05362032", "abwrecht": "Kein abweichender Rechtszustand", "lagebeztxt": "Sistenichstraße 27", "tntxt": "Wohnbaufläche;242", "area": 244, "other catc": null, "frag area": 39.3, "final area": 38.9 }, "geometry": { "type": "MultiPolygon", "coordinates": [ [ [ [ 6.709363175038122, 50.912916867654559 ], [ 6.709363616328771, 50.912907882212757 ], [ 6.709377829523242, 50.912908161191432 ], [ 6.709378270810933, 50.912899175749516 ], [ 6.709385861731391, 50.912899324744494 ], [ 6.709391704089858, 50.912890445314723 ], [ 6.709350285720609, 50.912889632348865 ], [ 6.709351609598037, 50.912862676023508 ], [ 6.709337396417679, 50.912862397041827 ], [ 6.709337571475207, 50.912858832601138 ], [ 6.709315865426919, 50.912852980316387 ], [ 6.709295198180913, 50.912852574644901 ], [ 6.709294756877961, 50.91286156008637 ], [ 6.709280543698507, 50.912861281097769 ], [ 6.709279661086456, 50.91287925198047 ], [ 6.709265447901765, 50.912878972989951 ], [ 6.709264565283346, 50.912896943872404 ], [ 6.709292991663887, 50.912897501852058 ], [ 6.709292227269122, 50.912913065775648 ], [ 6.709301774004303, 50.912915583216879 ], [ 6.709302098623421, 50.912915668817803 ], [ 6.709320535447866, 50.912916030707891 ], [ 6.709320317274528, 50.912920473010487 ], [ 6.709323435265691, 50.912921295213145 ], [ 6.709334362322343, 50.912924175776389 ], [ 6.709334748644392, 50.912916309691838 ], [ 6.709363175038122, 50.912916867654559 ] ] ] ] } },
{ "type": "Feature", "properties": { "DN": 1, "gml_id": "DENW41AL30005UA4FL", "identifier": "urn:adv:oid:DENW41AL30005UA4FL", "aktualit_2": "2024-08-20Z", "idflurst": "DENW41AL30005UA4", "flaeche": 529.0, "flstkennz_": "05468200800551______", "flstnrzae": "551", "flstnrnen": null, "gemarkung": "Horrem", "gemaschl": "054682", "flur": "8", "flurschl": "054682008", "land": "Nordrhein-Westfalen", "landschl": "05", "regbezirk": "Köln", "regbezschl": "053", "kreis": "Rhein-Erft-Kreis", "kreisschl": "05362", "gemeinde": "Kerpen", "gmdschl": "05362032", "abwrecht": "Kein abweichender Rechtszustand", "lagebeztxt": "Hauptstraße 190", "tntxt": "Fläche gemischter Nutzung(funktion:Gebäude- und Freifläche Mischnutzung mit Wohnen);529", "area": 529, "other catc": null, "frag area": 16.0, "final area": 16.0 }, "geometry": { "type": "MultiPolygon", "coordinates": [ [ [ [ 6.71054551755537, 50.912886104312811 ], [ 6.710545958617878, 50.912877118863534 ], [ 6.710574385011794, 50.912877676531068 ], [ 6.71057482606861, 50.912868691081599 ], [ 6.710589039263175, 50.912868969912687 ], [ 6.710589480317034, 50.912859984463111 ], [ 6.71047577478871, 50.912857753766716 ], [ 6.710474892637048, 50.912875724664431 ], [ 6.71053174542126, 50.912876840027167 ], [ 6.710531304356021, 50.912885825476359 ], [ 6.71054551755537, 50.912886104312811 ] ] ] ] } },
{ "type": "Feature", "properties": { "DN": 1, "gml_id": "DENW41AL30005Yr5FL", "identifier": "urn:adv:oid:DENW41AL30005Yr5FL", "aktualit_2": "2024-08-20Z", "idflurst": "DENW41AL30005Yr5", "flaeche": 1692.0, "flstkennz_": "05468200800264______", "flstnrzae": "264", "flstnrnen": null, "gemarkung": "Horrem", "gemaschl": "054682", "flur": "8", "flurschl": "054682008", "land": "Nordrhein-Westfalen", "landschl": "05", "regbezirk": "Köln", "regbezschl": "053", "kreis": "Rhein-Erft-Kreis", "kreisschl": "05362", "gemeinde": "Kerpen", "gmdschl": "05362032", "abwrecht": "Kein abweichender Rechtszustand", "lagebeztxt": "Hauptstraße 191", "tntxt": "Fläche gemischter Nutzung(funktion:Gebäude- und Freifläche Mischnutzung mit Wohnen);1692", "area": 1693, "other catc": null, "frag area": 10.6, "final area": 10.6 }, "geometry": { "type": "MultiPolygon", "coordinates": [ [ [ [ 6.711299699279531, 50.912882909262485 ], [ 6.711301022030581, 50.912855952900387 ], [ 6.71124847298406, 50.912854922317827 ], [ 6.711243755367728, 50.912863272042273 ], [ 6.711243287385604, 50.912872808819898 ], [ 6.711257500588058, 50.912873087569636 ], [ 6.711257236142479, 50.912878476607204 ], [ 6.711272637967177, 50.9128823785436 ], [ 6.711299699279531, 50.912882909262485 ] ] ] ] } },
{ "type": "Feature", "properties": { "DN": 1, "gml_id": "DENW41AL30005TuRFL", "identifier": "urn:adv:oid:DENW41AL30005TuRFL", "aktualit_2": "2024-08-20Z", "idflurst": "DENW41AL30005TuR", "flaeche": 257.0, "flstkennz_": "05468200800816______", "flstnrzae": "816", "flstnrnen": null, "gemarkung": "Horrem", "gemaschl": "054682", "flur": "8", "flurschl": "054682008", "land": "Nordrhein-Westfalen", "landschl": "05", "regbezirk": "Köln", "regbezschl": "053", "kreis": "Rhein-Erft-Kreis", "kreisschl": "05362", "gemeinde": "Kerpen", "gmdschl": "05362032", "abwrecht": "Kein abweichender Rechtszustand", "lagebeztxt": "Merkurweg 21", "tntxt": "Wohnbaufläche;257", "area": 257, "other catc": null, "frag area": 33.4, "final area": 33.4 }, "geometry": { "type": "MultiPolygon", "coordinates": [ [ [ [ 6.709891710619221, 50.912873276046518 ], [ 6.709934350187432, 50.912874112784102 ], [ 6.709933909007207, 50.912883098229536 ], [ 6.709962335392608, 50.912883656046134 ], [ 6.709964982437778, 50.912829743372157 ], [ 6.709936556085163, 50.912829185556639 ], [ 6.709936997264031, 50.912820200111099 ], [ 6.709922784090796, 50.912819921200828 ], [ 6.709922902503062, 50.912817509524302 ], [ 6.709908779240349, 50.912815399455205 ], [ 6.709908570917786, 50.912819642288831 ], [ 6.709903756521149, 50.9128195478132 ], [ 6.70989352877431, 50.912836246619655 ], [ 6.70989303418313, 50.912846319710887 ], [ 6.709887426565277, 50.912846209668665 ], [ 6.709878061987564, 50.912861499163043 ], [ 6.709877497430269, 50.912872997130528 ], [ 6.709871096590311, 50.912872871521508 ], [ 6.709868271502703, 50.912877484021791 ], [ 6.709891303925386, 50.912881558959327 ], [ 6.709891710619221, 50.912873276046518 ] ] ] ] } },
{ "type": "Feature", "properties": { "DN": 1, "gml_id": "DENW41AL30005dKpFL", "identifier": "urn:adv:oid:DENW41AL30005dKpFL", "aktualit_2": "2025-01-17Z", "idflurst": "DENW41AL30005dKp", "flaeche": 510.0, "flstkennz_": "054682021000810040__", "flstnrzae": "81", "flstnrnen": "40", "gemarkung": "Horrem", "gemaschl": "054682", "flur": "21", "flurschl": "054682021", "land": "Nordrhein-Westfalen", "landschl": "05", "regbezirk": "Köln", "regbezschl": "053", "kreis": "Rhein-Erft-Kreis", "kreisschl": "05362", "gemeinde": "Kerpen", "gmdschl": "05362032", "abwrecht": "Kein abweichender Rechtszustand", "lagebeztxt": "Sistenichstraße 18", "tntxt": "Wohnbaufläche;510", "area": 509, "other catc": null, "frag area": 35.7, "final area": 35.7 }, "geometry": { "type": "MultiPolygon", "coordinates": [ [ [ [ 6.708556554736131, 50.912829079512484 ], [ 6.708556996180713, 50.912820094075592 ], [ 6.708571209340435, 50.912820373152115 ], [ 6.708570767898586, 50.912829358589079 ], [ 6.70859919422417, 50.912829916737117 ], [ 6.708599635660554, 50.912820931299969 ], [ 6.708613848820954, 50.912821210371305 ], [ 6.708614290254379, 50.912812224934065 ], [ 6.708628503412273, 50.912812504003561 ], [ 6.708629827702997, 50.912785547691456 ], [ 6.70864404085292, 50.912785826758977 ], [ 6.708644923706806, 50.91276785588397 ], [ 6.708630710562347, 50.912767576816641 ], [ 6.708630922549376, 50.912763261752431 ], [ 6.708616876992251, 50.912759571441015 ], [ 6.708616055985821, 50.912776283184904 ], [ 6.708601842839084, 50.912776004114001 ], [ 6.70860140140383, 50.912784989551234 ], [ 6.708587188254587, 50.912784710478533 ], [ 6.708586746816374, 50.912793695915653 ], [ 6.708558320513101, 50.912793137764872 ], [ 6.708557879069199, 50.912802123201786 ], [ 6.708543665915168, 50.91280184412372 ], [ 6.708543224468307, 50.912810829560549 ], [ 6.70852901131177, 50.91281055048065 ], [ 6.708529452761364, 50.912801565043921 ], [ 6.708501026454436, 50.912801006879135 ], [ 6.708500584999377, 50.912809992315694 ], [ 6.70848637184352, 50.912809713230615 ], [ 6.708485930385504, 50.91281869866706 ], [ 6.708514356702909, 50.912819256835668 ], [ 6.70851391525013, 50.912828242272276 ], [ 6.708556554736131, 50.912829079512484 ] ] ] ] } },
{ "type": "Feature", "properties": { "DN": 1, "gml_id": "DENW41AL30005cDjFL", "identifier": "urn:adv:oid:DENW41AL30005cDjFL", "aktualit_2": "2024-08-20Z", "idflurst": "DENW41AL30005cDj", "flaeche": 366.0, "flstkennz_": "05468202100443______", "flstnrzae": "443", "flstnrnen": null, "gemarkung": "Horrem", "gemaschl": "054682", "flur": "21", "flurschl": "054682021", "land": "Nordrhein-Westfalen", "landschl": "05", "regbezirk": "Köln", "regbezschl": "053", "kreis": "Rhein-Erft-Kreis", "kreisschl": "05362", "gemeinde": "Kerpen", "gmdschl": "05362032", "abwrecht": "Kein abweichender Rechtszustand", "lagebeztxt": "Wiesenstraße 30", "tntxt": "Wohnbaufläche;366", "area": 364, "other catc": null, "frag area": 14.8, "final area": 14.8 }, "geometry": { "type": "MultiPolygon", "coordinates": [ [ [ [ 6.70615718496717, 50.912727978196827 ], [ 6.706158510681433, 50.912701021930914 ], [ 6.706144297582051, 50.912700742561185 ], [ 6.706144739489084, 50.912691757139271 ], [ 6.706116313296462, 50.912691198394782 ], [ 6.706116755208734, 50.912682212973031 ], [ 6.706110042868723, 50.912682081034454 ], [ 6.706102119506739, 50.912690526467664 ], [ 6.706100774454121, 50.912717875284827 ], [ 6.706114987558287, 50.912718154659935 ], [ 6.70611454564511, 50.912727140081614 ], [ 6.70615718496717, 50.912727978196827 ] ] ] ] } },
{ "type": "Feature", "properties": { "DN": 1, "gml_id": "DENW41AL30005cTeFL", "identifier": "urn:adv:oid:DENW41AL30005cTeFL", "aktualit_2": "2024-08-20Z", "idflurst": "DENW41AL30005cTe", "flaeche": 493.0, "flstkennz_": "054682021000740035__", "flstnrzae": "74", "flstnrnen": "35", "gemarkung": "Horrem", "gemaschl": "054682", "flur": "21", "flurschl": "054682021", "land": "Nordrhein-Westfalen", "landschl": "05", "regbezirk": "Köln", "regbezschl": "053", "kreis": "Rhein-Erft-Kreis", "kreisschl": "05362", "gemeinde": "Kerpen", "gmdschl": "05362032", "abwrecht": "Kein abweichender Rechtszustand", "lagebeztxt": "Merkurweg 30; Sistenichstraße 31", "tntxt": "Wohnbaufläche;493", "area": 491, "other catc": null, "frag area": 19.0, "final area": 19.0 }, "geometry": { "type": "MultiPolygon", "coordinates": [ [ [ [ 6.709780211161952, 50.912826117447629 ], [ 6.709781093579573, 50.912808146558483 ], [ 6.709795306747815, 50.912808425485949 ], [ 6.709796189159068, 50.912790454596554 ], [ 6.709810402322072, 50.912790733522115 ], [ 6.709809961119291, 50.912799718966916 ], [ 6.709824174285252, 50.912799997890836 ], [ 6.709823733084979, 50.912808983335694 ], [ 6.709828533160652, 50.912809077533609 ], [ 6.709838758168805, 50.912792726766327 ], [ 6.709839269845847, 50.912782305923066 ], [ 6.709845202074262, 50.912782422337841 ], [ 6.709850758374471, 50.912773537271967 ], [ 6.709768645255015, 50.912771925851153 ], [ 6.70976820404449, 50.912780911295705 ], [ 6.709782417204309, 50.912781190224635 ], [ 6.70978197599629, 50.912790175669265 ], [ 6.709753549671413, 50.912789617809501 ], [ 6.709753108457703, 50.91279860325394 ], [ 6.709767321622762, 50.912798882184788 ], [ 6.709765997988472, 50.912825838518252 ], [ 6.709780211161952, 50.912826117447629 ] ] ] ] } },
{ "type": "Feature", "properties": { "DN": 1, "gml_id": "DENW41AL30005VCXFL", "identifier": "urn:adv:oid:DENW41AL30005VCXFL", "aktualit_2": "2024-08-20Z", "idflurst": "DENW41AL30005VCX", "flaeche": 5959.0, "flstkennz_": "05468200800832______", "flstnrzae": "832", "flstnrnen": null, "gemarkung": "Horrem", "gemaschl": "054682", "flur": "8", "flurschl": "054682008", "land": "Nordrhein-Westfalen", "landschl": "05", "regbezirk": "Köln", "regbezschl": "053", "kreis": "Rhein-Erft-Kreis", "kreisschl": "05362", "gemeinde": "Kerpen", "gmdschl": "05362032", "abwrecht": "Kein abweichender Rechtszustand", "lagebeztxt": "Mittelstraße 6, 8, 10, 12, 14, 16, 18, 20, 22, 24, 26", "tntxt": "Wohnbaufläche;5959", "area": 5965, "other catc": null, "frag area": 51.9, "final area": 51.9 }, "geometry": { "type": "MultiPolygon", "coordinates": [ [ [ [ 6.712049140979678, 50.91326636270184 ], [ 6.712049581758635, 50.91325737724371 ], [ 6.71206379508622, 50.9132576558968 ], [ 6.712064235862219, 50.913248670438577 ], [ 6.712092662512601, 50.913249227739385 ], [ 6.71209442559248, 50.913213285905584 ], [ 6.712108638907079, 50.913213564553047 ], [ 6.712109961206419, 50.913186608177263 ], [ 6.712124174513048, 50.913186886822722 ], [ 6.712125937564742, 50.913150944987756 ], [ 6.712140150860668, 50.913151223631125 ], [ 6.712141032379694, 50.913133252713365 ], [ 6.712155245670381, 50.913133531354852 ], [ 6.712157449450333, 50.913088604059702 ], [ 6.712171662727584, 50.913088882699 ], [ 6.712171984158109, 50.913082329814706 ], [ 6.712157891901987, 50.913079584018142 ], [ 6.712157890205646, 50.913079618600619 ], [ 6.712143676931354, 50.91307933995968 ], [ 6.712142354656542, 50.913106296336608 ], [ 6.712128141374277, 50.913106017693678 ], [ 6.712126378327101, 50.913141959528964 ], [ 6.712112165034133, 50.913141680883953 ], [ 6.712110842738182, 50.913168637259986 ], [ 6.712096629437244, 50.913168358612978 ], [ 6.712095747900015, 50.913186329530078 ], [ 6.712067321287887, 50.913185772230506 ], [ 6.712066880513469, 50.913194757688849 ], [ 6.712052667205011, 50.913194479036385 ], [ 6.712052226427635, 50.913203464494629 ], [ 6.712038013116671, 50.913203185840345 ], [ 6.712037131555777, 50.913221156756592 ], [ 6.71206555818886, 50.913221714063788 ], [ 6.712065117413539, 50.913230699522067 ], [ 6.71199405081886, 50.913229306240673 ], [ 6.711993610029651, 50.913238291698491 ], [ 6.712022036672309, 50.913238849016416 ], [ 6.71202159588834, 50.91324783447439 ], [ 6.71203580921274, 50.913248113130848 ], [ 6.712034927649587, 50.913266084046938 ], [ 6.712049140979678, 50.91326636270184 ] ] ] ] } },
{ "type": "Feature", "properties": { "DN": 1, "gml_id": "DENW41AL4000BXFLFL", "identifier": "urn:adv:oid:DENW41AL4000BXFLFL", "aktualit_2": "2024-08-20Z", "idflurst": "DENW41AL4000BXFL", "flaeche": 2307.0, "flstkennz_": "05468200800864______", "flstnrzae": "864", "flstnrnen": null, "gemarkung": "Horrem", "gemaschl": "054682", "flur": "8", "flurschl": "054682008", "land": "Nordrhein-Westfalen", "landschl": "05", "regbezirk": "Köln", "regbezschl": "053", "kreis": "Rhein-Erft-Kreis", "kreisschl": "05362", "gemeinde": "Kerpen", "gmdschl": "05362032", "abwrecht": "Kein abweichender Rechtszustand", "lagebeztxt": "Mittelstraße 28, 30, 32, 34", "tntxt": "Wohnbaufläche;2307", "area": 2308, "other catc": null, "frag area": 68.1, "final area": 68.1 }, "geometry": { "type": "MultiPolygon", "coordinates": [ [ [ [ 6.712172984984648, 50.913061926321447 ], [ 6.712187198253927, 50.913062204958749 ], [ 6.712189401997521, 50.913017277662057 ], [ 6.712203615253364, 50.913017556297191 ], [ 6.712204496743755, 50.912999585378216 ], [ 6.71221870999436, 50.912999864011439 ], [ 6.712220472961503, 50.912963922172935 ], [ 6.712234686201403, 50.912964200804083 ], [ 6.712237330628947, 50.912910288045303 ], [ 6.71225154385268, 50.912910566674178 ], [ 6.712252866055206, 50.912883610294308 ], [ 6.712267079270966, 50.912883888921186 ], [ 6.712267960732723, 50.912865918001017 ], [ 6.712282173943247, 50.912866196625984 ], [ 6.712282614671053, 50.912857211165772 ], [ 6.712268401463263, 50.91285693254089 ], [ 6.712269282923664, 50.912838961620608 ], [ 6.71228349612599, 50.912839240245319 ], [ 6.712283936853119, 50.912830254785071 ], [ 6.712298150052939, 50.912830533407956 ], [ 6.712300794394578, 50.912776620645552 ], [ 6.712315007578229, 50.912776899266177 ], [ 6.712316770457209, 50.912740957423892 ], [ 6.712302557284487, 50.912740678803615 ], [ 6.712301235117394, 50.912767635185098 ], [ 6.712287021936701, 50.912767356562824 ], [ 6.712285699759379, 50.912794312943873 ], [ 6.712271486570714, 50.912794034319617 ], [ 6.712270164383161, 50.912820990700268 ], [ 6.712255951186528, 50.912820712074009 ], [ 6.712254188255699, 50.912856653914275 ], [ 6.71223997504836, 50.912856375285934 ], [ 6.712237771366081, 50.912901302585446 ], [ 6.712223558145307, 50.912901023954937 ], [ 6.712222676665348, 50.91291899487446 ], [ 6.712208463439336, 50.912918716242025 ], [ 6.712207141209508, 50.912945672620907 ], [ 6.712192927975524, 50.912945393986476 ], [ 6.712190724240966, 50.912990321283843 ], [ 6.712176510993547, 50.912990042647252 ], [ 6.712174747990904, 50.913025984484491 ], [ 6.712160534732781, 50.913025705845804 ], [ 6.712157891901987, 50.913079584018142 ], [ 6.712171984158109, 50.913082329814706 ], [ 6.712172984984648, 50.913061926321447 ] ] ] ] } },
{ "type": "Feature", "properties": { "DN": 1, "gml_id": "DENW41AL30005Yr5FL", "identifier": "urn:adv:oid:DENW41AL30005Yr5FL", "aktualit_2": "2024-08-20Z", "idflurst": "DENW41AL30005Yr5", "flaeche": 1692.0, "flstkennz_": "05468200800264______", "flstnrzae": "264", "flstnrnen": null, "gemarkung": "Horrem", "gemaschl": "054682", "flur": "8", "flurschl": "054682008", "land": "Nordrhein-Westfalen", "landschl": "05", "regbezirk": "Köln", "regbezschl": "053", "kreis": "Rhein-Erft-Kreis", "kreisschl": "05362", "gemeinde": "Kerpen", "gmdschl": "05362032", "abwrecht": "Kein abweichender Rechtszustand", "lagebeztxt": "Hauptstraße 191", "tntxt": "Fläche gemischter Nutzung(funktion:Gebäude- und Freifläche Mischnutzung mit Wohnen);1692", "area": 1693, "other catc": null, "frag area": 242.0, "final area": 242.0 }, "geometry": { "type": "MultiPolygon", "coordinates": [ [ [ [ 6.711893568506126, 50.912957513179535 ], [ 6.711894450114031, 50.912939542264262 ], [ 6.711908663343272, 50.912939820934994 ], [ 6.711909544944808, 50.912921850019487 ], [ 6.711923758168811, 50.912922128688308 ], [ 6.711924198966507, 50.91291314323044 ], [ 6.711938412188003, 50.912913421897443 ], [ 6.711939293777253, 50.91289545098148 ], [ 6.711953506993511, 50.912895729646579 ], [ 6.711954829367496, 50.912868773272244 ], [ 6.711969042575782, 50.912869051935331 ], [ 6.711969483363927, 50.912860066477108 ], [ 6.711955270158373, 50.912859787814106 ], [ 6.711957914898891, 50.912805875064869 ], [ 6.71197212808805, 50.912806153727345 ], [ 6.711972568874613, 50.912797168268987 ], [ 6.711958355688186, 50.912796889606597 ], [ 6.711958796477256, 50.91278790414831 ], [ 6.711973009660951, 50.912788182810615 ], [ 6.711973891232947, 50.912770211893829 ], [ 6.711988104411404, 50.91277049055423 ], [ 6.711988545194331, 50.912761505095723 ], [ 6.711931692492793, 50.912760390444113 ], [ 6.711932133286424, 50.912751404985933 ], [ 6.711889493770839, 50.912750568979348 ], [ 6.711887289759441, 50.9127954962687 ], [ 6.711901502944738, 50.912795774939731 ], [ 6.711901062144513, 50.912804760397641 ], [ 6.711886848956483, 50.912804481726525 ], [ 6.7118864081533, 50.912813467184321 ], [ 6.711857981772455, 50.912812909836695 ], [ 6.71185754096358, 50.9128218952943 ], [ 6.711843327770763, 50.912821616617819 ], [ 6.71184200533459, 50.912848572990271 ], [ 6.711827792133803, 50.912848294311786 ], [ 6.711826910503093, 50.912866265226498 ], [ 6.711841123709345, 50.912866543905167 ], [ 6.711840682896383, 50.912875529362587 ], [ 6.711812256478639, 50.912874972003351 ], [ 6.711810934022005, 50.912901928374986 ], [ 6.711839360456143, 50.91290248573474 ], [ 6.711838919642278, 50.912911471192096 ], [ 6.711853132862418, 50.912911749869487 ], [ 6.711852692051059, 50.9129207353269 ], [ 6.711866905274158, 50.912921014002642 ], [ 6.711866464465305, 50.91292999946014 ], [ 6.71183803801387, 50.912929442106766 ], [ 6.711838478828187, 50.912920456649431 ], [ 6.71182426560554, 50.912920177970236 ], [ 6.711824706422364, 50.912911192512993 ], [ 6.711767853544966, 50.912910077779266 ], [ 6.711769616853719, 50.912874135951526 ], [ 6.711783830061799, 50.912874414637194 ], [ 6.711784270885691, 50.91286542918013 ], [ 6.711798484091265, 50.912865707863986 ], [ 6.711799365732904, 50.91284773694963 ], [ 6.71181357893324, 50.912848015631567 ], [ 6.711814460568512, 50.912830044716969 ], [ 6.711800247373641, 50.912829766035202 ], [ 6.711801129013472, 50.91281179512071 ], [ 6.711772702635337, 50.912811237752344 ], [ 6.711771820984575, 50.91282920866648 ], [ 6.711786034178995, 50.912829487351701 ], [ 6.711784711709356, 50.912856443723051 ], [ 6.711770498506739, 50.912856165037567 ], [ 6.711770939332911, 50.912847179580538 ], [ 6.711756726133252, 50.91284690089342 ], [ 6.71175716696193, 50.912837915436491 ], [ 6.711714527372508, 50.912837079364976 ], [ 6.711713645698532, 50.912855050278303 ], [ 6.711699432497046, 50.912854771584165 ], [ 6.711698109976191, 50.91288172795376 ], [ 6.711712323185875, 50.912882006648168 ], [ 6.71171188234787, 50.912890992104749 ], [ 6.711683455923264, 50.912890434714043 ], [ 6.711683015079569, 50.912899420170419 ], [ 6.711654588650402, 50.912898862772614 ], [ 6.711655029499561, 50.91288987731641 ], [ 6.711640816288049, 50.912889598614996 ], [ 6.711641257139714, 50.912880613158855 ], [ 6.711612830722833, 50.912880055751039 ], [ 6.711611949008344, 50.912898026662944 ], [ 6.711597735794778, 50.912897747956258 ], [ 6.711597294934463, 50.912906733412107 ], [ 6.711583081718389, 50.912906454703602 ], [ 6.711581759127892, 50.91293341107076 ], [ 6.711624398801381, 50.912934247191892 ], [ 6.711624839656908, 50.912925261735921 ], [ 6.711610626434918, 50.912924983030692 ], [ 6.711611067292953, 50.912915997574792 ], [ 6.711625280512211, 50.91291627627993 ], [ 6.711625721367287, 50.912907290823931 ], [ 6.711639934584039, 50.912907569527242 ], [ 6.711639493731695, 50.912916554983333 ], [ 6.711682133391501, 50.912917391083162 ], [ 6.711681692547129, 50.912926376539517 ], [ 6.711710118993594, 50.912926933930933 ], [ 6.71170967815446, 50.912935919387444 ], [ 6.711723891380762, 50.912936198080644 ], [ 6.711724332217164, 50.912927212624055 ], [ 6.711752758664986, 50.912927770005105 ], [ 6.711753199495697, 50.91291878454831 ], [ 6.71181005238312, 50.912919899289314 ], [ 6.711809170743331, 50.912937870203571 ], [ 6.711823383971216, 50.912938148884678 ], [ 6.711822943153714, 50.912947134341884 ], [ 6.711851369615627, 50.912947691699074 ], [ 6.711850928803365, 50.912956677156444 ], [ 6.711893568506126, 50.912957513179535 ] ], [ [ 6.711840242083197, 50.912884514819986 ], [ 6.711854455295139, 50.912884793497106 ], [ 6.711854014484458, 50.912893778954583 ], [ 6.711839801269782, 50.91289350027737 ], [ 6.711840242083197, 50.912884514819986 ] ], [ [ 6.711925962155035, 50.912877201398807 ], [ 6.711940175365601, 50.912877480065454 ], [ 6.711939734571541, 50.912886465523464 ], [ 6.711925521358242, 50.912886186856731 ], [ 6.711925962155035, 50.912877201398807 ] ] ] ] } },
{ "type": "Feature", "properties": { "DN": 1, "gml_id": "DENW41AL30005Yr5FL", "identifier": "urn:adv:oid:DENW41AL30005Yr5FL", "aktualit_2": "2024-08-20Z", "idflurst": "DENW41AL30005Yr5", "flaeche": 1692.0, "flstkennz_": "05468200800264______", "flstnrzae": "264", "flstnrnen": null, "gemarkung": "Horrem", "gemaschl": "054682", "flur": "8", "flurschl": "054682008", "land": "Nordrhein-Westfalen", "landschl": "05", "regbezirk": "Köln", "regbezschl": "053", "kreis": "Rhein-Erft-Kreis", "kreisschl": "05362", "gemeinde": "Kerpen", "gmdschl": "05362032", "abwrecht": "Kein abweichender Rechtszustand", "lagebeztxt": "Hauptstraße 191", "tntxt": "Fläche gemischter Nutzung(funktion:Gebäude- und Freifläche Mischnutzung mit Wohnen);1692", "area": 1693, "other catc": null, "frag area": 21.0, "final area": 21.0 }, "geometry": { "type": "MultiPolygon", "coordinates": [ [ [ [ 6.71182955539251, 50.91281235248217 ], [ 6.711829996206624, 50.912803367024715 ], [ 6.71184420939375, 50.912803645702759 ], [ 6.711845091015833, 50.912785674787628 ], [ 6.71185930419772, 50.912785953463761 ], [ 6.711860185813434, 50.912767982548395 ], [ 6.711831759460815, 50.912767425194751 ], [ 6.711832200273798, 50.912758439737217 ], [ 6.71178956075476, 50.91275760369404 ], [ 6.711788238290542, 50.912784560065788 ], [ 6.711802451471526, 50.912784838748841 ], [ 6.711801129013472, 50.91281179512071 ], [ 6.71182955539251, 50.91281235248217 ] ] ] ] } },
{ "type": "Feature", "properties": { "DN": 1, "gml_id": "DENW41AL30005UTXFL", "identifier": "urn:adv:oid:DENW41AL30005UTXFL", "aktualit_2": "2025-01-17Z", "idflurst": "DENW41AL30005UTX", "flaeche": 502.0, "flstkennz_": "054682021000800040__", "flstnrzae": "80", "flstnrnen": "40", "gemarkung": "Horrem", "gemaschl": "054682", "flur": "21", "flurschl": "054682021", "land": "Nordrhein-Westfalen", "landschl": "05", "regbezirk": "Köln", "regbezschl": "053", "kreis": "Rhein-Erft-Kreis", "kreisschl": "05362", "gemeinde": "Kerpen", "gmdschl": "05362032", "abwrecht": "Kein abweichender Rechtszustand", "lagebeztxt": "Sistenichstraße 20", "tntxt": "Wohnbaufläche;502", "area": 502, "other catc": null, "frag area": 36.8, "final area": 36.2 }, "geometry": { "type": "MultiPolygon", "coordinates": [ [ [ [ 6.708618263145032, 50.912731355998069 ], [ 6.7086751156796, 50.912732472262562 ], [ 6.708675557099835, 50.912723486824788 ], [ 6.708661343968586, 50.912723207761339 ], [ 6.708662226813841, 50.912705236885927 ], [ 6.708648013688283, 50.912704957820935 ], [ 6.708648188367798, 50.912701402128398 ], [ 6.708640659867568, 50.91269942596427 ], [ 6.708648901596496, 50.912686883979184 ], [ 6.708649337962664, 50.912678001507963 ], [ 6.708654669749428, 50.912678106194114 ], [ 6.708657263003225, 50.912674159864721 ], [ 6.708636690098142, 50.912668759069639 ], [ 6.708621353158428, 50.912668457935816 ], [ 6.708621533833099, 50.912664780246757 ], [ 6.708599659872512, 50.912659037889711 ], [ 6.708593368365797, 50.912658914357081 ], [ 6.708591161188313, 50.912703841543681 ], [ 6.708562734939684, 50.912703283394691 ], [ 6.708562293498044, 50.912712268831775 ], [ 6.708576506624977, 50.912712547907233 ], [ 6.708576065185843, 50.912721533344396 ], [ 6.708604491445851, 50.912722091490288 ], [ 6.708603608577834, 50.912740062364939 ], [ 6.708617821713642, 50.912740341435473 ], [ 6.708618263145032, 50.912731355998069 ] ] ] ] } },
{ "type": "Feature", "properties": { "DN": 1, "gml_id": "DENW41AL30005Yr5FL", "identifier": "urn:adv:oid:DENW41AL30005Yr5FL", "aktualit_2": "2024-08-20Z", "idflurst": "DENW41AL30005Yr5", "flaeche": 1692.0, "flstkennz_": "05468200800264______", "flstnrzae": "264", "flstnrnen": null, "gemarkung": "Horrem", "gemaschl": "054682", "flur": "8", "flurschl": "054682008", "land": "Nordrhein-Westfalen", "landschl": "05", "regbezirk": "Köln", "regbezschl": "053", "kreis": "Rhein-Erft-Kreis", "kreisschl": "05362", "gemeinde": "Kerpen", "gmdschl": "05362032", "abwrecht": "Kein abweichender Rechtszustand", "lagebeztxt": "Hauptstraße 191", "tntxt": "Fläche gemischter Nutzung(funktion:Gebäude- und Freifläche Mischnutzung mit Wohnen);1692", "area": 1693, "other catc": null, "frag area": 22.7, "final area": 22.7 }, "geometry": { "type": "MultiPolygon", "coordinates": [ [ [ [ 6.711362283869692, 50.912767213315625 ], [ 6.71136360657914, 50.912740256951807 ], [ 6.711377819742418, 50.912740535686375 ], [ 6.711378260642383, 50.912731550231655 ], [ 6.711392473803152, 50.912731828964411 ], [ 6.71139291470016, 50.912722843509563 ], [ 6.711435554175628, 50.912723679697194 ], [ 6.711435995064211, 50.912714694242077 ], [ 6.711450208220421, 50.912714972967741 ], [ 6.711450649106047, 50.912705987512517 ], [ 6.711422222799319, 50.912705430059646 ], [ 6.711421781908228, 50.912714415514685 ], [ 6.711364929286555, 50.912713300587853 ], [ 6.71136448838431, 50.912722286042516 ], [ 6.711336062069365, 50.912721728568542 ], [ 6.711335621161427, 50.912730714023034 ], [ 6.711321408001562, 50.912730435283358 ], [ 6.711320967090667, 50.912739420737722 ], [ 6.711313810786023, 50.912739280392053 ], [ 6.711308784813048, 50.912748175926332 ], [ 6.711334739344878, 50.912748684931927 ], [ 6.711333857527422, 50.912766655840763 ], [ 6.711362283869692, 50.912767213315625 ] ] ] ] } },
{ "type": "Feature", "properties": { "DN": 1, "gml_id": "DENW41AL30005dokFL", "identifier": "urn:adv:oid:DENW41AL30005dokFL", "aktualit_2": "2024-08-20Z", "idflurst": "DENW41AL30005dok", "flaeche": 685.0, "flstkennz_": "05468200800396______", "flstnrzae": "396", "flstnrnen": null, "gemarkung": "Horrem", "gemaschl": "054682", "flur": "8", "flurschl": "054682008", "land": "Nordrhein-Westfalen", "landschl": "05", "regbezirk": "Köln", "regbezschl": "053", "kreis": "Rhein-Erft-Kreis", "kreisschl": "05362", "gemeinde": "Kerpen", "gmdschl": "05362032", "abwrecht": "Kein abweichender Rechtszustand", "lagebeztxt": "Höhenweg 42", "tntxt": "Wohnbaufläche;685", "area": 688, "other catc": null, "frag area": 11.5, "final area": 11.5 }, "geometry": { "type": "MultiPolygon", "coordinates": [ [ [ [ 6.714635152849931, 50.912894310544914 ], [ 6.714643682647976, 50.912869308125551 ], [ 6.714645092207229, 50.912840540605835 ], [ 6.714653441153222, 50.91284070410223 ], [ 6.714656873253243, 50.912830643959381 ], [ 6.714631521689691, 50.912827145374429 ], [ 6.714631319256255, 50.912831276793632 ], [ 6.714617106033074, 50.912830998454737 ], [ 6.71461534492014, 50.912866940354149 ], [ 6.714629558154248, 50.912867218693393 ], [ 6.714628237325376, 50.912894175118055 ], [ 6.714635152849931, 50.912894310544914 ] ] ] ] } },
{ "type": "Feature", "properties": { "DN": 1, "gml_id": "DENW41AL30005bxEFL", "identifier": "urn:adv:oid:DENW41AL30005bxEFL", "aktualit_2": "2024-08-20Z", "idflurst": "DENW41AL30005bxE", "flaeche": 505.0, "flstkennz_": "05468200800397______", "flstnrzae": "397", "flstnrnen": null, "gemarkung": "Horrem", "gemaschl": "054682", "flur": "8", "flurschl": "054682008", "land": "Nordrhein-Westfalen", "landschl": "05", "regbezirk": "Köln", "regbezschl": "053", "kreis": "Rhein-Erft-Kreis", "kreisschl": "05362", "gemeinde": "Kerpen", "gmdschl": "05362032", "abwrecht": "Kein abweichender Rechtszustand", "lagebeztxt": "Höhenweg 44", "tntxt": "Wohnbaufläche;505", "area": 504, "other catc": null, "frag area": 14.8, "final area": 14.8 }, "geometry": { "type": "MultiPolygon", "coordinates": [ [ [ [ 6.714661506779829, 50.912795891565466 ], [ 6.714668687308526, 50.912796032179955 ], [ 6.714676906610775, 50.912771951958973 ], [ 6.714677921319687, 50.912751242522063 ], [ 6.714678714236914, 50.912751258049468 ], [ 6.714663794487591, 50.912749201510792 ], [ 6.714663267852755, 50.912759949664448 ], [ 6.714649054650982, 50.912759671329738 ], [ 6.714646853295599, 50.912804598705506 ], [ 6.71463264008039, 50.912804320368615 ], [ 6.714631521689691, 50.912827145374429 ], [ 6.714656873253243, 50.912830643959381 ], [ 6.714660295206934, 50.912820618626313 ], [ 6.714661506779829, 50.912795891565466 ] ] ] ] } },
{ "type": "Feature", "properties": { "DN": 1, "gml_id": "DENW41AL30005Yr5FL", "identifier": "urn:adv:oid:DENW41AL30005Yr5FL", "aktualit_2": "2024-08-20Z", "idflurst": "DENW41AL30005Yr5", "flaeche": 1692.0, "flstkennz_": "05468200800264______", "flstnrzae": "264", "flstnrnen": null, "gemarkung": "Horrem", "gemaschl": "054682", "flur": "8", "flurschl": "054682008", "land": "Nordrhein-Westfalen", "landschl": "05", "regbezirk": "Köln", "regbezschl": "053", "kreis": "Rhein-Erft-Kreis", "kreisschl": "05362", "gemeinde": "Kerpen", "gmdschl": "05362032", "abwrecht": "Kein abweichender Rechtszustand", "lagebeztxt": "Hauptstraße 191", "tntxt": "Fläche gemischter Nutzung(funktion:Gebäude- und Freifläche Mischnutzung mit Wohnen);1692", "area": 1693, "other catc": null, "frag area": 41.0, "final area": 41.0 }, "geometry": { "type": "MultiPolygon", "coordinates": [ [ [ [ 6.711535487162421, 50.912716645285379 ], [ 6.711538132374424, 50.912662732550622 ], [ 6.711523919233254, 50.912662453835864 ], [ 6.711524360103862, 50.9126534683801 ], [ 6.711495933827663, 50.912652910945589 ], [ 6.71149637470351, 50.912643925489981 ], [ 6.711453735299103, 50.912643089325506 ], [ 6.711453294415057, 50.912652074780858 ], [ 6.711439081277975, 50.912651796055819 ], [ 6.711438640390972, 50.91266078151105 ], [ 6.711467066670829, 50.912661338959573 ], [ 6.711466625789066, 50.912670324414954 ], [ 6.711452412646292, 50.912670045691478 ], [ 6.711450649106047, 50.912705987512517 ], [ 6.711493288567834, 50.912706823678853 ], [ 6.711492847690405, 50.91271580913434 ], [ 6.711535487162421, 50.912716645285379 ] ] ] ] } },
{ "type": "Feature", "properties": { "DN": 1, "gml_id": "DENW41AL30005XvcFL", "identifier": "urn:adv:oid:DENW41AL30005XvcFL", "aktualit_2": "2024-08-20Z", "idflurst": "DENW41AL30005Xvc", "flaeche": 225.0, "flstkennz_": "05468202100341______", "flstnrzae": "341", "flstnrnen": null, "gemarkung": "Horrem", "gemaschl": "054682", "flur": "21", "flurschl": "054682021", "land": "Nordrhein-Westfalen", "landschl": "05", "regbezirk": "Köln", "regbezschl": "053", "kreis": "Rhein-Erft-Kreis", "kreisschl": "05362", "gemeinde": "Kerpen", "gmdschl": "05362032", "abwrecht": "Kein abweichender Rechtszustand", "lagebeztxt": "Wiesenstraße 38", "tntxt": "Wohnbaufläche;225", "area": 226, "other catc": null, "frag area": 14.0, "final area": 13.9 }, "geometry": { "type": "MultiPolygon", "coordinates": [ [ [ [ 6.705682337357472, 50.912547755684088 ], [ 6.705692728029018, 50.912547959962559 ], [ 6.705696806782228, 50.912542823122102 ], [ 6.705697434387123, 50.912530064270776 ], [ 6.705683221344395, 50.912529784845574 ], [ 6.705683663337515, 50.912520799426311 ], [ 6.705630637742374, 50.912519756939957 ], [ 6.705623937776546, 50.912528619325386 ], [ 6.705640582217569, 50.912528946559618 ], [ 6.705639698214254, 50.912546917397584 ], [ 6.705653911261766, 50.912547196828143 ], [ 6.7056534692625, 50.912556182247194 ], [ 6.705681895363671, 50.912556741103316 ], [ 6.705682337357472, 50.912547755684088 ] ] ] ] } },
{ "type": "Feature", "properties": { "DN": 1, "gml_id": "DENW41AL30005URnFL", "identifier": "urn:adv:oid:DENW41AL30005URnFL", "aktualit_2": "2024-08-20Z", "idflurst": "DENW41AL30005URn", "flaeche": 200.0, "flstkennz_": "054682021001610003__", "flstnrzae": "161", "flstnrnen": "3", "gemarkung": "Horrem", "gemaschl": "054682", "flur": "21", "flurschl": "054682021", "land": "Nordrhein-Westfalen", "landschl": "05", "regbezirk": "Köln", "regbezschl": "053", "kreis": "Rhein-Erft-Kreis", "kreisschl": "05362", "gemeinde": "Kerpen", "gmdschl": "05362032", "abwrecht": "Kein abweichender Rechtszustand", "lagebeztxt": "Wiesenstraße 40", "tntxt": "Wohnbaufläche;200", "area": 201, "other catc": null, "frag area": 10.1, "final area": 10.1 }, "geometry": { "type": "MultiPolygon", "coordinates": [ [ [ [ 6.705626811179799, 50.912519681708581 ], [ 6.705627253183622, 50.912510696289644 ], [ 6.705613040147491, 50.912510416855973 ], [ 6.705612598140934, 50.912519402274832 ], [ 6.705569959025705, 50.912518563963189 ], [ 6.705570401040458, 50.912509578544608 ], [ 6.705556188005232, 50.912509299104023 ], [ 6.705555303970035, 50.912527269940995 ], [ 6.705541090929573, 50.912526990498513 ], [ 6.705540648908902, 50.912535975916875 ], [ 6.705583288039167, 50.912536814239424 ], [ 6.705583730051641, 50.912527828820785 ], [ 6.705623937776546, 50.912528619325386 ], [ 6.705630637742374, 50.912519756939957 ], [ 6.705626811179799, 50.912519681708581 ] ] ] ] } },
{ "type": "Feature", "properties": { "DN": 1, "gml_id": "DENW41AL30005QxvFL", "identifier": "urn:adv:oid:DENW41AL30005QxvFL", "aktualit_2": "2024-08-20Z", "idflurst": "DENW41AL30005Qxv", "flaeche": 426.0, "flstkennz_": "05468200800262______", "flstnrzae": "262", "flstnrnen": null, "gemarkung": "Horrem", "gemaschl": "054682", "flur": "8", "flurschl": "054682008", "land": "Nordrhein-Westfalen", "landschl": "05", "regbezirk": "Köln", "regbezschl": "053", "kreis": "Rhein-Erft-Kreis", "kreisschl": "05362", "gemeinde": "Kerpen", "gmdschl": "05362032", "abwrecht": "Kein abweichender Rechtszustand", "lagebeztxt": "Hauptstraße 193", "tntxt": "Fläche gemischter Nutzung(funktion:Gebäude- und Freifläche Mischnutzung mit Wohnen);426", "area": 425, "other catc": null, "frag area": 83.0, "final area": 83.0 }, "geometry": { "type": "MultiPolygon", "coordinates": [ [ [ [ 6.711808182099597, 50.912668027802376 ], [ 6.711809945362092, 50.912632085972128 ], [ 6.711795732227559, 50.912631807290573 ], [ 6.71179617304535, 50.912622821833068 ], [ 6.711781959913774, 50.91262254314988 ], [ 6.711782400734072, 50.912613557692438 ], [ 6.711739761348896, 50.912612721632769 ], [ 6.711740202177165, 50.912603736175583 ], [ 6.711711775926974, 50.912603178794008 ], [ 6.711712216760482, 50.912594193336972 ], [ 6.711655364273743, 50.912593078553421 ], [ 6.711655805117954, 50.912584093096733 ], [ 6.711627378881404, 50.912583535694765 ], [ 6.711626497181828, 50.912601506607785 ], [ 6.711612284058428, 50.91260122790402 ], [ 6.711611843205569, 50.912610213360416 ], [ 6.711597630079662, 50.912609934654839 ], [ 6.711597189223844, 50.912618920111136 ], [ 6.711582976095431, 50.912618641403753 ], [ 6.711583416953982, 50.912609655947534 ], [ 6.711569203828526, 50.912609377238503 ], [ 6.711568762967244, 50.912618362694616 ], [ 6.711554549839282, 50.912618083983766 ], [ 6.711554108975042, 50.912627069439779 ], [ 6.711610961499173, 50.912628184273153 ], [ 6.711610520645635, 50.912637169729493 ], [ 6.71166737318431, 50.912638284535568 ], [ 6.711666932341474, 50.912647269992256 ], [ 6.711709571756049, 50.912648106078919 ], [ 6.711709130921186, 50.912657091535849 ], [ 6.711751770345991, 50.912657927607221 ], [ 6.7117513295191, 50.912666913064406 ], [ 6.711808182099597, 50.912668027802376 ] ] ] ] } },
{ "type": "Feature", "properties": { "DN": 1, "gml_id": "DENW41AL30005horFL", "identifier": "urn:adv:oid:DENW41AL30005horFL", "aktualit_2": "2024-08-20Z", "idflurst": "DENW41AL30005hor", "flaeche": 233.0, "flstkennz_": "05468200800071______", "flstnrzae": "71", "flstnrnen": null, "gemarkung": "Horrem", "gemaschl": "054682", "flur": "8", "flurschl": "054682008", "land": "Nordrhein-Westfalen", "landschl": "05", "regbezirk": "Köln", "regbezschl": "053", "kreis": "Rhein-Erft-Kreis", "kreisschl": "05362", "gemeinde": "Kerpen", "gmdschl": "05362032", "abwrecht": "Kein abweichender Rechtszustand", "lagebeztxt": "Höhenweg 48", "tntxt": "Wohnbaufläche;233", "area": 237, "other catc": null, "frag area": 15.5, "final area": 15.5 }, "geometry": { "type": "MultiPolygon", "coordinates": [ [ [ [ 6.714710310043978, 50.912670929901886 ], [ 6.714717131738113, 50.912671063486684 ], [ 6.714725768117334, 50.912645800182723 ], [ 6.714726284235904, 50.912635266325445 ], [ 6.714697857907284, 50.912634709670598 ], [ 6.714698298166328, 50.912625724194889 ], [ 6.714684085005089, 50.912625445864954 ], [ 6.71468320448131, 50.912643416816174 ], [ 6.714668991314833, 50.912643138484334 ], [ 6.714668551049873, 50.91265212395983 ], [ 6.714654337880888, 50.912651845626172 ], [ 6.714653897612971, 50.912660831101562 ], [ 6.71468232395663, 50.912661387767322 ], [ 6.714681902398522, 50.912669991494823 ], [ 6.714685070731749, 50.912670435653382 ], [ 6.714696096868852, 50.912670651573237 ], [ 6.71469603215739, 50.912671972300018 ], [ 6.71471016191751, 50.912673953103521 ], [ 6.714710310043978, 50.912670929901886 ] ] ] ] } },
{ "type": "Feature", "properties": { "DN": 1, "gml_id": "DENW41AL30005WPmFL", "identifier": "urn:adv:oid:DENW41AL30005WPmFL", "aktualit_2": "2024-08-20Z", "idflurst": "DENW41AL30005WPm", "flaeche": 315.0, "flstkennz_": "05468200800657______", "flstnrzae": "657", "flstnrnen": null, "gemarkung": "Horrem", "gemaschl": "054682", "flur": "8", "flurschl": "054682008", "land": "Nordrhein-Westfalen", "landschl": "05", "regbezirk": "Köln", "regbezschl": "053", "kreis": "Rhein-Erft-Kreis", "kreisschl": "05362", "gemeinde": "Kerpen", "gmdschl": "05362032", "abwrecht": "Kein abweichender Rechtszustand", "lagebeztxt": "Merkurweg 27", "tntxt": "Wohnbaufläche;315", "area": 315, "other catc": null, "frag area": 13.3, "final area": 13.3 }, "geometry": { "type": "MultiPolygon", "coordinates": [ [ [ [ 6.71006129035846, 50.912606780615917 ], [ 6.710061731509817, 50.912597795169241 ], [ 6.710075944616779, 50.912598074061727 ], [ 6.710075503468154, 50.912607059508495 ], [ 6.710089716578076, 50.912607338399333 ], [ 6.710090598869635, 50.912589367505625 ], [ 6.710076385765178, 50.912589088614965 ], [ 6.710076826913352, 50.912580103168153 ], [ 6.710091040015077, 50.912580382058735 ], [ 6.710092028757042, 50.912560242905094 ], [ 6.710063744556487, 50.912556793030028 ], [ 6.710063054962533, 50.91257083882914 ], [ 6.710055009754911, 50.912570680963725 ], [ 6.710048281867884, 50.912581965978234 ], [ 6.71004751840308, 50.912597516275021 ], [ 6.710039109475561, 50.912597351271494 ], [ 6.71003380937831, 50.912606241373531 ], [ 6.71006129035846, 50.912606780615917 ] ] ] ] } },
{ "type": "Feature", "properties": { "DN": 1, "gml_id": "DENW41AL4000BXFLFL", "identifier": "urn:adv:oid:DENW41AL4000BXFLFL", "aktualit_2": "2024-08-20Z", "idflurst": "DENW41AL4000BXFL", "flaeche": 2307.0, "flstkennz_": "05468200800864______", "flstnrzae": "864", "flstnrnen": null, "gemarkung": "Horrem", "gemaschl": "054682", "flur": "8", "flurschl": "054682008", "land": "Nordrhein-Westfalen", "landschl": "05", "regbezirk": "Köln", "regbezschl": "053", "kreis": "Rhein-Erft-Kreis", "kreisschl": "05362", "gemeinde": "Kerpen", "gmdschl": "05362032", "abwrecht": "Kein abweichender Rechtszustand", "lagebeztxt": "Mittelstraße 28, 30, 32, 34", "tntxt": "Wohnbaufläche;2307", "area": 2308, "other catc": null, "frag area": 42.0, "final area": 42.0 }, "geometry": { "type": "MultiPolygon", "coordinates": [ [ [ [ 6.712346959656838, 50.912705572815987 ], [ 6.71234740036965, 50.912696587355128 ], [ 6.712361613529387, 50.912696865969778 ], [ 6.712363376367448, 50.912660924125824 ], [ 6.712377589516482, 50.912661202738377 ], [ 6.712379352340001, 50.912625260893805 ], [ 6.71239356547833, 50.912625539504283 ], [ 6.7123948875854, 50.912598583120413 ], [ 6.71240910071576, 50.912598861728902 ], [ 6.712410863511097, 50.912562919883143 ], [ 6.712425076630753, 50.912563198489536 ], [ 6.712426839411545, 50.912527256643159 ], [ 6.712384200086042, 50.912526420819844 ], [ 6.712383759382985, 50.912535406281201 ], [ 6.712369546272203, 50.912535127669877 ], [ 6.712369105566189, 50.912544113131126 ], [ 6.712383318679704, 50.912544391742529 ], [ 6.712381555864316, 50.912580333587712 ], [ 6.712367342739873, 50.912580054975948 ], [ 6.712364257785124, 50.912642953203736 ], [ 6.71235004464178, 50.91264267458962 ], [ 6.712348281794596, 50.912678616433368 ], [ 6.712334068640549, 50.912678337817169 ], [ 6.712332746494594, 50.912705294199526 ], [ 6.712346959656838, 50.912705572815987 ] ] ] ] } },
{ "type": "Feature", "properties": { "DN": 1, "gml_id": "DENW41AL30005ckGFL", "identifier": "urn:adv:oid:DENW41AL30005ckGFL", "aktualit_2": "2025-01-17Z", "idflurst": "DENW41AL30005ckG", "flaeche": 484.0, "flstkennz_": "05468202100039______", "flstnrzae": "39", "flstnrnen": null, "gemarkung": "Horrem", "gemaschl": "054682", "flur": "21", "flurschl": "054682021", "land": "Nordrhein-Westfalen", "landschl": "05", "regbezirk": "Köln", "regbezschl": "053", "kreis": "Rhein-Erft-Kreis", "kreisschl": "05362", "gemeinde": "Kerpen", "gmdschl": "05362032", "abwrecht": "Kein abweichender Rechtszustand", "lagebeztxt": "Sistenichstraße 26", "tntxt": "Wohnbaufläche;484", "area": 481, "other catc": null, "frag area": 21.0, "final area": 21.0 }, "geometry": { "type": "MultiPolygon", "coordinates": [ [ [ [ 6.708800738436349, 50.912492097863698 ], [ 6.708801179828616, 50.912483112424766 ], [ 6.70882960594787, 50.912483670513986 ], [ 6.708830488720799, 50.912465699635732 ], [ 6.708802062612476, 50.912465141546861 ], [ 6.708802504004065, 50.912456156107872 ], [ 6.708788290952974, 50.912455877060935 ], [ 6.70878873234707, 50.912446891622025 ], [ 6.708774519298939, 50.912446612573433 ], [ 6.708774960695541, 50.912437627134594 ], [ 6.708760747650367, 50.912437348084374 ], [ 6.708760306251032, 50.912446333523143 ], [ 6.708746093203354, 50.91244605447109 ], [ 6.708745651801061, 50.912455039909737 ], [ 6.708759864851472, 50.912455318961868 ], [ 6.708758540651434, 50.912482275277952 ], [ 6.708744327592825, 50.912481996225559 ], [ 6.708743886189628, 50.912490981664142 ], [ 6.708800738436349, 50.912492097863698 ] ] ] ] } },
{ "type": "Feature", "properties": { "DN": 1, "gml_id": "DENW41AL30005bRbFL", "identifier": "urn:adv:oid:DENW41AL30005bRbFL", "aktualit_2": "2024-08-20Z", "idflurst": "DENW41AL30005bRb", "flaeche": 397.0, "flstkennz_": "054682021002720045__", "flstnrzae": "272", "flstnrnen": "45", "gemarkung": "Horrem", "gemaschl": "054682", "flur": "21", "flurschl": "054682021", "land": "Nordrhein-Westfalen", "landschl": "05", "regbezirk": "Köln", "regbezschl": "053", "kreis": "Rhein-Erft-Kreis", "kreisschl": "05362", "gemeinde": "Kerpen", "gmdschl": "05362032", "abwrecht": "Kein abweichender Rechtszustand", "lagebeztxt": "Herderstraße 1", "tntxt": "Wohnbaufläche;397", "area": 397, "other catc": null, "frag area": 33.5, "final area": 33.5 }, "geometry": { "type": "MultiPolygon", "coordinates": [ [ [ [ 6.708185161863795, 50.912569951618806 ], [ 6.708185603375814, 50.912560966183868 ], [ 6.708214029530255, 50.912561524423573 ], [ 6.708214471036583, 50.912552538988436 ], [ 6.708267212704263, 50.912553574723567 ], [ 6.708271587700157, 50.912548275058171 ], [ 6.708272206327371, 50.912535684575694 ], [ 6.708281825490084, 50.912535873472805 ], [ 6.708286714838855, 50.912529950739049 ], [ 6.708286860889626, 50.912526978250135 ], [ 6.708289131878774, 50.912527022846668 ], [ 6.708296438264653, 50.912518172220018 ], [ 6.708287302381389, 50.912517992814486 ], [ 6.708287743872923, 50.912509007378823 ], [ 6.70830195693522, 50.912509286486895 ], [ 6.708301841965495, 50.912511626417761 ], [ 6.70830730285525, 50.912505011337259 ], [ 6.708260188264762, 50.912490732232634 ], [ 6.708259759245778, 50.912499463721971 ], [ 6.708245546186891, 50.912499184608798 ], [ 6.708244663187655, 50.912517155479613 ], [ 6.708230450123529, 50.912516876364528 ], [ 6.708230008620839, 50.912525861799821 ], [ 6.708215795554207, 50.912525582682918 ], [ 6.708215354048559, 50.912534568118112 ], [ 6.70818692791051, 50.912534009878947 ], [ 6.708186044887605, 50.912551980748916 ], [ 6.708171831813456, 50.912551701626555 ], [ 6.708170948784182, 50.912569672496282 ], [ 6.708185161863795, 50.912569951618806 ] ] ], [ [ [ 6.70824598768617, 50.912490199173355 ], [ 6.708259291439123, 50.912490460429794 ], [ 6.708246170242904, 50.912486483759942 ], [ 6.70824598768617, 50.912490199173355 ] ] ] ] } },
{ "type": "Feature", "properties": { "DN": 1, "gml_id": "DENW41AL30005cykFL", "identifier": "urn:adv:oid:DENW41AL30005cykFL", "aktualit_2": "2024-08-20Z", "idflurst": "DENW41AL30005cyk", "flaeche": 504.0, "flstkennz_": "05468202100323______", "flstnrzae": "323", "flstnrnen": null, "gemarkung": "Horrem", "gemaschl": "054682", "flur": "21", "flurschl": "054682021", "land": "Nordrhein-Westfalen", "landschl": "05", "regbezirk": "Köln", "regbezschl": "053", "kreis": "Rhein-Erft-Kreis", "kreisschl": "05362", "gemeinde": "Kerpen", "gmdschl": "05362032", "abwrecht": "Kein abweichender Rechtszustand", "lagebeztxt": "Herderstraße 3", "tntxt": "Wohnbaufläche;504", "area": 510, "other catc": null, "frag area": 32.9, "final area": 32.9 }, "geometry": { "type": "MultiPolygon", "coordinates": [ [ [ [ 6.708317052969208, 50.912491594721509 ], [ 6.708302839912148, 50.912491315615341 ], [ 6.708304164375839, 50.912464359307883 ], [ 6.708289951327203, 50.912464080200252 ], [ 6.708291275797056, 50.9124371238929 ], [ 6.708333914919054, 50.912437961209811 ], [ 6.708334356400357, 50.912428975773715 ], [ 6.708320143362196, 50.912428696669899 ], [ 6.708320584846004, 50.912419711233902 ], [ 6.708306371810801, 50.912419432128438 ], [ 6.708307254783203, 50.912401461256543 ], [ 6.708293041753692, 50.912401182149523 ], [ 6.708292600264873, 50.912410167585385 ], [ 6.708278387232856, 50.91240988847656 ], [ 6.708277062756842, 50.912436844783798 ], [ 6.708262849716854, 50.912436565672976 ], [ 6.70826196672625, 50.912454536544196 ], [ 6.708247753681024, 50.912454257431463 ], [ 6.708246870684049, 50.912472228302448 ], [ 6.708232657633586, 50.912471949187811 ], [ 6.708232216132026, 50.912480934623183 ], [ 6.708246429185223, 50.912481213737919 ], [ 6.708246170242904, 50.912486483759942 ], [ 6.708259291439123, 50.912490460429794 ], [ 6.708260200742325, 50.91249047828645 ], [ 6.708260188264762, 50.912490732232634 ], [ 6.70830730285525, 50.912505011337259 ], [ 6.708316970003519, 50.912493283299774 ], [ 6.708317052969208, 50.912491594721509 ] ] ] ] } },
{ "type": "Feature", "properties": { "DN": 1, "gml_id": "DENW41AL30005Y4CFL", "identifier": "urn:adv:oid:DENW41AL30005Y4CFL", "aktualit_2": "2024-08-20Z", "idflurst": "DENW41AL30005Y4C", "flaeche": 961.0, "flstkennz_": "05468202100449______", "flstnrzae": "449", "flstnrnen": null, "gemarkung": "Horrem", "gemaschl": "054682", "flur": "21", "flurschl": "054682021", "land": "Nordrhein-Westfalen", "landschl": "05", "regbezirk": "Köln", "regbezschl": "053", "kreis": "Rhein-Erft-Kreis", "kreisschl": "05362", "gemeinde": "Kerpen", "gmdschl": "05362032", "abwrecht": "Kein abweichender Rechtszustand", "lagebeztxt": "Wiesenstraße 9", "tntxt": "Wohnbaufläche;961", "area": 958, "other catc": null, "frag area": 90.3, "final area": 87.5 }, "geometry": { "type": "MultiPolygon", "coordinates": [ [ [ [ 6.707108943926981, 50.912467864524324 ], [ 6.70712315696503, 50.91246814377574 ], [ 6.707123598679932, 50.912459158347318 ], [ 6.707137811715475, 50.912459437596908 ], [ 6.707139136850622, 50.912432481311257 ], [ 6.707153349878195, 50.912432760558858 ], [ 6.707153791586725, 50.912423775130186 ], [ 6.707168004611794, 50.912424054375961 ], [ 6.707168446317365, 50.91241506894719 ], [ 6.707196872362715, 50.912415627433376 ], [ 6.707196430662608, 50.912424612862331 ], [ 6.707210643688354, 50.912424892102919 ], [ 6.707210201990752, 50.912433877531939 ], [ 6.707252841077548, 50.912434715243599 ], [ 6.707253282766953, 50.912425729814316 ], [ 6.707295921847588, 50.912426567510153 ], [ 6.70729548016638, 50.912435552939712 ], [ 6.707323906226733, 50.912436111395124 ], [ 6.707323464550763, 50.912445096824854 ], [ 6.707337677584011, 50.912445376050059 ], [ 6.707337235910547, 50.912454361479853 ], [ 6.707351448946755, 50.912454640703416 ], [ 6.707350565604611, 50.912472611563125 ], [ 6.707364778646509, 50.912472890785146 ], [ 6.707365220314962, 50.912463905355217 ], [ 6.707379433354353, 50.91246418457542 ], [ 6.707379875019847, 50.912455199145363 ], [ 6.707394088056733, 50.912455478363739 ], [ 6.707394529719268, 50.912446492933597 ], [ 6.707408742753648, 50.912446772150162 ], [ 6.707408962240513, 50.912442306756994 ], [ 6.707393193086012, 50.912437472568506 ], [ 6.707380758350156, 50.912437228285228 ], [ 6.707380931112088, 50.912433713538356 ], [ 6.707361845424388, 50.912427862627112 ], [ 6.707352773958271, 50.912427684413714 ], [ 6.70735289999416, 50.912425120313117 ], [ 6.707330497775891, 50.91241825267744 ], [ 6.707310576553169, 50.91241786130896 ], [ 6.707310853336952, 50.912412230462849 ], [ 6.707299150140525, 50.912408642719484 ], [ 6.707282592187686, 50.912408317420926 ], [ 6.707282822245269, 50.912403637221075 ], [ 6.707267802518285, 50.912399032753278 ], [ 6.70725460783381, 50.912398773526327 ], [ 6.707254791164081, 50.912395043972673 ], [ 6.707236454909173, 50.912389422778801 ], [ 6.707226623491542, 50.912389229625141 ], [ 6.707226760093389, 50.91238645071769 ], [ 6.707205107313189, 50.912379812796061 ], [ 6.707184426149023, 50.912379406475502 ], [ 6.707184713507036, 50.912373560822793 ], [ 6.707173759730334, 50.912370202805043 ], [ 6.707156441833156, 50.912369862557789 ], [ 6.707156000125983, 50.912378847986574 ], [ 6.707149102417167, 50.912378712465539 ], [ 6.707141272862596, 50.91238902984513 ], [ 6.707140461983731, 50.912405525025456 ], [ 6.707128927132183, 50.912405298395598 ], [ 6.707128570701936, 50.912405768080333 ], [ 6.707126060800038, 50.912409073459152 ], [ 6.707124923823275, 50.912432202061929 ], [ 6.707108739798626, 50.912431884085478 ], [ 6.707102010610153, 50.912440745979836 ], [ 6.707110269079201, 50.912440908239269 ], [ 6.707109827362021, 50.912449893667642 ], [ 6.707095281419081, 50.912449607873739 ], [ 6.707088552225408, 50.91245846976723 ], [ 6.707095172609523, 50.912458599842942 ], [ 6.707093847447748, 50.912485556127642 ], [ 6.707079634404686, 50.912485276872602 ], [ 6.707079192680911, 50.912494262300712 ], [ 6.707107618772724, 50.91249482080925 ], [ 6.707108943926981, 50.912467864524324 ] ] ] ] } },
{ "type": "Feature", "properties": { "DN": 1, "gml_id": "DENW41AL30005byxFL", "identifier": "urn:adv:oid:DENW41AL30005byxFL", "aktualit_2": "2025-01-17Z", "idflurst": "DENW41AL30005byx", "flaeche": 619.0, "flstkennz_": "05468202100454______", "flstnrzae": "454", "flstnrnen": null, "gemarkung": "Horrem", "gemaschl": "054682", "flur": "21", "flurschl": "054682021", "land": "Nordrhein-Westfalen", "landschl": "05", "regbezirk": "Köln", "regbezschl": "053", "kreis": "Rhein-Erft-Kreis", "kreisschl": "05362", "gemeinde": "Kerpen", "gmdschl": "05362032", "abwrecht": "Kein abweichender Rechtszustand", "lagebeztxt": "Sistenichstraße 28", "tntxt": "Wohnbaufläche;619", "area": 618, "other catc": null, "frag area": 37.0, "final area": 37.0 }, "geometry": { "type": "MultiPolygon", "coordinates": [ [ [ [ 6.708832254263943, 50.912429757878989 ], [ 6.708832695649163, 50.912420772439759 ], [ 6.708846908690004, 50.912421051481161 ], [ 6.708846467307515, 50.912430036920483 ], [ 6.708860680351314, 50.912430315960229 ], [ 6.70886112173107, 50.912421330520829 ], [ 6.708875334772363, 50.91242160955877 ], [ 6.708876217525731, 50.912403638679727 ], [ 6.708890430561786, 50.912403917715771 ], [ 6.708891313308785, 50.912385946836494 ], [ 6.708862887247832, 50.912385388763042 ], [ 6.708863328626458, 50.91237640332357 ], [ 6.708792263491694, 50.912375008110153 ], [ 6.708791380706895, 50.912392978988215 ], [ 6.708777167675158, 50.912392699940163 ], [ 6.70877628488399, 50.912410670817991 ], [ 6.708762071847013, 50.912410391768034 ], [ 6.708761954641555, 50.912412777689795 ], [ 6.708826557100943, 50.912429646027384 ], [ 6.708832254263943, 50.912429757878989 ] ] ] ] } },
{ "type": "Feature", "properties": { "DN": 1, "gml_id": "DENW41AL30005W41FL", "identifier": "urn:adv:oid:DENW41AL30005W41FL", "aktualit_2": "2024-08-20Z", "idflurst": "DENW41AL30005W41", "flaeche": 669.0, "flstkennz_": "05468202100360______", "flstnrzae": "360", "flstnrnen": null, "gemarkung": "Horrem", "gemaschl": "054682", "flur": "21", "flurschl": "054682021", "land": "Nordrhein-Westfalen", "landschl": "05", "regbezirk": "Köln", "regbezschl": "053", "kreis": "Rhein-Erft-Kreis", "kreisschl": "05362", "gemeinde": "Kerpen", "gmdschl": "05362032", "abwrecht": "Kein abweichender Rechtszustand", "lagebeztxt": "Herderstraße 6, 8", "tntxt": "Wohnbaufläche;669", "area": 678, "other catc": null, "frag area": 74.0, "final area": 72.3 }, "geometry": { "type": "MultiPolygon", "coordinates": [ [ [ [ 6.707581507315549, 50.912405195457247 ], [ 6.707595720339211, 50.912405474650889 ], [ 6.707596161962137, 50.912396489219397 ], [ 6.707610374983291, 50.912396768411227 ], [ 6.707609933363098, 50.912405753842805 ], [ 6.707652572436118, 50.912406591408171 ], [ 6.707653455659885, 50.912388620544455 ], [ 6.707667668679213, 50.912388899729272 ], [ 6.707668993504972, 50.912361943433297 ], [ 6.707683206516329, 50.912362222616125 ], [ 6.707684089726905, 50.912344251751882 ], [ 6.707698302733024, 50.912344530932792 ], [ 6.707698744335239, 50.912335545500568 ], [ 6.707684531331853, 50.912335266319744 ], [ 6.707684972936574, 50.912326280887577 ], [ 6.707642333935966, 50.912325443334993 ], [ 6.707642775548659, 50.912316457903088 ], [ 6.707594079103029, 50.912315501345901 ], [ 6.707585253250508, 50.912328979535964 ], [ 6.707584598690403, 50.912342297437071 ], [ 6.707576634794107, 50.912342140997588 ], [ 6.707569872062515, 50.912352468529349 ], [ 6.707569502431803, 50.912359989105134 ], [ 6.707565005243526, 50.912359900763725 ], [ 6.707554490858708, 50.912375957520432 ], [ 6.707553964530924, 50.912386666202316 ], [ 6.707547560900705, 50.912386540410459 ], [ 6.707541746115248, 50.912395420292036 ], [ 6.707553522900028, 50.91239565163356 ], [ 6.707553081268906, 50.912404637064782 ], [ 6.707567294292114, 50.912404916261885 ], [ 6.707566852663498, 50.912413901693178 ], [ 6.707581065689665, 50.912414180888646 ], [ 6.707581507315549, 50.912405195457247 ] ] ] ] } },
{ "type": "Feature", "properties": { "DN": 1, "gml_id": "DENW41AL30005UhtFL", "identifier": "urn:adv:oid:DENW41AL30005UhtFL", "aktualit_2": "2024-08-20Z", "idflurst": "DENW41AL30005Uht", "flaeche": 399.0, "flstkennz_": "05468200800659______", "flstnrzae": "659", "flstnrnen": null, "gemarkung": "Horrem", "gemaschl": "054682", "flur": "8", "flurschl": "054682008", "land": "Nordrhein-Westfalen", "landschl": "05", "regbezirk": "Köln", "regbezschl": "053", "kreis": "Rhein-Erft-Kreis", "kreisschl": "05362", "gemeinde": "Kerpen", "gmdschl": "05362032", "abwrecht": "Kein abweichender Rechtszustand", "lagebeztxt": "Merkurweg 29", "tntxt": "Wohnbaufläche;399", "area": 399, "other catc": null, "frag area": 28.0, "final area": 27.9 }, "geometry": { "type": "MultiPolygon", "coordinates": [ [ [ [ 6.71026909613392, 50.912430975993189 ], [ 6.710283309192134, 50.91243125485979 ], [ 6.710285514719132, 50.912386327617945 ], [ 6.710297863184939, 50.912386569898835 ], [ 6.710300114320383, 50.91237873215119 ], [ 6.710300168865902, 50.912377621033855 ], [ 6.710271742782034, 50.912377063303467 ], [ 6.71027130167458, 50.912386048751792 ], [ 6.710257088630253, 50.912385769883926 ], [ 6.710256647519841, 50.912394755332144 ], [ 6.710242434473007, 50.912394476462445 ], [ 6.71024155224604, 50.912412447358662 ], [ 6.710213126142123, 50.912411889613729 ], [ 6.710212685022835, 50.912420875061642 ], [ 6.710184258914358, 50.912420317309611 ], [ 6.71018381778938, 50.912429302757324 ], [ 6.710169604732748, 50.912429023878623 ], [ 6.710169163604812, 50.912438009326245 ], [ 6.710226015843626, 50.912439124831003 ], [ 6.710226456960632, 50.912430139383041 ], [ 6.710254883075931, 50.912430697124861 ], [ 6.71025400085262, 50.912448668021135 ], [ 6.710268213916073, 50.912448946889633 ], [ 6.71026909613392, 50.912430975993189 ] ] ] ] } },
{ "type": "Feature", "properties": { "DN": 1, "gml_id": "DENW41AL30005byxFL", "identifier": "urn:adv:oid:DENW41AL30005byxFL", "aktualit_2": "2025-01-17Z", "idflurst": "DENW41AL30005byx", "flaeche": 619.0, "flstkennz_": "05468202100454______", "flstnrzae": "454", "flstnrnen": null, "gemarkung": "Horrem", "gemaschl": "054682", "flur": "21", "flurschl": "054682021", "land": "Nordrhein-Westfalen", "landschl": "05", "regbezirk": "Köln", "regbezschl": "053", "kreis": "Rhein-Erft-Kreis", "kreisschl": "05362", "gemeinde": "Kerpen", "gmdschl": "05362032", "abwrecht": "Kein abweichender Rechtszustand", "lagebeztxt": "Sistenichstraße 28", "tntxt": "Wohnbaufläche;619", "area": 618, "other catc": null, "frag area": 15.8, "final area": 14.9 }, "geometry": { "type": "MultiPolygon", "coordinates": [ [ [ [ 6.709131668086525, 50.912416481817466 ], [ 6.709132052209312, 50.912408661063829 ], [ 6.709136754183918, 50.912408753364758 ], [ 6.70914704224042, 50.912393120395805 ], [ 6.709147589222055, 50.912381983745014 ], [ 6.709154284768496, 50.912382115179305 ], [ 6.709162416378599, 50.91236975897182 ], [ 6.709163126216596, 50.912355306423763 ], [ 6.709158063694312, 50.912355207046289 ], [ 6.709150317821739, 50.912366981176781 ], [ 6.70913826726427, 50.912363812544214 ], [ 6.709120045816635, 50.912363454851764 ], [ 6.709120260798247, 50.912359077832811 ], [ 6.709106215463732, 50.912355384678811 ], [ 6.709105391458898, 50.912372161284857 ], [ 6.709119604487643, 50.912372440292877 ], [ 6.709116956508939, 50.912426352939235 ], [ 6.709125067116182, 50.912426512153374 ], [ 6.709131668086525, 50.912416481817466 ] ] ] ] } },
{ "type": "Feature", "properties": { "DN": 1, "gml_id": "DENW41AL30005iHtFL", "identifier": "urn:adv:oid:DENW41AL30005iHtFL", "aktualit_2": "2025-01-17Z", "idflurst": "DENW41AL30005iHt", "flaeche": 490.0, "flstkennz_": "05468202100464______", "flstnrzae": "464", "flstnrnen": null, "gemarkung": "Horrem", "gemaschl": "054682", "flur": "21", "flurschl": "054682021", "land": "Nordrhein-Westfalen", "landschl": "05", "regbezirk": "Köln", "regbezschl": "053", "kreis": "Rhein-Erft-Kreis", "kreisschl": "05362", "gemeinde": "Kerpen", "gmdschl": "05362032", "abwrecht": "Kein abweichender Rechtszustand", "lagebeztxt": "Sistenichstraße 30", "tntxt": "Wohnbaufläche;490", "area": 484, "other catc": null, "frag area": 14.0, "final area": 13.2 }, "geometry": { "type": "MultiPolygon", "coordinates": [ [ [ [ 6.708855100632189, 50.9122542832663 ], [ 6.708827668046871, 50.91225290669319 ], [ 6.708828059052927, 50.912249793415313 ], [ 6.708826868936675, 50.912249770049861 ], [ 6.708825103400698, 50.912285711807584 ], [ 6.708810890401294, 50.912285432764051 ], [ 6.708810007626484, 50.912303403642632 ], [ 6.708852646641767, 50.912304240768549 ], [ 6.708855100632189, 50.9122542832663 ] ] ] ] } },
{ "type": "Feature", "properties": { "DN": 1, "gml_id": "DENW41AL30005iHtFL", "identifier": "urn:adv:oid:DENW41AL30005iHtFL", "aktualit_2": "2025-01-17Z", "idflurst": "DENW41AL30005iHt", "flaeche": 490.0, "flstkennz_": "05468202100464______", "flstnrzae": "464", "flstnrnen": null, "gemarkung": "Horrem", "gemaschl": "054682", "flur": "21", "flurschl": "054682021", "land": "Nordrhein-Westfalen", "landschl": "05", "regbezirk": "Köln", "regbezschl": "053", "kreis": "Rhein-Erft-Kreis", "kreisschl": "05362", "gemeinde": "Kerpen", "gmdschl": "05362032", "abwrecht": "Kein abweichender Rechtszustand", "lagebeztxt": "Sistenichstraße 30", "tntxt": "Wohnbaufläche;490", "area": 484, "other catc": null, "frag area": 12.9, "final area": 12.9 }, "geometry": { "type": "MultiPolygon", "coordinates": [ [ [ [ 6.709194200151071, 50.912301951774054 ], [ 6.709195082777888, 50.912283980890642 ], [ 6.709202084565253, 50.91228411833373 ], [ 6.709209060861067, 50.912230290648388 ], [ 6.709197730652912, 50.912230068240007 ], [ 6.709198171964625, 50.912221082798176 ], [ 6.709183958981198, 50.912220803800324 ], [ 6.709179987143054, 50.912301672775385 ], [ 6.709194200151071, 50.912301951774054 ] ] ] ] } },
{ "type": "Feature", "properties": { "DN": 1, "gml_id": "DENW41AL30005iHtFL", "identifier": "urn:adv:oid:DENW41AL30005iHtFL", "aktualit_2": "2025-01-17Z", "idflurst": "DENW41AL30005iHt", "flaeche": 490.0, "flstkennz_": "05468202100464______", "flstnrzae": "464", "flstnrnen": null, "gemarkung": "Horrem", "gemaschl": "054682", "flur": "21", "flurschl": "054682021", "land": "Nordrhein-Westfalen", "landschl": "05", "regbezirk": "Köln", "regbezschl": "053", "kreis": "Rhein-Erft-Kreis", "kreisschl": "05362", "gemeinde": "Kerpen", "gmdschl": "05362032", "abwrecht": "Kein abweichender Rechtszustand", "lagebeztxt": "Sistenichstraße 30", "tntxt": "Wohnbaufläche;490", "area": 484, "other catc": null, "frag area": 15.0, "final area": 15.0 }, "geometry": { "type": "MultiPolygon", "coordinates": [ [ [ [ 6.708826868936675, 50.912249770049861 ], [ 6.708828634469033, 50.91221382829189 ], [ 6.708785995537073, 50.912212991158263 ], [ 6.708785554146126, 50.912221976597522 ], [ 6.708771341166527, 50.912221697549427 ], [ 6.708770016984133, 50.912248653866818 ], [ 6.708826868936675, 50.912249770049861 ] ] ] ] } },
{ "type": "Feature", "properties": { "DN": 1, "gml_id": "DENW41AL30005elUFL", "identifier": "urn:adv:oid:DENW41AL30005elUFL", "aktualit_2": "2024-08-20Z", "idflurst": "DENW41AL30005elU", "flaeche": 480.0, "flstkennz_": "05468200800073______", "flstnrzae": "73", "flstnrnen": null, "gemarkung": "Horrem", "gemaschl": "054682", "flur": "8", "flurschl": "054682008", "land": "Nordrhein-Westfalen", "landschl": "05", "regbezirk": "Köln", "regbezschl": "053", "kreis": "Rhein-Erft-Kreis", "kreisschl": "05362", "gemeinde": "Kerpen", "gmdschl": "05362032", "abwrecht": "Kein abweichender Rechtszustand", "lagebeztxt": "Höhenweg 52", "tntxt": "Wohnbaufläche;480", "area": 483, "other catc": null, "frag area": 13.1, "final area": 13.1 }, "geometry": { "type": "MultiPolygon", "coordinates": [ [ [ [ 6.714826531164912, 50.912331430041093 ], [ 6.714833105916744, 50.912331558783976 ], [ 6.714842034179147, 50.912305379326959 ], [ 6.714842746877749, 50.912290832398277 ], [ 6.714828616821484, 50.912288859889607 ], [ 6.714828292081616, 50.912295488133083 ], [ 6.714814079019668, 50.912295209820265 ], [ 6.714811437626864, 50.912349122681654 ], [ 6.714797224548747, 50.912348844366583 ], [ 6.714796553025093, 50.912362550569796 ], [ 6.714821350551872, 50.912366027824469 ], [ 6.71482542082835, 50.912354092979974 ], [ 6.714826531164912, 50.912331430041093 ] ] ] ] } },
{ "type": "Feature", "properties": { "DN": 1, "gml_id": "DENW41AL30005cuZFL", "identifier": "urn:adv:oid:DENW41AL30005cuZFL", "aktualit_2": "2024-08-20Z", "idflurst": "DENW41AL30005cuZ", "flaeche": 566.0, "flstkennz_": "05468200800072______", "flstnrzae": "72", "flstnrnen": null, "gemarkung": "Horrem", "gemaschl": "054682", "flur": "8", "flurschl": "054682008", "land": "Nordrhein-Westfalen", "landschl": "05", "regbezirk": "Köln", "regbezschl": "053", "kreis": "Rhein-Erft-Kreis", "kreisschl": "05362", "gemeinde": "Kerpen", "gmdschl": "05362032", "abwrecht": "Kein abweichender Rechtszustand", "lagebeztxt": "Höhenweg 50", "tntxt": "Wohnbaufläche;566", "area": 571, "other catc": null, "frag area": 13.9, "final area": 13.9 }, "geometry": { "type": "MultiPolygon", "coordinates": [ [ [ [ 6.71479326241972, 50.912429713656749 ], [ 6.714799562566609, 50.912429837024185 ], [ 6.71480880998715, 50.912402754666786 ], [ 6.714810116927414, 50.912376079112128 ], [ 6.714817866674909, 50.912376230864069 ], [ 6.714821350551872, 50.912366027824469 ], [ 6.714796553025093, 50.912362550569796 ], [ 6.71479502336821, 50.912393771750175 ], [ 6.714780810276658, 50.912393493432916 ], [ 6.714777937888895, 50.912452120010819 ], [ 6.714791319602145, 50.912453977663681 ], [ 6.714792199935872, 50.912451399488248 ], [ 6.71479326241972, 50.912429713656749 ] ] ] ] } },
{ "type": "Feature", "properties": { "DN": 1, "gml_id": "DENW41AL2O0000RwFL", "identifier": "urn:adv:oid:DENW41AL2O0000RwFL", "aktualit_2": "2024-08-29Z", "idflurst": "DENW41AL2O0000Rw", "flaeche": 759.0, "flstkennz_": "05468202100473______", "flstnrzae": "473", "flstnrnen": null, "gemarkung": "Horrem", "gemaschl": "054682", "flur": "21", "flurschl": "054682021", "land": "Nordrhein-Westfalen", "landschl": "05", "regbezirk": "Köln", "regbezschl": "053", "kreis": "Rhein-Erft-Kreis", "kreisschl": "05362", "gemeinde": "Kerpen", "gmdschl": "05362032", "abwrecht": "Kein abweichender Rechtszustand", "lagebeztxt": "Herderstraße 7", "tntxt": "Wohnbaufläche;759", "area": 759, "other catc": null, "frag area": 86.7, "final area": 86.7 }, "geometry": { "type": "MultiPolygon", "coordinates": [ [ [ [ 6.708233455594618, 50.912166165261731 ], [ 6.708247668551961, 50.912166444375067 ], [ 6.708247429884584, 50.91217130181667 ], [ 6.708261621946603, 50.912172006234478 ], [ 6.708261881509528, 50.912166723486692 ], [ 6.70834715925969, 50.912168398120095 ], [ 6.708347600734204, 50.912159412683508 ], [ 6.708361813690623, 50.912159691782939 ], [ 6.708363138104612, 50.912132735472809 ], [ 6.708348925156389, 50.912132456373655 ], [ 6.708349366629999, 50.912123470937011 ], [ 6.708363579575489, 50.912123750036073 ], [ 6.708364462516565, 50.912105779162552 ], [ 6.708350249576539, 50.912105500063646 ], [ 6.708350691049469, 50.91209651462696 ], [ 6.708265413430454, 50.91209483999782 ], [ 6.70826497194113, 50.912103825433988 ], [ 6.70822233312648, 50.91210298809581 ], [ 6.708222774624, 50.912094002659913 ], [ 6.708213483507135, 50.912093820199537 ], [ 6.708207767483419, 50.912109887252619 ], [ 6.708206795686601, 50.912129665286969 ], [ 6.708200773308649, 50.912129547017877 ], [ 6.708191261065657, 50.912156284734642 ], [ 6.708190661641352, 50.912168484128259 ], [ 6.70823323782305, 50.91217059739715 ], [ 6.708233455594618, 50.912166165261731 ] ] ] ] } },
{ "type": "Feature", "properties": { "DN": 1, "gml_id": "DENW41AL30005VjAFL", "identifier": "urn:adv:oid:DENW41AL30005VjAFL", "aktualit_2": "2024-08-20Z", "idflurst": "DENW41AL30005VjA", "flaeche": 603.0, "flstkennz_": "05468202100419______", "flstnrzae": "419", "flstnrnen": null, "gemarkung": "Horrem", "gemaschl": "054682", "flur": "21", "flurschl": "054682021", "land": "Nordrhein-Westfalen", "landschl": "05", "regbezirk": "Köln", "regbezschl": "053", "kreis": "Rhein-Erft-Kreis", "kreisschl": "05362", "gemeinde": "Kerpen", "gmdschl": "05362032", "abwrecht": "Kein abweichender Rechtszustand", "lagebeztxt": "Am grünen Weg 5", "tntxt": "Wohnbaufläche;603", "area": 609, "other catc": null, "frag area": 10.0, "final area": 10.0 }, "geometry": { "type": "MultiPolygon", "coordinates": [ [ [ [ 6.707365582297909, 50.912167106938895 ], [ 6.70736646562466, 50.91214913607805 ], [ 6.707380678568198, 50.912149415296867 ], [ 6.70738156188858, 50.912131444435765 ], [ 6.707395774826879, 50.912131723652671 ], [ 6.707396658140892, 50.912113752791335 ], [ 6.707368232275448, 50.912113194356138 ], [ 6.707367348950506, 50.912131165217133 ], [ 6.707353136012659, 50.91213088599676 ], [ 6.707351369349133, 50.912166827718167 ], [ 6.707365582297909, 50.912167106938895 ] ] ] ] } },
{ "type": "Feature", "properties": { "DN": 1, "gml_id": "DENW41AL30005ZCbFL", "identifier": "urn:adv:oid:DENW41AL30005ZCbFL", "aktualit_2": "2024-08-20Z", "idflurst": "DENW41AL30005ZCb", "flaeche": 496.0, "flstkennz_": "05468202100460______", "flstnrzae": "460", "flstnrnen": null, "gemarkung": "Horrem", "gemaschl": "054682", "flur": "21", "flurschl": "054682021", "land": "Nordrhein-Westfalen", "landschl": "05", "regbezirk": "Köln", "regbezschl": "053", "kreis": "Rhein-Erft-Kreis", "kreisschl": "05362", "gemeinde": "Kerpen", "gmdschl": "05362032", "abwrecht": "Kein abweichender Rechtszustand", "lagebeztxt": "Am grünen Weg 8", "tntxt": "Wohnbaufläche;496", "area": 492, "other catc": null, "frag area": 12.0, "final area": 12.0 }, "geometry": { "type": "MultiPolygon", "coordinates": [ [ [ [ 6.706871221534495, 50.912094435193403 ], [ 6.706871663292026, 50.912085449765982 ], [ 6.706885876211247, 50.912085729044783 ], [ 6.706887201474285, 50.912058772762151 ], [ 6.706901414385538, 50.912059052038941 ], [ 6.706902297887632, 50.912041081183609 ], [ 6.706873872076285, 50.912040522628622 ], [ 6.706872988563261, 50.91205849348362 ], [ 6.706858775652462, 50.912058214203356 ], [ 6.706857892133067, 50.912076185058112 ], [ 6.706843679217029, 50.912075905775936 ], [ 6.70684323745426, 50.9120848912032 ], [ 6.70685745037303, 50.912085170485462 ], [ 6.706857008612767, 50.91209415591279 ], [ 6.706871221534495, 50.912094435193403 ] ] ] ] } },
{ "type": "Feature", "properties": { "DN": 1, "gml_id": "DENW41AL30005gqxFL", "identifier": "urn:adv:oid:DENW41AL30005gqxFL", "aktualit_2": "2024-08-20Z", "idflurst": "DENW41AL30005gqx", "flaeche": 470.0, "flstkennz_": "05468202100365______", "flstnrzae": "365", "flstnrnen": null, "gemarkung": "Horrem", "gemaschl": "054682", "flur": "21", "flurschl": "054682021", "land": "Nordrhein-Westfalen", "landschl": "05", "regbezirk": "Köln", "regbezschl": "053", "kreis": "Rhein-Erft-Kreis", "kreisschl": "05362", "gemeinde": "Kerpen", "gmdschl": "05362032", "abwrecht": "Kein abweichender Rechtszustand", "lagebeztxt": "Sistenichstraße 32", "tntxt": "Wohnbaufläche;470", "area": 469, "other catc": null, "frag area": 10.8, "final area": 10.8 }, "geometry": { "type": "MultiPolygon", "coordinates": [ [ [ [ 6.70921503279741, 50.912167449142444 ], [ 6.70921719257909, 50.912123473871112 ], [ 6.709174583697596, 50.912122026479182 ], [ 6.709174159157327, 50.912130670383284 ], [ 6.709188372113205, 50.912130949381989 ], [ 6.709186606863116, 50.912166891149518 ], [ 6.70921503279741, 50.912167449142444 ] ] ] ] } },
{ "type": "Feature", "properties": { "DN": 1, "gml_id": "DENW41AL30005eIPFL", "identifier": "urn:adv:oid:DENW41AL30005eIPFL", "aktualit_2": "2024-08-20Z", "idflurst": "DENW41AL30005eIP", "flaeche": 456.0, "flstkennz_": "05468202100338______", "flstnrzae": "338", "flstnrnen": null, "gemarkung": "Horrem", "gemaschl": "054682", "flur": "21", "flurschl": "054682021", "land": "Nordrhein-Westfalen", "landschl": "05", "regbezirk": "Köln", "regbezschl": "053", "kreis": "Rhein-Erft-Kreis", "kreisschl": "05362", "gemeinde": "Kerpen", "gmdschl": "05362032", "abwrecht": "Kein abweichender Rechtszustand", "lagebeztxt": "Am grünen Weg 6", "tntxt": "Wohnbaufläche;456", "area": 454, "other catc": null, "frag area": 17.0, "final area": 17.0 }, "geometry": { "type": "MultiPolygon", "coordinates": [ [ [ [ 6.706600734250713, 50.912098113991803 ], [ 6.706601176060382, 50.912089128566095 ], [ 6.706615388978036, 50.912089407877822 ], [ 6.706614947171098, 50.91209839330363 ], [ 6.706629160091709, 50.912098672613723 ], [ 6.706629601895914, 50.91208968718783 ], [ 6.70664381481402, 50.912089966496097 ], [ 6.706644698416285, 50.912071995644091 ], [ 6.706630485503644, 50.912071716335994 ], [ 6.706630927307169, 50.912062730910058 ], [ 6.706559862761022, 50.912061334344067 ], [ 6.706559420943836, 50.912070319769555 ], [ 6.706573633855345, 50.912070599086306 ], [ 6.706572750225757, 50.912088569937431 ], [ 6.706586963142957, 50.912088849252619 ], [ 6.706586521330556, 50.912097834678249 ], [ 6.706600734250713, 50.912098113991803 ] ] ] ] } },
{ "type": "Feature", "properties": { "DN": 1, "gml_id": "DENW41AL30005bxsFL", "identifier": "urn:adv:oid:DENW41AL30005bxsFL", "aktualit_2": "2024-08-20Z", "idflurst": "DENW41AL30005bxs", "flaeche": 320.0, "flstkennz_": "054682021002140053__", "flstnrzae": "214", "flstnrnen": "53", "gemarkung": "Horrem", "gemaschl": "054682", "flur": "21", "flurschl": "054682021", "land": "Nordrhein-Westfalen", "landschl": "05", "regbezirk": "Köln", "regbezschl": "053", "kreis": "Rhein-Erft-Kreis", "kreisschl": "05362", "gemeinde": "Kerpen", "gmdschl": "05362032", "abwrecht": "Kein abweichender Rechtszustand", "lagebeztxt": "Sistenichstraße 34", "tntxt": "Wohnbaufläche;320", "area": 321, "other catc": null, "frag area": 38.8, "final area": 34.4 }, "geometry": { "type": "MultiPolygon", "coordinates": [ [ [ [ 6.709004927746173, 50.912100365941654 ], [ 6.709047566581756, 50.912101202994009 ], [ 6.709049641483498, 50.912058958954887 ], [ 6.709032507838641, 50.912057897563898 ], [ 6.709038121919225, 50.912021222309306 ], [ 6.70903727091461, 50.912021170414548 ], [ 6.709036884360663, 50.912029040449852 ], [ 6.708994245591332, 50.912028203394435 ], [ 6.708992480198192, 50.912064145157714 ], [ 6.708978267264604, 50.912063866135433 ], [ 6.708976060504429, 50.912108793338724 ], [ 6.70900448639915, 50.912109351382469 ], [ 6.709004927746173, 50.912100365941654 ] ] ] ] } },
{ "type": "Feature", "properties": { "DN": 1, "gml_id": "DENW41AL30005fPaFL", "identifier": "urn:adv:oid:DENW41AL30005fPaFL", "aktualit_2": "2024-08-20Z", "idflurst": "DENW41AL30005fPa", "flaeche": 197.0, "flstkennz_": "054682021000520025__", "flstnrzae": "52", "flstnrnen": "25", "gemarkung": "Horrem", "gemaschl": "054682", "flur": "21", "flurschl": "054682021", "land": "Nordrhein-Westfalen", "landschl": "05", "regbezirk": "Köln", "regbezschl": "053", "kreis": "Rhein-Erft-Kreis", "kreisschl": "05362", "gemeinde": "Kerpen", "gmdschl": "05362032", "abwrecht": "Kein abweichender Rechtszustand", "lagebeztxt": "Adenauerstraße", "tntxt": "Wohnbaufläche;197", "area": 198, "other catc": null, "frag area": 11.6, "final area": 11.6 }, "geometry": { "type": "MultiPolygon", "coordinates": [ [ [ [ 6.707598730548509, 50.912054763620091 ], [ 6.707599172165341, 50.912045778188038 ], [ 6.707584959251195, 50.912045498996235 ], [ 6.707584517631631, 50.912054484428182 ], [ 6.707570304714977, 50.912054205234561 ], [ 6.707569863092456, 50.912063190666423 ], [ 6.707555650173298, 50.912062911470969 ], [ 6.707555208547817, 50.912071896902731 ], [ 6.707583634391824, 50.912072455292069 ], [ 6.707583192771581, 50.912081440723988 ], [ 6.707597405696657, 50.912081719916159 ], [ 6.70759696407892, 50.912090705348142 ], [ 6.707611177006954, 50.912090984538672 ], [ 6.707611133595185, 50.912091867827037 ], [ 6.707617121385381, 50.912055124878535 ], [ 6.707598730548509, 50.912054763620091 ] ] ] ] } },
{ "type": "Feature", "properties": { "DN": 1, "gml_id": "DENW41AL30005eT7FL", "identifier": "urn:adv:oid:DENW41AL30005eT7FL", "aktualit_2": "2024-08-20Z", "idflurst": "DENW41AL30005eT7", "flaeche": 461.0, "flstkennz_": "05468200800076______", "flstnrzae": "76", "flstnrnen": null, "gemarkung": "Horrem", "gemaschl": "054682", "flur": "8", "flurschl": "054682008", "land": "Nordrhein-Westfalen", "landschl": "05", "regbezirk": "Köln", "regbezschl": "053", "kreis": "Rhein-Erft-Kreis", "kreisschl": "05362", "gemeinde": "Kerpen", "gmdschl": "05362032", "abwrecht": "Kein abweichender Rechtszustand", "lagebeztxt": "Höhenweg 56", "tntxt": "Wohnbaufläche;461", "area": 475, "other catc": null, "frag area": 12.7, "final area": 12.7 }, "geometry": { "type": "MultiPolygon", "coordinates": [ [ [ [ 6.714877094334101, 50.912170526377274 ], [ 6.714884175850886, 50.912170665040392 ], [ 6.714892658497694, 50.912143225774422 ], [ 6.714892841580875, 50.912139488750555 ], [ 6.714878709749624, 50.912137553363081 ], [ 6.714878414985195, 50.91214356994459 ], [ 6.714864201969019, 50.912143291638465 ], [ 6.714861560648407, 50.912197204503151 ], [ 6.714847347616062, 50.912196926194767 ], [ 6.714846467168589, 50.912214897149347 ], [ 6.714860680206398, 50.912215175457916 ], [ 6.714860574547856, 50.912217332083522 ], [ 6.714869362236984, 50.912218583336852 ], [ 6.714875752655992, 50.912197911959701 ], [ 6.714877094334101, 50.912170526377274 ] ] ] ] } },
{ "type": "Feature", "properties": { "DN": 1, "gml_id": "DENW41AL30005bxsFL", "identifier": "urn:adv:oid:DENW41AL30005bxsFL", "aktualit_2": "2024-08-20Z", "idflurst": "DENW41AL30005bxs", "flaeche": 320.0, "flstkennz_": "054682021002140053__", "flstnrzae": "214", "flstnrnen": "53", "gemarkung": "Horrem", "gemaschl": "054682", "flur": "21", "flurschl": "054682021", "land": "Nordrhein-Westfalen", "landschl": "05", "regbezirk": "Köln", "regbezschl": "053", "kreis": "Rhein-Erft-Kreis", "kreisschl": "05362", "gemeinde": "Kerpen", "gmdschl": "05362032", "abwrecht": "Kein abweichender Rechtszustand", "lagebeztxt": "Sistenichstraße 34", "tntxt": "Wohnbaufläche;320", "area": 321, "other catc": null, "frag area": 15.4, "final area": 15.4 }, "geometry": { "type": "MultiPolygon", "coordinates": [ [ [ [ 6.708836137941177, 50.912061075817491 ], [ 6.708850350872503, 50.912061354857073 ], [ 6.708850792248448, 50.912052369417168 ], [ 6.708879218106314, 50.912052927490947 ], [ 6.708879659476569, 50.912043942050836 ], [ 6.708893872403108, 50.912044221085047 ], [ 6.708895196504321, 50.91201726476438 ], [ 6.708843167024944, 50.912016243291497 ], [ 6.70883735422989, 50.912050216829243 ], [ 6.708833966205463, 50.912070027285438 ], [ 6.708835696562272, 50.912070061257303 ], [ 6.708836137941177, 50.912061075817491 ] ] ] ] } },
{ "type": "Feature", "properties": { "DN": 1, "gml_id": "DENW41AL30005XB3FL", "identifier": "urn:adv:oid:DENW41AL30005XB3FL", "aktualit_2": "2024-08-20Z", "idflurst": "DENW41AL30005XB3", "flaeche": 1773.0, "flstkennz_": "05468200800760______", "flstnrzae": "760", "flstnrnen": null, "gemarkung": "Horrem", "gemaschl": "054682", "flur": "8", "flurschl": "054682008", "land": "Nordrhein-Westfalen", "landschl": "05", "regbezirk": "Köln", "regbezschl": "053", "kreis": "Rhein-Erft-Kreis", "kreisschl": "05362", "gemeinde": "Kerpen", "gmdschl": "05362032", "abwrecht": "Kein abweichender Rechtszustand", "lagebeztxt": "Hauptstraße 199", "tntxt": "Fläche gemischter Nutzung(funktion:Gebäude- und Freifläche Mischnutzung mit Wohnen);1773", "area": 1774, "other catc": null, "frag area": 13.5, "final area": 13.5 }, "geometry": { "type": "MultiPolygon", "coordinates": [ [ [ [ 6.712373842725068, 50.912157459673118 ], [ 6.712375164821498, 50.912130503287436 ], [ 6.712360951834119, 50.912130224676652 ], [ 6.712361392535208, 50.912121239214819 ], [ 6.712347179550788, 50.912120960602387 ], [ 6.712347479120623, 50.912114852703347 ], [ 6.712306991310956, 50.91211117869544 ], [ 6.712290768329891, 50.912110860673984 ], [ 6.712289886900614, 50.912128831596782 ], [ 6.712346738846966, 50.912129946064134 ], [ 6.712345857438644, 50.912147916987585 ], [ 6.712360070431261, 50.912148195600274 ], [ 6.712359629729494, 50.912157181062064 ], [ 6.712373842725068, 50.912157459673118 ] ] ] ] } },
{ "type": "Feature", "properties": { "DN": 1, "gml_id": "DENW41AL30005UmmFL", "identifier": "urn:adv:oid:DENW41AL30005UmmFL", "aktualit_2": "2024-08-20Z", "idflurst": "DENW41AL30005Umm", "flaeche": 285.0, "flstkennz_": "05468202100372______", "flstnrzae": "372", "flstnrnen": null, "gemarkung": "Horrem", "gemaschl": "054682", "flur": "21", "flurschl": "054682021", "land": "Nordrhein-Westfalen", "landschl": "05", "regbezirk": "Köln", "regbezschl": "053", "kreis": "Rhein-Erft-Kreis", "kreisschl": "05362", "gemeinde": "Kerpen", "gmdschl": "05362032", "abwrecht": "Kein abweichender Rechtszustand", "lagebeztxt": "Herderstraße 12 a", "tntxt": "Wohnbaufläche;285", "area": 291, "other catc": null, "frag area": 30.0, "final area": 30.0 }, "geometry": { "type": "MultiPolygon", "coordinates": [ [ [ [ 6.707755514235889, 50.912048849183876 ], [ 6.707756838994864, 50.912021892884674 ], [ 6.70772841317821, 50.912021334537897 ], [ 6.707728854769547, 50.91201234910497 ], [ 6.707657790245538, 50.912010953208195 ], [ 6.70765823185031, 50.912001967775687 ], [ 6.707629806047754, 50.912001409405065 ], [ 6.707629364437518, 50.912010394837381 ], [ 6.707643577341416, 50.912010674023662 ], [ 6.707642252517546, 50.912037630320775 ], [ 6.707670678342412, 50.912038188688655 ], [ 6.707670236739467, 50.912047174121177 ], [ 6.707755514235889, 50.912048849183876 ] ] ] ] } },
{ "type": "Feature", "properties": { "DN": 1, "gml_id": "DENW41AL30005dnnFL", "identifier": "urn:adv:oid:DENW41AL30005dnnFL", "aktualit_2": "2024-08-20Z", "idflurst": "DENW41AL30005dnn", "flaeche": 532.0, "flstkennz_": "05468202100307______", "flstnrzae": "307", "flstnrnen": null, "gemarkung": "Horrem", "gemaschl": "054682", "flur": "21", "flurschl": "054682021", "land": "Nordrhein-Westfalen", "landschl": "05", "regbezirk": "Köln", "regbezschl": "053", "kreis": "Rhein-Erft-Kreis", "kreisschl": "05362", "gemeinde": "Kerpen", "gmdschl": "05362032", "abwrecht": "Kein abweichender Rechtszustand", "lagebeztxt": "Wiesenstraße 25", "tntxt": "Wohnbaufläche;532", "area": 532, "other catc": null, "frag area": 61.1, "final area": 59.7 }, "geometry": { "type": "MultiPolygon", "coordinates": [ [ [ [ 6.705881620930824, 50.911967056319526 ], [ 6.705891171083649, 50.911967244058097 ], [ 6.705897950212376, 50.911958383213658 ], [ 6.705882062876889, 50.911958070898137 ], [ 6.705881620930824, 50.911967056319526 ] ] ], [ [ [ 6.70586575084676, 50.912000470235149 ], [ 6.705877612818346, 50.911984965745631 ], [ 6.705866524159457, 50.911984747761515 ], [ 6.70586575084676, 50.912000470235149 ] ] ], [ [ [ 6.705850546763658, 50.912020343098639 ], [ 6.705864054542572, 50.912002687431425 ], [ 6.705851427376484, 50.912002439201352 ], [ 6.705850546763658, 50.912020343098639 ] ] ], [ [ [ 6.705835342667386, 50.912040215959934 ], [ 6.705850496256326, 50.912020409115442 ], [ 6.7058363305819, 50.912020130639043 ], [ 6.705835342667386, 50.912040215959934 ] ] ], [ [ [ 6.705820138557947, 50.912060088818997 ], [ 6.705823379652418, 50.912055852478211 ], [ 6.705820349857418, 50.912055792916334 ], [ 6.705820138557947, 50.912060088818997 ] ] ], [ [ [ 6.705806578919903, 50.912046528087174 ], [ 6.705792366023354, 50.912046248677157 ], [ 6.705792807987852, 50.912037263256444 ], [ 6.705778595094263, 50.912036983844793 ], [ 6.705777711159578, 50.912054954686013 ], [ 6.70576349826075, 50.912054675272451 ], [ 6.705764382200901, 50.912036704431394 ], [ 6.705750169307763, 50.912036425016275 ], [ 6.70574972733507, 50.912045410436725 ], [ 6.705735514439428, 50.912045131019788 ], [ 6.705735072463776, 50.912054116440125 ], [ 6.705720859565629, 50.912053837021368 ], [ 6.705720417587017, 50.912062822441605 ], [ 6.705706204686364, 50.912062543021037 ], [ 6.705705320722998, 50.912080513861277 ], [ 6.705691107817108, 50.912080234438804 ], [ 6.705690223847371, 50.912098205278788 ], [ 6.705676010936243, 50.912097925854404 ], [ 6.705675568948302, 50.9121069112743 ], [ 6.705661356034668, 50.91210663184809 ], [ 6.705660914043769, 50.912115617267872 ], [ 6.705646701127629, 50.912115337839843 ], [ 6.705645817139687, 50.912133308679167 ], [ 6.70563160421831, 50.912133029249247 ], [ 6.705631162221266, 50.912142014668795 ], [ 6.705645375145377, 50.912142294098807 ], [ 6.70564493315084, 50.912151279518433 ], [ 6.705681736789412, 50.91215200308018 ], [ 6.705687982755519, 50.912143765922117 ], [ 6.705688455905181, 50.912134146958586 ], [ 6.705695176312384, 50.912134279080568 ], [ 6.705703196333741, 50.912123702294878 ], [ 6.705703552793548, 50.912116455541558 ], [ 6.705708615824972, 50.91211655507923 ], [ 6.705718409898656, 50.912103638665442 ], [ 6.705719091649826, 50.912089778702196 ], [ 6.705728775074387, 50.912089969073968 ], [ 6.705733623450265, 50.912083575033776 ], [ 6.705733746535461, 50.912081072701042 ], [ 6.70574795944203, 50.912081352118335 ], [ 6.70574766302609, 50.912087378316954 ], [ 6.705758201544399, 50.912090547580164 ], [ 6.70577594328749, 50.912090896368262 ], [ 6.705775701580189, 50.912095810387157 ], [ 6.705789609185125, 50.912099992835344 ], [ 6.705816600494896, 50.912064713317811 ], [ 6.705805694995694, 50.912064498928729 ], [ 6.705806578919903, 50.912046528087174 ] ], [ [ 6.705763056290336, 50.912063660692951 ], [ 6.705748843389004, 50.912063381277562 ], [ 6.705749285362151, 50.912054395857147 ], [ 6.70576349826075, 50.912054675272451 ], [ 6.705763056290336, 50.912063660692951 ] ] ] ] } },
{ "type": "Feature", "properties": { "DN": 1, "gml_id": "DENW41AL30005eT7FL", "identifier": "urn:adv:oid:DENW41AL30005eT7FL", "aktualit_2": "2024-08-20Z", "idflurst": "DENW41AL30005eT7", "flaeche": 461.0, "flstkennz_": "05468200800076______", "flstnrzae": "76", "flstnrnen": null, "gemarkung": "Horrem", "gemaschl": "054682", "flur": "8", "flurschl": "054682008", "land": "Nordrhein-Westfalen", "landschl": "05", "regbezirk": "Köln", "regbezschl": "053", "kreis": "Rhein-Erft-Kreis", "kreisschl": "05362", "gemeinde": "Kerpen", "gmdschl": "05362032", "abwrecht": "Kein abweichender Rechtszustand", "lagebeztxt": "Höhenweg 56", "tntxt": "Wohnbaufläche;461", "area": 475, "other catc": null, "frag area": 18.0, "final area": 18.0 }, "geometry": { "type": "MultiPolygon", "coordinates": [ [ [ [ 6.714620819663229, 50.912174502073597 ], [ 6.714621259929891, 50.912165516597668 ], [ 6.714635472950429, 50.912165794933458 ], [ 6.714635913214136, 50.912156809457414 ], [ 6.714650126232167, 50.912157087791385 ], [ 6.714652327533646, 50.912112160410494 ], [ 6.714623901525132, 50.912111603741707 ], [ 6.714623461259823, 50.912120589217757 ], [ 6.71460924825317, 50.912120310880681 ], [ 6.714607487178748, 50.9121562527843 ], [ 6.714593274161394, 50.912155974445142 ], [ 6.714592833889491, 50.912164959920915 ], [ 6.714607046909579, 50.912165238260158 ], [ 6.714606606640183, 50.912174223736002 ], [ 6.714620819663229, 50.912174502073597 ] ] ] ] } },
{ "type": "Feature", "properties": { "DN": 1, "gml_id": "DENW41AL30005eT7FL", "identifier": "urn:adv:oid:DENW41AL30005eT7FL", "aktualit_2": "2024-08-20Z", "idflurst": "DENW41AL30005eT7", "flaeche": 461.0, "flstkennz_": "05468200800076______", "flstnrzae": "76", "flstnrnen": null, "gemarkung": "Horrem", "gemaschl": "054682", "flur": "8", "flurschl": "054682008", "land": "Nordrhein-Westfalen", "landschl": "05", "regbezirk": "Köln", "regbezschl": "053", "kreis": "Rhein-Erft-Kreis", "kreisschl": "05362", "gemeinde": "Kerpen", "gmdschl": "05362032", "abwrecht": "Kein abweichender Rechtszustand", "lagebeztxt": "Höhenweg 56", "tntxt": "Wohnbaufläche;461", "area": 475, "other catc": null, "frag area": 17.8, "final area": 17.6 }, "geometry": { "type": "MultiPolygon", "coordinates": [ [ [ [ 6.714256565174919, 50.91205943904933 ], [ 6.714228139206362, 50.912058882284626 ], [ 6.71422857954682, 50.91204989681097 ], [ 6.714188462323092, 50.912049111043999 ], [ 6.714171582490668, 50.912051744727904 ], [ 6.714171287271956, 50.912057768734428 ], [ 6.714142861306108, 50.912057211948976 ], [ 6.714142532682741, 50.912063917499445 ], [ 6.714163090357352, 50.912066602278927 ], [ 6.714227698865679, 50.912067867758253 ], [ 6.714227263236594, 50.912076757083717 ], [ 6.71422813974577, 50.912076870492001 ], [ 6.714241471514399, 50.912077131615263 ], [ 6.714241400230841, 50.912078586216239 ], [ 6.714242474642452, 50.912078725230252 ], [ 6.714241200010987, 50.912082671870216 ], [ 6.714239710159433, 50.912113073509936 ], [ 6.714253923160217, 50.912113351891961 ], [ 6.714256565174919, 50.91205943904933 ] ] ] ] } },
{ "type": "Feature", "properties": { "DN": 1, "gml_id": "DENW41AL30005bbUFL", "identifier": "urn:adv:oid:DENW41AL30005bbUFL", "aktualit_2": "2024-08-20Z", "idflurst": "DENW41AL30005bbU", "flaeche": 251.0, "flstkennz_": "05468202100373______", "flstnrzae": "373", "flstnrnen": null, "gemarkung": "Horrem", "gemaschl": "054682", "flur": "21", "flurschl": "054682021", "land": "Nordrhein-Westfalen", "landschl": "05", "regbezirk": "Köln", "regbezschl": "053", "kreis": "Rhein-Erft-Kreis", "kreisschl": "05362", "gemeinde": "Kerpen", "gmdschl": "05362032", "abwrecht": "Kein abweichender Rechtszustand", "lagebeztxt": "Herderstraße 12", "tntxt": "Wohnbaufläche;251", "area": 254, "other catc": null, "frag area": 23.9, "final area": 23.9 }, "geometry": { "type": "MultiPolygon", "coordinates": [ [ [ [ 6.708114810881403, 50.91197495902378 ], [ 6.708121992056293, 50.911975100055059 ], [ 6.70812429286306, 50.91195918070175 ], [ 6.708073070476689, 50.911955840631165 ], [ 6.708069713020047, 50.912024167938327 ], [ 6.708112237829059, 50.912027323930332 ], [ 6.708114810881403, 50.91197495902378 ] ] ] ] } },
{ "type": "Feature", "properties": { "DN": 1, "gml_id": "DENW41AL30005UmmFL", "identifier": "urn:adv:oid:DENW41AL30005UmmFL", "aktualit_2": "2024-08-20Z", "idflurst": "DENW41AL30005Umm", "flaeche": 285.0, "flstkennz_": "05468202100372______", "flstnrzae": "372", "flstnrnen": null, "gemarkung": "Horrem", "gemaschl": "054682", "flur": "21", "flurschl": "054682021", "land": "Nordrhein-Westfalen", "landschl": "05", "regbezirk": "Köln", "regbezschl": "053", "kreis": "Rhein-Erft-Kreis", "kreisschl": "05362", "gemeinde": "Kerpen", "gmdschl": "05362032", "abwrecht": "Kein abweichender Rechtszustand", "lagebeztxt": "Herderstraße 12 a", "tntxt": "Wohnbaufläche;285", "area": 291, "other catc": null, "frag area": 22.2, "final area": 22.2 }, "geometry": { "type": "MultiPolygon", "coordinates": [ [ [ [ 6.708095299738742, 50.912082505117702 ], [ 6.708102927150522, 50.912082654913796 ], [ 6.708108906083154, 50.912065017968992 ], [ 6.708111129058649, 50.912049888778078 ], [ 6.708112237829059, 50.912027323930332 ], [ 6.708069713020047, 50.912024167938327 ], [ 6.708068639985573, 50.912046005112927 ], [ 6.708054427066692, 50.912045725978253 ], [ 6.708053544008114, 50.912063696848072 ], [ 6.708081969857032, 50.912064255116036 ], [ 6.708079314246993, 50.91211829922679 ], [ 6.708090287780413, 50.912119939092065 ], [ 6.708093998133947, 50.912108994132211 ], [ 6.708095299738742, 50.912082505117702 ] ] ] ] } },
{ "type": "Feature", "properties": { "DN": 1, "gml_id": "DENW41AL30005bbUFL", "identifier": "urn:adv:oid:DENW41AL30005bbUFL", "aktualit_2": "2024-08-20Z", "idflurst": "DENW41AL30005bbU", "flaeche": 251.0, "flstkennz_": "05468202100373______", "flstnrzae": "373", "flstnrnen": null, "gemarkung": "Horrem", "gemaschl": "054682", "flur": "21", "flurschl": "054682021", "land": "Nordrhein-Westfalen", "landschl": "05", "regbezirk": "Köln", "regbezschl": "053", "kreis": "Rhein-Erft-Kreis", "kreisschl": "05362", "gemeinde": "Kerpen", "gmdschl": "05362032", "abwrecht": "Kein abweichender Rechtszustand", "lagebeztxt": "Herderstraße 12", "tntxt": "Wohnbaufläche;251", "area": 254, "other catc": null, "frag area": 11.6, "final area": 11.6 }, "geometry": { "type": "MultiPolygon", "coordinates": [ [ [ [ 6.707672886353738, 50.911993261525829 ], [ 6.707673769556687, 50.911975290660564 ], [ 6.707659556663266, 50.911975011478113 ], [ 6.707659998267131, 50.911966026045555 ], [ 6.707645785376669, 50.911965746861455 ], [ 6.707647551800798, 50.911929805131408 ], [ 6.707637587962617, 50.911929609410592 ], [ 6.70763330907191, 50.91195589608143 ], [ 6.707627545556795, 50.911991246631381 ], [ 6.707648118733304, 50.911992775016664 ], [ 6.707672886353738, 50.911993261525829 ] ] ] ] } },
{ "type": "Feature", "properties": { "DN": 1, "gml_id": "DENW41AL30005fPaFL", "identifier": "urn:adv:oid:DENW41AL30005fPaFL", "aktualit_2": "2024-08-20Z", "idflurst": "DENW41AL30005fPa", "flaeche": 197.0, "flstkennz_": "054682021000520025__", "flstnrzae": "52", "flstnrnen": "25", "gemarkung": "Horrem", "gemaschl": "054682", "flur": "21", "flurschl": "054682021", "land": "Nordrhein-Westfalen", "landschl": "05", "regbezirk": "Köln", "regbezschl": "053", "kreis": "Rhein-Erft-Kreis", "kreisschl": "05362", "gemeinde": "Kerpen", "gmdschl": "05362032", "abwrecht": "Kein abweichender Rechtszustand", "lagebeztxt": "Adenauerstraße", "tntxt": "Wohnbaufläche;197", "area": 198, "other catc": null, "frag area": 23.4, "final area": 23.4 }, "geometry": { "type": "MultiPolygon", "coordinates": [ [ [ [ 6.707586725727186, 50.912009557268199 ], [ 6.707587608963824, 50.911991586404078 ], [ 6.707601821861577, 50.911991865595361 ], [ 6.707601380246104, 50.912000851027514 ], [ 6.70762589941388, 50.912001332666151 ], [ 6.707627545556795, 50.911991246631381 ], [ 6.70763330907191, 50.91195589608143 ], [ 6.707575325473534, 50.911952050509385 ], [ 6.707573837687009, 50.911982321779078 ], [ 6.70755962479244, 50.91198204258442 ], [ 6.70755829992143, 50.912008998880097 ], [ 6.707586725727186, 50.912009557268199 ] ] ] ] } },
{ "type": "Feature", "properties": { "DN": 1, "gml_id": "DENW41AL30005XXnFL", "identifier": "urn:adv:oid:DENW41AL30005XXnFL", "aktualit_2": "2024-08-20Z", "idflurst": "DENW41AL30005XXn", "flaeche": 326.0, "flstkennz_": "054682021002190053__", "flstnrzae": "219", "flstnrnen": "53", "gemarkung": "Horrem", "gemaschl": "054682", "flur": "21", "flurschl": "054682021", "land": "Nordrhein-Westfalen", "landschl": "05", "regbezirk": "Köln", "regbezschl": "053", "kreis": "Rhein-Erft-Kreis", "kreisschl": "05362", "gemeinde": "Kerpen", "gmdschl": "05362032", "abwrecht": "Kein abweichender Rechtszustand", "lagebeztxt": "Adenauerstraße 4", "tntxt": "Wohnbaufläche;326", "area": 324, "other catc": null, "frag area": 15.0, "final area": 15.0 }, "geometry": { "type": "MultiPolygon", "coordinates": [ [ [ [ 6.708614028124537, 50.911948785687279 ], [ 6.708614469544217, 50.911939800248668 ], [ 6.708628682436404, 50.911940079314761 ], [ 6.708629123853124, 50.911931093876049 ], [ 6.70861491096367, 50.911930814810063 ], [ 6.708616235220671, 50.911903858494114 ], [ 6.708587809458834, 50.911903300357466 ], [ 6.708587368034594, 50.911912285795964 ], [ 6.708573155151282, 50.911912006724954 ], [ 6.708572713724084, 50.911920992163331 ], [ 6.708558500838268, 50.91192071309051 ], [ 6.708558059408112, 50.911929698528787 ], [ 6.708572272296661, 50.911929977601709 ], [ 6.708571830869013, 50.911938963040051 ], [ 6.708586043760522, 50.911939242111323 ], [ 6.708585602335376, 50.91194822754975 ], [ 6.708614028124537, 50.911948785687279 ] ] ] ] } },
{ "type": "Feature", "properties": { "DN": 1, "gml_id": "DENW41AL30005c4KFL", "identifier": "urn:adv:oid:DENW41AL30005c4KFL", "aktualit_2": "2024-08-20Z", "idflurst": "DENW41AL30005c4K", "flaeche": 326.0, "flstkennz_": "054682021002200053__", "flstnrzae": "220", "flstnrnen": "53", "gemarkung": "Horrem", "gemaschl": "054682", "flur": "21", "flurschl": "054682021", "land": "Nordrhein-Westfalen", "landschl": "05", "regbezirk": "Köln", "regbezschl": "053", "kreis": "Rhein-Erft-Kreis", "kreisschl": "05362", "gemeinde": "Kerpen", "gmdschl": "05362032", "abwrecht": "Kein abweichender Rechtszustand", "lagebeztxt": "Adenauerstraße 6", "tntxt": "Wohnbaufläche;326", "area": 324, "other catc": null, "frag area": 15.9, "final area": 15.9 }, "geometry": { "type": "MultiPolygon", "coordinates": [ [ [ [ 6.708532282242015, 50.911875227748943 ], [ 6.708518069370538, 50.911874948671382 ], [ 6.708518510807531, 50.911865963233254 ], [ 6.70847587220265, 50.91186512599046 ], [ 6.708476313647616, 50.911856140552594 ], [ 6.708447887917623, 50.911855582382259 ], [ 6.708447005016538, 50.911873553257621 ], [ 6.70840658215528, 50.911872759498337 ], [ 6.708405261140671, 50.911880855235971 ], [ 6.708405119359503, 50.911881724880175 ], [ 6.708531840807527, 50.911884213187115 ], [ 6.708532282242015, 50.911875227748943 ] ] ] ] } },
{ "type": "Feature", "properties": { "DN": 1, "gml_id": "DENW41AL30005fPaFL", "identifier": "urn:adv:oid:DENW41AL30005fPaFL", "aktualit_2": "2024-08-20Z", "idflurst": "DENW41AL30005fPa", "flaeche": 197.0, "flstkennz_": "054682021000520025__", "flstnrzae": "52", "flstnrnen": "25", "gemarkung": "Horrem", "gemaschl": "054682", "flur": "21", "flurschl": "054682021", "land": "Nordrhein-Westfalen", "landschl": "05", "regbezirk": "Köln", "regbezschl": "053", "kreis": "Rhein-Erft-Kreis", "kreisschl": "05362", "gemeinde": "Kerpen", "gmdschl": "05362032", "abwrecht": "Kein abweichender Rechtszustand", "lagebeztxt": "Adenauerstraße", "tntxt": "Wohnbaufläche;197", "area": 198, "other catc": null, "frag area": 29.5, "final area": 29.5 }, "geometry": { "type": "MultiPolygon", "coordinates": [ [ [ [ 6.707499681771068, 50.912043823809036 ], [ 6.707501006677581, 50.91201686751463 ], [ 6.707486793773215, 50.912016588310983 ], [ 6.707487235411, 50.912007602879576 ], [ 6.707501448312632, 50.912007882083145 ], [ 6.707501889947458, 50.911998896651617 ], [ 6.707487677048555, 50.911998617448141 ], [ 6.707488118685887, 50.911989632016706 ], [ 6.707502331582057, 50.91198991122009 ], [ 6.707504423557758, 50.911947348132365 ], [ 6.70746188241582, 50.911944526685566 ], [ 6.707461017821257, 50.91196211731085 ], [ 6.707475230708777, 50.911962396517431 ], [ 6.707474789069392, 50.911971381948831 ], [ 6.70746057617914, 50.911971102742157 ], [ 6.707457043034061, 50.912042986192105 ], [ 6.707499681771068, 50.912043823809036 ] ] ], [ [ [ 6.707453728637822, 50.911943985902539 ], [ 6.707450453029983, 50.911943768654218 ], [ 6.707450428700254, 50.911943921076094 ], [ 6.707453728637822, 50.911943985902539 ] ] ] ] } },
{ "type": "Feature", "properties": { "DN": 1, "gml_id": "DENW41AL30005hziFL", "identifier": "urn:adv:oid:DENW41AL30005hziFL", "aktualit_2": "2024-08-20Z", "idflurst": "DENW41AL30005hzi", "flaeche": 304.0, "flstkennz_": "054682021002170053__", "flstnrzae": "217", "flstnrnen": "53", "gemarkung": "Horrem", "gemaschl": "054682", "flur": "21", "flurschl": "054682021", "land": "Nordrhein-Westfalen", "landschl": "05", "regbezirk": "Köln", "regbezschl": "053", "kreis": "Rhein-Erft-Kreis", "kreisschl": "05362", "gemeinde": "Kerpen", "gmdschl": "05362032", "abwrecht": "Kein abweichender Rechtszustand", "lagebeztxt": "Sistenichstraße 40", "tntxt": "Wohnbaufläche;304", "area": 303, "other catc": null, "frag area": 29.3, "final area": 28.7 }, "geometry": { "type": "MultiPolygon", "coordinates": [ [ [ [ 6.709032380914699, 50.911831081726326 ], [ 6.708989742326371, 50.911830244671584 ], [ 6.708989361570218, 50.911837996558809 ], [ 6.709018654662951, 50.911839806368036 ], [ 6.709031939577192, 50.911840067167724 ], [ 6.709032380914699, 50.911831081726326 ] ] ], [ [ [ 6.70899106636212, 50.911803288348118 ], [ 6.708992390395833, 50.911776332024488 ], [ 6.709020816088374, 50.911776890061645 ], [ 6.709021257427029, 50.911767904620227 ], [ 6.709035470270906, 50.91176818363612 ], [ 6.709035028934983, 50.911777169077624 ], [ 6.709077667476169, 50.911778006115206 ], [ 6.709076784820039, 50.911795976998704 ], [ 6.709090997673017, 50.91179625600796 ], [ 6.709092321648677, 50.911769299682412 ], [ 6.709078108803896, 50.911769020673439 ], [ 6.709078550131395, 50.911760035231637 ], [ 6.708979060243379, 50.91175808212099 ], [ 6.708977736202825, 50.911785038444449 ], [ 6.708963523354387, 50.911784759421472 ], [ 6.708961757952888, 50.911820701185491 ], [ 6.708953417807964, 50.911820537453018 ], [ 6.708951018130094, 50.911835447540227 ], [ 6.708946820474348, 50.911835174555421 ], [ 6.708946810989699, 50.911835367651577 ], [ 6.70897517804279, 50.911837120258113 ], [ 6.708976853507993, 50.911803009326682 ], [ 6.70899106636212, 50.911803288348118 ] ] ] ] } },
{ "type": "Feature", "properties": { "DN": 1, "gml_id": "DENW41AL30005bpPFL", "identifier": "urn:adv:oid:DENW41AL30005bpPFL", "aktualit_2": "2024-08-20Z", "idflurst": "DENW41AL30005bpP", "flaeche": 783.0, "flstkennz_": "05468202100434______", "flstnrzae": "434", "flstnrnen": null, "gemarkung": "Horrem", "gemaschl": "054682", "flur": "21", "flurschl": "054682021", "land": "Nordrhein-Westfalen", "landschl": "05", "regbezirk": "Köln", "regbezschl": "053", "kreis": "Rhein-Erft-Kreis", "kreisschl": "05362", "gemeinde": "Kerpen", "gmdschl": "05362032", "abwrecht": "Kein abweichender Rechtszustand", "lagebeztxt": "Adenauerstraße 24, 26", "tntxt": "Wohnbaufläche;783", "area": 785, "other catc": null, "frag area": 50.0, "final area": 50.0 }, "geometry": { "type": "MultiPolygon", "coordinates": [ [ [ [ 6.706207118796971, 50.911712625410736 ], [ 6.706207560676362, 50.911703639986897 ], [ 6.70623598626926, 50.911704198701443 ], [ 6.706236428142961, 50.911695213277419 ], [ 6.706293279320544, 50.911696330685423 ], [ 6.706293721183089, 50.911687345261008 ], [ 6.706336359560459, 50.911688183298587 ], [ 6.706335475851534, 50.911706154147907 ], [ 6.706477603845459, 50.911708947495903 ], [ 6.706478045672713, 50.911699962070358 ], [ 6.706492258470619, 50.911700241395557 ], [ 6.706492700294915, 50.911691255969913 ], [ 6.706450061910073, 50.911690417989391 ], [ 6.70645050374234, 50.911681432563995 ], [ 6.706308375834906, 50.911678639184089 ], [ 6.706308817694267, 50.911669653759567 ], [ 6.706237753762703, 50.911668257005225 ], [ 6.706237311889682, 50.911677242429306 ], [ 6.706223099101316, 50.911676963073162 ], [ 6.706222657225337, 50.911685948497137 ], [ 6.706208444434465, 50.911685669139175 ], [ 6.706208002555527, 50.911694654563043 ], [ 6.70619378976215, 50.911694375203261 ], [ 6.70619290599813, 50.91171234605077 ], [ 6.706207118796971, 50.911712625410736 ] ], [ [ 6.706265737467093, 50.911677801136413 ], [ 6.706265295599309, 50.911686786560644 ], [ 6.706236870016435, 50.911686227853366 ], [ 6.706237311889682, 50.911677242429306 ], [ 6.706265737467093, 50.911677801136413 ] ] ] ] } },
{ "type": "Feature", "properties": { "DN": 1, "gml_id": "DENW41AL30005ZtpFL", "identifier": "urn:adv:oid:DENW41AL30005ZtpFL", "aktualit_2": "2024-08-20Z", "idflurst": "DENW41AL30005Ztp", "flaeche": 758.0, "flstkennz_": "054682021000520002__", "flstnrzae": "52", "flstnrnen": "2", "gemarkung": "Horrem", "gemaschl": "054682", "flur": "21", "flurschl": "054682021", "land": "Nordrhein-Westfalen", "landschl": "05", "regbezirk": "Köln", "regbezschl": "053", "kreis": "Rhein-Erft-Kreis", "kreisschl": "05362", "gemeinde": "Kerpen", "gmdschl": "05362032", "abwrecht": "Kein abweichender Rechtszustand", "lagebeztxt": "Adenauerstraße 22", "tntxt": "Wohnbaufläche;758", "area": 751, "other catc": null, "frag area": 19.0, "final area": 18.9 }, "geometry": { "type": "MultiPolygon", "coordinates": [ [ [ [ 6.706750297744963, 50.911660341817104 ], [ 6.706776856064911, 50.911660863706516 ], [ 6.706779516755502, 50.911644762223254 ], [ 6.706780932162626, 50.911615973261476 ], [ 6.706795144937965, 50.911616252549479 ], [ 6.706795586702624, 50.911607267121795 ], [ 6.706752948385481, 50.911606429252863 ], [ 6.706752506612628, 50.911615414680277 ], [ 6.706738293837968, 50.911615135387095 ], [ 6.706735643179699, 50.911669047950703 ], [ 6.706749855970751, 50.911669327244418 ], [ 6.706750297744963, 50.911660341817104 ] ] ] ] } },
{ "type": "Feature", "properties": { "DN": 1, "gml_id": "DENW41AL30005eO1FL", "identifier": "urn:adv:oid:DENW41AL30005eO1FL", "aktualit_2": "2024-08-20Z", "idflurst": "DENW41AL30005eO1", "flaeche": 426.0, "flstkennz_": "054682021002790052__", "flstnrzae": "279", "flstnrnen": "52", "gemarkung": "Horrem", "gemaschl": "054682", "flur": "21", "flurschl": "054682021", "land": "Nordrhein-Westfalen", "landschl": "05", "regbezirk": "Köln", "regbezschl": "053", "kreis": "Rhein-Erft-Kreis", "kreisschl": "05362", "gemeinde": "Kerpen", "gmdschl": "05362032", "abwrecht": "Kein abweichender Rechtszustand", "lagebeztxt": "Adenauerstraße 16", "tntxt": "Wohnbaufläche;426", "area": 426, "other catc": null, "frag area": 10.8, "final area": 10.8 }, "geometry": { "type": "MultiPolygon", "coordinates": [ [ [ [ 6.707677076982709, 50.911687544199687 ], [ 6.707681201020645, 50.911662261824823 ], [ 6.707645297774104, 50.911659937638895 ], [ 6.707547097493947, 50.911658008636635 ], [ 6.707546655873188, 50.911666994068952 ], [ 6.707660358267449, 50.911669227580511 ], [ 6.70765991666832, 50.911678213013538 ], [ 6.707674129471353, 50.911678492194795 ], [ 6.707673687874729, 50.911687477627893 ], [ 6.707677076982709, 50.911687544199687 ] ] ] ] } },
{ "type": "Feature", "properties": { "DN": 1, "gml_id": "DENW41AL30005dAlFL", "identifier": "urn:adv:oid:DENW41AL30005dAlFL", "aktualit_2": "2024-08-20Z", "idflurst": "DENW41AL30005dAl", "flaeche": 253.0, "flstkennz_": "05468202000270______", "flstnrzae": "270", "flstnrnen": null, "gemarkung": "Horrem", "gemaschl": "054682", "flur": "20", "flurschl": "054682020", "land": "Nordrhein-Westfalen", "landschl": "05", "regbezirk": "Köln", "regbezschl": "053", "kreis": "Rhein-Erft-Kreis", "kreisschl": "05362", "gemeinde": "Kerpen", "gmdschl": "05362032", "abwrecht": "Kein abweichender Rechtszustand", "lagebeztxt": "Herderstraße 9", "tntxt": "Wohnbaufläche;253", "area": 253, "other catc": null, "frag area": 34.0, "final area": 34.0 }, "geometry": { "type": "MultiPolygon", "coordinates": [ [ [ [ 6.708489998329314, 50.911577591970662 ], [ 6.708490439767039, 50.911568606532263 ], [ 6.708518865323081, 50.911569164689986 ], [ 6.708519306755115, 50.91156017925141 ], [ 6.708533519530743, 50.911560458327592 ], [ 6.70853660952953, 50.911497560256386 ], [ 6.708479758504875, 50.911496443943761 ], [ 6.708477551309374, 50.91154137113579 ], [ 6.708463338540117, 50.911541092052872 ], [ 6.708462455654868, 50.911559062929385 ], [ 6.708476668429591, 50.911559342012488 ], [ 6.708475785548901, 50.911577312889115 ], [ 6.708489998329314, 50.911577591970662 ] ] ] ] } },
{ "type": "Feature", "properties": { "DN": 1, "gml_id": "DENW41AL30005eYeFL", "identifier": "urn:adv:oid:DENW41AL30005eYeFL", "aktualit_2": "2024-08-20Z", "idflurst": "DENW41AL30005eYe", "flaeche": 272.0, "flstkennz_": "054682020001580017__", "flstnrzae": "158", "flstnrnen": "17", "gemarkung": "Horrem", "gemaschl": "054682", "flur": "20", "flurschl": "054682020", "land": "Nordrhein-Westfalen", "landschl": "05", "regbezirk": "Köln", "regbezschl": "053", "kreis": "Rhein-Erft-Kreis", "kreisschl": "05362", "gemeinde": "Kerpen", "gmdschl": "05362032", "abwrecht": "Kein abweichender Rechtszustand", "lagebeztxt": "Adenauerstraße 9", "tntxt": "Wohnbaufläche;272", "area": 273, "other catc": null, "frag area": 19.6, "final area": 19.6 }, "geometry": { "type": "MultiPolygon", "coordinates": [ [ [ [ 6.708791556427949, 50.911520554201601 ], [ 6.708792439185259, 50.911502583320839 ], [ 6.708778226424684, 50.911502304276404 ], [ 6.708779109186552, 50.911484333395748 ], [ 6.708736470922579, 50.911483496252579 ], [ 6.708736029533561, 50.911492481692648 ], [ 6.708697514577872, 50.911491725491423 ], [ 6.708694693680457, 50.911509658318032 ], [ 6.70870672123027, 50.911509894468132 ], [ 6.708707162625205, 50.91150090902827 ], [ 6.708721375384649, 50.911501188081353 ], [ 6.708720492600018, 50.911519158961227 ], [ 6.708791556427949, 50.911520554201601 ] ] ] ] } },
{ "type": "Feature", "properties": { "DN": 1, "gml_id": "DENW41AL30005UFqFL", "identifier": "urn:adv:oid:DENW41AL30005UFqFL", "aktualit_2": "2024-08-20Z", "idflurst": "DENW41AL30005UFq", "flaeche": 278.0, "flstkennz_": "054682020001550017__", "flstnrzae": "155", "flstnrnen": "17", "gemarkung": "Horrem", "gemaschl": "054682", "flur": "20", "flurschl": "054682020", "land": "Nordrhein-Westfalen", "landschl": "05", "regbezirk": "Köln", "regbezschl": "053", "kreis": "Rhein-Erft-Kreis", "kreisschl": "05362", "gemeinde": "Kerpen", "gmdschl": "05362032", "abwrecht": "Kein abweichender Rechtszustand", "lagebeztxt": "Adenauerstraße 3", "tntxt": "Wohnbaufläche;278", "area": 285, "other catc": null, "frag area": 41.3, "final area": 37.7 }, "geometry": { "type": "MultiPolygon", "coordinates": [ [ [ [ 6.70908870060147, 50.911553370065832 ], [ 6.70910291338068, 50.911553649072673 ], [ 6.709103354700021, 50.911544663630394 ], [ 6.709202844141704, 50.91154661662928 ], [ 6.709203285441693, 50.91153763118637 ], [ 6.709217498217249, 50.911537910179206 ], [ 6.709217939514279, 50.911528924736182 ], [ 6.709203726741456, 50.911528645743431 ], [ 6.709204168040992, 50.911519660300492 ], [ 6.709218380811084, 50.911519939293143 ], [ 6.709218822107662, 50.911510953850076 ], [ 6.709204609340302, 50.911510674857517 ], [ 6.709205491938245, 50.911492703971525 ], [ 6.70921970470014, 50.911492982963928 ], [ 6.709220587291713, 50.911475012077695 ], [ 6.709206374535283, 50.911474733085463 ], [ 6.709206815833461, 50.911465747642424 ], [ 6.709150235809033, 50.911464636976184 ], [ 6.709149851258883, 50.911466943880463 ], [ 6.709149300288884, 50.911478162113411 ], [ 6.70918740206855, 50.911480701503322 ], [ 6.709186961768769, 50.911483346121443 ], [ 6.709191720477938, 50.911483439534479 ], [ 6.709190837874985, 50.911501410420321 ], [ 6.709183976684076, 50.911501275735652 ], [ 6.709179834874895, 50.911526153075116 ], [ 6.709175410695328, 50.911525858239422 ], [ 6.709175301196487, 50.911528087752757 ], [ 6.709132662880729, 50.91152725075375 ], [ 6.709132870510306, 50.911523023272274 ], [ 6.709090330330954, 50.91152018828965 ], [ 6.709089141923542, 50.911544384623632 ], [ 6.709081656059184, 50.911544237670171 ], [ 6.709078889506547, 50.911562171571802 ], [ 6.709088259279172, 50.911562355508003 ], [ 6.70908870060147, 50.911553370065832 ] ] ] ] } },
{ "type": "Feature", "properties": { "DN": 1, "gml_id": "DENW41AL30005cRIFL", "identifier": "urn:adv:oid:DENW41AL30005cRIFL", "aktualit_2": "2024-08-20Z", "idflurst": "DENW41AL30005cRI", "flaeche": 276.0, "flstkennz_": "054682020001560017__", "flstnrzae": "156", "flstnrnen": "17", "gemarkung": "Horrem", "gemaschl": "054682", "flur": "20", "flurschl": "054682020", "land": "Nordrhein-Westfalen", "landschl": "05", "regbezirk": "Köln", "regbezschl": "053", "kreis": "Rhein-Erft-Kreis", "kreisschl": "05362", "gemeinde": "Kerpen", "gmdschl": "05362032", "abwrecht": "Kein abweichender Rechtszustand", "lagebeztxt": "Adenauerstraße 5", "tntxt": "Wohnbaufläche;276", "area": 277, "other catc": null, "frag area": 30.9, "final area": 30.1 }, "geometry": { "type": "MultiPolygon", "coordinates": [ [ [ [ 6.709034938813141, 50.911489355927948 ], [ 6.709090251060442, 50.91149044176251 ], [ 6.709091746091365, 50.911481477005331 ], [ 6.709035380144559, 50.91148037048599 ], [ 6.709037145467965, 50.911444428718006 ], [ 6.709051358213485, 50.911444707730702 ], [ 6.70905268219547, 50.911417751404272 ], [ 6.709010043984176, 50.911416914361794 ], [ 6.709008278641625, 50.911452856129266 ], [ 6.708994065894051, 50.911452577111298 ], [ 6.708993624555116, 50.911461562553029 ], [ 6.709007837305422, 50.911461841571096 ], [ 6.709006954632338, 50.911479812454687 ], [ 6.708992741876568, 50.911479533436449 ], [ 6.708992300536954, 50.911488518878137 ], [ 6.708978087778678, 50.91148823985808 ], [ 6.708977646436106, 50.911497225299662 ], [ 6.70900607195835, 50.911497783338227 ], [ 6.709005630621015, 50.911506768779965 ], [ 6.709026699087824, 50.911507182383332 ], [ 6.709029638697158, 50.911490385137334 ], [ 6.709034871644931, 50.911490723462293 ], [ 6.709034938813141, 50.911489355927948 ] ] ] ] } },
{ "type": "Feature", "properties": { "DN": 1, "gml_id": "DENW41AL30005cEMFL", "identifier": "urn:adv:oid:DENW41AL30005cEMFL", "aktualit_2": "2024-08-20Z", "idflurst": "DENW41AL30005cEM", "flaeche": 274.0, "flstkennz_": "054682020001570017__", "flstnrzae": "157", "flstnrnen": "17", "gemarkung": "Horrem", "gemaschl": "054682", "flur": "20", "flurschl": "054682020", "land": "Nordrhein-Westfalen", "landschl": "05", "regbezirk": "Köln", "regbezschl": "053", "kreis": "Rhein-Erft-Kreis", "kreisschl": "05362", "gemeinde": "Kerpen", "gmdschl": "05362032", "abwrecht": "Kein abweichender Rechtszustand", "lagebeztxt": "Adenauerstraße 7", "tntxt": "Wohnbaufläche;274", "area": 268, "other catc": null, "frag area": 15.2, "final area": 15.2 }, "geometry": { "type": "MultiPolygon", "coordinates": [ [ [ [ 6.708939863000444, 50.911397548373472 ], [ 6.708925650270395, 50.911397269347383 ], [ 6.708926091621407, 50.911388283905971 ], [ 6.708968729804042, 50.911389120978775 ], [ 6.708968994656516, 50.911383728759056 ], [ 6.708889978291981, 50.911380019867728 ], [ 6.708855454577026, 50.911378204116133 ], [ 6.708854586623532, 50.911395874191037 ], [ 6.708883012081598, 50.911396432258769 ], [ 6.708882570722164, 50.911405417699896 ], [ 6.708939421651939, 50.911406533814947 ], [ 6.708939863000444, 50.911397548373472 ] ] ] ] } },
{ "type": "Feature", "properties": { "DN": 1, "gml_id": "DENW41AL30005ZOmFL", "identifier": "urn:adv:oid:DENW41AL30005ZOmFL", "aktualit_2": "2024-08-20Z", "idflurst": "DENW41AL30005ZOm", "flaeche": 265.0, "flstkennz_": "054682020000980017__", "flstnrzae": "98", "flstnrnen": "17", "gemarkung": "Horrem", "gemaschl": "054682", "flur": "20", "flurschl": "054682020", "land": "Nordrhein-Westfalen", "landschl": "05", "regbezirk": "Köln", "regbezschl": "053", "kreis": "Rhein-Erft-Kreis", "kreisschl": "05362", "gemeinde": "Kerpen", "gmdschl": "05362032", "abwrecht": "Kein abweichender Rechtszustand", "lagebeztxt": "Herderstraße 11", "tntxt": "Wohnbaufläche;265", "area": 265, "other catc": null, "frag area": 39.6, "final area": 39.6 }, "geometry": { "type": "MultiPolygon", "coordinates": [ [ [ [ 6.70857322734859, 50.911444314621448 ], [ 6.708576045655499, 50.911426381746452 ], [ 6.708554353678013, 50.911425955818551 ], [ 6.708556119368462, 50.911390014062327 ], [ 6.708570332092631, 50.911390293133358 ], [ 6.708569449253323, 50.911408264011698 ], [ 6.708578863960019, 50.911408448871335 ], [ 6.708583091412319, 50.911381549558349 ], [ 6.708570773511946, 50.911381307694178 ], [ 6.708571214931034, 50.911372322254977 ], [ 6.708584500561892, 50.911372583120624 ], [ 6.708585850526623, 50.911363993273255 ], [ 6.708574469490473, 50.911363392052365 ], [ 6.708571656349896, 50.911363336815747 ], [ 6.708571660925019, 50.911363243685372 ], [ 6.708514902523723, 50.911360245316686 ], [ 6.708514805487359, 50.911362220522292 ], [ 6.708486380057448, 50.911361662365188 ], [ 6.708485938622192, 50.911370647803885 ], [ 6.708514364057567, 50.911371205961167 ], [ 6.708513922627551, 50.911380191400006 ], [ 6.708528135348311, 50.911380470476146 ], [ 6.7085276939208, 50.911389455915064 ], [ 6.708541906644517, 50.911389734989555 ], [ 6.708541023794282, 50.911407705867532 ], [ 6.7085268110651, 50.91140742679287 ], [ 6.708526369636911, 50.911416412231731 ], [ 6.708512156905223, 50.911416133155249 ], [ 6.70851303976684, 50.911398162277656 ], [ 6.708498827040843, 50.911397883199612 ], [ 6.708498385607415, 50.911406868638331 ], [ 6.708484172878912, 50.911406589558474 ], [ 6.708483290005915, 50.911424560435663 ], [ 6.708497502739882, 50.911424839515696 ], [ 6.708496619871444, 50.911442810393005 ], [ 6.70857322734859, 50.911444314621448 ] ] ] ] } },
{ "type": "Feature", "properties": { "DN": 1, "gml_id": "DENW41AL30005W51FL", "identifier": "urn:adv:oid:DENW41AL30005W51FL", "aktualit_2": "2024-08-20Z", "idflurst": "DENW41AL30005W51", "flaeche": 408.0, "flstkennz_": "054682020001470016__", "flstnrzae": "147", "flstnrnen": "16", "gemarkung": "Horrem", "gemaschl": "054682", "flur": "20", "flurschl": "054682020", "land": "Nordrhein-Westfalen", "landschl": "05", "regbezirk": "Köln", "regbezschl": "053", "kreis": "Rhein-Erft-Kreis", "kreisschl": "05362", "gemeinde": "Kerpen", "gmdschl": "05362032", "abwrecht": "Kein abweichender Rechtszustand", "lagebeztxt": "Herderstraße 13", "tntxt": "Wohnbaufläche;408", "area": 409, "other catc": null, "frag area": 21.6, "final area": 21.6 }, "geometry": { "type": "MultiPolygon", "coordinates": [ [ [ [ 6.708574469490473, 50.911363392052365 ], [ 6.708585850526623, 50.911363993273255 ], [ 6.708585869066096, 50.911363615884788 ], [ 6.708574469490473, 50.911363392052365 ] ] ], [ [ [ 6.708544996613218, 50.911326836916146 ], [ 6.708546762304641, 50.911290895159524 ], [ 6.70856097499853, 50.911291174231309 ], [ 6.708561416418089, 50.911282188792036 ], [ 6.708532991035998, 50.911281630646897 ], [ 6.708530342482471, 50.91133554328129 ], [ 6.708516129775371, 50.911335264205604 ], [ 6.708515688346259, 50.911344249644515 ], [ 6.708501721857103, 50.911343975401749 ], [ 6.708501373015614, 50.91134605943941 ], [ 6.708501034204586, 50.911352956005821 ], [ 6.708515246916923, 50.911353235083418 ], [ 6.708514902523723, 50.911360245316686 ], [ 6.708571660925019, 50.911363243685372 ], [ 6.708573422023082, 50.911327395058692 ], [ 6.708544996613218, 50.911326836916146 ] ] ] ] } },
{ "type": "Feature", "properties": { "DN": 1, "gml_id": "DENW41AL30005e1RFL", "identifier": "urn:adv:oid:DENW41AL30005e1RFL", "aktualit_2": "2024-08-20Z", "idflurst": "DENW41AL30005e1R", "flaeche": 2994.0, "flstkennz_": "05468202000448______", "flstnrzae": "448", "flstnrnen": null, "gemarkung": "Horrem", "gemaschl": "054682", "flur": "20", "flurschl": "054682020", "land": "Nordrhein-Westfalen", "landschl": "05", "regbezirk": "Köln", "regbezschl": "053", "kreis": "Rhein-Erft-Kreis", "kreisschl": "05362", "gemeinde": "Kerpen", "gmdschl": "05362032", "abwrecht": "Kein abweichender Rechtszustand", "lagebeztxt": "Am grünen Weg 12, 14; Thomas-Mann-Straße 1, 2", "tntxt": "Wohnbaufläche;2994", "area": 2993, "other catc": 1, "frag area": 13.0, "final area": 12.9 }, "geometry": { "type": "MultiPolygon", "coordinates": [ [ [ [ 6.707085506264511, 50.911208228924664 ], [ 6.707093136555697, 50.911208378844364 ], [ 6.707093334993766, 50.911207564279373 ], [ 6.707101058815615, 50.91117255806531 ], [ 6.707087273072491, 50.911172287204018 ], [ 6.707085947966847, 50.911199243494522 ], [ 6.707071735315614, 50.911198964243546 ], [ 6.707070851905254, 50.911216935103631 ], [ 6.707056639248783, 50.911216655850744 ], [ 6.707056197540533, 50.91122564128068 ], [ 6.707001161395653, 50.911224559903921 ], [ 6.707000320555032, 50.91123307879171 ], [ 6.70700027547904, 50.911233536605572 ], [ 6.70708418115615, 50.911235185214977 ], [ 6.707085506264511, 50.911208228924664 ] ] ] ] } },
{ "type": "Feature", "properties": { "DN": 1, "gml_id": "DENW41AL30005e7ZFL", "identifier": "urn:adv:oid:DENW41AL30005e7ZFL", "aktualit_2": "2024-08-20Z", "idflurst": "DENW41AL30005e7Z", "flaeche": 413.0, "flstkennz_": "054682020001460016__", "flstnrzae": "146", "flstnrnen": "16", "gemarkung": "Horrem", "gemaschl": "054682", "flur": "20", "flurschl": "054682020", "land": "Nordrhein-Westfalen", "landschl": "05", "regbezirk": "Köln", "regbezschl": "053", "kreis": "Rhein-Erft-Kreis", "kreisschl": "05362", "gemeinde": "Kerpen", "gmdschl": "05362032", "abwrecht": "Kein abweichender Rechtszustand", "lagebeztxt": "Herderstraße 15", "tntxt": "Wohnbaufläche;413", "area": 414, "other catc": null, "frag area": 17.9, "final area": 17.0 }, "geometry": { "type": "MultiPolygon", "coordinates": [ [ [ [ 6.708578719020923, 50.911219569785935 ], [ 6.708592931693409, 50.911219848853555 ], [ 6.708594255929583, 50.911192892534721 ], [ 6.7086084685941, 50.911193171600338 ], [ 6.708609351411622, 50.911175200720862 ], [ 6.708595138752569, 50.911174921655423 ], [ 6.708595805654066, 50.911161346094602 ], [ 6.708553264085046, 50.911158546703092 ], [ 6.708553136730199, 50.911161139112998 ], [ 6.708559503777002, 50.911161558252893 ], [ 6.70855592344232, 50.911183145760972 ], [ 6.708566272018299, 50.911183348958822 ], [ 6.70856583060123, 50.911192334398294 ], [ 6.708580043265293, 50.911192613467364 ], [ 6.708579160435939, 50.911210584346428 ], [ 6.708564947766411, 50.911210305277159 ], [ 6.708563623512487, 50.911237261595367 ], [ 6.708577836190211, 50.911237540664892 ], [ 6.708578719020923, 50.911219569785935 ] ] ] ] } },
{ "type": "Feature", "properties": { "DN": 1, "gml_id": "DENW41AL30005XH4FL", "identifier": "urn:adv:oid:DENW41AL30005XH4FL", "aktualit_2": "2024-08-20Z", "idflurst": "DENW41AL30005XH4", "flaeche": 452.0, "flstkennz_": "054682020001420013__", "flstnrzae": "142", "flstnrnen": "13", "gemarkung": "Horrem", "gemaschl": "054682", "flur": "20", "flurschl": "054682020", "land": "Nordrhein-Westfalen", "landschl": "05", "regbezirk": "Köln", "regbezschl": "053", "kreis": "Rhein-Erft-Kreis", "kreisschl": "05362", "gemeinde": "Kerpen", "gmdschl": "05362032", "abwrecht": "Kein abweichender Rechtszustand", "lagebeztxt": "Herderstraße 19", "tntxt": "Wohnbaufläche;452", "area": 453, "other catc": null, "frag area": 10.0, "final area": 10.0 }, "geometry": { "type": "MultiPolygon", "coordinates": [ [ [ [ 6.708729673466907, 50.911042651573297 ], [ 6.708730114850079, 50.911033666132568 ], [ 6.708744327467454, 50.911033945181039 ], [ 6.708744768847668, 50.911024959740203 ], [ 6.708730556233024, 50.911024680691824 ], [ 6.708730997615744, 50.911015695251066 ], [ 6.708688359781366, 50.911014858095832 ], [ 6.708687035607941, 50.911041814417267 ], [ 6.708729673466907, 50.911042651573297 ] ] ] ] } },
{ "type": "Feature", "properties": { "DN": 1, "gml_id": "DENW41AL30005XH4FL", "identifier": "urn:adv:oid:DENW41AL30005XH4FL", "aktualit_2": "2024-08-20Z", "idflurst": "DENW41AL30005XH4", "flaeche": 452.0, "flstkennz_": "054682020001420013__", "flstnrzae": "142", "flstnrnen": "13", "gemarkung": "Horrem", "gemaschl": "054682", "flur": "20", "flurschl": "054682020", "land": "Nordrhein-Westfalen", "landschl": "05", "regbezirk": "Köln", "regbezschl": "053", "kreis": "Rhein-Erft-Kreis", "kreisschl": "05362", "gemeinde": "Kerpen", "gmdschl": "05362032", "abwrecht": "Kein abweichender Rechtszustand", "lagebeztxt": "Herderstraße 19", "tntxt": "Wohnbaufläche;452", "area": 453, "other catc": null, "frag area": 39.0, "final area": 39.0 }, "geometry": { "type": "MultiPolygon", "coordinates": [ [ [ [ 6.708629743729964, 50.911049683625095 ], [ 6.708631509338697, 50.911013741864636 ], [ 6.708603084118718, 50.911013183738675 ], [ 6.7086035255258, 50.911004198298698 ], [ 6.708617738132943, 50.911004477362454 ], [ 6.708618620940964, 50.910986506482274 ], [ 6.70863283354287, 50.910986785544125 ], [ 6.708633274943809, 50.910977800103922 ], [ 6.708661700142836, 50.910978358222252 ], [ 6.708662141538084, 50.910969372781864 ], [ 6.708633716344522, 50.910968814663697 ], [ 6.708634157745009, 50.910959829223465 ], [ 6.708605732557815, 50.910959271098555 ], [ 6.708605291151864, 50.910968256538617 ], [ 6.708591078555875, 50.91096797747349 ], [ 6.708590637146965, 50.910976962913445 ], [ 6.708562211950202, 50.910976404777813 ], [ 6.708559122043257, 50.911039302855798 ], [ 6.708615972514187, 50.911040419122621 ], [ 6.708615531108934, 50.911049404562625 ], [ 6.708629743729964, 50.911049683625095 ] ] ] ] } },
{ "type": "Feature", "properties": { "DN": 1, "gml_id": "DENW41AL30005fewFL", "identifier": "urn:adv:oid:DENW41AL30005fewFL", "aktualit_2": "2024-08-20Z", "idflurst": "DENW41AL30005few", "flaeche": 323.0, "flstkennz_": "05468202000387______", "flstnrzae": "387", "flstnrnen": null, "gemarkung": "Horrem", "gemaschl": "054682", "flur": "20", "flurschl": "054682020", "land": "Nordrhein-Westfalen", "landschl": "05", "regbezirk": "Köln", "regbezschl": "053", "kreis": "Rhein-Erft-Kreis", "kreisschl": "05362", "gemeinde": "Kerpen", "gmdschl": "05362032", "abwrecht": "Kein abweichender Rechtszustand", "lagebeztxt": "Sistenichstraße 48 a", "tntxt": "Wohnbaufläche;323", "area": 323, "other catc": null, "frag area": 19.1, "final area": 19.1 }, "geometry": { "type": "MultiPolygon", "coordinates": [ [ [ [ 6.709360324106229, 50.910947102737374 ], [ 6.709359882845754, 50.910956088182182 ], [ 6.709345670245974, 50.910955809208964 ], [ 6.709345228982541, 50.91096479465368 ], [ 6.709331016380254, 50.910964515678629 ], [ 6.709330693805326, 50.910971084226375 ], [ 6.70943755160997, 50.91097418881693 ], [ 6.709442125862945, 50.910974323570137 ], [ 6.709445354653991, 50.910948771730354 ], [ 6.709360324106229, 50.910947102737374 ] ] ] ] } },
{ "type": "Feature", "properties": { "DN": 1, "gml_id": "DENW41AL30005ZQTFL", "identifier": "urn:adv:oid:DENW41AL30005ZQTFL", "aktualit_2": "2024-08-20Z", "idflurst": "DENW41AL30005ZQT", "flaeche": 5590.0, "flstkennz_": "05468202000426______", "flstnrzae": "426", "flstnrnen": null, "gemarkung": "Horrem", "gemaschl": "054682", "flur": "20", "flurschl": "054682020", "land": "Nordrhein-Westfalen", "landschl": "05", "regbezirk": "Köln", "regbezschl": "053", "kreis": "Rhein-Erft-Kreis", "kreisschl": "05362", "gemeinde": "Kerpen", "gmdschl": "05362032", "abwrecht": "Kein abweichender Rechtszustand", "lagebeztxt": "Herderstraße 21, 22, 23, 24, 25, 26, 27, 28, 30, 32", "tntxt": "Wohnbaufläche;5590", "area": 5588, "other catc": 1, "frag area": 14.0, "final area": 14.0 }, "geometry": { "type": "MultiPolygon", "coordinates": [ [ [ [ 6.708663907116817, 50.910933431020098 ], [ 6.708664789904826, 50.910915460139115 ], [ 6.708679002485554, 50.910915739195076 ], [ 6.708679443876488, 50.910906753754468 ], [ 6.708665231298491, 50.910906474698599 ], [ 6.708666555478129, 50.910879518376952 ], [ 6.708638130339208, 50.910878960260561 ], [ 6.708635923344691, 50.910923887462339 ], [ 6.70862171076191, 50.910923608401113 ], [ 6.708621269359597, 50.910932593841324 ], [ 6.708663907116817, 50.910933431020098 ] ] ] ] } },
{ "type": "Feature", "properties": { "DN": 1, "gml_id": "DENW41AL30005ZQTFL", "identifier": "urn:adv:oid:DENW41AL30005ZQTFL", "aktualit_2": "2024-08-20Z", "idflurst": "DENW41AL30005ZQT", "flaeche": 5590.0, "flstkennz_": "05468202000426______", "flstnrzae": "426", "flstnrnen": null, "gemarkung": "Horrem", "gemaschl": "054682", "flur": "20", "flurschl": "054682020", "land": "Nordrhein-Westfalen", "landschl": "05", "regbezirk": "Köln", "regbezschl": "053", "kreis": "Rhein-Erft-Kreis", "kreisschl": "05362", "gemeinde": "Kerpen", "gmdschl": "05362032", "abwrecht": "Kein abweichender Rechtszustand", "lagebeztxt": "Herderstraße 21, 22, 23, 24, 25, 26, 27, 28, 30, 32", "tntxt": "Wohnbaufläche;5590", "area": 5588, "other catc": 1, "frag area": 100.3, "final area": 98.7 }, "geometry": { "type": "MultiPolygon", "coordinates": [ [ [ [ 6.707794731979628, 50.910961332501721 ], [ 6.707808944565679, 50.910961611663765 ], [ 6.707808503006283, 50.91097059709881 ], [ 6.70783692818453, 50.910971155417883 ], [ 6.707837369738462, 50.91096216998266 ], [ 6.707844465655069, 50.91096230935748 ], [ 6.707854273207411, 50.910907690388449 ], [ 6.707855114726645, 50.910890565656373 ], [ 6.707926177554413, 50.910891961411153 ], [ 6.707926619089916, 50.910882975975241 ], [ 6.707855556275809, 50.910881580220895 ], [ 6.707855997824747, 50.910872594785417 ], [ 6.707841785265336, 50.910872315629454 ], [ 6.707842226816779, 50.910863330194054 ], [ 6.707828014260327, 50.910863051036436 ], [ 6.707830222027807, 50.910818123859571 ], [ 6.707792430449071, 50.910817381563852 ], [ 6.707785776582903, 50.910854074066435 ], [ 6.707785376592327, 50.910862213553258 ], [ 6.70778430437536, 50.910862192492715 ], [ 6.707783512894872, 50.910866557077128 ], [ 6.707742631092887, 50.910863570337696 ], [ 6.707742297355798, 50.910870361489295 ], [ 6.707756509913625, 50.910870640657365 ], [ 6.707755185208762, 50.910897596961902 ], [ 6.707769397775011, 50.910897876128494 ], [ 6.707768956209003, 50.910906861563397 ], [ 6.707754743640022, 50.910906582396706 ], [ 6.707752977362799, 50.910942524135791 ], [ 6.707738764783117, 50.910942244967003 ], [ 6.707737881637683, 50.910960215836276 ], [ 6.707766306808203, 50.910960774172445 ], [ 6.707765865240611, 50.910969759607241 ], [ 6.707794290417499, 50.91097031793668 ], [ 6.707794731979628, 50.910961332501721 ] ] ] ] } },
{ "type": "Feature", "properties": { "DN": 1, "gml_id": "DENW41AL30005ZQTFL", "identifier": "urn:adv:oid:DENW41AL30005ZQTFL", "aktualit_2": "2024-08-20Z", "idflurst": "DENW41AL30005ZQT", "flaeche": 5590.0, "flstkennz_": "05468202000426______", "flstnrzae": "426", "flstnrnen": null, "gemarkung": "Horrem", "gemaschl": "054682", "flur": "20", "flurschl": "054682020", "land": "Nordrhein-Westfalen", "landschl": "05", "regbezirk": "Köln", "regbezschl": "053", "kreis": "Rhein-Erft-Kreis", "kreisschl": "05362", "gemeinde": "Kerpen", "gmdschl": "05362032", "abwrecht": "Kein abweichender Rechtszustand", "lagebeztxt": "Herderstraße 21, 22, 23, 24, 25, 26, 27, 28, 30, 32", "tntxt": "Wohnbaufläche;5590", "area": 5588, "other catc": 1, "frag area": 10.0, "final area": 10.0 }, "geometry": { "type": "MultiPolygon", "coordinates": [ [ [ [ 6.7080687447351, 50.910885767354237 ], [ 6.70807139377945, 50.910831854733068 ], [ 6.708057181230306, 50.910831575603495 ], [ 6.708056739720747, 50.91084056104031 ], [ 6.708042527169098, 50.910840281908904 ], [ 6.708041644143838, 50.910858252782297 ], [ 6.70802743158695, 50.91085797364898 ], [ 6.708026990071249, 50.910866959085574 ], [ 6.708055415190715, 50.910867517350646 ], [ 6.708054532169563, 50.910885488224118 ], [ 6.7080687447351, 50.910885767354237 ] ] ] ] } },
{ "type": "Feature", "properties": { "DN": 1, "gml_id": "DENW41AL30005h8pFL", "identifier": "urn:adv:oid:DENW41AL30005h8pFL", "aktualit_2": "2024-08-20Z", "idflurst": "DENW41AL30005h8p", "flaeche": 192.0, "flstkennz_": "05468202000388______", "flstnrzae": "388", "flstnrnen": null, "gemarkung": "Horrem", "gemaschl": "054682", "flur": "20", "flurschl": "054682020", "land": "Nordrhein-Westfalen", "landschl": "05", "regbezirk": "Köln", "regbezschl": "053", "kreis": "Rhein-Erft-Kreis", "kreisschl": "05362", "gemeinde": "Kerpen", "gmdschl": "05362032", "abwrecht": "Kein abweichender Rechtszustand", "lagebeztxt": "Sistenichstraße 48 b", "tntxt": "Wohnbaufläche;192", "area": 192, "other catc": null, "frag area": 12.0, "final area": 12.0 }, "geometry": { "type": "MultiPolygon", "coordinates": [ [ [ [ 6.70905161889844, 50.91086009594229 ], [ 6.709052060216758, 50.910851110499252 ], [ 6.709066272781738, 50.910851389507812 ], [ 6.709066714097096, 50.910842404064688 ], [ 6.70908092665957, 50.910842683071429 ], [ 6.709081367971972, 50.910833697628178 ], [ 6.709052942852715, 50.910833139613132 ], [ 6.709053384170353, 50.910824154170065 ], [ 6.709039171613797, 50.910823875160034 ], [ 6.709039612933942, 50.910814889717024 ], [ 6.709025400380344, 50.910814610705359 ], [ 6.709023193763697, 50.910859537919791 ], [ 6.70905161889844, 50.91086009594229 ] ] ] ] } },
{ "type": "Feature", "properties": { "DN": 1, "gml_id": "DENW41AL30005bFsFL", "identifier": "urn:adv:oid:DENW41AL30005bFsFL", "aktualit_2": "2024-08-20Z", "idflurst": "DENW41AL30005bFs", "flaeche": 179.0, "flstkennz_": "05468202000361______", "flstnrzae": "361", "flstnrnen": null, "gemarkung": "Horrem", "gemaschl": "054682", "flur": "20", "flurschl": "054682020", "land": "Nordrhein-Westfalen", "landschl": "05", "regbezirk": "Köln", "regbezschl": "053", "kreis": "Rhein-Erft-Kreis", "kreisschl": "05362", "gemeinde": "Kerpen", "gmdschl": "05362032", "abwrecht": "Kein abweichender Rechtszustand", "lagebeztxt": "Am grünen Weg 21", "tntxt": "Wohnbaufläche;179", "area": 179, "other catc": 1, "frag area": 15.4, "final area": 15.4 }, "geometry": { "type": "MultiPolygon", "coordinates": [ [ [ [ 6.70754641282694, 50.910803554919653 ], [ 6.707560625362474, 50.910803834111292 ], [ 6.707561066966973, 50.910794848677554 ], [ 6.707575279500002, 50.910795127867381 ], [ 6.707576162702856, 50.910777156999657 ], [ 6.707590375230647, 50.91077743618758 ], [ 6.707590816829003, 50.910768450753601 ], [ 6.707605029354288, 50.910768729939704 ], [ 6.707605627978273, 50.91075654933983 ], [ 6.707577275942029, 50.910754505468269 ], [ 6.707577045904806, 50.910759186131862 ], [ 6.707562833382704, 50.910758906942384 ], [ 6.707562391779112, 50.910767892376199 ], [ 6.707548179254505, 50.910767613184909 ], [ 6.707547737647953, 50.910776598618611 ], [ 6.707533525120841, 50.910776319425516 ], [ 6.707531998640371, 50.910807378720975 ], [ 6.707546174713392, 50.910808399841791 ], [ 6.70754641282694, 50.910803554919653 ] ] ] ] } },
{ "type": "Feature", "properties": { "DN": 1, "gml_id": "DENW41AL30005ZQTFL", "identifier": "urn:adv:oid:DENW41AL30005ZQTFL", "aktualit_2": "2024-08-20Z", "idflurst": "DENW41AL30005ZQT", "flaeche": 5590.0, "flstkennz_": "05468202000426______", "flstnrzae": "426", "flstnrnen": null, "gemarkung": "Horrem", "gemaschl": "054682", "flur": "20", "flurschl": "054682020", "land": "Nordrhein-Westfalen", "landschl": "05", "regbezirk": "Köln", "regbezschl": "053", "kreis": "Rhein-Erft-Kreis", "kreisschl": "05362", "gemeinde": "Kerpen", "gmdschl": "05362032", "abwrecht": "Kein abweichender Rechtszustand", "lagebeztxt": "Herderstraße 21, 22, 23, 24, 25, 26, 27, 28, 30, 32", "tntxt": "Wohnbaufläche;5590", "area": 5588, "other catc": 1, "frag area": 71.0, "final area": 69.6 }, "geometry": { "type": "MultiPolygon", "coordinates": [ [ [ [ 6.708074042815654, 50.910777942111331 ], [ 6.708088255348633, 50.910778221238658 ], [ 6.708089579855483, 50.910751264927292 ], [ 6.708118004905728, 50.91075182317622 ], [ 6.708118446402096, 50.91074283773888 ], [ 6.708146871447782, 50.91074339598071 ], [ 6.708147312938459, 50.910734410543185 ], [ 6.708033612783002, 50.910732177535067 ], [ 6.70803405429531, 50.910723192098224 ], [ 6.708019841779627, 50.910722912964516 ], [ 6.70802028329444, 50.910713927527752 ], [ 6.707991858269219, 50.910713369255326 ], [ 6.707992299789269, 50.910704383818732 ], [ 6.707970896850187, 50.910703963456776 ], [ 6.707961325092947, 50.910755713677247 ], [ 6.707960342559968, 50.910775709030489 ], [ 6.708002980154154, 50.910776546448766 ], [ 6.708002538635025, 50.910785531885338 ], [ 6.70803096370441, 50.910786090155717 ], [ 6.708031846731513, 50.910768119282238 ], [ 6.708046059261081, 50.910768398414653 ], [ 6.708045617750375, 50.910777383851482 ], [ 6.708059830282901, 50.910777662982277 ], [ 6.7080593887747, 50.910786648419183 ], [ 6.708045176239442, 50.910786369288317 ], [ 6.708043851705288, 50.910813325598681 ], [ 6.708058064248743, 50.910813604729825 ], [ 6.708057622739636, 50.910822590166667 ], [ 6.70807183528605, 50.910822869296169 ], [ 6.708074042815654, 50.910777942111331 ] ] ] ] } },
{ "type": "Feature", "properties": { "DN": 1, "gml_id": "DENW41AL30005UzcFL", "identifier": "urn:adv:oid:DENW41AL30005UzcFL", "aktualit_2": "2024-08-20Z", "idflurst": "DENW41AL30005Uzc", "flaeche": 192.0, "flstkennz_": "05468202000390______", "flstnrzae": "390", "flstnrnen": null, "gemarkung": "Horrem", "gemaschl": "054682", "flur": "20", "flurschl": "054682020", "land": "Nordrhein-Westfalen", "landschl": "05", "regbezirk": "Köln", "regbezschl": "053", "kreis": "Rhein-Erft-Kreis", "kreisschl": "05362", "gemeinde": "Kerpen", "gmdschl": "05362032", "abwrecht": "Kein abweichender Rechtszustand", "lagebeztxt": "Sistenichstraße 50", "tntxt": "Wohnbaufläche;192", "area": 192, "other catc": 1, "frag area": 11.7, "final area": 11.7 }, "geometry": { "type": "MultiPolygon", "coordinates": [ [ [ [ 6.709128418682168, 50.910744680201759 ], [ 6.709142631215492, 50.91074495920062 ], [ 6.709143072514479, 50.910735973756843 ], [ 6.709157285045298, 50.910736252753871 ], [ 6.709158167637129, 50.910718281866082 ], [ 6.709115530061738, 50.910717444870315 ], [ 6.709114647453517, 50.910735415757586 ], [ 6.709100434923375, 50.910735136755356 ], [ 6.709099427317719, 50.910755652579937 ], [ 6.709127811121889, 50.910757050865897 ], [ 6.709128418682168, 50.910744680201759 ] ] ] ] } },
{ "type": "Feature", "properties": { "DN": 1, "gml_id": "DENW41AL30005YsqFL", "identifier": "urn:adv:oid:DENW41AL30005YsqFL", "aktualit_2": "2024-08-20Z", "idflurst": "DENW41AL30005Ysq", "flaeche": 192.0, "flstkennz_": "05468202000389______", "flstnrzae": "389", "flstnrnen": null, "gemarkung": "Horrem", "gemaschl": "054682", "flur": "20", "flurschl": "054682020", "land": "Nordrhein-Westfalen", "landschl": "05", "regbezirk": "Köln", "regbezschl": "053", "kreis": "Rhein-Erft-Kreis", "kreisschl": "05362", "gemeinde": "Kerpen", "gmdschl": "05362032", "abwrecht": "Kein abweichender Rechtszustand", "lagebeztxt": "Sistenichstraße 48 c", "tntxt": "Wohnbaufläche;192", "area": 192, "other catc": null, "frag area": 10.3, "final area": 10.3 }, "geometry": { "type": "MultiPolygon", "coordinates": [ [ [ [ 6.709111999623427, 50.910789328418964 ], [ 6.709112440929006, 50.910780342975436 ], [ 6.709098228385206, 50.91078006397278 ], [ 6.709098669693292, 50.910771078529322 ], [ 6.709127094775657, 50.910771636532751 ], [ 6.709127811121889, 50.910757050865897 ], [ 6.709099427317719, 50.910755652579937 ], [ 6.709099111001152, 50.910762093085857 ], [ 6.70908489846304, 50.910761814081646 ], [ 6.709084457152448, 50.910770799525025 ], [ 6.709070244611831, 50.910770520518987 ], [ 6.709069803298282, 50.910779505962246 ], [ 6.709055590755158, 50.910779226954396 ], [ 6.709055149438649, 50.910788212397563 ], [ 6.709111999623427, 50.910789328418964 ] ] ] ] } },
{ "type": "Feature", "properties": { "DN": 1, "gml_id": "DENW41AL30005UzcFL", "identifier": "urn:adv:oid:DENW41AL30005UzcFL", "aktualit_2": "2024-08-20Z", "idflurst": "DENW41AL30005Uzc", "flaeche": 192.0, "flstkennz_": "05468202000390______", "flstnrzae": "390", "flstnrnen": null, "gemarkung": "Horrem", "gemaschl": "054682", "flur": "20", "flurschl": "054682020", "land": "Nordrhein-Westfalen", "landschl": "05", "regbezirk": "Köln", "regbezschl": "053", "kreis": "Rhein-Erft-Kreis", "kreisschl": "05362", "gemeinde": "Kerpen", "gmdschl": "05362032", "abwrecht": "Kein abweichender Rechtszustand", "lagebeztxt": "Sistenichstraße 50", "tntxt": "Wohnbaufläche;192", "area": 192, "other catc": 1, "frag area": 18.2, "final area": 18.2 }, "geometry": { "type": "MultiPolygon", "coordinates": [ [ [ [ 6.709470843252174, 50.910724419359539 ], [ 6.709456630721844, 50.910724140400717 ], [ 6.709456968651545, 50.910717258746303 ], [ 6.709428584764083, 50.910715862475207 ], [ 6.709426881929501, 50.910750538814611 ], [ 6.709412669391652, 50.910750259850332 ], [ 6.709411649248167, 50.910771033780186 ], [ 6.709467224805406, 50.910773770951806 ], [ 6.709469177551282, 50.910758340129298 ], [ 6.709470843252174, 50.910724419359539 ] ], [ [ 6.709441094467575, 50.910750817777149 ], [ 6.70944021198367, 50.910768788668399 ], [ 6.709425999440131, 50.910768509705676 ], [ 6.709426881929501, 50.910750538814611 ], [ 6.709441094467575, 50.910750817777149 ] ] ] ] } },
{ "type": "Feature", "properties": { "DN": 1, "gml_id": "DENW41AL30005h8pFL", "identifier": "urn:adv:oid:DENW41AL30005h8pFL", "aktualit_2": "2024-08-20Z", "idflurst": "DENW41AL30005h8p", "flaeche": 192.0, "flstkennz_": "05468202000388______", "flstnrzae": "388", "flstnrnen": null, "gemarkung": "Horrem", "gemaschl": "054682", "flur": "20", "flurschl": "054682020", "land": "Nordrhein-Westfalen", "landschl": "05", "regbezirk": "Köln", "regbezschl": "053", "kreis": "Rhein-Erft-Kreis", "kreisschl": "05362", "gemeinde": "Kerpen", "gmdschl": "05362032", "abwrecht": "Kein abweichender Rechtszustand", "lagebeztxt": "Sistenichstraße 48 b", "tntxt": "Wohnbaufläche;192", "area": 192, "other catc": null, "frag area": 29.7, "final area": 29.7 }, "geometry": { "type": "MultiPolygon", "coordinates": [ [ [ [ 6.709420704484916, 50.910876335050681 ], [ 6.709449129637788, 50.910876892976525 ], [ 6.709450453363252, 50.910849936639956 ], [ 6.709457702226063, 50.910850078918699 ], [ 6.709460237368973, 50.910829442233606 ], [ 6.709380522124001, 50.910825498595209 ], [ 6.709377774983396, 50.910881439641052 ], [ 6.709420349916916, 50.910883555374454 ], [ 6.709420704484916, 50.910876335050681 ] ], [ [ 6.709437123282875, 50.910831686787226 ], [ 6.709451335845764, 50.910831965748841 ], [ 6.709450894604621, 50.910840951194416 ], [ 6.709436682039001, 50.910840672232709 ], [ 6.709437123282875, 50.910831686787226 ] ] ] ] } },
{ "type": "Feature", "properties": { "DN": 1, "gml_id": "DENW41AL30005YsqFL", "identifier": "urn:adv:oid:DENW41AL30005YsqFL", "aktualit_2": "2024-08-20Z", "idflurst": "DENW41AL30005Ysq", "flaeche": 192.0, "flstkennz_": "05468202000389______", "flstnrzae": "389", "flstnrnen": null, "gemarkung": "Horrem", "gemaschl": "054682", "flur": "20", "flurschl": "054682020", "land": "Nordrhein-Westfalen", "landschl": "05", "regbezirk": "Köln", "regbezschl": "053", "kreis": "Rhein-Erft-Kreis", "kreisschl": "05362", "gemeinde": "Kerpen", "gmdschl": "05362032", "abwrecht": "Kein abweichender Rechtszustand", "lagebeztxt": "Sistenichstraße 48 c", "tntxt": "Wohnbaufläche;192", "area": 192, "other catc": null, "frag area": 31.4, "final area": 31.4 }, "geometry": { "type": "MultiPolygon", "coordinates": [ [ [ [ 6.709410904401079, 50.910786201632042 ], [ 6.709396691852529, 50.910785922665681 ], [ 6.709396250601588, 50.910794908110987 ], [ 6.709382038050532, 50.910794629142806 ], [ 6.709380522124001, 50.910825498595209 ], [ 6.709460237368973, 50.910829442233606 ], [ 6.709467224805406, 50.910773770951806 ], [ 6.709411649248167, 50.910771033780186 ], [ 6.709410904401079, 50.910786201632042 ] ] ] ] } },
{ "type": "Feature", "properties": { "DN": 1, "gml_id": "DENW41AL30005dEXFL", "identifier": "urn:adv:oid:DENW41AL30005dEXFL", "aktualit_2": "2024-08-20Z", "idflurst": "DENW41AL30005dEX", "flaeche": 1249.0, "flstkennz_": "05468202000437______", "flstnrzae": "437", "flstnrnen": null, "gemarkung": "Horrem", "gemaschl": "054682", "flur": "20", "flurschl": "054682020", "land": "Nordrhein-Westfalen", "landschl": "05", "regbezirk": "Köln", "regbezschl": "053", "kreis": "Rhein-Erft-Kreis", "kreisschl": "05362", "gemeinde": "Kerpen", "gmdschl": "05362032", "abwrecht": "Kein abweichender Rechtszustand", "lagebeztxt": "An der Malzmühle 3, 5", "tntxt": "Wohnbaufläche;1249", "area": 1250, "other catc": 1, "frag area": 63.2, "final area": 63.2 }, "geometry": { "type": "MultiPolygon", "coordinates": [ [ [ [ 6.711020451351212, 50.910745830050772 ], [ 6.711006238798975, 50.910745551280492 ], [ 6.711006679739165, 50.910736565825005 ], [ 6.710992467189884, 50.910736287053084 ], [ 6.71099334907505, 50.910718316142244 ], [ 6.710908073816902, 50.910716643475475 ], [ 6.710907632858039, 50.910725628930372 ], [ 6.710879207768333, 50.910725071360766 ], [ 6.71087964873266, 50.910716085906053 ], [ 6.710865436190878, 50.910715807118748 ], [ 6.710864995223821, 50.910724792573369 ], [ 6.71083657013547, 50.91072423499341 ], [ 6.710836129162723, 50.910733220447831 ], [ 6.710821916616156, 50.910732941655169 ], [ 6.710822357591635, 50.910723956200819 ], [ 6.710808145048025, 50.910723677406509 ], [ 6.710808586026011, 50.910714691952236 ], [ 6.710723310785489, 50.910713019150613 ], [ 6.710721759105824, 50.910744635283407 ], [ 6.710727287165866, 50.910744756403012 ], [ 6.711020166994166, 50.910751624696857 ], [ 6.711020451351212, 50.910745830050772 ] ] ] ] } },
{ "type": "Feature", "properties": { "DN": 1, "gml_id": "DENW41AL30005Yl6FL", "identifier": "urn:adv:oid:DENW41AL30005Yl6FL", "aktualit_2": "2024-08-20Z", "idflurst": "DENW41AL30005Yl6", "flaeche": 612.0, "flstkennz_": "05468202000383______", "flstnrzae": "383", "flstnrnen": null, "gemarkung": "Horrem", "gemaschl": "054682", "flur": "20", "flurschl": "054682020", "land": "Nordrhein-Westfalen", "landschl": "05", "regbezirk": "Köln", "regbezschl": "053", "kreis": "Rhein-Erft-Kreis", "kreisschl": "05362", "gemeinde": "Kerpen", "gmdschl": "05362032", "abwrecht": "Kein abweichender Rechtszustand", "lagebeztxt": "An der Malzmühle 13", "tntxt": "Wohnbaufläche;612", "area": 614, "other catc": 1, "frag area": 15.2, "final area": 14.3 }, "geometry": { "type": "MultiPolygon", "coordinates": [ [ [ [ 6.710196564790911, 50.910720673066088 ], [ 6.710153927182398, 50.910719836449488 ], [ 6.710154368286282, 50.91071085099933 ], [ 6.71013972845101, 50.910710563739293 ], [ 6.710139712562637, 50.91071206544315 ], [ 6.710067193603751, 50.910710777374511 ], [ 6.71006680556221, 50.910727121043976 ], [ 6.710196123694997, 50.910729658516516 ], [ 6.710196564790911, 50.910720673066088 ] ] ] ] } },
{ "type": "Feature", "properties": { "DN": 1, "gml_id": "DENW41AL30005ZEgFL", "identifier": "urn:adv:oid:DENW41AL30005ZEgFL", "aktualit_2": "2024-08-20Z", "idflurst": "DENW41AL30005ZEg", "flaeche": 701.0, "flstkennz_": "05468202000338______", "flstnrzae": "338", "flstnrnen": null, "gemarkung": "Horrem", "gemaschl": "054682", "flur": "20", "flurschl": "054682020", "land": "Nordrhein-Westfalen", "landschl": "05", "regbezirk": "Köln", "regbezschl": "053", "kreis": "Rhein-Erft-Kreis", "kreisschl": "05362", "gemeinde": "Kerpen", "gmdschl": "05362032", "abwrecht": "Kein abweichender Rechtszustand", "lagebeztxt": "An der Malzmühle 11", "tntxt": "Wohnbaufläche;701", "area": 700, "other catc": 1, "frag area": 59.0, "final area": 59.0 }, "geometry": { "type": "MultiPolygon", "coordinates": [ [ [ [ 6.710708657249083, 50.910721725797927 ], [ 6.710651807083231, 50.910720610554996 ], [ 6.710652248091268, 50.910711625101705 ], [ 6.710595397939962, 50.910710509831446 ], [ 6.710594956920994, 50.910719495284404 ], [ 6.710552319301691, 50.910718658813302 ], [ 6.710552760328853, 50.910709673360621 ], [ 6.710495910183872, 50.910708558041975 ], [ 6.710495469145783, 50.910717543494293 ], [ 6.710481256607371, 50.910717264660207 ], [ 6.710481697648193, 50.910708279207981 ], [ 6.710410634973184, 50.910706885012118 ], [ 6.710411076027439, 50.910697899560326 ], [ 6.710396863495848, 50.910697620716057 ], [ 6.710396422438859, 50.910706606167771 ], [ 6.710382209904762, 50.91070632732167 ], [ 6.710381768844816, 50.910715312773291 ], [ 6.710395981381646, 50.910715591619457 ], [ 6.710395540324206, 50.910724577071143 ], [ 6.710423965404008, 50.910725134758479 ], [ 6.710423524351806, 50.910734120210329 ], [ 6.71067935015988, 50.910739139086814 ], [ 6.710679128847943, 50.910743648324221 ], [ 6.710707548723098, 50.910744312340199 ], [ 6.710708657249083, 50.910721725797927 ] ] ] ] } },
{ "type": "Feature", "properties": { "DN": 1, "gml_id": "DENW41AL30005ZQTFL", "identifier": "urn:adv:oid:DENW41AL30005ZQTFL", "aktualit_2": "2024-08-20Z", "idflurst": "DENW41AL30005ZQT", "flaeche": 5590.0, "flstkennz_": "05468202000426______", "flstnrzae": "426", "flstnrnen": null, "gemarkung": "Horrem", "gemaschl": "054682", "flur": "20", "flurschl": "054682020", "land": "Nordrhein-Westfalen", "landschl": "05", "regbezirk": "Köln", "regbezschl": "053", "kreis": "Rhein-Erft-Kreis", "kreisschl": "05362", "gemeinde": "Kerpen", "gmdschl": "05362032", "abwrecht": "Kein abweichender Rechtszustand", "lagebeztxt": "Herderstraße 21, 22, 23, 24, 25, 26, 27, 28, 30, 32", "tntxt": "Wohnbaufläche;5590", "area": 5588, "other catc": 1, "frag area": 30.0, "final area": 30.0 }, "geometry": { "type": "MultiPolygon", "coordinates": [ [ [ [ 6.708971639498513, 50.910750596542989 ], [ 6.708972080830508, 50.910741611100285 ], [ 6.708957868299897, 50.910741332080683 ], [ 6.708961398969575, 50.910669448539203 ], [ 6.708947186461046, 50.910669169518584 ], [ 6.708948069131668, 50.910651198633225 ], [ 6.708962281634734, 50.910651477653673 ], [ 6.708963164298988, 50.910633506768058 ], [ 6.708977376796816, 50.910633785786594 ], [ 6.708978700783303, 50.910606829457805 ], [ 6.708950275804265, 50.910606271419539 ], [ 6.70894851046664, 50.910642213190521 ], [ 6.708934297966532, 50.910641934168446 ], [ 6.708929001899159, 50.910749759478719 ], [ 6.708971639498513, 50.910750596542989 ] ] ] ] } },
{ "type": "Feature", "properties": { "DN": 1, "gml_id": "DENW41AL30005VktFL", "identifier": "urn:adv:oid:DENW41AL30005VktFL", "aktualit_2": "2024-08-20Z", "idflurst": "DENW41AL30005Vkt", "flaeche": 192.0, "flstkennz_": "05468202000391______", "flstnrzae": "391", "flstnrnen": null, "gemarkung": "Horrem", "gemaschl": "054682", "flur": "20", "flurschl": "054682020", "land": "Nordrhein-Westfalen", "landschl": "05", "regbezirk": "Köln", "regbezschl": "053", "kreis": "Rhein-Erft-Kreis", "kreisschl": "05362", "gemeinde": "Kerpen", "gmdschl": "05362032", "abwrecht": "Kein abweichender Rechtszustand", "lagebeztxt": "Sistenichstraße 50 a", "tntxt": "Wohnbaufläche;192", "area": 192, "other catc": 1, "frag area": 10.1, "final area": 10.1 }, "geometry": { "type": "MultiPolygon", "coordinates": [ [ [ [ 6.709457954435776, 50.910697184063316 ], [ 6.7094583956733, 50.910688198617471 ], [ 6.709472608192703, 50.910688477575931 ], [ 6.709473908552372, 50.910661996610415 ], [ 6.709431332474842, 50.910659908245208 ], [ 6.709429970635173, 50.91068764069535 ], [ 6.709444183154123, 50.910687919657278 ], [ 6.709443741913867, 50.91069690510303 ], [ 6.709457954435776, 50.910697184063316 ] ] ] ] } },
{ "type": "Feature", "properties": { "DN": 1, "gml_id": "DENW41AL30005aLIFL", "identifier": "urn:adv:oid:DENW41AL30005aLIFL", "aktualit_2": "2024-08-20Z", "idflurst": "DENW41AL30005aLI", "flaeche": 192.0, "flstkennz_": "05468202000392______", "flstnrzae": "392", "flstnrnen": null, "gemarkung": "Horrem", "gemaschl": "054682", "flur": "20", "flurschl": "054682020", "land": "Nordrhein-Westfalen", "landschl": "05", "regbezirk": "Köln", "regbezschl": "053", "kreis": "Rhein-Erft-Kreis", "kreisschl": "05362", "gemeinde": "Kerpen", "gmdschl": "05362032", "abwrecht": "Kein abweichender Rechtszustand", "lagebeztxt": "Sistenichstraße 50 b", "tntxt": "Wohnbaufläche;192", "area": 192, "other catc": 1, "frag area": 10.7, "final area": 10.7 }, "geometry": { "type": "MultiPolygon", "coordinates": [ [ [ [ 6.709473931895726, 50.910661521238076 ], [ 6.709481361628633, 50.910661667065575 ], [ 6.709484767382623, 50.910634751593015 ], [ 6.709432618088359, 50.910633728021061 ], [ 6.709431332474842, 50.910659908245208 ], [ 6.709473908552372, 50.910661996610415 ], [ 6.709473931895726, 50.910661521238076 ] ] ] ] } },
{ "type": "Feature", "properties": { "DN": 1, "gml_id": "DENW41AL30005eZPFL", "identifier": "urn:adv:oid:DENW41AL30005eZPFL", "aktualit_2": "2024-08-20Z", "idflurst": "DENW41AL30005eZP", "flaeche": 177.0, "flstkennz_": "05468202000364______", "flstnrzae": "364", "flstnrnen": null, "gemarkung": "Horrem", "gemaschl": "054682", "flur": "20", "flurschl": "054682020", "land": "Nordrhein-Westfalen", "landschl": "05", "regbezirk": "Köln", "regbezschl": "053", "kreis": "Rhein-Erft-Kreis", "kreisschl": "05362", "gemeinde": "Kerpen", "gmdschl": "05362032", "abwrecht": "Kein abweichender Rechtszustand", "lagebeztxt": "Am grünen Weg 27", "tntxt": "Wohnbaufläche;177", "area": 177, "other catc": 1, "frag area": 10.0, "final area": 10.0 }, "geometry": { "type": "MultiPolygon", "coordinates": [ [ [ [ 6.707668061619676, 50.910644050583173 ], [ 6.707668503200978, 50.910635065148483 ], [ 6.707682715686415, 50.910635344324625 ], [ 6.707683598842875, 50.910617373455047 ], [ 6.707669386362902, 50.910617094279097 ], [ 6.707669827943525, 50.910608108844379 ], [ 6.707684040420767, 50.910608388020236 ], [ 6.707684481998431, 50.910599402585405 ], [ 6.707656057049639, 50.910598844232119 ], [ 6.707654290715768, 50.910634785970629 ], [ 6.707625865746024, 50.910634227609727 ], [ 6.707625424156526, 50.910643213044146 ], [ 6.707668061619676, 50.910644050583173 ] ] ] ] } },
{ "type": "Feature", "properties": { "DN": 1, "gml_id": "DENW41AL30005dvSFL", "identifier": "urn:adv:oid:DENW41AL30005dvSFL", "aktualit_2": "2024-08-20Z", "idflurst": "DENW41AL30005dvS", "flaeche": 306.0, "flstkennz_": "05468202000365______", "flstnrzae": "365", "flstnrnen": null, "gemarkung": "Horrem", "gemaschl": "054682", "flur": "20", "flurschl": "054682020", "land": "Nordrhein-Westfalen", "landschl": "05", "regbezirk": "Köln", "regbezschl": "053", "kreis": "Rhein-Erft-Kreis", "kreisschl": "05362", "gemeinde": "Kerpen", "gmdschl": "05362032", "abwrecht": "Kein abweichender Rechtszustand", "lagebeztxt": "Am grünen Weg 29", "tntxt": "Wohnbaufläche;306", "area": 306, "other catc": 1, "frag area": 27.0, "final area": 27.0 }, "geometry": { "type": "MultiPolygon", "coordinates": [ [ [ [ 6.707699577622352, 50.910581710889574 ], [ 6.707700460770633, 50.910563740019619 ], [ 6.707686248306826, 50.910563460845921 ], [ 6.707687131459665, 50.910545489976087 ], [ 6.707701343918009, 50.910545769149586 ], [ 6.707701785491357, 50.910536783714555 ], [ 6.707715997947196, 50.910537062886242 ], [ 6.707716439517586, 50.910528077451112 ], [ 6.707758839815963, 50.910528910299099 ], [ 6.707759165583175, 50.910527109881414 ], [ 6.707760401563489, 50.910501958649228 ], [ 6.707746189117899, 50.910501679483076 ], [ 6.707745747553652, 50.910510664918455 ], [ 6.707717322657688, 50.91051010658078 ], [ 6.707717764227399, 50.910501121145586 ], [ 6.707689339337804, 50.91050056280119 ], [ 6.7076880146116, 50.910527519106168 ], [ 6.707673802158946, 50.910527239931113 ], [ 6.70767336058036, 50.910536225365981 ], [ 6.707659148125201, 50.910535946189093 ], [ 6.707657823379889, 50.910562902493353 ], [ 6.707672035843244, 50.910563181670504 ], [ 6.707671152684036, 50.910581152540097 ], [ 6.707699577622352, 50.910581710889574 ] ] ] ] } },
{ "type": "Feature", "properties": { "DN": 1, "gml_id": "DENW41AL30005ZEgFL", "identifier": "urn:adv:oid:DENW41AL30005ZEgFL", "aktualit_2": "2024-08-20Z", "idflurst": "DENW41AL30005ZEg", "flaeche": 701.0, "flstkennz_": "05468202000338______", "flstnrzae": "338", "flstnrnen": null, "gemarkung": "Horrem", "gemaschl": "054682", "flur": "20", "flurschl": "054682020", "land": "Nordrhein-Westfalen", "landschl": "05", "regbezirk": "Köln", "regbezschl": "053", "kreis": "Rhein-Erft-Kreis", "kreisschl": "05362", "gemeinde": "Kerpen", "gmdschl": "05362032", "abwrecht": "Kein abweichender Rechtszustand", "lagebeztxt": "An der Malzmühle 11", "tntxt": "Wohnbaufläche;701", "area": 700, "other catc": 1, "frag area": 23.0, "final area": 23.0 }, "geometry": { "type": "MultiPolygon", "coordinates": [ [ [ [ 6.710432345352897, 50.910554411170352 ], [ 6.710432786400578, 50.910545425718176 ], [ 6.710518061317569, 50.910547098728067 ], [ 6.710518502348632, 50.910538113275329 ], [ 6.710532714832857, 50.910538392104186 ], [ 6.710533155860963, 50.910529406651349 ], [ 6.71054736834268, 50.91052968547838 ], [ 6.710547809367828, 50.910520700025444 ], [ 6.710490959453239, 50.91051958470733 ], [ 6.710490518417163, 50.910528570159919 ], [ 6.710476305936349, 50.910528291325974 ], [ 6.710476746975157, 50.910519305873486 ], [ 6.71044832201967, 50.910518748200595 ], [ 6.710447880975399, 50.910527733652913 ], [ 6.710433668495263, 50.910527454813788 ], [ 6.710433227448033, 50.910536440265993 ], [ 6.710404802482975, 50.91053588258238 ], [ 6.710403920376911, 50.910553853486377 ], [ 6.710432345352897, 50.910554411170352 ] ] ] ] } },
{ "type": "Feature", "properties": { "DN": 1, "gml_id": "DENW41AL30005ZEgFL", "identifier": "urn:adv:oid:DENW41AL30005ZEgFL", "aktualit_2": "2024-08-20Z", "idflurst": "DENW41AL30005ZEg", "flaeche": 701.0, "flstkennz_": "05468202000338______", "flstnrzae": "338", "flstnrnen": null, "gemarkung": "Horrem", "gemaschl": "054682", "flur": "20", "flurschl": "054682020", "land": "Nordrhein-Westfalen", "landschl": "05", "regbezirk": "Köln", "regbezschl": "053", "kreis": "Rhein-Erft-Kreis", "kreisschl": "05362", "gemeinde": "Kerpen", "gmdschl": "05362032", "abwrecht": "Kein abweichender Rechtszustand", "lagebeztxt": "An der Malzmühle 11", "tntxt": "Wohnbaufläche;701", "area": 700, "other catc": 1, "frag area": 31.0, "final area": 31.0 }, "geometry": { "type": "MultiPolygon", "coordinates": [ [ [ [ 6.710717036155523, 50.910551002175751 ], [ 6.710717477148338, 50.910542016721777 ], [ 6.710703264661176, 50.910541737915423 ], [ 6.710704146651595, 50.910523767007611 ], [ 6.710590446806143, 50.910521536495878 ], [ 6.710590005789191, 50.910530521949077 ], [ 6.710561580824625, 50.910529964303677 ], [ 6.710561139801983, 50.910538949756685 ], [ 6.710532714832857, 50.910538392104186 ], [ 6.710532273804525, 50.910547377557002 ], [ 6.710717036155523, 50.910551002175751 ] ] ] ] } },
{ "type": "Feature", "properties": { "DN": 1, "gml_id": "DENW41AL30005dEXFL", "identifier": "urn:adv:oid:DENW41AL30005dEXFL", "aktualit_2": "2024-08-20Z", "idflurst": "DENW41AL30005dEX", "flaeche": 1249.0, "flstkennz_": "05468202000437______", "flstnrzae": "437", "flstnrnen": null, "gemarkung": "Horrem", "gemaschl": "054682", "flur": "20", "flurschl": "054682020", "land": "Nordrhein-Westfalen", "landschl": "05", "regbezirk": "Köln", "regbezschl": "053", "kreis": "Rhein-Erft-Kreis", "kreisschl": "05362", "gemeinde": "Kerpen", "gmdschl": "05362032", "abwrecht": "Kein abweichender Rechtszustand", "lagebeztxt": "An der Malzmühle 3, 5", "tntxt": "Wohnbaufläche;1249", "area": 1250, "other catc": 1, "frag area": 111.0, "final area": 106.3 }, "geometry": { "type": "MultiPolygon", "coordinates": [ [ [ [ 6.710833822874788, 50.910490334382061 ], [ 6.710848035347592, 50.910490613172335 ], [ 6.710848476314238, 50.910481627717452 ], [ 6.710891113725811, 50.910482464077631 ], [ 6.710890672767361, 50.910491449532785 ], [ 6.710933310189163, 50.910492285877666 ], [ 6.710932869238682, 50.910501271333075 ], [ 6.710961294193145, 50.910501828887867 ], [ 6.710961735138161, 50.910492843432273 ], [ 6.71101858503887, 50.910493958520753 ], [ 6.711018144104781, 50.910502943976688 ], [ 6.711032356583255, 50.91050322274458 ], [ 6.711033679376647, 50.91047626637647 ], [ 6.711005254436317, 50.910475708839492 ], [ 6.71100569537246, 50.910466723383614 ], [ 6.710991482905365, 50.910466444612616 ], [ 6.710991923844015, 50.910457459156795 ], [ 6.710949286452284, 50.910456622833721 ], [ 6.710949727398902, 50.910447637378155 ], [ 6.710878665097531, 50.910446243472229 ], [ 6.710878885296847, 50.910441756465282 ], [ 6.710855197819486, 50.910441196152355 ], [ 6.710815410875641, 50.91044025380004 ], [ 6.710775467596823, 50.910439308367366 ], [ 6.710736789085463, 50.910438390651883 ], [ 6.710733894582757, 50.910497368255911 ], [ 6.710833381905183, 50.910499319836845 ], [ 6.710833822874788, 50.910490334382061 ] ] ] ] } },
{ "type": "Feature", "properties": { "DN": 1, "gml_id": "DENW41AL30005hIaFL", "identifier": "urn:adv:oid:DENW41AL30005hIaFL", "aktualit_2": "2024-08-20Z", "idflurst": "DENW41AL30005hIa", "flaeche": 425.0, "flstkennz_": "05468202000432______", "flstnrzae": "432", "flstnrnen": null, "gemarkung": "Horrem", "gemaschl": "054682", "flur": "20", "flurschl": "054682020", "land": "Nordrhein-Westfalen", "landschl": "05", "regbezirk": "Köln", "regbezschl": "053", "kreis": "Rhein-Erft-Kreis", "kreisschl": "05362", "gemeinde": "Kerpen", "gmdschl": "05362032", "abwrecht": "Kein abweichender Rechtszustand", "lagebeztxt": "Sistenichstraße 52", "tntxt": "Wohnbaufläche;425", "area": 426, "other catc": 1, "frag area": 12.0, "final area": 12.0 }, "geometry": { "type": "MultiPolygon", "coordinates": [ [ [ [ 6.709270452246229, 50.910459656897196 ], [ 6.709270893516122, 50.910450671452168 ], [ 6.709285105961329, 50.910450950432541 ], [ 6.709286871027714, 50.910415008651896 ], [ 6.709244233725555, 50.910414171706691 ], [ 6.709242909901519, 50.910441128041391 ], [ 6.709257122343541, 50.910441407025125 ], [ 6.709256239798517, 50.910459377915011 ], [ 6.709270452246229, 50.910459656897196 ] ] ] ] } },
{ "type": "Feature", "properties": { "DN": 1, "gml_id": "DENW41AL30005ZQTFL", "identifier": "urn:adv:oid:DENW41AL30005ZQTFL", "aktualit_2": "2024-08-20Z", "idflurst": "DENW41AL30005ZQT", "flaeche": 5590.0, "flstkennz_": "05468202000426______", "flstnrzae": "426", "flstnrnen": null, "gemarkung": "Horrem", "gemaschl": "054682", "flur": "20", "flurschl": "054682020", "land": "Nordrhein-Westfalen", "landschl": "05", "regbezirk": "Köln", "regbezschl": "053", "kreis": "Rhein-Erft-Kreis", "kreisschl": "05362", "gemeinde": "Kerpen", "gmdschl": "05362032", "abwrecht": "Kein abweichender Rechtszustand", "lagebeztxt": "Herderstraße 21, 22, 23, 24, 25, 26, 27, 28, 30, 32", "tntxt": "Wohnbaufläche;5590", "area": 5588, "other catc": 1, "frag area": 20.0, "final area": 20.0 }, "geometry": { "type": "MultiPolygon", "coordinates": [ [ [ [ 6.708688183457385, 50.910439231768784 ], [ 6.708689066220513, 50.910421260885961 ], [ 6.708674853790269, 50.910420981833163 ], [ 6.708675295174226, 50.910411996391822 ], [ 6.708646870319882, 50.910411438281216 ], [ 6.708647311709076, 50.910402452840039 ], [ 6.708590462014028, 50.91040133659844 ], [ 6.708590020613906, 50.910410322039269 ], [ 6.708575808187978, 50.910410042974462 ], [ 6.708575366784898, 50.910419028415184 ], [ 6.708603791642445, 50.910419586543249 ], [ 6.708603350244602, 50.91042857198412 ], [ 6.708645987540815, 50.910429409163534 ], [ 6.708645546150941, 50.910438394604675 ], [ 6.708688183457385, 50.910439231768784 ] ] ] ] } },
{ "type": "Feature", "properties": { "DN": 1, "gml_id": "DENW41AL30005Qw0FL", "identifier": "urn:adv:oid:DENW41AL30005Qw0FL", "aktualit_2": "2024-08-20Z", "idflurst": "DENW41AL30005Qw0", "flaeche": 440.0, "flstkennz_": "05468202000190______", "flstnrzae": "190", "flstnrnen": null, "gemarkung": "Horrem", "gemaschl": "054682", "flur": "20", "flurschl": "054682020", "land": "Nordrhein-Westfalen", "landschl": "05", "regbezirk": "Köln", "regbezschl": "053", "kreis": "Rhein-Erft-Kreis", "kreisschl": "05362", "gemeinde": "Kerpen", "gmdschl": "05362032", "abwrecht": "Kein abweichender Rechtszustand", "lagebeztxt": "Sistenichstraße 54", "tntxt": "Wohnbaufläche;440", "area": 440, "other catc": 1, "frag area": 11.0, "final area": 9.6 }, "geometry": { "type": "MultiPolygon", "coordinates": [ [ [ [ 6.709273541130734, 50.910396758781665 ], [ 6.70927442366713, 50.910378787891361 ], [ 6.709245998821106, 50.91037822992687 ], [ 6.709246026220678, 50.910377672002149 ], [ 6.709231824897978, 50.910377166998643 ], [ 6.709231345122153, 50.910386936386935 ], [ 6.709217132696975, 50.910386657400281 ], [ 6.709216691417737, 50.91039564284506 ], [ 6.709245116273784, 50.91039620081682 ], [ 6.709244674999783, 50.910405186261769 ], [ 6.709280035623566, 50.910405880371066 ], [ 6.709280761297349, 50.910396900508601 ], [ 6.709273541130734, 50.910396758781665 ] ] ] ] } },
{ "type": "Feature", "properties": { "DN": 1, "gml_id": "DENW41AL30005Qw0FL", "identifier": "urn:adv:oid:DENW41AL30005Qw0FL", "aktualit_2": "2024-08-20Z", "idflurst": "DENW41AL30005Qw0", "flaeche": 440.0, "flstkennz_": "05468202000190______", "flstnrzae": "190", "flstnrnen": null, "gemarkung": "Horrem", "gemaschl": "054682", "flur": "20", "flurschl": "054682020", "land": "Nordrhein-Westfalen", "landschl": "05", "regbezirk": "Köln", "regbezschl": "053", "kreis": "Rhein-Erft-Kreis", "kreisschl": "05362", "gemeinde": "Kerpen", "gmdschl": "05362032", "abwrecht": "Kein abweichender Rechtszustand", "lagebeztxt": "Sistenichstraße 54", "tntxt": "Wohnbaufläche;440", "area": 440, "other catc": 1, "frag area": 39.0, "final area": 37.1 }, "geometry": { "type": "MultiPolygon", "coordinates": [ [ [ [ 6.708976404154233, 50.910363943476021 ], [ 6.709033253819069, 50.91036505952912 ], [ 6.709033695133143, 50.910356074085435 ], [ 6.709005270305736, 50.910355516062516 ], [ 6.709006152944135, 50.910337545175459 ], [ 6.709057005472394, 50.910338543483356 ], [ 6.709058534042739, 50.91032565795296 ], [ 6.709120401407028, 50.910328594890473 ], [ 6.709120734809261, 50.910321806335666 ], [ 6.709078097597203, 50.910320969330876 ], [ 6.709078538901951, 50.910311983886849 ], [ 6.709050114100507, 50.9103114258752 ], [ 6.709049672790295, 50.910320411319049 ], [ 6.708992823179194, 50.91031929527464 ], [ 6.708992381857828, 50.910328280718126 ], [ 6.70896395704817, 50.910327722685366 ], [ 6.708964398375, 50.910318737242058 ], [ 6.708935973571711, 50.910318179202569 ], [ 6.708934208241179, 50.910354120974972 ], [ 6.708948420653638, 50.910354399995938 ], [ 6.708947979323171, 50.910363385439091 ], [ 6.708962191738589, 50.910363664458423 ], [ 6.708961750410628, 50.910372649901639 ], [ 6.708975962829003, 50.910372928919323 ], [ 6.708976404154233, 50.910363943476021 ] ] ] ] } },
{ "type": "Feature", "properties": { "DN": 1, "gml_id": "DENW41AL30005edNFL", "identifier": "urn:adv:oid:DENW41AL30005edNFL", "aktualit_2": "2024-08-20Z", "idflurst": "DENW41AL30005edN", "flaeche": 557.0, "flstkennz_": "05468202000438______", "flstnrzae": "438", "flstnrnen": null, "gemarkung": "Horrem", "gemaschl": "054682", "flur": "20", "flurschl": "054682020", "land": "Nordrhein-Westfalen", "landschl": "05", "regbezirk": "Köln", "regbezschl": "053", "kreis": "Rhein-Erft-Kreis", "kreisschl": "05362", "gemeinde": "Kerpen", "gmdschl": "05362032", "abwrecht": "Kein abweichender Rechtszustand", "lagebeztxt": "Hauptstraße 214", "tntxt": "Fläche gemischter Nutzung(funktion:Gebäude- und Freifläche Mischnutzung mit Wohnen);557", "area": 555, "other catc": 1, "frag area": 118.2, "final area": 118.2 }, "geometry": { "type": "MultiPolygon", "coordinates": [ [ [ [ 6.711288622116605, 50.91049925481326 ], [ 6.711291267404947, 50.91044534206722 ], [ 6.711362329725422, 50.910446735722005 ], [ 6.711364093191826, 50.910410793889206 ], [ 6.711378305645672, 50.910411072614615 ], [ 6.711378419883828, 50.910408744269319 ], [ 6.71137770964749, 50.910408722459238 ], [ 6.711379586947131, 50.910384115429864 ], [ 6.71130856600892, 50.910382722596523 ], [ 6.71130768425567, 50.910400693512358 ], [ 6.711321896705878, 50.910400972244595 ], [ 6.711321455831647, 50.910409957702576 ], [ 6.711349880738208, 50.910410515162049 ], [ 6.711349439869214, 50.910419500620179 ], [ 6.711278377590847, 50.91041810695809 ], [ 6.711277495824862, 50.91043607787342 ], [ 6.711249070904169, 50.910435520396128 ], [ 6.711248189126353, 50.910453491311038 ], [ 6.711233976660881, 50.910453212569621 ], [ 6.711234417552634, 50.910444227112258 ], [ 6.71122020509012, 50.910443948369199 ], [ 6.71122064598438, 50.910434962911921 ], [ 6.711192221065495, 50.91043440542078 ], [ 6.711192661964993, 50.910425419963651 ], [ 6.711206874421589, 50.910425698709993 ], [ 6.711208197110531, 50.910398742338238 ], [ 6.711165559766004, 50.910397906094836 ], [ 6.71116600067006, 50.910388920637828 ], [ 6.711151788225069, 50.910388641886648 ], [ 6.711150906411264, 50.910406612800486 ], [ 6.711136693961034, 50.910406334047416 ], [ 6.711135812140861, 50.910424304961005 ], [ 6.711121599685393, 50.910424026206023 ], [ 6.711120717858853, 50.910441997119371 ], [ 6.711106505398146, 50.910441718362478 ], [ 6.711105182648446, 50.910468674732122 ], [ 6.711119395117348, 50.910468953489278 ], [ 6.71111895420306, 50.910477938945874 ], [ 6.711147379147006, 50.910478496455177 ], [ 6.711146938237957, 50.910487481911943 ], [ 6.711161150712999, 50.91048776066409 ], [ 6.711161591619318, 50.910478775207238 ], [ 6.711175804091854, 50.910479053957573 ], [ 6.711176244995214, 50.910470068500622 ], [ 6.711190457465245, 50.910470347249131 ], [ 6.711190016564618, 50.910479332706174 ], [ 6.711204229037608, 50.910479611453042 ], [ 6.711203788139487, 50.910488596910163 ], [ 6.711218000615434, 50.910488875655403 ], [ 6.711217559719819, 50.910497861112582 ], [ 6.71120334724114, 50.910497582367263 ], [ 6.71120332433821, 50.91049804912619 ], [ 6.711260169965521, 50.910499251515311 ], [ 6.711260197157213, 50.910498697338177 ], [ 6.711288622116605, 50.91049925481326 ] ], [ [ 6.711162473431274, 50.9104608042935 ], [ 6.711162032525408, 50.91046978975038 ], [ 6.711133607586476, 50.910469232244708 ], [ 6.711134048497804, 50.910460246787991 ], [ 6.711162473431274, 50.9104608042935 ] ], [ [ 6.711162914336913, 50.910451818836584 ], [ 6.711177126801255, 50.910452097586649 ], [ 6.711177567703936, 50.910443112129649 ], [ 6.711191780165771, 50.910443390877894 ], [ 6.711190898365647, 50.910461361792066 ], [ 6.711162473431274, 50.9104608042935 ], [ 6.711162914336913, 50.910451818836584 ] ] ] ] } },
{ "type": "Feature", "properties": { "DN": 1, "gml_id": "DENW41AL30005VAuFL", "identifier": "urn:adv:oid:DENW41AL30005VAuFL", "aktualit_2": "2024-08-20Z", "idflurst": "DENW41AL30005VAu", "flaeche": 764.0, "flstkennz_": "05468202000312______", "flstnrzae": "312", "flstnrnen": null, "gemarkung": "Horrem", "gemaschl": "054682", "flur": "20", "flurschl": "054682020", "land": "Nordrhein-Westfalen", "landschl": "05", "regbezirk": "Köln", "regbezschl": "053", "kreis": "Rhein-Erft-Kreis", "kreisschl": "05362", "gemeinde": "Kerpen", "gmdschl": "05362032", "abwrecht": "Kein abweichender Rechtszustand", "lagebeztxt": "Grabenweg 10, 12", "tntxt": "Wohnbaufläche;764", "area": 761, "other catc": 1, "frag area": 37.0, "final area": 37.0 }, "geometry": { "type": "MultiPolygon", "coordinates": [ [ [ [ 6.708422561543283, 50.910344075068757 ], [ 6.708423885836568, 50.910317118749077 ], [ 6.708310186675748, 50.910314886023315 ], [ 6.708310628128246, 50.910305900584099 ], [ 6.708211141393527, 50.910303946858917 ], [ 6.708210699921906, 50.910312932297522 ], [ 6.708224912314633, 50.910313211406397 ], [ 6.708224470845517, 50.910322196845058 ], [ 6.708252895637115, 50.910322755057791 ], [ 6.708252454173235, 50.910331740496623 ], [ 6.708366153370529, 50.91033397327913 ], [ 6.708365711928279, 50.910342958718651 ], [ 6.708422561543283, 50.910344075068757 ] ] ] ] } },
{ "type": "Feature", "properties": { "DN": 1, "gml_id": "DENW41AL30005ec8FL", "identifier": "urn:adv:oid:DENW41AL30005ec8FL", "aktualit_2": "2024-08-20Z", "idflurst": "DENW41AL30005ec8", "flaeche": 974.0, "flstkennz_": "05468202000439______", "flstnrzae": "439", "flstnrnen": null, "gemarkung": "Horrem", "gemaschl": "054682", "flur": "20", "flurschl": "054682020", "land": "Nordrhein-Westfalen", "landschl": "05", "regbezirk": "Köln", "regbezschl": "053", "kreis": "Rhein-Erft-Kreis", "kreisschl": "05362", "gemeinde": "Kerpen", "gmdschl": "05362032", "abwrecht": "Kein abweichender Rechtszustand", "lagebeztxt": "Hauptstraße 218", "tntxt": "Fläche gemischter Nutzung(funktion:Gebäude- und Freifläche Mischnutzung mit Wohnen);974", "area": 978, "other catc": 1, "frag area": 37.0, "final area": 37.0 }, "geometry": { "type": "MultiPolygon", "coordinates": [ [ [ [ 6.711158842702972, 50.910244874573529 ], [ 6.71115928360592, 50.910235889116315 ], [ 6.711230345600925, 50.910237282847341 ], [ 6.711231227378826, 50.910219311931982 ], [ 6.711089103449103, 50.910216524428478 ], [ 6.711088662532947, 50.910225509885279 ], [ 6.711046025350241, 50.910224673600254 ], [ 6.711046466274593, 50.910215688143701 ], [ 6.711018041492716, 50.910215130611896 ], [ 6.71101671870259, 50.910242086980915 ], [ 6.711158842702972, 50.910244874573529 ] ] ] ] } },
{ "type": "Feature", "properties": { "DN": 1, "gml_id": "DENW41AL30005d42FL", "identifier": "urn:adv:oid:DENW41AL30005d42FL", "aktualit_2": "2024-08-20Z", "idflurst": "DENW41AL30005d42", "flaeche": 417.0, "flstkennz_": "05468202000434______", "flstnrzae": "434", "flstnrnen": null, "gemarkung": "Horrem", "gemaschl": "054682", "flur": "20", "flurschl": "054682020", "land": "Nordrhein-Westfalen", "landschl": "05", "regbezirk": "Köln", "regbezschl": "053", "kreis": "Rhein-Erft-Kreis", "kreisschl": "05362", "gemeinde": "Kerpen", "gmdschl": "05362032", "abwrecht": "Kein abweichender Rechtszustand", "lagebeztxt": "Sistenichstraße 65", "tntxt": "Wohnbaufläche;417", "area": 410, "other catc": 1, "frag area": 23.8, "final area": 23.8 }, "geometry": { "type": "MultiPolygon", "coordinates": [ [ [ [ 6.709748286699402, 50.910289153376908 ], [ 6.709752257268219, 50.910208284341714 ], [ 6.709766469644393, 50.910208563262529 ], [ 6.709766910814843, 50.910199577813998 ], [ 6.70982376031087, 50.910200693479645 ], [ 6.709824014607722, 50.910195514010162 ], [ 6.709762704511563, 50.91019310944894 ], [ 6.709729679624271, 50.910191786766894 ], [ 6.709722323503658, 50.910243673306084 ], [ 6.709736280186353, 50.910243947212393 ], [ 6.709735839009308, 50.910252932660661 ], [ 6.709721626619927, 50.910252653735938 ], [ 6.709719819465356, 50.910289459757685 ], [ 6.709734011023061, 50.910290163188215 ], [ 6.709734074298868, 50.910288874453563 ], [ 6.709748286699402, 50.910289153376908 ] ] ] ] } },
{ "type": "Feature", "properties": { "DN": 1, "gml_id": "DENW41AL30005V58FL", "identifier": "urn:adv:oid:DENW41AL30005V58FL", "aktualit_2": "2024-08-20Z", "idflurst": "DENW41AL30005V58", "flaeche": 474.0, "flstkennz_": "05468202000046______", "flstnrzae": "46", "flstnrnen": null, "gemarkung": "Horrem", "gemaschl": "054682", "flur": "20", "flurschl": "054682020", "land": "Nordrhein-Westfalen", "landschl": "05", "regbezirk": "Köln", "regbezschl": "053", "kreis": "Rhein-Erft-Kreis", "kreisschl": "05362", "gemeinde": "Kerpen", "gmdschl": "05362032", "abwrecht": "Kein abweichender Rechtszustand", "lagebeztxt": "Hauptstraße 222", "tntxt": "Fläche gemischter Nutzung(funktion:Gebäude- und Freifläche Mischnutzung mit Wohnen);474", "area": 476, "other catc": 1, "frag area": 17.7, "final area": 17.7 }, "geometry": { "type": "MultiPolygon", "coordinates": [ [ [ [ 6.711223628331256, 50.910084251323404 ], [ 6.711209415978472, 50.910083972580438 ], [ 6.71120897508756, 50.910092958038206 ], [ 6.71119476273227, 50.910092679293406 ], [ 6.711194321838401, 50.910101664751068 ], [ 6.711165897123034, 50.910101107256125 ], [ 6.711165456223474, 50.910110092713595 ], [ 6.711151243863399, 50.910109813963437 ], [ 6.711150286926741, 50.910129316031608 ], [ 6.711221368757536, 50.910130302190318 ], [ 6.711223628331256, 50.910084251323404 ] ] ] ] } },
{ "type": "Feature", "properties": { "DN": 1, "gml_id": "DENW41AL30005YMUFL", "identifier": "urn:adv:oid:DENW41AL30005YMUFL", "aktualit_2": "2024-08-20Z", "idflurst": "DENW41AL30005YMU", "flaeche": 582.0, "flstkennz_": "05468202000043______", "flstnrzae": "43", "flstnrnen": null, "gemarkung": "Horrem", "gemaschl": "054682", "flur": "20", "flurschl": "054682020", "land": "Nordrhein-Westfalen", "landschl": "05", "regbezirk": "Köln", "regbezschl": "053", "kreis": "Rhein-Erft-Kreis", "kreisschl": "05362", "gemeinde": "Kerpen", "gmdschl": "05362032", "abwrecht": "Kein abweichender Rechtszustand", "lagebeztxt": "Hauptstraße 220", "tntxt": "Fläche gemischter Nutzung(funktion:Gebäude- und Freifläche Mischnutzung mit Wohnen);582", "area": 585, "other catc": 1, "frag area": 27.3, "final area": 27.3 }, "geometry": { "type": "MultiPolygon", "coordinates": [ [ [ [ 6.711219219439292, 50.910174105901156 ], [ 6.711221368757536, 50.910130302190318 ], [ 6.711150286926741, 50.910129316031608 ], [ 6.711149480251975, 50.910145755792769 ], [ 6.711135267881196, 50.910145477040537 ], [ 6.71113394516206, 50.910172433412093 ], [ 6.711219219439292, 50.910174105901156 ] ] ] ] } },
{ "type": "Feature", "properties": { "DN": 1, "gml_id": "DENW41AL30005ccrFL", "identifier": "urn:adv:oid:DENW41AL30005ccrFL", "aktualit_2": "2024-08-20Z", "idflurst": "DENW41AL30005ccr", "flaeche": 603.0, "flstkennz_": "054682019000210006__", "flstnrzae": "21", "flstnrnen": "6", "gemarkung": "Horrem", "gemaschl": "054682", "flur": "19", "flurschl": "054682019", "land": "Nordrhein-Westfalen", "landschl": "05", "regbezirk": "Köln", "regbezschl": "053", "kreis": "Rhein-Erft-Kreis", "kreisschl": "05362", "gemeinde": "Kerpen", "gmdschl": "05362032", "abwrecht": "Kein abweichender Rechtszustand", "lagebeztxt": "Fischbachstraße 2", "tntxt": "Wohnbaufläche;603", "area": 598, "other catc": 1, "frag area": 41.0, "final area": 41.0 }, "geometry": { "type": "MultiPolygon", "coordinates": [ [ [ [ 6.710110213366301, 50.910161344139375 ], [ 6.710124425731735, 50.91016162301645 ], [ 6.710124866832532, 50.910152637565602 ], [ 6.710153291558613, 50.910153195314365 ], [ 6.71015373265372, 50.910144209863326 ], [ 6.710167945014368, 50.910144488735021 ], [ 6.710169268290136, 50.910117532381527 ], [ 6.710126631233456, 50.910116695762042 ], [ 6.710127513432563, 50.910098724860163 ], [ 6.710099088740169, 50.910098167105538 ], [ 6.710099529844846, 50.910089181654747 ], [ 6.710085317501719, 50.910088902774937 ], [ 6.710085758608902, 50.910079917324225 ], [ 6.710071546268735, 50.910079638442767 ], [ 6.71006889960585, 50.910133551146281 ], [ 6.71008311196241, 50.910133830028265 ], [ 6.710081365124532, 50.910169413364564 ], [ 6.710109767042987, 50.91017043591448 ], [ 6.710110213366301, 50.910161344139375 ] ] ] ] } },
{ "type": "Feature", "properties": { "DN": 1, "gml_id": "DENW41AL30005YdbFL", "identifier": "urn:adv:oid:DENW41AL30005YdbFL", "aktualit_2": "2024-08-20Z", "idflurst": "DENW41AL30005Ydb", "flaeche": 458.0, "flstkennz_": "05468201900237______", "flstnrzae": "237", "flstnrnen": null, "gemarkung": "Horrem", "gemaschl": "054682", "flur": "19", "flurschl": "054682019", "land": "Nordrhein-Westfalen", "landschl": "05", "regbezirk": "Köln", "regbezschl": "053", "kreis": "Rhein-Erft-Kreis", "kreisschl": "05362", "gemeinde": "Kerpen", "gmdschl": "05362032", "abwrecht": "Kein abweichender Rechtszustand", "lagebeztxt": "Grabenweg 3", "tntxt": "Wohnbaufläche;458", "area": 457, "other catc": 1, "frag area": 49.9, "final area": 49.9 }, "geometry": { "type": "MultiPolygon", "coordinates": [ [ [ [ 6.708932794472544, 50.910093264098862 ], [ 6.708932353143171, 50.910102249542319 ], [ 6.708960777814877, 50.910102807580991 ], [ 6.708961219138785, 50.91009382213737 ], [ 6.708989643805932, 50.910094380168957 ], [ 6.708989202487486, 50.91010336561277 ], [ 6.709042336927422, 50.91010440872688 ], [ 6.7090459838328, 50.910068503890017 ], [ 6.708990967759906, 50.910067423837425 ], [ 6.708991409077445, 50.910058438393555 ], [ 6.70887611575487, 50.910056174919184 ], [ 6.708872606419819, 50.910092082452557 ], [ 6.708932794472544, 50.910093264098862 ] ] ] ] } },
{ "type": "Feature", "properties": { "DN": 1, "gml_id": "DENW41AL30005eeAFL", "identifier": "urn:adv:oid:DENW41AL30005eeAFL", "aktualit_2": "2024-08-20Z", "idflurst": "DENW41AL30005eeA", "flaeche": 428.0, "flstkennz_": "05468201900229______", "flstnrzae": "229", "flstnrnen": null, "gemarkung": "Horrem", "gemaschl": "054682", "flur": "19", "flurschl": "054682019", "land": "Nordrhein-Westfalen", "landschl": "05", "regbezirk": "Köln", "regbezschl": "053", "kreis": "Rhein-Erft-Kreis", "kreisschl": "05362", "gemeinde": "Kerpen", "gmdschl": "05362032", "abwrecht": "Kein abweichender Rechtszustand", "lagebeztxt": "Sistenichstraße 58", "tntxt": "Wohnbaufläche;428", "area": 428, "other catc": 1, "frag area": 35.0, "final area": 34.9 }, "geometry": { "type": "MultiPolygon", "coordinates": [ [ [ [ 6.709543571163198, 50.91011246634374 ], [ 6.709550543147452, 50.909970478691704 ], [ 6.709536330845925, 50.90997019974553 ], [ 6.709530595082162, 50.910087010560886 ], [ 6.709516382745346, 50.910086731611827 ], [ 6.709515941528434, 50.910095717058958 ], [ 6.709408173897717, 50.910093601820279 ], [ 6.709408107962637, 50.910096010946816 ], [ 6.709402121906827, 50.91009594769907 ], [ 6.709401360341984, 50.910111456296328 ], [ 6.709542057995662, 50.91011421786601 ], [ 6.709543571163198, 50.91011246634374 ] ] ] ] } },
{ "type": "Feature", "properties": { "DN": 1, "gml_id": "DENW41AL30005bM2FL", "identifier": "urn:adv:oid:DENW41AL30005bM2FL", "aktualit_2": "2024-08-20Z", "idflurst": "DENW41AL30005bM2", "flaeche": 564.0, "flstkennz_": "05468202000047______", "flstnrzae": "47", "flstnrnen": null, "gemarkung": "Horrem", "gemaschl": "054682", "flur": "20", "flurschl": "054682020", "land": "Nordrhein-Westfalen", "landschl": "05", "regbezirk": "Köln", "regbezschl": "053", "kreis": "Rhein-Erft-Kreis", "kreisschl": "05362", "gemeinde": "Kerpen", "gmdschl": "05362032", "abwrecht": "Kein abweichender Rechtszustand", "lagebeztxt": "Hauptstraße 224", "tntxt": "Fläche gemischter Nutzung(funktion:Gebäude- und Freifläche Mischnutzung mit Wohnen);564", "area": 567, "other catc": 1, "frag area": 10.4, "final area": 10.4 }, "geometry": { "type": "MultiPolygon", "coordinates": [ [ [ [ 6.711139676930298, 50.91005562246761 ], [ 6.711168101617441, 50.910056179968564 ], [ 6.711168983413623, 50.910038209053432 ], [ 6.711154771075402, 50.910037930303986 ], [ 6.711154330174692, 50.910046915761477 ], [ 6.711140117833965, 50.910046637010225 ], [ 6.711140999640622, 50.9100286660954 ], [ 6.711112574970774, 50.910028108588051 ], [ 6.711110943719645, 50.910061352494964 ], [ 6.711139377054173, 50.910061733831995 ], [ 6.711139676930298, 50.91005562246761 ] ] ] ] } },
{ "type": "Feature", "properties": { "DN": 1, "gml_id": "DENW41ALFH000012FL", "identifier": "urn:adv:oid:DENW41ALFH000012FL", "aktualit_2": "2024-08-20Z", "idflurst": "DENW41ALFH000012", "flaeche": 454.0, "flstkennz_": "05468201900399______", "flstnrzae": "399", "flstnrnen": null, "gemarkung": "Horrem", "gemaschl": "054682", "flur": "19", "flurschl": "054682019", "land": "Nordrhein-Westfalen", "landschl": "05", "regbezirk": "Köln", "regbezschl": "053", "kreis": "Rhein-Erft-Kreis", "kreisschl": "05362", "gemeinde": "Kerpen", "gmdschl": "05362032", "abwrecht": "Kein abweichender Rechtszustand", "lagebeztxt": "Fischbachstraße 3 a", "tntxt": "Wohnbaufläche;454", "area": 454, "other catc": 1, "frag area": 35.5, "final area": 33.4 }, "geometry": { "type": "MultiPolygon", "coordinates": [ [ [ [ 6.710467286709524, 50.910132373735387 ], [ 6.710438861989888, 50.910131816063227 ], [ 6.710439303029679, 50.910122830610362 ], [ 6.71046772774385, 50.910123388282344 ], [ 6.710468168777952, 50.910114402829279 ], [ 6.710482381132645, 50.910114681662591 ], [ 6.710485027316111, 50.910060768943325 ], [ 6.710499239654638, 50.910061047774384 ], [ 6.710499680681694, 50.910052062321036 ], [ 6.710578509804073, 50.91005360883338 ], [ 6.710471405519582, 50.91004845860337 ], [ 6.710470814977809, 50.910060490110553 ], [ 6.710463938652852, 50.910060355202873 ], [ 6.710459411498805, 50.910098050622331 ], [ 6.7104121791629, 50.910095770647736 ], [ 6.710411760406241, 50.910104302026021 ], [ 6.710407856302909, 50.91010422542891 ], [ 6.71040780020963, 50.910104701015996 ], [ 6.710403553749501, 50.910140117437599 ], [ 6.710452633312308, 50.910141080353114 ], [ 6.710451751237062, 50.910159051258944 ], [ 6.710465963605188, 50.91015933009443 ], [ 6.710467286709524, 50.910132373735387 ] ] ], [ [ [ 6.710655575393361, 50.910064114801848 ], [ 6.710655908356709, 50.910057330568051 ], [ 6.710641715827951, 50.91005664811955 ], [ 6.710641363052347, 50.91006383598981 ], [ 6.710655575393361, 50.910064114801848 ] ] ] ] } },
{ "type": "Feature", "properties": { "DN": 1, "gml_id": "DENW41ALFH000013FL", "identifier": "urn:adv:oid:DENW41ALFH000013FL", "aktualit_2": "2024-08-29Z", "idflurst": "DENW41ALFH000013", "flaeche": 353.0, "flstkennz_": "05468201900400______", "flstnrzae": "400", "flstnrnen": null, "gemarkung": "Horrem", "gemaschl": "054682", "flur": "19", "flurschl": "054682019", "land": "Nordrhein-Westfalen", "landschl": "05", "regbezirk": "Köln", "regbezschl": "053", "kreis": "Rhein-Erft-Kreis", "kreisschl": "05362", "gemeinde": "Kerpen", "gmdschl": "05362032", "abwrecht": "Kein abweichender Rechtszustand", "lagebeztxt": "Fischbachstraße 3", "tntxt": "Wohnbaufläche;353", "area": 350, "other catc": 1, "frag area": 61.2, "final area": 61.2 }, "geometry": { "type": "MultiPolygon", "coordinates": [ [ [ [ 6.710641804052082, 50.910054850535573 ], [ 6.710641715827951, 50.91005664811955 ], [ 6.710655908356709, 50.910057330568051 ], [ 6.71065733938002, 50.910028172984418 ], [ 6.710671551710332, 50.910028451794368 ], [ 6.710671992703701, 50.910019466339875 ], [ 6.710600931068059, 50.910018072273282 ], [ 6.710600490061031, 50.910027057727326 ], [ 6.710557853074162, 50.910026221266357 ], [ 6.710558294089386, 50.910017235812575 ], [ 6.710444595489535, 50.910015005174628 ], [ 6.710445036526387, 50.910006019721543 ], [ 6.710430824205154, 50.910005740884117 ], [ 6.710431265244513, 50.909996755431095 ], [ 6.710420775081537, 50.909996549619152 ], [ 6.71041881903264, 50.910012664656655 ], [ 6.710415379900965, 50.910041414297787 ], [ 6.710443272377622, 50.910041961533778 ], [ 6.710443713415152, 50.91003297608075 ], [ 6.710472138074686, 50.910033533750969 ], [ 6.710471405519582, 50.91004845860337 ], [ 6.710578509804073, 50.91005360883338 ], [ 6.710641804052082, 50.910054850535573 ] ] ] ] } },
{ "type": "Feature", "properties": { "DN": 1, "gml_id": "DENW41AL30005ccrFL", "identifier": "urn:adv:oid:DENW41AL30005ccrFL", "aktualit_2": "2024-08-20Z", "idflurst": "DENW41AL30005ccr", "flaeche": 603.0, "flstkennz_": "054682019000210006__", "flstnrzae": "21", "flstnrnen": "6", "gemarkung": "Horrem", "gemaschl": "054682", "flur": "19", "flurschl": "054682019", "land": "Nordrhein-Westfalen", "landschl": "05", "regbezirk": "Köln", "regbezschl": "053", "kreis": "Rhein-Erft-Kreis", "kreisschl": "05362", "gemeinde": "Kerpen", "gmdschl": "05362032", "abwrecht": "Kein abweichender Rechtszustand", "lagebeztxt": "Fischbachstraße 2", "tntxt": "Wohnbaufläche;603", "area": 598, "other catc": 1, "frag area": 69.9, "final area": 62.0 }, "geometry": { "type": "MultiPolygon", "coordinates": [ [ [ [ 6.710373533871974, 50.910013610969727 ], [ 6.710372651770272, 50.910031581874961 ], [ 6.710358439441975, 50.910031303028617 ], [ 6.71035932154914, 50.910013332123562 ], [ 6.710302472260063, 50.910012216721597 ], [ 6.710302031195667, 50.910021202173787 ], [ 6.710300654841439, 50.910021175168907 ], [ 6.710294686146776, 50.910061576507402 ], [ 6.710271657543291, 50.910060349408369 ], [ 6.710270960123109, 50.910074557173914 ], [ 6.71031359714559, 50.910075393740222 ], [ 6.710313156082343, 50.910084379192377 ], [ 6.710327368426354, 50.91008465804444 ], [ 6.710326045243451, 50.91011161440106 ], [ 6.710340257595885, 50.91011189325166 ], [ 6.710339375478282, 50.910129864156183 ], [ 6.710382012553328, 50.910130700698133 ], [ 6.710381571502386, 50.910139686150636 ], [ 6.710403553749501, 50.910140117437599 ], [ 6.71040780020963, 50.910104701015996 ], [ 6.710397538297733, 50.910104221977164 ], [ 6.710397107007877, 50.91011300863677 ], [ 6.710368682301429, 50.910112450947679 ], [ 6.710369123354426, 50.910103465495219 ], [ 6.710354911004274, 50.910103186648165 ], [ 6.710354957753008, 50.910102234254566 ], [ 6.710354290657841, 50.91010220311346 ], [ 6.71035544346026, 50.910092339128653 ], [ 6.710357998388053, 50.91004028848112 ], [ 6.710400635381821, 50.910041125015233 ], [ 6.710401517473047, 50.91002315410968 ], [ 6.710415729799291, 50.910023432950751 ], [ 6.710414847713529, 50.910041403856482 ], [ 6.710415379900965, 50.910041414297787 ], [ 6.71041881903264, 50.910012664656655 ], [ 6.710416265284417, 50.910012523398528 ], [ 6.710416170841833, 50.910014447497858 ], [ 6.710373533871974, 50.910013610969727 ] ] ] ] } },
{ "type": "Feature", "properties": { "DN": 1, "gml_id": "DENW41AL30005dK9FL", "identifier": "urn:adv:oid:DENW41AL30005dK9FL", "aktualit_2": "2024-08-20Z", "idflurst": "DENW41AL30005dK9", "flaeche": 392.0, "flstkennz_": "05468202000215______", "flstnrzae": "215", "flstnrnen": null, "gemarkung": "Horrem", "gemaschl": "054682", "flur": "20", "flurschl": "054682020", "land": "Nordrhein-Westfalen", "landschl": "05", "regbezirk": "Köln", "regbezschl": "053", "kreis": "Rhein-Erft-Kreis", "kreisschl": "05362", "gemeinde": "Kerpen", "gmdschl": "05362032", "abwrecht": "Kein abweichender Rechtszustand", "lagebeztxt": "Hebbelstraße 2 a", "tntxt": "Wohnbaufläche;392", "area": 392, "other catc": 1, "frag area": 12.0, "final area": 12.0 }, "geometry": { "type": "MultiPolygon", "coordinates": [ [ [ [ 6.707473341479436, 50.909974661422915 ], [ 6.707474666303556, 50.9099477051194 ], [ 6.707488878577747, 50.909947984316432 ], [ 6.707490203391634, 50.909921028012512 ], [ 6.707461778859868, 50.909920469617255 ], [ 6.707462220469508, 50.90991148418275 ], [ 6.707448008206696, 50.909911204982613 ], [ 6.707446683368902, 50.90993816128578 ], [ 6.70746089563991, 50.909938440486194 ], [ 6.707459129197274, 50.909974382223879 ], [ 6.707473341479436, 50.909974661422915 ] ] ] ] } },
{ "type": "Feature", "properties": { "DN": 1, "gml_id": "DENW41AL30005bM2FL", "identifier": "urn:adv:oid:DENW41AL30005bM2FL", "aktualit_2": "2024-08-20Z", "idflurst": "DENW41AL30005bM2", "flaeche": 564.0, "flstkennz_": "05468202000047______", "flstnrzae": "47", "flstnrnen": null, "gemarkung": "Horrem", "gemaschl": "054682", "flur": "20", "flurschl": "054682020", "land": "Nordrhein-Westfalen", "landschl": "05", "regbezirk": "Köln", "regbezschl": "053", "kreis": "Rhein-Erft-Kreis", "kreisschl": "05362", "gemeinde": "Kerpen", "gmdschl": "05362032", "abwrecht": "Kein abweichender Rechtszustand", "lagebeztxt": "Hauptstraße 224", "tntxt": "Fläche gemischter Nutzung(funktion:Gebäude- und Freifläche Mischnutzung mit Wohnen);564", "area": 567, "other catc": 1, "frag area": 40.0, "final area": 40.0 }, "geometry": { "type": "MultiPolygon", "coordinates": [ [ [ [ 6.711069056133719, 50.910045243228012 ], [ 6.71106949705082, 50.91003625777104 ], [ 6.71105528471418, 50.910035979009507 ], [ 6.711055725633788, 50.910026993552613 ], [ 6.711069937967696, 50.910027272314075 ], [ 6.711070378884345, 50.910018286857088 ], [ 6.711098803547373, 50.910018844374633 ], [ 6.711098362636188, 50.91002782983179 ], [ 6.711112574970774, 50.910028108588051 ], [ 6.71111477951078, 50.909983181301612 ], [ 6.711100567189855, 50.909982902545792 ], [ 6.711099685369066, 50.910000873460241 ], [ 6.711085473042902, 50.910000594702517 ], [ 6.711085032129438, 50.910009580159617 ], [ 6.711056607472323, 50.910009022638789 ], [ 6.711057048391252, 50.910000037181867 ], [ 6.711014411415473, 50.909999200887938 ], [ 6.711015293269045, 50.909981229974541 ], [ 6.710986868630582, 50.909980672436966 ], [ 6.710986427698446, 50.90998965789349 ], [ 6.710972215376822, 50.909989379122017 ], [ 6.710971774441727, 50.909998364578435 ], [ 6.710957562117597, 50.909998085805142 ], [ 6.710957121179545, 50.910007071261454 ], [ 6.710971333506407, 50.910007350034839 ], [ 6.710970451635089, 50.910025320947589 ], [ 6.71098466396764, 50.910025599719418 ], [ 6.710984223034374, 50.910034585175865 ], [ 6.711012647705617, 50.910035142714513 ], [ 6.711013088633422, 50.910026157257882 ], [ 6.711027300966651, 50.91002643602453 ], [ 6.711026860041581, 50.910035421481233 ], [ 6.711041072377768, 50.91003570024624 ], [ 6.711040631455202, 50.910044685703021 ], [ 6.711069056133719, 50.910045243228012 ] ] ] ] } },
{ "type": "Feature", "properties": { "DN": 1, "gml_id": "DENW41AL30005ZnVFL", "identifier": "urn:adv:oid:DENW41AL30005ZnVFL", "aktualit_2": "2024-08-20Z", "idflurst": "DENW41AL30005ZnV", "flaeche": 382.0, "flstkennz_": "05468202000216______", "flstnrzae": "216", "flstnrnen": null, "gemarkung": "Horrem", "gemaschl": "054682", "flur": "20", "flurschl": "054682020", "land": "Nordrhein-Westfalen", "landschl": "05", "regbezirk": "Köln", "regbezschl": "053", "kreis": "Rhein-Erft-Kreis", "kreisschl": "05362", "gemeinde": "Kerpen", "gmdschl": "05362032", "abwrecht": "Kein abweichender Rechtszustand", "lagebeztxt": "Hebbelstraße 2", "tntxt": "Wohnbaufläche;382", "area": 388, "other catc": 1, "frag area": 10.4, "final area": 10.4 }, "geometry": { "type": "MultiPolygon", "coordinates": [ [ [ [ 6.707817968654456, 50.909909478187579 ], [ 6.707775331857925, 50.909908640711912 ], [ 6.707774890308611, 50.909917626148385 ], [ 6.707760678040822, 50.90991734698629 ], [ 6.70776023648855, 50.909926332422643 ], [ 6.707746024218255, 50.909926053258722 ], [ 6.70774584939408, 50.909929610847037 ], [ 6.707816432971083, 50.909936097570082 ], [ 6.707816722389444, 50.90993483988035 ], [ 6.707817968654456, 50.909909478187579 ] ] ] ] } },
{ "type": "Feature", "properties": { "DN": 1, "gml_id": "DENW41AL30005dK9FL", "identifier": "urn:adv:oid:DENW41AL30005dK9FL", "aktualit_2": "2024-08-20Z", "idflurst": "DENW41AL30005dK9", "flaeche": 392.0, "flstkennz_": "05468202000215______", "flstnrzae": "215", "flstnrnen": null, "gemarkung": "Horrem", "gemaschl": "054682", "flur": "20", "flurschl": "054682020", "land": "Nordrhein-Westfalen", "landschl": "05", "regbezirk": "Köln", "regbezschl": "053", "kreis": "Rhein-Erft-Kreis", "kreisschl": "05362", "gemeinde": "Kerpen", "gmdschl": "05362032", "abwrecht": "Kein abweichender Rechtszustand", "lagebeztxt": "Hebbelstraße 2 a", "tntxt": "Wohnbaufläche;392", "area": 392, "other catc": 1, "frag area": 26.6, "final area": 26.6 }, "geometry": { "type": "MultiPolygon", "coordinates": [ [ [ [ 6.707769591699206, 50.910025451384698 ], [ 6.707770474803035, 50.910007480512157 ], [ 6.707798899393931, 50.910008038832949 ], [ 6.707800665577023, 50.909972097086936 ], [ 6.707808117296541, 50.909972243453694 ], [ 6.707816432971083, 50.909936097570082 ], [ 6.70774584939408, 50.909929610847037 ], [ 6.707745582663026, 50.909935038694982 ], [ 6.707759794936052, 50.909935317858988 ], [ 6.707759353383329, 50.909944303295319 ], [ 6.707773565659314, 50.90994458245769 ], [ 6.707771799457085, 50.909980524203199 ], [ 6.707757587170171, 50.909980245040472 ], [ 6.707755379398633, 50.91002517222153 ], [ 6.707769591699206, 50.910025451384698 ] ] ] ] } },
{ "type": "Feature", "properties": { "DN": 1, "gml_id": "DENW41AL30005hi3FL", "identifier": "urn:adv:oid:DENW41AL30005hi3FL", "aktualit_2": "2024-08-20Z", "idflurst": "DENW41AL30005hi3", "flaeche": 656.0, "flstkennz_": "05468202000050______", "flstnrzae": "50", "flstnrnen": null, "gemarkung": "Horrem", "gemaschl": "054682", "flur": "20", "flurschl": "054682020", "land": "Nordrhein-Westfalen", "landschl": "05", "regbezirk": "Köln", "regbezschl": "053", "kreis": "Rhein-Erft-Kreis", "kreisschl": "05362", "gemeinde": "Kerpen", "gmdschl": "05362032", "abwrecht": "Kein abweichender Rechtszustand", "lagebeztxt": "Hauptstraße 226", "tntxt": "Fläche gemischter Nutzung(funktion:Gebäude- und Freifläche Mischnutzung mit Wohnen);656", "area": 651, "other catc": 1, "frag area": 27.1, "final area": 26.0 }, "geometry": { "type": "MultiPolygon", "coordinates": [ [ [ [ 6.711385254506719, 50.909979491874729 ], [ 6.711387017926131, 50.909943550038456 ], [ 6.711401230237915, 50.909943828759253 ], [ 6.711402111940803, 50.909925857840832 ], [ 6.711387899634481, 50.909925579120213 ], [ 6.711388781341928, 50.909907608201912 ], [ 6.711346144440711, 50.909906772030212 ], [ 6.711345910646403, 50.909911537127485 ], [ 6.711346493488344, 50.909911545751221 ], [ 6.711345673646607, 50.909983635411514 ], [ 6.71137080917841, 50.909983962217957 ], [ 6.711371042184232, 50.90997921315185 ], [ 6.711385254506719, 50.909979491874729 ] ] ] ] } },
{ "type": "Feature", "properties": { "DN": 1, "gml_id": "DENW41AL30005bM2FL", "identifier": "urn:adv:oid:DENW41AL30005bM2FL", "aktualit_2": "2024-08-20Z", "idflurst": "DENW41AL30005bM2", "flaeche": 564.0, "flstkennz_": "05468202000047______", "flstnrzae": "47", "flstnrnen": null, "gemarkung": "Horrem", "gemaschl": "054682", "flur": "20", "flurschl": "054682020", "land": "Nordrhein-Westfalen", "landschl": "05", "regbezirk": "Köln", "regbezschl": "053", "kreis": "Rhein-Erft-Kreis", "kreisschl": "05362", "gemeinde": "Kerpen", "gmdschl": "05362032", "abwrecht": "Kein abweichender Rechtszustand", "lagebeztxt": "Hauptstraße 224", "tntxt": "Fläche gemischter Nutzung(funktion:Gebäude- und Freifläche Mischnutzung mit Wohnen);564", "area": 567, "other catc": 1, "frag area": 34.9, "final area": 34.9 }, "geometry": { "type": "MultiPolygon", "coordinates": [ [ [ [ 6.711339972354867, 50.910032568453197 ], [ 6.711354184693294, 50.910032847180076 ], [ 6.71135506641709, 50.910014876262537 ], [ 6.711369278750277, 50.910015154987498 ], [ 6.711370160467708, 50.909997184069702 ], [ 6.711398585123834, 50.909997741514104 ], [ 6.711399025976745, 50.909988756055007 ], [ 6.711370601326083, 50.909988198610776 ], [ 6.71137080917841, 50.909983962217957 ], [ 6.711345673646607, 50.909983635411514 ], [ 6.71134237532442, 50.909983592415387 ], [ 6.711342176676323, 50.909987641159638 ], [ 6.711327964351781, 50.909987362431487 ], [ 6.711327523485211, 50.909996347890136 ], [ 6.711299098831343, 50.909995790428454 ], [ 6.711299539703377, 50.909986804969982 ], [ 6.711285327379515, 50.909986526236636 ], [ 6.711284445629754, 50.910004497153395 ], [ 6.711270233300654, 50.910004218418145 ], [ 6.711269351544527, 50.910022189334647 ], [ 6.711283563879092, 50.910022468070082 ], [ 6.711282682127524, 50.910040438986719 ], [ 6.711339531489897, 50.910041553911867 ], [ 6.711339972354867, 50.910032568453197 ] ] ] ] } },
{ "type": "Feature", "properties": { "DN": 1, "gml_id": "DENW41AL30005X4CFL", "identifier": "urn:adv:oid:DENW41AL30005X4CFL", "aktualit_2": "2024-08-20Z", "idflurst": "DENW41AL30005X4C", "flaeche": 814.0, "flstkennz_": "05468201900364______", "flstnrzae": "364", "flstnrnen": null, "gemarkung": "Horrem", "gemaschl": "054682", "flur": "19", "flurschl": "054682019", "land": "Nordrhein-Westfalen", "landschl": "05", "regbezirk": "Köln", "regbezschl": "053", "kreis": "Rhein-Erft-Kreis", "kreisschl": "05362", "gemeinde": "Kerpen", "gmdschl": "05362032", "abwrecht": "Kein abweichender Rechtszustand", "lagebeztxt": "Fischbachstraße 1", "tntxt": "Wohnbaufläche;814", "area": 809, "other catc": 1, "frag area": 24.0, "final area": 24.0 }, "geometry": { "type": "MultiPolygon", "coordinates": [ [ [ [ 6.71007772178382, 50.909953842132246 ], [ 6.710079486208564, 50.90991790032863 ], [ 6.710065273917794, 50.909917621447057 ], [ 6.710065715026147, 50.909908635996203 ], [ 6.709994653589354, 50.909907241562777 ], [ 6.709993771345103, 50.909925212463591 ], [ 6.710007983637474, 50.90992549135391 ], [ 6.710007542517741, 50.909934476804374 ], [ 6.71002175481307, 50.909934755693051 ], [ 6.710020872578392, 50.909952726594113 ], [ 6.71007772178382, 50.909953842132246 ] ] ] ] } },
{ "type": "Feature", "properties": { "DN": 1, "gml_id": "DENW41AL30005eeAFL", "identifier": "urn:adv:oid:DENW41AL30005eeAFL", "aktualit_2": "2024-08-20Z", "idflurst": "DENW41AL30005eeA", "flaeche": 428.0, "flstkennz_": "05468201900229______", "flstnrzae": "229", "flstnrnen": null, "gemarkung": "Horrem", "gemaschl": "054682", "flur": "19", "flurschl": "054682019", "land": "Nordrhein-Westfalen", "landschl": "05", "regbezirk": "Köln", "regbezschl": "053", "kreis": "Rhein-Erft-Kreis", "kreisschl": "05362", "gemeinde": "Kerpen", "gmdschl": "05362032", "abwrecht": "Kein abweichender Rechtszustand", "lagebeztxt": "Sistenichstraße 58", "tntxt": "Wohnbaufläche;428", "area": 428, "other catc": 1, "frag area": 25.7, "final area": 24.3 }, "geometry": { "type": "MultiPolygon", "coordinates": [ [ [ [ 6.70946703423902, 50.909932863200595 ], [ 6.709395972795066, 50.909931468402341 ], [ 6.709396414032495, 50.9099224829557 ], [ 6.709424838603934, 50.909923040880017 ], [ 6.709424915379751, 50.909921477382177 ], [ 6.709419342397455, 50.909921404001445 ], [ 6.70942042202229, 50.909890873093808 ], [ 6.709355323711439, 50.909890152671885 ], [ 6.709355100912548, 50.909894689717078 ], [ 6.709369313189281, 50.909894968685016 ], [ 6.709368430704626, 50.909912939578014 ], [ 6.709354218422431, 50.909912660609891 ], [ 6.709353335931407, 50.90993063150264 ], [ 6.709367548219068, 50.909930910470933 ], [ 6.709367106975949, 50.909939895917368 ], [ 6.709466593015025, 50.909941848647648 ], [ 6.70946703423902, 50.909932863200595 ] ] ] ] } },
{ "type": "Feature", "properties": { "DN": 1, "gml_id": "DENW41AL30005eeAFL", "identifier": "urn:adv:oid:DENW41AL30005eeAFL", "aktualit_2": "2024-08-20Z", "idflurst": "DENW41AL30005eeA", "flaeche": 428.0, "flstkennz_": "05468201900229______", "flstnrzae": "229", "flstnrnen": null, "gemarkung": "Horrem", "gemaschl": "054682", "flur": "19", "flurschl": "054682019", "land": "Nordrhein-Westfalen", "landschl": "05", "regbezirk": "Köln", "regbezschl": "053", "kreis": "Rhein-Erft-Kreis", "kreisschl": "05362", "gemeinde": "Kerpen", "gmdschl": "05362032", "abwrecht": "Kein abweichender Rechtszustand", "lagebeztxt": "Sistenichstraße 58", "tntxt": "Wohnbaufläche;428", "area": 428, "other catc": 1, "frag area": 16.0, "final area": 16.0 }, "geometry": { "type": "MultiPolygon", "coordinates": [ [ [ [ 6.709550984355735, 50.909961493244161 ], [ 6.709553297496393, 50.90991438479621 ], [ 6.709553938424084, 50.909892350562934 ], [ 6.709511724441941, 50.909891883446917 ], [ 6.709510553539027, 50.909915729164098 ], [ 6.709538978108619, 50.909916287060568 ], [ 6.709538536898736, 50.909925272508097 ], [ 6.709510112323679, 50.909924714611449 ], [ 6.709509229892305, 50.909942685506117 ], [ 6.709523442185183, 50.909942964455475 ], [ 6.709523883398252, 50.909933979008066 ], [ 6.709538095688625, 50.909934257955612 ], [ 6.709536772056939, 50.909961214298079 ], [ 6.709550984355735, 50.909961493244161 ] ] ] ] } },
{ "type": "Feature", "properties": { "DN": 1, "gml_id": "DENW41AL30005YdbFL", "identifier": "urn:adv:oid:DENW41AL30005YdbFL", "aktualit_2": "2024-08-20Z", "idflurst": "DENW41AL30005Ydb", "flaeche": 458.0, "flstkennz_": "05468201900237______", "flstnrzae": "237", "flstnrnen": null, "gemarkung": "Horrem", "gemaschl": "054682", "flur": "19", "flurschl": "054682019", "land": "Nordrhein-Westfalen", "landschl": "05", "regbezirk": "Köln", "regbezschl": "053", "kreis": "Rhein-Erft-Kreis", "kreisschl": "05362", "gemeinde": "Kerpen", "gmdschl": "05362032", "abwrecht": "Kein abweichender Rechtszustand", "lagebeztxt": "Grabenweg 3", "tntxt": "Wohnbaufläche;458", "area": 457, "other catc": 1, "frag area": 15.2, "final area": 15.2 }, "geometry": { "type": "MultiPolygon", "coordinates": [ [ [ [ 6.709042872186462, 50.909879566540539 ], [ 6.709043313491056, 50.909870581096051 ], [ 6.70906604169605, 50.909871027280282 ], [ 6.709071511988225, 50.909817170021022 ], [ 6.709060173563778, 50.909816947433995 ], [ 6.709059732263271, 50.909825932878682 ], [ 6.709031307758229, 50.909825374866244 ], [ 6.709028659917663, 50.909879287532917 ], [ 6.709042872186462, 50.909879566540539 ] ] ] ] } },
{ "type": "Feature", "properties": { "DN": 1, "gml_id": "DENW41AL30005ZnVFL", "identifier": "urn:adv:oid:DENW41AL30005ZnVFL", "aktualit_2": "2024-08-20Z", "idflurst": "DENW41AL30005ZnV", "flaeche": 382.0, "flstkennz_": "05468202000216______", "flstnrzae": "216", "flstnrnen": null, "gemarkung": "Horrem", "gemaschl": "054682", "flur": "20", "flurschl": "054682020", "land": "Nordrhein-Westfalen", "landschl": "05", "regbezirk": "Köln", "regbezschl": "053", "kreis": "Rhein-Erft-Kreis", "kreisschl": "05362", "gemeinde": "Kerpen", "gmdschl": "05362032", "abwrecht": "Kein abweichender Rechtszustand", "lagebeztxt": "Hebbelstraße 2", "tntxt": "Wohnbaufläche;382", "area": 388, "other catc": 1, "frag area": 31.4, "final area": 31.4 }, "geometry": { "type": "MultiPolygon", "coordinates": [ [ [ [ 6.707492411410252, 50.909876100838979 ], [ 6.707492853013297, 50.909867115404225 ], [ 6.707507065263128, 50.90986739459872 ], [ 6.707507948463075, 50.909849423728978 ], [ 6.707522160707668, 50.909849702921584 ], [ 6.707523043901247, 50.909831732051593 ], [ 6.707537256140603, 50.909832011242287 ], [ 6.707537697734321, 50.909823025807185 ], [ 6.707551909971172, 50.90982330499606 ], [ 6.707553676332854, 50.909787363255099 ], [ 6.707511039655762, 50.909786525684346 ], [ 6.707510156458982, 50.909804496554315 ], [ 6.707495944228275, 50.909804217360438 ], [ 6.707495502626815, 50.909813202795313 ], [ 6.707452865927852, 50.909812365203024 ], [ 6.707453307537508, 50.909803379768412 ], [ 6.707444060267783, 50.909803198104996 ], [ 6.707442132148797, 50.909821148446966 ], [ 6.707452424317969, 50.909821350637621 ], [ 6.707451982707861, 50.909830336072197 ], [ 6.707466194946085, 50.909830615271517 ], [ 6.707466636553462, 50.90982162983687 ], [ 6.707480848789181, 50.909821909034392 ], [ 6.707480407184536, 50.909830894469138 ], [ 6.707494619423214, 50.909831173665019 ], [ 6.707493294616116, 50.909858129969436 ], [ 6.707479082369242, 50.9098578507733 ], [ 6.707478199157915, 50.909875821642657 ], [ 6.707492411410252, 50.909876100838979 ] ] ] ] } },
{ "type": "Feature", "properties": { "DN": 1, "gml_id": "DENW41AL30005WDyFL", "identifier": "urn:adv:oid:DENW41AL30005WDyFL", "aktualit_2": "2024-08-20Z", "idflurst": "DENW41AL30005WDy", "flaeche": 611.0, "flstkennz_": "05468202000051______", "flstnrzae": "51", "flstnrnen": null, "gemarkung": "Horrem", "gemaschl": "054682", "flur": "20", "flurschl": "054682020", "land": "Nordrhein-Westfalen", "landschl": "05", "regbezirk": "Köln", "regbezschl": "053", "kreis": "Rhein-Erft-Kreis", "kreisschl": "05362", "gemeinde": "Kerpen", "gmdschl": "05362032", "abwrecht": "Kein abweichender Rechtszustand", "lagebeztxt": "Hauptstraße 228", "tntxt": "Wohnbaufläche;611", "area": 610, "other catc": 1, "frag area": 19.0, "final area": 19.0 }, "geometry": { "type": "MultiPolygon", "coordinates": [ [ [ [ 6.71133369559665, 50.909870551467449 ], [ 6.711334136460058, 50.909861566008566 ], [ 6.711362561032873, 50.90986212346067 ], [ 6.711363001890591, 50.909853138001601 ], [ 6.711377214174606, 50.909853416724971 ], [ 6.711376773319619, 50.909862402184132 ], [ 6.711390985606592, 50.909862680905867 ], [ 6.711392308162679, 50.909835724528037 ], [ 6.711307034493407, 50.909834052173316 ], [ 6.711305271019274, 50.909869994008254 ], [ 6.71133369559665, 50.909870551467449 ] ] ] ] } },
{ "type": "Feature", "properties": { "DN": 1, "gml_id": "DENW41AL30005YdbFL", "identifier": "urn:adv:oid:DENW41AL30005YdbFL", "aktualit_2": "2024-08-20Z", "idflurst": "DENW41AL30005Ydb", "flaeche": 458.0, "flstkennz_": "05468201900237______", "flstnrzae": "237", "flstnrnen": null, "gemarkung": "Horrem", "gemaschl": "054682", "flur": "19", "flurschl": "054682019", "land": "Nordrhein-Westfalen", "landschl": "05", "regbezirk": "Köln", "regbezschl": "053", "kreis": "Rhein-Erft-Kreis", "kreisschl": "05362", "gemeinde": "Kerpen", "gmdschl": "05362032", "abwrecht": "Kein abweichender Rechtszustand", "lagebeztxt": "Grabenweg 3", "tntxt": "Wohnbaufläche;458", "area": 457, "other catc": 1, "frag area": 11.6, "final area": 10.4 }, "geometry": { "type": "MultiPolygon", "coordinates": [ [ [ [ 6.709075164133405, 50.909781265284906 ], [ 6.70902555767574, 50.909780291443134 ], [ 6.709023176404959, 50.909807227019193 ], [ 6.70907242399856, 50.909808193816879 ], [ 6.709075164133405, 50.909781265284906 ] ] ] ] } },
{ "type": "Feature", "properties": { "DN": 1, "gml_id": "DENW41AL30005WzTFL", "identifier": "urn:adv:oid:DENW41AL30005WzTFL", "aktualit_2": "2024-08-20Z", "idflurst": "DENW41AL30005WzT", "flaeche": 570.0, "flstkennz_": "05468202000217______", "flstnrzae": "217", "flstnrnen": null, "gemarkung": "Horrem", "gemaschl": "054682", "flur": "20", "flurschl": "054682020", "land": "Nordrhein-Westfalen", "landschl": "05", "regbezirk": "Köln", "regbezschl": "053", "kreis": "Rhein-Erft-Kreis", "kreisschl": "05362", "gemeinde": "Kerpen", "gmdschl": "05362032", "abwrecht": "Kein abweichender Rechtszustand", "lagebeztxt": "Hebbelstraße 4", "tntxt": "Wohnbaufläche;570", "area": 568, "other catc": 1, "frag area": 22.8, "final area": 22.8 }, "geometry": { "type": "MultiPolygon", "coordinates": [ [ [ [ 6.707837479363397, 50.909801932099491 ], [ 6.707847262362279, 50.90980212425432 ], [ 6.70784932244334, 50.909793170608168 ], [ 6.707837920898842, 50.909792946662449 ], [ 6.707838803969051, 50.909774975788316 ], [ 6.707853016194262, 50.909775254940357 ], [ 6.707854782321039, 50.909739313191537 ], [ 6.707840570106755, 50.909739034039852 ], [ 6.707841011640615, 50.909730048602697 ], [ 6.707826799429288, 50.909729769449378 ], [ 6.707825916355878, 50.909747740323496 ], [ 6.707811704139314, 50.909747461168266 ], [ 6.70780949643817, 50.909792388352827 ], [ 6.707795284208173, 50.909792109195429 ], [ 6.707794842664533, 50.909801094632208 ], [ 6.707780630432032, 50.909800815472984 ], [ 6.707780395024064, 50.909805606006195 ], [ 6.70783704494419, 50.90981077271352 ], [ 6.707837479363397, 50.909801932099491 ] ] ] ] } },
{ "type": "Feature", "properties": { "DN": 1, "gml_id": "DENW41AL30005WDyFL", "identifier": "urn:adv:oid:DENW41AL30005WDyFL", "aktualit_2": "2024-08-20Z", "idflurst": "DENW41AL30005WDy", "flaeche": 611.0, "flstkennz_": "05468202000051______", "flstnrzae": "51", "flstnrnen": null, "gemarkung": "Horrem", "gemaschl": "054682", "flur": "20", "flurschl": "054682020", "land": "Nordrhein-Westfalen", "landschl": "05", "regbezirk": "Köln", "regbezschl": "053", "kreis": "Rhein-Erft-Kreis", "kreisschl": "05362", "gemeinde": "Kerpen", "gmdschl": "05362032", "abwrecht": "Kein abweichender Rechtszustand", "lagebeztxt": "Hauptstraße 228", "tntxt": "Wohnbaufläche;611", "area": 610, "other catc": 1, "frag area": 44.0, "final area": 43.1 }, "geometry": { "type": "MultiPolygon", "coordinates": [ [ [ [ 6.711177360432271, 50.909867485356273 ], [ 6.711205785005578, 50.909868042846597 ], [ 6.711206225893574, 50.909859057388502 ], [ 6.711220438177835, 50.909859336130978 ], [ 6.711221319947684, 50.909841365214575 ], [ 6.711263956785431, 50.909842201431097 ], [ 6.711264764774714, 50.909825733877192 ], [ 6.711219503875942, 50.909825320089226 ], [ 6.711220941399863, 50.909805381369452 ], [ 6.711152022147579, 50.909804029654545 ], [ 6.711151581250012, 50.909813015112384 ], [ 6.71113736898054, 50.909812736361701 ], [ 6.711135164475656, 50.909857663650179 ], [ 6.711149376758788, 50.909857942401302 ], [ 6.711148494960717, 50.909875913316753 ], [ 6.711176919538585, 50.909876470814154 ], [ 6.711177360432271, 50.909867485356273 ] ], [ [ 6.7111506994542, 50.909830986027998 ], [ 6.711164911729361, 50.909831264777118 ], [ 6.711163589042146, 50.909858221150685 ], [ 6.711149376758788, 50.909857942401302 ], [ 6.7111506994542, 50.909830986027998 ] ] ] ] } },
{ "type": "Feature", "properties": { "DN": 1, "gml_id": "DENW41AL30005WzTFL", "identifier": "urn:adv:oid:DENW41AL30005WzTFL", "aktualit_2": "2024-08-20Z", "idflurst": "DENW41AL30005WzT", "flaeche": 570.0, "flstkennz_": "05468202000217______", "flstnrzae": "217", "flstnrnen": null, "gemarkung": "Horrem", "gemaschl": "054682", "flur": "20", "flurschl": "054682020", "land": "Nordrhein-Westfalen", "landschl": "05", "regbezirk": "Köln", "regbezschl": "053", "kreis": "Rhein-Erft-Kreis", "kreisschl": "05362", "gemeinde": "Kerpen", "gmdschl": "05362032", "abwrecht": "Kein abweichender Rechtszustand", "lagebeztxt": "Hebbelstraße 4", "tntxt": "Wohnbaufläche;570", "area": 568, "other catc": 1, "frag area": 38.0, "final area": 38.0 }, "geometry": { "type": "MultiPolygon", "coordinates": [ [ [ [ 6.707526135071642, 50.909768834006101 ], [ 6.707526576666508, 50.909759848570971 ], [ 6.70754078888401, 50.909760127760961 ], [ 6.707541672067598, 50.909742156890466 ], [ 6.707527459855561, 50.909741877700654 ], [ 6.707528343043706, 50.909723906830266 ], [ 6.707514130837359, 50.909723627638911 ], [ 6.707514572433825, 50.909714642203781 ], [ 6.707486148027271, 50.909714083816063 ], [ 6.707486589628974, 50.909705098381103 ], [ 6.707458165228789, 50.909704539986642 ], [ 6.707457723621622, 50.909713525421424 ], [ 6.707443511419138, 50.909713246221521 ], [ 6.707440861754994, 50.909767158829375 ], [ 6.707526135071642, 50.909768834006101 ] ], [ [ 6.70745728201423, 50.909722510856199 ], [ 6.707471494219672, 50.909722790054467 ], [ 6.707471052614784, 50.909731775489313 ], [ 6.707456840406611, 50.909731496290959 ], [ 6.70745728201423, 50.909722510856199 ] ] ] ] } },
{ "type": "Feature", "properties": { "DN": 1, "gml_id": "DENW41AL30005I81FL", "identifier": "urn:adv:oid:DENW41AL30005I81FL", "aktualit_2": "2024-08-20Z", "idflurst": "DENW41AL30005I81", "flaeche": 366.0, "flstkennz_": "05468201900391______", "flstnrzae": "391", "flstnrnen": null, "gemarkung": "Horrem", "gemaschl": "054682", "flur": "19", "flurschl": "054682019", "land": "Nordrhein-Westfalen", "landschl": "05", "regbezirk": "Köln", "regbezschl": "053", "kreis": "Rhein-Erft-Kreis", "kreisschl": "05362", "gemeinde": "Kerpen", "gmdschl": "05362032", "abwrecht": "Kein abweichender Rechtszustand", "lagebeztxt": "Sistenichstraße 67 b", "tntxt": "Wohnbaufläche;366", "area": 366, "other catc": 1, "frag area": 31.2, "final area": 30.5 }, "geometry": { "type": "MultiPolygon", "coordinates": [ [ [ [ 6.709859147945554, 50.909769670821454 ], [ 6.709859589091268, 50.909760685371651 ], [ 6.709873801332204, 50.909760964277659 ], [ 6.709874242474959, 50.909751978827764 ], [ 6.70991687919093, 50.909752815535164 ], [ 6.709917320325263, 50.909743830084977 ], [ 6.709895326327631, 50.909743398474468 ], [ 6.709894849091204, 50.90974632118801 ], [ 6.709828851308021, 50.909742093942526 ], [ 6.709775197973928, 50.909741041000736 ], [ 6.709774756812275, 50.909750026450027 ], [ 6.709760544575654, 50.909749747532011 ], [ 6.709759662246206, 50.909767718430359 ], [ 6.709773874488292, 50.909767997348553 ], [ 6.70977340059915, 50.909777649366568 ], [ 6.709844309896973, 50.909782138500752 ], [ 6.709844935702112, 50.90976939191362 ], [ 6.709859147945554, 50.909769670821454 ] ] ] ] } },
{ "type": "Feature", "properties": { "DN": 1, "gml_id": "DENW41AL30005ZmdFL", "identifier": "urn:adv:oid:DENW41AL30005ZmdFL", "aktualit_2": "2024-08-20Z", "idflurst": "DENW41AL30005Zmd", "flaeche": 89.0, "flstkennz_": "05468201900390______", "flstnrzae": "390", "flstnrnen": null, "gemarkung": "Horrem", "gemaschl": "054682", "flur": "19", "flurschl": "054682019", "land": "Nordrhein-Westfalen", "landschl": "05", "regbezirk": "Köln", "regbezschl": "053", "kreis": "Rhein-Erft-Kreis", "kreisschl": "05362", "gemeinde": "Kerpen", "gmdschl": "05362032", "abwrecht": "Kein abweichender Rechtszustand", "lagebeztxt": "Sistenichstraße; Fischbachstraße 6", "tntxt": "Wohnbaufläche;89", "area": 89, "other catc": 1, "frag area": 13.8, "final area": 12.3 }, "geometry": { "type": "MultiPolygon", "coordinates": [ [ [ [ 6.709786322090853, 50.909804218062241 ], [ 6.709800534344318, 50.909804496977337 ], [ 6.709800093186546, 50.909813482426685 ], [ 6.70981430544297, 50.909813761340146 ], [ 6.709814323686359, 50.909813389758718 ], [ 6.709810281860378, 50.909813133737579 ], [ 6.709815167296764, 50.909782298879236 ], [ 6.709844211800378, 50.909784136560852 ], [ 6.709844309896973, 50.909782138500752 ], [ 6.70977340059915, 50.909777649366568 ], [ 6.709772992163406, 50.909785968247022 ], [ 6.709758779915856, 50.909785689328643 ], [ 6.7097578975846, 50.909803660226864 ], [ 6.709772109837614, 50.909803939145419 ], [ 6.709771668674379, 50.909812924594583 ], [ 6.709785880930349, 50.90981320351149 ], [ 6.709786322090853, 50.909804218062241 ] ] ] ] } },
{ "type": "Feature", "properties": { "DN": 1, "gml_id": "DENW41AL30005RZzFL", "identifier": "urn:adv:oid:DENW41AL30005RZzFL", "aktualit_2": "2024-08-20Z", "idflurst": "DENW41AL30005RZz", "flaeche": 802.0, "flstkennz_": "054682019000210003__", "flstnrzae": "21", "flstnrnen": "3", "gemarkung": "Horrem", "gemaschl": "054682", "flur": "19", "flurschl": "054682019", "land": "Nordrhein-Westfalen", "landschl": "05", "regbezirk": "Köln", "regbezschl": "053", "kreis": "Rhein-Erft-Kreis", "kreisschl": "05362", "gemeinde": "Kerpen", "gmdschl": "05362032", "abwrecht": "Kein abweichender Rechtszustand", "lagebeztxt": "Fischbachstraße 4, 4 a", "tntxt": "Wohnbaufläche;802", "area": 796, "other catc": 1, "frag area": 101.1, "final area": 101.1 }, "geometry": { "type": "MultiPolygon", "coordinates": [ [ [ [ 6.710437192352702, 50.909875999881962 ], [ 6.710436764966327, 50.909879490248692 ], [ 6.710436687486976, 50.909879938433889 ], [ 6.710436998735601, 50.909879944540414 ], [ 6.710437192352702, 50.909875999881962 ] ] ], [ [ [ 6.710454298248076, 50.909817325202916 ], [ 6.71048272277648, 50.909817882868857 ], [ 6.710483163802897, 50.909808897415239 ], [ 6.710511588326741, 50.90980945507409 ], [ 6.710511147305788, 50.909818440527907 ], [ 6.710653269965889, 50.909821228719359 ], [ 6.710653710959524, 50.90981224326466 ], [ 6.710682135488792, 50.909812800882037 ], [ 6.710681694500621, 50.909821786336906 ], [ 6.710724331304415, 50.909822622750255 ], [ 6.710723449343788, 50.909840593660483 ], [ 6.710751873891707, 50.909841151261105 ], [ 6.710751432916519, 50.909850136716358 ], [ 6.710765645193549, 50.909850415514157 ], [ 6.710767850053573, 50.909805488237232 ], [ 6.710753637790202, 50.909805209439867 ], [ 6.710754519738095, 50.909787238529148 ], [ 6.710726095222957, 50.909786680929599 ], [ 6.71072565424366, 50.909795666384795 ], [ 6.710711441983699, 50.909795387582349 ], [ 6.710711882965728, 50.909786402127246 ], [ 6.710498699134403, 50.909782219884278 ], [ 6.710499140157184, 50.909773234430489 ], [ 6.710484927906302, 50.909772955600552 ], [ 6.710485809956648, 50.909754984693109 ], [ 6.710471597711456, 50.909754705861623 ], [ 6.710472038739022, 50.909745720407969 ], [ 6.710453124563382, 50.909745349326172 ], [ 6.710452333934037, 50.909751845547511 ], [ 6.710452033748069, 50.909754322031382 ], [ 6.71045738546649, 50.909754427028396 ], [ 6.71045606237424, 50.909781383389003 ], [ 6.710448770854788, 50.909781240334318 ], [ 6.710446357398647, 50.909801150905565 ], [ 6.710441104692258, 50.909844048672348 ], [ 6.71045297515108, 50.90984428156316 ], [ 6.710454298248076, 50.909817325202916 ] ] ] ] } },
{ "type": "Feature", "properties": { "DN": 1, "gml_id": "DENW41AL30005bK0FL", "identifier": "urn:adv:oid:DENW41AL30005bK0FL", "aktualit_2": "2024-08-20Z", "idflurst": "DENW41AL30005bK0", "flaeche": 722.0, "flstkennz_": "054682019000210004__", "flstnrzae": "21", "flstnrnen": "4", "gemarkung": "Horrem", "gemaschl": "054682", "flur": "19", "flurschl": "054682019", "land": "Nordrhein-Westfalen", "landschl": "05", "regbezirk": "Köln", "regbezschl": "053", "kreis": "Rhein-Erft-Kreis", "kreisschl": "05362", "gemeinde": "Kerpen", "gmdschl": "05362032", "abwrecht": "Kein abweichender Rechtszustand", "lagebeztxt": "Fischbachstraße 5", "tntxt": "Wohnbaufläche;722", "area": 720, "other catc": 1, "frag area": 77.4, "final area": 75.9 }, "geometry": { "type": "MultiPolygon", "coordinates": [ [ [ [ 6.710441104692258, 50.909844048672348 ], [ 6.710446357398647, 50.909801150905565 ], [ 6.710398303068065, 50.909798813699005 ], [ 6.710397890236787, 50.909807224397156 ], [ 6.71038367797656, 50.909806945554763 ], [ 6.710383236931021, 50.909815931007785 ], [ 6.710369024668288, 50.909815652163552 ], [ 6.710368583619791, 50.909824637616467 ], [ 6.710325946824753, 50.909823801073166 ], [ 6.710325505767834, 50.90983278652579 ], [ 6.710297081233474, 50.909832228821465 ], [ 6.710297522295857, 50.909823243369011 ], [ 6.710283310031748, 50.909822964514341 ], [ 6.710284192161299, 50.909804993609576 ], [ 6.710269979902879, 50.909804714753349 ], [ 6.710269097767865, 50.909822685657929 ], [ 6.710254885504209, 50.909822406799798 ], [ 6.710253562291796, 50.909849363156262 ], [ 6.710239350020171, 50.909849084296148 ], [ 6.710238908946183, 50.909858069748182 ], [ 6.710281545769935, 50.909858906323642 ], [ 6.710281986835727, 50.909849920871345 ], [ 6.710310411380562, 50.9098504785795 ], [ 6.710309970320233, 50.909859464031975 ], [ 6.710338394871436, 50.909860021733394 ], [ 6.710337953816344, 50.909869007186039 ], [ 6.710352166095017, 50.909869286034251 ], [ 6.710351928874297, 50.909874118872509 ], [ 6.710436764966327, 50.909879490248692 ], [ 6.710437192352702, 50.909875999881962 ], [ 6.710438762879021, 50.909844002727326 ], [ 6.710441104692258, 50.909844048672348 ] ] ], [ [ [ 6.710443307803954, 50.909751406262949 ], [ 6.710452333934037, 50.909751845547511 ], [ 6.710453124563382, 50.909745349326172 ], [ 6.71044361425478, 50.909745162739974 ], [ 6.710443307803954, 50.909751406262949 ] ] ] ] } },
{ "type": "Feature", "properties": { "DN": 1, "gml_id": "DENW41AL30005RZzFL", "identifier": "urn:adv:oid:DENW41AL30005RZzFL", "aktualit_2": "2024-08-20Z", "idflurst": "DENW41AL30005RZz", "flaeche": 802.0, "flstkennz_": "054682019000210003__", "flstnrzae": "21", "flstnrnen": "3", "gemarkung": "Horrem", "gemaschl": "054682", "flur": "19", "flurschl": "054682019", "land": "Nordrhein-Westfalen", "landschl": "05", "regbezirk": "Köln", "regbezschl": "053", "kreis": "Rhein-Erft-Kreis", "kreisschl": "05362", "gemeinde": "Kerpen", "gmdschl": "05362032", "abwrecht": "Kein abweichender Rechtszustand", "lagebeztxt": "Fischbachstraße 4, 4 a", "tntxt": "Wohnbaufläche;802", "area": 796, "other catc": 1, "frag area": 11.6, "final area": 11.6 }, "geometry": { "type": "MultiPolygon", "coordinates": [ [ [ [ 6.710784267157888, 50.909760839755052 ], [ 6.710784708125352, 50.909751854299451 ], [ 6.710793182443325, 50.909752020535407 ], [ 6.710800523202175, 50.909698199899317 ], [ 6.710773141694585, 50.909697662770874 ], [ 6.710770054907949, 50.909760560959874 ], [ 6.710784267157888, 50.909760839755052 ] ] ] ] } },
{ "type": "Feature", "properties": { "DN": 1, "gml_id": "DENW41AL30005hcCFL", "identifier": "urn:adv:oid:DENW41AL30005hcCFL", "aktualit_2": "2024-08-20Z", "idflurst": "DENW41AL30005hcC", "flaeche": 616.0, "flstkennz_": "05468202000052______", "flstnrzae": "52", "flstnrnen": null, "gemarkung": "Horrem", "gemaschl": "054682", "flur": "20", "flurschl": "054682020", "land": "Nordrhein-Westfalen", "landschl": "05", "regbezirk": "Köln", "regbezschl": "053", "kreis": "Rhein-Erft-Kreis", "kreisschl": "05362", "gemeinde": "Kerpen", "gmdschl": "05362032", "abwrecht": "Kein abweichender Rechtszustand", "lagebeztxt": "Hauptstraße 230", "tntxt": "Wohnbaufläche;616", "area": 625, "other catc": 1, "frag area": 13.0, "final area": 13.0 }, "geometry": { "type": "MultiPolygon", "coordinates": [ [ [ [ 6.711267483790223, 50.909770317762678 ], [ 6.711295908306143, 50.909770875230301 ], [ 6.711296523634596, 50.909758334072855 ], [ 6.71129651324773, 50.909755066463468 ], [ 6.711296683888529, 50.909755067897358 ], [ 6.711296790044154, 50.909752904312676 ], [ 6.711311002296989, 50.909753183043719 ], [ 6.711311443162924, 50.909744197584793 ], [ 6.71124038191467, 50.909742803912742 ], [ 6.711239500155255, 50.909760774829699 ], [ 6.711253712409918, 50.909761053567749 ], [ 6.711252830655063, 50.909779024484806 ], [ 6.711267042915416, 50.909779303221299 ], [ 6.711267483790223, 50.909770317762678 ] ] ] ] } },
{ "type": "Feature", "properties": { "DN": 1, "gml_id": "DENW41AL30005VXFFL", "identifier": "urn:adv:oid:DENW41AL30005VXFFL", "aktualit_2": "2024-08-20Z", "idflurst": "DENW41AL30005VXF", "flaeche": 449.0, "flstkennz_": "05468201900129______", "flstnrzae": "129", "flstnrnen": null, "gemarkung": "Horrem", "gemaschl": "054682", "flur": "19", "flurschl": "054682019", "land": "Nordrhein-Westfalen", "landschl": "05", "regbezirk": "Köln", "regbezschl": "053", "kreis": "Rhein-Erft-Kreis", "kreisschl": "05362", "gemeinde": "Kerpen", "gmdschl": "05362032", "abwrecht": "Kein abweichender Rechtszustand", "lagebeztxt": "Sistenichstraße 62", "tntxt": "Wohnbaufläche;449", "area": 449, "other catc": 1, "frag area": 11.0, "final area": 11.0 }, "geometry": { "type": "MultiPolygon", "coordinates": [ [ [ [ 6.709321289099051, 50.909714143876442 ], [ 6.709323054091267, 50.90967820209034 ], [ 6.709308841881004, 50.909677923117613 ], [ 6.709309283131224, 50.909668937671135 ], [ 6.709295070923918, 50.909668658696781 ], [ 6.709294629670965, 50.909677644143166 ], [ 6.709280417461153, 50.909677365166992 ], [ 6.709279093692745, 50.909704321505785 ], [ 6.709307518128987, 50.909704879456939 ], [ 6.70930707687786, 50.909713864903352 ], [ 6.709321289099051, 50.909714143876442 ] ] ] ] } },
{ "type": "Feature", "properties": { "DN": 1, "gml_id": "DENW41AL30005RZzFL", "identifier": "urn:adv:oid:DENW41AL30005RZzFL", "aktualit_2": "2024-08-20Z", "idflurst": "DENW41AL30005RZz", "flaeche": 802.0, "flstkennz_": "054682019000210003__", "flstnrzae": "21", "flstnrnen": "3", "gemarkung": "Horrem", "gemaschl": "054682", "flur": "19", "flurschl": "054682019", "land": "Nordrhein-Westfalen", "landschl": "05", "regbezirk": "Köln", "regbezschl": "053", "kreis": "Rhein-Erft-Kreis", "kreisschl": "05362", "gemeinde": "Kerpen", "gmdschl": "05362032", "abwrecht": "Kein abweichender Rechtszustand", "lagebeztxt": "Fischbachstraße 4, 4 a", "tntxt": "Wohnbaufläche;802", "area": 796, "other catc": 1, "frag area": 12.0, "final area": 12.0 }, "geometry": { "type": "MultiPolygon", "coordinates": [ [ [ [ 6.71048801507856, 50.909710057424213 ], [ 6.710491543261865, 50.909638173793113 ], [ 6.710505755471769, 50.909638452621721 ], [ 6.710506196490933, 50.909629467167669 ], [ 6.710520408698332, 50.909629745994451 ], [ 6.710520849714539, 50.9096207605403 ], [ 6.710492425305432, 50.909620202885165 ], [ 6.710491984283761, 50.909629188339146 ], [ 6.710477772076815, 50.909628909508903 ], [ 6.710473802847027, 50.909709778593154 ], [ 6.71048801507856, 50.909710057424213 ] ] ] ] } },
{ "type": "Feature", "properties": { "DN": 1, "gml_id": "DENW41AL30005VP8FL", "identifier": "urn:adv:oid:DENW41AL30005VP8FL", "aktualit_2": "2024-08-20Z", "idflurst": "DENW41AL30005VP8", "flaeche": 724.0, "flstkennz_": "05468202000053______", "flstnrzae": "53", "flstnrnen": null, "gemarkung": "Horrem", "gemaschl": "054682", "flur": "20", "flurschl": "054682020", "land": "Nordrhein-Westfalen", "landschl": "05", "regbezirk": "Köln", "regbezschl": "053", "kreis": "Rhein-Erft-Kreis", "kreisschl": "05362", "gemeinde": "Kerpen", "gmdschl": "05362032", "abwrecht": "Kein abweichender Rechtszustand", "lagebeztxt": "Hauptstraße 232", "tntxt": "Wohnbaufläche;724", "area": 716, "other catc": 1, "frag area": 17.3, "final area": 17.3 }, "geometry": { "type": "MultiPolygon", "coordinates": [ [ [ [ 6.711672039042954, 50.909643339761651 ], [ 6.711657826819986, 50.909643061074988 ], [ 6.711657386022326, 50.909652046536237 ], [ 6.71164317379685, 50.909651767847762 ], [ 6.711639647385586, 50.90972365153651 ], [ 6.711653859632915, 50.909723930225709 ], [ 6.711653716497683, 50.909726847959774 ], [ 6.711667711577327, 50.909727493690347 ], [ 6.711670199633612, 50.909680835492665 ], [ 6.711672039042954, 50.909643339761651 ] ] ] ] } },
{ "type": "Feature", "properties": { "DN": 1, "gml_id": "DENW41AL30005V58FL", "identifier": "urn:adv:oid:DENW41AL30005V58FL", "aktualit_2": "2024-08-20Z", "idflurst": "DENW41AL30005V58", "flaeche": 474.0, "flstkennz_": "05468202000046______", "flstnrzae": "46", "flstnrnen": null, "gemarkung": "Horrem", "gemaschl": "054682", "flur": "20", "flurschl": "054682020", "land": "Nordrhein-Westfalen", "landschl": "05", "regbezirk": "Köln", "regbezschl": "053", "kreis": "Rhein-Erft-Kreis", "kreisschl": "05362", "gemeinde": "Kerpen", "gmdschl": "05362032", "abwrecht": "Kein abweichender Rechtszustand", "lagebeztxt": "Hauptstraße 222", "tntxt": "Fläche gemischter Nutzung(funktion:Gebäude- und Freifläche Mischnutzung mit Wohnen);474", "area": 476, "other catc": 1, "frag area": 13.2, "final area": 13.2 }, "geometry": { "type": "MultiPolygon", "coordinates": [ [ [ [ 6.711651176674236, 50.910068607301056 ], [ 6.711622743424621, 50.910068224104705 ], [ 6.711620251865204, 50.910119011805541 ], [ 6.711634464232736, 50.910119290498642 ], [ 6.711633643541571, 50.910136019457745 ], [ 6.711647859979709, 50.910136215281909 ], [ 6.711651176674236, 50.910068607301056 ] ] ] ] } },
{ "type": "Feature", "properties": { "DN": 1, "gml_id": "DENW41AL30005YMUFL", "identifier": "urn:adv:oid:DENW41AL30005YMUFL", "aktualit_2": "2024-08-20Z", "idflurst": "DENW41AL30005YMU", "flaeche": 582.0, "flstkennz_": "05468202000043______", "flstnrzae": "43", "flstnrnen": null, "gemarkung": "Horrem", "gemaschl": "054682", "flur": "20", "flurschl": "054682020", "land": "Nordrhein-Westfalen", "landschl": "05", "regbezirk": "Köln", "regbezschl": "053", "kreis": "Rhein-Erft-Kreis", "kreisschl": "05362", "gemeinde": "Kerpen", "gmdschl": "05362032", "abwrecht": "Kein abweichender Rechtszustand", "lagebeztxt": "Hauptstraße 220", "tntxt": "Fläche gemischter Nutzung(funktion:Gebäude- und Freifläche Mischnutzung mit Wohnen);582", "area": 585, "other catc": 1, "frag area": 15.1, "final area": 15.1 }, "geometry": { "type": "MultiPolygon", "coordinates": [ [ [ [ 6.711643827712168, 50.910218409254178 ], [ 6.711647859979709, 50.910136215281909 ], [ 6.711633643541571, 50.910136019457745 ], [ 6.711633141803161, 50.910146246879712 ], [ 6.711618929427435, 50.910145968186349 ], [ 6.711616284545796, 50.910199880947502 ], [ 6.711630496937915, 50.910200159641406 ], [ 6.711629615314359, 50.91021813056183 ], [ 6.711643827712168, 50.910218409254178 ] ] ] ] } },
{ "type": "Feature", "properties": { "DN": 1, "gml_id": "DENW41AL30005hcCFL", "identifier": "urn:adv:oid:DENW41AL30005hcCFL", "aktualit_2": "2024-08-20Z", "idflurst": "DENW41AL30005hcC", "flaeche": 616.0, "flstkennz_": "05468202000052______", "flstnrzae": "52", "flstnrnen": null, "gemarkung": "Horrem", "gemaschl": "054682", "flur": "20", "flurschl": "054682020", "land": "Nordrhein-Westfalen", "landschl": "05", "regbezirk": "Köln", "regbezschl": "053", "kreis": "Rhein-Erft-Kreis", "kreisschl": "05362", "gemeinde": "Kerpen", "gmdschl": "05362032", "abwrecht": "Kein abweichender Rechtszustand", "lagebeztxt": "Hauptstraße 230", "tntxt": "Wohnbaufläche;616", "area": 625, "other catc": 1, "frag area": 16.6, "final area": 16.6 }, "geometry": { "type": "MultiPolygon", "coordinates": [ [ [ [ 6.711666734325473, 50.909751474396586 ], [ 6.711667711577327, 50.909727493690347 ], [ 6.711653716497683, 50.909726847959774 ], [ 6.711653418833222, 50.909732915686803 ], [ 6.711639206583161, 50.909732636997525 ], [ 6.71163569025642, 50.909804314788182 ], [ 6.711664129595894, 50.909804570566834 ], [ 6.711666734325473, 50.909751474396586 ] ] ] ] } },
{ "type": "Feature", "properties": { "DN": 1, "gml_id": "DENW41AL30005WDyFL", "identifier": "urn:adv:oid:DENW41AL30005WDyFL", "aktualit_2": "2024-08-20Z", "idflurst": "DENW41AL30005WDy", "flaeche": 611.0, "flstkennz_": "05468202000051______", "flstnrzae": "51", "flstnrnen": null, "gemarkung": "Horrem", "gemaschl": "054682", "flur": "20", "flurschl": "054682020", "land": "Nordrhein-Westfalen", "landschl": "05", "regbezirk": "Köln", "regbezschl": "053", "kreis": "Rhein-Erft-Kreis", "kreisschl": "05362", "gemeinde": "Kerpen", "gmdschl": "05362032", "abwrecht": "Kein abweichender Rechtszustand", "lagebeztxt": "Hauptstraße 228", "tntxt": "Wohnbaufläche;611", "area": 610, "other catc": 1, "frag area": 14.0, "final area": 14.0 }, "geometry": { "type": "MultiPolygon", "coordinates": [ [ [ [ 6.711664129595894, 50.909804570566834 ], [ 6.71163569025642, 50.909804314788182 ], [ 6.711635680155632, 50.909804520685071 ], [ 6.711649892427547, 50.90980479937506 ], [ 6.71164768841666, 50.909849726679674 ], [ 6.711633476131086, 50.909849447989238 ], [ 6.711632153713644, 50.909876404371559 ], [ 6.711646366007415, 50.909876683062244 ], [ 6.711645925203883, 50.909885668523074 ], [ 6.711631712907381, 50.909885389832283 ], [ 6.711631281301803, 50.909894187740363 ], [ 6.711659714491573, 50.909894569994258 ], [ 6.711664129595894, 50.909804570566834 ] ] ] ] } },
{ "type": "Feature", "properties": { "DN": 1, "gml_id": "DENW41AL30005hi3FL", "identifier": "urn:adv:oid:DENW41AL30005hi3FL", "aktualit_2": "2024-08-20Z", "idflurst": "DENW41AL30005hi3", "flaeche": 656.0, "flstkennz_": "05468202000050______", "flstnrzae": "50", "flstnrnen": null, "gemarkung": "Horrem", "gemaschl": "054682", "flur": "20", "flurschl": "054682020", "land": "Nordrhein-Westfalen", "landschl": "05", "regbezirk": "Köln", "regbezschl": "053", "kreis": "Rhein-Erft-Kreis", "kreisschl": "05362", "gemeinde": "Kerpen", "gmdschl": "05362032", "abwrecht": "Kein abweichender Rechtszustand", "lagebeztxt": "Hauptstraße 226", "tntxt": "Fläche gemischter Nutzung(funktion:Gebäude- und Freifläche Mischnutzung mit Wohnen);656", "area": 651, "other catc": 1, "frag area": 20.7, "final area": 20.7 }, "geometry": { "type": "MultiPolygon", "coordinates": [ [ [ [ 6.711659714491573, 50.909894569994258 ], [ 6.711631281301803, 50.909894187740363 ], [ 6.711626713976925, 50.909987288453884 ], [ 6.71165514796036, 50.909987655686265 ], [ 6.711659714491573, 50.909894569994258 ] ] ] ] } },
{ "type": "Feature", "properties": { "DN": 1, "gml_id": "DENW41AL30005bM2FL", "identifier": "urn:adv:oid:DENW41AL30005bM2FL", "aktualit_2": "2024-08-20Z", "idflurst": "DENW41AL30005bM2", "flaeche": 564.0, "flstkennz_": "05468202000047______", "flstnrzae": "47", "flstnrnen": null, "gemarkung": "Horrem", "gemaschl": "054682", "flur": "20", "flurschl": "054682020", "land": "Nordrhein-Westfalen", "landschl": "05", "regbezirk": "Köln", "regbezschl": "053", "kreis": "Rhein-Erft-Kreis", "kreisschl": "05362", "gemeinde": "Kerpen", "gmdschl": "05362032", "abwrecht": "Kein abweichender Rechtszustand", "lagebeztxt": "Hauptstraße 224", "tntxt": "Fläche gemischter Nutzung(funktion:Gebäude- und Freifläche Mischnutzung mit Wohnen);564", "area": 567, "other catc": 1, "frag area": 18.0, "final area": 18.0 }, "geometry": { "type": "MultiPolygon", "coordinates": [ [ [ [ 6.71165514796036, 50.909987655686265 ], [ 6.711626713976925, 50.909987288453884 ], [ 6.711622743424621, 50.910068224104705 ], [ 6.711651176674236, 50.910068607301056 ], [ 6.71165514796036, 50.909987655686265 ] ] ] ] } },
{ "type": "Feature", "properties": { "DN": 1, "gml_id": "DENW41AL30005VXFFL", "identifier": "urn:adv:oid:DENW41AL30005VXFFL", "aktualit_2": "2024-08-20Z", "idflurst": "DENW41AL30005VXF", "flaeche": 449.0, "flstkennz_": "05468201900129______", "flstnrzae": "129", "flstnrnen": null, "gemarkung": "Horrem", "gemaschl": "054682", "flur": "19", "flurschl": "054682019", "land": "Nordrhein-Westfalen", "landschl": "05", "regbezirk": "Köln", "regbezschl": "053", "kreis": "Rhein-Erft-Kreis", "kreisschl": "05362", "gemeinde": "Kerpen", "gmdschl": "05362032", "abwrecht": "Kein abweichender Rechtszustand", "lagebeztxt": "Sistenichstraße 62", "tntxt": "Wohnbaufläche;449", "area": 449, "other catc": 1, "frag area": 16.1, "final area": 16.1 }, "geometry": { "type": "MultiPolygon", "coordinates": [ [ [ [ 6.70955793661635, 50.909754765228719 ], [ 6.709561724711698, 50.909627159227611 ], [ 6.709524742628079, 50.909626762788406 ], [ 6.709524231102657, 50.909637180287731 ], [ 6.709538443302653, 50.909637459234069 ], [ 6.709537560891214, 50.90965543012998 ], [ 6.709551773096901, 50.909655709074777 ], [ 6.709547802258818, 50.909736578106347 ], [ 6.709533590028545, 50.909736299160755 ], [ 6.709532707612131, 50.909754270056297 ], [ 6.70955793661635, 50.909754765228719 ] ] ] ] } },
{ "type": "Feature", "properties": { "DN": 1, "gml_id": "DENW41AL30005VP8FL", "identifier": "urn:adv:oid:DENW41AL30005VP8FL", "aktualit_2": "2024-08-20Z", "idflurst": "DENW41AL30005VP8", "flaeche": 724.0, "flstkennz_": "05468202000053______", "flstnrzae": "53", "flstnrnen": null, "gemarkung": "Horrem", "gemaschl": "054682", "flur": "20", "flurschl": "054682020", "land": "Nordrhein-Westfalen", "landschl": "05", "regbezirk": "Köln", "regbezschl": "053", "kreis": "Rhein-Erft-Kreis", "kreisschl": "05362", "gemeinde": "Kerpen", "gmdschl": "05362032", "abwrecht": "Kein abweichender Rechtszustand", "lagebeztxt": "Hauptstraße 232", "tntxt": "Wohnbaufläche;724", "area": 716, "other catc": 1, "frag area": 43.0, "final area": 42.1 }, "geometry": { "type": "MultiPolygon", "coordinates": [ [ [ [ 6.711315851809848, 50.909654342994607 ], [ 6.711330064032858, 50.909654621722936 ], [ 6.711330504893575, 50.909645636263733 ], [ 6.711429990441848, 50.90964758731306 ], [ 6.711430431283218, 50.90963860185321 ], [ 6.711330945754068, 50.909636650804515 ], [ 6.711332268334189, 50.909609694426777 ], [ 6.711318056124838, 50.909609415698881 ], [ 6.711317615262292, 50.909618401158056 ], [ 6.71126076641622, 50.909617286228844 ], [ 6.711261207289693, 50.909608300770032 ], [ 6.711232782873478, 50.909607743295226 ], [ 6.711231901115378, 50.909625714212495 ], [ 6.711246113328837, 50.909625992950936 ], [ 6.711244790698187, 50.90965294932699 ], [ 6.711259002920067, 50.909653228063981 ], [ 6.711258249224008, 50.909668589129375 ], [ 6.711315048921791, 50.909670707046949 ], [ 6.711315851809848, 50.909654342994607 ] ] ] ] } },
{ "type": "Feature", "properties": { "DN": 1, "gml_id": "DENW41AL30005WpoFL", "identifier": "urn:adv:oid:DENW41AL30005WpoFL", "aktualit_2": "2024-08-20Z", "idflurst": "DENW41AL30005Wpo", "flaeche": 725.0, "flstkennz_": "054682019000340002__", "flstnrzae": "34", "flstnrnen": "2", "gemarkung": "Horrem", "gemaschl": "054682", "flur": "19", "flurschl": "054682019", "land": "Nordrhein-Westfalen", "landschl": "05", "regbezirk": "Köln", "regbezschl": "053", "kreis": "Rhein-Erft-Kreis", "kreisschl": "05362", "gemeinde": "Kerpen", "gmdschl": "05362032", "abwrecht": "Kein abweichender Rechtszustand", "lagebeztxt": "Hauptstraße 236", "tntxt": "Fläche gemischter Nutzung(funktion:Gebäude- und Freifläche Mischnutzung mit Wohnen);725", "area": 732, "other catc": 1, "frag area": 47.0, "final area": 47.0 }, "geometry": { "type": "MultiPolygon", "coordinates": [ [ [ [ 6.711531680110165, 50.909604610975194 ], [ 6.711532120931282, 50.909595625514662 ], [ 6.711546333138558, 50.909595904216431 ], [ 6.711546773956716, 50.909586918755792 ], [ 6.711603622777151, 50.909588033545269 ], [ 6.711607590032073, 50.909507164395507 ], [ 6.711593377851212, 50.909506885701525 ], [ 6.711593818658916, 50.909497900240446 ], [ 6.711579606481012, 50.90949762154483 ], [ 6.711580047291223, 50.909488636083822 ], [ 6.711565835116278, 50.909488357386564 ], [ 6.711565394303334, 50.90949734284748 ], [ 6.711551182125882, 50.909497064148404 ], [ 6.711548096409839, 50.909559962373756 ], [ 6.71153388421349, 50.909559683672313 ], [ 6.711533002572838, 50.909577654593519 ], [ 6.711518790371252, 50.909577375890187 ], [ 6.711517467900383, 50.909604332271599 ], [ 6.711531680110165, 50.909604610975194 ] ] ] ] } },
{ "type": "Feature", "properties": { "DN": 1, "gml_id": "DENW41AL30005barFL", "identifier": "urn:adv:oid:DENW41AL30005barFL", "aktualit_2": "2024-08-20Z", "idflurst": "DENW41AL30005bar", "flaeche": 734.0, "flstkennz_": "05468202000221______", "flstnrzae": "221", "flstnrnen": null, "gemarkung": "Horrem", "gemaschl": "054682", "flur": "20", "flurschl": "054682020", "land": "Nordrhein-Westfalen", "landschl": "05", "regbezirk": "Köln", "regbezschl": "053", "kreis": "Rhein-Erft-Kreis", "kreisschl": "05362", "gemeinde": "Kerpen", "gmdschl": "05362032", "abwrecht": "Kein abweichender Rechtszustand", "lagebeztxt": "Heinrich-Heine-Straße 2", "tntxt": "Wohnbaufläche;734", "area": 733, "other catc": 1, "frag area": 29.0, "final area": 28.4 }, "geometry": { "type": "MultiPolygon", "coordinates": [ [ [ [ 6.707416331311683, 50.909397918396245 ], [ 6.707423605870251, 50.909398061307805 ], [ 6.70742569227161, 50.909389108185273 ], [ 6.707402560818623, 50.909388653757603 ], [ 6.707402119205716, 50.909397639192534 ], [ 6.707373694994462, 50.909397080779918 ], [ 6.707373253375867, 50.909406066214636 ], [ 6.707359041267846, 50.90940578700566 ], [ 6.707358599646295, 50.909414772440293 ], [ 6.70733017542547, 50.909414214016948 ], [ 6.707328850543063, 50.9094411703202 ], [ 6.707385699018397, 50.909442287161035 ], [ 6.707385257401402, 50.909451272595788 ], [ 6.707411087444141, 50.909451780041749 ], [ 6.707414378163932, 50.909437659006372 ], [ 6.707416331311683, 50.909397918396245 ] ] ] ] } },
{ "type": "Feature", "properties": { "DN": 1, "gml_id": "DENW41AL30005ebsFL", "identifier": "urn:adv:oid:DENW41AL30005ebsFL", "aktualit_2": "2024-08-20Z", "idflurst": "DENW41AL30005ebs", "flaeche": 583.0, "flstkennz_": "05468202000220______", "flstnrzae": "220", "flstnrnen": null, "gemarkung": "Horrem", "gemaschl": "054682", "flur": "20", "flurschl": "054682020", "land": "Nordrhein-Westfalen", "landschl": "05", "regbezirk": "Köln", "regbezschl": "053", "kreis": "Rhein-Erft-Kreis", "kreisschl": "05362", "gemeinde": "Kerpen", "gmdschl": "05362032", "abwrecht": "Kein abweichender Rechtszustand", "lagebeztxt": "Hebbelstraße 10", "tntxt": "Wohnbaufläche;583", "area": 580, "other catc": 1, "frag area": 12.3, "final area": 11.7 }, "geometry": { "type": "MultiPolygon", "coordinates": [ [ [ [ 6.707857348234382, 50.909397587416137 ], [ 6.707786287685394, 50.909396191648689 ], [ 6.707786729224316, 50.909387206211349 ], [ 6.707737117159128, 50.909386231708275 ], [ 6.707733716979407, 50.909400951236826 ], [ 6.707777708757989, 50.9094050172491 ], [ 6.707856906708892, 50.909406572853918 ], [ 6.707857348234382, 50.909397587416137 ] ] ] ] } },
{ "type": "Feature", "properties": { "DN": 1, "gml_id": "DENW41AL30005ebsFL", "identifier": "urn:adv:oid:DENW41AL30005ebsFL", "aktualit_2": "2024-08-20Z", "idflurst": "DENW41AL30005ebs", "flaeche": 583.0, "flstkennz_": "05468202000220______", "flstnrzae": "220", "flstnrnen": null, "gemarkung": "Horrem", "gemaschl": "054682", "flur": "20", "flurschl": "054682020", "land": "Nordrhein-Westfalen", "landschl": "05", "regbezirk": "Köln", "regbezschl": "053", "kreis": "Rhein-Erft-Kreis", "kreisschl": "05362", "gemeinde": "Kerpen", "gmdschl": "05362032", "abwrecht": "Kein abweichender Rechtszustand", "lagebeztxt": "Hebbelstraße 10", "tntxt": "Wohnbaufläche;583", "area": 580, "other catc": 1, "frag area": 23.6, "final area": 23.6 }, "geometry": { "type": "MultiPolygon", "coordinates": [ [ [ [ 6.707937891872934, 50.909408163507493 ], [ 6.707943348011378, 50.909384464367058 ], [ 6.707944828442727, 50.909354335088246 ], [ 6.707916404247056, 50.909353776808075 ], [ 6.707916845760259, 50.909344791369854 ], [ 6.707902633665496, 50.909344512227264 ], [ 6.70790219214956, 50.909353497665414 ], [ 6.70788798005229, 50.909353218521005 ], [ 6.707886213975359, 50.909389160273044 ], [ 6.707872001867387, 50.909388881126567 ], [ 6.707871560344857, 50.909397866564447 ], [ 6.707914196677643, 50.909398703998988 ], [ 6.707913755163081, 50.909407689437124 ], [ 6.707937891872934, 50.909408163507493 ] ] ] ] } },
{ "type": "Feature", "properties": { "DN": 1, "gml_id": "DENW41AL30005bKXFL", "identifier": "urn:adv:oid:DENW41AL30005bKXFL", "aktualit_2": "2024-08-20Z", "idflurst": "DENW41AL30005bKX", "flaeche": 874.0, "flstkennz_": "05468201900369______", "flstnrzae": "369", "flstnrnen": null, "gemarkung": "Horrem", "gemaschl": "054682", "flur": "19", "flurschl": "054682019", "land": "Nordrhein-Westfalen", "landschl": "05", "regbezirk": "Köln", "regbezschl": "053", "kreis": "Rhein-Erft-Kreis", "kreisschl": "05362", "gemeinde": "Kerpen", "gmdschl": "05362032", "abwrecht": "Kein abweichender Rechtszustand", "lagebeztxt": "Merodestraße 4 a", "tntxt": "Wohnbaufläche;874", "area": 873, "other catc": 1, "frag area": 14.0, "final area": 14.0 }, "geometry": { "type": "MultiPolygon", "coordinates": [ [ [ [ 6.711089234862787, 50.909344098780565 ], [ 6.71109011666698, 50.909326127864219 ], [ 6.710990631827537, 50.909324176534099 ], [ 6.7109897499851, 50.909342147449209 ], [ 6.711089234862787, 50.909344098780565 ] ] ] ] } },
{ "type": "Feature", "properties": { "DN": 1, "gml_id": "DENW41AL30005barFL", "identifier": "urn:adv:oid:DENW41AL30005barFL", "aktualit_2": "2024-08-20Z", "idflurst": "DENW41AL30005bar", "flaeche": 734.0, "flstkennz_": "05468202000221______", "flstnrzae": "221", "flstnrnen": null, "gemarkung": "Horrem", "gemaschl": "054682", "flur": "20", "flurschl": "054682020", "land": "Nordrhein-Westfalen", "landschl": "05", "regbezirk": "Köln", "regbezschl": "053", "kreis": "Rhein-Erft-Kreis", "kreisschl": "05362", "gemeinde": "Kerpen", "gmdschl": "05362032", "abwrecht": "Kein abweichender Rechtszustand", "lagebeztxt": "Heinrich-Heine-Straße 2", "tntxt": "Wohnbaufläche;734", "area": 733, "other catc": 1, "frag area": 34.9, "final area": 34.9 }, "geometry": { "type": "MultiPolygon", "coordinates": [ [ [ [ 6.707479803702748, 50.909264253661433 ], [ 6.7074802452986, 50.909255268225813 ], [ 6.70749445736199, 50.909255547419463 ], [ 6.707496421176339, 50.909215588118705 ], [ 6.707453938206684, 50.909211633642897 ], [ 6.707453145975087, 50.909227753526878 ], [ 6.707438933920571, 50.909227474328311 ], [ 6.707439375523713, 50.909218488892897 ], [ 6.707425163472154, 50.909218209692689 ], [ 6.707424280260181, 50.909236180563333 ], [ 6.707410068203386, 50.909235901361228 ], [ 6.707410951420823, 50.909217930490748 ], [ 6.707396739369718, 50.909217651287086 ], [ 6.70739629775838, 50.909226636722245 ], [ 6.707382085704769, 50.909226357516751 ], [ 6.707382527318837, 50.909217372081692 ], [ 6.707354103217759, 50.909216813665715 ], [ 6.707353661598227, 50.909225799100604 ], [ 6.707367873651386, 50.909226078309544 ], [ 6.707366548799626, 50.909253034614387 ], [ 6.707451821172498, 50.909254709833327 ], [ 6.707451379571182, 50.909263695268777 ], [ 6.707479803702748, 50.909264253661433 ] ], [ [ 6.707467358029828, 50.909228032723739 ], [ 6.707466916431923, 50.90923701815931 ], [ 6.70745270437445, 50.909236738962385 ], [ 6.707453145975087, 50.909227753526878 ], [ 6.707467358029828, 50.909228032723739 ] ], [ [ 6.707452262773588, 50.90924572439787 ], [ 6.707438050713608, 50.909245445199119 ], [ 6.707438492317203, 50.909236459763733 ], [ 6.70745270437445, 50.909236738962385 ], [ 6.707452262773588, 50.90924572439787 ] ] ] ] } },
{ "type": "Feature", "properties": { "DN": 1, "gml_id": "DENW41AL30005UNgFL", "identifier": "urn:adv:oid:DENW41AL30005UNgFL", "aktualit_2": "2024-08-20Z", "idflurst": "DENW41AL30005UNg", "flaeche": 349.0, "flstkennz_": "05468201900380______", "flstnrzae": "380", "flstnrnen": null, "gemarkung": "Horrem", "gemaschl": "054682", "flur": "19", "flurschl": "054682019", "land": "Nordrhein-Westfalen", "landschl": "05", "regbezirk": "Köln", "regbezschl": "053", "kreis": "Rhein-Erft-Kreis", "kreisschl": "05362", "gemeinde": "Kerpen", "gmdschl": "05362032", "abwrecht": "Kein abweichender Rechtszustand", "lagebeztxt": "Sistenichstraße 75 a", "tntxt": "Wohnbaufläche;349", "area": 350, "other catc": 1, "frag area": 45.9, "final area": 45.9 }, "geometry": { "type": "MultiPolygon", "coordinates": [ [ [ [ 6.710463019484344, 50.909349802770357 ], [ 6.710477231606152, 50.90935008160131 ], [ 6.71047767262628, 50.909341096146996 ], [ 6.710491884745583, 50.909341374976137 ], [ 6.710492325762752, 50.909332389521701 ], [ 6.710506537879549, 50.909332668349023 ], [ 6.710506978893761, 50.909323682894502 ], [ 6.710521191008052, 50.909323961719998 ], [ 6.71052471909176, 50.909252078082453 ], [ 6.710538931184423, 50.909252356905512 ], [ 6.710537608162923, 50.909279313269984 ], [ 6.710550276715428, 50.909279561809399 ], [ 6.710551532145232, 50.909273126140924 ], [ 6.710552341155994, 50.909268978934648 ], [ 6.710553822291667, 50.909238800809298 ], [ 6.710488823306852, 50.909233385631623 ], [ 6.710454540677819, 50.909232713032551 ], [ 6.710454099654941, 50.909241698486895 ], [ 6.710496735922022, 50.909242534976549 ], [ 6.710496294907113, 50.909251520431148 ], [ 6.710510506999324, 50.909251799257667 ], [ 6.710509183961432, 50.909278755621607 ], [ 6.710480759760846, 50.909278197966302 ], [ 6.710479877723528, 50.909296168875159 ], [ 6.71046566561811, 50.909295890044731 ], [ 6.710463901529836, 50.909331831861884 ], [ 6.710435477297825, 50.909331274195146 ], [ 6.710434154212855, 50.909358230557316 ], [ 6.710462578461258, 50.909358788224587 ], [ 6.710463019484344, 50.909349802770357 ] ] ] ] } },
{ "type": "Feature", "properties": { "DN": 1, "gml_id": "DENW41AL30005UutFL", "identifier": "urn:adv:oid:DENW41AL30005UutFL", "aktualit_2": "2024-08-20Z", "idflurst": "DENW41AL30005Uut", "flaeche": 686.0, "flstkennz_": "05468201900274______", "flstnrzae": "274", "flstnrnen": null, "gemarkung": "Horrem", "gemaschl": "054682", "flur": "19", "flurschl": "054682019", "land": "Nordrhein-Westfalen", "landschl": "05", "regbezirk": "Köln", "regbezschl": "053", "kreis": "Rhein-Erft-Kreis", "kreisschl": "05362", "gemeinde": "Kerpen", "gmdschl": "05362032", "abwrecht": "Kein abweichender Rechtszustand", "lagebeztxt": "Hauptstraße 240", "tntxt": "Wohnbaufläche;686", "area": 682, "other catc": 1, "frag area": 128.7, "final area": 128.7 }, "geometry": { "type": "MultiPolygon", "coordinates": [ [ [ [ 6.711233223752189, 50.909598757836569 ], [ 6.711247435957452, 50.90959903657474 ], [ 6.711247876833206, 50.90959005111597 ], [ 6.711262089035963, 50.909590329852321 ], [ 6.711261648162942, 50.909599315311183 ], [ 6.711275860368657, 50.909599594045908 ], [ 6.711278505587007, 50.909545681291995 ], [ 6.711292717776557, 50.909545960024445 ], [ 6.711294922105311, 50.909501032728606 ], [ 6.71128070992942, 50.90950075399661 ], [ 6.711282032532155, 50.909473797619171 ], [ 6.711296244699851, 50.909474076350918 ], [ 6.711296685564246, 50.909465090891651 ], [ 6.711310897729436, 50.909465369621586 ], [ 6.711311779452084, 50.909447398702824 ], [ 6.711283355132858, 50.909446841241582 ], [ 6.71128423686553, 50.909428870323111 ], [ 6.711270024711719, 50.909428591590078 ], [ 6.711270906448951, 50.909410620671721 ], [ 6.71125669430083, 50.909410341937139 ], [ 6.711257135171839, 50.909401356478021 ], [ 6.711242923026676, 50.909401077741798 ], [ 6.711243804773479, 50.90938310682369 ], [ 6.711258016913179, 50.909383385559735 ], [ 6.711258457783511, 50.909374400100567 ], [ 6.711272669920705, 50.909374678834801 ], [ 6.711273551655227, 50.909356707916231 ], [ 6.711287763787182, 50.909356986648554 ], [ 6.711289527242586, 50.909321044810874 ], [ 6.711275315121557, 50.909320766078913 ], [ 6.711277078584273, 50.909284824241325 ], [ 6.711262866474399, 50.909284545507973 ], [ 6.711265070811368, 50.909239618211068 ], [ 6.711236646619612, 50.909239060740077 ], [ 6.711234883128633, 50.90927500257694 ], [ 6.711249095235325, 50.909275281313654 ], [ 6.711247772622915, 50.909302237691371 ], [ 6.711233560508026, 50.909301958954408 ], [ 6.711233119634039, 50.909310944413527 ], [ 6.711247331751657, 50.909311223150588 ], [ 6.711246450008469, 50.90932919406896 ], [ 6.711232237885386, 50.90932891533172 ], [ 6.711232678759825, 50.90931992987263 ], [ 6.7112184666397, 50.909319651133757 ], [ 6.711214939616005, 50.909391534805302 ], [ 6.711229151757985, 50.909391813544886 ], [ 6.711228270005265, 50.909409784462781 ], [ 6.711214057857822, 50.909409505723012 ], [ 6.711212735218853, 50.909436462099457 ], [ 6.711226947374492, 50.909436740839489 ], [ 6.711226065619514, 50.90945471175722 ], [ 6.711240277780841, 50.909454990495718 ], [ 6.711239836905745, 50.909463975954637 ], [ 6.711254049070032, 50.909464254691486 ], [ 6.711252726451582, 50.909491211068435 ], [ 6.711238514279101, 50.90949093233133 ], [ 6.711234546386967, 50.909571801460473 ], [ 6.711220334190125, 50.909571522720832 ], [ 6.711219452428368, 50.909589493638059 ], [ 6.711205240226288, 50.909589214896528 ], [ 6.711204668647754, 50.909600863981993 ], [ 6.711233041814633, 50.909602465869163 ], [ 6.711233223752189, 50.909598757836569 ] ], [ [ 6.71123135613583, 50.90934688624985 ], [ 6.711245568264376, 50.909347164987267 ], [ 6.711244245646543, 50.909374121364614 ], [ 6.711230033509801, 50.90937384262692 ], [ 6.71123135613583, 50.90934688624985 ] ], [ [ 6.711260221262576, 50.90933845826374 ], [ 6.711274433388844, 50.909338736997604 ], [ 6.711273992522147, 50.909347722456928 ], [ 6.711259780393149, 50.909347443722957 ], [ 6.711260221262576, 50.90933845826374 ] ] ] ] } },
{ "type": "Feature", "properties": { "DN": 1, "gml_id": "DENW41AL30005UutFL", "identifier": "urn:adv:oid:DENW41AL30005UutFL", "aktualit_2": "2024-08-20Z", "idflurst": "DENW41AL30005Uut", "flaeche": 686.0, "flstkennz_": "05468201900274______", "flstnrzae": "274", "flstnrnen": null, "gemarkung": "Horrem", "gemaschl": "054682", "flur": "19", "flurschl": "054682019", "land": "Nordrhein-Westfalen", "landschl": "05", "regbezirk": "Köln", "regbezschl": "053", "kreis": "Rhein-Erft-Kreis", "kreisschl": "05362", "gemeinde": "Kerpen", "gmdschl": "05362032", "abwrecht": "Kein abweichender Rechtszustand", "lagebeztxt": "Hauptstraße 240", "tntxt": "Wohnbaufläche;686", "area": 682, "other catc": 1, "frag area": 18.0, "final area": 18.0 }, "geometry": { "type": "MultiPolygon", "coordinates": [ [ [ [ 6.711309029675584, 50.909213498025416 ], [ 6.711309470533427, 50.90920451256568 ], [ 6.711323682619396, 50.909204791293035 ], [ 6.711324564328941, 50.9091868203733 ], [ 6.711338776409671, 50.909187099098752 ], [ 6.711339217261373, 50.909178113638774 ], [ 6.711296581028055, 50.909177277457502 ], [ 6.711297021887726, 50.909168291997773 ], [ 6.711254385664637, 50.909167455801217 ], [ 6.71125394479677, 50.909176441260676 ], [ 6.711268156873639, 50.909176719994676 ], [ 6.711266834276878, 50.909203676373231 ], [ 6.711281046362169, 50.909203955105767 ], [ 6.711280605498863, 50.90921294056534 ], [ 6.711309029675584, 50.909213498025416 ] ] ] ] } },
{ "type": "Feature", "properties": { "DN": 1, "gml_id": "DENW41AL30005fMQFL", "identifier": "urn:adv:oid:DENW41AL30005fMQFL", "aktualit_2": "2024-08-20Z", "idflurst": "DENW41AL30005fMQ", "flaeche": 347.0, "flstkennz_": "05468201900339______", "flstnrzae": "339", "flstnrnen": null, "gemarkung": "Horrem", "gemaschl": "054682", "flur": "19", "flurschl": "054682019", "land": "Nordrhein-Westfalen", "landschl": "05", "regbezirk": "Köln", "regbezschl": "053", "kreis": "Rhein-Erft-Kreis", "kreisschl": "05362", "gemeinde": "Kerpen", "gmdschl": "05362032", "abwrecht": "Kein abweichender Rechtszustand", "lagebeztxt": "Merodestraße 10", "tntxt": "Wohnbaufläche;347", "area": 345, "other catc": 1, "frag area": 20.0, "final area": 20.0 }, "geometry": { "type": "MultiPolygon", "coordinates": [ [ [ [ 6.710571765372768, 50.909163059995358 ], [ 6.710573088369062, 50.909136103629706 ], [ 6.710558876311461, 50.909135824811258 ], [ 6.710559758313325, 50.909117853900909 ], [ 6.710545546261413, 50.909117575080913 ], [ 6.710544664254086, 50.90913554599107 ], [ 6.710530452196935, 50.909135267169169 ], [ 6.710530011190202, 50.909144252624138 ], [ 6.710473162952934, 50.909143137318864 ], [ 6.710473603970596, 50.909134151864251 ], [ 6.710445179858782, 50.909133594201421 ], [ 6.710444738835657, 50.909142579655857 ], [ 6.710458950894183, 50.909142858488224 ], [ 6.710458509873564, 50.909151843942738 ], [ 6.710501146058692, 50.909152680429735 ], [ 6.710500705046041, 50.909161665884497 ], [ 6.710571765372768, 50.909163059995358 ] ] ] ] } },
{ "type": "Feature", "properties": { "DN": 1, "gml_id": "DENW41AL30005RTWFL", "identifier": "urn:adv:oid:DENW41AL30005RTWFL", "aktualit_2": "2024-08-20Z", "idflurst": "DENW41AL30005RTW", "flaeche": 442.0, "flstkennz_": "05468201900357______", "flstnrzae": "357", "flstnrnen": null, "gemarkung": "Horrem", "gemaschl": "054682", "flur": "19", "flurschl": "054682019", "land": "Nordrhein-Westfalen", "landschl": "05", "regbezirk": "Köln", "regbezschl": "053", "kreis": "Rhein-Erft-Kreis", "kreisschl": "05362", "gemeinde": "Kerpen", "gmdschl": "05362032", "abwrecht": "Kein abweichender Rechtszustand", "lagebeztxt": "Merodestraße 2", "tntxt": "Wohnbaufläche;442", "area": 441, "other catc": 1, "frag area": 84.2, "final area": 82.8 }, "geometry": { "type": "MultiPolygon", "coordinates": [ [ [ [ 6.711072715038743, 50.909100933894358 ], [ 6.711064032713276, 50.909100763598019 ], [ 6.711061164175093, 50.909118695546624 ], [ 6.711071833234922, 50.909118904811194 ], [ 6.711071392332672, 50.909127890269581 ], [ 6.711099816453444, 50.909128447779928 ], [ 6.711098666725253, 50.909151879171922 ], [ 6.711168698710276, 50.909156781125304 ], [ 6.711226402390144, 50.909157912868892 ], [ 6.711226260233834, 50.909160810165076 ], [ 6.71123117967351, 50.909161154501689 ], [ 6.711244418417947, 50.909080662276629 ], [ 6.711246345755384, 50.909041380632594 ], [ 6.711232133719943, 50.909041101896456 ], [ 6.711229929366845, 50.909086029193894 ], [ 6.711215717317972, 50.909085750455588 ], [ 6.711215276443943, 50.909094735914927 ], [ 6.711201064392565, 50.909094457174803 ], [ 6.711200623515578, 50.909103442634049 ], [ 6.711143775301392, 50.90910232765593 ], [ 6.711144216189306, 50.909093342197039 ], [ 6.711101580039235, 50.909092505945544 ], [ 6.711102020935116, 50.909083520486931 ], [ 6.711087808888276, 50.90908324173305 ], [ 6.711088249786664, 50.909074256274472 ], [ 6.711068335516001, 50.909073865674827 ], [ 6.711065466981459, 50.909091797623667 ], [ 6.711073155940317, 50.909091948435915 ], [ 6.711072715038743, 50.909100933894358 ] ] ] ] } },
{ "type": "Feature", "properties": { "DN": 1, "gml_id": "DENW41AL30005fxgFL", "identifier": "urn:adv:oid:DENW41AL30005fxgFL", "aktualit_2": "2024-08-20Z", "idflurst": "DENW41AL30005fxg", "flaeche": 432.0, "flstkennz_": "05468201900356______", "flstnrzae": "356", "flstnrnen": null, "gemarkung": "Horrem", "gemaschl": "054682", "flur": "19", "flurschl": "054682019", "land": "Nordrhein-Westfalen", "landschl": "05", "regbezirk": "Köln", "regbezschl": "053", "kreis": "Rhein-Erft-Kreis", "kreisschl": "05362", "gemeinde": "Kerpen", "gmdschl": "05362032", "abwrecht": "Kein abweichender Rechtszustand", "lagebeztxt": "Merodestraße 4", "tntxt": "Wohnbaufläche;432", "area": 431, "other catc": 1, "frag area": 43.7, "final area": 43.7 }, "geometry": { "type": "MultiPolygon", "coordinates": [ [ [ [ 6.710925744297692, 50.909196986273571 ], [ 6.710926185229068, 50.909188000816194 ], [ 6.710940397306204, 50.90918827959014 ], [ 6.710940838234621, 50.90917929413267 ], [ 6.71095505030925, 50.909179572904797 ], [ 6.710955491234712, 50.909170587447214 ], [ 6.710969703306836, 50.909170866217522 ], [ 6.710970144229337, 50.909161880759839 ], [ 6.710955932159945, 50.909161601989616 ], [ 6.710958577706602, 50.90910768924369 ], [ 6.710944365653826, 50.909107410472267 ], [ 6.7109456884323, 50.909080454099346 ], [ 6.710974112521688, 50.909081011639913 ], [ 6.710974553441931, 50.909072026182052 ], [ 6.710988765484231, 50.90907230494966 ], [ 6.710988324566721, 50.909081290407613 ], [ 6.711059384795274, 50.909082684220145 ], [ 6.711058943891195, 50.90909166967851 ], [ 6.711065466981459, 50.909091797623667 ], [ 6.711068335516001, 50.909073865674827 ], [ 6.711017189569511, 50.909072862479682 ], [ 6.711017630481333, 50.909063877021545 ], [ 6.710932358244595, 50.909062204411264 ], [ 6.710930153601276, 50.909107131699116 ], [ 6.710915941548952, 50.909106852924246 ], [ 6.710915500616879, 50.90911583838168 ], [ 6.710929712671934, 50.909116117156643 ], [ 6.710928389882555, 50.909143073529094 ], [ 6.710914177819304, 50.909142794753869 ], [ 6.71091153221805, 50.909196707497813 ], [ 6.710925744297692, 50.909196986273571 ] ] ], [ [ [ 6.711058502986892, 50.909100655136868 ], [ 6.711057621177606, 50.90911862605352 ], [ 6.711061164175093, 50.909118695546624 ], [ 6.711064032713276, 50.909100763598019 ], [ 6.711058502986892, 50.909100655136868 ] ] ] ] } },
{ "type": "Feature", "properties": { "DN": 1, "gml_id": "DENW41AL30005av7FL", "identifier": "urn:adv:oid:DENW41AL30005av7FL", "aktualit_2": "2024-08-20Z", "idflurst": "DENW41AL30005av7", "flaeche": 342.0, "flstkennz_": "05468201900303______", "flstnrzae": "303", "flstnrnen": null, "gemarkung": "Horrem", "gemaschl": "054682", "flur": "19", "flurschl": "054682019", "land": "Nordrhein-Westfalen", "landschl": "05", "regbezirk": "Köln", "regbezschl": "053", "kreis": "Rhein-Erft-Kreis", "kreisschl": "05362", "gemeinde": "Kerpen", "gmdschl": "05362032", "abwrecht": "Kein abweichender Rechtszustand", "lagebeztxt": "Heinrich-Heine-Straße 5", "tntxt": "Wohnbaufläche;342", "area": 342, "other catc": 1, "frag area": 12.0, "final area": 12.0 }, "geometry": { "type": "MultiPolygon", "coordinates": [ [ [ [ 6.707592535373809, 50.908996644886628 ], [ 6.70759297694375, 50.908987659449878 ], [ 6.707578764960955, 50.908987380269274 ], [ 6.707579206533401, 50.908978394832602 ], [ 6.707550782573951, 50.90897783646637 ], [ 6.707551224151636, 50.908968851029847 ], [ 6.707494376246378, 50.908967734276999 ], [ 6.70749349306893, 50.908985705149306 ], [ 6.707564552978384, 50.908987101086929 ], [ 6.70756411140298, 50.908996086523501 ], [ 6.707592535373809, 50.908996644886628 ] ] ] ] } },
{ "type": "Feature", "properties": { "DN": 1, "gml_id": "DENW41AL30005UutFL", "identifier": "urn:adv:oid:DENW41AL30005UutFL", "aktualit_2": "2024-08-20Z", "idflurst": "DENW41AL30005Uut", "flaeche": 686.0, "flstkennz_": "05468201900274______", "flstnrzae": "274", "flstnrnen": null, "gemarkung": "Horrem", "gemaschl": "054682", "flur": "19", "flurschl": "054682019", "land": "Nordrhein-Westfalen", "landschl": "05", "regbezirk": "Köln", "regbezschl": "053", "kreis": "Rhein-Erft-Kreis", "kreisschl": "05362", "gemeinde": "Kerpen", "gmdschl": "05362032", "abwrecht": "Kein abweichender Rechtszustand", "lagebeztxt": "Hauptstraße 240", "tntxt": "Wohnbaufläche;686", "area": 682, "other catc": 1, "frag area": 15.1, "final area": 15.1 }, "geometry": { "type": "MultiPolygon", "coordinates": [ [ [ [ 6.711361805427111, 50.909007668617981 ], [ 6.711362119861997, 50.909001259686221 ], [ 6.711357752758607, 50.908998595032365 ], [ 6.711348034247973, 50.908998404435721 ], [ 6.711348307646551, 50.908992831953519 ], [ 6.711342644639663, 50.908989376582646 ], [ 6.711342031616308, 50.908989292607309 ], [ 6.711305839033713, 50.908988582799722 ], [ 6.711306046065462, 50.908984363100345 ], [ 6.711265403718867, 50.908978795664289 ], [ 6.711263643837651, 50.908978761148667 ], [ 6.711262321247606, 50.909005717528061 ], [ 6.711361805427111, 50.909007668617981 ] ] ] ] } },
{ "type": "Feature", "properties": { "DN": 1, "gml_id": "DENW41AL30005av7FL", "identifier": "urn:adv:oid:DENW41AL30005av7FL", "aktualit_2": "2024-08-20Z", "idflurst": "DENW41AL30005av7", "flaeche": 342.0, "flstkennz_": "05468201900303______", "flstnrzae": "303", "flstnrnen": null, "gemarkung": "Horrem", "gemaschl": "054682", "flur": "19", "flurschl": "054682019", "land": "Nordrhein-Westfalen", "landschl": "05", "regbezirk": "Köln", "regbezschl": "053", "kreis": "Rhein-Erft-Kreis", "kreisschl": "05362", "gemeinde": "Kerpen", "gmdschl": "05362032", "abwrecht": "Kein abweichender Rechtszustand", "lagebeztxt": "Heinrich-Heine-Straße 5", "tntxt": "Wohnbaufläche;342", "area": 342, "other catc": 1, "frag area": 17.0, "final area": 17.0 }, "geometry": { "type": "MultiPolygon", "coordinates": [ [ [ [ 6.70753833691487, 50.908941615534857 ], [ 6.70753877849438, 50.90893263009837 ], [ 6.70756720242606, 50.908933188467174 ], [ 6.707568527146843, 50.908906232157051 ], [ 6.707554315189086, 50.90890595297379 ], [ 6.707554756764958, 50.908896967537146 ], [ 6.707540544810158, 50.908896688352243 ], [ 6.707540986388537, 50.908887702915649 ], [ 6.707526774436695, 50.908887423729105 ], [ 6.707526332855585, 50.9088964091656 ], [ 6.707512120901236, 50.908896129977244 ], [ 6.707510796148353, 50.908923086286329 ], [ 6.707525008110895, 50.908923365474955 ], [ 6.707524566528879, 50.908932350911371 ], [ 6.707510354563604, 50.90893207172266 ], [ 6.707509912978631, 50.908941057158962 ], [ 6.70753833691487, 50.908941615534857 ] ] ] ] } },
{ "type": "Feature", "properties": { "DN": 1, "gml_id": "DENW41AL30005cwPFL", "identifier": "urn:adv:oid:DENW41AL30005cwPFL", "aktualit_2": "2024-08-20Z", "idflurst": "DENW41AL30005cwP", "flaeche": 668.0, "flstkennz_": "05468201900366______", "flstnrzae": "366", "flstnrnen": null, "gemarkung": "Horrem", "gemaschl": "054682", "flur": "19", "flurschl": "054682019", "land": "Nordrhein-Westfalen", "landschl": "05", "regbezirk": "Köln", "regbezschl": "053", "kreis": "Rhein-Erft-Kreis", "kreisschl": "05362", "gemeinde": "Kerpen", "gmdschl": "05362032", "abwrecht": "Kein abweichender Rechtszustand", "lagebeztxt": "Merodestraße 14", "tntxt": "Wohnbaufläche;668", "area": 666, "other catc": 1, "frag area": 15.0, "final area": 15.0 }, "geometry": { "type": "MultiPolygon", "coordinates": [ [ [ [ 6.710012546143187, 50.908963211410082 ], [ 6.7100129872467, 50.908954225958077 ], [ 6.709998775250042, 50.90895394707217 ], [ 6.709999657461857, 50.908935976168294 ], [ 6.709985445470888, 50.908935697280825 ], [ 6.709985004362362, 50.908944682732681 ], [ 6.709942368382617, 50.908943846059636 ], [ 6.709942809499338, 50.908934860608049 ], [ 6.709928597509274, 50.90893458171368 ], [ 6.70992815638982, 50.908943567165174 ], [ 6.70991394439725, 50.908943288268972 ], [ 6.709913062152204, 50.908961259171747 ], [ 6.710012546143187, 50.908963211410082 ] ] ] ] } },
{ "type": "Feature", "properties": { "DN": 1, "gml_id": "DENW41AL30005aY7FL", "identifier": "urn:adv:oid:DENW41AL30005aY7FL", "aktualit_2": "2024-08-20Z", "idflurst": "DENW41AL30005aY7", "flaeche": 498.0, "flstkennz_": "05468201900334______", "flstnrzae": "334", "flstnrnen": null, "gemarkung": "Horrem", "gemaschl": "054682", "flur": "19", "flurschl": "054682019", "land": "Nordrhein-Westfalen", "landschl": "05", "regbezirk": "Köln", "regbezschl": "053", "kreis": "Rhein-Erft-Kreis", "kreisschl": "05362", "gemeinde": "Kerpen", "gmdschl": "05362032", "abwrecht": "Kein abweichender Rechtszustand", "lagebeztxt": "Heinrich-Heine-Straße 1", "tntxt": "Wohnbaufläche;498", "area": 499, "other catc": 1, "frag area": 32.0, "final area": 32.0 }, "geometry": { "type": "MultiPolygon", "coordinates": [ [ [ [ 6.707949601090777, 50.908967682086249 ], [ 6.707950042591521, 50.908958696647211 ], [ 6.707964254569272, 50.908958975782518 ], [ 6.707966020559057, 50.908923034025854 ], [ 6.707994444493386, 50.908923592290563 ], [ 6.707994885984804, 50.908914606851177 ], [ 6.708009097949576, 50.908914885980856 ], [ 6.708009539438036, 50.908905900541356 ], [ 6.708023751400303, 50.908906179669216 ], [ 6.708024192885803, 50.908897194229624 ], [ 6.708009980926269, 50.908896915101849 ], [ 6.708010422414275, 50.908887929662335 ], [ 6.707996210457697, 50.908887650532925 ], [ 6.707995768966959, 50.908896635972354 ], [ 6.707981557007876, 50.908896356841133 ], [ 6.70798111551418, 50.908905342280455 ], [ 6.70795269159123, 50.908904784012641 ], [ 6.707952250091845, 50.908913769451786 ], [ 6.707938038127977, 50.908913490315193 ], [ 6.707937596625634, 50.908922475754224 ], [ 6.707894960727193, 50.908921638333808 ], [ 6.707893636194219, 50.908948594650006 ], [ 6.707907848168334, 50.908948873792134 ], [ 6.707907406659622, 50.908957859230924 ], [ 6.707935830613995, 50.908958417510178 ], [ 6.70793538911052, 50.908967402949116 ], [ 6.707949601090777, 50.908967682086249 ] ] ] ] } },
{ "type": "Feature", "properties": { "DN": 1, "gml_id": "DENW41AL30005hvIFL", "identifier": "urn:adv:oid:DENW41AL30005hvIFL", "aktualit_2": "2024-08-20Z", "idflurst": "DENW41AL30005hvI", "flaeche": 409.0, "flstkennz_": "05468201900360______", "flstnrzae": "360", "flstnrnen": null, "gemarkung": "Horrem", "gemaschl": "054682", "flur": "19", "flurschl": "054682019", "land": "Nordrhein-Westfalen", "landschl": "05", "regbezirk": "Köln", "regbezschl": "053", "kreis": "Rhein-Erft-Kreis", "kreisschl": "05362", "gemeinde": "Kerpen", "gmdschl": "05362032", "abwrecht": "Kein abweichender Rechtszustand", "lagebeztxt": "Heinrich-Heine-Straße 5 a", "tntxt": "Wohnbaufläche;409", "area": 409, "other catc": 1, "frag area": 15.0, "final area": 15.0 }, "geometry": { "type": "MultiPolygon", "coordinates": [ [ [ [ 6.707354906189886, 50.908911029661915 ], [ 6.70735534780423, 50.908902044226537 ], [ 6.707397983668678, 50.908902881843751 ], [ 6.707398866880297, 50.908884910972397 ], [ 6.707384654930718, 50.908884631768558 ], [ 6.707385538146894, 50.908866660897317 ], [ 6.707371326203004, 50.908866381691929 ], [ 6.707371767813484, 50.90885739625638 ], [ 6.707357555872552, 50.908857117049351 ], [ 6.707356672645902, 50.908875087920279 ], [ 6.707342460699734, 50.908874808711346 ], [ 6.707340694232792, 50.908910750452634 ], [ 6.707354906189886, 50.908911029661915 ] ] ] ] } },
{ "type": "Feature", "properties": { "DN": 1, "gml_id": "DENW41AL30005aY7FL", "identifier": "urn:adv:oid:DENW41AL30005aY7FL", "aktualit_2": "2024-08-20Z", "idflurst": "DENW41AL30005aY7", "flaeche": 498.0, "flstkennz_": "05468201900334______", "flstnrzae": "334", "flstnrnen": null, "gemarkung": "Horrem", "gemaschl": "054682", "flur": "19", "flurschl": "054682019", "land": "Nordrhein-Westfalen", "landschl": "05", "regbezirk": "Köln", "regbezschl": "053", "kreis": "Rhein-Erft-Kreis", "kreisschl": "05362", "gemeinde": "Kerpen", "gmdschl": "05362032", "abwrecht": "Kein abweichender Rechtszustand", "lagebeztxt": "Heinrich-Heine-Straße 1", "tntxt": "Wohnbaufläche;498", "area": 499, "other catc": 1, "frag area": 22.0, "final area": 22.0 }, "geometry": { "type": "MultiPolygon", "coordinates": [ [ [ [ 6.707996210457697, 50.908887650532925 ], [ 6.707997093438496, 50.908869679654003 ], [ 6.707982881487609, 50.908869400523045 ], [ 6.707984647457415, 50.908833458765358 ], [ 6.707956223578173, 50.908832900498965 ], [ 6.707955782080598, 50.908841885938223 ], [ 6.707941570138583, 50.908841606802355 ], [ 6.707942011638891, 50.908832621363167 ], [ 6.707927799699834, 50.908832342225658 ], [ 6.70792691669353, 50.908850313103827 ], [ 6.707912704749237, 50.908850033964391 ], [ 6.707911821736564, 50.908868004842319 ], [ 6.707940245636303, 50.908868563119789 ], [ 6.707939804135091, 50.908877548558912 ], [ 6.70798243999459, 50.908878385962424 ], [ 6.707981998501347, 50.908887371401782 ], [ 6.707996210457697, 50.908887650532925 ] ] ] ] } },
{ "type": "Feature", "properties": { "DN": 1, "gml_id": "DENW41AL30005Tu9FL", "identifier": "urn:adv:oid:DENW41AL30005Tu9FL", "aktualit_2": "2024-08-20Z", "idflurst": "DENW41AL30005Tu9", "flaeche": 1326.0, "flstkennz_": "05468201900385______", "flstnrzae": "385", "flstnrnen": null, "gemarkung": "Horrem", "gemaschl": "054682", "flur": "19", "flurschl": "054682019", "land": "Nordrhein-Westfalen", "landschl": "05", "regbezirk": "Köln", "regbezschl": "053", "kreis": "Rhein-Erft-Kreis", "kreisschl": "05362", "gemeinde": "Kerpen", "gmdschl": "05362032", "abwrecht": "Kein abweichender Rechtszustand", "lagebeztxt": "Hebbelstraße 7, 9, 11", "tntxt": "Wohnbaufläche;1326", "area": 1325, "other catc": 1, "frag area": 78.0, "final area": 78.0 }, "geometry": { "type": "MultiPolygon", "coordinates": [ [ [ [ 6.708352920138676, 50.90915548513955 ], [ 6.708353361564723, 50.909146499698281 ], [ 6.708339149526002, 50.9091462206096 ], [ 6.708340473810984, 50.909119264285927 ], [ 6.708326261780686, 50.909118985195789 ], [ 6.708326703211291, 50.909109999754627 ], [ 6.70834091523886, 50.909110278844672 ], [ 6.708342239521127, 50.9090833225208 ], [ 6.708356451540726, 50.909083601608849 ], [ 6.708359982928299, 50.909011718077075 ], [ 6.708345770930555, 50.909011438989737 ], [ 6.708346212355715, 50.909002453548283 ], [ 6.708360424350728, 50.909002732635535 ], [ 6.708363072880551, 50.908948819985902 ], [ 6.708348860901928, 50.908948540899182 ], [ 6.708350626594878, 50.90891259913279 ], [ 6.708364838562574, 50.908912878219155 ], [ 6.708366604240979, 50.908876936452138 ], [ 6.708380816197975, 50.908877215536414 ], [ 6.708381699030356, 50.908859244652625 ], [ 6.708395910982115, 50.908859523735003 ], [ 6.708396793808129, 50.908841552850966 ], [ 6.708382581861834, 50.908841273768772 ], [ 6.708383464692405, 50.908823302884848 ], [ 6.708355040811421, 50.908822744715629 ], [ 6.708352833705977, 50.908867671924412 ], [ 6.708338621752165, 50.908867392836761 ], [ 6.708334648923531, 50.908948261810728 ], [ 6.70832043694536, 50.908947982720541 ], [ 6.708316905504893, 50.909019866251121 ], [ 6.708302693505096, 50.909019587158497 ], [ 6.708302252071287, 50.909028572599667 ], [ 6.708316464073817, 50.909028851692376 ], [ 6.708316022642514, 50.909037837133589 ], [ 6.708330234648002, 50.909038116224671 ], [ 6.708327144641672, 50.909101014313435 ], [ 6.708312932617063, 50.909100735221742 ], [ 6.708311608317047, 50.909127691545002 ], [ 6.708325820349852, 50.909127970636938 ], [ 6.708324496055997, 50.909154926960284 ], [ 6.708352920138676, 50.90915548513955 ] ] ] ] } },
{ "type": "Feature", "properties": { "DN": 1, "gml_id": "DENW41AL30005gRDFL", "identifier": "urn:adv:oid:DENW41AL30005gRDFL", "aktualit_2": "2024-08-20Z", "idflurst": "DENW41AL30005gRD", "flaeche": 1811.0, "flstkennz_": "05468201900184______", "flstnrzae": "184", "flstnrnen": null, "gemarkung": "Horrem", "gemaschl": "054682", "flur": "19", "flurschl": "054682019", "land": "Nordrhein-Westfalen", "landschl": "05", "regbezirk": "Köln", "regbezschl": "053", "kreis": "Rhein-Erft-Kreis", "kreisschl": "05362", "gemeinde": "Kerpen", "gmdschl": "05362032", "abwrecht": "Kein abweichender Rechtszustand", "lagebeztxt": "Merodestraße 18, 18 a", "tntxt": "Wohnbaufläche;1811", "area": 1811, "other catc": 1, "frag area": 73.0, "final area": 73.0 }, "geometry": { "type": "MultiPolygon", "coordinates": [ [ [ [ 6.708931993522521, 50.908950996591933 ], [ 6.708932876144996, 50.908933025701451 ], [ 6.708961300104624, 50.908933583730878 ], [ 6.708961741410059, 50.908924598285438 ], [ 6.708990165365128, 50.90892515630776 ], [ 6.708989724065157, 50.908934141753392 ], [ 6.709046571988937, 50.908935257777649 ], [ 6.709047454566799, 50.908917286885682 ], [ 6.709061666542848, 50.908917565887243 ], [ 6.709062990399752, 50.908890609548898 ], [ 6.7090487784319, 50.908890330547592 ], [ 6.709048337143758, 50.908899315993636 ], [ 6.708977277294234, 50.908897920960761 ], [ 6.708978159897605, 50.908879950069533 ], [ 6.708992371861595, 50.908880229079401 ], [ 6.70899281316021, 50.908871243633676 ], [ 6.709007025121693, 50.908871522641711 ], [ 6.70900790771278, 50.908853551750042 ], [ 6.708993695756761, 50.908853272742185 ], [ 6.708994137054698, 50.908844287296411 ], [ 6.709008349007986, 50.90884456630419 ], [ 6.709008790302964, 50.908835580858302 ], [ 6.708994578352407, 50.90883530185063 ], [ 6.708995902244181, 50.908808345513151 ], [ 6.708981690302046, 50.908808066504015 ], [ 6.708981249002282, 50.908817051949761 ], [ 6.708967037057642, 50.908816772938799 ], [ 6.708966595754919, 50.908825758384445 ], [ 6.708952383807773, 50.908825479371664 ], [ 6.708951942502093, 50.908834464817211 ], [ 6.708937730552441, 50.908834185802604 ], [ 6.708934200077012, 50.908906069365614 ], [ 6.708919988105732, 50.908905790348577 ], [ 6.708917781537582, 50.908950717574463 ], [ 6.708931993522521, 50.908950996591933 ] ] ] ] } },
{ "type": "Feature", "properties": { "DN": 1, "gml_id": "DENW41AL30005ZO4FL", "identifier": "urn:adv:oid:DENW41AL30005ZO4FL", "aktualit_2": "2024-08-20Z", "idflurst": "DENW41AL30005ZO4", "flaeche": 570.0, "flstkennz_": "05468201900189______", "flstnrzae": "189", "flstnrnen": null, "gemarkung": "Horrem", "gemaschl": "054682", "flur": "19", "flurschl": "054682019", "land": "Nordrhein-Westfalen", "landschl": "05", "regbezirk": "Köln", "regbezschl": "053", "kreis": "Rhein-Erft-Kreis", "kreisschl": "05362", "gemeinde": "Kerpen", "gmdschl": "05362032", "abwrecht": "Kein abweichender Rechtszustand", "lagebeztxt": "Sistenichstraße 72", "tntxt": "Wohnbaufläche;570", "area": 569, "other catc": 1, "frag area": 17.0, "final area": 17.0 }, "geometry": { "type": "MultiPolygon", "coordinates": [ [ [ [ 6.70934590611127, 50.908923145555526 ], [ 6.709346347342497, 50.908914160107656 ], [ 6.709360559320561, 50.908914439072831 ], [ 6.70936100054883, 50.908905453624847 ], [ 6.709346788573497, 50.908905174659772 ], [ 6.709351200871068, 50.908815320179919 ], [ 6.709365412819082, 50.90881559914412 ], [ 6.70936629527042, 50.908797628247768 ], [ 6.709337871385543, 50.908797070318002 ], [ 6.709331694130701, 50.90892286658854 ], [ 6.70934590611127, 50.908923145555526 ] ] ] ] } },
{ "type": "Feature", "properties": { "DN": 1, "gml_id": "DENW41AL2t00007uFL", "identifier": "urn:adv:oid:DENW41AL2t00007uFL", "aktualit_2": "2024-08-29Z", "idflurst": "DENW41AL2t00007u", "flaeche": 117.0, "flstkennz_": "05468201900397______", "flstnrzae": "397", "flstnrnen": null, "gemarkung": "Horrem", "gemaschl": "054682", "flur": "19", "flurschl": "054682019", "land": "Nordrhein-Westfalen", "landschl": "05", "regbezirk": "Köln", "regbezschl": "053", "kreis": "Rhein-Erft-Kreis", "kreisschl": "05362", "gemeinde": "Kerpen", "gmdschl": "05362032", "abwrecht": "Kein abweichender Rechtszustand", "lagebeztxt": "Heinrich-Heine-Straße 3", "tntxt": "Wohnbaufläche;117", "area": 117, "other catc": 1, "frag area": 14.7, "final area": 14.7 }, "geometry": { "type": "MultiPolygon", "coordinates": [ [ [ [ 6.707857623040667, 50.908812975634781 ], [ 6.70784341110843, 50.908812696487075 ], [ 6.707844294145707, 50.90879472560983 ], [ 6.707815870292842, 50.908794167309573 ], [ 6.707816311816604, 50.90878518187111 ], [ 6.707802099893242, 50.908784902718473 ], [ 6.707801658366749, 50.90879388815685 ], [ 6.707787446440882, 50.908793609002409 ], [ 6.707786563381753, 50.908811579878929 ], [ 6.707772351450649, 50.908811300722569 ], [ 6.707772101852598, 50.908816380184284 ], [ 6.707857030390496, 50.908825036847361 ], [ 6.707857623040667, 50.908812975634781 ] ] ] ] } },
{ "type": "Feature", "properties": { "DN": 1, "gml_id": "DENW41AL30005WhoFL", "identifier": "urn:adv:oid:DENW41AL30005WhoFL", "aktualit_2": "2024-08-20Z", "idflurst": "DENW41AL30005Who", "flaeche": 133.0, "flstkennz_": "05468201900342______", "flstnrzae": "342", "flstnrnen": null, "gemarkung": "Horrem", "gemaschl": "054682", "flur": "19", "flurschl": "054682019", "land": "Nordrhein-Westfalen", "landschl": "05", "regbezirk": "Köln", "regbezschl": "053", "kreis": "Rhein-Erft-Kreis", "kreisschl": "05362", "gemeinde": "Kerpen", "gmdschl": "05362032", "abwrecht": "Kein abweichender Rechtszustand", "lagebeztxt": "Heinrich-Heine-Straße 3", "tntxt": "Wohnbaufläche;133", "area": 133, "other catc": 1, "frag area": 43.3, "final area": 43.3 }, "geometry": { "type": "MultiPolygon", "coordinates": [ [ [ [ 6.7078252254729, 50.908893286283543 ], [ 6.707839437429493, 50.908893565433786 ], [ 6.70783987895028, 50.90888457999533 ], [ 6.707854090904369, 50.908884859143761 ], [ 6.707857030390496, 50.908825036847361 ], [ 6.707772101852598, 50.908816380184284 ], [ 6.70777014378521, 50.908856227913141 ], [ 6.707784355729973, 50.908856507069935 ], [ 6.707783472667677, 50.90887447794622 ], [ 6.707769260717452, 50.908874198789249 ], [ 6.707768819183231, 50.908883184227278 ], [ 6.707754607230501, 50.908882905068481 ], [ 6.707754030433707, 50.908894643086597 ], [ 6.707824830697213, 50.908901320353564 ], [ 6.7078252254729, 50.908893286283543 ] ], [ [ 6.707784797260781, 50.90884752163177 ], [ 6.707799009203039, 50.908847800786745 ], [ 6.70779945073089, 50.908838815348474 ], [ 6.70781366267064, 50.908839094501651 ], [ 6.70781322114552, 50.908848079940014 ], [ 6.707827433088231, 50.908848359091536 ], [ 6.707826550042777, 50.90886632996839 ], [ 6.707798126146658, 50.908865771663258 ], [ 6.707798567674962, 50.908856786225009 ], [ 6.707784355729973, 50.908856507069935 ], [ 6.707784797260781, 50.90884752163177 ] ] ] ] } },
{ "type": "Feature", "properties": { "DN": 1, "gml_id": "DENW41AL30005ebaFL", "identifier": "urn:adv:oid:DENW41AL30005ebaFL", "aktualit_2": "2024-08-20Z", "idflurst": "DENW41AL30005eba", "flaeche": 453.0, "flstkennz_": "05468201900244______", "flstnrzae": "244", "flstnrnen": null, "gemarkung": "Horrem", "gemaschl": "054682", "flur": "19", "flurschl": "054682019", "land": "Nordrhein-Westfalen", "landschl": "05", "regbezirk": "Köln", "regbezschl": "053", "kreis": "Rhein-Erft-Kreis", "kreisschl": "05362", "gemeinde": "Kerpen", "gmdschl": "05362032", "abwrecht": "Kein abweichender Rechtszustand", "lagebeztxt": "Heinrich-Heine-Straße 3", "tntxt": "Wohnbaufläche;453", "area": 452, "other catc": 1, "frag area": 10.0, "final area": 10.0 }, "geometry": { "type": "MultiPolygon", "coordinates": [ [ [ [ 6.707809247409267, 50.90892894888453 ], [ 6.707810571990055, 50.908901992569845 ], [ 6.707824783949154, 50.908902271721907 ], [ 6.707824830697213, 50.908901320353564 ], [ 6.707754030433707, 50.908894643086597 ], [ 6.70775372415592, 50.908900875944319 ], [ 6.707767936114115, 50.908901155103294 ], [ 6.707767494579216, 50.908910140541266 ], [ 6.70775328261829, 50.908909861382206 ], [ 6.707752841080435, 50.908918846820079 ], [ 6.707795476972087, 50.90891968429235 ], [ 6.707795035442199, 50.908928669730471 ], [ 6.707809247409267, 50.90892894888453 ] ] ] ] } },
{ "type": "Feature", "properties": { "DN": 1, "gml_id": "DENW41AL30005e6zFL", "identifier": "urn:adv:oid:DENW41AL30005e6zFL", "aktualit_2": "2024-08-20Z", "idflurst": "DENW41AL30005e6z", "flaeche": 906.0, "flstkennz_": "05468201900226______", "flstnrzae": "226", "flstnrnen": null, "gemarkung": "Horrem", "gemaschl": "054682", "flur": "19", "flurschl": "054682019", "land": "Nordrhein-Westfalen", "landschl": "05", "regbezirk": "Köln", "regbezschl": "053", "kreis": "Rhein-Erft-Kreis", "kreisschl": "05362", "gemeinde": "Kerpen", "gmdschl": "05362032", "abwrecht": "Kein abweichender Rechtszustand", "lagebeztxt": "Merodestraße 12", "tntxt": "Wohnbaufläche;906", "area": 907, "other catc": 1, "frag area": 184.4, "final area": 183.1 }, "geometry": { "type": "MultiPolygon", "coordinates": [ [ [ [ 6.710177797287061, 50.909074383342769 ], [ 6.710163585252179, 50.909074104476439 ], [ 6.710164467404309, 50.909056133570878 ], [ 6.710178679433728, 50.90905641243701 ], [ 6.710179120506722, 50.909047426984124 ], [ 6.710193332533636, 50.909047705848451 ], [ 6.710193773603673, 50.909038720395436 ], [ 6.710236409677576, 50.909039556977795 ], [ 6.71023685073919, 50.909030571524511 ], [ 6.710251062761545, 50.909030850381747 ], [ 6.710251503820202, 50.909021864928349 ], [ 6.710393624028861, 50.909024653404749 ], [ 6.710394065059976, 50.909015667950435 ], [ 6.71026615689575, 50.909013158330275 ], [ 6.710266597951223, 50.909004172876756 ], [ 6.710223961908746, 50.909003336305851 ], [ 6.710223079781183, 50.909021307212335 ], [ 6.710208867762011, 50.909021028351724 ], [ 6.710209308828638, 50.909012042898581 ], [ 6.710180884796438, 50.909011485172357 ], [ 6.710179561579491, 50.909038441531202 ], [ 6.710165349555535, 50.909038162665233 ], [ 6.710167113855272, 50.909002220853758 ], [ 6.710152901842469, 50.909001941986418 ], [ 6.71015334291957, 50.908992956533602 ], [ 6.710139130909725, 50.908992677664621 ], [ 6.710139571989332, 50.908983692211869 ], [ 6.710125359982444, 50.908983413341247 ], [ 6.710127565390747, 50.908938486077687 ], [ 6.710134073772053, 50.908938613786489 ], [ 6.710143921093671, 50.908895094190001 ], [ 6.710144864926986, 50.908875866777585 ], [ 6.710159076901319, 50.908876145645408 ], [ 6.710159517975255, 50.908867160192365 ], [ 6.710173729947083, 50.908867439058369 ], [ 6.710175053159342, 50.908840482698842 ], [ 6.710189265123201, 50.90884076156285 ], [ 6.710190908613894, 50.908807280254656 ], [ 6.710168106851834, 50.908804369967903 ], [ 6.710119969629725, 50.908803425413964 ], [ 6.710119528549175, 50.908812410866879 ], [ 6.710133740503935, 50.908812689737545 ], [ 6.710132417269124, 50.908839646096411 ], [ 6.710118205306169, 50.90883936722549 ], [ 6.710115117731244, 50.908902265395 ], [ 6.710100905749395, 50.90890198652172 ], [ 6.710100464663627, 50.90891097197435 ], [ 6.710076175772523, 50.908910495363791 ], [ 6.710072893669274, 50.908946407391419 ], [ 6.710084488323012, 50.908946634909263 ], [ 6.710084047233383, 50.908955620361724 ], [ 6.710072073535281, 50.908955385405967 ], [ 6.710071013958214, 50.908967263818802 ], [ 6.710066518030006, 50.909022915829695 ], [ 6.710064542109625, 50.909063166911615 ], [ 6.710063259369133, 50.909063141740717 ], [ 6.710062525653344, 50.909072121450833 ], [ 6.710064101014326, 50.909072152363784 ], [ 6.710063659918799, 50.90908113781591 ], [ 6.710077871954832, 50.909081416694427 ], [ 6.710077430861812, 50.909090402146624 ], [ 6.710176915139491, 50.909092354248457 ], [ 6.710177797287061, 50.909074383342769 ] ] ] ] } },
{ "type": "Feature", "properties": { "DN": 1, "gml_id": "DENW41AL30005cwPFL", "identifier": "urn:adv:oid:DENW41AL30005cwPFL", "aktualit_2": "2024-08-20Z", "idflurst": "DENW41AL30005cwP", "flaeche": 668.0, "flstkennz_": "05468201900366______", "flstnrzae": "366", "flstnrnen": null, "gemarkung": "Horrem", "gemaschl": "054682", "flur": "19", "flurschl": "054682019", "land": "Nordrhein-Westfalen", "landschl": "05", "regbezirk": "Köln", "regbezschl": "053", "kreis": "Rhein-Erft-Kreis", "kreisschl": "05362", "gemeinde": "Kerpen", "gmdschl": "05362032", "abwrecht": "Kein abweichender Rechtszustand", "lagebeztxt": "Merodestraße 14", "tntxt": "Wohnbaufläche;668", "area": 666, "other catc": 1, "frag area": 54.5, "final area": 54.5 }, "geometry": { "type": "MultiPolygon", "coordinates": [ [ [ [ 6.709873514070532, 50.908897524314114 ], [ 6.709873955199781, 50.908888538862882 ], [ 6.709902379151012, 50.908889096662861 ], [ 6.709902820274571, 50.908880111211431 ], [ 6.709888608301576, 50.908879832312401 ], [ 6.709892137303768, 50.908807948701131 ], [ 6.70990634925491, 50.908808227599458 ], [ 6.709906790376436, 50.908799242147879 ], [ 6.709921002325073, 50.908799521044372 ], [ 6.70992144344364, 50.908790535592715 ], [ 6.709964079282712, 50.908791372271587 ], [ 6.709964520392859, 50.908782386819624 ], [ 6.709950308449007, 50.908782107928488 ], [ 6.7099505657798, 50.908776866108283 ], [ 6.709915245433725, 50.908772425746193 ], [ 6.70987968985945, 50.908771727995386 ], [ 6.709877925352852, 50.908807669801071 ], [ 6.709863713402162, 50.908807390899298 ], [ 6.709863272272215, 50.908816376350572 ], [ 6.709820636413305, 50.908815539634588 ], [ 6.709820195274936, 50.908824525085599 ], [ 6.709805983319688, 50.908824246176735 ], [ 6.709805542178362, 50.908833231627625 ], [ 6.709833966094551, 50.908833789443825 ], [ 6.709833083822149, 50.908851760345932 ], [ 6.709847295786046, 50.90885203925162 ], [ 6.709846854652238, 50.908861024702738 ], [ 6.709832642685609, 50.908860745796957 ], [ 6.709831319274633, 50.908887702149961 ], [ 6.709845531249456, 50.90888798105599 ], [ 6.709845090114744, 50.908896966507029 ], [ 6.709873514070532, 50.908897524314114 ] ] ] ] } },
{ "type": "Feature", "properties": { "DN": 1, "gml_id": "DENW41AL30005ZO4FL", "identifier": "urn:adv:oid:DENW41AL30005ZO4FL", "aktualit_2": "2024-08-20Z", "idflurst": "DENW41AL30005ZO4", "flaeche": 570.0, "flstkennz_": "05468201900189______", "flstnrzae": "189", "flstnrnen": null, "gemarkung": "Horrem", "gemaschl": "054682", "flur": "19", "flurschl": "054682019", "land": "Nordrhein-Westfalen", "landschl": "05", "regbezirk": "Köln", "regbezschl": "053", "kreis": "Rhein-Erft-Kreis", "kreisschl": "05362", "gemeinde": "Kerpen", "gmdschl": "05362032", "abwrecht": "Kein abweichender Rechtszustand", "lagebeztxt": "Sistenichstraße 72", "tntxt": "Wohnbaufläche;570", "area": 569, "other catc": 1, "frag area": 26.4, "final area": 26.4 }, "geometry": { "type": "MultiPolygon", "coordinates": [ [ [ [ 6.709411578398848, 50.908744552438407 ], [ 6.709412019614626, 50.908735566989833 ], [ 6.709582562721557, 50.90873891435352 ], [ 6.709583000883947, 50.908729990419197 ], [ 6.709582418325254, 50.908729917410753 ], [ 6.709540368132738, 50.908729092086553 ], [ 6.709540585029139, 50.908724674697027 ], [ 6.709497324874486, 50.908719253146806 ], [ 6.709455537802794, 50.908718432956391 ], [ 6.709455753349965, 50.908714043206786 ], [ 6.709412231464566, 50.908708588821277 ], [ 6.709399131344689, 50.908708331686107 ], [ 6.709397366472007, 50.908744273480103 ], [ 6.709411578398848, 50.908744552438407 ] ] ] ] } },
{ "type": "Feature", "properties": { "DN": 1, "gml_id": "DENW41AL2t00007tFL", "identifier": "urn:adv:oid:DENW41AL2t00007tFL", "aktualit_2": "2024-08-29Z", "idflurst": "DENW41AL2t00007t", "flaeche": 470.0, "flstkennz_": "05468201900396______", "flstnrzae": "396", "flstnrnen": null, "gemarkung": "Horrem", "gemaschl": "054682", "flur": "19", "flurschl": "054682019", "land": "Nordrhein-Westfalen", "landschl": "05", "regbezirk": "Köln", "regbezschl": "053", "kreis": "Rhein-Erft-Kreis", "kreisschl": "05362", "gemeinde": "Kerpen", "gmdschl": "05362032", "abwrecht": "Kein abweichender Rechtszustand", "lagebeztxt": "Merodestraße 24", "tntxt": "Wohnbaufläche;470", "area": 470, "other catc": 1, "frag area": 10.0, "final area": 10.0 }, "geometry": { "type": "MultiPolygon", "coordinates": [ [ [ [ 6.707834938938046, 50.908695606635575 ], [ 6.70783626349299, 50.908668650319299 ], [ 6.707822051604915, 50.908668371169554 ], [ 6.707822493125509, 50.908659385730857 ], [ 6.707808281240392, 50.908659106579464 ], [ 6.707807839717066, 50.908668092018083 ], [ 6.707793627829443, 50.90866781286487 ], [ 6.707792303249913, 50.908694769180343 ], [ 6.707834938938046, 50.908695606635575 ] ] ] ] } },
{ "type": "Feature", "properties": { "DN": 1, "gml_id": "DENW41AL30005gRDFL", "identifier": "urn:adv:oid:DENW41AL30005gRDFL", "aktualit_2": "2024-08-20Z", "idflurst": "DENW41AL30005gRD", "flaeche": 1811.0, "flstkennz_": "05468201900184______", "flstnrzae": "184", "flstnrnen": null, "gemarkung": "Horrem", "gemaschl": "054682", "flur": "19", "flurschl": "054682019", "land": "Nordrhein-Westfalen", "landschl": "05", "regbezirk": "Köln", "regbezschl": "053", "kreis": "Rhein-Erft-Kreis", "kreisschl": "05362", "gemeinde": "Kerpen", "gmdschl": "05362032", "abwrecht": "Kein abweichender Rechtszustand", "lagebeztxt": "Merodestraße 18, 18 a", "tntxt": "Wohnbaufläche;1811", "area": 1811, "other catc": 1, "frag area": 13.3, "final area": 13.3 }, "geometry": { "type": "MultiPolygon", "coordinates": [ [ [ [ 6.709044274806245, 50.908692371729323 ], [ 6.709045157377362, 50.908674400836631 ], [ 6.709059369279426, 50.908674679837532 ], [ 6.709058927996714, 50.908683665283974 ], [ 6.709073139901736, 50.908683944283226 ], [ 6.709073581181718, 50.908674958836684 ], [ 6.709087793084236, 50.908675237834132 ], [ 6.709088234361259, 50.908666252387491 ], [ 6.70911665816151, 50.908666810377007 ], [ 6.709116906168125, 50.908661760309528 ], [ 6.709092691366169, 50.90865734577428 ], [ 6.709060251844175, 50.908656708944591 ], [ 6.709060508708798, 50.908651478631782 ], [ 6.709037402986824, 50.908647266277086 ], [ 6.709032269338695, 50.908647165495097 ], [ 6.709031828051197, 50.908656150941418 ], [ 6.709046039947572, 50.908656429943868 ], [ 6.70904559866258, 50.90866541539026 ], [ 6.709031386763472, 50.908665136387718 ], [ 6.709030062898943, 50.908692092726525 ], [ 6.709044274806245, 50.908692371729323 ] ] ] ] } },
{ "type": "Feature", "properties": { "DN": 1, "gml_id": "DENW41AL30005cmNFL", "identifier": "urn:adv:oid:DENW41AL30005cmNFL", "aktualit_2": "2024-08-20Z", "idflurst": "DENW41AL30005cmN", "flaeche": 378.0, "flstkennz_": "05468201900166______", "flstnrzae": "166", "flstnrnen": null, "gemarkung": "Horrem", "gemaschl": "054682", "flur": "19", "flurschl": "054682019", "land": "Nordrhein-Westfalen", "landschl": "05", "regbezirk": "Köln", "regbezschl": "053", "kreis": "Rhein-Erft-Kreis", "kreisschl": "05362", "gemeinde": "Kerpen", "gmdschl": "05362032", "abwrecht": "Kein abweichender Rechtszustand", "lagebeztxt": "Merodestraße 30", "tntxt": "Wohnbaufläche;378", "area": 375, "other catc": 1, "frag area": 10.0, "final area": 10.0 }, "geometry": { "type": "MultiPolygon", "coordinates": [ [ [ [ 6.707327285358629, 50.908604687225441 ], [ 6.707329493430587, 50.908559760046849 ], [ 6.707286857881622, 50.908558922408645 ], [ 6.707286416259487, 50.90856790784413 ], [ 6.707300628111648, 50.908568187058684 ], [ 6.707299303252084, 50.908595143365304 ], [ 6.707313515112665, 50.908595422578394 ], [ 6.70731307349509, 50.908604408014 ], [ 6.707327285358629, 50.908604687225441 ] ] ] ] } },
{ "type": "Feature", "properties": { "DN": 1, "gml_id": "DENW41AL2t00007tFL", "identifier": "urn:adv:oid:DENW41AL2t00007tFL", "aktualit_2": "2024-08-29Z", "idflurst": "DENW41AL2t00007t", "flaeche": 470.0, "flstkennz_": "05468201900396______", "flstnrzae": "396", "flstnrnen": null, "gemarkung": "Horrem", "gemaschl": "054682", "flur": "19", "flurschl": "054682019", "land": "Nordrhein-Westfalen", "landschl": "05", "regbezirk": "Köln", "regbezschl": "053", "kreis": "Rhein-Erft-Kreis", "kreisschl": "05362", "gemeinde": "Kerpen", "gmdschl": "05362032", "abwrecht": "Kein abweichender Rechtszustand", "lagebeztxt": "Merodestraße 24", "tntxt": "Wohnbaufläche;470", "area": 470, "other catc": 1, "frag area": 17.5, "final area": 17.5 }, "geometry": { "type": "MultiPolygon", "coordinates": [ [ [ [ 6.707801575263857, 50.908506074968969 ], [ 6.7078024583076, 50.908488104091298 ], [ 6.70781667014059, 50.908488383242741 ], [ 6.707817111659391, 50.908479397803802 ], [ 6.707831323489876, 50.908479676953412 ], [ 6.707831765005718, 50.908470691514367 ], [ 6.707803341350438, 50.908470133213591 ], [ 6.707803561461504, 50.908465653712227 ], [ 6.707755110568208, 50.908460191731628 ], [ 6.707752348859314, 50.908460137484305 ], [ 6.707745416497116, 50.908490945262223 ], [ 6.707745169445216, 50.908495972906792 ], [ 6.707787804950345, 50.90849681037691 ], [ 6.70778736342563, 50.908505795815628 ], [ 6.707801575263857, 50.908506074968969 ] ], [ [ 6.707802899829131, 50.908479118652458 ], [ 6.707788687999099, 50.908478839499388 ], [ 6.707789129523138, 50.908469854060606 ], [ 6.707803341350438, 50.908470133213591 ], [ 6.707802899829131, 50.908479118652458 ] ] ] ] } }
]
}
