{
"type": "FeatureCollection",
"name": "PP suitability",
"crs": { "type": "name", "properties": { "name": "urn:ogc:def:crs:EPSG::25832" } },
"features": [
{ "type": "Feature", "properties": { "DN": 1, "gml_id": "DENW41AL30005b7vFL", "identifier": "urn:adv:oid:DENW41AL30005b7vFL", "aktualit_2": "2024-08-20Z", "idflurst": "DENW41AL30005b7v", "flaeche": 2214.0, "flstkennz_": "05468200800499______", "flstnrzae": "499", "flstnrnen": null, "gemarkung": "Horrem", "gemaschl": "054682", "flur": "8", "flurschl": "054682008", "land": "Nordrhein-Westfalen", "landschl": "05", "regbezirk": "Köln", "regbezschl": "053", "kreis": "Rhein-Erft-Kreis", "kreisschl": "05362", "gemeinde": "Kerpen", "gmdschl": "05362032", "abwrecht": "Kein abweichender Rechtszustand", "lagebeztxt": "Bahnhofstraße 36; Höhenweg 2, 2 a, 2 b", "tntxt": "Wohnbaufläche;2214", "area": 2211, "other catc": null, "frag area": 78.0, "final area": 78.0 }, "geometry": { "type": "MultiPolygon", "coordinates": [ [ [ [ 339249.0, 5642881.0 ], [ 339249.0, 5642880.0 ], [ 339251.0, 5642880.0 ], [ 339251.0, 5642879.0 ], [ 339252.0, 5642879.0 ], [ 339252.0, 5642878.0 ], [ 339254.0, 5642878.0 ], [ 339254.0, 5642877.0 ], [ 339255.0, 5642877.0 ], [ 339255.0, 5642875.0 ], [ 339256.0, 5642875.0 ], [ 339256.0, 5642874.0 ], [ 339257.0, 5642874.0 ], [ 339257.0, 5642873.0 ], [ 339258.0, 5642873.0 ], [ 339258.0, 5642872.0 ], [ 339259.0, 5642872.0 ], [ 339259.0, 5642870.0 ], [ 339260.0, 5642870.0 ], [ 339260.0, 5642868.0 ], [ 339261.0, 5642868.0 ], [ 339261.0, 5642867.0 ], [ 339262.0, 5642867.0 ], [ 339262.0, 5642865.0 ], [ 339263.0, 5642865.0 ], [ 339263.0, 5642863.0 ], [ 339262.0, 5642863.0 ], [ 339262.0, 5642864.0 ], [ 339261.0, 5642864.0 ], [ 339261.0, 5642865.0 ], [ 339259.0, 5642865.0 ], [ 339259.0, 5642866.0 ], [ 339258.0, 5642866.0 ], [ 339258.0, 5642865.0 ], [ 339257.0, 5642865.0 ], [ 339257.0, 5642866.0 ], [ 339256.0, 5642866.0 ], [ 339256.0, 5642868.0 ], [ 339255.0, 5642868.0 ], [ 339255.0, 5642869.0 ], [ 339254.0, 5642869.0 ], [ 339254.0, 5642871.0 ], [ 339253.0, 5642871.0 ], [ 339253.0, 5642872.0 ], [ 339252.0, 5642872.0 ], [ 339252.0, 5642874.0 ], [ 339251.0, 5642874.0 ], [ 339251.0, 5642876.0 ], [ 339250.0, 5642876.0 ], [ 339250.0, 5642877.0 ], [ 339249.0, 5642877.0 ], [ 339249.0, 5642879.0 ], [ 339248.0, 5642879.0 ], [ 339248.0, 5642880.0 ], [ 339247.0, 5642880.0 ], [ 339247.0, 5642881.0 ], [ 339249.0, 5642881.0 ] ] ] ] } },
{ "type": "Feature", "properties": { "DN": 1, "gml_id": "DENW41AL30005VqPFL", "identifier": "urn:adv:oid:DENW41AL30005VqPFL", "aktualit_2": "2024-08-20Z", "idflurst": "DENW41AL30005VqP", "flaeche": 386.0, "flstkennz_": "05468200800025______", "flstnrzae": "25", "flstnrnen": null, "gemarkung": "Horrem", "gemaschl": "054682", "flur": "8", "flurschl": "054682008", "land": "Nordrhein-Westfalen", "landschl": "05", "regbezirk": "Köln", "regbezschl": "053", "kreis": "Rhein-Erft-Kreis", "kreisschl": "05362", "gemeinde": "Kerpen", "gmdschl": "05362032", "abwrecht": "Kein abweichender Rechtszustand", "lagebeztxt": "Bahnhofstraße 20", "tntxt": "Fläche gemischter Nutzung(funktion:Gebäude- und Freifläche Mischnutzung mit Wohnen);386", "area": 385, "other catc": null, "frag area": 51.2, "final area": 51.2 }, "geometry": { "type": "MultiPolygon", "coordinates": [ [ [ [ 339166.0, 5642870.0 ], [ 339166.0, 5642868.0 ], [ 339167.0, 5642868.0 ], [ 339167.0, 5642865.0 ], [ 339168.0, 5642865.0 ], [ 339168.0, 5642864.0 ], [ 339169.0, 5642864.0 ], [ 339169.0, 5642862.4706423394382 ], [ 339168.0, 5642862.508632841520011 ], [ 339168.0, 5642863.0 ], [ 339165.0, 5642863.0 ], [ 339165.0, 5642862.622604348696768 ], [ 339163.0, 5642862.698585353791714 ], [ 339163.0, 5642863.0 ], [ 339159.0, 5642863.0 ], [ 339159.0, 5642867.0 ], [ 339160.0, 5642867.0 ], [ 339160.0, 5642868.0 ], [ 339162.0, 5642868.0 ], [ 339162.0, 5642870.0 ], [ 339166.0, 5642870.0 ] ] ] ] } },
{ "type": "Feature", "properties": { "DN": 1, "gml_id": "DENW41AL30005d6IFL", "identifier": "urn:adv:oid:DENW41AL30005d6IFL", "aktualit_2": "2024-08-20Z", "idflurst": "DENW41AL30005d6I", "flaeche": 39.0, "flstkennz_": "05468200800023______", "flstnrzae": "23", "flstnrnen": null, "gemarkung": "Horrem", "gemaschl": "054682", "flur": "8", "flurschl": "054682008", "land": "Nordrhein-Westfalen", "landschl": "05", "regbezirk": "Köln", "regbezschl": "053", "kreis": "Rhein-Erft-Kreis", "kreisschl": "05362", "gemeinde": "Kerpen", "gmdschl": "05362032", "abwrecht": "Kein abweichender Rechtszustand", "lagebeztxt": "Mittelstraße", "tntxt": "Wohnbaufläche;39", "area": 39, "other catc": null, "frag area": 18.1, "final area": 18.1 }, "geometry": { "type": "MultiPolygon", "coordinates": [ [ [ [ 339171.0, 5642858.0 ], [ 339171.0, 5642857.584860882721841 ], [ 339170.880048201186582, 5642858.0 ], [ 339171.0, 5642858.0 ] ] ], [ [ [ 339172.0, 5642857.0 ], [ 339172.0, 5642856.0 ], [ 339173.0, 5642856.0 ], [ 339173.0, 5642855.0 ], [ 339175.0, 5642855.0 ], [ 339175.0, 5642854.0 ], [ 339176.0, 5642854.0 ], [ 339176.0, 5642853.0 ], [ 339177.0, 5642853.0 ], [ 339177.0, 5642852.0 ], [ 339178.0, 5642852.0 ], [ 339178.0, 5642851.0 ], [ 339179.677255799993873, 5642851.0 ], [ 339179.857000000018161, 5642850.799999999813735 ], [ 339176.0, 5642850.777591866441071 ], [ 339176.0, 5642851.0 ], [ 339175.0, 5642851.0 ], [ 339175.0, 5642850.771782134659588 ], [ 339172.972, 5642850.759999999776483 ], [ 339171.168991819780786, 5642857.0 ], [ 339172.0, 5642857.0 ] ], [ [ 339175.0, 5642852.0 ], [ 339174.0, 5642852.0 ], [ 339174.0, 5642851.0 ], [ 339175.0, 5642851.0 ], [ 339175.0, 5642852.0 ] ], [ [ 339174.0, 5642853.0 ], [ 339173.0, 5642853.0 ], [ 339173.0, 5642852.0 ], [ 339174.0, 5642852.0 ], [ 339174.0, 5642853.0 ] ] ] ] } },
{ "type": "Feature", "properties": { "DN": 1, "gml_id": "DENW41AL30005c15FL", "identifier": "urn:adv:oid:DENW41AL30005c15FL", "aktualit_2": "2024-08-20Z", "idflurst": "DENW41AL30005c15", "flaeche": 341.0, "flstkennz_": "05468200800028______", "flstnrzae": "28", "flstnrnen": null, "gemarkung": "Horrem", "gemaschl": "054682", "flur": "8", "flurschl": "054682008", "land": "Nordrhein-Westfalen", "landschl": "05", "regbezirk": "Köln", "regbezschl": "053", "kreis": "Rhein-Erft-Kreis", "kreisschl": "05362", "gemeinde": "Kerpen", "gmdschl": "05362032", "abwrecht": "Kein abweichender Rechtszustand", "lagebeztxt": "Mittelstraße 1", "tntxt": "Wohnbaufläche;341", "area": 340, "other catc": null, "frag area": 27.2, "final area": 27.2 }, "geometry": { "type": "MultiPolygon", "coordinates": [ [ [ [ 339170.0, 5642861.0 ], [ 339170.0, 5642858.0 ], [ 339170.880048201186582, 5642858.0 ], [ 339171.0, 5642857.584860882721841 ], [ 339171.0, 5642857.0 ], [ 339171.168991819780786, 5642857.0 ], [ 339172.972, 5642850.759999999776483 ], [ 339173.19741391565185, 5642850.0 ], [ 339169.0, 5642850.0 ], [ 339169.0, 5642861.0 ], [ 339170.0, 5642861.0 ] ] ] ] } },
{ "type": "Feature", "properties": { "DN": 1, "gml_id": "DENW41AL30005b7vFL", "identifier": "urn:adv:oid:DENW41AL30005b7vFL", "aktualit_2": "2024-08-20Z", "idflurst": "DENW41AL30005b7v", "flaeche": 2214.0, "flstkennz_": "05468200800499______", "flstnrzae": "499", "flstnrnen": null, "gemarkung": "Horrem", "gemaschl": "054682", "flur": "8", "flurschl": "054682008", "land": "Nordrhein-Westfalen", "landschl": "05", "regbezirk": "Köln", "regbezschl": "053", "kreis": "Rhein-Erft-Kreis", "kreisschl": "05362", "gemeinde": "Kerpen", "gmdschl": "05362032", "abwrecht": "Kein abweichender Rechtszustand", "lagebeztxt": "Bahnhofstraße 36; Höhenweg 2, 2 a, 2 b", "tntxt": "Wohnbaufläche;2214", "area": 2211, "other catc": null, "frag area": 10.0, "final area": 10.0 }, "geometry": { "type": "MultiPolygon", "coordinates": [ [ [ [ 339269.0, 5642857.0 ], [ 339269.0, 5642856.0 ], [ 339270.0, 5642856.0 ], [ 339270.0, 5642854.0 ], [ 339271.0, 5642854.0 ], [ 339271.0, 5642853.0 ], [ 339272.0, 5642853.0 ], [ 339272.0, 5642851.0 ], [ 339271.0, 5642851.0 ], [ 339271.0, 5642852.0 ], [ 339270.0, 5642852.0 ], [ 339270.0, 5642853.0 ], [ 339269.0, 5642853.0 ], [ 339269.0, 5642854.0 ], [ 339268.0, 5642854.0 ], [ 339268.0, 5642857.0 ], [ 339269.0, 5642857.0 ] ] ] ] } },
{ "type": "Feature", "properties": { "DN": 1, "gml_id": "DENW41AL30005YO5FL", "identifier": "urn:adv:oid:DENW41AL30005YO5FL", "aktualit_2": "2024-08-20Z", "idflurst": "DENW41AL30005YO5", "flaeche": 333.0, "flstkennz_": "05468200800390______", "flstnrzae": "390", "flstnrnen": null, "gemarkung": "Horrem", "gemaschl": "054682", "flur": "8", "flurschl": "054682008", "land": "Nordrhein-Westfalen", "landschl": "05", "regbezirk": "Köln", "regbezschl": "053", "kreis": "Rhein-Erft-Kreis", "kreisschl": "05362", "gemeinde": "Kerpen", "gmdschl": "05362032", "abwrecht": "Kein abweichender Rechtszustand", "lagebeztxt": "Bahnhofstraße 34", "tntxt": "Fläche gemischter Nutzung(funktion:Gebäude- und Freifläche Mischnutzung mit Wohnen);333", "area": 335, "other catc": null, "frag area": 34.2, "final area": 34.2 }, "geometry": { "type": "MultiPolygon", "coordinates": [ [ [ [ 339231.0, 5642885.0 ], [ 339231.0, 5642884.0 ], [ 339232.0, 5642884.0 ], [ 339232.0, 5642881.0 ], [ 339233.0, 5642881.0 ], [ 339233.0, 5642878.0 ], [ 339234.0, 5642878.0 ], [ 339234.0, 5642876.0 ], [ 339232.0, 5642876.0 ], [ 339232.0, 5642875.0 ], [ 339229.228574350650888, 5642875.0 ], [ 339228.054709292890038, 5642881.0 ], [ 339230.0, 5642881.0 ], [ 339230.0, 5642885.0 ], [ 339231.0, 5642885.0 ] ] ] ] } },
{ "type": "Feature", "properties": { "DN": 1, "gml_id": "DENW41AL30005ct4FL", "identifier": "urn:adv:oid:DENW41AL30005ct4FL", "aktualit_2": "2024-08-20Z", "idflurst": "DENW41AL30005ct4", "flaeche": 1297.0, "flstkennz_": "05468200800395______", "flstnrzae": "395", "flstnrnen": null, "gemarkung": "Horrem", "gemaschl": "054682", "flur": "8", "flurschl": "054682008", "land": "Nordrhein-Westfalen", "landschl": "05", "regbezirk": "Köln", "regbezschl": "053", "kreis": "Rhein-Erft-Kreis", "kreisschl": "05362", "gemeinde": "Kerpen", "gmdschl": "05362032", "abwrecht": "Kein abweichender Rechtszustand", "lagebeztxt": "Bahnhofstraße 34 a", "tntxt": "Wohnbaufläche;1297", "area": 1289, "other catc": null, "frag area": 12.0, "final area": 12.0 }, "geometry": { "type": "MultiPolygon", "coordinates": [ [ [ [ 339222.0, 5642843.0 ], [ 339222.0, 5642841.0 ], [ 339226.0, 5642841.0 ], [ 339226.0, 5642842.0 ], [ 339228.0, 5642842.0 ], [ 339228.0, 5642841.0 ], [ 339227.0, 5642841.0 ], [ 339227.0, 5642840.0 ], [ 339222.0, 5642840.0 ], [ 339222.0, 5642839.0 ], [ 339220.0, 5642839.0 ], [ 339220.0, 5642840.0 ], [ 339221.0, 5642840.0 ], [ 339221.0, 5642843.0 ], [ 339222.0, 5642843.0 ] ] ] ] } },
{ "type": "Feature", "properties": { "DN": 1, "gml_id": "DENW41AL30005efdFL", "identifier": "urn:adv:oid:DENW41AL30005efdFL", "aktualit_2": "2024-08-20Z", "idflurst": "DENW41AL30005efd", "flaeche": 321.0, "flstkennz_": "05468200800018______", "flstnrzae": "18", "flstnrnen": null, "gemarkung": "Horrem", "gemaschl": "054682", "flur": "8", "flurschl": "054682008", "land": "Nordrhein-Westfalen", "landschl": "05", "regbezirk": "Köln", "regbezschl": "053", "kreis": "Rhein-Erft-Kreis", "kreisschl": "05362", "gemeinde": "Kerpen", "gmdschl": "05362032", "abwrecht": "Kein abweichender Rechtszustand", "lagebeztxt": "Höhenweg 4", "tntxt": "Wohnbaufläche;321", "area": 318, "other catc": null, "frag area": 25.8, "final area": 25.8 }, "geometry": { "type": "MultiPolygon", "coordinates": [ [ [ [ 339277.0, 5642842.0 ], [ 339277.0, 5642841.0 ], [ 339278.0, 5642841.0 ], [ 339278.0, 5642842.0 ], [ 339279.0, 5642842.0 ], [ 339279.0, 5642840.0 ], [ 339280.0, 5642840.0 ], [ 339280.0, 5642841.0 ], [ 339281.0, 5642841.0 ], [ 339281.0, 5642839.0 ], [ 339282.0, 5642839.0 ], [ 339282.0, 5642837.0 ], [ 339283.0, 5642837.0 ], [ 339283.0, 5642836.0 ], [ 339282.0, 5642836.0 ], [ 339282.0, 5642835.0 ], [ 339281.0, 5642835.0 ], [ 339281.0, 5642836.0 ], [ 339280.0, 5642836.0 ], [ 339280.0, 5642837.0 ], [ 339278.0, 5642837.0 ], [ 339278.0, 5642838.0 ], [ 339276.0, 5642838.0 ], [ 339276.0, 5642841.0 ], [ 339275.0, 5642841.0 ], [ 339275.0, 5642841.513783470727503 ], [ 339275.84178467921447, 5642842.0 ], [ 339277.0, 5642842.0 ] ] ] ] } },
{ "type": "Feature", "properties": { "DN": 1, "gml_id": "DENW41AL30005Y7UFL", "identifier": "urn:adv:oid:DENW41AL30005Y7UFL", "aktualit_2": "2024-08-20Z", "idflurst": "DENW41AL30005Y7U", "flaeche": 465.0, "flstkennz_": "05468200800030______", "flstnrzae": "30", "flstnrnen": null, "gemarkung": "Horrem", "gemaschl": "054682", "flur": "8", "flurschl": "054682008", "land": "Nordrhein-Westfalen", "landschl": "05", "regbezirk": "Köln", "regbezschl": "053", "kreis": "Rhein-Erft-Kreis", "kreisschl": "05362", "gemeinde": "Kerpen", "gmdschl": "05362032", "abwrecht": "Kein abweichender Rechtszustand", "lagebeztxt": "Mittelstraße 5", "tntxt": "Wohnbaufläche;465", "area": 466, "other catc": null, "frag area": 43.6, "final area": 42.4 }, "geometry": { "type": "MultiPolygon", "coordinates": [ [ [ [ 339195.0, 5642837.0 ], [ 339195.0, 5642835.0 ], [ 339192.0, 5642835.0 ], [ 339192.0, 5642834.0 ], [ 339190.0, 5642834.0 ], [ 339190.0, 5642833.0 ], [ 339189.518445246503688, 5642833.0 ], [ 339189.0, 5642835.510459505952895 ], [ 339189.0, 5642836.0 ], [ 339187.0, 5642836.0 ], [ 339187.0, 5642835.496971721760929 ], [ 339184.589357300603297, 5642835.0 ], [ 339183.0, 5642835.0 ], [ 339183.0, 5642833.0 ], [ 339181.0, 5642833.0 ], [ 339181.0, 5642834.0 ], [ 339180.0, 5642834.0 ], [ 339180.0, 5642835.0 ], [ 339175.0, 5642835.0 ], [ 339175.0, 5642835.639170836657286 ], [ 339189.0, 5642838.01722009293735 ], [ 339189.0, 5642837.0 ], [ 339195.0, 5642837.0 ] ], [ [ 339182.0, 5642835.0 ], [ 339182.0, 5642836.0 ], [ 339181.0, 5642836.0 ], [ 339181.0, 5642835.0 ], [ 339182.0, 5642835.0 ] ] ] ] } },
{ "type": "Feature", "properties": { "DN": 1, "gml_id": "DENW41AL30005RaPFL", "identifier": "urn:adv:oid:DENW41AL30005RaPFL", "aktualit_2": "2024-08-20Z", "idflurst": "DENW41AL30005RaP", "flaeche": 229.0, "flstkennz_": "05468200800304______", "flstnrzae": "304", "flstnrnen": null, "gemarkung": "Horrem", "gemaschl": "054682", "flur": "8", "flurschl": "054682008", "land": "Nordrhein-Westfalen", "landschl": "05", "regbezirk": "Köln", "regbezschl": "053", "kreis": "Rhein-Erft-Kreis", "kreisschl": "05362", "gemeinde": "Kerpen", "gmdschl": "05362032", "abwrecht": "Kein abweichender Rechtszustand", "lagebeztxt": "Bahnhofstraße 16", "tntxt": "Fläche gemischter Nutzung(funktion:Gebäude- und Freifläche Mischnutzung mit Wohnen);229", "area": 229, "other catc": null, "frag area": 33.3, "final area": 33.3 }, "geometry": { "type": "MultiPolygon", "coordinates": [ [ [ [ 339103.0, 5642829.0 ], [ 339103.0, 5642827.0 ], [ 339101.0, 5642827.0 ], [ 339101.0, 5642828.0 ], [ 339099.0, 5642828.0 ], [ 339099.0, 5642829.0 ], [ 339098.0, 5642829.0 ], [ 339098.0, 5642830.0 ], [ 339101.0, 5642830.0 ], [ 339101.0, 5642831.0 ], [ 339102.0, 5642831.0 ], [ 339102.0, 5642830.0 ], [ 339103.0, 5642830.0 ], [ 339103.0, 5642831.0 ], [ 339103.046776656177826, 5642831.0 ], [ 339103.697880757099483, 5642829.0 ], [ 339103.0, 5642829.0 ] ] ], [ [ [ 339102.0, 5642832.0 ], [ 339102.0, 5642833.0 ], [ 339102.395672555197962, 5642833.0 ], [ 339102.721224605687894, 5642832.0 ], [ 339102.0, 5642832.0 ] ] ], [ [ [ 339100.0, 5642833.0 ], [ 339100.0, 5642832.0 ], [ 339097.0, 5642832.0 ], [ 339097.0, 5642833.0 ], [ 339098.0, 5642833.0 ], [ 339098.0, 5642834.0 ], [ 339099.0, 5642834.0 ], [ 339099.0, 5642839.0 ], [ 339098.0, 5642839.0 ], [ 339098.0, 5642840.0 ], [ 339100.0, 5642840.0 ], [ 339100.0, 5642840.358800387941301 ], [ 339101.41901640384458, 5642836.0 ], [ 339101.0, 5642836.0 ], [ 339101.0, 5642835.0 ], [ 339101.744568454276305, 5642835.0 ], [ 339102.070120504766237, 5642834.0 ], [ 339102.0, 5642834.0 ], [ 339102.0, 5642833.0 ], [ 339100.0, 5642833.0 ] ] ] ] } },
{ "type": "Feature", "properties": { "DN": 1, "gml_id": "DENW41AL30005iIvFL", "identifier": "urn:adv:oid:DENW41AL30005iIvFL", "aktualit_2": "2024-08-20Z", "idflurst": "DENW41AL30005iIv", "flaeche": 126.0, "flstkennz_": "05468200800295______", "flstnrzae": "295", "flstnrnen": null, "gemarkung": "Horrem", "gemaschl": "054682", "flur": "8", "flurschl": "054682008", "land": "Nordrhein-Westfalen", "landschl": "05", "regbezirk": "Köln", "regbezschl": "053", "kreis": "Rhein-Erft-Kreis", "kreisschl": "05362", "gemeinde": "Kerpen", "gmdschl": "05362032", "abwrecht": "Kein abweichender Rechtszustand", "lagebeztxt": "Bahnhofstraße 4", "tntxt": "Fläche gemischter Nutzung(funktion:Gebäude- und Freifläche Mischnutzung mit Wohnen);126", "area": 125, "other catc": null, "frag area": 12.0, "final area": 12.0 }, "geometry": { "type": "MultiPolygon", "coordinates": [ [ [ [ 339055.0, 5642816.0 ], [ 339055.0, 5642814.0 ], [ 339056.0, 5642814.0 ], [ 339056.0, 5642813.0 ], [ 339057.0, 5642813.0 ], [ 339057.0, 5642812.497941966168582 ], [ 339055.523792570340447, 5642812.0 ], [ 339055.0, 5642812.0 ], [ 339055.0, 5642811.823318663053215 ], [ 339054.0, 5642811.486007011495531 ], [ 339054.0, 5642812.0 ], [ 339053.0, 5642812.0 ], [ 339053.0, 5642813.0 ], [ 339052.0, 5642813.0 ], [ 339052.0, 5642815.0 ], [ 339054.0, 5642815.0 ], [ 339054.0, 5642816.0 ], [ 339055.0, 5642816.0 ] ] ] ] } },
{ "type": "Feature", "properties": { "DN": 1, "gml_id": "DENW41AL30005dd9FL", "identifier": "urn:adv:oid:DENW41AL30005dd9FL", "aktualit_2": "2024-08-20Z", "idflurst": "DENW41AL30005dd9", "flaeche": 284.0, "flstkennz_": "05468200800299______", "flstnrzae": "299", "flstnrnen": null, "gemarkung": "Horrem", "gemaschl": "054682", "flur": "8", "flurschl": "054682008", "land": "Nordrhein-Westfalen", "landschl": "05", "regbezirk": "Köln", "regbezschl": "053", "kreis": "Rhein-Erft-Kreis", "kreisschl": "05362", "gemeinde": "Kerpen", "gmdschl": "05362032", "abwrecht": "Kein abweichender Rechtszustand", "lagebeztxt": "Bahnhofstraße 10", "tntxt": "Fläche gemischter Nutzung(funktion:Gebäude- und Freifläche Mischnutzung mit Wohnen);284", "area": 284, "other catc": null, "frag area": 36.0, "final area": 36.0 }, "geometry": { "type": "MultiPolygon", "coordinates": [ [ [ [ 339085.0, 5642805.0 ], [ 339085.0, 5642804.535275861620903 ], [ 339083.588818182295654, 5642804.0 ], [ 339082.0, 5642804.0 ], [ 339082.0, 5642803.397344827651978 ], [ 339080.952454546233639, 5642803.0 ], [ 339080.458989384875167, 5642803.0 ], [ 339080.0, 5642804.070810497738421 ], [ 339080.0, 5642805.0 ], [ 339079.60171466472093, 5642805.0 ], [ 339079.0, 5642806.403784926049411 ], [ 339079.0, 5642808.0 ], [ 339080.0, 5642808.0 ], [ 339080.0, 5642809.0 ], [ 339081.0, 5642809.0 ], [ 339081.0, 5642810.0 ], [ 339083.0, 5642810.0 ], [ 339083.0, 5642811.0 ], [ 339084.116323258087505, 5642811.0 ], [ 339086.299, 5642805.028 ], [ 339086.225181818357669, 5642805.0 ], [ 339085.0, 5642805.0 ] ] ] ] } },
{ "type": "Feature", "properties": { "DN": 1, "gml_id": "DENW41AL30005Xx8FL", "identifier": "urn:adv:oid:DENW41AL30005Xx8FL", "aktualit_2": "2024-08-20Z", "idflurst": "DENW41AL30005Xx8", "flaeche": 393.0, "flstkennz_": "05468200800289______", "flstnrzae": "289", "flstnrnen": null, "gemarkung": "Horrem", "gemaschl": "054682", "flur": "8", "flurschl": "054682008", "land": "Nordrhein-Westfalen", "landschl": "05", "regbezirk": "Köln", "regbezschl": "053", "kreis": "Rhein-Erft-Kreis", "kreisschl": "05362", "gemeinde": "Kerpen", "gmdschl": "05362032", "abwrecht": "Kein abweichender Rechtszustand", "lagebeztxt": "Hauptstraße 159", "tntxt": "Fläche gemischter Nutzung(funktion:Gebäude- und Freifläche Mischnutzung mit Wohnen);393", "area": 393, "other catc": null, "frag area": 39.8, "final area": 39.8 }, "geometry": { "type": "MultiPolygon", "coordinates": [ [ [ [ 339061.0, 5642797.0 ], [ 339061.0, 5642796.0 ], [ 339062.0, 5642796.0 ], [ 339062.0, 5642794.0 ], [ 339063.0, 5642794.0 ], [ 339063.0, 5642797.0 ], [ 339064.0, 5642797.0 ], [ 339064.0, 5642795.0 ], [ 339067.0, 5642795.0 ], [ 339067.0, 5642792.0 ], [ 339066.0, 5642792.0 ], [ 339066.0, 5642791.622921488247812 ], [ 339064.108036958263256, 5642791.0 ], [ 339063.0, 5642791.0 ], [ 339063.0, 5642790.635183132253587 ], [ 339061.070795383595396, 5642790.0 ], [ 339058.0, 5642790.0 ], [ 339058.0, 5642792.0 ], [ 339059.0, 5642792.0 ], [ 339059.0, 5642795.0 ], [ 339060.0, 5642795.0 ], [ 339060.0, 5642797.0 ], [ 339061.0, 5642797.0 ] ] ] ] } },
{ "type": "Feature", "properties": { "DN": 1, "gml_id": "DENW41AL30005eh6FL", "identifier": "urn:adv:oid:DENW41AL30005eh6FL", "aktualit_2": "2024-08-20Z", "idflurst": "DENW41AL30005eh6", "flaeche": 1155.0, "flstkennz_": "05468200800755______", "flstnrzae": "755", "flstnrnen": null, "gemarkung": "Horrem", "gemaschl": "054682", "flur": "8", "flurschl": "054682008", "land": "Nordrhein-Westfalen", "landschl": "05", "regbezirk": "Köln", "regbezschl": "053", "kreis": "Rhein-Erft-Kreis", "kreisschl": "05362", "gemeinde": "Kerpen", "gmdschl": "05362032", "abwrecht": "Kein abweichender Rechtszustand", "lagebeztxt": "Höhenweg 12, 16, 18", "tntxt": "Wohnbaufläche;1155", "area": 1155, "other catc": null, "frag area": 50.7, "final area": 49.8 }, "geometry": { "type": "MultiPolygon", "coordinates": [ [ [ [ 339313.0, 5642793.150710759684443 ], [ 339313.0, 5642791.0 ], [ 339313.536648887849879, 5642791.0 ], [ 339314.0, 5642789.143042415380478 ], [ 339314.0, 5642787.0 ], [ 339314.534735470078886, 5642787.0 ], [ 339315.0, 5642785.135374072007835 ], [ 339315.0, 5642783.0 ], [ 339314.0, 5642783.0 ], [ 339314.0, 5642784.0 ], [ 339312.0, 5642784.0 ], [ 339312.0, 5642785.0 ], [ 339311.0, 5642785.0 ], [ 339311.0, 5642786.0 ], [ 339308.0, 5642786.0 ], [ 339308.0, 5642787.0 ], [ 339310.0, 5642787.0 ], [ 339310.0, 5642788.0 ], [ 339312.0, 5642788.0 ], [ 339312.0, 5642790.0 ], [ 339304.0, 5642790.0 ], [ 339304.0, 5642791.509301059879363 ], [ 339305.422825819405261, 5642792.0 ], [ 339307.0, 5642792.0 ], [ 339307.0, 5642792.543988372199237 ], [ 339308.321921347640455, 5642793.0 ], [ 339310.0, 5642793.0 ], [ 339310.0, 5642793.578665845096111 ], [ 339311.222256384498905, 5642794.0 ], [ 339312.0, 5642794.0 ], [ 339312.0, 5642795.0 ], [ 339312.538562305679079, 5642795.0 ], [ 339313.0, 5642793.150710759684443 ] ] ] ] } },
{ "type": "Feature", "properties": { "DN": 1, "gml_id": "DENW41AL30005dOVFL", "identifier": "urn:adv:oid:DENW41AL30005dOVFL", "aktualit_2": "2024-08-20Z", "idflurst": "DENW41AL30005dOV", "flaeche": 349.0, "flstkennz_": "05468200800345______", "flstnrzae": "345", "flstnrnen": null, "gemarkung": "Horrem", "gemaschl": "054682", "flur": "8", "flurschl": "054682008", "land": "Nordrhein-Westfalen", "landschl": "05", "regbezirk": "Köln", "regbezschl": "053", "kreis": "Rhein-Erft-Kreis", "kreisschl": "05362", "gemeinde": "Kerpen", "gmdschl": "05362032", "abwrecht": "Kein abweichender Rechtszustand", "lagebeztxt": "Hauptstraße 160", "tntxt": "Fläche gemischter Nutzung(funktion:Gebäude- und Freifläche Mischnutzung mit Wohnen);349", "area": 342, "other catc": null, "frag area": 52.4, "final area": 52.4 }, "geometry": { "type": "MultiPolygon", "coordinates": [ [ [ [ 338980.613140284141991, 5642788.0 ], [ 338981.0, 5642787.224074143916368 ], [ 338981.0, 5642787.0 ], [ 338980.0, 5642787.0 ], [ 338980.0, 5642786.0 ], [ 338981.0, 5642786.0 ], [ 338981.0, 5642783.0 ], [ 338983.0, 5642783.0 ], [ 338983.0, 5642782.0 ], [ 338983.604609478556085, 5642782.0 ], [ 338984.169, 5642780.867999999783933 ], [ 338984.838999999978114, 5642780.910000000149012 ], [ 338987.0, 5642781.048085100017488 ], [ 338987.0, 5642781.0 ], [ 338988.0, 5642781.0 ], [ 338988.0, 5642781.111983804032207 ], [ 338989.0, 5642781.175882508978248 ], [ 338989.0, 5642774.0 ], [ 338987.0, 5642774.0 ], [ 338987.0, 5642775.0 ], [ 338986.0, 5642775.0 ], [ 338986.0, 5642776.0 ], [ 338983.276078868599143, 5642776.0 ], [ 338983.0, 5642776.561783066019416 ], [ 338983.0, 5642779.0 ], [ 338982.0, 5642779.0 ], [ 338982.0, 5642781.0 ], [ 338981.0, 5642781.0 ], [ 338981.0, 5642782.0 ], [ 338980.327499999955762, 5642782.0 ], [ 338980.0, 5642782.666438875719905 ], [ 338980.0, 5642784.0 ], [ 338979.345029411662836, 5642784.0 ], [ 338979.0, 5642784.702901497483253 ], [ 338979.0, 5642786.0 ], [ 338978.363300356431864, 5642786.0 ], [ 338978.310538196528796, 5642786.107488231733441 ], [ 338978.0, 5642786.740123467519879 ], [ 338978.0, 5642787.90312413033098 ], [ 338980.0, 5642788.184487917460501 ], [ 338980.0, 5642788.0 ], [ 338980.613140284141991, 5642788.0 ] ] ] ] } },
{ "type": "Feature", "properties": { "DN": 1, "gml_id": "DENW41AL30005eh6FL", "identifier": "urn:adv:oid:DENW41AL30005eh6FL", "aktualit_2": "2024-08-20Z", "idflurst": "DENW41AL30005eh6", "flaeche": 1155.0, "flstkennz_": "05468200800755______", "flstnrzae": "755", "flstnrnen": null, "gemarkung": "Horrem", "gemaschl": "054682", "flur": "8", "flurschl": "054682008", "land": "Nordrhein-Westfalen", "landschl": "05", "regbezirk": "Köln", "regbezschl": "053", "kreis": "Rhein-Erft-Kreis", "kreisschl": "05362", "gemeinde": "Kerpen", "gmdschl": "05362032", "abwrecht": "Kein abweichender Rechtszustand", "lagebeztxt": "Höhenweg 12, 16, 18", "tntxt": "Wohnbaufläche;1155", "area": 1155, "other catc": null, "frag area": 17.9, "final area": 17.9 }, "geometry": { "type": "MultiPolygon", "coordinates": [ [ [ [ 339290.0, 5642787.0 ], [ 339290.0, 5642783.0 ], [ 339289.0, 5642783.0 ], [ 339289.0, 5642782.0 ], [ 339288.0, 5642782.0 ], [ 339288.0, 5642779.0 ], [ 339286.732898390386254, 5642779.0 ], [ 339286.0, 5642782.580998795107007 ], [ 339286.0, 5642783.0 ], [ 339285.914245905645657, 5642783.0 ], [ 339285.709582784445956, 5642784.0 ], [ 339287.0, 5642784.0 ], [ 339287.0, 5642785.0 ], [ 339288.0, 5642785.0 ], [ 339288.0, 5642786.0 ], [ 339289.0, 5642786.0 ], [ 339289.0, 5642787.0 ], [ 339290.0, 5642787.0 ] ] ] ] } },
{ "type": "Feature", "properties": { "DN": 1, "gml_id": "DENW41AL30005VcAFL", "identifier": "urn:adv:oid:DENW41AL30005VcAFL", "aktualit_2": "2024-08-20Z", "idflurst": "DENW41AL30005VcA", "flaeche": 310.0, "flstkennz_": "05468200800350______", "flstnrzae": "350", "flstnrnen": null, "gemarkung": "Horrem", "gemaschl": "054682", "flur": "8", "flurschl": "054682008", "land": "Nordrhein-Westfalen", "landschl": "05", "regbezirk": "Köln", "regbezschl": "053", "kreis": "Rhein-Erft-Kreis", "kreisschl": "05362", "gemeinde": "Kerpen", "gmdschl": "05362032", "abwrecht": "Kein abweichender Rechtszustand", "lagebeztxt": "Am Kalkofen 1", "tntxt": "Wohnbaufläche;310", "area": 311, "other catc": null, "frag area": 46.4, "final area": 42.9 }, "geometry": { "type": "MultiPolygon", "coordinates": [ [ [ [ 338976.0, 5642785.0 ], [ 338976.698545921593904, 5642785.0 ], [ 338977.0, 5642784.505834624171257 ], [ 338977.0, 5642784.0 ], [ 338977.308572631969582, 5642784.0 ], [ 338978.162000000011176, 5642782.600999999791384 ], [ 338978.975657645845786, 5642783.0 ], [ 338979.0, 5642783.0 ], [ 338979.0, 5642780.0 ], [ 338980.0, 5642780.0 ], [ 338980.0, 5642779.0 ], [ 338981.0, 5642779.0 ], [ 338981.0, 5642778.0 ], [ 338979.0, 5642778.0 ], [ 338979.0, 5642779.0 ], [ 338978.0, 5642779.0 ], [ 338978.0, 5642780.0 ], [ 338976.0, 5642780.0 ], [ 338976.0, 5642781.0 ], [ 338975.0, 5642781.0 ], [ 338975.0, 5642779.0 ], [ 338973.0, 5642779.0 ], [ 338973.0, 5642778.129674540832639 ], [ 338972.435, 5642779.100999999791384 ], [ 338972.423, 5642779.093999999575317 ], [ 338972.0, 5642779.791630352847278 ], [ 338972.0, 5642781.0 ], [ 338971.267319205973763, 5642781.0 ], [ 338971.0, 5642781.440874685533345 ], [ 338971.0, 5642781.807025735266507 ], [ 338971.338638709159568, 5642782.0 ], [ 338972.0, 5642782.0 ], [ 338972.0, 5642782.37687867693603 ], [ 338973.011, 5642782.95299999974668 ], [ 338972.984880231961142, 5642783.0 ], [ 338973.0, 5642783.0 ], [ 338973.0, 5642784.0 ], [ 338972.429140489024576, 5642784.0 ], [ 338972.0, 5642784.772196868434548 ], [ 338972.0, 5642785.64829477854073 ], [ 338972.617130048980471, 5642786.0 ], [ 338973.0, 5642786.0 ], [ 338973.0, 5642786.218199326656759 ], [ 338974.371809851727448, 5642787.0 ], [ 338975.478492500726134, 5642787.0 ], [ 338976.0, 5642786.145107107236981 ], [ 338976.0, 5642785.0 ] ] ] ] } },
{ "type": "Feature", "properties": { "DN": 1, "gml_id": "DENW41AL30005eh6FL", "identifier": "urn:adv:oid:DENW41AL30005eh6FL", "aktualit_2": "2024-08-20Z", "idflurst": "DENW41AL30005eh6", "flaeche": 1155.0, "flstkennz_": "05468200800755______", "flstnrzae": "755", "flstnrnen": null, "gemarkung": "Horrem", "gemaschl": "054682", "flur": "8", "flurschl": "054682008", "land": "Nordrhein-Westfalen", "landschl": "05", "regbezirk": "Köln", "regbezschl": "053", "kreis": "Rhein-Erft-Kreis", "kreisschl": "05362", "gemeinde": "Kerpen", "gmdschl": "05362032", "abwrecht": "Kein abweichender Rechtszustand", "lagebeztxt": "Höhenweg 12, 16, 18", "tntxt": "Wohnbaufläche;1155", "area": 1155, "other catc": null, "frag area": 94.3, "final area": 94.3 }, "geometry": { "type": "MultiPolygon", "coordinates": [ [ [ [ 339299.0, 5642768.0 ], [ 339299.0, 5642767.0 ], [ 339300.0, 5642767.0 ], [ 339300.0, 5642766.0 ], [ 339302.0, 5642766.0 ], [ 339302.0, 5642765.0 ], [ 339303.0, 5642765.0 ], [ 339303.0, 5642764.0 ], [ 339304.0, 5642764.0 ], [ 339304.0, 5642761.0 ], [ 339301.0, 5642761.0 ], [ 339301.0, 5642760.0 ], [ 339298.0, 5642760.0 ], [ 339298.0, 5642758.258337379433215 ], [ 339297.0, 5642758.055380188859999 ], [ 339297.0, 5642759.0 ], [ 339291.0, 5642759.0 ], [ 339291.0, 5642758.150608156807721 ], [ 339290.0, 5642763.036686284467578 ], [ 339290.0, 5642766.0 ], [ 339292.0, 5642766.0 ], [ 339292.0, 5642767.0 ], [ 339298.0, 5642767.0 ], [ 339298.0, 5642768.0 ], [ 339299.0, 5642768.0 ] ] ] ] } },
{ "type": "Feature", "properties": { "DN": 1, "gml_id": "DENW41AL30005WC9FL", "identifier": "urn:adv:oid:DENW41AL30005WC9FL", "aktualit_2": "2024-08-20Z", "idflurst": "DENW41AL30005WC9", "flaeche": 233.0, "flstkennz_": "05468200800744______", "flstnrzae": "744", "flstnrnen": null, "gemarkung": "Horrem", "gemaschl": "054682", "flur": "8", "flurschl": "054682008", "land": "Nordrhein-Westfalen", "landschl": "05", "regbezirk": "Köln", "regbezschl": "053", "kreis": "Rhein-Erft-Kreis", "kreisschl": "05362", "gemeinde": "Kerpen", "gmdschl": "05362032", "abwrecht": "Kein abweichender Rechtszustand", "lagebeztxt": "Hauptstraße 166", "tntxt": "Fläche gemischter Nutzung(funktion:Gebäude- und Freifläche Mischnutzung mit Wohnen);233", "area": 234, "other catc": null, "frag area": 10.0, "final area": 10.0 }, "geometry": { "type": "MultiPolygon", "coordinates": [ [ [ [ 339005.0, 5642757.0 ], [ 339005.0, 5642754.0 ], [ 339002.0, 5642754.0 ], [ 339002.0, 5642756.0 ], [ 339001.0, 5642756.0 ], [ 339001.0, 5642757.0 ], [ 339005.0, 5642757.0 ] ] ] ] } },
{ "type": "Feature", "properties": { "DN": 1, "gml_id": "DENW41AL30005WC9FL", "identifier": "urn:adv:oid:DENW41AL30005WC9FL", "aktualit_2": "2024-08-20Z", "idflurst": "DENW41AL30005WC9", "flaeche": 233.0, "flstkennz_": "05468200800744______", "flstnrzae": "744", "flstnrnen": null, "gemarkung": "Horrem", "gemaschl": "054682", "flur": "8", "flurschl": "054682008", "land": "Nordrhein-Westfalen", "landschl": "05", "regbezirk": "Köln", "regbezschl": "053", "kreis": "Rhein-Erft-Kreis", "kreisschl": "05362", "gemeinde": "Kerpen", "gmdschl": "05362032", "abwrecht": "Kein abweichender Rechtszustand", "lagebeztxt": "Hauptstraße 166", "tntxt": "Fläche gemischter Nutzung(funktion:Gebäude- und Freifläche Mischnutzung mit Wohnen);233", "area": 234, "other catc": null, "frag area": 15.9, "final area": 15.9 }, "geometry": { "type": "MultiPolygon", "coordinates": [ [ [ [ 339000.0, 5642760.0 ], [ 339000.0, 5642758.0 ], [ 338999.0, 5642758.0 ], [ 338999.0, 5642757.0 ], [ 338998.0, 5642757.0 ], [ 338998.0, 5642756.0 ], [ 338999.0, 5642756.0 ], [ 338999.0, 5642754.0 ], [ 339000.0, 5642754.0 ], [ 339000.0, 5642753.0 ], [ 338998.0, 5642753.0 ], [ 338998.0, 5642754.0 ], [ 338997.306261253776029, 5642754.0 ], [ 338997.0, 5642755.44868974480778 ], [ 338997.0, 5642756.0 ], [ 338996.883449875749648, 5642756.0 ], [ 338996.249232808651868, 5642759.0 ], [ 338997.0, 5642759.0 ], [ 338997.0, 5642759.751314639113843 ], [ 338998.155041941790842, 5642760.0 ], [ 339000.0, 5642760.0 ] ] ] ] } },
{ "type": "Feature", "properties": { "DN": 1, "gml_id": "DENW41AL30005a4gFL", "identifier": "urn:adv:oid:DENW41AL30005a4gFL", "aktualit_2": "2024-08-20Z", "idflurst": "DENW41AL30005a4g", "flaeche": 303.0, "flstkennz_": "054682021001320020__", "flstnrzae": "132", "flstnrnen": "20", "gemarkung": "Horrem", "gemaschl": "054682", "flur": "21", "flurschl": "054682021", "land": "Nordrhein-Westfalen", "landschl": "05", "regbezirk": "Köln", "regbezschl": "053", "kreis": "Rhein-Erft-Kreis", "kreisschl": "05362", "gemeinde": "Kerpen", "gmdschl": "05362032", "abwrecht": "Kein abweichender Rechtszustand", "lagebeztxt": "Sistenichstraße 2", "tntxt": "Wohnbaufläche;303", "area": 302, "other catc": null, "frag area": 25.0, "final area": 13.4 }, "geometry": { "type": "MultiPolygon", "coordinates": [ [ [ [ 338883.0, 5642736.0 ], [ 338884.0, 5642736.0 ], [ 338884.0, 5642735.0 ], [ 338883.335538955987431, 5642735.0 ], [ 338882.767, 5642736.497999999672174 ], [ 338882.245, 5642736.299999999813735 ], [ 338875.0, 5642733.549829963594675 ], [ 338875.0, 5642735.0 ], [ 338877.0, 5642735.0 ], [ 338877.0, 5642736.0 ], [ 338879.0, 5642736.0 ], [ 338879.0, 5642737.0 ], [ 338880.0, 5642737.0 ], [ 338880.0, 5642738.0 ], [ 338883.0, 5642738.0 ], [ 338883.0, 5642736.0 ] ] ] ] } },
{ "type": "Feature", "properties": { "DN": 1, "gml_id": "DENW41AL30005RlPFL", "identifier": "urn:adv:oid:DENW41AL30005RlPFL", "aktualit_2": "2024-08-20Z", "idflurst": "DENW41AL30005RlP", "flaeche": 524.0, "flstkennz_": "05468202100026______", "flstnrzae": "26", "flstnrnen": null, "gemarkung": "Horrem", "gemaschl": "054682", "flur": "21", "flurschl": "054682021", "land": "Nordrhein-Westfalen", "landschl": "05", "regbezirk": "Köln", "regbezschl": "053", "kreis": "Rhein-Erft-Kreis", "kreisschl": "05362", "gemeinde": "Kerpen", "gmdschl": "05362032", "abwrecht": "Kein abweichender Rechtszustand", "lagebeztxt": "Merkurweg 6; Sistenichstraße 7", "tntxt": "Wohnbaufläche;524", "area": 522, "other catc": null, "frag area": 38.6, "final area": 38.6 }, "geometry": { "type": "MultiPolygon", "coordinates": [ [ [ [ 338969.0, 5642735.0 ], [ 338969.646230891288724, 5642735.0 ], [ 338970.0, 5642733.993290614336729 ], [ 338970.0, 5642733.0 ], [ 338970.349053599813487, 5642733.0 ], [ 338971.0, 5642731.147622743621469 ], [ 338971.0, 5642730.0 ], [ 338971.403287662484217, 5642730.0 ], [ 338971.754699016746599, 5642729.0 ], [ 338970.0, 5642729.0 ], [ 338970.0, 5642728.0 ], [ 338968.0, 5642728.0 ], [ 338968.0, 5642729.0 ], [ 338966.0, 5642729.0 ], [ 338966.0, 5642731.0 ], [ 338964.0, 5642731.0 ], [ 338964.0, 5642732.0 ], [ 338962.0, 5642732.0 ], [ 338962.0, 5642732.870275793597102 ], [ 338969.0, 5642735.541590228676796 ], [ 338969.0, 5642735.0 ] ] ], [ [ [ 338961.0, 5642732.0 ], [ 338959.719500754668843, 5642732.0 ], [ 338961.0, 5642732.48865944519639 ], [ 338961.0, 5642732.0 ] ] ] ] } },
{ "type": "Feature", "properties": { "DN": 1, "gml_id": "DENW41AL30005ZaAFL", "identifier": "urn:adv:oid:DENW41AL30005ZaAFL", "aktualit_2": "2024-08-20Z", "idflurst": "DENW41AL30005ZaA", "flaeche": 444.0, "flstkennz_": "05468202100025______", "flstnrzae": "25", "flstnrnen": null, "gemarkung": "Horrem", "gemaschl": "054682", "flur": "21", "flurschl": "054682021", "land": "Nordrhein-Westfalen", "landschl": "05", "regbezirk": "Köln", "regbezschl": "053", "kreis": "Rhein-Erft-Kreis", "kreisschl": "05362", "gemeinde": "Kerpen", "gmdschl": "05362032", "abwrecht": "Kein abweichender Rechtszustand", "lagebeztxt": "Merkurweg 4; Sistenichstraße 5", "tntxt": "Wohnbaufläche;444", "area": 442, "other catc": null, "frag area": 23.8, "final area": 23.8 }, "geometry": { "type": "MultiPolygon", "coordinates": [ [ [ [ 338958.892423731682356, 5642736.0 ], [ 338969.0, 5642735.706666503101587 ], [ 338969.0, 5642735.541590228676796 ], [ 338962.0, 5642732.870275793597102 ], [ 338962.0, 5642733.0 ], [ 338961.0, 5642733.0 ], [ 338961.0, 5642732.48865944519639 ], [ 338959.719500754668843, 5642732.0 ], [ 338959.0, 5642732.0 ], [ 338959.0, 5642735.0 ], [ 338957.0, 5642735.0 ], [ 338957.0, 5642736.0 ], [ 338958.892423731682356, 5642736.0 ] ] ] ] } },
{ "type": "Feature", "properties": { "DN": 1, "gml_id": "DENW41AL30005ZaAFL", "identifier": "urn:adv:oid:DENW41AL30005ZaAFL", "aktualit_2": "2024-08-20Z", "idflurst": "DENW41AL30005ZaA", "flaeche": 444.0, "flstkennz_": "05468202100025______", "flstnrzae": "25", "flstnrnen": null, "gemarkung": "Horrem", "gemaschl": "054682", "flur": "21", "flurschl": "054682021", "land": "Nordrhein-Westfalen", "landschl": "05", "regbezirk": "Köln", "regbezschl": "053", "kreis": "Rhein-Erft-Kreis", "kreisschl": "05362", "gemeinde": "Kerpen", "gmdschl": "05362032", "abwrecht": "Kein abweichender Rechtszustand", "lagebeztxt": "Merkurweg 4; Sistenichstraße 5", "tntxt": "Wohnbaufläche;444", "area": 442, "other catc": null, "frag area": 57.9, "final area": 56.7 }, "geometry": { "type": "MultiPolygon", "coordinates": [ [ [ [ 338941.0, 5642734.0 ], [ 338942.0, 5642734.0 ], [ 338942.0, 5642732.0 ], [ 338946.0, 5642732.0 ], [ 338946.0, 5642731.0 ], [ 338940.0, 5642731.0 ], [ 338940.0, 5642728.668776286765933 ], [ 338938.247696364996955, 5642728.0 ], [ 338937.0, 5642728.0 ], [ 338937.0, 5642727.523809843696654 ], [ 338936.39000000001397, 5642727.291000000201166 ], [ 338937.0, 5642725.698900000192225 ], [ 338937.0, 5642724.0 ], [ 338936.0, 5642724.0 ], [ 338936.0, 5642726.0 ], [ 338935.0, 5642726.0 ], [ 338935.0, 5642729.0 ], [ 338934.0, 5642729.0 ], [ 338934.0, 5642730.0 ], [ 338933.0, 5642730.0 ], [ 338933.0, 5642732.842864213511348 ], [ 338933.395600638992619, 5642733.0 ], [ 338935.0, 5642733.0 ], [ 338935.0, 5642733.63740786537528 ], [ 338935.9121221548412, 5642734.0 ], [ 338936.0, 5642734.0 ], [ 338936.0, 5642734.034933715127409 ], [ 338938.427681839093566, 5642735.0 ], [ 338939.0, 5642735.0 ], [ 338939.0, 5642735.227511262521148 ], [ 338940.01500000001397, 5642735.631 ], [ 338940.945278541068546, 5642736.0 ], [ 338941.0, 5642736.0 ], [ 338941.0, 5642734.0 ] ] ] ] } },
{ "type": "Feature", "properties": { "DN": 1, "gml_id": "DENW41AL30005eyDFL", "identifier": "urn:adv:oid:DENW41AL30005eyDFL", "aktualit_2": "2024-08-20Z", "idflurst": "DENW41AL30005eyD", "flaeche": 448.0, "flstkennz_": "05468202100023______", "flstnrzae": "23", "flstnrnen": null, "gemarkung": "Horrem", "gemaschl": "054682", "flur": "21", "flurschl": "054682021", "land": "Nordrhein-Westfalen", "landschl": "05", "regbezirk": "Köln", "regbezschl": "053", "kreis": "Rhein-Erft-Kreis", "kreisschl": "05362", "gemeinde": "Kerpen", "gmdschl": "05362032", "abwrecht": "Kein abweichender Rechtszustand", "lagebeztxt": "Merkurweg 2; Sistenichstraße 3", "tntxt": "Wohnbaufläche;448", "area": 444, "other catc": null, "frag area": 39.1, "final area": 37.1 }, "geometry": { "type": "MultiPolygon", "coordinates": [ [ [ [ 338944.0, 5642742.0 ], [ 338943.641788066015579, 5642742.0 ], [ 338943.12, 5642743.309000000357628 ], [ 338942.342368420329876, 5642743.0 ], [ 338941.0, 5642743.0 ], [ 338941.0, 5642742.466595939360559 ], [ 338939.825761369196698, 5642742.0 ], [ 338939.0, 5642742.0 ], [ 338939.0, 5642741.67187512665987 ], [ 338938.195, 5642741.352 ], [ 338939.0, 5642739.332716291770339 ], [ 338939.0, 5642738.0 ], [ 338939.53129563271068, 5642738.0 ], [ 338940.0, 5642736.824289325624704 ], [ 338940.0, 5642736.0 ], [ 338940.328608062700368, 5642736.0 ], [ 338940.331, 5642735.994 ], [ 338940.345992382033728, 5642736.0 ], [ 338940.945278541068546, 5642736.0 ], [ 338940.01500000001397, 5642735.631 ], [ 338939.0, 5642735.227511262521148 ], [ 338939.0, 5642736.0 ], [ 338938.0, 5642736.0 ], [ 338938.0, 5642735.0 ], [ 338938.427681839093566, 5642735.0 ], [ 338936.0, 5642734.034933715127409 ], [ 338936.0, 5642735.0 ], [ 338937.0, 5642735.0 ], [ 338937.0, 5642736.0 ], [ 338936.0, 5642736.0 ], [ 338936.0, 5642738.0 ], [ 338935.0, 5642738.0 ], [ 338935.0, 5642742.0 ], [ 338936.0, 5642742.0 ], [ 338936.0, 5642743.0 ], [ 338938.0, 5642743.0 ], [ 338938.0, 5642744.0 ], [ 338944.0, 5642744.0 ], [ 338944.0, 5642742.0 ] ] ], [ [ [ 338933.395600638992619, 5642733.0 ], [ 338933.0, 5642732.842864213511348 ], [ 338933.0, 5642733.0 ], [ 338933.395600638992619, 5642733.0 ] ] ], [ [ [ 338935.9121221548412, 5642734.0 ], [ 338935.0, 5642733.63740786537528 ], [ 338935.0, 5642734.0 ], [ 338935.9121221548412, 5642734.0 ] ] ] ] } },
{ "type": "Feature", "properties": { "DN": 1, "gml_id": "DENW41AL30005dR3FL", "identifier": "urn:adv:oid:DENW41AL30005dR3FL", "aktualit_2": "2024-08-20Z", "idflurst": "DENW41AL30005dR3", "flaeche": 2265.0, "flstkennz_": "05468200800839______", "flstnrzae": "839", "flstnrnen": null, "gemarkung": "Horrem", "gemaschl": "054682", "flur": "8", "flurschl": "054682008", "land": "Nordrhein-Westfalen", "landschl": "05", "regbezirk": "Köln", "regbezschl": "053", "kreis": "Rhein-Erft-Kreis", "kreisschl": "05362", "gemeinde": "Kerpen", "gmdschl": "05362032", "abwrecht": "Kein abweichender Rechtszustand", "lagebeztxt": "Kirschkaul 1, 3, 5", "tntxt": "Wohnbaufläche;2265", "area": 2258, "other catc": null, "frag area": 20.0, "final area": 20.0 }, "geometry": { "type": "MultiPolygon", "coordinates": [ [ [ [ 339242.0, 5642737.0 ], [ 339242.0, 5642736.0 ], [ 339240.0, 5642736.0 ], [ 339240.0, 5642735.0 ], [ 339238.0, 5642735.0 ], [ 339238.0, 5642734.0 ], [ 339237.0, 5642734.0 ], [ 339237.0, 5642733.0 ], [ 339235.0, 5642733.0 ], [ 339235.0, 5642732.0 ], [ 339233.0, 5642732.0 ], [ 339233.0, 5642731.0 ], [ 339232.0, 5642731.0 ], [ 339232.0, 5642732.0 ], [ 339231.0, 5642732.0 ], [ 339231.0, 5642733.0 ], [ 339233.0, 5642733.0 ], [ 339233.0, 5642734.0 ], [ 339235.0, 5642734.0 ], [ 339235.0, 5642735.0 ], [ 339236.0, 5642735.0 ], [ 339236.0, 5642736.0 ], [ 339238.0, 5642736.0 ], [ 339238.0, 5642737.0 ], [ 339242.0, 5642737.0 ] ] ] ] } },
{ "type": "Feature", "properties": { "DN": 1, "gml_id": "DENW41AL30005dR3FL", "identifier": "urn:adv:oid:DENW41AL30005dR3FL", "aktualit_2": "2024-08-20Z", "idflurst": "DENW41AL30005dR3", "flaeche": 2265.0, "flstkennz_": "05468200800839______", "flstnrzae": "839", "flstnrnen": null, "gemarkung": "Horrem", "gemaschl": "054682", "flur": "8", "flurschl": "054682008", "land": "Nordrhein-Westfalen", "landschl": "05", "regbezirk": "Köln", "regbezschl": "053", "kreis": "Rhein-Erft-Kreis", "kreisschl": "05362", "gemeinde": "Kerpen", "gmdschl": "05362032", "abwrecht": "Kein abweichender Rechtszustand", "lagebeztxt": "Kirschkaul 1, 3, 5", "tntxt": "Wohnbaufläche;2265", "area": 2258, "other catc": null, "frag area": 28.0, "final area": 28.0 }, "geometry": { "type": "MultiPolygon", "coordinates": [ [ [ [ 339218.0, 5642732.0 ], [ 339218.0, 5642729.0 ], [ 339219.0, 5642729.0 ], [ 339219.0, 5642730.0 ], [ 339221.0, 5642730.0 ], [ 339221.0, 5642729.0 ], [ 339220.0, 5642729.0 ], [ 339220.0, 5642728.0 ], [ 339218.0, 5642728.0 ], [ 339218.0, 5642727.0 ], [ 339216.0, 5642727.0 ], [ 339216.0, 5642726.0 ], [ 339215.0, 5642726.0 ], [ 339215.0, 5642727.0 ], [ 339214.0, 5642727.0 ], [ 339214.0, 5642728.0 ], [ 339210.0, 5642728.0 ], [ 339210.0, 5642727.0 ], [ 339208.0, 5642727.0 ], [ 339208.0, 5642728.0 ], [ 339209.0, 5642728.0 ], [ 339209.0, 5642729.0 ], [ 339211.0, 5642729.0 ], [ 339211.0, 5642730.0 ], [ 339212.0, 5642730.0 ], [ 339212.0, 5642729.0 ], [ 339215.0, 5642729.0 ], [ 339215.0, 5642731.0 ], [ 339217.0, 5642731.0 ], [ 339217.0, 5642732.0 ], [ 339218.0, 5642732.0 ] ] ] ] } },
{ "type": "Feature", "properties": { "DN": 1, "gml_id": "DENW41AL30005dR3FL", "identifier": "urn:adv:oid:DENW41AL30005dR3FL", "aktualit_2": "2024-08-20Z", "idflurst": "DENW41AL30005dR3", "flaeche": 2265.0, "flstkennz_": "05468200800839______", "flstnrzae": "839", "flstnrnen": null, "gemarkung": "Horrem", "gemaschl": "054682", "flur": "8", "flurschl": "054682008", "land": "Nordrhein-Westfalen", "landschl": "05", "regbezirk": "Köln", "regbezschl": "053", "kreis": "Rhein-Erft-Kreis", "kreisschl": "05362", "gemeinde": "Kerpen", "gmdschl": "05362032", "abwrecht": "Kein abweichender Rechtszustand", "lagebeztxt": "Kirschkaul 1, 3, 5", "tntxt": "Wohnbaufläche;2265", "area": 2258, "other catc": null, "frag area": 131.6, "final area": 130.7 }, "geometry": { "type": "MultiPolygon", "coordinates": [ [ [ [ 339195.0, 5642735.0 ], [ 339196.0, 5642735.0 ], [ 339196.0, 5642736.0 ], [ 339199.0, 5642736.0 ], [ 339199.0, 5642735.0 ], [ 339200.0, 5642735.0 ], [ 339200.0, 5642733.0 ], [ 339201.0, 5642733.0 ], [ 339201.0, 5642731.0 ], [ 339204.0, 5642731.0 ], [ 339204.0, 5642730.0 ], [ 339205.0, 5642730.0 ], [ 339205.0, 5642728.0 ], [ 339204.0, 5642728.0 ], [ 339204.0, 5642727.0 ], [ 339200.0, 5642727.0 ], [ 339200.0, 5642726.0 ], [ 339198.0, 5642726.0 ], [ 339198.0, 5642724.0 ], [ 339197.0, 5642724.0 ], [ 339197.0, 5642728.0 ], [ 339196.0, 5642728.0 ], [ 339196.0, 5642730.0 ], [ 339195.0, 5642730.0 ], [ 339195.0, 5642732.0 ], [ 339194.0, 5642732.0 ], [ 339194.0, 5642733.0 ], [ 339192.0, 5642733.0 ], [ 339192.0, 5642732.0 ], [ 339189.0, 5642732.0 ], [ 339189.0, 5642731.0 ], [ 339188.0, 5642731.0 ], [ 339188.0, 5642730.0 ], [ 339189.0, 5642730.0 ], [ 339189.0, 5642728.0 ], [ 339189.631378480466083, 5642728.0 ], [ 339190.0, 5642726.661652019247413 ], [ 339190.0, 5642725.0 ], [ 339190.457669231807813, 5642725.0 ], [ 339191.0, 5642723.030968758277595 ], [ 339191.0, 5642720.0 ], [ 339191.834820484102238, 5642720.0 ], [ 339192.0, 5642719.400285496376455 ], [ 339192.0, 5642716.0 ], [ 339190.0, 5642716.0 ], [ 339190.0, 5642717.0 ], [ 339189.538172383327037, 5642717.0 ], [ 339189.0, 5642719.149380085989833 ], [ 339189.0, 5642721.0 ], [ 339188.536632661765907, 5642721.0 ], [ 339188.0, 5642723.143230668269098 ], [ 339188.0, 5642725.0 ], [ 339187.535092940204777, 5642725.0 ], [ 339187.0, 5642727.137081250548363 ], [ 339187.0, 5642729.0 ], [ 339186.533553218643647, 5642729.0 ], [ 339186.0, 5642731.130931832827628 ], [ 339186.0, 5642733.0 ], [ 339185.532013497082517, 5642733.0 ], [ 339185.281628566677682, 5642734.0 ], [ 339186.0, 5642734.0 ], [ 339186.0, 5642734.471653073094785 ], [ 339188.0, 5642734.814927571453154 ], [ 339187.660049691912718, 5642734.756579435430467 ], [ 339187.667000000015832, 5642734.731999999843538 ], [ 339187.716000000014901, 5642734.559000000357628 ], [ 339188.0, 5642734.636901272460818 ], [ 339188.0, 5642734.0 ], [ 339190.0, 5642734.0 ], [ 339190.0, 5642735.1582020688802 ], [ 339190.12699999997858, 5642735.179999999701977 ], [ 339194.712052740622312, 5642736.0 ], [ 339195.0, 5642736.0 ], [ 339195.0, 5642735.0 ] ] ] ] } },
{ "type": "Feature", "properties": { "DN": 1, "gml_id": "DENW41AL30005ZaAFL", "identifier": "urn:adv:oid:DENW41AL30005ZaAFL", "aktualit_2": "2024-08-20Z", "idflurst": "DENW41AL30005ZaA", "flaeche": 444.0, "flstkennz_": "05468202100025______", "flstnrzae": "25", "flstnrnen": null, "gemarkung": "Horrem", "gemaschl": "054682", "flur": "21", "flurschl": "054682021", "land": "Nordrhein-Westfalen", "landschl": "05", "regbezirk": "Köln", "regbezschl": "053", "kreis": "Rhein-Erft-Kreis", "kreisschl": "05362", "gemeinde": "Kerpen", "gmdschl": "05362032", "abwrecht": "Kein abweichender Rechtszustand", "lagebeztxt": "Merkurweg 4; Sistenichstraße 5", "tntxt": "Wohnbaufläche;444", "area": 442, "other catc": null, "frag area": 10.3, "final area": 10.3 }, "geometry": { "type": "MultiPolygon", "coordinates": [ [ [ [ 338921.0, 5642726.0 ], [ 338920.0, 5642726.0 ], [ 338920.0, 5642724.0 ], [ 338919.0, 5642724.0 ], [ 338919.0, 5642723.0 ], [ 338918.367614536429755, 5642723.0 ], [ 338918.0, 5642723.966578947380185 ], [ 338918.0, 5642725.0 ], [ 338917.606963712198194, 5642725.0 ], [ 338917.065, 5642726.424999999813735 ], [ 338920.724999999976717, 5642727.957999999634922 ], [ 338921.0, 5642728.066993444226682 ], [ 338921.0, 5642726.0 ] ] ] ] } },
{ "type": "Feature", "properties": { "DN": 1, "gml_id": "DENW41AL30005eyDFL", "identifier": "urn:adv:oid:DENW41AL30005eyDFL", "aktualit_2": "2024-08-20Z", "idflurst": "DENW41AL30005eyD", "flaeche": 448.0, "flstkennz_": "05468202100023______", "flstnrzae": "23", "flstnrnen": null, "gemarkung": "Horrem", "gemaschl": "054682", "flur": "21", "flurschl": "054682021", "land": "Nordrhein-Westfalen", "landschl": "05", "regbezirk": "Köln", "regbezschl": "053", "kreis": "Rhein-Erft-Kreis", "kreisschl": "05362", "gemeinde": "Kerpen", "gmdschl": "05362032", "abwrecht": "Kein abweichender Rechtszustand", "lagebeztxt": "Merkurweg 2; Sistenichstraße 3", "tntxt": "Wohnbaufläche;448", "area": 444, "other catc": null, "frag area": 34.8, "final area": 34.8 }, "geometry": { "type": "MultiPolygon", "coordinates": [ [ [ [ 338918.0, 5642736.0 ], [ 338918.0, 5642735.0 ], [ 338919.0, 5642735.0 ], [ 338919.0, 5642734.0 ], [ 338920.0, 5642734.0 ], [ 338920.0, 5642732.0 ], [ 338921.0, 5642732.0 ], [ 338921.0, 5642731.0 ], [ 338923.0, 5642731.0 ], [ 338923.0, 5642729.0 ], [ 338921.0, 5642729.0 ], [ 338921.0, 5642728.066993444226682 ], [ 338920.724999999976717, 5642727.957999999634922 ], [ 338917.065, 5642726.424999999813735 ], [ 338917.0, 5642726.595871456898749 ], [ 338917.0, 5642728.0 ], [ 338916.465865411795676, 5642728.0 ], [ 338916.0, 5642729.22466310299933 ], [ 338916.0, 5642732.0 ], [ 338917.0, 5642732.0 ], [ 338917.0, 5642733.0 ], [ 338918.0, 5642733.0 ], [ 338918.0, 5642734.0 ], [ 338917.0, 5642734.0 ], [ 338917.0, 5642736.0 ], [ 338918.0, 5642736.0 ] ] ] ] } },
{ "type": "Feature", "properties": { "DN": 1, "gml_id": "DENW41AL30005RlPFL", "identifier": "urn:adv:oid:DENW41AL30005RlPFL", "aktualit_2": "2024-08-20Z", "idflurst": "DENW41AL30005RlP", "flaeche": 524.0, "flstkennz_": "05468202100026______", "flstnrzae": "26", "flstnrnen": null, "gemarkung": "Horrem", "gemaschl": "054682", "flur": "21", "flurschl": "054682021", "land": "Nordrhein-Westfalen", "landschl": "05", "regbezirk": "Köln", "regbezschl": "053", "kreis": "Rhein-Erft-Kreis", "kreisschl": "05362", "gemeinde": "Kerpen", "gmdschl": "05362032", "abwrecht": "Kein abweichender Rechtszustand", "lagebeztxt": "Merkurweg 6; Sistenichstraße 7", "tntxt": "Wohnbaufläche;524", "area": 522, "other catc": null, "frag area": 87.1, "final area": 87.1 }, "geometry": { "type": "MultiPolygon", "coordinates": [ [ [ [ 338951.0, 5642725.0 ], [ 338954.0, 5642725.0 ], [ 338954.0, 5642726.0 ], [ 338955.0, 5642726.0 ], [ 338955.0, 5642725.0 ], [ 338956.0, 5642725.0 ], [ 338956.0, 5642723.0 ], [ 338955.0, 5642723.0 ], [ 338955.0, 5642722.0 ], [ 338952.0, 5642722.0 ], [ 338952.0, 5642721.0 ], [ 338950.0, 5642721.0 ], [ 338950.0, 5642723.0 ], [ 338949.0, 5642723.0 ], [ 338949.0, 5642724.0 ], [ 338946.0, 5642724.0 ], [ 338946.0, 5642723.0 ], [ 338944.0, 5642723.0 ], [ 338944.0, 5642722.0 ], [ 338945.0, 5642722.0 ], [ 338945.0, 5642721.0 ], [ 338946.0, 5642721.0 ], [ 338946.0, 5642719.0 ], [ 338944.0, 5642719.0 ], [ 338944.0, 5642718.0 ], [ 338942.0, 5642718.0 ], [ 338942.0, 5642717.0 ], [ 338938.0, 5642717.0 ], [ 338938.0, 5642718.0 ], [ 338937.0, 5642718.0 ], [ 338937.0, 5642719.0 ], [ 338939.0, 5642719.0 ], [ 338939.0, 5642720.0 ], [ 338940.0, 5642720.0 ], [ 338940.0, 5642722.0 ], [ 338939.0, 5642722.0 ], [ 338939.0, 5642721.0 ], [ 338937.0, 5642721.0 ], [ 338937.0, 5642720.0 ], [ 338936.0, 5642720.0 ], [ 338936.0, 5642722.948088470846415 ], [ 338936.136019728612155, 5642723.0 ], [ 338937.0, 5642723.0 ], [ 338937.0, 5642723.329735529609025 ], [ 338937.792000000015832, 5642723.632000000216067 ], [ 338938.75657008739654, 5642724.0 ], [ 338940.0, 5642724.0 ], [ 338940.0, 5642724.474389797076583 ], [ 338941.371960947581101, 5642724.997816382907331 ], [ 338941.377684456761926, 5642725.0 ], [ 338946.0, 5642725.0 ], [ 338946.0, 5642726.0 ], [ 338948.0, 5642726.0 ], [ 338948.0, 5642727.0 ], [ 338951.0, 5642727.0 ], [ 338951.0, 5642725.0 ] ], [ [ 338950.0, 5642725.0 ], [ 338950.0, 5642724.0 ], [ 338951.0, 5642724.0 ], [ 338951.0, 5642725.0 ], [ 338950.0, 5642725.0 ] ] ] ] } },
{ "type": "Feature", "properties": { "DN": 1, "gml_id": "DENW41AL30005XtwFL", "identifier": "urn:adv:oid:DENW41AL30005XtwFL", "aktualit_2": "2024-08-20Z", "idflurst": "DENW41AL30005Xtw", "flaeche": 464.0, "flstkennz_": "05468202100018______", "flstnrzae": "18", "flstnrnen": null, "gemarkung": "Horrem", "gemaschl": "054682", "flur": "21", "flurschl": "054682021", "land": "Nordrhein-Westfalen", "landschl": "05", "regbezirk": "Köln", "regbezschl": "053", "kreis": "Rhein-Erft-Kreis", "kreisschl": "05362", "gemeinde": "Kerpen", "gmdschl": "05362032", "abwrecht": "Kein abweichender Rechtszustand", "lagebeztxt": "Sistenichstraße 6", "tntxt": "Wohnbaufläche;464", "area": 463, "other catc": null, "frag area": 13.2, "final area": 12.5 }, "geometry": { "type": "MultiPolygon", "coordinates": [ [ [ [ 338864.0, 5642715.0 ], [ 338864.0, 5642713.0 ], [ 338865.0, 5642713.0 ], [ 338865.0, 5642712.0 ], [ 338864.0, 5642712.0 ], [ 338864.0, 5642711.0 ], [ 338863.0, 5642711.0 ], [ 338863.0, 5642710.0 ], [ 338862.436778245260939, 5642710.0 ], [ 338862.0, 5642711.093270028941333 ], [ 338862.0, 5642712.0 ], [ 338861.637747385830153, 5642712.0 ], [ 338861.0, 5642713.596302266232669 ], [ 338861.0, 5642714.734271123073995 ], [ 338861.681999999971595, 5642714.99199999962002 ], [ 338863.0, 5642715.490744707174599 ], [ 338863.0, 5642715.0 ], [ 338864.0, 5642715.0 ] ] ] ] } },
{ "type": "Feature", "properties": { "DN": 1, "gml_id": "DENW41AL30005ZaTFL", "identifier": "urn:adv:oid:DENW41AL30005ZaTFL", "aktualit_2": "2024-08-20Z", "idflurst": "DENW41AL30005ZaT", "flaeche": 418.0, "flstkennz_": "05468200800043______", "flstnrzae": "43", "flstnrnen": null, "gemarkung": "Horrem", "gemaschl": "054682", "flur": "8", "flurschl": "054682008", "land": "Nordrhein-Westfalen", "landschl": "05", "regbezirk": "Köln", "regbezschl": "053", "kreis": "Rhein-Erft-Kreis", "kreisschl": "05362", "gemeinde": "Kerpen", "gmdschl": "05362032", "abwrecht": "Kein abweichender Rechtszustand", "lagebeztxt": "Höhenweg 24", "tntxt": "Wohnbaufläche;418", "area": 419, "other catc": null, "frag area": 23.0, "final area": 23.0 }, "geometry": { "type": "MultiPolygon", "coordinates": [ [ [ [ 339310.0, 5642718.0 ], [ 339310.0, 5642715.0 ], [ 339308.0, 5642715.0 ], [ 339308.0, 5642714.0 ], [ 339303.0, 5642714.0 ], [ 339303.0, 5642717.0 ], [ 339306.0, 5642717.0 ], [ 339306.0, 5642718.0 ], [ 339310.0, 5642718.0 ] ] ] ] } },
{ "type": "Feature", "properties": { "DN": 1, "gml_id": "DENW41AL30005XtwFL", "identifier": "urn:adv:oid:DENW41AL30005XtwFL", "aktualit_2": "2024-08-20Z", "idflurst": "DENW41AL30005Xtw", "flaeche": 464.0, "flstkennz_": "05468202100018______", "flstnrzae": "18", "flstnrnen": null, "gemarkung": "Horrem", "gemaschl": "054682", "flur": "21", "flurschl": "054682021", "land": "Nordrhein-Westfalen", "landschl": "05", "regbezirk": "Köln", "regbezschl": "053", "kreis": "Rhein-Erft-Kreis", "kreisschl": "05362", "gemeinde": "Kerpen", "gmdschl": "05362032", "abwrecht": "Kein abweichender Rechtszustand", "lagebeztxt": "Sistenichstraße 6", "tntxt": "Wohnbaufläche;464", "area": 463, "other catc": null, "frag area": 18.9, "final area": 18.1 }, "geometry": { "type": "MultiPolygon", "coordinates": [ [ [ [ 338853.0, 5642711.0 ], [ 338853.0, 5642709.0 ], [ 338854.0, 5642709.0 ], [ 338854.0, 5642708.0 ], [ 338855.0, 5642708.0 ], [ 338855.0, 5642707.0 ], [ 338856.0, 5642707.0 ], [ 338856.0, 5642706.0 ], [ 338856.914027203863952, 5642706.0 ], [ 338857.0, 5642705.784932577051222 ], [ 338857.0, 5642705.0 ], [ 338857.313775314716622, 5642705.0 ], [ 338857.592, 5642704.303999999538064 ], [ 338856.728195122617763, 5642704.0 ], [ 338855.0, 5642704.0 ], [ 338855.0, 5642703.361505390144885 ], [ 338854.617000000027474, 5642703.217000000178814 ], [ 338854.616197342053056, 5642703.21664556208998 ], [ 338854.0, 5642704.339115966111422 ], [ 338854.0, 5642705.0 ], [ 338853.6371975747752, 5642705.0 ], [ 338853.0, 5642706.160724610090256 ], [ 338853.0, 5642707.0 ], [ 338852.539266903826501, 5642707.0 ], [ 338852.0, 5642707.982333253137767 ], [ 338852.0, 5642709.0 ], [ 338851.441336232877802, 5642709.0 ], [ 338851.0, 5642709.803941896185279 ], [ 338851.0, 5642710.950210205279291 ], [ 338852.0, 5642711.328732673078775 ], [ 338852.0, 5642711.0 ], [ 338853.0, 5642711.0 ] ], [ [ 338854.0, 5642707.0 ], [ 338854.0, 5642706.0 ], [ 338855.0, 5642706.0 ], [ 338855.0, 5642707.0 ], [ 338854.0, 5642707.0 ] ] ] ] } },
{ "type": "Feature", "properties": { "DN": 1, "gml_id": "DENW41AL30005flHFL", "identifier": "urn:adv:oid:DENW41AL30005flHFL", "aktualit_2": "2024-08-20Z", "idflurst": "DENW41AL30005flH", "flaeche": 516.0, "flstkennz_": "05468202100445______", "flstnrzae": "445", "flstnrnen": null, "gemarkung": "Horrem", "gemaschl": "054682", "flur": "21", "flurschl": "054682021", "land": "Nordrhein-Westfalen", "landschl": "05", "regbezirk": "Köln", "regbezschl": "053", "kreis": "Rhein-Erft-Kreis", "kreisschl": "05362", "gemeinde": "Kerpen", "gmdschl": "05362032", "abwrecht": "Kein abweichender Rechtszustand", "lagebeztxt": "Sistenichstraße 10", "tntxt": "Wohnbaufläche;516", "area": 515, "other catc": null, "frag area": 28.4, "final area": 27.7 }, "geometry": { "type": "MultiPolygon", "coordinates": [ [ [ [ 338908.561261076189112, 5642712.0 ], [ 338909.0, 5642710.857305734418333 ], [ 338909.0, 5642710.0 ], [ 338909.329163632763084, 5642710.0 ], [ 338910.0, 5642708.252808610908687 ], [ 338910.0, 5642707.0 ], [ 338910.481017467624042, 5642707.0 ], [ 338911.0, 5642705.648311487399042 ], [ 338911.0, 5642704.0 ], [ 338910.0, 5642704.0 ], [ 338910.0, 5642705.0 ], [ 338906.0, 5642705.0 ], [ 338906.0, 5642705.443494400009513 ], [ 338906.612000000022817, 5642705.676 ], [ 338906.0, 5642707.285110799595714 ], [ 338906.0, 5642709.0 ], [ 338905.347768847772386, 5642709.0 ], [ 338905.0, 5642709.914376811124384 ], [ 338905.0, 5642710.0 ], [ 338906.0, 5642710.0 ], [ 338906.0, 5642711.0 ], [ 338907.0, 5642711.0 ], [ 338907.0, 5642712.415303630754352 ], [ 338908.0, 5642712.796085617505014 ], [ 338908.0, 5642712.0 ], [ 338908.561261076189112, 5642712.0 ] ] ] ] } },
{ "type": "Feature", "properties": { "DN": 1, "gml_id": "DENW41AL30005bnEFL", "identifier": "urn:adv:oid:DENW41AL30005bnEFL", "aktualit_2": "2024-08-20Z", "idflurst": "DENW41AL30005bnE", "flaeche": 549.0, "flstkennz_": "05468202100017______", "flstnrzae": "17", "flstnrnen": null, "gemarkung": "Horrem", "gemaschl": "054682", "flur": "21", "flurschl": "054682021", "land": "Nordrhein-Westfalen", "landschl": "05", "regbezirk": "Köln", "regbezschl": "053", "kreis": "Rhein-Erft-Kreis", "kreisschl": "05362", "gemeinde": "Kerpen", "gmdschl": "05362032", "abwrecht": "Kein abweichender Rechtszustand", "lagebeztxt": "Sistenichstraße 8", "tntxt": "Wohnbaufläche;549", "area": 546, "other catc": null, "frag area": 22.0, "final area": 22.0 }, "geometry": { "type": "MultiPolygon", "coordinates": [ [ [ [ 338871.0, 5642709.0 ], [ 338871.0, 5642708.0 ], [ 338872.0, 5642708.0 ], [ 338872.0, 5642709.0 ], [ 338873.0, 5642709.0 ], [ 338873.0, 5642706.0 ], [ 338870.0, 5642706.0 ], [ 338870.0, 5642705.0 ], [ 338867.0, 5642705.0 ], [ 338867.0, 5642704.0 ], [ 338865.0, 5642704.0 ], [ 338865.0, 5642707.0 ], [ 338868.0, 5642707.0 ], [ 338868.0, 5642708.0 ], [ 338870.0, 5642708.0 ], [ 338870.0, 5642708.999765465967357 ], [ 338870.000617313373368, 5642709.0 ], [ 338871.0, 5642709.0 ] ] ] ] } },
{ "type": "Feature", "properties": { "DN": 1, "gml_id": "DENW41AL30005gX0FL", "identifier": "urn:adv:oid:DENW41AL30005gX0FL", "aktualit_2": "2024-08-20Z", "idflurst": "DENW41AL30005gX0", "flaeche": 316.0, "flstkennz_": "054682021000080007__", "flstnrzae": "8", "flstnrnen": "7", "gemarkung": "Horrem", "gemaschl": "054682", "flur": "21", "flurschl": "054682021", "land": "Nordrhein-Westfalen", "landschl": "05", "regbezirk": "Köln", "regbezschl": "053", "kreis": "Rhein-Erft-Kreis", "kreisschl": "05362", "gemeinde": "Kerpen", "gmdschl": "05362032", "abwrecht": "Kein abweichender Rechtszustand", "lagebeztxt": "Am Kalkofen 7", "tntxt": "Wohnbaufläche;316", "area": 321, "other catc": null, "frag area": 13.0, "final area": 12.1 }, "geometry": { "type": "MultiPolygon", "coordinates": [ [ [ [ 338844.0, 5642703.257428259588778 ], [ 338843.548595268104691, 5642703.0 ], [ 338843.0, 5642703.0 ], [ 338843.0, 5642702.687145669944584 ], [ 338841.795078644354362, 5642702.0 ], [ 338841.0, 5642702.0 ], [ 338841.0, 5642701.546580492518842 ], [ 338840.041562020604033, 5642701.0 ], [ 338839.0, 5642701.0 ], [ 338839.0, 5642700.407550166361034 ], [ 338838.281577535846736, 5642700.0 ], [ 338838.0, 5642700.0 ], [ 338838.0, 5642701.0 ], [ 338837.0, 5642701.0 ], [ 338837.0, 5642702.0 ], [ 338839.0, 5642702.0 ], [ 338839.0, 5642703.0 ], [ 338840.0, 5642703.0 ], [ 338840.0, 5642704.0 ], [ 338844.0, 5642704.0 ], [ 338844.0, 5642703.257428259588778 ] ] ] ] } },
{ "type": "Feature", "properties": { "DN": 1, "gml_id": "DENW41AL30005ZgnFL", "identifier": "urn:adv:oid:DENW41AL30005ZgnFL", "aktualit_2": "2024-08-20Z", "idflurst": "DENW41AL30005Zgn", "flaeche": 225.0, "flstkennz_": "05468200800814______", "flstnrzae": "814", "flstnrnen": null, "gemarkung": "Horrem", "gemaschl": "054682", "flur": "8", "flurschl": "054682008", "land": "Nordrhein-Westfalen", "landschl": "05", "regbezirk": "Köln", "regbezschl": "053", "kreis": "Rhein-Erft-Kreis", "kreisschl": "05362", "gemeinde": "Kerpen", "gmdschl": "05362032", "abwrecht": "Kein abweichender Rechtszustand", "lagebeztxt": "Merkurweg 9", "tntxt": "Wohnbaufläche;225", "area": 225, "other catc": null, "frag area": 14.0, "final area": 14.0 }, "geometry": { "type": "MultiPolygon", "coordinates": [ [ [ [ 339022.0, 5642702.0 ], [ 339022.0, 5642701.0 ], [ 339021.0, 5642701.0 ], [ 339021.0, 5642700.0 ], [ 339020.0, 5642700.0 ], [ 339020.0, 5642699.0 ], [ 339019.0, 5642699.0 ], [ 339019.0, 5642701.0 ], [ 339017.0, 5642701.0 ], [ 339017.0, 5642700.0 ], [ 339014.0, 5642700.0 ], [ 339014.0, 5642701.888786396943033 ], [ 339014.460497139662039, 5642702.0 ], [ 339022.0, 5642702.0 ] ] ] ] } },
{ "type": "Feature", "properties": { "DN": 1, "gml_id": "DENW41AL30005c18FL", "identifier": "urn:adv:oid:DENW41AL30005c18FL", "aktualit_2": "2024-08-20Z", "idflurst": "DENW41AL30005c18", "flaeche": 283.0, "flstkennz_": "05468200800651______", "flstnrzae": "651", "flstnrnen": null, "gemarkung": "Horrem", "gemaschl": "054682", "flur": "8", "flurschl": "054682008", "land": "Nordrhein-Westfalen", "landschl": "05", "regbezirk": "Köln", "regbezschl": "053", "kreis": "Rhein-Erft-Kreis", "kreisschl": "05362", "gemeinde": "Kerpen", "gmdschl": "05362032", "abwrecht": "Kein abweichender Rechtszustand", "lagebeztxt": "Merkurweg 11", "tntxt": "Wohnbaufläche;283", "area": 282, "other catc": null, "frag area": 11.4, "final area": 11.4 }, "geometry": { "type": "MultiPolygon", "coordinates": [ [ [ [ 339024.91485933639342, 5642695.0 ], [ 339025.0, 5642694.763873691670597 ], [ 339025.0, 5642694.0 ], [ 339025.275431880319957, 5642694.0 ], [ 339025.636004424188286, 5642693.0 ], [ 339019.0, 5642693.0 ], [ 339019.0, 5642692.0 ], [ 339017.0, 5642692.0 ], [ 339017.0, 5642693.0 ], [ 339018.0, 5642693.0 ], [ 339018.0, 5642694.0 ], [ 339023.0, 5642694.0 ], [ 339023.0, 5642695.0 ], [ 339024.91485933639342, 5642695.0 ] ] ] ] } },
{ "type": "Feature", "properties": { "DN": 1, "gml_id": "DENW41AL30005aqdFL", "identifier": "urn:adv:oid:DENW41AL30005aqdFL", "aktualit_2": "2024-08-20Z", "idflurst": "DENW41AL30005aqd", "flaeche": 229.0, "flstkennz_": "05468202100435______", "flstnrzae": "435", "flstnrnen": null, "gemarkung": "Horrem", "gemaschl": "054682", "flur": "21", "flurschl": "054682021", "land": "Nordrhein-Westfalen", "landschl": "05", "regbezirk": "Köln", "regbezschl": "053", "kreis": "Rhein-Erft-Kreis", "kreisschl": "05362", "gemeinde": "Kerpen", "gmdschl": "05362032", "abwrecht": "Kein abweichender Rechtszustand", "lagebeztxt": "Merkurweg 16", "tntxt": "Wohnbaufläche;229", "area": 231, "other catc": null, "frag area": 20.0, "final area": 20.0 }, "geometry": { "type": "MultiPolygon", "coordinates": [ [ [ [ 338984.0, 5642693.0 ], [ 338984.372429907904007, 5642693.0 ], [ 338985.0, 5642691.191284909844398 ], [ 338985.0, 5642690.0 ], [ 338985.41334026819095, 5642690.0 ], [ 338985.939000000013039, 5642688.485000000335276 ], [ 338984.0, 5642687.747713315300643 ], [ 338984.0, 5642688.0 ], [ 338983.0, 5642688.0 ], [ 338983.0, 5642690.0 ], [ 338982.0, 5642690.0 ], [ 338982.0, 5642693.0 ], [ 338981.0, 5642693.0 ], [ 338981.0, 5642694.694866550154984 ], [ 338983.454000000027008, 5642695.646999999880791 ], [ 338984.0, 5642694.073377464897931 ], [ 338984.0, 5642693.0 ] ] ] ] } },
{ "type": "Feature", "properties": { "DN": 1, "gml_id": "DENW41AL30005exRFL", "identifier": "urn:adv:oid:DENW41AL30005exRFL", "aktualit_2": "2024-08-20Z", "idflurst": "DENW41AL30005exR", "flaeche": 358.0, "flstkennz_": "05468202100029______", "flstnrzae": "29", "flstnrnen": null, "gemarkung": "Horrem", "gemaschl": "054682", "flur": "21", "flurschl": "054682021", "land": "Nordrhein-Westfalen", "landschl": "05", "regbezirk": "Köln", "regbezschl": "053", "kreis": "Rhein-Erft-Kreis", "kreisschl": "05362", "gemeinde": "Kerpen", "gmdschl": "05362032", "abwrecht": "Kein abweichender Rechtszustand", "lagebeztxt": "Merkurweg 12; Sistenichstraße 13", "tntxt": "Wohnbaufläche;358", "area": 355, "other catc": null, "frag area": 22.6, "final area": 22.6 }, "geometry": { "type": "MultiPolygon", "coordinates": [ [ [ [ 338979.0, 5642707.0 ], [ 338979.473313151509501, 5642707.0 ], [ 338980.0, 5642705.495763458311558 ], [ 338980.0, 5642704.0 ], [ 338980.523720119846985, 5642704.0 ], [ 338980.988000000012107, 5642702.673999999649823 ], [ 338978.0, 5642701.549163957126439 ], [ 338978.0, 5642703.0 ], [ 338974.0, 5642703.0 ], [ 338974.0, 5642705.0 ], [ 338977.0, 5642705.0 ], [ 338977.0, 5642706.0 ], [ 338978.0, 5642706.0 ], [ 338978.0, 5642709.0 ], [ 338976.752332490868866, 5642709.0 ], [ 338978.536000000021886, 5642709.677000000141561 ], [ 338979.0, 5642708.351799347437918 ], [ 338979.0, 5642707.0 ] ] ] ] } },
{ "type": "Feature", "properties": { "DN": 1, "gml_id": "DENW41AL30005ZgnFL", "identifier": "urn:adv:oid:DENW41AL30005ZgnFL", "aktualit_2": "2024-08-20Z", "idflurst": "DENW41AL30005Zgn", "flaeche": 225.0, "flstkennz_": "05468200800814______", "flstnrzae": "814", "flstnrnen": null, "gemarkung": "Horrem", "gemaschl": "054682", "flur": "8", "flurschl": "054682008", "land": "Nordrhein-Westfalen", "landschl": "05", "regbezirk": "Köln", "regbezschl": "053", "kreis": "Rhein-Erft-Kreis", "kreisschl": "05362", "gemeinde": "Kerpen", "gmdschl": "05362032", "abwrecht": "Kein abweichender Rechtszustand", "lagebeztxt": "Merkurweg 9", "tntxt": "Wohnbaufläche;225", "area": 225, "other catc": null, "frag area": 13.0, "final area": 13.0 }, "geometry": { "type": "MultiPolygon", "coordinates": [ [ [ [ 338994.0, 5642697.0 ], [ 338994.0, 5642695.0 ], [ 338993.0, 5642695.0 ], [ 338993.0, 5642694.0 ], [ 338991.0, 5642694.0 ], [ 338991.0, 5642691.0 ], [ 338990.496702031581663, 5642691.0 ], [ 338990.0, 5642692.410506409592927 ], [ 338990.0, 5642694.0 ], [ 338989.440268622885924, 5642694.0 ], [ 338989.0, 5642695.250249999575317 ], [ 338989.0, 5642695.851094 ], [ 338989.616568342607934, 5642696.0 ], [ 338992.0, 5642696.0 ], [ 338992.0, 5642696.575617088004947 ], [ 338993.757223142136354, 5642697.0 ], [ 338994.0, 5642697.0 ] ] ] ] } },
{ "type": "Feature", "properties": { "DN": 1, "gml_id": "DENW41AL30005exRFL", "identifier": "urn:adv:oid:DENW41AL30005exRFL", "aktualit_2": "2024-08-20Z", "idflurst": "DENW41AL30005exR", "flaeche": 358.0, "flstkennz_": "05468202100029______", "flstnrzae": "29", "flstnrnen": null, "gemarkung": "Horrem", "gemaschl": "054682", "flur": "21", "flurschl": "054682021", "land": "Nordrhein-Westfalen", "landschl": "05", "regbezirk": "Köln", "regbezschl": "053", "kreis": "Rhein-Erft-Kreis", "kreisschl": "05362", "gemeinde": "Kerpen", "gmdschl": "05362032", "abwrecht": "Kein abweichender Rechtszustand", "lagebeztxt": "Merkurweg 12; Sistenichstraße 13", "tntxt": "Wohnbaufläche;358", "area": 355, "other catc": null, "frag area": 93.9, "final area": 53.3 }, "geometry": { "type": "MultiPolygon", "coordinates": [ [ [ [ 338960.944348661461845, 5642703.0 ], [ 338961.0, 5642703.021122746169567 ], [ 338961.0, 5642703.0 ], [ 338960.944348661461845, 5642703.0 ] ] ], [ [ [ 338955.675020718306769, 5642701.0 ], [ 338956.0, 5642701.12334752548486 ], [ 338956.0, 5642701.0 ], [ 338955.675020718306769, 5642701.0 ] ] ], [ [ [ 338961.0, 5642700.0 ], [ 338963.0, 5642700.0 ], [ 338963.0, 5642699.0 ], [ 338964.0, 5642699.0 ], [ 338964.0, 5642696.278847829438746 ], [ 338963.0, 5642695.902396677993238 ], [ 338963.0, 5642696.0 ], [ 338961.0, 5642696.0 ], [ 338961.0, 5642695.149494374170899 ], [ 338960.602885067637544, 5642695.0 ], [ 338957.0, 5642695.0 ], [ 338957.0, 5642694.0 ], [ 338955.047117137932219, 5642694.0 ], [ 338952.593021122447681, 5642699.829949821345508 ], [ 338953.0, 5642699.984401392750442 ], [ 338953.0, 5642699.0 ], [ 338955.0, 5642699.0 ], [ 338955.0, 5642700.0 ], [ 338956.0, 5642700.0 ], [ 338956.0, 5642701.0 ], [ 338961.0, 5642701.0 ], [ 338961.0, 5642700.0 ] ] ], [ [ [ 338953.041102228686213, 5642700.0 ], [ 338953.936999999976251, 5642700.339999999850988 ], [ 338953.936892005091067, 5642700.340284478850663 ], [ 338954.0, 5642700.364237437024713 ], [ 338954.0, 5642700.0 ], [ 338953.041102228686213, 5642700.0 ] ] ] ] } },
{ "type": "Feature", "properties": { "DN": 1, "gml_id": "DENW41AL30005dNWFL", "identifier": "urn:adv:oid:DENW41AL30005dNWFL", "aktualit_2": "2024-08-20Z", "idflurst": "DENW41AL30005dNW", "flaeche": 419.0, "flstkennz_": "05468202100028______", "flstnrzae": "28", "flstnrnen": null, "gemarkung": "Horrem", "gemaschl": "054682", "flur": "21", "flurschl": "054682021", "land": "Nordrhein-Westfalen", "landschl": "05", "regbezirk": "Köln", "regbezschl": "053", "kreis": "Rhein-Erft-Kreis", "kreisschl": "05362", "gemeinde": "Kerpen", "gmdschl": "05362032", "abwrecht": "Kein abweichender Rechtszustand", "lagebeztxt": "Merkurweg 10; Sistenichstraße 11", "tntxt": "Wohnbaufläche;419", "area": 415, "other catc": null, "frag area": 131.5, "final area": 87.5 }, "geometry": { "type": "MultiPolygon", "coordinates": [ [ [ [ 338970.0, 5642712.0 ], [ 338971.0, 5642712.0 ], [ 338971.0, 5642709.0 ], [ 338972.0, 5642709.0 ], [ 338972.0, 5642708.0 ], [ 338970.0, 5642708.0 ], [ 338970.0, 5642711.0 ], [ 338966.0, 5642711.0 ], [ 338966.0, 5642710.0 ], [ 338965.0, 5642710.0 ], [ 338965.0, 5642709.0 ], [ 338962.0, 5642709.0 ], [ 338962.0, 5642708.0 ], [ 338961.0, 5642708.0 ], [ 338961.0, 5642707.0 ], [ 338963.0, 5642707.0 ], [ 338963.0, 5642705.0 ], [ 338962.0, 5642705.0 ], [ 338962.0, 5642704.0 ], [ 338961.0, 5642704.0 ], [ 338961.0, 5642703.021122746169567 ], [ 338960.944348661461845, 5642703.0 ], [ 338958.0, 5642703.0 ], [ 338958.0, 5642702.0 ], [ 338956.0, 5642702.0 ], [ 338956.0, 5642701.12334752548486 ], [ 338955.675020718306769, 5642701.0 ], [ 338954.0, 5642701.0 ], [ 338954.0, 5642700.364237437024713 ], [ 338953.936892005091067, 5642700.340284478850663 ], [ 338951.408711037482135, 5642707.0 ], [ 338952.0, 5642707.0 ], [ 338952.0, 5642707.563473412767053 ], [ 338953.11488080129493, 5642708.0 ], [ 338955.0, 5642708.0 ], [ 338955.0, 5642708.738109984435141 ], [ 338955.668862237187568, 5642709.0 ], [ 338959.0, 5642709.0 ], [ 338959.0, 5642710.0 ], [ 338962.0, 5642710.0 ], [ 338962.0, 5642711.0 ], [ 338964.0, 5642711.0 ], [ 338964.0, 5642712.0 ], [ 338967.0, 5642712.0 ], [ 338967.0, 5642713.0 ], [ 338970.0, 5642713.0 ], [ 338970.0, 5642712.0 ] ] ], [ [ [ 338942.0, 5642703.840987074188888 ], [ 338942.417498869413976, 5642704.0 ], [ 338942.468422966368962, 5642704.0 ], [ 338942.0, 5642703.825533130206168 ], [ 338942.0, 5642703.840987074188888 ] ] ], [ [ [ 338944.0, 5642704.602727703750134 ], [ 338945.043064480065368, 5642705.0 ], [ 338945.153305007726885, 5642705.0 ], [ 338944.0, 5642704.570444812998176 ], [ 338944.0, 5642704.602727703750134 ] ] ] ] } },
{ "type": "Feature", "properties": { "DN": 1, "gml_id": "DENW41AL30005e1zFL", "identifier": "urn:adv:oid:DENW41AL30005e1zFL", "aktualit_2": "2024-08-20Z", "idflurst": "DENW41AL30005e1z", "flaeche": 266.0, "flstkennz_": "05468200800654______", "flstnrzae": "654", "flstnrnen": null, "gemarkung": "Horrem", "gemaschl": "054682", "flur": "8", "flurschl": "054682008", "land": "Nordrhein-Westfalen", "landschl": "05", "regbezirk": "Köln", "regbezschl": "053", "kreis": "Rhein-Erft-Kreis", "kreisschl": "05362", "gemeinde": "Kerpen", "gmdschl": "05362032", "abwrecht": "Kein abweichender Rechtszustand", "lagebeztxt": "Hauptstraße 176", "tntxt": "Fläche gemischter Nutzung(funktion:Gebäude- und Freifläche Mischnutzung mit Wohnen);266", "area": 265, "other catc": null, "frag area": 14.6, "final area": 14.6 }, "geometry": { "type": "MultiPolygon", "coordinates": [ [ [ [ 339030.0, 5642696.0 ], [ 339030.0, 5642695.0 ], [ 339029.0, 5642695.0 ], [ 339029.0, 5642693.0 ], [ 339030.0, 5642693.0 ], [ 339030.0, 5642691.0 ], [ 339029.0, 5642691.0 ], [ 339029.0, 5642690.346362125128508 ], [ 339028.0, 5642690.096198119223118 ], [ 339028.0, 5642691.0 ], [ 339026.357149511983152, 5642691.0 ], [ 339026.0, 5642691.990506676025689 ], [ 339026.0, 5642693.0 ], [ 339027.0, 5642693.0 ], [ 339027.0, 5642695.0 ], [ 339028.0, 5642695.0 ], [ 339028.0, 5642696.0 ], [ 339030.0, 5642696.0 ] ] ] ] } },
{ "type": "Feature", "properties": { "DN": 1, "gml_id": "DENW41AL30005c18FL", "identifier": "urn:adv:oid:DENW41AL30005c18FL", "aktualit_2": "2024-08-20Z", "idflurst": "DENW41AL30005c18", "flaeche": 283.0, "flstkennz_": "05468200800651______", "flstnrzae": "651", "flstnrnen": null, "gemarkung": "Horrem", "gemaschl": "054682", "flur": "8", "flurschl": "054682008", "land": "Nordrhein-Westfalen", "landschl": "05", "regbezirk": "Köln", "regbezschl": "053", "kreis": "Rhein-Erft-Kreis", "kreisschl": "05362", "gemeinde": "Kerpen", "gmdschl": "05362032", "abwrecht": "Kein abweichender Rechtszustand", "lagebeztxt": "Merkurweg 11", "tntxt": "Wohnbaufläche;283", "area": 282, "other catc": null, "frag area": 12.6, "final area": 12.6 }, "geometry": { "type": "MultiPolygon", "coordinates": [ [ [ [ 339017.0, 5642692.0 ], [ 339017.0, 5642688.0 ], [ 339018.0, 5642688.0 ], [ 339018.0, 5642691.0 ], [ 339019.0, 5642691.0 ], [ 339019.0, 5642690.0 ], [ 339020.0, 5642690.0 ], [ 339020.0, 5642689.0 ], [ 339019.0, 5642689.0 ], [ 339019.0, 5642687.850198001600802 ], [ 339016.0, 5642687.101814275607467 ], [ 339016.0, 5642689.0 ], [ 339015.0, 5642689.0 ], [ 339015.0, 5642692.0 ], [ 339017.0, 5642692.0 ] ] ] ] } },
{ "type": "Feature", "properties": { "DN": 1, "gml_id": "DENW41AL30005c18FL", "identifier": "urn:adv:oid:DENW41AL30005c18FL", "aktualit_2": "2024-08-20Z", "idflurst": "DENW41AL30005c18", "flaeche": 283.0, "flstkennz_": "05468200800651______", "flstnrzae": "651", "flstnrnen": null, "gemarkung": "Horrem", "gemaschl": "054682", "flur": "8", "flurschl": "054682008", "land": "Nordrhein-Westfalen", "landschl": "05", "regbezirk": "Köln", "regbezschl": "053", "kreis": "Rhein-Erft-Kreis", "kreisschl": "05362", "gemeinde": "Kerpen", "gmdschl": "05362032", "abwrecht": "Kein abweichender Rechtszustand", "lagebeztxt": "Merkurweg 11", "tntxt": "Wohnbaufläche;283", "area": 282, "other catc": null, "frag area": 12.8, "final area": 12.8 }, "geometry": { "type": "MultiPolygon", "coordinates": [ [ [ [ 338992.0, 5642689.0 ], [ 338996.0, 5642689.0 ], [ 338996.0, 5642687.0 ], [ 338995.0, 5642687.0 ], [ 338995.0, 5642686.0 ], [ 338993.0, 5642686.0 ], [ 338993.0, 5642685.0 ], [ 338992.607681835244875, 5642685.0 ], [ 338992.0, 5642686.727672322653234 ], [ 338992.0, 5642688.0 ], [ 338991.552478552795947, 5642688.0 ], [ 338991.0, 5642689.570726404897869 ], [ 338991.0, 5642689.604624566622078 ], [ 338992.0, 5642689.843221564777195 ], [ 338992.0, 5642689.0 ] ] ] ] } },
{ "type": "Feature", "properties": { "DN": 1, "gml_id": "DENW41AL30005ZhrFL", "identifier": "urn:adv:oid:DENW41AL30005ZhrFL", "aktualit_2": "2024-08-20Z", "idflurst": "DENW41AL30005Zhr", "flaeche": 511.0, "flstkennz_": "054682021000080001__", "flstnrzae": "8", "flstnrnen": "1", "gemarkung": "Horrem", "gemaschl": "054682", "flur": "21", "flurschl": "054682021", "land": "Nordrhein-Westfalen", "landschl": "05", "regbezirk": "Köln", "regbezschl": "053", "kreis": "Rhein-Erft-Kreis", "kreisschl": "05362", "gemeinde": "Kerpen", "gmdschl": "05362032", "abwrecht": "Kein abweichender Rechtszustand", "lagebeztxt": "Am Kalkofen 15", "tntxt": "Wohnbaufläche;511", "area": 508, "other catc": null, "frag area": 20.6, "final area": 20.6 }, "geometry": { "type": "MultiPolygon", "coordinates": [ [ [ [ 338797.0, 5642686.0 ], [ 338798.0, 5642686.0 ], [ 338798.0, 5642682.029829286970198 ], [ 338797.941638999385759, 5642682.0 ], [ 338797.0, 5642682.0 ], [ 338797.0, 5642684.0 ], [ 338796.0, 5642684.0 ], [ 338796.0, 5642686.0 ], [ 338795.0, 5642686.0 ], [ 338795.0, 5642687.0 ], [ 338794.0, 5642687.0 ], [ 338794.0, 5642688.0 ], [ 338793.10692229581764, 5642688.0 ], [ 338792.554533905815333, 5642689.0 ], [ 338793.0, 5642689.0 ], [ 338793.0, 5642689.35371676646173 ], [ 338794.139743795094546, 5642690.0 ], [ 338795.0, 5642690.0 ], [ 338795.0, 5642690.487801875919104 ], [ 338795.903279866965022, 5642691.0 ], [ 338797.0, 5642691.0 ], [ 338797.0, 5642686.0 ] ] ] ] } },
{ "type": "Feature", "properties": { "DN": 1, "gml_id": "DENW41AL30005auqFL", "identifier": "urn:adv:oid:DENW41AL30005auqFL", "aktualit_2": "2024-08-20Z", "idflurst": "DENW41AL30005auq", "flaeche": 980.0, "flstkennz_": "05468200800266______", "flstnrzae": "266", "flstnrnen": null, "gemarkung": "Horrem", "gemaschl": "054682", "flur": "8", "flurschl": "054682008", "land": "Nordrhein-Westfalen", "landschl": "05", "regbezirk": "Köln", "regbezschl": "053", "kreis": "Rhein-Erft-Kreis", "kreisschl": "05362", "gemeinde": "Kerpen", "gmdschl": "05362032", "abwrecht": "Kein abweichender Rechtszustand", "lagebeztxt": "Hauptstraße 185", "tntxt": "Wohnbaufläche;980", "area": 972, "other catc": null, "frag area": 31.6, "final area": 31.6 }, "geometry": { "type": "MultiPolygon", "coordinates": [ [ [ [ 339105.0, 5642686.0 ], [ 339105.0, 5642687.0 ], [ 339107.0, 5642687.0 ], [ 339107.0, 5642686.0 ], [ 339108.0, 5642686.0 ], [ 339108.0, 5642687.0 ], [ 339110.0, 5642687.0 ], [ 339110.0, 5642684.0 ], [ 339108.0, 5642684.0 ], [ 339108.0, 5642683.0 ], [ 339107.0, 5642683.0 ], [ 339107.0, 5642681.0 ], [ 339108.0, 5642681.0 ], [ 339108.0, 5642680.0 ], [ 339109.0, 5642680.0 ], [ 339109.0, 5642677.123835206031799 ], [ 339108.647630549850874, 5642677.0 ], [ 339107.0, 5642677.0 ], [ 339107.0, 5642680.0 ], [ 339106.0, 5642680.0 ], [ 339106.0, 5642682.0 ], [ 339105.0, 5642682.0 ], [ 339105.0, 5642684.0 ], [ 339104.0, 5642684.0 ], [ 339104.0, 5642685.0 ], [ 339103.0, 5642685.0 ], [ 339103.0, 5642686.446178507991135 ], [ 339104.0, 5642686.843363893218338 ], [ 339104.0, 5642686.0 ], [ 339105.0, 5642686.0 ] ] ] ] } },
{ "type": "Feature", "properties": { "DN": 1, "gml_id": "DENW41AL30005copFL", "identifier": "urn:adv:oid:DENW41AL30005copFL", "aktualit_2": "2024-08-20Z", "idflurst": "DENW41AL30005cop", "flaeche": 457.0, "flstkennz_": "05468202100013______", "flstnrzae": "13", "flstnrnen": null, "gemarkung": "Horrem", "gemaschl": "054682", "flur": "21", "flurschl": "054682021", "land": "Nordrhein-Westfalen", "landschl": "05", "regbezirk": "Köln", "regbezschl": "053", "kreis": "Rhein-Erft-Kreis", "kreisschl": "05362", "gemeinde": "Kerpen", "gmdschl": "05362032", "abwrecht": "Kein abweichender Rechtszustand", "lagebeztxt": "Wiesenstraße 2 a", "tntxt": "Wohnbaufläche;457", "area": 456, "other catc": null, "frag area": 12.0, "final area": 11.9 }, "geometry": { "type": "MultiPolygon", "coordinates": [ [ [ [ 338879.0, 5642687.0 ], [ 338880.0, 5642687.0 ], [ 338880.0, 5642686.0 ], [ 338880.677601390518248, 5642686.0 ], [ 338881.0, 5642685.302681704051793 ], [ 338881.0, 5642684.0 ], [ 338880.0, 5642684.0 ], [ 338880.0, 5642683.0 ], [ 338879.0, 5642683.0 ], [ 338879.0, 5642684.0 ], [ 338878.0, 5642684.0 ], [ 338878.0, 5642685.0 ], [ 338877.0, 5642685.0 ], [ 338877.0, 5642687.0 ], [ 338878.0, 5642687.0 ], [ 338878.0, 5642688.0 ], [ 338879.0, 5642688.0 ], [ 338879.0, 5642687.0 ] ] ] ] } },
{ "type": "Feature", "properties": { "DN": 1, "gml_id": "DENW41AL30005XL8FL", "identifier": "urn:adv:oid:DENW41AL30005XL8FL", "aktualit_2": "2024-08-20Z", "idflurst": "DENW41AL30005XL8", "flaeche": 235.0, "flstkennz_": "05468202100446______", "flstnrzae": "446", "flstnrnen": null, "gemarkung": "Horrem", "gemaschl": "054682", "flur": "21", "flurschl": "054682021", "land": "Nordrhein-Westfalen", "landschl": "05", "regbezirk": "Köln", "regbezschl": "053", "kreis": "Rhein-Erft-Kreis", "kreisschl": "05362", "gemeinde": "Kerpen", "gmdschl": "05362032", "abwrecht": "Kein abweichender Rechtszustand", "lagebeztxt": "Wiesenstraße 2", "tntxt": "Wohnbaufläche;235", "area": 234, "other catc": null, "frag area": 10.9, "final area": 10.9 }, "geometry": { "type": "MultiPolygon", "coordinates": [ [ [ [ 338890.0, 5642687.0 ], [ 338890.0, 5642686.0 ], [ 338889.0, 5642686.0 ], [ 338889.0, 5642685.0 ], [ 338888.0, 5642685.0 ], [ 338888.0, 5642684.0 ], [ 338887.0, 5642684.0 ], [ 338887.0, 5642683.0 ], [ 338886.411406691768207, 5642683.0 ], [ 338886.0, 5642683.861503184773028 ], [ 338886.0, 5642684.0 ], [ 338885.93386151373852, 5642684.0 ], [ 338885.0, 5642685.955545897595584 ], [ 338885.0, 5642686.0 ], [ 338886.0, 5642686.0 ], [ 338886.0, 5642687.0 ], [ 338890.0, 5642687.0 ] ] ] ] } },
{ "type": "Feature", "properties": { "DN": 1, "gml_id": "DENW41AL30005aUHFL", "identifier": "urn:adv:oid:DENW41AL30005aUHFL", "aktualit_2": "2024-08-20Z", "idflurst": "DENW41AL30005aUH", "flaeche": 258.0, "flstkennz_": "054682021000080005__", "flstnrzae": "8", "flstnrnen": "5", "gemarkung": "Horrem", "gemaschl": "054682", "flur": "21", "flurschl": "054682021", "land": "Nordrhein-Westfalen", "landschl": "05", "regbezirk": "Köln", "regbezschl": "053", "kreis": "Rhein-Erft-Kreis", "kreisschl": "05362", "gemeinde": "Kerpen", "gmdschl": "05362032", "abwrecht": "Kein abweichender Rechtszustand", "lagebeztxt": "Am Kalkofen 11", "tntxt": "Wohnbaufläche;258", "area": 256, "other catc": null, "frag area": 35.3, "final area": 35.3 }, "geometry": { "type": "MultiPolygon", "coordinates": [ [ [ [ 338823.0, 5642690.0 ], [ 338823.0, 5642689.0 ], [ 338824.0, 5642689.0 ], [ 338824.0, 5642685.0 ], [ 338825.0, 5642685.0 ], [ 338825.0, 5642686.0 ], [ 338827.0, 5642686.0 ], [ 338827.0, 5642687.0 ], [ 338829.0, 5642687.0 ], [ 338829.0, 5642685.0 ], [ 338830.0, 5642685.0 ], [ 338830.0, 5642684.0 ], [ 338832.0, 5642684.0 ], [ 338832.0, 5642683.0 ], [ 338834.0, 5642683.0 ], [ 338834.0, 5642682.0 ], [ 338832.0, 5642682.0 ], [ 338832.0, 5642681.0 ], [ 338831.0, 5642681.0 ], [ 338831.0, 5642682.0 ], [ 338826.0, 5642682.0 ], [ 338826.0, 5642683.0 ], [ 338824.821067858370952, 5642683.0 ], [ 338821.0, 5642689.625466166995466 ], [ 338821.0, 5642690.0 ], [ 338823.0, 5642690.0 ] ], [ [ 338825.0, 5642684.0 ], [ 338826.0, 5642684.0 ], [ 338826.0, 5642685.0 ], [ 338825.0, 5642685.0 ], [ 338825.0, 5642684.0 ] ] ] ] } },
{ "type": "Feature", "properties": { "DN": 1, "gml_id": "DENW41AL30005bIRFL", "identifier": "urn:adv:oid:DENW41AL30005bIRFL", "aktualit_2": "2024-08-20Z", "idflurst": "DENW41AL30005bIR", "flaeche": 512.0, "flstkennz_": "054682021000080002__", "flstnrzae": "8", "flstnrnen": "2", "gemarkung": "Horrem", "gemaschl": "054682", "flur": "21", "flurschl": "054682021", "land": "Nordrhein-Westfalen", "landschl": "05", "regbezirk": "Köln", "regbezschl": "053", "kreis": "Rhein-Erft-Kreis", "kreisschl": "05362", "gemeinde": "Kerpen", "gmdschl": "05362032", "abwrecht": "Kein abweichender Rechtszustand", "lagebeztxt": "Am Kalkofen 13", "tntxt": "Wohnbaufläche;512", "area": 511, "other catc": null, "frag area": 21.7, "final area": 21.7 }, "geometry": { "type": "MultiPolygon", "coordinates": [ [ [ [ 338824.0, 5642683.0 ], [ 338824.0, 5642684.0 ], [ 338823.0, 5642684.0 ], [ 338823.0, 5642683.0 ], [ 338820.0, 5642683.0 ], [ 338820.0, 5642682.0 ], [ 338818.0, 5642682.0 ], [ 338818.0, 5642685.0 ], [ 338819.0, 5642685.0 ], [ 338819.0, 5642686.0 ], [ 338820.0, 5642686.0 ], [ 338820.0, 5642687.0 ], [ 338821.0, 5642687.0 ], [ 338821.0, 5642689.625466166995466 ], [ 338824.821067858370952, 5642683.0 ], [ 338824.0, 5642683.0 ] ], [ [ 338821.0, 5642686.0 ], [ 338822.0, 5642686.0 ], [ 338822.0, 5642687.0 ], [ 338821.0, 5642687.0 ], [ 338821.0, 5642686.0 ] ] ] ] } },
{ "type": "Feature", "properties": { "DN": 1, "gml_id": "DENW41AL30005e03FL", "identifier": "urn:adv:oid:DENW41AL30005e03FL", "aktualit_2": "2024-08-20Z", "idflurst": "DENW41AL30005e03", "flaeche": 917.0, "flstkennz_": "05468200800057______", "flstnrzae": "57", "flstnrnen": null, "gemarkung": "Horrem", "gemaschl": "054682", "flur": "8", "flurschl": "054682008", "land": "Nordrhein-Westfalen", "landschl": "05", "regbezirk": "Köln", "regbezschl": "053", "kreis": "Rhein-Erft-Kreis", "kreisschl": "05362", "gemeinde": "Kerpen", "gmdschl": "05362032", "abwrecht": "Kein abweichender Rechtszustand", "lagebeztxt": "Höhenweg 30", "tntxt": "Wohnbaufläche;917", "area": 917, "other catc": null, "frag area": 10.0, "final area": 10.0 }, "geometry": { "type": "MultiPolygon", "coordinates": [ [ [ [ 339316.0, 5642686.0 ], [ 339316.0, 5642684.0 ], [ 339317.0, 5642684.0 ], [ 339317.0, 5642683.0 ], [ 339318.0, 5642683.0 ], [ 339318.0, 5642682.0 ], [ 339314.0, 5642682.0 ], [ 339314.0, 5642683.0 ], [ 339315.0, 5642683.0 ], [ 339315.0, 5642684.0 ], [ 339314.0, 5642684.0 ], [ 339314.0, 5642686.0 ], [ 339316.0, 5642686.0 ] ] ] ] } },
{ "type": "Feature", "properties": { "DN": 1, "gml_id": "DENW41AL30005VCXFL", "identifier": "urn:adv:oid:DENW41AL30005VCXFL", "aktualit_2": "2024-08-20Z", "idflurst": "DENW41AL30005VCX", "flaeche": 5959.0, "flstkennz_": "05468200800832______", "flstnrzae": "832", "flstnrnen": null, "gemarkung": "Horrem", "gemaschl": "054682", "flur": "8", "flurschl": "054682008", "land": "Nordrhein-Westfalen", "landschl": "05", "regbezirk": "Köln", "regbezschl": "053", "kreis": "Rhein-Erft-Kreis", "kreisschl": "05362", "gemeinde": "Kerpen", "gmdschl": "05362032", "abwrecht": "Kein abweichender Rechtszustand", "lagebeztxt": "Mittelstraße 6, 8, 10, 12, 14, 16, 18, 20, 22, 24, 26", "tntxt": "Wohnbaufläche;5959", "area": 5965, "other catc": null, "frag area": 766.1, "final area": 766.1 }, "geometry": { "type": "MultiPolygon", "coordinates": [ [ [ [ 339124.0, 5642846.0 ], [ 339124.0, 5642842.0 ], [ 339125.0, 5642842.0 ], [ 339125.0, 5642838.0 ], [ 339126.0, 5642838.0 ], [ 339126.0, 5642834.0 ], [ 339127.0, 5642834.0 ], [ 339127.0, 5642830.0 ], [ 339128.0, 5642830.0 ], [ 339128.0, 5642826.0 ], [ 339129.0, 5642826.0 ], [ 339129.0, 5642822.0 ], [ 339130.0, 5642822.0 ], [ 339130.0, 5642818.0 ], [ 339131.0, 5642818.0 ], [ 339131.0, 5642814.0 ], [ 339132.0, 5642814.0 ], [ 339132.0, 5642810.0 ], [ 339133.0, 5642810.0 ], [ 339133.0, 5642806.0 ], [ 339134.0, 5642806.0 ], [ 339134.0, 5642802.0 ], [ 339135.0, 5642802.0 ], [ 339135.0, 5642797.0 ], [ 339136.0, 5642797.0 ], [ 339136.0, 5642793.0 ], [ 339137.0, 5642793.0 ], [ 339137.0, 5642789.0 ], [ 339138.0, 5642789.0 ], [ 339138.0, 5642785.0 ], [ 339139.0, 5642785.0 ], [ 339139.0, 5642781.0 ], [ 339140.0, 5642781.0 ], [ 339140.0, 5642777.0 ], [ 339141.0, 5642777.0 ], [ 339141.0, 5642773.0 ], [ 339142.0, 5642773.0 ], [ 339142.0, 5642768.0 ], [ 339143.0, 5642768.0 ], [ 339143.0, 5642765.0 ], [ 339144.0, 5642765.0 ], [ 339144.0, 5642761.0 ], [ 339143.0, 5642761.0 ], [ 339143.0, 5642760.0 ], [ 339142.0, 5642760.0 ], [ 339142.0, 5642756.0 ], [ 339143.0, 5642756.0 ], [ 339143.0, 5642753.0 ], [ 339144.0, 5642753.0 ], [ 339144.0, 5642749.0 ], [ 339145.0, 5642749.0 ], [ 339145.0, 5642745.0 ], [ 339146.0, 5642745.0 ], [ 339146.0, 5642742.0 ], [ 339147.0, 5642742.0 ], [ 339147.0, 5642738.0 ], [ 339148.0, 5642738.0 ], [ 339148.0, 5642735.0 ], [ 339149.0, 5642735.0 ], [ 339149.0, 5642731.0 ], [ 339150.0, 5642731.0 ], [ 339150.0, 5642727.0 ], [ 339151.0, 5642727.0 ], [ 339151.0, 5642723.0 ], [ 339152.0, 5642723.0 ], [ 339152.0, 5642718.0 ], [ 339153.0, 5642718.0 ], [ 339153.0, 5642716.0 ], [ 339154.0, 5642716.0 ], [ 339154.0, 5642712.0 ], [ 339155.0, 5642712.0 ], [ 339155.0, 5642708.0 ], [ 339156.0, 5642708.0 ], [ 339156.0, 5642704.0 ], [ 339157.0, 5642704.0 ], [ 339157.0, 5642700.0 ], [ 339158.0, 5642700.0 ], [ 339158.0, 5642696.0 ], [ 339159.0, 5642696.0 ], [ 339159.0, 5642693.0 ], [ 339160.0, 5642693.0 ], [ 339160.0, 5642688.0 ], [ 339161.0, 5642688.0 ], [ 339161.0, 5642684.0 ], [ 339162.0, 5642684.0 ], [ 339162.0, 5642681.0 ], [ 339163.0, 5642681.0 ], [ 339163.0, 5642677.0 ], [ 339164.0, 5642677.0 ], [ 339164.0, 5642673.0 ], [ 339163.0, 5642673.0 ], [ 339163.0, 5642676.0 ], [ 339162.0, 5642676.0 ], [ 339162.0, 5642678.0 ], [ 339160.0, 5642678.0 ], [ 339160.0, 5642676.0 ], [ 339158.0, 5642676.0 ], [ 339158.0, 5642679.0 ], [ 339157.0, 5642679.0 ], [ 339157.0, 5642680.0 ], [ 339156.0, 5642680.0 ], [ 339156.0, 5642682.0 ], [ 339155.0, 5642682.0 ], [ 339155.0, 5642686.0 ], [ 339154.0, 5642686.0 ], [ 339154.0, 5642687.0 ], [ 339153.0, 5642687.0 ], [ 339153.0, 5642688.0 ], [ 339154.0, 5642688.0 ], [ 339154.0, 5642692.0 ], [ 339153.0, 5642692.0 ], [ 339153.0, 5642693.0 ], [ 339154.0, 5642693.0 ], [ 339154.0, 5642694.0 ], [ 339153.0, 5642694.0 ], [ 339153.0, 5642700.0 ], [ 339154.0, 5642700.0 ], [ 339154.0, 5642701.0 ], [ 339153.0, 5642701.0 ], [ 339153.0, 5642704.0 ], [ 339152.0, 5642704.0 ], [ 339152.0, 5642708.0 ], [ 339151.0, 5642708.0 ], [ 339151.0, 5642711.0 ], [ 339150.0, 5642711.0 ], [ 339150.0, 5642713.0 ], [ 339149.0, 5642713.0 ], [ 339149.0, 5642714.0 ], [ 339150.0, 5642714.0 ], [ 339150.0, 5642716.0 ], [ 339149.0, 5642716.0 ], [ 339149.0, 5642718.0 ], [ 339148.0, 5642718.0 ], [ 339148.0, 5642721.0 ], [ 339149.0, 5642721.0 ], [ 339149.0, 5642723.0 ], [ 339148.0, 5642723.0 ], [ 339148.0, 5642722.0 ], [ 339147.0, 5642722.0 ], [ 339147.0, 5642728.0 ], [ 339146.0, 5642728.0 ], [ 339146.0, 5642730.0 ], [ 339145.0, 5642730.0 ], [ 339145.0, 5642731.0 ], [ 339144.0, 5642731.0 ], [ 339144.0, 5642733.0 ], [ 339143.0, 5642733.0 ], [ 339143.0, 5642734.0 ], [ 339144.0, 5642734.0 ], [ 339144.0, 5642736.0 ], [ 339142.0, 5642736.0 ], [ 339142.0, 5642739.0 ], [ 339143.0, 5642739.0 ], [ 339143.0, 5642742.0 ], [ 339142.0, 5642742.0 ], [ 339142.0, 5642747.0 ], [ 339141.0, 5642747.0 ], [ 339141.0, 5642749.0 ], [ 339140.0, 5642749.0 ], [ 339140.0, 5642752.0 ], [ 339139.0, 5642752.0 ], [ 339139.0, 5642753.0 ], [ 339138.0, 5642753.0 ], [ 339138.0, 5642754.0 ], [ 339139.0, 5642754.0 ], [ 339139.0, 5642759.0 ], [ 339140.0, 5642759.0 ], [ 339140.0, 5642762.0 ], [ 339139.0, 5642762.0 ], [ 339139.0, 5642766.0 ], [ 339138.0, 5642766.0 ], [ 339138.0, 5642767.0 ], [ 339137.0, 5642767.0 ], [ 339137.0, 5642769.0 ], [ 339136.0, 5642769.0 ], [ 339136.0, 5642773.0 ], [ 339135.0, 5642773.0 ], [ 339135.0, 5642775.0 ], [ 339134.0, 5642775.0 ], [ 339134.0, 5642778.0 ], [ 339133.0, 5642778.0 ], [ 339133.0, 5642782.0 ], [ 339132.0, 5642782.0 ], [ 339132.0, 5642783.0 ], [ 339131.0, 5642783.0 ], [ 339131.0, 5642786.0 ], [ 339132.0, 5642786.0 ], [ 339132.0, 5642787.0 ], [ 339131.0, 5642787.0 ], [ 339131.0, 5642792.0 ], [ 339130.0, 5642792.0 ], [ 339130.0, 5642795.0 ], [ 339129.0, 5642795.0 ], [ 339129.0, 5642796.0 ], [ 339128.0, 5642796.0 ], [ 339128.0, 5642797.0 ], [ 339130.0, 5642797.0 ], [ 339130.0, 5642799.0 ], [ 339131.0, 5642799.0 ], [ 339131.0, 5642802.0 ], [ 339130.0, 5642802.0 ], [ 339130.0, 5642805.0 ], [ 339129.0, 5642805.0 ], [ 339129.0, 5642808.0 ], [ 339128.0, 5642808.0 ], [ 339128.0, 5642809.0 ], [ 339127.0, 5642809.0 ], [ 339127.0, 5642811.0 ], [ 339126.0, 5642811.0 ], [ 339126.0, 5642814.0 ], [ 339125.0, 5642814.0 ], [ 339125.0, 5642816.0 ], [ 339126.0, 5642816.0 ], [ 339126.0, 5642818.0 ], [ 339128.0, 5642818.0 ], [ 339128.0, 5642823.0 ], [ 339125.0, 5642823.0 ], [ 339125.0, 5642824.0 ], [ 339127.0, 5642824.0 ], [ 339127.0, 5642827.0 ], [ 339126.0, 5642827.0 ], [ 339126.0, 5642829.0 ], [ 339125.0, 5642829.0 ], [ 339125.0, 5642833.0 ], [ 339123.0, 5642833.0 ], [ 339123.0, 5642835.0 ], [ 339124.0, 5642835.0 ], [ 339124.0, 5642839.0 ], [ 339123.0, 5642839.0 ], [ 339123.0, 5642844.0 ], [ 339122.0, 5642844.0 ], [ 339122.0, 5642845.0 ], [ 339123.0, 5642845.0 ], [ 339123.0, 5642846.0 ], [ 339124.0, 5642846.0 ] ], [ [ 339149.0, 5642720.0 ], [ 339150.0, 5642720.0 ], [ 339150.0, 5642721.0 ], [ 339149.0, 5642721.0 ], [ 339149.0, 5642720.0 ] ], [ [ 339142.0, 5642749.0 ], [ 339142.0, 5642750.0 ], [ 339141.0, 5642750.0 ], [ 339141.0, 5642749.0 ], [ 339142.0, 5642749.0 ] ], [ [ 339150.0, 5642718.0 ], [ 339151.0, 5642718.0 ], [ 339151.0, 5642719.0 ], [ 339150.0, 5642719.0 ], [ 339150.0, 5642718.0 ] ], [ [ 339156.0, 5642690.0 ], [ 339157.0, 5642690.0 ], [ 339157.0, 5642693.0 ], [ 339156.0, 5642693.0 ], [ 339156.0, 5642690.0 ] ], [ [ 339157.0, 5642688.0 ], [ 339158.0, 5642688.0 ], [ 339158.0, 5642689.0 ], [ 339157.0, 5642689.0 ], [ 339157.0, 5642688.0 ] ], [ [ 339156.0, 5642683.0 ], [ 339157.0, 5642683.0 ], [ 339157.0, 5642684.0 ], [ 339156.0, 5642684.0 ], [ 339156.0, 5642683.0 ] ] ] ] } },
{ "type": "Feature", "properties": { "DN": 1, "gml_id": "DENW41AL30005auqFL", "identifier": "urn:adv:oid:DENW41AL30005auqFL", "aktualit_2": "2024-08-20Z", "idflurst": "DENW41AL30005auq", "flaeche": 980.0, "flstkennz_": "05468200800266______", "flstnrzae": "266", "flstnrnen": null, "gemarkung": "Horrem", "gemaschl": "054682", "flur": "8", "flurschl": "054682008", "land": "Nordrhein-Westfalen", "landschl": "05", "regbezirk": "Köln", "regbezschl": "053", "kreis": "Rhein-Erft-Kreis", "kreisschl": "05362", "gemeinde": "Kerpen", "gmdschl": "05362032", "abwrecht": "Kein abweichender Rechtszustand", "lagebeztxt": "Hauptstraße 185", "tntxt": "Wohnbaufläche;980", "area": 972, "other catc": null, "frag area": 11.0, "final area": 11.0 }, "geometry": { "type": "MultiPolygon", "coordinates": [ [ [ [ 339113.0, 5642680.0 ], [ 339113.0, 5642679.0 ], [ 339112.0, 5642679.0 ], [ 339112.0, 5642677.0 ], [ 339113.0, 5642677.0 ], [ 339113.0, 5642676.0 ], [ 339114.0, 5642676.0 ], [ 339114.0, 5642675.0 ], [ 339111.0, 5642675.0 ], [ 339111.0, 5642678.0 ], [ 339110.0, 5642678.0 ], [ 339110.0, 5642680.0 ], [ 339113.0, 5642680.0 ] ] ] ] } },
{ "type": "Feature", "properties": { "DN": 1, "gml_id": "DENW41AL30005cw4FL", "identifier": "urn:adv:oid:DENW41AL30005cw4FL", "aktualit_2": "2024-08-20Z", "idflurst": "DENW41AL30005cw4", "flaeche": 234.0, "flstkennz_": "054682021000080008__", "flstnrzae": "8", "flstnrnen": "8", "gemarkung": "Horrem", "gemaschl": "054682", "flur": "21", "flurschl": "054682021", "land": "Nordrhein-Westfalen", "landschl": "05", "regbezirk": "Köln", "regbezschl": "053", "kreis": "Rhein-Erft-Kreis", "kreisschl": "05362", "gemeinde": "Kerpen", "gmdschl": "05362032", "abwrecht": "Kein abweichender Rechtszustand", "lagebeztxt": "Am Kalkofen 5", "tntxt": "Wohnbaufläche;234", "area": 230, "other catc": null, "frag area": 73.7, "final area": 73.6 }, "geometry": { "type": "MultiPolygon", "coordinates": [ [ [ [ 338853.0, 5642701.0 ], [ 338853.558450382377487, 5642701.0 ], [ 338854.0, 5642700.184423116967082 ], [ 338854.0, 5642700.0 ], [ 338853.0, 5642700.0 ], [ 338853.0, 5642699.0 ], [ 338854.641241292585619, 5642699.0 ], [ 338855.0, 5642698.337344441562891 ], [ 338855.0, 5642698.0 ], [ 338853.0, 5642698.0 ], [ 338853.0, 5642697.0 ], [ 338851.0, 5642697.0 ], [ 338851.0, 5642696.0 ], [ 338854.0, 5642696.0 ], [ 338854.0, 5642695.0 ], [ 338855.0, 5642695.0 ], [ 338855.0, 5642694.0 ], [ 338856.0, 5642694.0 ], [ 338856.0, 5642692.0 ], [ 338855.0, 5642692.0 ], [ 338855.0, 5642693.0 ], [ 338854.0, 5642693.0 ], [ 338854.0, 5642691.0 ], [ 338853.0, 5642691.0 ], [ 338853.0, 5642689.246971524320543 ], [ 338848.197097426571418, 5642698.0 ], [ 338849.0, 5642698.0 ], [ 338849.0, 5642699.0 ], [ 338851.0, 5642699.0 ], [ 338851.0, 5642700.0 ], [ 338852.0, 5642700.0 ], [ 338852.0, 5642702.0 ], [ 338853.0, 5642702.0 ], [ 338853.0, 5642701.0 ] ] ], [ [ [ 338855.0, 5642690.0 ], [ 338856.0, 5642690.0 ], [ 338856.0, 5642691.0 ], [ 338857.0, 5642691.0 ], [ 338857.0, 5642694.0 ], [ 338857.348218568076845, 5642694.0 ], [ 338857.534999999974389, 5642693.65500000026077 ], [ 338857.586286199162714, 5642693.674117769114673 ], [ 338857.621999999973923, 5642693.609000000171363 ], [ 338860.153579717152752, 5642689.0 ], [ 338860.0, 5642689.0 ], [ 338860.0, 5642687.0 ], [ 338859.0, 5642687.0 ], [ 338859.0, 5642688.0 ], [ 338857.0, 5642688.0 ], [ 338857.0, 5642687.0 ], [ 338856.0, 5642687.0 ], [ 338856.0, 5642686.0 ], [ 338859.0, 5642686.0 ], [ 338859.0, 5642685.0 ], [ 338861.0, 5642685.0 ], [ 338861.0, 5642684.734895928762853 ], [ 338856.554, 5642682.769999999552965 ], [ 338855.0, 5642685.602080401964486 ], [ 338855.0, 5642686.0 ], [ 338854.781656249833759, 5642686.0 ], [ 338853.13551654398907, 5642689.0 ], [ 338855.0, 5642689.0 ], [ 338855.0, 5642690.0 ] ] ], [ [ [ 338861.0, 5642687.459005237556994 ], [ 338861.252117238123901, 5642687.0 ], [ 338861.0, 5642687.0 ], [ 338861.0, 5642687.459005237556994 ] ] ] ] } },
{ "type": "Feature", "properties": { "DN": 1, "gml_id": "DENW41AL30005gX0FL", "identifier": "urn:adv:oid:DENW41AL30005gX0FL", "aktualit_2": "2024-08-20Z", "idflurst": "DENW41AL30005gX0", "flaeche": 316.0, "flstkennz_": "054682021000080007__", "flstnrzae": "8", "flstnrnen": "7", "gemarkung": "Horrem", "gemaschl": "054682", "flur": "21", "flurschl": "054682021", "land": "Nordrhein-Westfalen", "landschl": "05", "regbezirk": "Köln", "regbezschl": "053", "kreis": "Rhein-Erft-Kreis", "kreisschl": "05362", "gemeinde": "Kerpen", "gmdschl": "05362032", "abwrecht": "Kein abweichender Rechtszustand", "lagebeztxt": "Am Kalkofen 7", "tntxt": "Wohnbaufläche;316", "area": 321, "other catc": null, "frag area": 55.6, "final area": 55.6 }, "geometry": { "type": "MultiPolygon", "coordinates": [ [ [ [ 338853.0, 5642689.0 ], [ 338853.13551654398907, 5642689.0 ], [ 338854.781656249833759, 5642686.0 ], [ 338853.0, 5642686.0 ], [ 338853.0, 5642687.0 ], [ 338851.0, 5642687.0 ], [ 338851.0, 5642685.0 ], [ 338850.0, 5642685.0 ], [ 338850.0, 5642686.0 ], [ 338849.0, 5642686.0 ], [ 338849.0, 5642691.0 ], [ 338848.0, 5642691.0 ], [ 338848.0, 5642690.0 ], [ 338847.0, 5642690.0 ], [ 338847.0, 5642691.0 ], [ 338844.0, 5642691.0 ], [ 338844.0, 5642692.0 ], [ 338846.0, 5642692.0 ], [ 338846.0, 5642694.0 ], [ 338848.0, 5642694.0 ], [ 338848.0, 5642695.0 ], [ 338849.0, 5642695.0 ], [ 338849.0, 5642696.0 ], [ 338846.0, 5642696.0 ], [ 338846.0, 5642697.0 ], [ 338847.0, 5642697.0 ], [ 338847.0, 5642698.0 ], [ 338848.197097426571418, 5642698.0 ], [ 338853.0, 5642689.246971524320543 ], [ 338853.0, 5642689.0 ] ] ], [ [ [ 338852.0, 5642682.0 ], [ 338852.0, 5642685.0 ], [ 338853.0, 5642685.0 ], [ 338853.0, 5642683.0 ], [ 338854.0, 5642683.0 ], [ 338854.0, 5642684.0 ], [ 338855.0, 5642684.0 ], [ 338855.0, 5642685.602080401964486 ], [ 338856.554, 5642682.769999999552965 ], [ 338854.811650167801417, 5642682.0 ], [ 338852.0, 5642682.0 ] ] ] ] } },
{ "type": "Feature", "properties": { "DN": 1, "gml_id": "DENW41AL30005f8fFL", "identifier": "urn:adv:oid:DENW41AL30005f8fFL", "aktualit_2": "2024-08-20Z", "idflurst": "DENW41AL30005f8f", "flaeche": 257.0, "flstkennz_": "05468202100428______", "flstnrzae": "428", "flstnrnen": null, "gemarkung": "Horrem", "gemaschl": "054682", "flur": "21", "flurschl": "054682021", "land": "Nordrhein-Westfalen", "landschl": "05", "regbezirk": "Köln", "regbezschl": "053", "kreis": "Rhein-Erft-Kreis", "kreisschl": "05362", "gemeinde": "Kerpen", "gmdschl": "05362032", "abwrecht": "Kein abweichender Rechtszustand", "lagebeztxt": "Sistenichstraße 19", "tntxt": "Wohnbaufläche;257", "area": 256, "other catc": null, "frag area": 21.5, "final area": 20.8 }, "geometry": { "type": "MultiPolygon", "coordinates": [ [ [ [ 338957.0, 5642675.0 ], [ 338957.0, 5642674.0 ], [ 338961.0, 5642674.0 ], [ 338961.0, 5642672.0 ], [ 338960.0, 5642672.0 ], [ 338960.0, 5642671.652178825810552 ], [ 338957.899394366715569, 5642671.0 ], [ 338956.0, 5642671.0 ], [ 338956.0, 5642673.0 ], [ 338955.0, 5642673.0 ], [ 338955.0, 5642675.0 ], [ 338953.0, 5642675.0 ], [ 338953.0, 5642675.939234244637191 ], [ 338956.0, 5642677.081601862795651 ], [ 338956.0, 5642675.0 ], [ 338957.0, 5642675.0 ] ] ] ] } },
{ "type": "Feature", "properties": { "DN": 1, "gml_id": "DENW41AL30005ZhrFL", "identifier": "urn:adv:oid:DENW41AL30005ZhrFL", "aktualit_2": "2024-08-20Z", "idflurst": "DENW41AL30005Zhr", "flaeche": 511.0, "flstkennz_": "054682021000080001__", "flstnrzae": "8", "flstnrnen": "1", "gemarkung": "Horrem", "gemaschl": "054682", "flur": "21", "flurschl": "054682021", "land": "Nordrhein-Westfalen", "landschl": "05", "regbezirk": "Köln", "regbezschl": "053", "kreis": "Rhein-Erft-Kreis", "kreisschl": "05362", "gemeinde": "Kerpen", "gmdschl": "05362032", "abwrecht": "Kein abweichender Rechtszustand", "lagebeztxt": "Am Kalkofen 15", "tntxt": "Wohnbaufläche;511", "area": 508, "other catc": null, "frag area": 28.0, "final area": 27.0 }, "geometry": { "type": "MultiPolygon", "coordinates": [ [ [ [ 338808.0, 5642676.0 ], [ 338807.0, 5642676.0 ], [ 338807.0, 5642677.0 ], [ 338806.0, 5642677.0 ], [ 338806.0, 5642674.0 ], [ 338807.0, 5642674.0 ], [ 338807.0, 5642670.0 ], [ 338803.051408640458249, 5642670.0 ], [ 338803.0, 5642670.0930444765836 ], [ 338803.0, 5642671.582967814058065 ], [ 338803.816344322345685, 5642672.0 ], [ 338805.0, 5642672.0 ], [ 338805.0, 5642672.604674401693046 ], [ 338805.03000000002794, 5642672.620000000111759 ], [ 338805.0, 5642672.674290954135358 ], [ 338805.0, 5642674.0 ], [ 338804.267442017560825, 5642674.0 ], [ 338804.0, 5642674.483989405445755 ], [ 338804.0, 5642675.0 ], [ 338803.714863769419026, 5642675.0 ], [ 338803.0, 5642676.293687856756151 ], [ 338803.0, 5642677.336545687168837 ], [ 338803.746999999973923, 5642677.821999999694526 ], [ 338803.648671930888668, 5642678.0 ], [ 338806.0, 5642678.0 ], [ 338806.0, 5642679.0 ], [ 338808.0, 5642679.0 ], [ 338808.0, 5642676.0 ] ] ] ] } },
{ "type": "Feature", "properties": { "DN": 1, "gml_id": "DENW41AL30005cHXFL", "identifier": "urn:adv:oid:DENW41AL30005cHXFL", "aktualit_2": "2024-08-20Z", "idflurst": "DENW41AL30005cHX", "flaeche": 553.0, "flstkennz_": "05468200800581______", "flstnrzae": "581", "flstnrnen": null, "gemarkung": "Horrem", "gemaschl": "054682", "flur": "8", "flurschl": "054682008", "land": "Nordrhein-Westfalen", "landschl": "05", "regbezirk": "Köln", "regbezschl": "053", "kreis": "Rhein-Erft-Kreis", "kreisschl": "05362", "gemeinde": "Kerpen", "gmdschl": "05362032", "abwrecht": "Kein abweichender Rechtszustand", "lagebeztxt": "Hauptstraße 180; Merkurweg 15", "tntxt": "Fläche gemischter Nutzung(funktion:Gebäude- und Freifläche Mischnutzung mit Wohnen);553", "area": 553, "other catc": null, "frag area": 104.6, "final area": 104.6 }, "geometry": { "type": "MultiPolygon", "coordinates": [ [ [ [ 339028.0, 5642679.0 ], [ 339028.0, 5642677.0 ], [ 339029.0, 5642677.0 ], [ 339029.0, 5642678.0 ], [ 339031.0, 5642678.0 ], [ 339031.0, 5642677.0 ], [ 339030.0, 5642677.0 ], [ 339030.0, 5642676.0 ], [ 339026.0, 5642676.0 ], [ 339026.0, 5642675.0 ], [ 339022.0, 5642675.0 ], [ 339022.0, 5642674.0 ], [ 339018.0, 5642674.0 ], [ 339018.0, 5642673.0 ], [ 339014.0, 5642673.0 ], [ 339014.0, 5642672.0 ], [ 339012.0, 5642672.0 ], [ 339012.0, 5642671.0 ], [ 339011.0, 5642671.0 ], [ 339011.0, 5642670.0 ], [ 339010.0, 5642670.0 ], [ 339010.0, 5642669.0 ], [ 339005.0, 5642669.0 ], [ 339005.0, 5642668.0 ], [ 339002.0, 5642668.0 ], [ 339002.0, 5642667.0 ], [ 338999.0, 5642667.0 ], [ 338999.0, 5642670.0 ], [ 338998.0, 5642670.0 ], [ 338998.0, 5642672.0 ], [ 338997.178740574978292, 5642672.0 ], [ 338997.0, 5642672.507490928284824 ], [ 338997.0, 5642673.556127671152353 ], [ 338999.0, 5642674.064255524426699 ], [ 338999.0, 5642673.0 ], [ 339000.0, 5642673.0 ], [ 339000.0, 5642672.0 ], [ 339005.0, 5642672.0 ], [ 339005.0, 5642673.0 ], [ 339009.0, 5642673.0 ], [ 339009.0, 5642674.0 ], [ 339013.0, 5642674.0 ], [ 339013.0, 5642675.0 ], [ 339015.0, 5642675.0 ], [ 339015.0, 5642676.0 ], [ 339016.0, 5642676.0 ], [ 339016.0, 5642677.0 ], [ 339020.0, 5642677.0 ], [ 339020.0, 5642676.0 ], [ 339023.0, 5642676.0 ], [ 339023.0, 5642677.0 ], [ 339027.0, 5642677.0 ], [ 339027.0, 5642679.0 ], [ 339028.0, 5642679.0 ] ] ] ] } },
{ "type": "Feature", "properties": { "DN": 1, "gml_id": "DENW41AL30005cToFL", "identifier": "urn:adv:oid:DENW41AL30005cToFL", "aktualit_2": "2024-08-20Z", "idflurst": "DENW41AL30005cTo", "flaeche": 558.0, "flstkennz_": "05468200800846______", "flstnrzae": "846", "flstnrnen": null, "gemarkung": "Horrem", "gemaschl": "054682", "flur": "8", "flurschl": "054682008", "land": "Nordrhein-Westfalen", "landschl": "05", "regbezirk": "Köln", "regbezschl": "053", "kreis": "Rhein-Erft-Kreis", "kreisschl": "05362", "gemeinde": "Kerpen", "gmdschl": "05362032", "abwrecht": "Kein abweichender Rechtszustand", "lagebeztxt": "Hauptstraße 187", "tntxt": "Wohnbaufläche;558", "area": 557, "other catc": null, "frag area": 108.8, "final area": 108.8 }, "geometry": { "type": "MultiPolygon", "coordinates": [ [ [ [ 339132.335453659237828, 5642678.0 ], [ 339132.400726335123181, 5642676.0 ], [ 339132.0, 5642676.0 ], [ 339132.0, 5642675.0 ], [ 339132.433362673094962, 5642675.0 ], [ 339132.479999999981374, 5642673.571000000461936 ], [ 339131.946540016098879, 5642671.0 ], [ 339131.0, 5642671.0 ], [ 339131.0, 5642669.0 ], [ 339130.0, 5642669.0 ], [ 339130.0, 5642665.325065340846777 ], [ 339129.172845782886725, 5642665.0 ], [ 339125.0, 5642665.0 ], [ 339125.0, 5642664.0 ], [ 339124.0, 5642664.0 ], [ 339124.0, 5642665.0 ], [ 339123.0, 5642665.0 ], [ 339123.0, 5642668.0 ], [ 339122.0, 5642668.0 ], [ 339122.0, 5642670.0 ], [ 339121.0, 5642670.0 ], [ 339121.0, 5642673.0 ], [ 339119.0, 5642673.0 ], [ 339119.0, 5642675.0 ], [ 339121.0, 5642675.0 ], [ 339121.0, 5642676.0 ], [ 339122.0, 5642676.0 ], [ 339122.0, 5642675.0 ], [ 339126.0, 5642675.0 ], [ 339126.0, 5642676.0 ], [ 339128.0, 5642676.0 ], [ 339128.0, 5642675.0 ], [ 339129.0, 5642675.0 ], [ 339129.0, 5642676.0 ], [ 339130.0, 5642676.0 ], [ 339130.0, 5642678.0 ], [ 339132.335453659237828, 5642678.0 ] ] ] ] } },
{ "type": "Feature", "properties": { "DN": 1, "gml_id": "DENW41AL30005dThFL", "identifier": "urn:adv:oid:DENW41AL30005dThFL", "aktualit_2": "2024-08-20Z", "idflurst": "DENW41AL30005dTh", "flaeche": 508.0, "flstkennz_": "05468202100033______", "flstnrzae": "33", "flstnrnen": null, "gemarkung": "Horrem", "gemaschl": "054682", "flur": "21", "flurschl": "054682021", "land": "Nordrhein-Westfalen", "landschl": "05", "regbezirk": "Köln", "regbezschl": "053", "kreis": "Rhein-Erft-Kreis", "kreisschl": "05362", "gemeinde": "Kerpen", "gmdschl": "05362032", "abwrecht": "Kein abweichender Rechtszustand", "lagebeztxt": "Merkurweg 20; Sistenichstraße 21", "tntxt": "Wohnbaufläche;508", "area": 505, "other catc": null, "frag area": 16.0, "final area": 16.0 }, "geometry": { "type": "MultiPolygon", "coordinates": [ [ [ [ 338959.0, 5642666.0 ], [ 338959.0, 5642665.0 ], [ 338960.0, 5642665.0 ], [ 338960.0, 5642664.0 ], [ 338962.0, 5642664.0 ], [ 338962.0, 5642662.0 ], [ 338963.0, 5642662.0 ], [ 338963.0, 5642661.0 ], [ 338960.0, 5642661.0 ], [ 338960.0, 5642660.0 ], [ 338959.0, 5642660.0 ], [ 338959.0, 5642662.0 ], [ 338958.0, 5642662.0 ], [ 338958.0, 5642666.0 ], [ 338959.0, 5642666.0 ] ] ] ] } },
{ "type": "Feature", "properties": { "DN": 1, "gml_id": "DENW41AL30005ZfgFL", "identifier": "urn:adv:oid:DENW41AL30005ZfgFL", "aktualit_2": "2024-08-20Z", "idflurst": "DENW41AL30005Zfg", "flaeche": 271.0, "flstkennz_": "054682021000880007__", "flstnrzae": "88", "flstnrnen": "7", "gemarkung": "Horrem", "gemaschl": "054682", "flur": "21", "flurschl": "054682021", "land": "Nordrhein-Westfalen", "landschl": "05", "regbezirk": "Köln", "regbezschl": "053", "kreis": "Rhein-Erft-Kreis", "kreisschl": "05362", "gemeinde": "Kerpen", "gmdschl": "05362032", "abwrecht": "Kein abweichender Rechtszustand", "lagebeztxt": "Am Kalkofen 23", "tntxt": "Wohnbaufläche;271", "area": 271, "other catc": null, "frag area": 20.8, "final area": 20.8 }, "geometry": { "type": "MultiPolygon", "coordinates": [ [ [ [ 338774.0, 5642662.0 ], [ 338774.0, 5642657.0 ], [ 338775.0, 5642657.0 ], [ 338775.0, 5642655.0 ], [ 338774.0, 5642655.0 ], [ 338774.0, 5642654.0 ], [ 338773.0, 5642654.0 ], [ 338773.0, 5642658.0 ], [ 338772.0, 5642658.0 ], [ 338772.0, 5642659.0 ], [ 338771.0, 5642659.0 ], [ 338771.0, 5642661.0 ], [ 338770.0, 5642661.0 ], [ 338770.0, 5642662.0 ], [ 338772.0, 5642662.0 ], [ 338772.0, 5642663.0 ], [ 338774.0, 5642663.0 ], [ 338774.0, 5642663.709297415800393 ], [ 338774.915544794639573, 5642662.0 ], [ 338774.0, 5642662.0 ] ] ] ] } },
{ "type": "Feature", "properties": { "DN": 1, "gml_id": "DENW41AL30005ZqgFL", "identifier": "urn:adv:oid:DENW41AL30005ZqgFL", "aktualit_2": "2024-08-20Z", "idflurst": "DENW41AL30005Zqg", "flaeche": 700.0, "flstkennz_": "05468200800583______", "flstnrzae": "583", "flstnrnen": null, "gemarkung": "Horrem", "gemaschl": "054682", "flur": "8", "flurschl": "054682008", "land": "Nordrhein-Westfalen", "landschl": "05", "regbezirk": "Köln", "regbezschl": "053", "kreis": "Rhein-Erft-Kreis", "kreisschl": "05362", "gemeinde": "Kerpen", "gmdschl": "05362032", "abwrecht": "Kein abweichender Rechtszustand", "lagebeztxt": "Hauptstraße 184; Merkurweg 17", "tntxt": "Fläche gemischter Nutzung(funktion:Gebäude- und Freifläche Mischnutzung mit Wohnen);700", "area": 700, "other catc": null, "frag area": 29.0, "final area": 29.0 }, "geometry": { "type": "MultiPolygon", "coordinates": [ [ [ [ 339034.0, 5642662.0 ], [ 339034.0, 5642661.0 ], [ 339036.0, 5642661.0 ], [ 339036.0, 5642660.0 ], [ 339037.0, 5642660.0 ], [ 339037.0, 5642661.0 ], [ 339038.0, 5642661.0 ], [ 339038.0, 5642658.0 ], [ 339037.0, 5642658.0 ], [ 339037.0, 5642656.0 ], [ 339036.0, 5642656.0 ], [ 339036.0, 5642657.0 ], [ 339033.0, 5642657.0 ], [ 339033.0, 5642658.0 ], [ 339031.0, 5642658.0 ], [ 339031.0, 5642659.0 ], [ 339030.0, 5642659.0 ], [ 339030.0, 5642660.0 ], [ 339029.0, 5642660.0 ], [ 339029.0, 5642661.0 ], [ 339032.0, 5642661.0 ], [ 339032.0, 5642662.0 ], [ 339034.0, 5642662.0 ] ], [ [ 339033.0, 5642659.0 ], [ 339034.0, 5642659.0 ], [ 339034.0, 5642660.0 ], [ 339033.0, 5642660.0 ], [ 339033.0, 5642659.0 ] ] ] ] } },
{ "type": "Feature", "properties": { "DN": 1, "gml_id": "DENW41AL30005ZqgFL", "identifier": "urn:adv:oid:DENW41AL30005ZqgFL", "aktualit_2": "2024-08-20Z", "idflurst": "DENW41AL30005Zqg", "flaeche": 700.0, "flstkennz_": "05468200800583______", "flstnrzae": "583", "flstnrnen": null, "gemarkung": "Horrem", "gemaschl": "054682", "flur": "8", "flurschl": "054682008", "land": "Nordrhein-Westfalen", "landschl": "05", "regbezirk": "Köln", "regbezschl": "053", "kreis": "Rhein-Erft-Kreis", "kreisschl": "05362", "gemeinde": "Kerpen", "gmdschl": "05362032", "abwrecht": "Kein abweichender Rechtszustand", "lagebeztxt": "Hauptstraße 184; Merkurweg 17", "tntxt": "Fläche gemischter Nutzung(funktion:Gebäude- und Freifläche Mischnutzung mit Wohnen);700", "area": 700, "other catc": null, "frag area": 12.0, "final area": 12.0 }, "geometry": { "type": "MultiPolygon", "coordinates": [ [ [ [ 339027.0, 5642660.0 ], [ 339027.0, 5642659.0 ], [ 339028.0, 5642659.0 ], [ 339028.0, 5642658.0 ], [ 339031.0, 5642658.0 ], [ 339031.0, 5642657.0 ], [ 339033.0, 5642657.0 ], [ 339033.0, 5642656.0 ], [ 339029.0, 5642656.0 ], [ 339029.0, 5642657.0 ], [ 339027.0, 5642657.0 ], [ 339027.0, 5642658.0 ], [ 339026.0, 5642658.0 ], [ 339026.0, 5642659.0 ], [ 339025.0, 5642659.0 ], [ 339025.0, 5642660.0 ], [ 339027.0, 5642660.0 ] ] ] ] } },
{ "type": "Feature", "properties": { "DN": 1, "gml_id": "DENW41AL30005UlwFL", "identifier": "urn:adv:oid:DENW41AL30005UlwFL", "aktualit_2": "2025-01-17Z", "idflurst": "DENW41AL30005Ulw", "flaeche": 486.0, "flstkennz_": "05468202100042______", "flstnrzae": "42", "flstnrnen": null, "gemarkung": "Horrem", "gemaschl": "054682", "flur": "21", "flurschl": "054682021", "land": "Nordrhein-Westfalen", "landschl": "05", "regbezirk": "Köln", "regbezschl": "053", "kreis": "Rhein-Erft-Kreis", "kreisschl": "05362", "gemeinde": "Kerpen", "gmdschl": "05362032", "abwrecht": "Kein abweichender Rechtszustand", "lagebeztxt": "Sistenichstraße 14", "tntxt": "Wohnbaufläche;486", "area": 487, "other catc": null, "frag area": 90.6, "final area": 90.6 }, "geometry": { "type": "MultiPolygon", "coordinates": [ [ [ [ 338924.0, 5642671.634646812453866 ], [ 338924.0, 5642670.0 ], [ 338924.621314561925828, 5642670.0 ], [ 338925.0, 5642669.003697994165123 ], [ 338925.0, 5642668.0 ], [ 338925.38149658695329, 5642668.0 ], [ 338926.0, 5642666.372749176807702 ], [ 338926.0, 5642665.0 ], [ 338926.522463356319349, 5642665.0 ], [ 338927.0, 5642663.74661591462791 ], [ 338927.0, 5642662.0 ], [ 338927.665456910908688, 5642662.0 ], [ 338928.0, 5642661.121929197572172 ], [ 338928.0, 5642660.0 ], [ 338928.427452614007052, 5642660.0 ], [ 338929.0, 5642658.497242481447756 ], [ 338929.0, 5642657.227137777023017 ], [ 338928.398986965126824, 5642657.0 ], [ 338925.0, 5642657.0 ], [ 338925.0, 5642655.715438270010054 ], [ 338923.106929938832764, 5642655.0 ], [ 338922.0, 5642655.0 ], [ 338922.0, 5642654.582687966525555 ], [ 338920.45957706484478, 5642654.0 ], [ 338919.0, 5642654.0 ], [ 338919.0, 5642653.447893190197647 ], [ 338918.987702229991555, 5642653.443241375498474 ], [ 338917.814872912538704, 5642653.0 ], [ 338917.0, 5642653.0 ], [ 338917.0, 5642655.0 ], [ 338915.0, 5642655.0 ], [ 338915.0, 5642657.0 ], [ 338916.0, 5642657.0 ], [ 338916.0, 5642658.0 ], [ 338917.0, 5642658.0 ], [ 338917.0, 5642659.0 ], [ 338918.0, 5642659.0 ], [ 338918.0, 5642658.0 ], [ 338919.0, 5642658.0 ], [ 338919.0, 5642659.0 ], [ 338925.0, 5642659.0 ], [ 338925.0, 5642660.0 ], [ 338926.0, 5642660.0 ], [ 338926.0, 5642663.0 ], [ 338925.0, 5642663.0 ], [ 338925.0, 5642664.0 ], [ 338924.0, 5642664.0 ], [ 338924.0, 5642665.0 ], [ 338923.0, 5642665.0 ], [ 338923.0, 5642667.0 ], [ 338922.0, 5642667.0 ], [ 338922.0, 5642668.0 ], [ 338921.0, 5642668.0 ], [ 338921.0, 5642670.0 ], [ 338919.0, 5642670.0 ], [ 338919.0, 5642671.0 ], [ 338920.0, 5642671.0 ], [ 338920.0, 5642672.0 ], [ 338922.0, 5642672.0 ], [ 338922.0, 5642673.0 ], [ 338923.481041524384636, 5642673.0 ], [ 338924.0, 5642671.634646812453866 ] ] ] ] } },
{ "type": "Feature", "properties": { "DN": 1, "gml_id": "DENW41AL30005UlwFL", "identifier": "urn:adv:oid:DENW41AL30005UlwFL", "aktualit_2": "2025-01-17Z", "idflurst": "DENW41AL30005Ulw", "flaeche": 486.0, "flstkennz_": "05468202100042______", "flstnrzae": "42", "flstnrnen": null, "gemarkung": "Horrem", "gemaschl": "054682", "flur": "21", "flurschl": "054682021", "land": "Nordrhein-Westfalen", "landschl": "05", "regbezirk": "Köln", "regbezschl": "053", "kreis": "Rhein-Erft-Kreis", "kreisschl": "05362", "gemeinde": "Kerpen", "gmdschl": "05362032", "abwrecht": "Kein abweichender Rechtszustand", "lagebeztxt": "Sistenichstraße 14", "tntxt": "Wohnbaufläche;486", "area": 487, "other catc": null, "frag area": 67.3, "final area": 67.3 }, "geometry": { "type": "MultiPolygon", "coordinates": [ [ [ [ 338904.0, 5642662.0 ], [ 338903.0, 5642662.0 ], [ 338903.0, 5642659.0 ], [ 338902.0, 5642659.0 ], [ 338902.0, 5642658.0 ], [ 338903.0, 5642658.0 ], [ 338903.0, 5642657.0 ], [ 338904.0, 5642657.0 ], [ 338904.0, 5642656.0 ], [ 338905.0, 5642656.0 ], [ 338905.0, 5642654.0 ], [ 338907.0, 5642654.0 ], [ 338907.0, 5642653.0 ], [ 338908.0, 5642653.0 ], [ 338908.0, 5642651.0 ], [ 338909.0, 5642651.0 ], [ 338909.0, 5642650.0 ], [ 338908.0, 5642650.0 ], [ 338908.0, 5642649.290715362876654 ], [ 338907.0, 5642648.912790486589074 ], [ 338907.0, 5642649.0 ], [ 338906.0, 5642649.0 ], [ 338906.0, 5642648.534865609370172 ], [ 338904.0, 5642647.77901585586369 ], [ 338904.0, 5642648.0 ], [ 338903.232805206498597, 5642648.0 ], [ 338903.0, 5642648.488880697637796 ], [ 338903.0, 5642650.0 ], [ 338902.281133271229919, 5642650.0 ], [ 338902.0, 5642650.590324853546917 ], [ 338902.0, 5642652.0 ], [ 338901.32866356021259, 5642652.0 ], [ 338901.0, 5642652.690129159018397 ], [ 338901.0, 5642655.0 ], [ 338900.0, 5642655.0 ], [ 338900.0, 5642658.0 ], [ 338899.0, 5642658.0 ], [ 338899.0, 5642660.0 ], [ 338898.0, 5642660.0 ], [ 338898.0, 5642661.0 ], [ 338899.0, 5642661.0 ], [ 338899.0, 5642662.0 ], [ 338902.0, 5642662.0 ], [ 338902.0, 5642663.0 ], [ 338904.0, 5642663.0 ], [ 338904.0, 5642662.0 ] ] ] ] } },
{ "type": "Feature", "properties": { "DN": 1, "gml_id": "DENW41AL30005ZqgFL", "identifier": "urn:adv:oid:DENW41AL30005ZqgFL", "aktualit_2": "2024-08-20Z", "idflurst": "DENW41AL30005Zqg", "flaeche": 700.0, "flstkennz_": "05468200800583______", "flstnrzae": "583", "flstnrnen": null, "gemarkung": "Horrem", "gemaschl": "054682", "flur": "8", "flurschl": "054682008", "land": "Nordrhein-Westfalen", "landschl": "05", "regbezirk": "Köln", "regbezschl": "053", "kreis": "Rhein-Erft-Kreis", "kreisschl": "05362", "gemeinde": "Kerpen", "gmdschl": "05362032", "abwrecht": "Kein abweichender Rechtszustand", "lagebeztxt": "Hauptstraße 184; Merkurweg 17", "tntxt": "Fläche gemischter Nutzung(funktion:Gebäude- und Freifläche Mischnutzung mit Wohnen);700", "area": 700, "other catc": null, "frag area": 31.0, "final area": 31.0 }, "geometry": { "type": "MultiPolygon", "coordinates": [ [ [ [ 339007.0, 5642657.0 ], [ 339007.0, 5642656.0 ], [ 339008.0, 5642656.0 ], [ 339008.0, 5642651.0 ], [ 339009.0, 5642651.0 ], [ 339009.0, 5642649.0 ], [ 339008.0, 5642649.0 ], [ 339008.0, 5642648.266973613761365 ], [ 339006.0, 5642647.78632896207273 ], [ 339006.0, 5642648.0 ], [ 339005.625480362446979, 5642648.0 ], [ 339005.0, 5642649.777660840190947 ], [ 339005.0, 5642653.0 ], [ 339004.0, 5642653.0 ], [ 339004.0, 5642654.0 ], [ 339003.514345274015795, 5642654.0 ], [ 339003.0, 5642655.461806807667017 ], [ 339003.0, 5642656.0 ], [ 339006.0, 5642656.0 ], [ 339006.0, 5642657.0 ], [ 339007.0, 5642657.0 ] ] ] ] } },
{ "type": "Feature", "properties": { "DN": 1, "gml_id": "DENW41AL30005bctFL", "identifier": "urn:adv:oid:DENW41AL30005bctFL", "aktualit_2": "2024-08-20Z", "idflurst": "DENW41AL30005bct", "flaeche": 270.0, "flstkennz_": "054682021000920007__", "flstnrzae": "92", "flstnrnen": "7", "gemarkung": "Horrem", "gemaschl": "054682", "flur": "21", "flurschl": "054682021", "land": "Nordrhein-Westfalen", "landschl": "05", "regbezirk": "Köln", "regbezschl": "053", "kreis": "Rhein-Erft-Kreis", "kreisschl": "05362", "gemeinde": "Kerpen", "gmdschl": "05362032", "abwrecht": "Kein abweichender Rechtszustand", "lagebeztxt": "Wiesenstraße 16", "tntxt": "Wohnbaufläche;270", "area": 270, "other catc": null, "frag area": 34.0, "final area": 33.7 }, "geometry": { "type": "MultiPolygon", "coordinates": [ [ [ [ 338809.0, 5642655.0 ], [ 338810.0, 5642655.0 ], [ 338810.0, 5642652.274647610262036 ], [ 338809.498934001312591, 5642652.0 ], [ 338809.0, 5642652.0 ], [ 338809.0, 5642651.72652099467814 ], [ 338808.771, 5642651.600999999791384 ], [ 338809.0, 5642651.183204033412039 ], [ 338809.0, 5642650.0 ], [ 338809.648531209211797, 5642650.0 ], [ 338810.0, 5642649.358767496421933 ], [ 338810.0, 5642649.0 ], [ 338809.0, 5642649.0 ], [ 338809.0, 5642648.0 ], [ 338808.0, 5642648.0 ], [ 338808.0, 5642649.0 ], [ 338807.0, 5642649.0 ], [ 338807.0, 5642648.0 ], [ 338805.0, 5642648.0 ], [ 338805.0, 5642649.0 ], [ 338804.136825865774881, 5642649.0 ], [ 338804.0, 5642649.218613412231207 ], [ 338804.0, 5642651.0 ], [ 338805.0, 5642651.0 ], [ 338805.0, 5642652.0 ], [ 338806.0, 5642652.0 ], [ 338806.0, 5642653.0 ], [ 338805.0, 5642653.0 ], [ 338805.0, 5642654.0 ], [ 338806.0, 5642654.0 ], [ 338806.0, 5642655.0 ], [ 338807.0, 5642655.0 ], [ 338807.0, 5642656.0 ], [ 338808.0, 5642656.0 ], [ 338808.0, 5642657.0 ], [ 338809.0, 5642657.0 ], [ 338809.0, 5642655.0 ] ] ] ] } },
{ "type": "Feature", "properties": { "DN": 1, "gml_id": "DENW41AL30005VufFL", "identifier": "urn:adv:oid:DENW41AL30005VufFL", "aktualit_2": "2024-08-20Z", "idflurst": "DENW41AL30005Vuf", "flaeche": 416.0, "flstkennz_": "05468202100442______", "flstnrzae": "442", "flstnrnen": null, "gemarkung": "Horrem", "gemaschl": "054682", "flur": "21", "flurschl": "054682021", "land": "Nordrhein-Westfalen", "landschl": "05", "regbezirk": "Köln", "regbezschl": "053", "kreis": "Rhein-Erft-Kreis", "kreisschl": "05362", "gemeinde": "Kerpen", "gmdschl": "05362032", "abwrecht": "Kein abweichender Rechtszustand", "lagebeztxt": "Wiesenstraße 32", "tntxt": "Wohnbaufläche;416", "area": 417, "other catc": null, "frag area": 33.5, "final area": 33.0 }, "geometry": { "type": "MultiPolygon", "coordinates": [ [ [ [ 338728.0, 5642649.0 ], [ 338728.0, 5642648.105301886796951 ], [ 338727.810170068056323, 5642648.0 ], [ 338727.0, 5642648.0 ], [ 338727.0, 5642647.550584905780852 ], [ 338726.007448979537003, 5642647.0 ], [ 338725.0, 5642647.0 ], [ 338725.0, 5642646.441150943748653 ], [ 338724.204727891017683, 5642646.0 ], [ 338724.0, 5642646.0 ], [ 338724.0, 5642647.0 ], [ 338723.0, 5642647.0 ], [ 338723.0, 5642648.0 ], [ 338722.012999353464693, 5642648.0 ], [ 338722.0, 5642648.023412358015776 ], [ 338722.0, 5642649.0 ], [ 338721.457764665305149, 5642649.0 ], [ 338720.902529977145605, 5642650.0 ], [ 338721.0, 5642650.0 ], [ 338721.0, 5642650.605734094977379 ], [ 338721.732664617244154, 5642651.0 ], [ 338723.0, 5642651.0 ], [ 338723.0, 5642651.681986163370311 ], [ 338723.590965344046708, 5642652.0 ], [ 338725.0, 5642652.0 ], [ 338725.0, 5642652.758238230831921 ], [ 338725.449266070791055, 5642653.0 ], [ 338726.0, 5642653.0 ], [ 338726.0, 5642653.296364265494049 ], [ 338727.307566797593608, 5642654.0 ], [ 338727.31720786500955, 5642654.0 ], [ 338728.886999999987893, 5642651.156000000424683 ], [ 338729.0, 5642650.951182466931641 ], [ 338729.0, 5642649.0 ], [ 338728.0, 5642649.0 ] ], [ [ 338727.0, 5642649.0 ], [ 338724.0, 5642649.0 ], [ 338724.0, 5642648.0 ], [ 338727.0, 5642648.0 ], [ 338727.0, 5642649.0 ] ] ] ] } },
{ "type": "Feature", "properties": { "DN": 1, "gml_id": "DENW41AL30005VCXFL", "identifier": "urn:adv:oid:DENW41AL30005VCXFL", "aktualit_2": "2024-08-20Z", "idflurst": "DENW41AL30005VCX", "flaeche": 5959.0, "flstkennz_": "05468200800832______", "flstnrzae": "832", "flstnrnen": null, "gemarkung": "Horrem", "gemaschl": "054682", "flur": "8", "flurschl": "054682008", "land": "Nordrhein-Westfalen", "landschl": "05", "regbezirk": "Köln", "regbezschl": "053", "kreis": "Rhein-Erft-Kreis", "kreisschl": "05362", "gemeinde": "Kerpen", "gmdschl": "05362032", "abwrecht": "Kein abweichender Rechtszustand", "lagebeztxt": "Mittelstraße 6, 8, 10, 12, 14, 16, 18, 20, 22, 24, 26", "tntxt": "Wohnbaufläche;5959", "area": 5965, "other catc": null, "frag area": 35.3, "final area": 35.3 }, "geometry": { "type": "MultiPolygon", "coordinates": [ [ [ [ 339163.0, 5642660.0 ], [ 339163.0, 5642657.0 ], [ 339164.0, 5642657.0 ], [ 339164.0, 5642656.0 ], [ 339165.0, 5642656.0 ], [ 339165.0, 5642655.0 ], [ 339164.0, 5642655.0 ], [ 339164.0, 5642654.0 ], [ 339163.0, 5642654.0 ], [ 339163.0, 5642650.0 ], [ 339162.0, 5642650.0 ], [ 339162.0, 5642649.250429224222898 ], [ 339161.087929447181523, 5642649.0 ], [ 339160.0, 5642649.0 ], [ 339160.0, 5642648.701284811832011 ], [ 339159.0, 5642648.426712605170906 ], [ 339159.0, 5642649.0 ], [ 339158.0, 5642649.0 ], [ 339158.0, 5642650.0 ], [ 339160.0, 5642650.0 ], [ 339160.0, 5642652.0 ], [ 339159.0, 5642652.0 ], [ 339159.0, 5642654.0 ], [ 339161.0, 5642654.0 ], [ 339161.0, 5642656.0 ], [ 339160.0, 5642656.0 ], [ 339160.0, 5642657.0 ], [ 339161.0, 5642657.0 ], [ 339161.0, 5642660.0 ], [ 339163.0, 5642660.0 ] ] ] ] } },
{ "type": "Feature", "properties": { "DN": 1, "gml_id": "DENW41ALtj0000UKFL", "identifier": "urn:adv:oid:DENW41ALtj0000UKFL", "aktualit_2": "2024-08-29Z", "idflurst": "DENW41ALtj0000UK", "flaeche": 639.0, "flstkennz_": "05468200800871______", "flstnrzae": "871", "flstnrnen": null, "gemarkung": "Horrem", "gemaschl": "054682", "flur": "8", "flurschl": "054682008", "land": "Nordrhein-Westfalen", "landschl": "05", "regbezirk": "Köln", "regbezschl": "053", "kreis": "Rhein-Erft-Kreis", "kreisschl": "05362", "gemeinde": "Kerpen", "gmdschl": "05362032", "abwrecht": "Kein abweichender Rechtszustand", "lagebeztxt": "Hauptstraße", "tntxt": "Wohnbaufläche;639", "area": 639, "other catc": null, "frag area": 13.5, "final area": 13.5 }, "geometry": { "type": "MultiPolygon", "coordinates": [ [ [ [ 339140.0, 5642648.0 ], [ 339140.834678266895935, 5642648.0 ], [ 339141.0, 5642647.536008408293128 ], [ 339141.0, 5642646.0 ], [ 339139.0, 5642646.0 ], [ 339139.0, 5642645.0 ], [ 339137.0, 5642645.0 ], [ 339137.0, 5642646.0 ], [ 339136.533338627719786, 5642646.0 ], [ 339136.0, 5642647.840217938646674 ], [ 339136.0, 5642648.0 ], [ 339138.0, 5642648.0 ], [ 339138.0, 5642649.0 ], [ 339140.0, 5642649.0 ], [ 339140.0, 5642648.0 ] ] ] ] } },
{ "type": "Feature", "properties": { "DN": 1, "gml_id": "DENW41AL30005ZOeFL", "identifier": "urn:adv:oid:DENW41AL30005ZOeFL", "aktualit_2": "2024-08-20Z", "idflurst": "DENW41AL30005ZOe", "flaeche": 263.0, "flstkennz_": "054682021000930007__", "flstnrzae": "93", "flstnrnen": "7", "gemarkung": "Horrem", "gemaschl": "054682", "flur": "21", "flurschl": "054682021", "land": "Nordrhein-Westfalen", "landschl": "05", "regbezirk": "Köln", "regbezschl": "053", "kreis": "Rhein-Erft-Kreis", "kreisschl": "05362", "gemeinde": "Kerpen", "gmdschl": "05362032", "abwrecht": "Kein abweichender Rechtszustand", "lagebeztxt": "Wiesenstraße 18", "tntxt": "Wohnbaufläche;263", "area": 262, "other catc": null, "frag area": 14.0, "final area": 13.7 }, "geometry": { "type": "MultiPolygon", "coordinates": [ [ [ [ 338804.0, 5642643.0 ], [ 338803.0, 5642643.0 ], [ 338803.0, 5642642.0 ], [ 338801.528991603467148, 5642642.0 ], [ 338801.0, 5642642.969648325815797 ], [ 338801.0, 5642645.0 ], [ 338800.0, 5642645.0 ], [ 338800.0, 5642646.0 ], [ 338803.0, 5642646.0 ], [ 338803.0, 5642648.0 ], [ 338804.0, 5642648.0 ], [ 338804.0, 5642643.0 ] ] ] ] } },
{ "type": "Feature", "properties": { "DN": 1, "gml_id": "DENW41AL30005bcAFL", "identifier": "urn:adv:oid:DENW41AL30005bcAFL", "aktualit_2": "2025-01-17Z", "idflurst": "DENW41AL30005bcA", "flaeche": 230.0, "flstkennz_": "05468202100462______", "flstnrzae": "462", "flstnrnen": null, "gemarkung": "Horrem", "gemaschl": "054682", "flur": "21", "flurschl": "054682021", "land": "Nordrhein-Westfalen", "landschl": "05", "regbezirk": "Köln", "regbezschl": "053", "kreis": "Rhein-Erft-Kreis", "kreisschl": "05362", "gemeinde": "Kerpen", "gmdschl": "05362032", "abwrecht": "Kein abweichender Rechtszustand", "lagebeztxt": "Sistenichstraße 25", "tntxt": "Wohnbaufläche;230", "area": 229, "other catc": null, "frag area": 15.0, "final area": 13.8 }, "geometry": { "type": "MultiPolygon", "coordinates": [ [ [ [ 338967.0, 5642645.0 ], [ 338968.0, 5642645.0 ], [ 338968.0, 5642644.0 ], [ 338970.0, 5642644.0 ], [ 338970.0, 5642645.0 ], [ 338971.0, 5642645.0 ], [ 338971.0, 5642643.407291610725224 ], [ 338969.932861656823661, 5642643.0 ], [ 338969.0, 5642643.0 ], [ 338969.0, 5642642.643957383930683 ], [ 338967.393999999971129, 5642642.031000000424683 ], [ 338967.787530619360041, 5642641.0 ], [ 338967.0, 5642641.0 ], [ 338967.0, 5642642.0 ], [ 338966.0, 5642642.0 ], [ 338966.0, 5642644.0 ], [ 338965.0, 5642644.0 ], [ 338965.0, 5642646.0 ], [ 338967.0, 5642646.0 ], [ 338967.0, 5642645.0 ] ] ] ] } },
{ "type": "Feature", "properties": { "DN": 1, "gml_id": "DENW41AL30009FyuFL", "identifier": "urn:adv:oid:DENW41AL30009FyuFL", "aktualit_2": "2024-08-20Z", "idflurst": "DENW41AL30009Fyu", "flaeche": 721.0, "flstkennz_": "05468200800862______", "flstnrzae": "862", "flstnrnen": null, "gemarkung": "Horrem", "gemaschl": "054682", "flur": "8", "flurschl": "054682008", "land": "Nordrhein-Westfalen", "landschl": "05", "regbezirk": "Köln", "regbezschl": "053", "kreis": "Rhein-Erft-Kreis", "kreisschl": "05362", "gemeinde": "Kerpen", "gmdschl": "05362032", "abwrecht": "Kein abweichender Rechtszustand", "lagebeztxt": "Hauptstraße 189", "tntxt": "Wohnbaufläche;721", "area": 721, "other catc": null, "frag area": 14.0, "final area": 14.0 }, "geometry": { "type": "MultiPolygon", "coordinates": [ [ [ [ 339125.0, 5642643.0 ], [ 339125.0, 5642641.0 ], [ 339124.0, 5642641.0 ], [ 339124.0, 5642640.0 ], [ 339121.0, 5642640.0 ], [ 339121.0, 5642639.0 ], [ 339118.0, 5642639.0 ], [ 339118.0, 5642640.0 ], [ 339120.0, 5642640.0 ], [ 339120.0, 5642641.0 ], [ 339121.0, 5642641.0 ], [ 339121.0, 5642642.0 ], [ 339122.0, 5642642.0 ], [ 339122.0, 5642643.0 ], [ 339125.0, 5642643.0 ] ] ] ] } },
{ "type": "Feature", "properties": { "DN": 1, "gml_id": "DENW41AL2g200009FL", "identifier": "urn:adv:oid:DENW41AL2g200009FL", "aktualit_2": "2024-08-29Z", "idflurst": "DENW41AL2g200009", "flaeche": 255.0, "flstkennz_": "05468202100474______", "flstnrzae": "474", "flstnrnen": null, "gemarkung": "Horrem", "gemaschl": "054682", "flur": "21", "flurschl": "054682021", "land": "Nordrhein-Westfalen", "landschl": "05", "regbezirk": "Köln", "regbezschl": "053", "kreis": "Rhein-Erft-Kreis", "kreisschl": "05362", "gemeinde": "Kerpen", "gmdschl": "05362032", "abwrecht": "Kein abweichender Rechtszustand", "lagebeztxt": "Merkurweg 26", "tntxt": "Wohnbaufläche;255", "area": 255, "other catc": null, "frag area": 39.9, "final area": 39.5 }, "geometry": { "type": "MultiPolygon", "coordinates": [ [ [ [ 338999.60045149695361, 5642649.0 ], [ 339000.0, 5642647.855821872130036 ], [ 339000.0, 5642646.0 ], [ 339000.648055432247929, 5642646.0 ], [ 339001.0, 5642644.992144199088216 ], [ 339001.0, 5642644.0 ], [ 339001.346458055777475, 5642644.0 ], [ 339002.0, 5642642.128466526046395 ], [ 339002.0, 5642641.187313634902239 ], [ 339000.0, 5642640.423959386534989 ], [ 339000.0, 5642641.0 ], [ 338999.0, 5642641.0 ], [ 338999.0, 5642642.0 ], [ 338996.0, 5642642.0 ], [ 338996.0, 5642644.0 ], [ 338995.0, 5642644.0 ], [ 338995.0, 5642645.0 ], [ 338994.607734628662001, 5642645.0 ], [ 338994.227803340938408, 5642646.0 ], [ 338996.0, 5642646.0 ], [ 338996.0, 5642647.0 ], [ 338997.0, 5642647.0 ], [ 338997.0, 5642649.99528672080487 ], [ 338997.012405118788593, 5642650.0 ], [ 338998.0, 5642650.0 ], [ 338998.0, 5642650.375233065336943 ], [ 338998.989, 5642650.751000000163913 ], [ 338999.0, 5642650.719499546103179 ], [ 338999.0, 5642649.0 ], [ 338999.60045149695361, 5642649.0 ] ] ] ] } },
{ "type": "Feature", "properties": { "DN": 1, "gml_id": "DENW41AL30005fOcFL", "identifier": "urn:adv:oid:DENW41AL30005fOcFL", "aktualit_2": "2024-08-20Z", "idflurst": "DENW41AL30005fOc", "flaeche": 253.0, "flstkennz_": "05468202100421______", "flstnrzae": "421", "flstnrnen": null, "gemarkung": "Horrem", "gemaschl": "054682", "flur": "21", "flurschl": "054682021", "land": "Nordrhein-Westfalen", "landschl": "05", "regbezirk": "Köln", "regbezschl": "053", "kreis": "Rhein-Erft-Kreis", "kreisschl": "05362", "gemeinde": "Kerpen", "gmdschl": "05362032", "abwrecht": "Kein abweichender Rechtszustand", "lagebeztxt": "Merkurweg 28", "tntxt": "Wohnbaufläche;253", "area": 252, "other catc": null, "frag area": 20.3, "final area": 20.3 }, "geometry": { "type": "MultiPolygon", "coordinates": [ [ [ [ 339002.0, 5642641.0 ], [ 339002.394149814441334, 5642641.0 ], [ 339003.0, 5642639.266503339633346 ], [ 339003.0, 5642638.0 ], [ 339003.442637878004462, 5642638.0 ], [ 339004.0, 5642636.405240437015891 ], [ 339004.0, 5642635.0 ], [ 339004.491125941567589, 5642635.0 ], [ 339005.0, 5642633.543977534398437 ], [ 339005.0, 5642632.0 ], [ 339003.0, 5642632.0 ], [ 339003.0, 5642634.0 ], [ 339002.0, 5642634.0 ], [ 339002.0, 5642637.0 ], [ 339001.0, 5642637.0 ], [ 339001.0, 5642639.0 ], [ 339000.0, 5642639.0 ], [ 339000.0, 5642640.423959386534989 ], [ 339002.0, 5642641.187313634902239 ], [ 339002.0, 5642641.0 ] ] ] ] } },
{ "type": "Feature", "properties": { "DN": 1, "gml_id": "DENW41AL30005TuRFL", "identifier": "urn:adv:oid:DENW41AL30005TuRFL", "aktualit_2": "2024-08-20Z", "idflurst": "DENW41AL30005TuR", "flaeche": 257.0, "flstkennz_": "05468200800816______", "flstnrzae": "816", "flstnrnen": null, "gemarkung": "Horrem", "gemaschl": "054682", "flur": "8", "flurschl": "054682008", "land": "Nordrhein-Westfalen", "landschl": "05", "regbezirk": "Köln", "regbezschl": "053", "kreis": "Rhein-Erft-Kreis", "kreisschl": "05362", "gemeinde": "Kerpen", "gmdschl": "05362032", "abwrecht": "Kein abweichender Rechtszustand", "lagebeztxt": "Merkurweg 21", "tntxt": "Wohnbaufläche;257", "area": 257, "other catc": null, "frag area": 13.0, "final area": 13.0 }, "geometry": { "type": "MultiPolygon", "coordinates": [ [ [ [ 339036.0, 5642640.0 ], [ 339036.0, 5642639.0 ], [ 339037.0, 5642639.0 ], [ 339037.0, 5642637.0 ], [ 339039.0, 5642637.0 ], [ 339039.0, 5642634.0 ], [ 339036.0, 5642634.0 ], [ 339036.0, 5642638.0 ], [ 339035.0, 5642638.0 ], [ 339035.0, 5642640.0 ], [ 339036.0, 5642640.0 ] ] ] ] } },
{ "type": "Feature", "properties": { "DN": 1, "gml_id": "DENW41AL2g20000BFL", "identifier": "urn:adv:oid:DENW41AL2g20000BFL", "aktualit_2": "2024-08-29Z", "idflurst": "DENW41AL2g20000B", "flaeche": 242.0, "flstkennz_": "05468202100475______", "flstnrzae": "475", "flstnrnen": null, "gemarkung": "Horrem", "gemaschl": "054682", "flur": "21", "flurschl": "054682021", "land": "Nordrhein-Westfalen", "landschl": "05", "regbezirk": "Köln", "regbezschl": "053", "kreis": "Rhein-Erft-Kreis", "kreisschl": "05362", "gemeinde": "Kerpen", "gmdschl": "05362032", "abwrecht": "Kein abweichender Rechtszustand", "lagebeztxt": "Sistenichstraße 27", "tntxt": "Wohnbaufläche;242", "area": 244, "other catc": null, "frag area": 39.3, "final area": 38.9 }, "geometry": { "type": "MultiPolygon", "coordinates": [ [ [ [ 338975.0, 5642640.0 ], [ 338975.0, 5642639.0 ], [ 338976.0, 5642639.0 ], [ 338976.0, 5642638.0 ], [ 338976.534075702656992, 5642638.0 ], [ 338976.914079961599782, 5642637.0 ], [ 338974.0, 5642637.0 ], [ 338974.0, 5642634.0 ], [ 338973.0, 5642634.0 ], [ 338973.0, 5642633.603309353813529 ], [ 338971.454090524988715, 5642633.0 ], [ 338970.0, 5642633.0 ], [ 338970.0, 5642634.0 ], [ 338969.0, 5642634.0 ], [ 338969.0, 5642636.0 ], [ 338968.0, 5642636.0 ], [ 338968.0, 5642638.0 ], [ 338970.0, 5642638.0 ], [ 338970.0, 5642639.732126775197685 ], [ 338970.679724767862353, 5642639.991190999746323 ], [ 338970.702837553224526, 5642640.0 ], [ 338972.0, 5642640.0 ], [ 338972.0, 5642640.494388903491199 ], [ 338972.222, 5642640.579 ], [ 338973.0, 5642640.875425481237471 ], [ 338973.0, 5642640.0 ], [ 338975.0, 5642640.0 ] ] ] ] } },
{ "type": "Feature", "properties": { "DN": 1, "gml_id": "DENW41AL30005UA4FL", "identifier": "urn:adv:oid:DENW41AL30005UA4FL", "aktualit_2": "2024-08-20Z", "idflurst": "DENW41AL30005UA4", "flaeche": 529.0, "flstkennz_": "05468200800551______", "flstnrzae": "551", "flstnrnen": null, "gemarkung": "Horrem", "gemaschl": "054682", "flur": "8", "flurschl": "054682008", "land": "Nordrhein-Westfalen", "landschl": "05", "regbezirk": "Köln", "regbezschl": "053", "kreis": "Rhein-Erft-Kreis", "kreisschl": "05362", "gemeinde": "Kerpen", "gmdschl": "05362032", "abwrecht": "Kein abweichender Rechtszustand", "lagebeztxt": "Hauptstraße 190", "tntxt": "Fläche gemischter Nutzung(funktion:Gebäude- und Freifläche Mischnutzung mit Wohnen);529", "area": 529, "other catc": null, "frag area": 16.0, "final area": 16.0 }, "geometry": { "type": "MultiPolygon", "coordinates": [ [ [ [ 339058.0, 5642634.0 ], [ 339058.0, 5642633.0 ], [ 339060.0, 5642633.0 ], [ 339060.0, 5642632.0 ], [ 339061.0, 5642632.0 ], [ 339061.0, 5642631.0 ], [ 339053.0, 5642631.0 ], [ 339053.0, 5642633.0 ], [ 339057.0, 5642633.0 ], [ 339057.0, 5642634.0 ], [ 339058.0, 5642634.0 ] ] ] ] } },
{ "type": "Feature", "properties": { "DN": 1, "gml_id": "DENW41AL30005Yr5FL", "identifier": "urn:adv:oid:DENW41AL30005Yr5FL", "aktualit_2": "2024-08-20Z", "idflurst": "DENW41AL30005Yr5", "flaeche": 1692.0, "flstkennz_": "05468200800264______", "flstnrzae": "264", "flstnrnen": null, "gemarkung": "Horrem", "gemaschl": "054682", "flur": "8", "flurschl": "054682008", "land": "Nordrhein-Westfalen", "landschl": "05", "regbezirk": "Köln", "regbezschl": "053", "kreis": "Rhein-Erft-Kreis", "kreisschl": "05362", "gemeinde": "Kerpen", "gmdschl": "05362032", "abwrecht": "Kein abweichender Rechtszustand", "lagebeztxt": "Hauptstraße 191", "tntxt": "Fläche gemischter Nutzung(funktion:Gebäude- und Freifläche Mischnutzung mit Wohnen);1692", "area": 1693, "other catc": null, "frag area": 10.6, "final area": 10.6 }, "geometry": { "type": "MultiPolygon", "coordinates": [ [ [ [ 339111.0, 5642632.0 ], [ 339111.0, 5642629.0 ], [ 339107.302799068915192, 5642629.0 ], [ 339107.0, 5642629.938642613589764 ], [ 339107.0, 5642631.0 ], [ 339108.0, 5642631.0 ], [ 339108.0, 5642631.599751299247146 ], [ 339109.096044424572028, 5642632.0 ], [ 339111.0, 5642632.0 ] ] ] ] } },
{ "type": "Feature", "properties": { "DN": 1, "gml_id": "DENW41AL30005TuRFL", "identifier": "urn:adv:oid:DENW41AL30005TuRFL", "aktualit_2": "2024-08-20Z", "idflurst": "DENW41AL30005TuR", "flaeche": 257.0, "flstkennz_": "05468200800816______", "flstnrzae": "816", "flstnrnen": null, "gemarkung": "Horrem", "gemaschl": "054682", "flur": "8", "flurschl": "054682008", "land": "Nordrhein-Westfalen", "landschl": "05", "regbezirk": "Köln", "regbezschl": "053", "kreis": "Rhein-Erft-Kreis", "kreisschl": "05362", "gemeinde": "Kerpen", "gmdschl": "05362032", "abwrecht": "Kein abweichender Rechtszustand", "lagebeztxt": "Merkurweg 21", "tntxt": "Wohnbaufläche;257", "area": 257, "other catc": null, "frag area": 33.4, "final area": 33.4 }, "geometry": { "type": "MultiPolygon", "coordinates": [ [ [ [ 339012.0, 5642634.0 ], [ 339015.0, 5642634.0 ], [ 339015.0, 5642635.0 ], [ 339017.0, 5642635.0 ], [ 339017.0, 5642629.0 ], [ 339015.0, 5642629.0 ], [ 339015.0, 5642628.0 ], [ 339014.0, 5642628.0 ], [ 339014.0, 5642627.73160189576447 ], [ 339013.0, 5642627.527810426428914 ], [ 339013.0, 5642628.0 ], [ 339012.661272209603339, 5642628.0 ], [ 339012.0, 5642629.878954692743719 ], [ 339012.0, 5642631.0 ], [ 339011.605463553627487, 5642631.0 ], [ 339011.0, 5642632.720378641039133 ], [ 339011.0, 5642634.0 ], [ 339010.549654897651635, 5642634.0 ], [ 339010.367000000027474, 5642634.519000000320375 ], [ 339012.0, 5642634.921814407221973 ], [ 339012.0, 5642634.0 ] ] ] ] } },
{ "type": "Feature", "properties": { "DN": 1, "gml_id": "DENW41AL30005dKpFL", "identifier": "urn:adv:oid:DENW41AL30005dKpFL", "aktualit_2": "2025-01-17Z", "idflurst": "DENW41AL30005dKp", "flaeche": 510.0, "flstkennz_": "054682021000810040__", "flstnrzae": "81", "flstnrnen": "40", "gemarkung": "Horrem", "gemaschl": "054682", "flur": "21", "flurschl": "054682021", "land": "Nordrhein-Westfalen", "landschl": "05", "regbezirk": "Köln", "regbezschl": "053", "kreis": "Rhein-Erft-Kreis", "kreisschl": "05362", "gemeinde": "Kerpen", "gmdschl": "05362032", "abwrecht": "Kein abweichender Rechtszustand", "lagebeztxt": "Sistenichstraße 18", "tntxt": "Wohnbaufläche;510", "area": 509, "other catc": null, "frag area": 35.7, "final area": 35.7 }, "geometry": { "type": "MultiPolygon", "coordinates": [ [ [ [ 338918.0, 5642632.0 ], [ 338918.0, 5642631.0 ], [ 338919.0, 5642631.0 ], [ 338919.0, 5642632.0 ], [ 338921.0, 5642632.0 ], [ 338921.0, 5642631.0 ], [ 338922.0, 5642631.0 ], [ 338922.0, 5642630.0 ], [ 338923.0, 5642630.0 ], [ 338923.0, 5642627.0 ], [ 338924.0, 5642627.0 ], [ 338924.0, 5642625.0 ], [ 338923.0, 5642625.0 ], [ 338923.0, 5642624.519771381281316 ], [ 338922.0, 5642624.140130163170397 ], [ 338922.0, 5642626.0 ], [ 338921.0, 5642626.0 ], [ 338921.0, 5642627.0 ], [ 338920.0, 5642627.0 ], [ 338920.0, 5642628.0 ], [ 338918.0, 5642628.0 ], [ 338918.0, 5642629.0 ], [ 338917.0, 5642629.0 ], [ 338917.0, 5642630.0 ], [ 338916.0, 5642630.0 ], [ 338916.0, 5642629.0 ], [ 338914.0, 5642629.0 ], [ 338914.0, 5642630.0 ], [ 338913.0, 5642630.0 ], [ 338913.0, 5642631.0 ], [ 338915.0, 5642631.0 ], [ 338915.0, 5642632.0 ], [ 338918.0, 5642632.0 ] ] ] ] } },
{ "type": "Feature", "properties": { "DN": 1, "gml_id": "DENW41AL30005cDjFL", "identifier": "urn:adv:oid:DENW41AL30005cDjFL", "aktualit_2": "2024-08-20Z", "idflurst": "DENW41AL30005cDj", "flaeche": 366.0, "flstkennz_": "05468202100443______", "flstnrzae": "443", "flstnrnen": null, "gemarkung": "Horrem", "gemaschl": "054682", "flur": "21", "flurschl": "054682021", "land": "Nordrhein-Westfalen", "landschl": "05", "regbezirk": "Köln", "regbezschl": "053", "kreis": "Rhein-Erft-Kreis", "kreisschl": "05362", "gemeinde": "Kerpen", "gmdschl": "05362032", "abwrecht": "Kein abweichender Rechtszustand", "lagebeztxt": "Wiesenstraße 30", "tntxt": "Wohnbaufläche;366", "area": 364, "other catc": null, "frag area": 14.8, "final area": 14.8 }, "geometry": { "type": "MultiPolygon", "coordinates": [ [ [ [ 338749.0, 5642626.0 ], [ 338749.0, 5642623.0 ], [ 338748.0, 5642623.0 ], [ 338748.0, 5642622.0 ], [ 338746.0, 5642622.0 ], [ 338746.0, 5642621.0 ], [ 338745.527735456940718, 5642621.0 ], [ 338745.0, 5642621.956312315538526 ], [ 338745.0, 5642625.0 ], [ 338746.0, 5642625.0 ], [ 338746.0, 5642626.0 ], [ 338749.0, 5642626.0 ] ] ] ] } },
{ "type": "Feature", "properties": { "DN": 1, "gml_id": "DENW41AL30005cTeFL", "identifier": "urn:adv:oid:DENW41AL30005cTeFL", "aktualit_2": "2024-08-20Z", "idflurst": "DENW41AL30005cTe", "flaeche": 493.0, "flstkennz_": "054682021000740035__", "flstnrzae": "74", "flstnrnen": "35", "gemarkung": "Horrem", "gemaschl": "054682", "flur": "21", "flurschl": "054682021", "land": "Nordrhein-Westfalen", "landschl": "05", "regbezirk": "Köln", "regbezschl": "053", "kreis": "Rhein-Erft-Kreis", "kreisschl": "05362", "gemeinde": "Kerpen", "gmdschl": "05362032", "abwrecht": "Kein abweichender Rechtszustand", "lagebeztxt": "Merkurweg 30; Sistenichstraße 31", "tntxt": "Wohnbaufläche;493", "area": 491, "other catc": null, "frag area": 19.0, "final area": 19.0 }, "geometry": { "type": "MultiPolygon", "coordinates": [ [ [ [ 339004.0, 5642629.0 ], [ 339004.0, 5642627.0 ], [ 339005.0, 5642627.0 ], [ 339005.0, 5642625.0 ], [ 339006.0, 5642625.0 ], [ 339006.0, 5642626.0 ], [ 339007.0, 5642626.0 ], [ 339007.0, 5642627.0 ], [ 339007.337720301933587, 5642627.0 ], [ 339008.0, 5642625.159747044555843 ], [ 339008.0, 5642624.0 ], [ 339008.417375731049106, 5642624.0 ], [ 339008.777260874107014, 5642623.0 ], [ 339003.0, 5642623.0 ], [ 339003.0, 5642624.0 ], [ 339004.0, 5642624.0 ], [ 339004.0, 5642625.0 ], [ 339002.0, 5642625.0 ], [ 339002.0, 5642626.0 ], [ 339003.0, 5642626.0 ], [ 339003.0, 5642629.0 ], [ 339004.0, 5642629.0 ] ] ] ] } },
{ "type": "Feature", "properties": { "DN": 1, "gml_id": "DENW41AL30005VCXFL", "identifier": "urn:adv:oid:DENW41AL30005VCXFL", "aktualit_2": "2024-08-20Z", "idflurst": "DENW41AL30005VCX", "flaeche": 5959.0, "flstkennz_": "05468200800832______", "flstnrzae": "832", "flstnrnen": null, "gemarkung": "Horrem", "gemaschl": "054682", "flur": "8", "flurschl": "054682008", "land": "Nordrhein-Westfalen", "landschl": "05", "regbezirk": "Köln", "regbezschl": "053", "kreis": "Rhein-Erft-Kreis", "kreisschl": "05362", "gemeinde": "Kerpen", "gmdschl": "05362032", "abwrecht": "Kein abweichender Rechtszustand", "lagebeztxt": "Mittelstraße 6, 8, 10, 12, 14, 16, 18, 20, 22, 24, 26", "tntxt": "Wohnbaufläche;5959", "area": 5965, "other catc": null, "frag area": 51.9, "final area": 51.9 }, "geometry": { "type": "MultiPolygon", "coordinates": [ [ [ [ 339165.0, 5642673.0 ], [ 339165.0, 5642672.0 ], [ 339166.0, 5642672.0 ], [ 339166.0, 5642671.0 ], [ 339168.0, 5642671.0 ], [ 339168.0, 5642667.0 ], [ 339169.0, 5642667.0 ], [ 339169.0, 5642664.0 ], [ 339170.0, 5642664.0 ], [ 339170.0, 5642660.0 ], [ 339171.0, 5642660.0 ], [ 339171.0, 5642658.0 ], [ 339172.0, 5642658.0 ], [ 339172.0, 5642653.0 ], [ 339173.0, 5642653.0 ], [ 339173.0, 5642652.270723490975797 ], [ 339172.0, 5642651.996151284314692 ], [ 339172.0, 5642652.0 ], [ 339171.0, 5642652.0 ], [ 339171.0, 5642655.0 ], [ 339170.0, 5642655.0 ], [ 339170.0, 5642659.0 ], [ 339169.0, 5642659.0 ], [ 339169.0, 5642662.0 ], [ 339168.0, 5642662.0 ], [ 339168.0, 5642664.0 ], [ 339166.0, 5642664.0 ], [ 339166.0, 5642665.0 ], [ 339165.0, 5642665.0 ], [ 339165.0, 5642666.0 ], [ 339164.0, 5642666.0 ], [ 339164.0, 5642668.0 ], [ 339166.0, 5642668.0 ], [ 339166.0, 5642669.0 ], [ 339161.0, 5642669.0 ], [ 339161.0, 5642670.0 ], [ 339163.0, 5642670.0 ], [ 339163.0, 5642671.0 ], [ 339164.0, 5642671.0 ], [ 339164.0, 5642673.0 ], [ 339165.0, 5642673.0 ] ] ] ] } },
{ "type": "Feature", "properties": { "DN": 1, "gml_id": "DENW41AL4000BXFLFL", "identifier": "urn:adv:oid:DENW41AL4000BXFLFL", "aktualit_2": "2024-08-20Z", "idflurst": "DENW41AL4000BXFL", "flaeche": 2307.0, "flstkennz_": "05468200800864______", "flstnrzae": "864", "flstnrnen": null, "gemarkung": "Horrem", "gemaschl": "054682", "flur": "8", "flurschl": "054682008", "land": "Nordrhein-Westfalen", "landschl": "05", "regbezirk": "Köln", "regbezschl": "053", "kreis": "Rhein-Erft-Kreis", "kreisschl": "05362", "gemeinde": "Kerpen", "gmdschl": "05362032", "abwrecht": "Kein abweichender Rechtszustand", "lagebeztxt": "Mittelstraße 28, 30, 32, 34", "tntxt": "Wohnbaufläche;2307", "area": 2308, "other catc": null, "frag area": 68.1, "final area": 68.1 }, "geometry": { "type": "MultiPolygon", "coordinates": [ [ [ [ 339173.0, 5642650.0 ], [ 339174.0, 5642650.0 ], [ 339174.0, 5642645.0 ], [ 339175.0, 5642645.0 ], [ 339175.0, 5642643.0 ], [ 339176.0, 5642643.0 ], [ 339176.0, 5642639.0 ], [ 339177.0, 5642639.0 ], [ 339177.0, 5642633.0 ], [ 339178.0, 5642633.0 ], [ 339178.0, 5642630.0 ], [ 339179.0, 5642630.0 ], [ 339179.0, 5642628.0 ], [ 339180.0, 5642628.0 ], [ 339180.0, 5642627.0 ], [ 339179.0, 5642627.0 ], [ 339179.0, 5642625.0 ], [ 339180.0, 5642625.0 ], [ 339180.0, 5642624.0 ], [ 339181.0, 5642624.0 ], [ 339181.0, 5642618.0 ], [ 339182.0, 5642618.0 ], [ 339182.0, 5642614.0 ], [ 339181.0, 5642614.0 ], [ 339181.0, 5642617.0 ], [ 339180.0, 5642617.0 ], [ 339180.0, 5642620.0 ], [ 339179.0, 5642620.0 ], [ 339179.0, 5642623.0 ], [ 339178.0, 5642623.0 ], [ 339178.0, 5642627.0 ], [ 339177.0, 5642627.0 ], [ 339177.0, 5642632.0 ], [ 339176.0, 5642632.0 ], [ 339176.0, 5642634.0 ], [ 339175.0, 5642634.0 ], [ 339175.0, 5642637.0 ], [ 339174.0, 5642637.0 ], [ 339174.0, 5642642.0 ], [ 339173.0, 5642642.0 ], [ 339173.0, 5642646.0 ], [ 339172.0, 5642646.0 ], [ 339172.0, 5642651.996151284314692 ], [ 339173.0, 5642652.270723490975797 ], [ 339173.0, 5642650.0 ] ] ] ] } },
{ "type": "Feature", "properties": { "DN": 1, "gml_id": "DENW41AL30005Yr5FL", "identifier": "urn:adv:oid:DENW41AL30005Yr5FL", "aktualit_2": "2024-08-20Z", "idflurst": "DENW41AL30005Yr5", "flaeche": 1692.0, "flstkennz_": "05468200800264______", "flstnrzae": "264", "flstnrnen": null, "gemarkung": "Horrem", "gemaschl": "054682", "flur": "8", "flurschl": "054682008", "land": "Nordrhein-Westfalen", "landschl": "05", "regbezirk": "Köln", "regbezschl": "053", "kreis": "Rhein-Erft-Kreis", "kreisschl": "05362", "gemeinde": "Kerpen", "gmdschl": "05362032", "abwrecht": "Kein abweichender Rechtszustand", "lagebeztxt": "Hauptstraße 191", "tntxt": "Fläche gemischter Nutzung(funktion:Gebäude- und Freifläche Mischnutzung mit Wohnen);1692", "area": 1693, "other catc": null, "frag area": 242.0, "final area": 242.0 }, "geometry": { "type": "MultiPolygon", "coordinates": [ [ [ [ 339153.0, 5642639.0 ], [ 339153.0, 5642637.0 ], [ 339154.0, 5642637.0 ], [ 339154.0, 5642635.0 ], [ 339155.0, 5642635.0 ], [ 339155.0, 5642634.0 ], [ 339156.0, 5642634.0 ], [ 339156.0, 5642632.0 ], [ 339157.0, 5642632.0 ], [ 339157.0, 5642629.0 ], [ 339158.0, 5642629.0 ], [ 339158.0, 5642628.0 ], [ 339157.0, 5642628.0 ], [ 339157.0, 5642622.0 ], [ 339158.0, 5642622.0 ], [ 339158.0, 5642621.0 ], [ 339157.0, 5642621.0 ], [ 339157.0, 5642620.0 ], [ 339158.0, 5642620.0 ], [ 339158.0, 5642618.0 ], [ 339159.0, 5642618.0 ], [ 339159.0, 5642617.0 ], [ 339155.0, 5642617.0 ], [ 339155.0, 5642616.0 ], [ 339152.0, 5642616.0 ], [ 339152.0, 5642621.0 ], [ 339153.0, 5642621.0 ], [ 339153.0, 5642622.0 ], [ 339152.0, 5642622.0 ], [ 339152.0, 5642623.0 ], [ 339150.0, 5642623.0 ], [ 339150.0, 5642624.0 ], [ 339149.0, 5642624.0 ], [ 339149.0, 5642627.0 ], [ 339148.0, 5642627.0 ], [ 339148.0, 5642629.0 ], [ 339149.0, 5642629.0 ], [ 339149.0, 5642630.0 ], [ 339147.0, 5642630.0 ], [ 339147.0, 5642633.0 ], [ 339149.0, 5642633.0 ], [ 339149.0, 5642634.0 ], [ 339150.0, 5642634.0 ], [ 339150.0, 5642635.0 ], [ 339151.0, 5642635.0 ], [ 339151.0, 5642636.0 ], [ 339149.0, 5642636.0 ], [ 339149.0, 5642635.0 ], [ 339148.0, 5642635.0 ], [ 339148.0, 5642634.0 ], [ 339144.0, 5642634.0 ], [ 339144.0, 5642630.0 ], [ 339145.0, 5642630.0 ], [ 339145.0, 5642629.0 ], [ 339146.0, 5642629.0 ], [ 339146.0, 5642627.0 ], [ 339147.0, 5642627.0 ], [ 339147.0, 5642625.0 ], [ 339146.0, 5642625.0 ], [ 339146.0, 5642623.0 ], [ 339144.0, 5642623.0 ], [ 339144.0, 5642625.0 ], [ 339145.0, 5642625.0 ], [ 339145.0, 5642628.0 ], [ 339144.0, 5642628.0 ], [ 339144.0, 5642627.0 ], [ 339143.0, 5642627.0 ], [ 339143.0, 5642626.0 ], [ 339140.0, 5642626.0 ], [ 339140.0, 5642628.0 ], [ 339139.0, 5642628.0 ], [ 339139.0, 5642631.0 ], [ 339140.0, 5642631.0 ], [ 339140.0, 5642632.0 ], [ 339138.0, 5642632.0 ], [ 339138.0, 5642633.0 ], [ 339136.0, 5642633.0 ], [ 339136.0, 5642632.0 ], [ 339135.0, 5642632.0 ], [ 339135.0, 5642631.0 ], [ 339133.0, 5642631.0 ], [ 339133.0, 5642633.0 ], [ 339132.0, 5642633.0 ], [ 339132.0, 5642634.0 ], [ 339131.0, 5642634.0 ], [ 339131.0, 5642637.0 ], [ 339134.0, 5642637.0 ], [ 339134.0, 5642636.0 ], [ 339133.0, 5642636.0 ], [ 339133.0, 5642635.0 ], [ 339134.0, 5642635.0 ], [ 339134.0, 5642634.0 ], [ 339135.0, 5642634.0 ], [ 339135.0, 5642635.0 ], [ 339138.0, 5642635.0 ], [ 339138.0, 5642636.0 ], [ 339140.0, 5642636.0 ], [ 339140.0, 5642637.0 ], [ 339141.0, 5642637.0 ], [ 339141.0, 5642636.0 ], [ 339143.0, 5642636.0 ], [ 339143.0, 5642635.0 ], [ 339147.0, 5642635.0 ], [ 339147.0, 5642637.0 ], [ 339148.0, 5642637.0 ], [ 339148.0, 5642638.0 ], [ 339150.0, 5642638.0 ], [ 339150.0, 5642639.0 ], [ 339153.0, 5642639.0 ] ], [ [ 339149.0, 5642631.0 ], [ 339150.0, 5642631.0 ], [ 339150.0, 5642632.0 ], [ 339149.0, 5642632.0 ], [ 339149.0, 5642631.0 ] ], [ [ 339155.0, 5642630.0 ], [ 339156.0, 5642630.0 ], [ 339156.0, 5642631.0 ], [ 339155.0, 5642631.0 ], [ 339155.0, 5642630.0 ] ] ] ] } },
{ "type": "Feature", "properties": { "DN": 1, "gml_id": "DENW41AL30005Yr5FL", "identifier": "urn:adv:oid:DENW41AL30005Yr5FL", "aktualit_2": "2024-08-20Z", "idflurst": "DENW41AL30005Yr5", "flaeche": 1692.0, "flstkennz_": "05468200800264______", "flstnrzae": "264", "flstnrnen": null, "gemarkung": "Horrem", "gemaschl": "054682", "flur": "8", "flurschl": "054682008", "land": "Nordrhein-Westfalen", "landschl": "05", "regbezirk": "Köln", "regbezschl": "053", "kreis": "Rhein-Erft-Kreis", "kreisschl": "05362", "gemeinde": "Kerpen", "gmdschl": "05362032", "abwrecht": "Kein abweichender Rechtszustand", "lagebeztxt": "Hauptstraße 191", "tntxt": "Fläche gemischter Nutzung(funktion:Gebäude- und Freifläche Mischnutzung mit Wohnen);1692", "area": 1693, "other catc": null, "frag area": 21.0, "final area": 21.0 }, "geometry": { "type": "MultiPolygon", "coordinates": [ [ [ [ 339148.0, 5642623.0 ], [ 339148.0, 5642622.0 ], [ 339149.0, 5642622.0 ], [ 339149.0, 5642620.0 ], [ 339150.0, 5642620.0 ], [ 339150.0, 5642618.0 ], [ 339148.0, 5642618.0 ], [ 339148.0, 5642617.0 ], [ 339145.0, 5642617.0 ], [ 339145.0, 5642620.0 ], [ 339146.0, 5642620.0 ], [ 339146.0, 5642623.0 ], [ 339148.0, 5642623.0 ] ] ] ] } },
{ "type": "Feature", "properties": { "DN": 1, "gml_id": "DENW41AL30005UTXFL", "identifier": "urn:adv:oid:DENW41AL30005UTXFL", "aktualit_2": "2025-01-17Z", "idflurst": "DENW41AL30005UTX", "flaeche": 502.0, "flstkennz_": "054682021000800040__", "flstnrzae": "80", "flstnrnen": "40", "gemarkung": "Horrem", "gemaschl": "054682", "flur": "21", "flurschl": "054682021", "land": "Nordrhein-Westfalen", "landschl": "05", "regbezirk": "Köln", "regbezschl": "053", "kreis": "Rhein-Erft-Kreis", "kreisschl": "05362", "gemeinde": "Kerpen", "gmdschl": "05362032", "abwrecht": "Kein abweichender Rechtszustand", "lagebeztxt": "Sistenichstraße 20", "tntxt": "Wohnbaufläche;502", "area": 502, "other catc": null, "frag area": 36.8, "final area": 36.2 }, "geometry": { "type": "MultiPolygon", "coordinates": [ [ [ [ 338922.0, 5642621.0 ], [ 338926.0, 5642621.0 ], [ 338926.0, 5642620.0 ], [ 338925.0, 5642620.0 ], [ 338925.0, 5642618.0 ], [ 338924.0, 5642618.0 ], [ 338924.0, 5642617.604282764717937 ], [ 338923.463999999978114, 5642617.400999999605119 ], [ 338924.0, 5642615.988540740683675 ], [ 338924.0, 5642615.0 ], [ 338924.375131412409246, 5642615.0 ], [ 338924.543783534085378, 5642614.555570427328348 ], [ 338923.079069619416259, 5642614.0 ], [ 338922.0, 5642614.0 ], [ 338922.0, 5642613.590705622918904 ], [ 338920.442655147460755, 5642613.0 ], [ 338920.0, 5642613.0 ], [ 338920.0, 5642618.0 ], [ 338918.0, 5642618.0 ], [ 338918.0, 5642619.0 ], [ 338919.0, 5642619.0 ], [ 338919.0, 5642620.0 ], [ 338921.0, 5642620.0 ], [ 338921.0, 5642622.0 ], [ 338922.0, 5642622.0 ], [ 338922.0, 5642621.0 ] ] ] ] } },
{ "type": "Feature", "properties": { "DN": 1, "gml_id": "DENW41AL30005Yr5FL", "identifier": "urn:adv:oid:DENW41AL30005Yr5FL", "aktualit_2": "2024-08-20Z", "idflurst": "DENW41AL30005Yr5", "flaeche": 1692.0, "flstkennz_": "05468200800264______", "flstnrzae": "264", "flstnrnen": null, "gemarkung": "Horrem", "gemaschl": "054682", "flur": "8", "flurschl": "054682008", "land": "Nordrhein-Westfalen", "landschl": "05", "regbezirk": "Köln", "regbezschl": "053", "kreis": "Rhein-Erft-Kreis", "kreisschl": "05362", "gemeinde": "Kerpen", "gmdschl": "05362032", "abwrecht": "Kein abweichender Rechtszustand", "lagebeztxt": "Hauptstraße 191", "tntxt": "Fläche gemischter Nutzung(funktion:Gebäude- und Freifläche Mischnutzung mit Wohnen);1692", "area": 1693, "other catc": null, "frag area": 22.7, "final area": 22.7 }, "geometry": { "type": "MultiPolygon", "coordinates": [ [ [ [ 339115.0, 5642619.0 ], [ 339115.0, 5642616.0 ], [ 339116.0, 5642616.0 ], [ 339116.0, 5642615.0 ], [ 339117.0, 5642615.0 ], [ 339117.0, 5642614.0 ], [ 339120.0, 5642614.0 ], [ 339120.0, 5642613.0 ], [ 339121.0, 5642613.0 ], [ 339121.0, 5642612.0 ], [ 339119.0, 5642612.0 ], [ 339119.0, 5642613.0 ], [ 339115.0, 5642613.0 ], [ 339115.0, 5642614.0 ], [ 339113.0, 5642614.0 ], [ 339113.0, 5642615.0 ], [ 339112.0, 5642615.0 ], [ 339112.0, 5642616.0 ], [ 339111.496501592802815, 5642616.0 ], [ 339111.173909090983216, 5642617.0 ], [ 339113.0, 5642617.0 ], [ 339113.0, 5642619.0 ], [ 339115.0, 5642619.0 ] ] ] ] } },
{ "type": "Feature", "properties": { "DN": 1, "gml_id": "DENW41AL30005dokFL", "identifier": "urn:adv:oid:DENW41AL30005dokFL", "aktualit_2": "2024-08-20Z", "idflurst": "DENW41AL30005dok", "flaeche": 685.0, "flstkennz_": "05468200800396______", "flstnrzae": "396", "flstnrnen": null, "gemarkung": "Horrem", "gemaschl": "054682", "flur": "8", "flurschl": "054682008", "land": "Nordrhein-Westfalen", "landschl": "05", "regbezirk": "Köln", "regbezschl": "053", "kreis": "Rhein-Erft-Kreis", "kreisschl": "05362", "gemeinde": "Kerpen", "gmdschl": "05362032", "abwrecht": "Kein abweichender Rechtszustand", "lagebeztxt": "Höhenweg 42", "tntxt": "Wohnbaufläche;685", "area": 688, "other catc": null, "frag area": 11.5, "final area": 11.5 }, "geometry": { "type": "MultiPolygon", "coordinates": [ [ [ [ 339345.486555025563575, 5642626.0 ], [ 339346.0, 5642623.201558031141758 ], [ 339346.0, 5642620.0 ], [ 339346.587406814272981, 5642620.0 ], [ 339346.794, 5642618.873999999836087 ], [ 339345.0, 5642618.54021137394011 ], [ 339345.0, 5642619.0 ], [ 339344.0, 5642619.0 ], [ 339344.0, 5642623.0 ], [ 339345.0, 5642623.0 ], [ 339345.0, 5642626.0 ], [ 339345.486555025563575, 5642626.0 ] ] ] ] } },
{ "type": "Feature", "properties": { "DN": 1, "gml_id": "DENW41AL30005bxEFL", "identifier": "urn:adv:oid:DENW41AL30005bxEFL", "aktualit_2": "2024-08-20Z", "idflurst": "DENW41AL30005bxE", "flaeche": 505.0, "flstkennz_": "05468200800397______", "flstnrzae": "397", "flstnrnen": null, "gemarkung": "Horrem", "gemaschl": "054682", "flur": "8", "flurschl": "054682008", "land": "Nordrhein-Westfalen", "landschl": "05", "regbezirk": "Köln", "regbezschl": "053", "kreis": "Rhein-Erft-Kreis", "kreisschl": "05362", "gemeinde": "Kerpen", "gmdschl": "05362032", "abwrecht": "Kein abweichender Rechtszustand", "lagebeztxt": "Höhenweg 44", "tntxt": "Wohnbaufläche;505", "area": 504, "other catc": null, "frag area": 14.8, "final area": 14.8 }, "geometry": { "type": "MultiPolygon", "coordinates": [ [ [ [ 339347.0, 5642615.0 ], [ 339347.505200953630265, 5642615.0 ], [ 339348.0, 5642612.304768089205027 ], [ 339348.0, 5642610.0 ], [ 339348.055787384975702, 5642610.0 ], [ 339347.0, 5642609.803830257616937 ], [ 339347.0, 5642611.0 ], [ 339346.0, 5642611.0 ], [ 339346.0, 5642616.0 ], [ 339345.0, 5642616.0 ], [ 339345.0, 5642618.54021137394011 ], [ 339346.794, 5642618.873999999836087 ], [ 339347.0, 5642617.751892393454909 ], [ 339347.0, 5642615.0 ] ] ] ] } },
{ "type": "Feature", "properties": { "DN": 1, "gml_id": "DENW41AL30005Yr5FL", "identifier": "urn:adv:oid:DENW41AL30005Yr5FL", "aktualit_2": "2024-08-20Z", "idflurst": "DENW41AL30005Yr5", "flaeche": 1692.0, "flstkennz_": "05468200800264______", "flstnrzae": "264", "flstnrnen": null, "gemarkung": "Horrem", "gemaschl": "054682", "flur": "8", "flurschl": "054682008", "land": "Nordrhein-Westfalen", "landschl": "05", "regbezirk": "Köln", "regbezschl": "053", "kreis": "Rhein-Erft-Kreis", "kreisschl": "05362", "gemeinde": "Kerpen", "gmdschl": "05362032", "abwrecht": "Kein abweichender Rechtszustand", "lagebeztxt": "Hauptstraße 191", "tntxt": "Fläche gemischter Nutzung(funktion:Gebäude- und Freifläche Mischnutzung mit Wohnen);1692", "area": 1693, "other catc": null, "frag area": 41.0, "final area": 41.0 }, "geometry": { "type": "MultiPolygon", "coordinates": [ [ [ [ 339127.0, 5642613.0 ], [ 339127.0, 5642607.0 ], [ 339126.0, 5642607.0 ], [ 339126.0, 5642606.0 ], [ 339124.0, 5642606.0 ], [ 339124.0, 5642605.0 ], [ 339121.0, 5642605.0 ], [ 339121.0, 5642606.0 ], [ 339120.0, 5642606.0 ], [ 339120.0, 5642607.0 ], [ 339122.0, 5642607.0 ], [ 339122.0, 5642608.0 ], [ 339121.0, 5642608.0 ], [ 339121.0, 5642612.0 ], [ 339124.0, 5642612.0 ], [ 339124.0, 5642613.0 ], [ 339127.0, 5642613.0 ] ] ] ] } },
{ "type": "Feature", "properties": { "DN": 1, "gml_id": "DENW41AL30005XvcFL", "identifier": "urn:adv:oid:DENW41AL30005XvcFL", "aktualit_2": "2024-08-20Z", "idflurst": "DENW41AL30005Xvc", "flaeche": 225.0, "flstkennz_": "05468202100341______", "flstnrzae": "341", "flstnrnen": null, "gemarkung": "Horrem", "gemaschl": "054682", "flur": "21", "flurschl": "054682021", "land": "Nordrhein-Westfalen", "landschl": "05", "regbezirk": "Köln", "regbezschl": "053", "kreis": "Rhein-Erft-Kreis", "kreisschl": "05362", "gemeinde": "Kerpen", "gmdschl": "05362032", "abwrecht": "Kein abweichender Rechtszustand", "lagebeztxt": "Wiesenstraße 38", "tntxt": "Wohnbaufläche;225", "area": 226, "other catc": null, "frag area": 14.0, "final area": 13.9 }, "geometry": { "type": "MultiPolygon", "coordinates": [ [ [ [ 338715.0, 5642607.0 ], [ 338715.73106566775823, 5642607.0 ], [ 338716.0, 5642606.419950569979846 ], [ 338716.0, 5642605.0 ], [ 338715.0, 5642605.0 ], [ 338715.0, 5642604.0 ], [ 338711.269229020865168, 5642604.0 ], [ 338710.828931818075944, 5642605.0 ], [ 338712.0, 5642605.0 ], [ 338712.0, 5642607.0 ], [ 338713.0, 5642607.0 ], [ 338713.0, 5642608.0 ], [ 338715.0, 5642608.0 ], [ 338715.0, 5642607.0 ] ] ] ] } },
{ "type": "Feature", "properties": { "DN": 1, "gml_id": "DENW41AL30005URnFL", "identifier": "urn:adv:oid:DENW41AL30005URnFL", "aktualit_2": "2024-08-20Z", "idflurst": "DENW41AL30005URn", "flaeche": 200.0, "flstkennz_": "054682021001610003__", "flstnrzae": "161", "flstnrnen": "3", "gemarkung": "Horrem", "gemaschl": "054682", "flur": "21", "flurschl": "054682021", "land": "Nordrhein-Westfalen", "landschl": "05", "regbezirk": "Köln", "regbezschl": "053", "kreis": "Rhein-Erft-Kreis", "kreisschl": "05362", "gemeinde": "Kerpen", "gmdschl": "05362032", "abwrecht": "Kein abweichender Rechtszustand", "lagebeztxt": "Wiesenstraße 40", "tntxt": "Wohnbaufläche;200", "area": 201, "other catc": null, "frag area": 10.1, "final area": 10.1 }, "geometry": { "type": "MultiPolygon", "coordinates": [ [ [ [ 338711.0, 5642604.0 ], [ 338711.0, 5642603.0 ], [ 338710.0, 5642603.0 ], [ 338710.0, 5642604.0 ], [ 338707.0, 5642604.0 ], [ 338707.0, 5642603.0 ], [ 338706.0, 5642603.0 ], [ 338706.0, 5642605.0 ], [ 338705.0, 5642605.0 ], [ 338705.0, 5642606.0 ], [ 338708.0, 5642606.0 ], [ 338708.0, 5642605.0 ], [ 338710.828931818075944, 5642605.0 ], [ 338711.269229020865168, 5642604.0 ], [ 338711.0, 5642604.0 ] ] ] ] } },
{ "type": "Feature", "properties": { "DN": 1, "gml_id": "DENW41AL30005QxvFL", "identifier": "urn:adv:oid:DENW41AL30005QxvFL", "aktualit_2": "2024-08-20Z", "idflurst": "DENW41AL30005Qxv", "flaeche": 426.0, "flstkennz_": "05468200800262______", "flstnrzae": "262", "flstnrnen": null, "gemarkung": "Horrem", "gemaschl": "054682", "flur": "8", "flurschl": "054682008", "land": "Nordrhein-Westfalen", "landschl": "05", "regbezirk": "Köln", "regbezschl": "053", "kreis": "Rhein-Erft-Kreis", "kreisschl": "05362", "gemeinde": "Kerpen", "gmdschl": "05362032", "abwrecht": "Kein abweichender Rechtszustand", "lagebeztxt": "Hauptstraße 193", "tntxt": "Fläche gemischter Nutzung(funktion:Gebäude- und Freifläche Mischnutzung mit Wohnen);426", "area": 425, "other catc": null, "frag area": 83.0, "final area": 83.0 }, "geometry": { "type": "MultiPolygon", "coordinates": [ [ [ [ 339146.0, 5642607.0 ], [ 339146.0, 5642603.0 ], [ 339145.0, 5642603.0 ], [ 339145.0, 5642602.0 ], [ 339144.0, 5642602.0 ], [ 339144.0, 5642601.0 ], [ 339141.0, 5642601.0 ], [ 339141.0, 5642600.0 ], [ 339139.0, 5642600.0 ], [ 339139.0, 5642599.0 ], [ 339135.0, 5642599.0 ], [ 339135.0, 5642598.0 ], [ 339133.0, 5642598.0 ], [ 339133.0, 5642600.0 ], [ 339132.0, 5642600.0 ], [ 339132.0, 5642601.0 ], [ 339131.0, 5642601.0 ], [ 339131.0, 5642602.0 ], [ 339130.0, 5642602.0 ], [ 339130.0, 5642601.0 ], [ 339129.0, 5642601.0 ], [ 339129.0, 5642602.0 ], [ 339128.0, 5642602.0 ], [ 339128.0, 5642603.0 ], [ 339132.0, 5642603.0 ], [ 339132.0, 5642604.0 ], [ 339136.0, 5642604.0 ], [ 339136.0, 5642605.0 ], [ 339139.0, 5642605.0 ], [ 339139.0, 5642606.0 ], [ 339142.0, 5642606.0 ], [ 339142.0, 5642607.0 ], [ 339146.0, 5642607.0 ] ] ] ] } },
{ "type": "Feature", "properties": { "DN": 1, "gml_id": "DENW41AL30005horFL", "identifier": "urn:adv:oid:DENW41AL30005horFL", "aktualit_2": "2024-08-20Z", "idflurst": "DENW41AL30005hor", "flaeche": 233.0, "flstkennz_": "05468200800071______", "flstnrzae": "71", "flstnrnen": null, "gemarkung": "Horrem", "gemaschl": "054682", "flur": "8", "flurschl": "054682008", "land": "Nordrhein-Westfalen", "landschl": "05", "regbezirk": "Köln", "regbezschl": "053", "kreis": "Rhein-Erft-Kreis", "kreisschl": "05362", "gemeinde": "Kerpen", "gmdschl": "05362032", "abwrecht": "Kein abweichender Rechtszustand", "lagebeztxt": "Höhenweg 48", "tntxt": "Wohnbaufläche;233", "area": 237, "other catc": null, "frag area": 15.5, "final area": 15.5 }, "geometry": { "type": "MultiPolygon", "coordinates": [ [ [ [ 339350.0, 5642601.0 ], [ 339350.47995567455655, 5642601.0 ], [ 339351.0, 5642598.172320469282568 ], [ 339351.0, 5642597.0 ], [ 339349.0, 5642597.0 ], [ 339349.0, 5642596.0 ], [ 339348.0, 5642596.0 ], [ 339348.0, 5642598.0 ], [ 339347.0, 5642598.0 ], [ 339347.0, 5642599.0 ], [ 339346.0, 5642599.0 ], [ 339346.0, 5642600.0 ], [ 339348.0, 5642600.0 ], [ 339348.0, 5642600.957514988258481 ], [ 339348.224231238884386, 5642601.0 ], [ 339349.0, 5642601.0 ], [ 339349.0, 5642601.146984626539052 ], [ 339350.0, 5642601.336454265750945 ], [ 339350.0, 5642601.0 ] ] ] ] } },
{ "type": "Feature", "properties": { "DN": 1, "gml_id": "DENW41AL30005WPmFL", "identifier": "urn:adv:oid:DENW41AL30005WPmFL", "aktualit_2": "2024-08-20Z", "idflurst": "DENW41AL30005WPm", "flaeche": 315.0, "flstkennz_": "05468200800657______", "flstnrzae": "657", "flstnrnen": null, "gemarkung": "Horrem", "gemaschl": "054682", "flur": "8", "flurschl": "054682008", "land": "Nordrhein-Westfalen", "landschl": "05", "regbezirk": "Köln", "regbezschl": "053", "kreis": "Rhein-Erft-Kreis", "kreisschl": "05362", "gemeinde": "Kerpen", "gmdschl": "05362032", "abwrecht": "Kein abweichender Rechtszustand", "lagebeztxt": "Merkurweg 27", "tntxt": "Wohnbaufläche;315", "area": 315, "other catc": null, "frag area": 13.3, "final area": 13.3 }, "geometry": { "type": "MultiPolygon", "coordinates": [ [ [ [ 339023.0, 5642604.0 ], [ 339023.0, 5642603.0 ], [ 339024.0, 5642603.0 ], [ 339024.0, 5642604.0 ], [ 339025.0, 5642604.0 ], [ 339025.0, 5642602.0 ], [ 339024.0, 5642602.0 ], [ 339024.0, 5642601.0 ], [ 339025.0, 5642601.0 ], [ 339025.0, 5642598.758692043833435 ], [ 339023.0, 5642598.436827961355448 ], [ 339023.0, 5642600.0 ], [ 339022.433958220179193, 5642600.0 ], [ 339022.0, 5642601.269390773028135 ], [ 339022.0, 5642603.0 ], [ 339021.408368080214132, 5642603.0 ], [ 339021.066504700225778, 5642604.0 ], [ 339023.0, 5642604.0 ] ] ] ] } },
{ "type": "Feature", "properties": { "DN": 1, "gml_id": "DENW41AL4000BXFLFL", "identifier": "urn:adv:oid:DENW41AL4000BXFLFL", "aktualit_2": "2024-08-20Z", "idflurst": "DENW41AL4000BXFL", "flaeche": 2307.0, "flstkennz_": "05468200800864______", "flstnrzae": "864", "flstnrnen": null, "gemarkung": "Horrem", "gemaschl": "054682", "flur": "8", "flurschl": "054682008", "land": "Nordrhein-Westfalen", "landschl": "05", "regbezirk": "Köln", "regbezschl": "053", "kreis": "Rhein-Erft-Kreis", "kreisschl": "05362", "gemeinde": "Kerpen", "gmdschl": "05362032", "abwrecht": "Kein abweichender Rechtszustand", "lagebeztxt": "Mittelstraße 28, 30, 32, 34", "tntxt": "Wohnbaufläche;2307", "area": 2308, "other catc": null, "frag area": 42.0, "final area": 42.0 }, "geometry": { "type": "MultiPolygon", "coordinates": [ [ [ [ 339184.0, 5642610.0 ], [ 339184.0, 5642609.0 ], [ 339185.0, 5642609.0 ], [ 339185.0, 5642605.0 ], [ 339186.0, 5642605.0 ], [ 339186.0, 5642601.0 ], [ 339187.0, 5642601.0 ], [ 339187.0, 5642598.0 ], [ 339188.0, 5642598.0 ], [ 339188.0, 5642594.0 ], [ 339189.0, 5642594.0 ], [ 339189.0, 5642590.0 ], [ 339186.0, 5642590.0 ], [ 339186.0, 5642591.0 ], [ 339185.0, 5642591.0 ], [ 339185.0, 5642592.0 ], [ 339186.0, 5642592.0 ], [ 339186.0, 5642596.0 ], [ 339185.0, 5642596.0 ], [ 339185.0, 5642603.0 ], [ 339184.0, 5642603.0 ], [ 339184.0, 5642607.0 ], [ 339183.0, 5642607.0 ], [ 339183.0, 5642610.0 ], [ 339184.0, 5642610.0 ] ] ] ] } },
{ "type": "Feature", "properties": { "DN": 1, "gml_id": "DENW41AL30005ckGFL", "identifier": "urn:adv:oid:DENW41AL30005ckGFL", "aktualit_2": "2025-01-17Z", "idflurst": "DENW41AL30005ckG", "flaeche": 484.0, "flstkennz_": "05468202100039______", "flstnrzae": "39", "flstnrnen": null, "gemarkung": "Horrem", "gemaschl": "054682", "flur": "21", "flurschl": "054682021", "land": "Nordrhein-Westfalen", "landschl": "05", "regbezirk": "Köln", "regbezschl": "053", "kreis": "Rhein-Erft-Kreis", "kreisschl": "05362", "gemeinde": "Kerpen", "gmdschl": "05362032", "abwrecht": "Kein abweichender Rechtszustand", "lagebeztxt": "Sistenichstraße 26", "tntxt": "Wohnbaufläche;484", "area": 481, "other catc": null, "frag area": 21.0, "final area": 21.0 }, "geometry": { "type": "MultiPolygon", "coordinates": [ [ [ [ 338934.0, 5642594.0 ], [ 338934.0, 5642593.0 ], [ 338936.0, 5642593.0 ], [ 338936.0, 5642591.0 ], [ 338934.0, 5642591.0 ], [ 338934.0, 5642590.0 ], [ 338933.0, 5642590.0 ], [ 338933.0, 5642589.0 ], [ 338932.0, 5642589.0 ], [ 338932.0, 5642588.0 ], [ 338931.0, 5642588.0 ], [ 338931.0, 5642589.0 ], [ 338930.0, 5642589.0 ], [ 338930.0, 5642590.0 ], [ 338931.0, 5642590.0 ], [ 338931.0, 5642593.0 ], [ 338930.0, 5642593.0 ], [ 338930.0, 5642594.0 ], [ 338934.0, 5642594.0 ] ] ] ] } },
{ "type": "Feature", "properties": { "DN": 1, "gml_id": "DENW41AL30005bRbFL", "identifier": "urn:adv:oid:DENW41AL30005bRbFL", "aktualit_2": "2024-08-20Z", "idflurst": "DENW41AL30005bRb", "flaeche": 397.0, "flstkennz_": "054682021002720045__", "flstnrzae": "272", "flstnrnen": "45", "gemarkung": "Horrem", "gemaschl": "054682", "flur": "21", "flurschl": "054682021", "land": "Nordrhein-Westfalen", "landschl": "05", "regbezirk": "Köln", "regbezschl": "053", "kreis": "Rhein-Erft-Kreis", "kreisschl": "05362", "gemeinde": "Kerpen", "gmdschl": "05362032", "abwrecht": "Kein abweichender Rechtszustand", "lagebeztxt": "Herderstraße 1", "tntxt": "Wohnbaufläche;397", "area": 397, "other catc": null, "frag area": 33.5, "final area": 33.5 }, "geometry": { "type": "MultiPolygon", "coordinates": [ [ [ [ 338891.0, 5642604.0 ], [ 338891.0, 5642603.0 ], [ 338893.0, 5642603.0 ], [ 338893.0, 5642602.0 ], [ 338896.710785117174964, 5642602.0 ], [ 338897.0, 5642601.401210040785372 ], [ 338897.0, 5642600.0 ], [ 338897.676782887545414, 5642600.0 ], [ 338898.0, 5642599.330811887048185 ], [ 338898.0, 5642599.0 ], [ 338898.159781772701535, 5642599.0 ], [ 338898.642780657857656, 5642598.0 ], [ 338898.0, 5642598.0 ], [ 338898.0, 5642597.0 ], [ 338899.0, 5642597.0 ], [ 338899.0, 5642597.260413733310997 ], [ 338899.36099999997532, 5642596.513000000268221 ], [ 338896.0, 5642595.028261978179216 ], [ 338896.0, 5642596.0 ], [ 338895.0, 5642596.0 ], [ 338895.0, 5642598.0 ], [ 338894.0, 5642598.0 ], [ 338894.0, 5642599.0 ], [ 338893.0, 5642599.0 ], [ 338893.0, 5642600.0 ], [ 338891.0, 5642600.0 ], [ 338891.0, 5642602.0 ], [ 338890.0, 5642602.0 ], [ 338890.0, 5642604.0 ], [ 338891.0, 5642604.0 ] ] ], [ [ [ 338895.0, 5642595.0 ], [ 338895.936023386835586, 5642595.0 ], [ 338895.0, 5642594.586507136933506 ], [ 338895.0, 5642595.0 ] ] ] ] } },
{ "type": "Feature", "properties": { "DN": 1, "gml_id": "DENW41AL30005cykFL", "identifier": "urn:adv:oid:DENW41AL30005cykFL", "aktualit_2": "2024-08-20Z", "idflurst": "DENW41AL30005cyk", "flaeche": 504.0, "flstkennz_": "05468202100323______", "flstnrzae": "323", "flstnrnen": null, "gemarkung": "Horrem", "gemaschl": "054682", "flur": "21", "flurschl": "054682021", "land": "Nordrhein-Westfalen", "landschl": "05", "regbezirk": "Köln", "regbezschl": "053", "kreis": "Rhein-Erft-Kreis", "kreisschl": "05362", "gemeinde": "Kerpen", "gmdschl": "05362032", "abwrecht": "Kein abweichender Rechtszustand", "lagebeztxt": "Herderstraße 3", "tntxt": "Wohnbaufläche;504", "area": 510, "other catc": null, "frag area": 32.9, "final area": 32.9 }, "geometry": { "type": "MultiPolygon", "coordinates": [ [ [ [ 338900.0, 5642595.0 ], [ 338899.0, 5642595.0 ], [ 338899.0, 5642592.0 ], [ 338898.0, 5642592.0 ], [ 338898.0, 5642589.0 ], [ 338901.0, 5642589.0 ], [ 338901.0, 5642588.0 ], [ 338900.0, 5642588.0 ], [ 338900.0, 5642587.0 ], [ 338899.0, 5642587.0 ], [ 338899.0, 5642585.0 ], [ 338898.0, 5642585.0 ], [ 338898.0, 5642586.0 ], [ 338897.0, 5642586.0 ], [ 338897.0, 5642589.0 ], [ 338896.0, 5642589.0 ], [ 338896.0, 5642591.0 ], [ 338895.0, 5642591.0 ], [ 338895.0, 5642593.0 ], [ 338894.0, 5642593.0 ], [ 338894.0, 5642594.0 ], [ 338895.0, 5642594.0 ], [ 338895.0, 5642594.586507136933506 ], [ 338895.936023386835586, 5642595.0 ], [ 338896.0, 5642595.0 ], [ 338896.0, 5642595.028261978179216 ], [ 338899.36099999997532, 5642596.513000000268221 ], [ 338900.0, 5642595.187923912890255 ], [ 338900.0, 5642595.0 ] ] ] ] } },
{ "type": "Feature", "properties": { "DN": 1, "gml_id": "DENW41AL30005Y4CFL", "identifier": "urn:adv:oid:DENW41AL30005Y4CFL", "aktualit_2": "2024-08-20Z", "idflurst": "DENW41AL30005Y4C", "flaeche": 961.0, "flstkennz_": "05468202100449______", "flstnrzae": "449", "flstnrnen": null, "gemarkung": "Horrem", "gemaschl": "054682", "flur": "21", "flurschl": "054682021", "land": "Nordrhein-Westfalen", "landschl": "05", "regbezirk": "Köln", "regbezschl": "053", "kreis": "Rhein-Erft-Kreis", "kreisschl": "05362", "gemeinde": "Kerpen", "gmdschl": "05362032", "abwrecht": "Kein abweichender Rechtszustand", "lagebeztxt": "Wiesenstraße 9", "tntxt": "Wohnbaufläche;961", "area": 958, "other catc": null, "frag area": 90.3, "final area": 87.5 }, "geometry": { "type": "MultiPolygon", "coordinates": [ [ [ [ 338815.0, 5642595.0 ], [ 338816.0, 5642595.0 ], [ 338816.0, 5642594.0 ], [ 338817.0, 5642594.0 ], [ 338817.0, 5642591.0 ], [ 338818.0, 5642591.0 ], [ 338818.0, 5642590.0 ], [ 338819.0, 5642590.0 ], [ 338819.0, 5642589.0 ], [ 338821.0, 5642589.0 ], [ 338821.0, 5642590.0 ], [ 338822.0, 5642590.0 ], [ 338822.0, 5642591.0 ], [ 338825.0, 5642591.0 ], [ 338825.0, 5642590.0 ], [ 338828.0, 5642590.0 ], [ 338828.0, 5642591.0 ], [ 338830.0, 5642591.0 ], [ 338830.0, 5642592.0 ], [ 338831.0, 5642592.0 ], [ 338831.0, 5642593.0 ], [ 338832.0, 5642593.0 ], [ 338832.0, 5642595.0 ], [ 338833.0, 5642595.0 ], [ 338833.0, 5642594.0 ], [ 338834.0, 5642594.0 ], [ 338834.0, 5642593.0 ], [ 338835.0, 5642593.0 ], [ 338835.0, 5642592.0 ], [ 338836.0, 5642592.0 ], [ 338836.0, 5642591.503040696494281 ], [ 338834.874882739619352, 5642591.0 ], [ 338834.0, 5642591.0 ], [ 338834.0, 5642590.608839328400791 ], [ 338832.638250061310828, 5642590.0 ], [ 338832.0, 5642590.0 ], [ 338832.0, 5642589.714637961238623 ], [ 338830.401617382944096, 5642589.0 ], [ 338829.0, 5642589.0 ], [ 338829.0, 5642588.373335910029709 ], [ 338828.164984704635572, 5642588.0 ], [ 338827.0, 5642588.0 ], [ 338827.0, 5642587.479134541936219 ], [ 338825.92835202626884, 5642587.0 ], [ 338825.0, 5642587.0 ], [ 338825.0, 5642586.584933173842728 ], [ 338823.691719347960316, 5642586.0 ], [ 338823.0, 5642586.0 ], [ 338823.0, 5642585.69073180668056 ], [ 338821.455086669593584, 5642585.0 ], [ 338820.0, 5642585.0 ], [ 338820.0, 5642584.349429754540324 ], [ 338819.21845399128506, 5642584.0 ], [ 338818.0, 5642584.0 ], [ 338818.0, 5642585.0 ], [ 338817.514690539392177, 5642585.0 ], [ 338817.0, 5642586.16423000022769 ], [ 338817.0, 5642588.0 ], [ 338816.188430592534132, 5642588.0 ], [ 338816.164999999979045, 5642588.053000000305474 ], [ 338816.0, 5642588.425987779162824 ], [ 338816.0, 5642591.0 ], [ 338814.861324577126652, 5642591.0 ], [ 338814.418950833380222, 5642592.0 ], [ 338815.0, 5642592.0 ], [ 338815.0, 5642593.0 ], [ 338813.976577089575585, 5642593.0 ], [ 338813.534203345770948, 5642594.0 ], [ 338814.0, 5642594.0 ], [ 338814.0, 5642597.0 ], [ 338813.0, 5642597.0 ], [ 338813.0, 5642598.0 ], [ 338815.0, 5642598.0 ], [ 338815.0, 5642595.0 ] ] ] ] } },
{ "type": "Feature", "properties": { "DN": 1, "gml_id": "DENW41AL30005byxFL", "identifier": "urn:adv:oid:DENW41AL30005byxFL", "aktualit_2": "2025-01-17Z", "idflurst": "DENW41AL30005byx", "flaeche": 619.0, "flstkennz_": "05468202100454______", "flstnrzae": "454", "flstnrnen": null, "gemarkung": "Horrem", "gemaschl": "054682", "flur": "21", "flurschl": "054682021", "land": "Nordrhein-Westfalen", "landschl": "05", "regbezirk": "Köln", "regbezschl": "053", "kreis": "Rhein-Erft-Kreis", "kreisschl": "05362", "gemeinde": "Kerpen", "gmdschl": "05362032", "abwrecht": "Kein abweichender Rechtszustand", "lagebeztxt": "Sistenichstraße 28", "tntxt": "Wohnbaufläche;619", "area": 618, "other catc": null, "frag area": 37.0, "final area": 37.0 }, "geometry": { "type": "MultiPolygon", "coordinates": [ [ [ [ 338936.0, 5642587.0 ], [ 338936.0, 5642586.0 ], [ 338937.0, 5642586.0 ], [ 338937.0, 5642587.0 ], [ 338938.0, 5642587.0 ], [ 338938.0, 5642586.0 ], [ 338939.0, 5642586.0 ], [ 338939.0, 5642584.0 ], [ 338940.0, 5642584.0 ], [ 338940.0, 5642582.0 ], [ 338938.0, 5642582.0 ], [ 338938.0, 5642581.0 ], [ 338933.0, 5642581.0 ], [ 338933.0, 5642583.0 ], [ 338932.0, 5642583.0 ], [ 338932.0, 5642585.0 ], [ 338931.0, 5642585.0 ], [ 338931.0, 5642585.265532025136054 ], [ 338935.599159530131146, 5642587.0 ], [ 338936.0, 5642587.0 ] ] ] ] } },
{ "type": "Feature", "properties": { "DN": 1, "gml_id": "DENW41AL30005W41FL", "identifier": "urn:adv:oid:DENW41AL30005W41FL", "aktualit_2": "2024-08-20Z", "idflurst": "DENW41AL30005W41", "flaeche": 669.0, "flstkennz_": "05468202100360______", "flstnrzae": "360", "flstnrnen": null, "gemarkung": "Horrem", "gemaschl": "054682", "flur": "21", "flurschl": "054682021", "land": "Nordrhein-Westfalen", "landschl": "05", "regbezirk": "Köln", "regbezschl": "053", "kreis": "Rhein-Erft-Kreis", "kreisschl": "05362", "gemeinde": "Kerpen", "gmdschl": "05362032", "abwrecht": "Kein abweichender Rechtszustand", "lagebeztxt": "Herderstraße 6, 8", "tntxt": "Wohnbaufläche;669", "area": 678, "other catc": null, "frag area": 74.0, "final area": 72.3 }, "geometry": { "type": "MultiPolygon", "coordinates": [ [ [ [ 338848.0, 5642587.0 ], [ 338849.0, 5642587.0 ], [ 338849.0, 5642586.0 ], [ 338850.0, 5642586.0 ], [ 338850.0, 5642587.0 ], [ 338853.0, 5642587.0 ], [ 338853.0, 5642585.0 ], [ 338854.0, 5642585.0 ], [ 338854.0, 5642582.0 ], [ 338855.0, 5642582.0 ], [ 338855.0, 5642580.0 ], [ 338856.0, 5642580.0 ], [ 338856.0, 5642579.0 ], [ 338855.0, 5642579.0 ], [ 338855.0, 5642578.0 ], [ 338852.0, 5642578.0 ], [ 338852.0, 5642577.0 ], [ 338848.573808711254969, 5642577.0 ], [ 338848.0, 5642578.51783400028944 ], [ 338848.0, 5642580.0 ], [ 338847.439675377914682, 5642580.0 ], [ 338847.0, 5642581.163025629706681 ], [ 338847.0, 5642582.0 ], [ 338846.683586489059962, 5642582.0 ], [ 338846.0, 5642583.808217259123921 ], [ 338846.0, 5642585.0 ], [ 338845.549453155719675, 5642585.0 ], [ 338845.171408711292315, 5642586.0 ], [ 338846.0, 5642586.0 ], [ 338846.0, 5642587.0 ], [ 338847.0, 5642587.0 ], [ 338847.0, 5642588.0 ], [ 338848.0, 5642588.0 ], [ 338848.0, 5642587.0 ] ] ] ] } },
{ "type": "Feature", "properties": { "DN": 1, "gml_id": "DENW41AL30005UhtFL", "identifier": "urn:adv:oid:DENW41AL30005UhtFL", "aktualit_2": "2024-08-20Z", "idflurst": "DENW41AL30005Uht", "flaeche": 399.0, "flstkennz_": "05468200800659______", "flstnrzae": "659", "flstnrnen": null, "gemarkung": "Horrem", "gemaschl": "054682", "flur": "8", "flurschl": "054682008", "land": "Nordrhein-Westfalen", "landschl": "05", "regbezirk": "Köln", "regbezschl": "053", "kreis": "Rhein-Erft-Kreis", "kreisschl": "05362", "gemeinde": "Kerpen", "gmdschl": "05362032", "abwrecht": "Kein abweichender Rechtszustand", "lagebeztxt": "Merkurweg 29", "tntxt": "Wohnbaufläche;399", "area": 399, "other catc": null, "frag area": 28.0, "final area": 27.9 }, "geometry": { "type": "MultiPolygon", "coordinates": [ [ [ [ 339037.0, 5642584.0 ], [ 339038.0, 5642584.0 ], [ 339038.0, 5642579.0 ], [ 339038.868812137807254, 5642579.0 ], [ 339039.0, 5642578.12365741468966 ], [ 339039.0, 5642578.0 ], [ 339037.0, 5642578.0 ], [ 339037.0, 5642579.0 ], [ 339036.0, 5642579.0 ], [ 339036.0, 5642580.0 ], [ 339035.0, 5642580.0 ], [ 339035.0, 5642582.0 ], [ 339033.0, 5642582.0 ], [ 339033.0, 5642583.0 ], [ 339031.0, 5642583.0 ], [ 339031.0, 5642584.0 ], [ 339030.0, 5642584.0 ], [ 339030.0, 5642585.0 ], [ 339034.0, 5642585.0 ], [ 339034.0, 5642584.0 ], [ 339036.0, 5642584.0 ], [ 339036.0, 5642586.0 ], [ 339037.0, 5642586.0 ], [ 339037.0, 5642584.0 ] ] ] ] } },
{ "type": "Feature", "properties": { "DN": 1, "gml_id": "DENW41AL30005byxFL", "identifier": "urn:adv:oid:DENW41AL30005byxFL", "aktualit_2": "2025-01-17Z", "idflurst": "DENW41AL30005byx", "flaeche": 619.0, "flstkennz_": "05468202100454______", "flstnrzae": "454", "flstnrnen": null, "gemarkung": "Horrem", "gemaschl": "054682", "flur": "21", "flurschl": "054682021", "land": "Nordrhein-Westfalen", "landschl": "05", "regbezirk": "Köln", "regbezschl": "053", "kreis": "Rhein-Erft-Kreis", "kreisschl": "05362", "gemeinde": "Kerpen", "gmdschl": "05362032", "abwrecht": "Kein abweichender Rechtszustand", "lagebeztxt": "Sistenichstraße 28", "tntxt": "Wohnbaufläche;619", "area": 618, "other catc": null, "frag area": 15.8, "final area": 14.9 }, "geometry": { "type": "MultiPolygon", "coordinates": [ [ [ [ 338957.0, 5642584.870380599051714 ], [ 338957.0, 5642584.0 ], [ 338957.330821174837183, 5642584.0 ], [ 338958.0, 5642582.239410560578108 ], [ 338958.0, 5642581.0 ], [ 338958.471085015160497, 5642581.0 ], [ 338959.0, 5642579.608440522104502 ], [ 338959.0, 5642578.0 ], [ 338958.643811037414707, 5642578.0 ], [ 338958.14000000001397, 5642579.326000000350177 ], [ 338957.282024481508415, 5642579.0 ], [ 338956.0, 5642579.0 ], [ 338956.0, 5642578.512876565568149 ], [ 338955.0, 5642578.132912343367934 ], [ 338955.0, 5642580.0 ], [ 338956.0, 5642580.0 ], [ 338956.0, 5642586.0 ], [ 338956.570645281346515, 5642586.0 ], [ 338957.0, 5642584.870380599051714 ] ] ] ] } },
{ "type": "Feature", "properties": { "DN": 1, "gml_id": "DENW41AL30005iHtFL", "identifier": "urn:adv:oid:DENW41AL30005iHtFL", "aktualit_2": "2025-01-17Z", "idflurst": "DENW41AL30005iHt", "flaeche": 490.0, "flstkennz_": "05468202100464______", "flstnrzae": "464", "flstnrnen": null, "gemarkung": "Horrem", "gemaschl": "054682", "flur": "21", "flurschl": "054682021", "land": "Nordrhein-Westfalen", "landschl": "05", "regbezirk": "Köln", "regbezschl": "053", "kreis": "Rhein-Erft-Kreis", "kreisschl": "05362", "gemeinde": "Kerpen", "gmdschl": "05362032", "abwrecht": "Kein abweichender Rechtszustand", "lagebeztxt": "Sistenichstraße 30", "tntxt": "Wohnbaufläche;490", "area": 484, "other catc": null, "frag area": 14.0, "final area": 13.2 }, "geometry": { "type": "MultiPolygon", "coordinates": [ [ [ [ 338937.0, 5642567.440171593800187 ], [ 338935.066999999980908, 5642567.347 ], [ 338935.083734412677586, 5642567.0 ], [ 338935.0, 5642567.0 ], [ 338935.0, 5642571.0 ], [ 338934.0, 5642571.0 ], [ 338934.0, 5642573.0 ], [ 338937.0, 5642573.0 ], [ 338937.0, 5642567.440171593800187 ] ] ] ] } },
{ "type": "Feature", "properties": { "DN": 1, "gml_id": "DENW41AL30005iHtFL", "identifier": "urn:adv:oid:DENW41AL30005iHtFL", "aktualit_2": "2025-01-17Z", "idflurst": "DENW41AL30005iHt", "flaeche": 490.0, "flstkennz_": "05468202100464______", "flstnrzae": "464", "flstnrnen": null, "gemarkung": "Horrem", "gemaschl": "054682", "flur": "21", "flurschl": "054682021", "land": "Nordrhein-Westfalen", "landschl": "05", "regbezirk": "Köln", "regbezschl": "053", "kreis": "Rhein-Erft-Kreis", "kreisschl": "05362", "gemeinde": "Kerpen", "gmdschl": "05362032", "abwrecht": "Kein abweichender Rechtszustand", "lagebeztxt": "Sistenichstraße 30", "tntxt": "Wohnbaufläche;490", "area": 484, "other catc": null, "frag area": 12.9, "final area": 12.9 }, "geometry": { "type": "MultiPolygon", "coordinates": [ [ [ [ 338961.0, 5642572.0 ], [ 338961.0, 5642570.0 ], [ 338961.492632521199994, 5642570.0 ], [ 338961.797172942082398, 5642564.0 ], [ 338961.0, 5642564.0 ], [ 338961.0, 5642563.0 ], [ 338960.0, 5642563.0 ], [ 338960.0, 5642572.0 ], [ 338961.0, 5642572.0 ] ] ] ] } },
{ "type": "Feature", "properties": { "DN": 1, "gml_id": "DENW41AL30005iHtFL", "identifier": "urn:adv:oid:DENW41AL30005iHtFL", "aktualit_2": "2025-01-17Z", "idflurst": "DENW41AL30005iHt", "flaeche": 490.0, "flstkennz_": "05468202100464______", "flstnrzae": "464", "flstnrnen": null, "gemarkung": "Horrem", "gemaschl": "054682", "flur": "21", "flurschl": "054682021", "land": "Nordrhein-Westfalen", "landschl": "05", "regbezirk": "Köln", "regbezschl": "053", "kreis": "Rhein-Erft-Kreis", "kreisschl": "05362", "gemeinde": "Kerpen", "gmdschl": "05362032", "abwrecht": "Kein abweichender Rechtszustand", "lagebeztxt": "Sistenichstraße 30", "tntxt": "Wohnbaufläche;490", "area": 484, "other catc": null, "frag area": 15.0, "final area": 15.0 }, "geometry": { "type": "MultiPolygon", "coordinates": [ [ [ [ 338935.0, 5642567.0 ], [ 338935.0, 5642563.0 ], [ 338932.0, 5642563.0 ], [ 338932.0, 5642564.0 ], [ 338931.0, 5642564.0 ], [ 338931.0, 5642567.0 ], [ 338935.0, 5642567.0 ] ] ] ] } },
{ "type": "Feature", "properties": { "DN": 1, "gml_id": "DENW41AL30005elUFL", "identifier": "urn:adv:oid:DENW41AL30005elUFL", "aktualit_2": "2024-08-20Z", "idflurst": "DENW41AL30005elU", "flaeche": 480.0, "flstkennz_": "05468200800073______", "flstnrzae": "73", "flstnrnen": null, "gemarkung": "Horrem", "gemaschl": "054682", "flur": "8", "flurschl": "054682008", "land": "Nordrhein-Westfalen", "landschl": "05", "regbezirk": "Köln", "regbezschl": "053", "kreis": "Rhein-Erft-Kreis", "kreisschl": "05362", "gemeinde": "Kerpen", "gmdschl": "05362032", "abwrecht": "Kein abweichender Rechtszustand", "lagebeztxt": "Höhenweg 52", "tntxt": "Wohnbaufläche;480", "area": 483, "other catc": null, "frag area": 13.1, "final area": 13.1 }, "geometry": { "type": "MultiPolygon", "coordinates": [ [ [ [ 339357.0, 5642563.0 ], [ 339357.462584819819313, 5642563.0 ], [ 339358.0, 5642560.069824412465096 ], [ 339358.0, 5642558.450886599719524 ], [ 339357.0, 5642558.262338165193796 ], [ 339357.0, 5642559.0 ], [ 339356.0, 5642559.0 ], [ 339356.0, 5642565.0 ], [ 339355.0, 5642565.0 ], [ 339355.0, 5642566.525372955016792 ], [ 339356.755, 5642566.858 ], [ 339357.0, 5642565.522174281999469 ], [ 339357.0, 5642563.0 ] ] ] ] } },
{ "type": "Feature", "properties": { "DN": 1, "gml_id": "DENW41AL30005cuZFL", "identifier": "urn:adv:oid:DENW41AL30005cuZFL", "aktualit_2": "2024-08-20Z", "idflurst": "DENW41AL30005cuZ", "flaeche": 566.0, "flstkennz_": "05468200800072______", "flstnrzae": "72", "flstnrnen": null, "gemarkung": "Horrem", "gemaschl": "054682", "flur": "8", "flurschl": "054682008", "land": "Nordrhein-Westfalen", "landschl": "05", "regbezirk": "Köln", "regbezschl": "053", "kreis": "Rhein-Erft-Kreis", "kreisschl": "05362", "gemeinde": "Kerpen", "gmdschl": "05362032", "abwrecht": "Kein abweichender Rechtszustand", "lagebeztxt": "Höhenweg 50", "tntxt": "Wohnbaufläche;566", "area": 571, "other catc": null, "frag area": 13.9, "final area": 13.9 }, "geometry": { "type": "MultiPolygon", "coordinates": [ [ [ [ 339355.0, 5642574.0 ], [ 339355.443263307563029, 5642574.0 ], [ 339356.0, 5642570.968741150572896 ], [ 339356.0, 5642568.0 ], [ 339356.545254368160386, 5642568.0 ], [ 339356.755, 5642566.858 ], [ 339355.0, 5642566.525372955016792 ], [ 339355.0, 5642570.0 ], [ 339354.0, 5642570.0 ], [ 339354.0, 5642576.524593065492809 ], [ 339354.946999999985565, 5642576.701999999582767 ], [ 339355.0, 5642576.413431415334344 ], [ 339355.0, 5642574.0 ] ] ] ] } },
{ "type": "Feature", "properties": { "DN": 1, "gml_id": "DENW41AL2O0000RwFL", "identifier": "urn:adv:oid:DENW41AL2O0000RwFL", "aktualit_2": "2024-08-29Z", "idflurst": "DENW41AL2O0000Rw", "flaeche": 759.0, "flstkennz_": "05468202100473______", "flstnrzae": "473", "flstnrnen": null, "gemarkung": "Horrem", "gemaschl": "054682", "flur": "21", "flurschl": "054682021", "land": "Nordrhein-Westfalen", "landschl": "05", "regbezirk": "Köln", "regbezschl": "053", "kreis": "Rhein-Erft-Kreis", "kreisschl": "05362", "gemeinde": "Kerpen", "gmdschl": "05362032", "abwrecht": "Kein abweichender Rechtszustand", "lagebeztxt": "Herderstraße 7", "tntxt": "Wohnbaufläche;759", "area": 759, "other catc": null, "frag area": 86.7, "final area": 86.7 }, "geometry": { "type": "MultiPolygon", "coordinates": [ [ [ [ 338893.0, 5642559.0 ], [ 338894.0, 5642559.0 ], [ 338894.0, 5642559.540590533055365 ], [ 338895.0, 5642559.587923365645111 ], [ 338895.0, 5642559.0 ], [ 338901.0, 5642559.0 ], [ 338901.0, 5642558.0 ], [ 338902.0, 5642558.0 ], [ 338902.0, 5642555.0 ], [ 338901.0, 5642555.0 ], [ 338901.0, 5642554.0 ], [ 338902.0, 5642554.0 ], [ 338902.0, 5642552.0 ], [ 338901.0, 5642552.0 ], [ 338901.0, 5642551.0 ], [ 338895.0, 5642551.0 ], [ 338895.0, 5642552.0 ], [ 338892.0, 5642552.0 ], [ 338892.0, 5642551.0 ], [ 338891.346291471912991, 5642551.0 ], [ 338891.0, 5642552.798878667876124 ], [ 338891.0, 5642555.0 ], [ 338890.576275176426861, 5642555.0 ], [ 338890.0, 5642557.99357392732054 ], [ 338890.0, 5642559.351259203627706 ], [ 338893.0, 5642559.49325770046562 ], [ 338893.0, 5642559.0 ] ] ] ] } },
{ "type": "Feature", "properties": { "DN": 1, "gml_id": "DENW41AL30005VjAFL", "identifier": "urn:adv:oid:DENW41AL30005VjAFL", "aktualit_2": "2024-08-20Z", "idflurst": "DENW41AL30005VjA", "flaeche": 603.0, "flstkennz_": "05468202100419______", "flstnrzae": "419", "flstnrnen": null, "gemarkung": "Horrem", "gemaschl": "054682", "flur": "21", "flurschl": "054682021", "land": "Nordrhein-Westfalen", "landschl": "05", "regbezirk": "Köln", "regbezschl": "053", "kreis": "Rhein-Erft-Kreis", "kreisschl": "05362", "gemeinde": "Kerpen", "gmdschl": "05362032", "abwrecht": "Kein abweichender Rechtszustand", "lagebeztxt": "Am grünen Weg 5", "tntxt": "Wohnbaufläche;603", "area": 609, "other catc": null, "frag area": 10.0, "final area": 10.0 }, "geometry": { "type": "MultiPolygon", "coordinates": [ [ [ [ 338832.0, 5642561.0 ], [ 338832.0, 5642559.0 ], [ 338833.0, 5642559.0 ], [ 338833.0, 5642557.0 ], [ 338834.0, 5642557.0 ], [ 338834.0, 5642555.0 ], [ 338832.0, 5642555.0 ], [ 338832.0, 5642557.0 ], [ 338831.0, 5642557.0 ], [ 338831.0, 5642561.0 ], [ 338832.0, 5642561.0 ] ] ] ] } },
{ "type": "Feature", "properties": { "DN": 1, "gml_id": "DENW41AL30005ZCbFL", "identifier": "urn:adv:oid:DENW41AL30005ZCbFL", "aktualit_2": "2024-08-20Z", "idflurst": "DENW41AL30005ZCb", "flaeche": 496.0, "flstkennz_": "05468202100460______", "flstnrzae": "460", "flstnrnen": null, "gemarkung": "Horrem", "gemaschl": "054682", "flur": "21", "flurschl": "054682021", "land": "Nordrhein-Westfalen", "landschl": "05", "regbezirk": "Köln", "regbezschl": "053", "kreis": "Rhein-Erft-Kreis", "kreisschl": "05362", "gemeinde": "Kerpen", "gmdschl": "05362032", "abwrecht": "Kein abweichender Rechtszustand", "lagebeztxt": "Am grünen Weg 8", "tntxt": "Wohnbaufläche;496", "area": 492, "other catc": null, "frag area": 12.0, "final area": 12.0 }, "geometry": { "type": "MultiPolygon", "coordinates": [ [ [ [ 338797.0, 5642554.0 ], [ 338797.0, 5642553.0 ], [ 338798.0, 5642553.0 ], [ 338798.0, 5642550.0 ], [ 338799.0, 5642550.0 ], [ 338799.0, 5642548.0 ], [ 338797.0, 5642548.0 ], [ 338797.0, 5642550.0 ], [ 338796.0, 5642550.0 ], [ 338796.0, 5642552.0 ], [ 338795.0, 5642552.0 ], [ 338795.0, 5642553.0 ], [ 338796.0, 5642553.0 ], [ 338796.0, 5642554.0 ], [ 338797.0, 5642554.0 ] ] ] ] } },
{ "type": "Feature", "properties": { "DN": 1, "gml_id": "DENW41AL30005gqxFL", "identifier": "urn:adv:oid:DENW41AL30005gqxFL", "aktualit_2": "2024-08-20Z", "idflurst": "DENW41AL30005gqx", "flaeche": 470.0, "flstkennz_": "05468202100365______", "flstnrzae": "365", "flstnrnen": null, "gemarkung": "Horrem", "gemaschl": "054682", "flur": "21", "flurschl": "054682021", "land": "Nordrhein-Westfalen", "landschl": "05", "regbezirk": "Köln", "regbezschl": "053", "kreis": "Rhein-Erft-Kreis", "kreisschl": "05362", "gemeinde": "Kerpen", "gmdschl": "05362032", "abwrecht": "Kein abweichender Rechtszustand", "lagebeztxt": "Sistenichstraße 32", "tntxt": "Wohnbaufläche;470", "area": 469, "other catc": null, "frag area": 10.8, "final area": 10.8 }, "geometry": { "type": "MultiPolygon", "coordinates": [ [ [ [ 338962.0, 5642557.0 ], [ 338962.0, 5642552.105942367576063 ], [ 338959.0, 5642552.038010120391846 ], [ 338959.0, 5642553.0 ], [ 338960.0, 5642553.0 ], [ 338960.0, 5642557.0 ], [ 338962.0, 5642557.0 ] ] ] ] } },
{ "type": "Feature", "properties": { "DN": 1, "gml_id": "DENW41AL30005eIPFL", "identifier": "urn:adv:oid:DENW41AL30005eIPFL", "aktualit_2": "2024-08-20Z", "idflurst": "DENW41AL30005eIP", "flaeche": 456.0, "flstkennz_": "05468202100338______", "flstnrzae": "338", "flstnrnen": null, "gemarkung": "Horrem", "gemaschl": "054682", "flur": "21", "flurschl": "054682021", "land": "Nordrhein-Westfalen", "landschl": "05", "regbezirk": "Köln", "regbezschl": "053", "kreis": "Rhein-Erft-Kreis", "kreisschl": "05362", "gemeinde": "Kerpen", "gmdschl": "05362032", "abwrecht": "Kein abweichender Rechtszustand", "lagebeztxt": "Am grünen Weg 6", "tntxt": "Wohnbaufläche;456", "area": 454, "other catc": null, "frag area": 17.0, "final area": 17.0 }, "geometry": { "type": "MultiPolygon", "coordinates": [ [ [ [ 338778.0, 5642555.0 ], [ 338778.0, 5642554.0 ], [ 338779.0, 5642554.0 ], [ 338779.0, 5642555.0 ], [ 338780.0, 5642555.0 ], [ 338780.0, 5642554.0 ], [ 338781.0, 5642554.0 ], [ 338781.0, 5642552.0 ], [ 338780.0, 5642552.0 ], [ 338780.0, 5642551.0 ], [ 338775.0, 5642551.0 ], [ 338775.0, 5642552.0 ], [ 338776.0, 5642552.0 ], [ 338776.0, 5642554.0 ], [ 338777.0, 5642554.0 ], [ 338777.0, 5642555.0 ], [ 338778.0, 5642555.0 ] ] ] ] } },
{ "type": "Feature", "properties": { "DN": 1, "gml_id": "DENW41AL30005bxsFL", "identifier": "urn:adv:oid:DENW41AL30005bxsFL", "aktualit_2": "2024-08-20Z", "idflurst": "DENW41AL30005bxs", "flaeche": 320.0, "flstkennz_": "054682021002140053__", "flstnrzae": "214", "flstnrnen": "53", "gemarkung": "Horrem", "gemaschl": "054682", "flur": "21", "flurschl": "054682021", "land": "Nordrhein-Westfalen", "landschl": "05", "regbezirk": "Köln", "regbezschl": "053", "kreis": "Rhein-Erft-Kreis", "kreisschl": "05362", "gemeinde": "Kerpen", "gmdschl": "05362032", "abwrecht": "Kein abweichender Rechtszustand", "lagebeztxt": "Sistenichstraße 34", "tntxt": "Wohnbaufläche;320", "area": 321, "other catc": null, "frag area": 38.8, "final area": 34.4 }, "geometry": { "type": "MultiPolygon", "coordinates": [ [ [ [ 338947.0, 5642550.0 ], [ 338950.0, 5642550.0 ], [ 338950.0, 5642545.298612657003105 ], [ 338948.792000000015832, 5642545.218000000342727 ], [ 338949.059996907657478, 5642541.128047192469239 ], [ 338949.0, 5642541.124134789220989 ], [ 338949.0, 5642542.0 ], [ 338946.0, 5642542.0 ], [ 338946.0, 5642546.0 ], [ 338945.0, 5642546.0 ], [ 338945.0, 5642551.0 ], [ 338947.0, 5642551.0 ], [ 338947.0, 5642550.0 ] ] ] ] } },
{ "type": "Feature", "properties": { "DN": 1, "gml_id": "DENW41AL30005fPaFL", "identifier": "urn:adv:oid:DENW41AL30005fPaFL", "aktualit_2": "2024-08-20Z", "idflurst": "DENW41AL30005fPa", "flaeche": 197.0, "flstkennz_": "054682021000520025__", "flstnrzae": "52", "flstnrnen": "25", "gemarkung": "Horrem", "gemaschl": "054682", "flur": "21", "flurschl": "054682021", "land": "Nordrhein-Westfalen", "landschl": "05", "regbezirk": "Köln", "regbezschl": "053", "kreis": "Rhein-Erft-Kreis", "kreisschl": "05362", "gemeinde": "Kerpen", "gmdschl": "05362032", "abwrecht": "Kein abweichender Rechtszustand", "lagebeztxt": "Adenauerstraße", "tntxt": "Wohnbaufläche;197", "area": 198, "other catc": null, "frag area": 11.6, "final area": 11.6 }, "geometry": { "type": "MultiPolygon", "coordinates": [ [ [ [ 338848.0, 5642548.0 ], [ 338848.0, 5642547.0 ], [ 338847.0, 5642547.0 ], [ 338847.0, 5642548.0 ], [ 338846.0, 5642548.0 ], [ 338846.0, 5642549.0 ], [ 338845.0, 5642549.0 ], [ 338845.0, 5642550.0 ], [ 338847.0, 5642550.0 ], [ 338847.0, 5642551.0 ], [ 338848.0, 5642551.0 ], [ 338848.0, 5642552.0 ], [ 338849.0, 5642552.0 ], [ 338849.0, 5642552.098302267491817 ], [ 338849.293952303531114, 5642548.0 ], [ 338848.0, 5642548.0 ] ] ] ] } },
{ "type": "Feature", "properties": { "DN": 1, "gml_id": "DENW41AL30005eT7FL", "identifier": "urn:adv:oid:DENW41AL30005eT7FL", "aktualit_2": "2024-08-20Z", "idflurst": "DENW41AL30005eT7", "flaeche": 461.0, "flstkennz_": "05468200800076______", "flstnrzae": "76", "flstnrnen": null, "gemarkung": "Horrem", "gemaschl": "054682", "flur": "8", "flurschl": "054682008", "land": "Nordrhein-Westfalen", "landschl": "05", "regbezirk": "Köln", "regbezschl": "053", "kreis": "Rhein-Erft-Kreis", "kreisschl": "05362", "gemeinde": "Kerpen", "gmdschl": "05362032", "abwrecht": "Kein abweichender Rechtszustand", "lagebeztxt": "Höhenweg 56", "tntxt": "Wohnbaufläche;461", "area": 475, "other catc": null, "frag area": 12.7, "final area": 12.7 }, "geometry": { "type": "MultiPolygon", "coordinates": [ [ [ [ 339360.0, 5642545.0 ], [ 339360.498241367575247, 5642545.0 ], [ 339361.0, 5642541.930724376812577 ], [ 339361.0, 5642541.514828416518867 ], [ 339360.0, 5642541.330410492606461 ], [ 339360.0, 5642542.0 ], [ 339359.0, 5642542.0 ], [ 339359.0, 5642548.0 ], [ 339358.0, 5642548.0 ], [ 339358.0, 5642550.0 ], [ 339359.0, 5642550.0 ], [ 339359.0, 5642550.240012357011437 ], [ 339359.621999999973923, 5642550.360000000335276 ], [ 339360.0, 5642548.04776038788259 ], [ 339360.0, 5642545.0 ] ] ] ] } },
{ "type": "Feature", "properties": { "DN": 1, "gml_id": "DENW41AL30005bxsFL", "identifier": "urn:adv:oid:DENW41AL30005bxsFL", "aktualit_2": "2024-08-20Z", "idflurst": "DENW41AL30005bxs", "flaeche": 320.0, "flstkennz_": "054682021002140053__", "flstnrzae": "214", "flstnrnen": "53", "gemarkung": "Horrem", "gemaschl": "054682", "flur": "21", "flurschl": "054682021", "land": "Nordrhein-Westfalen", "landschl": "05", "regbezirk": "Köln", "regbezschl": "053", "kreis": "Rhein-Erft-Kreis", "kreisschl": "05362", "gemeinde": "Kerpen", "gmdschl": "05362032", "abwrecht": "Kein abweichender Rechtszustand", "lagebeztxt": "Sistenichstraße 34", "tntxt": "Wohnbaufläche;320", "area": 321, "other catc": null, "frag area": 15.4, "final area": 15.4 }, "geometry": { "type": "MultiPolygon", "coordinates": [ [ [ [ 338935.0, 5642546.0 ], [ 338936.0, 5642546.0 ], [ 338936.0, 5642545.0 ], [ 338938.0, 5642545.0 ], [ 338938.0, 5642544.0 ], [ 338939.0, 5642544.0 ], [ 338939.0, 5642541.0 ], [ 338935.339282389089931, 5642541.0 ], [ 338935.048, 5642544.79 ], [ 338934.878254777053371, 5642547.0 ], [ 338935.0, 5642547.0 ], [ 338935.0, 5642546.0 ] ] ] ] } },
{ "type": "Feature", "properties": { "DN": 1, "gml_id": "DENW41AL30005XB3FL", "identifier": "urn:adv:oid:DENW41AL30005XB3FL", "aktualit_2": "2024-08-20Z", "idflurst": "DENW41AL30005XB3", "flaeche": 1773.0, "flstkennz_": "05468200800760______", "flstnrzae": "760", "flstnrnen": null, "gemarkung": "Horrem", "gemaschl": "054682", "flur": "8", "flurschl": "054682008", "land": "Nordrhein-Westfalen", "landschl": "05", "regbezirk": "Köln", "regbezschl": "053", "kreis": "Rhein-Erft-Kreis", "kreisschl": "05362", "gemeinde": "Kerpen", "gmdschl": "05362032", "abwrecht": "Kein abweichender Rechtszustand", "lagebeztxt": "Hauptstraße 199", "tntxt": "Fläche gemischter Nutzung(funktion:Gebäude- und Freifläche Mischnutzung mit Wohnen);1773", "area": 1774, "other catc": null, "frag area": 13.5, "final area": 13.5 }, "geometry": { "type": "MultiPolygon", "coordinates": [ [ [ [ 339184.0, 5642549.0 ], [ 339184.0, 5642546.0 ], [ 339183.0, 5642546.0 ], [ 339183.0, 5642545.0 ], [ 339182.0, 5642545.0 ], [ 339182.0, 5642544.320246504619718 ], [ 339179.141420036554337, 5642544.0 ], [ 339178.0, 5642544.0 ], [ 339178.0, 5642546.0 ], [ 339182.0, 5642546.0 ], [ 339182.0, 5642548.0 ], [ 339183.0, 5642548.0 ], [ 339183.0, 5642549.0 ], [ 339184.0, 5642549.0 ] ] ] ] } },
{ "type": "Feature", "properties": { "DN": 1, "gml_id": "DENW41AL30005UmmFL", "identifier": "urn:adv:oid:DENW41AL30005UmmFL", "aktualit_2": "2024-08-20Z", "idflurst": "DENW41AL30005Umm", "flaeche": 285.0, "flstkennz_": "05468202100372______", "flstnrzae": "372", "flstnrnen": null, "gemarkung": "Horrem", "gemaschl": "054682", "flur": "21", "flurschl": "054682021", "land": "Nordrhein-Westfalen", "landschl": "05", "regbezirk": "Köln", "regbezschl": "053", "kreis": "Rhein-Erft-Kreis", "kreisschl": "05362", "gemeinde": "Kerpen", "gmdschl": "05362032", "abwrecht": "Kein abweichender Rechtszustand", "lagebeztxt": "Herderstraße 12 a", "tntxt": "Wohnbaufläche;285", "area": 291, "other catc": null, "frag area": 30.0, "final area": 30.0 }, "geometry": { "type": "MultiPolygon", "coordinates": [ [ [ [ 338859.0, 5642547.0 ], [ 338859.0, 5642544.0 ], [ 338857.0, 5642544.0 ], [ 338857.0, 5642543.0 ], [ 338852.0, 5642543.0 ], [ 338852.0, 5642542.0 ], [ 338850.0, 5642542.0 ], [ 338850.0, 5642543.0 ], [ 338851.0, 5642543.0 ], [ 338851.0, 5642546.0 ], [ 338853.0, 5642546.0 ], [ 338853.0, 5642547.0 ], [ 338859.0, 5642547.0 ] ] ] ] } },
{ "type": "Feature", "properties": { "DN": 1, "gml_id": "DENW41AL30005dnnFL", "identifier": "urn:adv:oid:DENW41AL30005dnnFL", "aktualit_2": "2024-08-20Z", "idflurst": "DENW41AL30005dnn", "flaeche": 532.0, "flstkennz_": "05468202100307______", "flstnrzae": "307", "flstnrnen": null, "gemarkung": "Horrem", "gemaschl": "054682", "flur": "21", "flurschl": "054682021", "land": "Nordrhein-Westfalen", "landschl": "05", "regbezirk": "Köln", "regbezschl": "053", "kreis": "Rhein-Erft-Kreis", "kreisschl": "05362", "gemeinde": "Kerpen", "gmdschl": "05362032", "abwrecht": "Kein abweichender Rechtszustand", "lagebeztxt": "Wiesenstraße 25", "tntxt": "Wohnbaufläche;532", "area": 532, "other catc": null, "frag area": 61.1, "final area": 59.7 }, "geometry": { "type": "MultiPolygon", "coordinates": [ [ [ [ 338727.0, 5642542.0 ], [ 338727.671936816594098, 5642542.0 ], [ 338728.117813278862741, 5642541.0 ], [ 338727.0, 5642541.0 ], [ 338727.0, 5642542.0 ] ] ], [ [ [ 338726.0, 5642545.749775908887386 ], [ 338726.780183892056812, 5642544.0 ], [ 338726.0, 5642544.0 ], [ 338726.0, 5642545.749775908887386 ] ] ], [ [ [ 338725.0, 5642547.992549601942301 ], [ 338725.888430967519525, 5642546.0 ], [ 338725.0, 5642546.0 ], [ 338725.0, 5642547.992549601942301 ] ] ], [ [ [ 338724.0, 5642550.235323295928538 ], [ 338724.996678043040447, 5642548.0 ], [ 338724.0, 5642548.0 ], [ 338724.0, 5642550.235323295928538 ] ] ], [ [ [ 338723.0, 5642552.478096988983452 ], [ 338723.213172193965875, 5642552.0 ], [ 338723.0, 5642552.0 ], [ 338723.0, 5642552.478096988983452 ] ] ], [ [ [ 338722.0, 5642551.0 ], [ 338721.0, 5642551.0 ], [ 338721.0, 5642550.0 ], [ 338720.0, 5642550.0 ], [ 338720.0, 5642552.0 ], [ 338719.0, 5642552.0 ], [ 338719.0, 5642550.0 ], [ 338718.0, 5642550.0 ], [ 338718.0, 5642551.0 ], [ 338717.0, 5642551.0 ], [ 338717.0, 5642552.0 ], [ 338716.0, 5642552.0 ], [ 338716.0, 5642553.0 ], [ 338715.0, 5642553.0 ], [ 338715.0, 5642555.0 ], [ 338714.0, 5642555.0 ], [ 338714.0, 5642557.0 ], [ 338713.0, 5642557.0 ], [ 338713.0, 5642558.0 ], [ 338712.0, 5642558.0 ], [ 338712.0, 5642559.0 ], [ 338711.0, 5642559.0 ], [ 338711.0, 5642561.0 ], [ 338710.0, 5642561.0 ], [ 338710.0, 5642562.0 ], [ 338711.0, 5642562.0 ], [ 338711.0, 5642563.0 ], [ 338713.589448178187013, 5642563.0 ], [ 338714.0, 5642562.070507959462702 ], [ 338714.0, 5642561.0 ], [ 338714.472837822977453, 5642561.0 ], [ 338715.0, 5642559.806501343846321 ], [ 338715.0, 5642559.0 ], [ 338715.356227467826102, 5642559.0 ], [ 338716.0, 5642557.54249472822994 ], [ 338716.0, 5642556.0 ], [ 338716.681311935069971, 5642556.0 ], [ 338717.0, 5642555.278488112613559 ], [ 338717.0, 5642555.0 ], [ 338718.0, 5642555.0 ], [ 338718.0, 5642555.670664072968066 ], [ 338718.751716331753414, 5642556.0 ], [ 338720.0, 5642556.0 ], [ 338720.0, 5642556.546888024546206 ], [ 338720.992034115653951, 5642556.981510050594807 ], [ 338722.767295731697232, 5642553.0 ], [ 338722.0, 5642553.0 ], [ 338722.0, 5642551.0 ] ], [ [ 338719.0, 5642553.0 ], [ 338718.0, 5642553.0 ], [ 338718.0, 5642552.0 ], [ 338719.0, 5642552.0 ], [ 338719.0, 5642553.0 ] ] ] ] } },
{ "type": "Feature", "properties": { "DN": 1, "gml_id": "DENW41AL30005eT7FL", "identifier": "urn:adv:oid:DENW41AL30005eT7FL", "aktualit_2": "2024-08-20Z", "idflurst": "DENW41AL30005eT7", "flaeche": 461.0, "flstkennz_": "05468200800076______", "flstnrzae": "76", "flstnrnen": null, "gemarkung": "Horrem", "gemaschl": "054682", "flur": "8", "flurschl": "054682008", "land": "Nordrhein-Westfalen", "landschl": "05", "regbezirk": "Köln", "regbezschl": "053", "kreis": "Rhein-Erft-Kreis", "kreisschl": "05362", "gemeinde": "Kerpen", "gmdschl": "05362032", "abwrecht": "Kein abweichender Rechtszustand", "lagebeztxt": "Höhenweg 56", "tntxt": "Wohnbaufläche;461", "area": 475, "other catc": null, "frag area": 18.0, "final area": 18.0 }, "geometry": { "type": "MultiPolygon", "coordinates": [ [ [ [ 339342.0, 5642546.0 ], [ 339342.0, 5642545.0 ], [ 339343.0, 5642545.0 ], [ 339343.0, 5642544.0 ], [ 339344.0, 5642544.0 ], [ 339344.0, 5642539.0 ], [ 339342.0, 5642539.0 ], [ 339342.0, 5642540.0 ], [ 339341.0, 5642540.0 ], [ 339341.0, 5642544.0 ], [ 339340.0, 5642544.0 ], [ 339340.0, 5642545.0 ], [ 339341.0, 5642545.0 ], [ 339341.0, 5642546.0 ], [ 339342.0, 5642546.0 ] ] ] ] } },
{ "type": "Feature", "properties": { "DN": 1, "gml_id": "DENW41AL30005eT7FL", "identifier": "urn:adv:oid:DENW41AL30005eT7FL", "aktualit_2": "2024-08-20Z", "idflurst": "DENW41AL30005eT7", "flaeche": 461.0, "flstkennz_": "05468200800076______", "flstnrzae": "76", "flstnrnen": null, "gemarkung": "Horrem", "gemaschl": "054682", "flur": "8", "flurschl": "054682008", "land": "Nordrhein-Westfalen", "landschl": "05", "regbezirk": "Köln", "regbezschl": "053", "kreis": "Rhein-Erft-Kreis", "kreisschl": "05362", "gemeinde": "Kerpen", "gmdschl": "05362032", "abwrecht": "Kein abweichender Rechtszustand", "lagebeztxt": "Höhenweg 56", "tntxt": "Wohnbaufläche;461", "area": 475, "other catc": null, "frag area": 17.8, "final area": 17.6 }, "geometry": { "type": "MultiPolygon", "coordinates": [ [ [ [ 339316.0, 5642534.0 ], [ 339314.0, 5642534.0 ], [ 339314.0, 5642533.0 ], [ 339311.17742367181927, 5642533.0 ], [ 339310.0, 5642533.329583836719394 ], [ 339310.0, 5642534.0 ], [ 339308.0, 5642534.0 ], [ 339308.0, 5642534.746265711262822 ], [ 339309.454262243700214, 5642535.0 ], [ 339314.0, 5642535.0 ], [ 339314.0, 5642535.989299600943923 ], [ 339314.06200110114878, 5642536.0 ], [ 339315.0, 5642536.0 ], [ 339315.0, 5642536.161883614957333 ], [ 339315.076, 5642536.174999999813735 ], [ 339315.0, 5642536.616579062305391 ], [ 339315.0, 5642540.0 ], [ 339316.0, 5642540.0 ], [ 339316.0, 5642534.0 ] ] ] ] } },
{ "type": "Feature", "properties": { "DN": 1, "gml_id": "DENW41AL30005bbUFL", "identifier": "urn:adv:oid:DENW41AL30005bbUFL", "aktualit_2": "2024-08-20Z", "idflurst": "DENW41AL30005bbU", "flaeche": 251.0, "flstkennz_": "05468202100373______", "flstnrzae": "373", "flstnrnen": null, "gemarkung": "Horrem", "gemaschl": "054682", "flur": "21", "flurschl": "054682021", "land": "Nordrhein-Westfalen", "landschl": "05", "regbezirk": "Köln", "regbezschl": "053", "kreis": "Rhein-Erft-Kreis", "kreisschl": "05362", "gemeinde": "Kerpen", "gmdschl": "05362032", "abwrecht": "Kein abweichender Rechtszustand", "lagebeztxt": "Herderstraße 12", "tntxt": "Wohnbaufläche;251", "area": 254, "other catc": null, "frag area": 23.9, "final area": 23.9 }, "geometry": { "type": "MultiPolygon", "coordinates": [ [ [ [ 338884.0, 5642538.0 ], [ 338884.505257615528535, 5642538.0 ], [ 338884.612000000022817, 5642536.224999999627471 ], [ 338881.0, 5642535.965485166758299 ], [ 338881.0, 5642543.569714264012873 ], [ 338884.0, 5642543.827753962017596 ], [ 338884.0, 5642538.0 ] ] ] ] } },
{ "type": "Feature", "properties": { "DN": 1, "gml_id": "DENW41AL30005UmmFL", "identifier": "urn:adv:oid:DENW41AL30005UmmFL", "aktualit_2": "2024-08-20Z", "idflurst": "DENW41AL30005Umm", "flaeche": 285.0, "flstkennz_": "05468202100372______", "flstnrzae": "372", "flstnrnen": null, "gemarkung": "Horrem", "gemaschl": "054682", "flur": "21", "flurschl": "054682021", "land": "Nordrhein-Westfalen", "landschl": "05", "regbezirk": "Köln", "regbezschl": "053", "kreis": "Rhein-Erft-Kreis", "kreisschl": "05362", "gemeinde": "Kerpen", "gmdschl": "05362032", "abwrecht": "Kein abweichender Rechtszustand", "lagebeztxt": "Herderstraße 12 a", "tntxt": "Wohnbaufläche;285", "area": 291, "other catc": null, "frag area": 22.2, "final area": 22.2 }, "geometry": { "type": "MultiPolygon", "coordinates": [ [ [ [ 338883.0, 5642550.0 ], [ 338883.536653001443483, 5642550.0 ], [ 338883.896, 5642548.025999999605119 ], [ 338884.0, 5642546.339023255743086 ], [ 338884.0, 5642543.827753962017596 ], [ 338881.0, 5642543.569714264012873 ], [ 338881.0, 5642546.0 ], [ 338880.0, 5642546.0 ], [ 338880.0, 5642548.0 ], [ 338882.0, 5642548.0 ], [ 338882.0, 5642554.014634866267443 ], [ 338882.777, 5642554.173000000417233 ], [ 338883.0, 5642552.947994638234377 ], [ 338883.0, 5642550.0 ] ] ] ] } },
{ "type": "Feature", "properties": { "DN": 1, "gml_id": "DENW41AL30005bbUFL", "identifier": "urn:adv:oid:DENW41AL30005bbUFL", "aktualit_2": "2024-08-20Z", "idflurst": "DENW41AL30005bbU", "flaeche": 251.0, "flstkennz_": "05468202100373______", "flstnrzae": "373", "flstnrnen": null, "gemarkung": "Horrem", "gemaschl": "054682", "flur": "21", "flurschl": "054682021", "land": "Nordrhein-Westfalen", "landschl": "05", "regbezirk": "Köln", "regbezschl": "053", "kreis": "Rhein-Erft-Kreis", "kreisschl": "05362", "gemeinde": "Kerpen", "gmdschl": "05362032", "abwrecht": "Kein abweichender Rechtszustand", "lagebeztxt": "Herderstraße 12", "tntxt": "Wohnbaufläche;251", "area": 254, "other catc": null, "frag area": 11.6, "final area": 11.6 }, "geometry": { "type": "MultiPolygon", "coordinates": [ [ [ [ 338853.0, 5642541.0 ], [ 338853.0, 5642539.0 ], [ 338852.0, 5642539.0 ], [ 338852.0, 5642538.0 ], [ 338851.0, 5642538.0 ], [ 338851.0, 5642534.0 ], [ 338850.298957097809762, 5642534.0 ], [ 338850.088999999978114, 5642536.932 ], [ 338849.805999999982305, 5642540.875 ], [ 338851.257384311116766, 5642541.0 ], [ 338853.0, 5642541.0 ] ] ] ] } },
{ "type": "Feature", "properties": { "DN": 1, "gml_id": "DENW41AL30005fPaFL", "identifier": "urn:adv:oid:DENW41AL30005fPaFL", "aktualit_2": "2024-08-20Z", "idflurst": "DENW41AL30005fPa", "flaeche": 197.0, "flstkennz_": "054682021000520025__", "flstnrzae": "52", "flstnrnen": "25", "gemarkung": "Horrem", "gemaschl": "054682", "flur": "21", "flurschl": "054682021", "land": "Nordrhein-Westfalen", "landschl": "05", "regbezirk": "Köln", "regbezschl": "053", "kreis": "Rhein-Erft-Kreis", "kreisschl": "05362", "gemeinde": "Kerpen", "gmdschl": "05362032", "abwrecht": "Kein abweichender Rechtszustand", "lagebeztxt": "Adenauerstraße", "tntxt": "Wohnbaufläche;197", "area": 198, "other catc": null, "frag area": 23.4, "final area": 23.4 }, "geometry": { "type": "MultiPolygon", "coordinates": [ [ [ [ 338847.0, 5642543.0 ], [ 338847.0, 5642541.0 ], [ 338848.0, 5642541.0 ], [ 338848.0, 5642542.0 ], [ 338849.725134659849573, 5642542.0 ], [ 338849.805999999982305, 5642540.875 ], [ 338850.088999999978114, 5642536.932 ], [ 338846.0, 5642536.631072430871427 ], [ 338846.0, 5642540.0 ], [ 338845.0, 5642540.0 ], [ 338845.0, 5642543.0 ], [ 338847.0, 5642543.0 ] ] ] ] } },
{ "type": "Feature", "properties": { "DN": 1, "gml_id": "DENW41AL30005XXnFL", "identifier": "urn:adv:oid:DENW41AL30005XXnFL", "aktualit_2": "2024-08-20Z", "idflurst": "DENW41AL30005XXn", "flaeche": 326.0, "flstkennz_": "054682021002190053__", "flstnrzae": "219", "flstnrnen": "53", "gemarkung": "Horrem", "gemaschl": "054682", "flur": "21", "flurschl": "054682021", "land": "Nordrhein-Westfalen", "landschl": "05", "regbezirk": "Köln", "regbezschl": "053", "kreis": "Rhein-Erft-Kreis", "kreisschl": "05362", "gemeinde": "Kerpen", "gmdschl": "05362032", "abwrecht": "Kein abweichender Rechtszustand", "lagebeztxt": "Adenauerstraße 4", "tntxt": "Wohnbaufläche;326", "area": 324, "other catc": null, "frag area": 15.0, "final area": 15.0 }, "geometry": { "type": "MultiPolygon", "coordinates": [ [ [ [ 338919.0, 5642534.0 ], [ 338919.0, 5642533.0 ], [ 338920.0, 5642533.0 ], [ 338920.0, 5642532.0 ], [ 338919.0, 5642532.0 ], [ 338919.0, 5642529.0 ], [ 338917.0, 5642529.0 ], [ 338917.0, 5642530.0 ], [ 338916.0, 5642530.0 ], [ 338916.0, 5642531.0 ], [ 338915.0, 5642531.0 ], [ 338915.0, 5642532.0 ], [ 338916.0, 5642532.0 ], [ 338916.0, 5642533.0 ], [ 338917.0, 5642533.0 ], [ 338917.0, 5642534.0 ], [ 338919.0, 5642534.0 ] ] ] ] } },
{ "type": "Feature", "properties": { "DN": 1, "gml_id": "DENW41AL30005c4KFL", "identifier": "urn:adv:oid:DENW41AL30005c4KFL", "aktualit_2": "2024-08-20Z", "idflurst": "DENW41AL30005c4K", "flaeche": 326.0, "flstkennz_": "054682021002200053__", "flstnrzae": "220", "flstnrnen": "53", "gemarkung": "Horrem", "gemaschl": "054682", "flur": "21", "flurschl": "054682021", "land": "Nordrhein-Westfalen", "landschl": "05", "regbezirk": "Köln", "regbezschl": "053", "kreis": "Rhein-Erft-Kreis", "kreisschl": "05362", "gemeinde": "Kerpen", "gmdschl": "05362032", "abwrecht": "Kein abweichender Rechtszustand", "lagebeztxt": "Adenauerstraße 6", "tntxt": "Wohnbaufläche;326", "area": 324, "other catc": null, "frag area": 15.9, "final area": 15.9 }, "geometry": { "type": "MultiPolygon", "coordinates": [ [ [ [ 338913.0, 5642526.0 ], [ 338912.0, 5642526.0 ], [ 338912.0, 5642525.0 ], [ 338909.0, 5642525.0 ], [ 338909.0, 5642524.0 ], [ 338907.0, 5642524.0 ], [ 338907.0, 5642526.0 ], [ 338904.15589733060915, 5642526.0 ], [ 338904.091000000014901, 5642526.903 ], [ 338904.084037322143558, 5642527.0 ], [ 338913.0, 5642527.0 ], [ 338913.0, 5642526.0 ] ] ] ] } },
{ "type": "Feature", "properties": { "DN": 1, "gml_id": "DENW41AL30005fPaFL", "identifier": "urn:adv:oid:DENW41AL30005fPaFL", "aktualit_2": "2024-08-20Z", "idflurst": "DENW41AL30005fPa", "flaeche": 197.0, "flstkennz_": "054682021000520025__", "flstnrzae": "52", "flstnrnen": "25", "gemarkung": "Horrem", "gemaschl": "054682", "flur": "21", "flurschl": "054682021", "land": "Nordrhein-Westfalen", "landschl": "05", "regbezirk": "Köln", "regbezschl": "053", "kreis": "Rhein-Erft-Kreis", "kreisschl": "05362", "gemeinde": "Kerpen", "gmdschl": "05362032", "abwrecht": "Kein abweichender Rechtszustand", "lagebeztxt": "Adenauerstraße", "tntxt": "Wohnbaufläche;197", "area": 198, "other catc": null, "frag area": 29.5, "final area": 29.5 }, "geometry": { "type": "MultiPolygon", "coordinates": [ [ [ [ 338841.0, 5642547.0 ], [ 338841.0, 5642544.0 ], [ 338840.0, 5642544.0 ], [ 338840.0, 5642543.0 ], [ 338841.0, 5642543.0 ], [ 338841.0, 5642542.0 ], [ 338840.0, 5642542.0 ], [ 338840.0, 5642541.0 ], [ 338841.0, 5642541.0 ], [ 338841.0, 5642536.263100349344313 ], [ 338838.0, 5642536.042317099869251 ], [ 338838.0, 5642538.0 ], [ 338839.0, 5642538.0 ], [ 338839.0, 5642539.0 ], [ 338838.0, 5642539.0 ], [ 338838.0, 5642547.0 ], [ 338841.0, 5642547.0 ] ] ], [ [ [ 338837.424995784938801, 5642536.0 ], [ 338837.194000000017695, 5642535.983 ], [ 338837.192816441005562, 5642536.0 ], [ 338837.424995784938801, 5642536.0 ] ] ] ] } },
{ "type": "Feature", "properties": { "DN": 1, "gml_id": "DENW41AL30005hziFL", "identifier": "urn:adv:oid:DENW41AL30005hziFL", "aktualit_2": "2024-08-20Z", "idflurst": "DENW41AL30005hzi", "flaeche": 304.0, "flstkennz_": "054682021002170053__", "flstnrzae": "217", "flstnrnen": "53", "gemarkung": "Horrem", "gemaschl": "054682", "flur": "21", "flurschl": "054682021", "land": "Nordrhein-Westfalen", "landschl": "05", "regbezirk": "Köln", "regbezschl": "053", "kreis": "Rhein-Erft-Kreis", "kreisschl": "05362", "gemeinde": "Kerpen", "gmdschl": "05362032", "abwrecht": "Kein abweichender Rechtszustand", "lagebeztxt": "Sistenichstraße 40", "tntxt": "Wohnbaufläche;304", "area": 303, "other catc": null, "frag area": 29.3, "final area": 28.7 }, "geometry": { "type": "MultiPolygon", "coordinates": [ [ [ [ 338948.0, 5642520.0 ], [ 338945.0, 5642520.0 ], [ 338945.0, 5642520.862716377712786 ], [ 338947.06528954237001, 5642521.0 ], [ 338948.0, 5642521.0 ], [ 338948.0, 5642520.0 ] ] ], [ [ [ 338945.0, 5642517.0 ], [ 338945.0, 5642514.0 ], [ 338947.0, 5642514.0 ], [ 338947.0, 5642513.0 ], [ 338948.0, 5642513.0 ], [ 338948.0, 5642514.0 ], [ 338951.0, 5642514.0 ], [ 338951.0, 5642516.0 ], [ 338952.0, 5642516.0 ], [ 338952.0, 5642513.0 ], [ 338951.0, 5642513.0 ], [ 338951.0, 5642512.0 ], [ 338944.0, 5642512.0 ], [ 338944.0, 5642515.0 ], [ 338943.0, 5642515.0 ], [ 338943.0, 5642519.0 ], [ 338942.413197245215997, 5642519.0 ], [ 338942.295999999972992, 5642520.662999999709427 ], [ 338942.0, 5642520.641810928471386 ], [ 338942.0, 5642520.663300819694996 ], [ 338944.0, 5642520.796244524419308 ], [ 338944.0, 5642517.0 ], [ 338945.0, 5642517.0 ] ] ] ] } },
{ "type": "Feature", "properties": { "DN": 1, "gml_id": "DENW41AL30005bpPFL", "identifier": "urn:adv:oid:DENW41AL30005bpPFL", "aktualit_2": "2024-08-20Z", "idflurst": "DENW41AL30005bpP", "flaeche": 783.0, "flstkennz_": "05468202100434______", "flstnrzae": "434", "flstnrnen": null, "gemarkung": "Horrem", "gemaschl": "054682", "flur": "21", "flurschl": "054682021", "land": "Nordrhein-Westfalen", "landschl": "05", "regbezirk": "Köln", "regbezschl": "053", "kreis": "Rhein-Erft-Kreis", "kreisschl": "05362", "gemeinde": "Kerpen", "gmdschl": "05362032", "abwrecht": "Kein abweichender Rechtszustand", "lagebeztxt": "Adenauerstraße 24, 26", "tntxt": "Wohnbaufläche;783", "area": 785, "other catc": null, "frag area": 50.0, "final area": 50.0 }, "geometry": { "type": "MultiPolygon", "coordinates": [ [ [ [ 338749.0, 5642513.0 ], [ 338749.0, 5642512.0 ], [ 338751.0, 5642512.0 ], [ 338751.0, 5642511.0 ], [ 338755.0, 5642511.0 ], [ 338755.0, 5642510.0 ], [ 338758.0, 5642510.0 ], [ 338758.0, 5642512.0 ], [ 338768.0, 5642512.0 ], [ 338768.0, 5642511.0 ], [ 338769.0, 5642511.0 ], [ 338769.0, 5642510.0 ], [ 338766.0, 5642510.0 ], [ 338766.0, 5642509.0 ], [ 338756.0, 5642509.0 ], [ 338756.0, 5642508.0 ], [ 338751.0, 5642508.0 ], [ 338751.0, 5642509.0 ], [ 338750.0, 5642509.0 ], [ 338750.0, 5642510.0 ], [ 338749.0, 5642510.0 ], [ 338749.0, 5642511.0 ], [ 338748.0, 5642511.0 ], [ 338748.0, 5642513.0 ], [ 338749.0, 5642513.0 ] ], [ [ 338753.0, 5642509.0 ], [ 338753.0, 5642510.0 ], [ 338751.0, 5642510.0 ], [ 338751.0, 5642509.0 ], [ 338753.0, 5642509.0 ] ] ] ] } },
{ "type": "Feature", "properties": { "DN": 1, "gml_id": "DENW41AL30005ZtpFL", "identifier": "urn:adv:oid:DENW41AL30005ZtpFL", "aktualit_2": "2024-08-20Z", "idflurst": "DENW41AL30005Ztp", "flaeche": 758.0, "flstkennz_": "054682021000520002__", "flstnrzae": "52", "flstnrnen": "2", "gemarkung": "Horrem", "gemaschl": "054682", "flur": "21", "flurschl": "054682021", "land": "Nordrhein-Westfalen", "landschl": "05", "regbezirk": "Köln", "regbezschl": "053", "kreis": "Rhein-Erft-Kreis", "kreisschl": "05362", "gemeinde": "Kerpen", "gmdschl": "05362032", "abwrecht": "Kein abweichender Rechtszustand", "lagebeztxt": "Adenauerstraße 22", "tntxt": "Wohnbaufläche;758", "area": 751, "other catc": null, "frag area": 19.0, "final area": 18.9 }, "geometry": { "type": "MultiPolygon", "coordinates": [ [ [ [ 338787.0, 5642506.0 ], [ 338788.868621324829292, 5642506.0 ], [ 338789.0, 5642504.203961258754134 ], [ 338789.0, 5642501.0 ], [ 338790.0, 5642501.0 ], [ 338790.0, 5642500.0 ], [ 338787.0, 5642500.0 ], [ 338787.0, 5642501.0 ], [ 338786.0, 5642501.0 ], [ 338786.0, 5642507.0 ], [ 338787.0, 5642507.0 ], [ 338787.0, 5642506.0 ] ] ] ] } },
{ "type": "Feature", "properties": { "DN": 1, "gml_id": "DENW41AL30005eO1FL", "identifier": "urn:adv:oid:DENW41AL30005eO1FL", "aktualit_2": "2024-08-20Z", "idflurst": "DENW41AL30005eO1", "flaeche": 426.0, "flstkennz_": "054682021002790052__", "flstnrzae": "279", "flstnrnen": "52", "gemarkung": "Horrem", "gemaschl": "054682", "flur": "21", "flurschl": "054682021", "land": "Nordrhein-Westfalen", "landschl": "05", "regbezirk": "Köln", "regbezschl": "053", "kreis": "Rhein-Erft-Kreis", "kreisschl": "05362", "gemeinde": "Kerpen", "gmdschl": "05362032", "abwrecht": "Kein abweichender Rechtszustand", "lagebeztxt": "Adenauerstraße 16", "tntxt": "Wohnbaufläche;426", "area": 426, "other catc": null, "frag area": 10.8, "final area": 10.8 }, "geometry": { "type": "MultiPolygon", "coordinates": [ [ [ [ 338852.238454531994648, 5642507.0 ], [ 338852.441, 5642504.179999999701977 ], [ 338849.909286336391233, 5642504.0 ], [ 338843.0, 5642504.0 ], [ 338843.0, 5642505.0 ], [ 338851.0, 5642505.0 ], [ 338851.0, 5642506.0 ], [ 338852.0, 5642506.0 ], [ 338852.0, 5642507.0 ], [ 338852.238454531994648, 5642507.0 ] ] ] ] } },
{ "type": "Feature", "properties": { "DN": 1, "gml_id": "DENW41AL30005dAlFL", "identifier": "urn:adv:oid:DENW41AL30005dAlFL", "aktualit_2": "2024-08-20Z", "idflurst": "DENW41AL30005dAl", "flaeche": 253.0, "flstkennz_": "05468202000270______", "flstnrzae": "270", "flstnrnen": null, "gemarkung": "Horrem", "gemaschl": "054682", "flur": "20", "flurschl": "054682020", "land": "Nordrhein-Westfalen", "landschl": "05", "regbezirk": "Köln", "regbezschl": "053", "kreis": "Rhein-Erft-Kreis", "kreisschl": "05362", "gemeinde": "Kerpen", "gmdschl": "05362032", "abwrecht": "Kein abweichender Rechtszustand", "lagebeztxt": "Herderstraße 9", "tntxt": "Wohnbaufläche;253", "area": 253, "other catc": null, "frag area": 34.0, "final area": 34.0 }, "geometry": { "type": "MultiPolygon", "coordinates": [ [ [ [ 338909.0, 5642493.0 ], [ 338909.0, 5642492.0 ], [ 338911.0, 5642492.0 ], [ 338911.0, 5642491.0 ], [ 338912.0, 5642491.0 ], [ 338912.0, 5642484.0 ], [ 338908.0, 5642484.0 ], [ 338908.0, 5642489.0 ], [ 338907.0, 5642489.0 ], [ 338907.0, 5642491.0 ], [ 338908.0, 5642491.0 ], [ 338908.0, 5642493.0 ], [ 338909.0, 5642493.0 ] ] ] ] } },
{ "type": "Feature", "properties": { "DN": 1, "gml_id": "DENW41AL30005eYeFL", "identifier": "urn:adv:oid:DENW41AL30005eYeFL", "aktualit_2": "2024-08-20Z", "idflurst": "DENW41AL30005eYe", "flaeche": 272.0, "flstkennz_": "054682020001580017__", "flstnrzae": "158", "flstnrnen": "17", "gemarkung": "Horrem", "gemaschl": "054682", "flur": "20", "flurschl": "054682020", "land": "Nordrhein-Westfalen", "landschl": "05", "regbezirk": "Köln", "regbezschl": "053", "kreis": "Rhein-Erft-Kreis", "kreisschl": "05362", "gemeinde": "Kerpen", "gmdschl": "05362032", "abwrecht": "Kein abweichender Rechtszustand", "lagebeztxt": "Adenauerstraße 9", "tntxt": "Wohnbaufläche;272", "area": 273, "other catc": null, "frag area": 19.6, "final area": 19.6 }, "geometry": { "type": "MultiPolygon", "coordinates": [ [ [ [ 338930.0, 5642486.0 ], [ 338930.0, 5642484.0 ], [ 338929.0, 5642484.0 ], [ 338929.0, 5642482.0 ], [ 338926.0, 5642482.0 ], [ 338926.0, 5642483.0 ], [ 338923.290113636408933, 5642483.0 ], [ 338923.153750000055879, 5642485.0 ], [ 338924.0, 5642485.0 ], [ 338924.0, 5642484.0 ], [ 338925.0, 5642484.0 ], [ 338925.0, 5642486.0 ], [ 338930.0, 5642486.0 ] ] ] ] } },
{ "type": "Feature", "properties": { "DN": 1, "gml_id": "DENW41AL30005UFqFL", "identifier": "urn:adv:oid:DENW41AL30005UFqFL", "aktualit_2": "2024-08-20Z", "idflurst": "DENW41AL30005UFq", "flaeche": 278.0, "flstkennz_": "054682020001550017__", "flstnrzae": "155", "flstnrnen": "17", "gemarkung": "Horrem", "gemaschl": "054682", "flur": "20", "flurschl": "054682020", "land": "Nordrhein-Westfalen", "landschl": "05", "regbezirk": "Köln", "regbezschl": "053", "kreis": "Rhein-Erft-Kreis", "kreisschl": "05362", "gemeinde": "Kerpen", "gmdschl": "05362032", "abwrecht": "Kein abweichender Rechtszustand", "lagebeztxt": "Adenauerstraße 3", "tntxt": "Wohnbaufläche;278", "area": 285, "other catc": null, "frag area": 41.3, "final area": 37.7 }, "geometry": { "type": "MultiPolygon", "coordinates": [ [ [ [ 338951.0, 5642489.0 ], [ 338952.0, 5642489.0 ], [ 338952.0, 5642488.0 ], [ 338959.0, 5642488.0 ], [ 338959.0, 5642487.0 ], [ 338960.0, 5642487.0 ], [ 338960.0, 5642486.0 ], [ 338959.0, 5642486.0 ], [ 338959.0, 5642485.0 ], [ 338960.0, 5642485.0 ], [ 338960.0, 5642484.0 ], [ 338959.0, 5642484.0 ], [ 338959.0, 5642482.0 ], [ 338960.0, 5642482.0 ], [ 338960.0, 5642480.0 ], [ 338959.0, 5642480.0 ], [ 338959.0, 5642479.0 ], [ 338955.019066546170507, 5642479.0 ], [ 338955.0, 5642479.257329985499382 ], [ 338955.0, 5642480.505819719284773 ], [ 338957.686999999976251, 5642480.705 ], [ 338957.665180473355576, 5642481.0 ], [ 338958.0, 5642481.0 ], [ 338958.0, 5642483.0 ], [ 338957.517251479264814, 5642483.0 ], [ 338957.311999999976251, 5642485.775000000372529 ], [ 338957.0, 5642485.751874962821603 ], [ 338957.0, 5642486.0 ], [ 338954.0, 5642486.0 ], [ 338954.0, 5642485.529518831521273 ], [ 338951.0, 5642485.30716269928962 ], [ 338951.0, 5642488.0 ], [ 338950.473300346406177, 5642488.0 ], [ 338950.340750263596419, 5642490.0 ], [ 338951.0, 5642490.0 ], [ 338951.0, 5642489.0 ] ] ] ] } },
{ "type": "Feature", "properties": { "DN": 1, "gml_id": "DENW41AL30005cRIFL", "identifier": "urn:adv:oid:DENW41AL30005cRIFL", "aktualit_2": "2024-08-20Z", "idflurst": "DENW41AL30005cRI", "flaeche": 276.0, "flstkennz_": "054682020001560017__", "flstnrzae": "156", "flstnrnen": "17", "gemarkung": "Horrem", "gemaschl": "054682", "flur": "20", "flurschl": "054682020", "land": "Nordrhein-Westfalen", "landschl": "05", "regbezirk": "Köln", "regbezschl": "053", "kreis": "Rhein-Erft-Kreis", "kreisschl": "05362", "gemeinde": "Kerpen", "gmdschl": "05362032", "abwrecht": "Kein abweichender Rechtszustand", "lagebeztxt": "Adenauerstraße 5", "tntxt": "Wohnbaufläche;276", "area": 277, "other catc": null, "frag area": 30.9, "final area": 30.1 }, "geometry": { "type": "MultiPolygon", "coordinates": [ [ [ [ 338947.0, 5642482.0 ], [ 338950.891731740674004, 5642482.0 ], [ 338950.965870074403938, 5642481.0 ], [ 338947.0, 5642481.0 ], [ 338947.0, 5642477.0 ], [ 338948.0, 5642477.0 ], [ 338948.0, 5642474.0 ], [ 338945.0, 5642474.0 ], [ 338945.0, 5642478.0 ], [ 338944.0, 5642478.0 ], [ 338944.0, 5642479.0 ], [ 338945.0, 5642479.0 ], [ 338945.0, 5642481.0 ], [ 338944.0, 5642481.0 ], [ 338944.0, 5642482.0 ], [ 338943.0, 5642482.0 ], [ 338943.0, 5642483.0 ], [ 338945.0, 5642483.0 ], [ 338945.0, 5642484.0 ], [ 338946.482362363894936, 5642484.0 ], [ 338946.631, 5642482.126000000163913 ], [ 338947.0, 5642482.152194445021451 ], [ 338947.0, 5642482.0 ] ] ] ] } },
{ "type": "Feature", "properties": { "DN": 1, "gml_id": "DENW41AL30005cEMFL", "identifier": "urn:adv:oid:DENW41AL30005cEMFL", "aktualit_2": "2024-08-20Z", "idflurst": "DENW41AL30005cEM", "flaeche": 274.0, "flstkennz_": "054682020001570017__", "flstnrzae": "157", "flstnrnen": "17", "gemarkung": "Horrem", "gemaschl": "054682", "flur": "20", "flurschl": "054682020", "land": "Nordrhein-Westfalen", "landschl": "05", "regbezirk": "Köln", "regbezschl": "053", "kreis": "Rhein-Erft-Kreis", "kreisschl": "05362", "gemeinde": "Kerpen", "gmdschl": "05362032", "abwrecht": "Kein abweichender Rechtszustand", "lagebeztxt": "Adenauerstraße 7", "tntxt": "Wohnbaufläche;274", "area": 268, "other catc": null, "frag area": 15.2, "final area": 15.2 }, "geometry": { "type": "MultiPolygon", "coordinates": [ [ [ [ 338940.0, 5642472.0 ], [ 338939.0, 5642472.0 ], [ 338939.0, 5642471.0 ], [ 338942.0, 5642471.0 ], [ 338942.0, 5642470.399893750436604 ], [ 338936.433000000019092, 5642470.160000000149012 ], [ 338934.0, 5642470.033477161079645 ], [ 338934.0, 5642472.0 ], [ 338936.0, 5642472.0 ], [ 338936.0, 5642473.0 ], [ 338940.0, 5642473.0 ], [ 338940.0, 5642472.0 ] ] ] ] } },
{ "type": "Feature", "properties": { "DN": 1, "gml_id": "DENW41AL30005ZOmFL", "identifier": "urn:adv:oid:DENW41AL30005ZOmFL", "aktualit_2": "2024-08-20Z", "idflurst": "DENW41AL30005ZOm", "flaeche": 265.0, "flstkennz_": "054682020000980017__", "flstnrzae": "98", "flstnrnen": "17", "gemarkung": "Horrem", "gemaschl": "054682", "flur": "20", "flurschl": "054682020", "land": "Nordrhein-Westfalen", "landschl": "05", "regbezirk": "Köln", "regbezschl": "053", "kreis": "Rhein-Erft-Kreis", "kreisschl": "05362", "gemeinde": "Kerpen", "gmdschl": "05362032", "abwrecht": "Kein abweichender Rechtszustand", "lagebeztxt": "Herderstraße 11", "tntxt": "Wohnbaufläche;265", "area": 265, "other catc": null, "frag area": 39.6, "final area": 39.6 }, "geometry": { "type": "MultiPolygon", "coordinates": [ [ [ [ 338914.390056830365211, 5642478.0 ], [ 338914.526235256285872, 5642476.0 ], [ 338913.0, 5642476.0 ], [ 338913.0, 5642472.0 ], [ 338914.0, 5642472.0 ], [ 338914.0, 5642474.0 ], [ 338914.662413682206534, 5642474.0 ], [ 338914.866681321058422, 5642471.0 ], [ 338914.0, 5642471.0 ], [ 338914.0, 5642470.0 ], [ 338914.934770533989649, 5642470.0 ], [ 338915.0, 5642469.042000000365078 ], [ 338914.197931243805215, 5642469.0 ], [ 338914.0, 5642469.0 ], [ 338914.0, 5642468.989635411649942 ], [ 338910.0, 5642468.780177057720721 ], [ 338910.0, 5642469.0 ], [ 338908.0, 5642469.0 ], [ 338908.0, 5642470.0 ], [ 338910.0, 5642470.0 ], [ 338910.0, 5642471.0 ], [ 338911.0, 5642471.0 ], [ 338911.0, 5642472.0 ], [ 338912.0, 5642472.0 ], [ 338912.0, 5642474.0 ], [ 338911.0, 5642474.0 ], [ 338911.0, 5642475.0 ], [ 338910.0, 5642475.0 ], [ 338910.0, 5642473.0 ], [ 338909.0, 5642473.0 ], [ 338909.0, 5642474.0 ], [ 338908.0, 5642474.0 ], [ 338908.0, 5642476.0 ], [ 338909.0, 5642476.0 ], [ 338909.0, 5642478.0 ], [ 338914.390056830365211, 5642478.0 ] ] ] ] } },
{ "type": "Feature", "properties": { "DN": 1, "gml_id": "DENW41AL30005W51FL", "identifier": "urn:adv:oid:DENW41AL30005W51FL", "aktualit_2": "2024-08-20Z", "idflurst": "DENW41AL30005W51", "flaeche": 408.0, "flstkennz_": "054682020001470016__", "flstnrzae": "147", "flstnrnen": "16", "gemarkung": "Horrem", "gemaschl": "054682", "flur": "20", "flurschl": "054682020", "land": "Nordrhein-Westfalen", "landschl": "05", "regbezirk": "Köln", "regbezschl": "053", "kreis": "Rhein-Erft-Kreis", "kreisschl": "05362", "gemeinde": "Kerpen", "gmdschl": "05362032", "abwrecht": "Kein abweichender Rechtszustand", "lagebeztxt": "Herderstraße 13", "tntxt": "Wohnbaufläche;408", "area": 409, "other catc": null, "frag area": 21.6, "final area": 21.6 }, "geometry": { "type": "MultiPolygon", "coordinates": [ [ [ [ 338914.197931243805215, 5642469.0 ], [ 338915.0, 5642469.042000000365078 ], [ 338915.0, 5642469.0 ], [ 338914.197931243805215, 5642469.0 ] ] ], [ [ [ 338912.0, 5642465.0 ], [ 338912.0, 5642461.0 ], [ 338913.0, 5642461.0 ], [ 338913.0, 5642460.0 ], [ 338911.0, 5642460.0 ], [ 338911.0, 5642466.0 ], [ 338910.0, 5642466.0 ], [ 338910.0, 5642467.0 ], [ 338909.01732396252919, 5642467.0 ], [ 338909.0, 5642467.232473053969443 ], [ 338909.0, 5642468.0 ], [ 338910.0, 5642468.0 ], [ 338910.0, 5642468.780177057720721 ], [ 338914.0, 5642468.989635411649942 ], [ 338914.0, 5642465.0 ], [ 338912.0, 5642465.0 ] ] ] ] } },
{ "type": "Feature", "properties": { "DN": 1, "gml_id": "DENW41AL30005e1RFL", "identifier": "urn:adv:oid:DENW41AL30005e1RFL", "aktualit_2": "2024-08-20Z", "idflurst": "DENW41AL30005e1R", "flaeche": 2994.0, "flstkennz_": "05468202000448______", "flstnrzae": "448", "flstnrnen": null, "gemarkung": "Horrem", "gemaschl": "054682", "flur": "20", "flurschl": "054682020", "land": "Nordrhein-Westfalen", "landschl": "05", "regbezirk": "Köln", "regbezschl": "053", "kreis": "Rhein-Erft-Kreis", "kreisschl": "05362", "gemeinde": "Kerpen", "gmdschl": "05362032", "abwrecht": "Kein abweichender Rechtszustand", "lagebeztxt": "Am grünen Weg 12, 14; Thomas-Mann-Straße 1, 2", "tntxt": "Wohnbaufläche;2994", "area": 2993, "other catc": 1, "frag area": 13.0, "final area": 12.9 }, "geometry": { "type": "MultiPolygon", "coordinates": [ [ [ [ 338809.0, 5642455.0 ], [ 338809.536866028734948, 5642455.0 ], [ 338809.548, 5642454.909 ], [ 338809.969963353883941, 5642451.0 ], [ 338809.0, 5642451.0 ], [ 338809.0, 5642454.0 ], [ 338808.0, 5642454.0 ], [ 338808.0, 5642456.0 ], [ 338807.0, 5642456.0 ], [ 338807.0, 5642457.0 ], [ 338803.127667157037649, 5642457.0 ], [ 338803.098, 5642457.949 ], [ 338803.096413505321834, 5642458.0 ], [ 338809.0, 5642458.0 ], [ 338809.0, 5642455.0 ] ] ] ] } },
{ "type": "Feature", "properties": { "DN": 1, "gml_id": "DENW41AL30005e7ZFL", "identifier": "urn:adv:oid:DENW41AL30005e7ZFL", "aktualit_2": "2024-08-20Z", "idflurst": "DENW41AL30005e7Z", "flaeche": 413.0, "flstkennz_": "054682020001460016__", "flstnrzae": "146", "flstnrnen": "16", "gemarkung": "Horrem", "gemaschl": "054682", "flur": "20", "flurschl": "054682020", "land": "Nordrhein-Westfalen", "landschl": "05", "regbezirk": "Köln", "regbezschl": "053", "kreis": "Rhein-Erft-Kreis", "kreisschl": "05362", "gemeinde": "Kerpen", "gmdschl": "05362032", "abwrecht": "Kein abweichender Rechtszustand", "lagebeztxt": "Herderstraße 15", "tntxt": "Wohnbaufläche;413", "area": 414, "other catc": null, "frag area": 17.9, "final area": 17.0 }, "geometry": { "type": "MultiPolygon", "coordinates": [ [ [ [ 338914.0, 5642453.0 ], [ 338915.0, 5642453.0 ], [ 338915.0, 5642450.0 ], [ 338916.0, 5642450.0 ], [ 338916.0, 5642448.0 ], [ 338915.0, 5642448.0 ], [ 338915.0, 5642446.489160097204149 ], [ 338912.0, 5642446.270786224864423 ], [ 338912.0, 5642446.559298537671566 ], [ 338912.449000000022352, 5642446.592000000178814 ], [ 338912.271876260347199, 5642449.0 ], [ 338913.0, 5642449.0 ], [ 338913.0, 5642450.0 ], [ 338914.0, 5642450.0 ], [ 338914.0, 5642452.0 ], [ 338913.0, 5642452.0 ], [ 338913.0, 5642455.0 ], [ 338914.0, 5642455.0 ], [ 338914.0, 5642453.0 ] ] ] ] } },
{ "type": "Feature", "properties": { "DN": 1, "gml_id": "DENW41AL30005XH4FL", "identifier": "urn:adv:oid:DENW41AL30005XH4FL", "aktualit_2": "2024-08-20Z", "idflurst": "DENW41AL30005XH4", "flaeche": 452.0, "flstkennz_": "054682020001420013__", "flstnrzae": "142", "flstnrnen": "13", "gemarkung": "Horrem", "gemaschl": "054682", "flur": "20", "flurschl": "054682020", "land": "Nordrhein-Westfalen", "landschl": "05", "regbezirk": "Köln", "regbezschl": "053", "kreis": "Rhein-Erft-Kreis", "kreisschl": "05362", "gemeinde": "Kerpen", "gmdschl": "05362032", "abwrecht": "Kein abweichender Rechtszustand", "lagebeztxt": "Herderstraße 19", "tntxt": "Wohnbaufläche;452", "area": 453, "other catc": null, "frag area": 10.0, "final area": 10.0 }, "geometry": { "type": "MultiPolygon", "coordinates": [ [ [ [ 338924.0, 5642433.0 ], [ 338924.0, 5642432.0 ], [ 338925.0, 5642432.0 ], [ 338925.0, 5642431.0 ], [ 338924.0, 5642431.0 ], [ 338924.0, 5642430.0 ], [ 338921.0, 5642430.0 ], [ 338921.0, 5642433.0 ], [ 338924.0, 5642433.0 ] ] ] ] } },
{ "type": "Feature", "properties": { "DN": 1, "gml_id": "DENW41AL30005XH4FL", "identifier": "urn:adv:oid:DENW41AL30005XH4FL", "aktualit_2": "2024-08-20Z", "idflurst": "DENW41AL30005XH4", "flaeche": 452.0, "flstkennz_": "054682020001420013__", "flstnrzae": "142", "flstnrnen": "13", "gemarkung": "Horrem", "gemaschl": "054682", "flur": "20", "flurschl": "054682020", "land": "Nordrhein-Westfalen", "landschl": "05", "regbezirk": "Köln", "regbezschl": "053", "kreis": "Rhein-Erft-Kreis", "kreisschl": "05362", "gemeinde": "Kerpen", "gmdschl": "05362032", "abwrecht": "Kein abweichender Rechtszustand", "lagebeztxt": "Herderstraße 19", "tntxt": "Wohnbaufläche;452", "area": 453, "other catc": null, "frag area": 39.0, "final area": 39.0 }, "geometry": { "type": "MultiPolygon", "coordinates": [ [ [ [ 338917.0, 5642434.0 ], [ 338917.0, 5642430.0 ], [ 338915.0, 5642430.0 ], [ 338915.0, 5642429.0 ], [ 338916.0, 5642429.0 ], [ 338916.0, 5642427.0 ], [ 338917.0, 5642427.0 ], [ 338917.0, 5642426.0 ], [ 338919.0, 5642426.0 ], [ 338919.0, 5642425.0 ], [ 338917.0, 5642425.0 ], [ 338917.0, 5642424.0 ], [ 338915.0, 5642424.0 ], [ 338915.0, 5642425.0 ], [ 338914.0, 5642425.0 ], [ 338914.0, 5642426.0 ], [ 338912.0, 5642426.0 ], [ 338912.0, 5642433.0 ], [ 338916.0, 5642433.0 ], [ 338916.0, 5642434.0 ], [ 338917.0, 5642434.0 ] ] ] ] } },
{ "type": "Feature", "properties": { "DN": 1, "gml_id": "DENW41AL30005fewFL", "identifier": "urn:adv:oid:DENW41AL30005fewFL", "aktualit_2": "2024-08-20Z", "idflurst": "DENW41AL30005few", "flaeche": 323.0, "flstkennz_": "05468202000387______", "flstnrzae": "387", "flstnrnen": null, "gemarkung": "Horrem", "gemaschl": "054682", "flur": "20", "flurschl": "054682020", "land": "Nordrhein-Westfalen", "landschl": "05", "regbezirk": "Köln", "regbezschl": "053", "kreis": "Rhein-Erft-Kreis", "kreisschl": "05362", "gemeinde": "Kerpen", "gmdschl": "05362032", "abwrecht": "Kein abweichender Rechtszustand", "lagebeztxt": "Sistenichstraße 48 a", "tntxt": "Wohnbaufläche;323", "area": 323, "other catc": null, "frag area": 19.1, "final area": 19.1 }, "geometry": { "type": "MultiPolygon", "coordinates": [ [ [ [ 338968.0, 5642421.0 ], [ 338968.0, 5642422.0 ], [ 338967.0, 5642422.0 ], [ 338967.0, 5642423.0 ], [ 338966.0, 5642423.0 ], [ 338966.0, 5642423.731020893901587 ], [ 338973.522, 5642423.843000000342727 ], [ 338973.843999999982771, 5642423.848000000230968 ], [ 338973.982759009464644, 5642421.0 ], [ 338968.0, 5642421.0 ] ] ] ] } },
{ "type": "Feature", "properties": { "DN": 1, "gml_id": "DENW41AL30005ZQTFL", "identifier": "urn:adv:oid:DENW41AL30005ZQTFL", "aktualit_2": "2024-08-20Z", "idflurst": "DENW41AL30005ZQT", "flaeche": 5590.0, "flstkennz_": "05468202000426______", "flstnrzae": "426", "flstnrnen": null, "gemarkung": "Horrem", "gemaschl": "054682", "flur": "20", "flurschl": "054682020", "land": "Nordrhein-Westfalen", "landschl": "05", "regbezirk": "Köln", "regbezschl": "053", "kreis": "Rhein-Erft-Kreis", "kreisschl": "05362", "gemeinde": "Kerpen", "gmdschl": "05362032", "abwrecht": "Kein abweichender Rechtszustand", "lagebeztxt": "Herderstraße 21, 22, 23, 24, 25, 26, 27, 28, 30, 32", "tntxt": "Wohnbaufläche;5590", "area": 5588, "other catc": 1, "frag area": 14.0, "final area": 14.0 }, "geometry": { "type": "MultiPolygon", "coordinates": [ [ [ [ 338919.0, 5642421.0 ], [ 338919.0, 5642419.0 ], [ 338920.0, 5642419.0 ], [ 338920.0, 5642418.0 ], [ 338919.0, 5642418.0 ], [ 338919.0, 5642415.0 ], [ 338917.0, 5642415.0 ], [ 338917.0, 5642420.0 ], [ 338916.0, 5642420.0 ], [ 338916.0, 5642421.0 ], [ 338919.0, 5642421.0 ] ] ] ] } },
{ "type": "Feature", "properties": { "DN": 1, "gml_id": "DENW41AL30005ZQTFL", "identifier": "urn:adv:oid:DENW41AL30005ZQTFL", "aktualit_2": "2024-08-20Z", "idflurst": "DENW41AL30005ZQT", "flaeche": 5590.0, "flstkennz_": "05468202000426______", "flstnrzae": "426", "flstnrnen": null, "gemarkung": "Horrem", "gemaschl": "054682", "flur": "20", "flurschl": "054682020", "land": "Nordrhein-Westfalen", "landschl": "05", "regbezirk": "Köln", "regbezschl": "053", "kreis": "Rhein-Erft-Kreis", "kreisschl": "05362", "gemeinde": "Kerpen", "gmdschl": "05362032", "abwrecht": "Kein abweichender Rechtszustand", "lagebeztxt": "Herderstraße 21, 22, 23, 24, 25, 26, 27, 28, 30, 32", "tntxt": "Wohnbaufläche;5590", "area": 5588, "other catc": 1, "frag area": 100.3, "final area": 98.7 }, "geometry": { "type": "MultiPolygon", "coordinates": [ [ [ [ 338858.0, 5642426.0 ], [ 338859.0, 5642426.0 ], [ 338859.0, 5642427.0 ], [ 338861.0, 5642427.0 ], [ 338861.0, 5642426.0 ], [ 338861.499269891530275, 5642426.0 ], [ 338862.0, 5642419.905832187272608 ], [ 338862.0, 5642418.0 ], [ 338867.0, 5642418.0 ], [ 338867.0, 5642417.0 ], [ 338862.0, 5642417.0 ], [ 338862.0, 5642416.0 ], [ 338861.0, 5642416.0 ], [ 338861.0, 5642415.0 ], [ 338860.0, 5642415.0 ], [ 338860.0, 5642410.0 ], [ 338857.340969846816733, 5642410.0 ], [ 338857.0, 5642414.094146610237658 ], [ 338857.0, 5642415.0 ], [ 338856.924558468279429, 5642415.0 ], [ 338856.884000000020023, 5642415.486999999731779 ], [ 338854.0, 5642415.244204454123974 ], [ 338854.0, 5642416.0 ], [ 338855.0, 5642416.0 ], [ 338855.0, 5642419.0 ], [ 338856.0, 5642419.0 ], [ 338856.0, 5642420.0 ], [ 338855.0, 5642420.0 ], [ 338855.0, 5642424.0 ], [ 338854.0, 5642424.0 ], [ 338854.0, 5642426.0 ], [ 338856.0, 5642426.0 ], [ 338856.0, 5642427.0 ], [ 338858.0, 5642427.0 ], [ 338858.0, 5642426.0 ] ] ] ] } },
{ "type": "Feature", "properties": { "DN": 1, "gml_id": "DENW41AL30005ZQTFL", "identifier": "urn:adv:oid:DENW41AL30005ZQTFL", "aktualit_2": "2024-08-20Z", "idflurst": "DENW41AL30005ZQT", "flaeche": 5590.0, "flstkennz_": "05468202000426______", "flstnrzae": "426", "flstnrnen": null, "gemarkung": "Horrem", "gemaschl": "054682", "flur": "20", "flurschl": "054682020", "land": "Nordrhein-Westfalen", "landschl": "05", "regbezirk": "Köln", "regbezschl": "053", "kreis": "Rhein-Erft-Kreis", "kreisschl": "05362", "gemeinde": "Kerpen", "gmdschl": "05362032", "abwrecht": "Kein abweichender Rechtszustand", "lagebeztxt": "Herderstraße 21, 22, 23, 24, 25, 26, 27, 28, 30, 32", "tntxt": "Wohnbaufläche;5590", "area": 5588, "other catc": 1, "frag area": 10.0, "final area": 10.0 }, "geometry": { "type": "MultiPolygon", "coordinates": [ [ [ [ 338877.0, 5642417.0 ], [ 338877.0, 5642411.0 ], [ 338876.0, 5642411.0 ], [ 338876.0, 5642412.0 ], [ 338875.0, 5642412.0 ], [ 338875.0, 5642414.0 ], [ 338874.0, 5642414.0 ], [ 338874.0, 5642415.0 ], [ 338876.0, 5642415.0 ], [ 338876.0, 5642417.0 ], [ 338877.0, 5642417.0 ] ] ] ] } },
{ "type": "Feature", "properties": { "DN": 1, "gml_id": "DENW41AL30005h8pFL", "identifier": "urn:adv:oid:DENW41AL30005h8pFL", "aktualit_2": "2024-08-20Z", "idflurst": "DENW41AL30005h8p", "flaeche": 192.0, "flstkennz_": "05468202000388______", "flstnrzae": "388", "flstnrnen": null, "gemarkung": "Horrem", "gemaschl": "054682", "flur": "20", "flurschl": "054682020", "land": "Nordrhein-Westfalen", "landschl": "05", "regbezirk": "Köln", "regbezschl": "053", "kreis": "Rhein-Erft-Kreis", "kreisschl": "05362", "gemeinde": "Kerpen", "gmdschl": "05362032", "abwrecht": "Kein abweichender Rechtszustand", "lagebeztxt": "Sistenichstraße 48 b", "tntxt": "Wohnbaufläche;192", "area": 192, "other catc": null, "frag area": 12.0, "final area": 12.0 }, "geometry": { "type": "MultiPolygon", "coordinates": [ [ [ [ 338946.0, 5642412.0 ], [ 338946.0, 5642411.0 ], [ 338947.0, 5642411.0 ], [ 338947.0, 5642410.0 ], [ 338948.0, 5642410.0 ], [ 338948.0, 5642409.0 ], [ 338946.0, 5642409.0 ], [ 338946.0, 5642408.0 ], [ 338945.0, 5642408.0 ], [ 338945.0, 5642407.0 ], [ 338944.0, 5642407.0 ], [ 338944.0, 5642412.0 ], [ 338946.0, 5642412.0 ] ] ] ] } },
{ "type": "Feature", "properties": { "DN": 1, "gml_id": "DENW41AL30005bFsFL", "identifier": "urn:adv:oid:DENW41AL30005bFsFL", "aktualit_2": "2024-08-20Z", "idflurst": "DENW41AL30005bFs", "flaeche": 179.0, "flstkennz_": "05468202000361______", "flstnrzae": "361", "flstnrnen": null, "gemarkung": "Horrem", "gemaschl": "054682", "flur": "20", "flurschl": "054682020", "land": "Nordrhein-Westfalen", "landschl": "05", "regbezirk": "Köln", "regbezschl": "053", "kreis": "Rhein-Erft-Kreis", "kreisschl": "05362", "gemeinde": "Kerpen", "gmdschl": "05362032", "abwrecht": "Kein abweichender Rechtszustand", "lagebeztxt": "Am grünen Weg 21", "tntxt": "Wohnbaufläche;179", "area": 179, "other catc": 1, "frag area": 15.4, "final area": 15.4 }, "geometry": { "type": "MultiPolygon", "coordinates": [ [ [ [ 338840.0, 5642409.0 ], [ 338841.0, 5642409.0 ], [ 338841.0, 5642408.0 ], [ 338842.0, 5642408.0 ], [ 338842.0, 5642406.0 ], [ 338843.0, 5642406.0 ], [ 338843.0, 5642405.0 ], [ 338844.0, 5642405.0 ], [ 338844.0, 5642403.644406072795391 ], [ 338842.0, 5642403.479083188809454 ], [ 338842.0, 5642404.0 ], [ 338841.0, 5642404.0 ], [ 338841.0, 5642405.0 ], [ 338840.0, 5642405.0 ], [ 338840.0, 5642406.0 ], [ 338839.0, 5642406.0 ], [ 338839.0, 5642409.456627347506583 ], [ 338840.0, 5642409.539197363890707 ], [ 338840.0, 5642409.0 ] ] ] ] } },
{ "type": "Feature", "properties": { "DN": 1, "gml_id": "DENW41AL30005ZQTFL", "identifier": "urn:adv:oid:DENW41AL30005ZQTFL", "aktualit_2": "2024-08-20Z", "idflurst": "DENW41AL30005ZQT", "flaeche": 5590.0, "flstkennz_": "05468202000426______", "flstnrzae": "426", "flstnrnen": null, "gemarkung": "Horrem", "gemaschl": "054682", "flur": "20", "flurschl": "054682020", "land": "Nordrhein-Westfalen", "landschl": "05", "regbezirk": "Köln", "regbezschl": "053", "kreis": "Rhein-Erft-Kreis", "kreisschl": "05362", "gemeinde": "Kerpen", "gmdschl": "05362032", "abwrecht": "Kein abweichender Rechtszustand", "lagebeztxt": "Herderstraße 21, 22, 23, 24, 25, 26, 27, 28, 30, 32", "tntxt": "Wohnbaufläche;5590", "area": 5588, "other catc": 1, "frag area": 71.0, "final area": 69.6 }, "geometry": { "type": "MultiPolygon", "coordinates": [ [ [ [ 338877.0, 5642405.0 ], [ 338878.0, 5642405.0 ], [ 338878.0, 5642402.0 ], [ 338880.0, 5642402.0 ], [ 338880.0, 5642401.0 ], [ 338882.0, 5642401.0 ], [ 338882.0, 5642400.0 ], [ 338874.0, 5642400.0 ], [ 338874.0, 5642399.0 ], [ 338873.0, 5642399.0 ], [ 338873.0, 5642398.0 ], [ 338871.0, 5642398.0 ], [ 338871.0, 5642397.0 ], [ 338869.494077410548925, 5642397.0 ], [ 338869.0, 5642402.77469312120229 ], [ 338869.0, 5642405.0 ], [ 338872.0, 5642405.0 ], [ 338872.0, 5642406.0 ], [ 338874.0, 5642406.0 ], [ 338874.0, 5642404.0 ], [ 338875.0, 5642404.0 ], [ 338875.0, 5642405.0 ], [ 338876.0, 5642405.0 ], [ 338876.0, 5642406.0 ], [ 338875.0, 5642406.0 ], [ 338875.0, 5642409.0 ], [ 338876.0, 5642409.0 ], [ 338876.0, 5642410.0 ], [ 338877.0, 5642410.0 ], [ 338877.0, 5642405.0 ] ] ] ] } },
{ "type": "Feature", "properties": { "DN": 1, "gml_id": "DENW41AL30005UzcFL", "identifier": "urn:adv:oid:DENW41AL30005UzcFL", "aktualit_2": "2024-08-20Z", "idflurst": "DENW41AL30005Uzc", "flaeche": 192.0, "flstkennz_": "05468202000390______", "flstnrzae": "390", "flstnrnen": null, "gemarkung": "Horrem", "gemaschl": "054682", "flur": "20", "flurschl": "054682020", "land": "Nordrhein-Westfalen", "landschl": "05", "regbezirk": "Köln", "regbezschl": "053", "kreis": "Rhein-Erft-Kreis", "kreisschl": "05362", "gemeinde": "Kerpen", "gmdschl": "05362032", "abwrecht": "Kein abweichender Rechtszustand", "lagebeztxt": "Sistenichstraße 50", "tntxt": "Wohnbaufläche;192", "area": 192, "other catc": 1, "frag area": 11.7, "final area": 11.7 }, "geometry": { "type": "MultiPolygon", "coordinates": [ [ [ [ 338951.0, 5642399.0 ], [ 338952.0, 5642399.0 ], [ 338952.0, 5642398.0 ], [ 338953.0, 5642398.0 ], [ 338953.0, 5642396.0 ], [ 338950.0, 5642396.0 ], [ 338950.0, 5642398.0 ], [ 338949.0, 5642398.0 ], [ 338949.0, 5642400.28322893101722 ], [ 338951.0, 5642400.376744941808283 ], [ 338951.0, 5642399.0 ] ] ] ] } },
{ "type": "Feature", "properties": { "DN": 1, "gml_id": "DENW41AL30005YsqFL", "identifier": "urn:adv:oid:DENW41AL30005YsqFL", "aktualit_2": "2024-08-20Z", "idflurst": "DENW41AL30005Ysq", "flaeche": 192.0, "flstkennz_": "05468202000389______", "flstnrzae": "389", "flstnrnen": null, "gemarkung": "Horrem", "gemaschl": "054682", "flur": "20", "flurschl": "054682020", "land": "Nordrhein-Westfalen", "landschl": "05", "regbezirk": "Köln", "regbezschl": "053", "kreis": "Rhein-Erft-Kreis", "kreisschl": "05362", "gemeinde": "Kerpen", "gmdschl": "05362032", "abwrecht": "Kein abweichender Rechtszustand", "lagebeztxt": "Sistenichstraße 48 c", "tntxt": "Wohnbaufläche;192", "area": 192, "other catc": null, "frag area": 10.3, "final area": 10.3 }, "geometry": { "type": "MultiPolygon", "coordinates": [ [ [ [ 338950.0, 5642404.0 ], [ 338950.0, 5642403.0 ], [ 338949.0, 5642403.0 ], [ 338949.0, 5642402.0 ], [ 338951.0, 5642402.0 ], [ 338951.0, 5642400.376744941808283 ], [ 338949.0, 5642400.28322893101722 ], [ 338949.0, 5642401.0 ], [ 338948.0, 5642401.0 ], [ 338948.0, 5642402.0 ], [ 338947.0, 5642402.0 ], [ 338947.0, 5642403.0 ], [ 338946.0, 5642403.0 ], [ 338946.0, 5642404.0 ], [ 338950.0, 5642404.0 ] ] ] ] } },
{ "type": "Feature", "properties": { "DN": 1, "gml_id": "DENW41AL30005UzcFL", "identifier": "urn:adv:oid:DENW41AL30005UzcFL", "aktualit_2": "2024-08-20Z", "idflurst": "DENW41AL30005Uzc", "flaeche": 192.0, "flstkennz_": "05468202000390______", "flstnrzae": "390", "flstnrnen": null, "gemarkung": "Horrem", "gemaschl": "054682", "flur": "20", "flurschl": "054682020", "land": "Nordrhein-Westfalen", "landschl": "05", "regbezirk": "Köln", "regbezschl": "053", "kreis": "Rhein-Erft-Kreis", "kreisschl": "05362", "gemeinde": "Kerpen", "gmdschl": "05362032", "abwrecht": "Kein abweichender Rechtszustand", "lagebeztxt": "Sistenichstraße 50", "tntxt": "Wohnbaufläche;192", "area": 192, "other catc": 1, "frag area": 18.2, "final area": 18.2 }, "geometry": { "type": "MultiPolygon", "coordinates": [ [ [ [ 338975.0, 5642396.0 ], [ 338974.0, 5642396.0 ], [ 338974.0, 5642395.234133221209049 ], [ 338972.0, 5642395.140832517296076 ], [ 338972.0, 5642399.0 ], [ 338971.0, 5642399.0 ], [ 338971.0, 5642401.311953256838024 ], [ 338974.916000000026543, 5642401.495000000111759 ], [ 338975.0, 5642399.775079208426178 ], [ 338975.0, 5642396.0 ] ], [ [ 338973.0, 5642399.0 ], [ 338973.0, 5642401.0 ], [ 338972.0, 5642401.0 ], [ 338972.0, 5642399.0 ], [ 338973.0, 5642399.0 ] ] ] ] } },
{ "type": "Feature", "properties": { "DN": 1, "gml_id": "DENW41AL30005h8pFL", "identifier": "urn:adv:oid:DENW41AL30005h8pFL", "aktualit_2": "2024-08-20Z", "idflurst": "DENW41AL30005h8p", "flaeche": 192.0, "flstkennz_": "05468202000388______", "flstnrzae": "388", "flstnrnen": null, "gemarkung": "Horrem", "gemaschl": "054682", "flur": "20", "flurschl": "054682020", "land": "Nordrhein-Westfalen", "landschl": "05", "regbezirk": "Köln", "regbezschl": "053", "kreis": "Rhein-Erft-Kreis", "kreisschl": "05362", "gemeinde": "Kerpen", "gmdschl": "05362032", "abwrecht": "Kein abweichender Rechtszustand", "lagebeztxt": "Sistenichstraße 48 b", "tntxt": "Wohnbaufläche;192", "area": 192, "other catc": null, "frag area": 29.7, "final area": 29.7 }, "geometry": { "type": "MultiPolygon", "coordinates": [ [ [ [ 338972.0, 5642413.0 ], [ 338974.0, 5642413.0 ], [ 338974.0, 5642410.0 ], [ 338974.510031863523182, 5642410.0 ], [ 338974.617000000027474, 5642407.700000000186265 ], [ 338969.0, 5642407.43549504969269 ], [ 338969.0, 5642413.661235151812434 ], [ 338972.0, 5642413.803557701408863 ], [ 338972.0, 5642413.0 ] ], [ [ 338973.0, 5642408.0 ], [ 338974.0, 5642408.0 ], [ 338974.0, 5642409.0 ], [ 338973.0, 5642409.0 ], [ 338973.0, 5642408.0 ] ] ] ] } },
{ "type": "Feature", "properties": { "DN": 1, "gml_id": "DENW41AL30005YsqFL", "identifier": "urn:adv:oid:DENW41AL30005YsqFL", "aktualit_2": "2024-08-20Z", "idflurst": "DENW41AL30005Ysq", "flaeche": 192.0, "flstkennz_": "05468202000389______", "flstnrzae": "389", "flstnrnen": null, "gemarkung": "Horrem", "gemaschl": "054682", "flur": "20", "flurschl": "054682020", "land": "Nordrhein-Westfalen", "landschl": "05", "regbezirk": "Köln", "regbezschl": "053", "kreis": "Rhein-Erft-Kreis", "kreisschl": "05362", "gemeinde": "Kerpen", "gmdschl": "05362032", "abwrecht": "Kein abweichender Rechtszustand", "lagebeztxt": "Sistenichstraße 48 c", "tntxt": "Wohnbaufläche;192", "area": 192, "other catc": null, "frag area": 31.4, "final area": 31.4 }, "geometry": { "type": "MultiPolygon", "coordinates": [ [ [ [ 338971.0, 5642403.0 ], [ 338970.0, 5642403.0 ], [ 338970.0, 5642404.0 ], [ 338969.0, 5642404.0 ], [ 338969.0, 5642407.43549504969269 ], [ 338974.617000000027474, 5642407.700000000186265 ], [ 338974.916000000026543, 5642401.495000000111759 ], [ 338971.0, 5642401.311953256838024 ], [ 338971.0, 5642403.0 ] ] ] ] } },
{ "type": "Feature", "properties": { "DN": 1, "gml_id": "DENW41AL30005dEXFL", "identifier": "urn:adv:oid:DENW41AL30005dEXFL", "aktualit_2": "2024-08-20Z", "idflurst": "DENW41AL30005dEX", "flaeche": 1249.0, "flstkennz_": "05468202000437______", "flstnrzae": "437", "flstnrnen": null, "gemarkung": "Horrem", "gemaschl": "054682", "flur": "20", "flurschl": "054682020", "land": "Nordrhein-Westfalen", "landschl": "05", "regbezirk": "Köln", "regbezschl": "053", "kreis": "Rhein-Erft-Kreis", "kreisschl": "05362", "gemeinde": "Kerpen", "gmdschl": "05362032", "abwrecht": "Kein abweichender Rechtszustand", "lagebeztxt": "An der Malzmühle 3, 5", "tntxt": "Wohnbaufläche;1249", "area": 1250, "other catc": 1, "frag area": 63.2, "final area": 63.2 }, "geometry": { "type": "MultiPolygon", "coordinates": [ [ [ [ 339084.0, 5642395.0 ], [ 339083.0, 5642395.0 ], [ 339083.0, 5642394.0 ], [ 339082.0, 5642394.0 ], [ 339082.0, 5642392.0 ], [ 339076.0, 5642392.0 ], [ 339076.0, 5642393.0 ], [ 339074.0, 5642393.0 ], [ 339074.0, 5642392.0 ], [ 339073.0, 5642392.0 ], [ 339073.0, 5642393.0 ], [ 339071.0, 5642393.0 ], [ 339071.0, 5642394.0 ], [ 339070.0, 5642394.0 ], [ 339070.0, 5642393.0 ], [ 339069.0, 5642393.0 ], [ 339069.0, 5642392.0 ], [ 339063.0, 5642392.0 ], [ 339063.0, 5642395.518590579740703 ], [ 339063.38900000002468, 5642395.519999999552965 ], [ 339084.0, 5642395.644891741685569 ], [ 339084.0, 5642395.0 ] ] ] ] } },
{ "type": "Feature", "properties": { "DN": 1, "gml_id": "DENW41AL30005Yl6FL", "identifier": "urn:adv:oid:DENW41AL30005Yl6FL", "aktualit_2": "2024-08-20Z", "idflurst": "DENW41AL30005Yl6", "flaeche": 612.0, "flstkennz_": "05468202000383______", "flstnrzae": "383", "flstnrnen": null, "gemarkung": "Horrem", "gemaschl": "054682", "flur": "20", "flurschl": "054682020", "land": "Nordrhein-Westfalen", "landschl": "05", "regbezirk": "Köln", "regbezschl": "053", "kreis": "Rhein-Erft-Kreis", "kreisschl": "05362", "gemeinde": "Kerpen", "gmdschl": "05362032", "abwrecht": "Kein abweichender Rechtszustand", "lagebeztxt": "An der Malzmühle 13", "tntxt": "Wohnbaufläche;612", "area": 614, "other catc": 1, "frag area": 15.2, "final area": 14.3 }, "geometry": { "type": "MultiPolygon", "coordinates": [ [ [ [ 339026.0, 5642394.0 ], [ 339023.0, 5642394.0 ], [ 339023.0, 5642393.0 ], [ 339021.969934825261589, 5642393.0 ], [ 339021.973999999987427, 5642393.167000000365078 ], [ 339016.871999999973923, 5642393.182 ], [ 339016.901123301009648, 5642395.0 ], [ 339026.0, 5642395.0 ], [ 339026.0, 5642394.0 ] ] ] ] } },
{ "type": "Feature", "properties": { "DN": 1, "gml_id": "DENW41AL30005ZEgFL", "identifier": "urn:adv:oid:DENW41AL30005ZEgFL", "aktualit_2": "2024-08-20Z", "idflurst": "DENW41AL30005ZEg", "flaeche": 701.0, "flstkennz_": "05468202000338______", "flstnrzae": "338", "flstnrnen": null, "gemarkung": "Horrem", "gemaschl": "054682", "flur": "20", "flurschl": "054682020", "land": "Nordrhein-Westfalen", "landschl": "05", "regbezirk": "Köln", "regbezschl": "053", "kreis": "Rhein-Erft-Kreis", "kreisschl": "05362", "gemeinde": "Kerpen", "gmdschl": "05362032", "abwrecht": "Kein abweichender Rechtszustand", "lagebeztxt": "An der Malzmühle 11", "tntxt": "Wohnbaufläche;701", "area": 700, "other catc": 1, "frag area": 59.0, "final area": 59.0 }, "geometry": { "type": "MultiPolygon", "coordinates": [ [ [ [ 339062.0, 5642393.0 ], [ 339058.0, 5642393.0 ], [ 339058.0, 5642392.0 ], [ 339054.0, 5642392.0 ], [ 339054.0, 5642393.0 ], [ 339051.0, 5642393.0 ], [ 339051.0, 5642392.0 ], [ 339047.0, 5642392.0 ], [ 339047.0, 5642393.0 ], [ 339046.0, 5642393.0 ], [ 339046.0, 5642392.0 ], [ 339041.0, 5642392.0 ], [ 339041.0, 5642391.0 ], [ 339040.0, 5642391.0 ], [ 339040.0, 5642392.0 ], [ 339039.0, 5642392.0 ], [ 339039.0, 5642393.0 ], [ 339040.0, 5642393.0 ], [ 339040.0, 5642394.0 ], [ 339042.0, 5642394.0 ], [ 339042.0, 5642395.0 ], [ 339060.0, 5642395.0 ], [ 339060.0, 5642395.501837491057813 ], [ 339062.0, 5642395.513678575865924 ], [ 339062.0, 5642393.0 ] ] ] ] } },
{ "type": "Feature", "properties": { "DN": 1, "gml_id": "DENW41AL30005ZQTFL", "identifier": "urn:adv:oid:DENW41AL30005ZQTFL", "aktualit_2": "2024-08-20Z", "idflurst": "DENW41AL30005ZQT", "flaeche": 5590.0, "flstkennz_": "05468202000426______", "flstnrzae": "426", "flstnrnen": null, "gemarkung": "Horrem", "gemaschl": "054682", "flur": "20", "flurschl": "054682020", "land": "Nordrhein-Westfalen", "landschl": "05", "regbezirk": "Köln", "regbezschl": "053", "kreis": "Rhein-Erft-Kreis", "kreisschl": "05362", "gemeinde": "Kerpen", "gmdschl": "05362032", "abwrecht": "Kein abweichender Rechtszustand", "lagebeztxt": "Herderstraße 21, 22, 23, 24, 25, 26, 27, 28, 30, 32", "tntxt": "Wohnbaufläche;5590", "area": 5588, "other catc": 1, "frag area": 30.0, "final area": 30.0 }, "geometry": { "type": "MultiPolygon", "coordinates": [ [ [ [ 338940.0, 5642400.0 ], [ 338940.0, 5642399.0 ], [ 338939.0, 5642399.0 ], [ 338939.0, 5642391.0 ], [ 338938.0, 5642391.0 ], [ 338938.0, 5642389.0 ], [ 338939.0, 5642389.0 ], [ 338939.0, 5642387.0 ], [ 338940.0, 5642387.0 ], [ 338940.0, 5642384.0 ], [ 338938.0, 5642384.0 ], [ 338938.0, 5642388.0 ], [ 338937.0, 5642388.0 ], [ 338937.0, 5642400.0 ], [ 338940.0, 5642400.0 ] ] ] ] } },
{ "type": "Feature", "properties": { "DN": 1, "gml_id": "DENW41AL30005VktFL", "identifier": "urn:adv:oid:DENW41AL30005VktFL", "aktualit_2": "2024-08-20Z", "idflurst": "DENW41AL30005Vkt", "flaeche": 192.0, "flstkennz_": "05468202000391______", "flstnrzae": "391", "flstnrnen": null, "gemarkung": "Horrem", "gemaschl": "054682", "flur": "20", "flurschl": "054682020", "land": "Nordrhein-Westfalen", "landschl": "05", "regbezirk": "Köln", "regbezschl": "053", "kreis": "Rhein-Erft-Kreis", "kreisschl": "05362", "gemeinde": "Kerpen", "gmdschl": "05362032", "abwrecht": "Kein abweichender Rechtszustand", "lagebeztxt": "Sistenichstraße 50 a", "tntxt": "Wohnbaufläche;192", "area": 192, "other catc": 1, "frag area": 10.1, "final area": 10.1 }, "geometry": { "type": "MultiPolygon", "coordinates": [ [ [ [ 338974.0, 5642393.0 ], [ 338974.0, 5642392.0 ], [ 338975.0, 5642392.0 ], [ 338975.0, 5642389.052904703654349 ], [ 338972.0, 5642388.913625534623861 ], [ 338972.0, 5642392.0 ], [ 338973.0, 5642392.0 ], [ 338973.0, 5642393.0 ], [ 338974.0, 5642393.0 ] ] ] ] } },
{ "type": "Feature", "properties": { "DN": 1, "gml_id": "DENW41AL30005aLIFL", "identifier": "urn:adv:oid:DENW41AL30005aLIFL", "aktualit_2": "2024-08-20Z", "idflurst": "DENW41AL30005aLI", "flaeche": 192.0, "flstkennz_": "05468202000392______", "flstnrzae": "392", "flstnrnen": null, "gemarkung": "Horrem", "gemaschl": "054682", "flur": "20", "flurschl": "054682020", "land": "Nordrhein-Westfalen", "landschl": "05", "regbezirk": "Köln", "regbezschl": "053", "kreis": "Rhein-Erft-Kreis", "kreisschl": "05362", "gemeinde": "Kerpen", "gmdschl": "05362032", "abwrecht": "Kein abweichender Rechtszustand", "lagebeztxt": "Sistenichstraße 50 b", "tntxt": "Wohnbaufläche;192", "area": 192, "other catc": 1, "frag area": 10.7, "final area": 10.7 }, "geometry": { "type": "MultiPolygon", "coordinates": [ [ [ [ 338975.0, 5642389.0 ], [ 338975.522760032210499, 5642389.0 ], [ 338975.669254794484004, 5642386.0 ], [ 338972.0, 5642386.0 ], [ 338972.0, 5642388.913625534623861 ], [ 338975.0, 5642389.052904703654349 ], [ 338975.0, 5642389.0 ] ] ] ] } },
{ "type": "Feature", "properties": { "DN": 1, "gml_id": "DENW41AL30005eZPFL", "identifier": "urn:adv:oid:DENW41AL30005eZPFL", "aktualit_2": "2024-08-20Z", "idflurst": "DENW41AL30005eZP", "flaeche": 177.0, "flstkennz_": "05468202000364______", "flstnrzae": "364", "flstnrnen": null, "gemarkung": "Horrem", "gemaschl": "054682", "flur": "20", "flurschl": "054682020", "land": "Nordrhein-Westfalen", "landschl": "05", "regbezirk": "Köln", "regbezschl": "053", "kreis": "Rhein-Erft-Kreis", "kreisschl": "05362", "gemeinde": "Kerpen", "gmdschl": "05362032", "abwrecht": "Kein abweichender Rechtszustand", "lagebeztxt": "Am grünen Weg 27", "tntxt": "Wohnbaufläche;177", "area": 177, "other catc": 1, "frag area": 10.0, "final area": 10.0 }, "geometry": { "type": "MultiPolygon", "coordinates": [ [ [ [ 338848.0, 5642391.0 ], [ 338848.0, 5642390.0 ], [ 338849.0, 5642390.0 ], [ 338849.0, 5642388.0 ], [ 338848.0, 5642388.0 ], [ 338848.0, 5642387.0 ], [ 338849.0, 5642387.0 ], [ 338849.0, 5642386.0 ], [ 338847.0, 5642386.0 ], [ 338847.0, 5642390.0 ], [ 338845.0, 5642390.0 ], [ 338845.0, 5642391.0 ], [ 338848.0, 5642391.0 ] ] ] ] } },
{ "type": "Feature", "properties": { "DN": 1, "gml_id": "DENW41AL30005dvSFL", "identifier": "urn:adv:oid:DENW41AL30005dvSFL", "aktualit_2": "2024-08-20Z", "idflurst": "DENW41AL30005dvS", "flaeche": 306.0, "flstkennz_": "05468202000365______", "flstnrzae": "365", "flstnrnen": null, "gemarkung": "Horrem", "gemaschl": "054682", "flur": "20", "flurschl": "054682020", "land": "Nordrhein-Westfalen", "landschl": "05", "regbezirk": "Köln", "regbezschl": "053", "kreis": "Rhein-Erft-Kreis", "kreisschl": "05362", "gemeinde": "Kerpen", "gmdschl": "05362032", "abwrecht": "Kein abweichender Rechtszustand", "lagebeztxt": "Am grünen Weg 29", "tntxt": "Wohnbaufläche;306", "area": 306, "other catc": 1, "frag area": 27.0, "final area": 27.0 }, "geometry": { "type": "MultiPolygon", "coordinates": [ [ [ [ 338850.0, 5642384.0 ], [ 338850.0, 5642382.0 ], [ 338849.0, 5642382.0 ], [ 338849.0, 5642380.0 ], [ 338850.0, 5642380.0 ], [ 338850.0, 5642379.0 ], [ 338851.0, 5642379.0 ], [ 338851.0, 5642378.0 ], [ 338853.983320100640412, 5642378.0 ], [ 338854.0, 5642377.799111111089587 ], [ 338854.0, 5642375.0 ], [ 338853.0, 5642375.0 ], [ 338853.0, 5642376.0 ], [ 338851.0, 5642376.0 ], [ 338851.0, 5642375.0 ], [ 338849.0, 5642375.0 ], [ 338849.0, 5642378.0 ], [ 338848.0, 5642378.0 ], [ 338848.0, 5642379.0 ], [ 338847.0, 5642379.0 ], [ 338847.0, 5642382.0 ], [ 338848.0, 5642382.0 ], [ 338848.0, 5642384.0 ], [ 338850.0, 5642384.0 ] ] ] ] } },
{ "type": "Feature", "properties": { "DN": 1, "gml_id": "DENW41AL30005ZEgFL", "identifier": "urn:adv:oid:DENW41AL30005ZEgFL", "aktualit_2": "2024-08-20Z", "idflurst": "DENW41AL30005ZEg", "flaeche": 701.0, "flstkennz_": "05468202000338______", "flstnrzae": "338", "flstnrnen": null, "gemarkung": "Horrem", "gemaschl": "054682", "flur": "20", "flurschl": "054682020", "land": "Nordrhein-Westfalen", "landschl": "05", "regbezirk": "Köln", "regbezschl": "053", "kreis": "Rhein-Erft-Kreis", "kreisschl": "05362", "gemeinde": "Kerpen", "gmdschl": "05362032", "abwrecht": "Kein abweichender Rechtszustand", "lagebeztxt": "An der Malzmühle 11", "tntxt": "Wohnbaufläche;701", "area": 700, "other catc": 1, "frag area": 23.0, "final area": 23.0 }, "geometry": { "type": "MultiPolygon", "coordinates": [ [ [ [ 339042.0, 5642375.0 ], [ 339042.0, 5642374.0 ], [ 339048.0, 5642374.0 ], [ 339048.0, 5642373.0 ], [ 339049.0, 5642373.0 ], [ 339049.0, 5642372.0 ], [ 339050.0, 5642372.0 ], [ 339050.0, 5642371.0 ], [ 339046.0, 5642371.0 ], [ 339046.0, 5642372.0 ], [ 339045.0, 5642372.0 ], [ 339045.0, 5642371.0 ], [ 339043.0, 5642371.0 ], [ 339043.0, 5642372.0 ], [ 339042.0, 5642372.0 ], [ 339042.0, 5642373.0 ], [ 339040.0, 5642373.0 ], [ 339040.0, 5642375.0 ], [ 339042.0, 5642375.0 ] ] ] ] } },
{ "type": "Feature", "properties": { "DN": 1, "gml_id": "DENW41AL30005ZEgFL", "identifier": "urn:adv:oid:DENW41AL30005ZEgFL", "aktualit_2": "2024-08-20Z", "idflurst": "DENW41AL30005ZEg", "flaeche": 701.0, "flstkennz_": "05468202000338______", "flstnrzae": "338", "flstnrnen": null, "gemarkung": "Horrem", "gemaschl": "054682", "flur": "20", "flurschl": "054682020", "land": "Nordrhein-Westfalen", "landschl": "05", "regbezirk": "Köln", "regbezschl": "053", "kreis": "Rhein-Erft-Kreis", "kreisschl": "05362", "gemeinde": "Kerpen", "gmdschl": "05362032", "abwrecht": "Kein abweichender Rechtszustand", "lagebeztxt": "An der Malzmühle 11", "tntxt": "Wohnbaufläche;701", "area": 700, "other catc": 1, "frag area": 31.0, "final area": 31.0 }, "geometry": { "type": "MultiPolygon", "coordinates": [ [ [ [ 339062.0, 5642374.0 ], [ 339062.0, 5642373.0 ], [ 339061.0, 5642373.0 ], [ 339061.0, 5642371.0 ], [ 339053.0, 5642371.0 ], [ 339053.0, 5642372.0 ], [ 339051.0, 5642372.0 ], [ 339051.0, 5642373.0 ], [ 339049.0, 5642373.0 ], [ 339049.0, 5642374.0 ], [ 339062.0, 5642374.0 ] ] ] ] } },
{ "type": "Feature", "properties": { "DN": 1, "gml_id": "DENW41AL30005dEXFL", "identifier": "urn:adv:oid:DENW41AL30005dEXFL", "aktualit_2": "2024-08-20Z", "idflurst": "DENW41AL30005dEX", "flaeche": 1249.0, "flstkennz_": "05468202000437______", "flstnrzae": "437", "flstnrnen": null, "gemarkung": "Horrem", "gemaschl": "054682", "flur": "20", "flurschl": "054682020", "land": "Nordrhein-Westfalen", "landschl": "05", "regbezirk": "Köln", "regbezschl": "053", "kreis": "Rhein-Erft-Kreis", "kreisschl": "05362", "gemeinde": "Kerpen", "gmdschl": "05362032", "abwrecht": "Kein abweichender Rechtszustand", "lagebeztxt": "An der Malzmühle 3, 5", "tntxt": "Wohnbaufläche;1249", "area": 1250, "other catc": 1, "frag area": 111.0, "final area": 106.3 }, "geometry": { "type": "MultiPolygon", "coordinates": [ [ [ [ 339070.0, 5642367.0 ], [ 339071.0, 5642367.0 ], [ 339071.0, 5642366.0 ], [ 339074.0, 5642366.0 ], [ 339074.0, 5642367.0 ], [ 339077.0, 5642367.0 ], [ 339077.0, 5642368.0 ], [ 339079.0, 5642368.0 ], [ 339079.0, 5642367.0 ], [ 339083.0, 5642367.0 ], [ 339083.0, 5642368.0 ], [ 339084.0, 5642368.0 ], [ 339084.0, 5642365.0 ], [ 339082.0, 5642365.0 ], [ 339082.0, 5642364.0 ], [ 339081.0, 5642364.0 ], [ 339081.0, 5642363.0 ], [ 339078.0, 5642363.0 ], [ 339078.0, 5642362.0 ], [ 339073.0, 5642362.0 ], [ 339073.0, 5642361.500636653974652 ], [ 339071.332999999984168, 5642361.490000000223517 ], [ 339068.533, 5642361.472 ], [ 339065.722, 5642361.454 ], [ 339063.0, 5642361.436324675567448 ], [ 339063.0, 5642368.0 ], [ 339070.0, 5642368.0 ], [ 339070.0, 5642367.0 ] ] ] ] } },
{ "type": "Feature", "properties": { "DN": 1, "gml_id": "DENW41AL30005hIaFL", "identifier": "urn:adv:oid:DENW41AL30005hIaFL", "aktualit_2": "2024-08-20Z", "idflurst": "DENW41AL30005hIa", "flaeche": 425.0, "flstkennz_": "05468202000432______", "flstnrzae": "432", "flstnrnen": null, "gemarkung": "Horrem", "gemaschl": "054682", "flur": "20", "flurschl": "054682020", "land": "Nordrhein-Westfalen", "landschl": "05", "regbezirk": "Köln", "regbezschl": "053", "kreis": "Rhein-Erft-Kreis", "kreisschl": "05362", "gemeinde": "Kerpen", "gmdschl": "05362032", "abwrecht": "Kein abweichender Rechtszustand", "lagebeztxt": "Sistenichstraße 52", "tntxt": "Wohnbaufläche;425", "area": 426, "other catc": 1, "frag area": 12.0, "final area": 12.0 }, "geometry": { "type": "MultiPolygon", "coordinates": [ [ [ [ 338960.0, 5642367.0 ], [ 338960.0, 5642366.0 ], [ 338961.0, 5642366.0 ], [ 338961.0, 5642362.0 ], [ 338958.0, 5642362.0 ], [ 338958.0, 5642365.0 ], [ 338959.0, 5642365.0 ], [ 338959.0, 5642367.0 ], [ 338960.0, 5642367.0 ] ] ] ] } },
{ "type": "Feature", "properties": { "DN": 1, "gml_id": "DENW41AL30005ZQTFL", "identifier": "urn:adv:oid:DENW41AL30005ZQTFL", "aktualit_2": "2024-08-20Z", "idflurst": "DENW41AL30005ZQT", "flaeche": 5590.0, "flstkennz_": "05468202000426______", "flstnrzae": "426", "flstnrnen": null, "gemarkung": "Horrem", "gemaschl": "054682", "flur": "20", "flurschl": "054682020", "land": "Nordrhein-Westfalen", "landschl": "05", "regbezirk": "Köln", "regbezschl": "053", "kreis": "Rhein-Erft-Kreis", "kreisschl": "05362", "gemeinde": "Kerpen", "gmdschl": "05362032", "abwrecht": "Kein abweichender Rechtszustand", "lagebeztxt": "Herderstraße 21, 22, 23, 24, 25, 26, 27, 28, 30, 32", "tntxt": "Wohnbaufläche;5590", "area": 5588, "other catc": 1, "frag area": 20.0, "final area": 20.0 }, "geometry": { "type": "MultiPolygon", "coordinates": [ [ [ [ 338919.0, 5642366.0 ], [ 338919.0, 5642364.0 ], [ 338918.0, 5642364.0 ], [ 338918.0, 5642363.0 ], [ 338916.0, 5642363.0 ], [ 338916.0, 5642362.0 ], [ 338912.0, 5642362.0 ], [ 338912.0, 5642363.0 ], [ 338911.0, 5642363.0 ], [ 338911.0, 5642364.0 ], [ 338913.0, 5642364.0 ], [ 338913.0, 5642365.0 ], [ 338916.0, 5642365.0 ], [ 338916.0, 5642366.0 ], [ 338919.0, 5642366.0 ] ] ] ] } },
{ "type": "Feature", "properties": { "DN": 1, "gml_id": "DENW41AL30005Qw0FL", "identifier": "urn:adv:oid:DENW41AL30005Qw0FL", "aktualit_2": "2024-08-20Z", "idflurst": "DENW41AL30005Qw0", "flaeche": 440.0, "flstkennz_": "05468202000190______", "flstnrzae": "190", "flstnrnen": null, "gemarkung": "Horrem", "gemaschl": "054682", "flur": "20", "flurschl": "054682020", "land": "Nordrhein-Westfalen", "landschl": "05", "regbezirk": "Köln", "regbezschl": "053", "kreis": "Rhein-Erft-Kreis", "kreisschl": "05362", "gemeinde": "Kerpen", "gmdschl": "05362032", "abwrecht": "Kein abweichender Rechtszustand", "lagebeztxt": "Sistenichstraße 54", "tntxt": "Wohnbaufläche;440", "area": 440, "other catc": 1, "frag area": 11.0, "final area": 9.6 }, "geometry": { "type": "MultiPolygon", "coordinates": [ [ [ [ 338960.0, 5642360.0 ], [ 338960.0, 5642358.0 ], [ 338958.0, 5642358.0 ], [ 338958.0, 5642357.937907947227359 ], [ 338957.0, 5642357.91275408025831 ], [ 338957.0, 5642359.0 ], [ 338956.0, 5642359.0 ], [ 338956.0, 5642360.0 ], [ 338958.0, 5642360.0 ], [ 338958.0, 5642361.0 ], [ 338960.488006670377217, 5642361.0 ], [ 338960.508017787651625, 5642360.0 ], [ 338960.0, 5642360.0 ] ] ] ] } },
{ "type": "Feature", "properties": { "DN": 1, "gml_id": "DENW41AL30005Qw0FL", "identifier": "urn:adv:oid:DENW41AL30005Qw0FL", "aktualit_2": "2024-08-20Z", "idflurst": "DENW41AL30005Qw0", "flaeche": 440.0, "flstkennz_": "05468202000190______", "flstnrzae": "190", "flstnrnen": null, "gemarkung": "Horrem", "gemaschl": "054682", "flur": "20", "flurschl": "054682020", "land": "Nordrhein-Westfalen", "landschl": "05", "regbezirk": "Köln", "regbezschl": "053", "kreis": "Rhein-Erft-Kreis", "kreisschl": "05362", "gemeinde": "Kerpen", "gmdschl": "05362032", "abwrecht": "Kein abweichender Rechtszustand", "lagebeztxt": "Sistenichstraße 54", "tntxt": "Wohnbaufläche;440", "area": 440, "other catc": 1, "frag area": 39.0, "final area": 37.1 }, "geometry": { "type": "MultiPolygon", "coordinates": [ [ [ [ 338939.0, 5642357.0 ], [ 338943.0, 5642357.0 ], [ 338943.0, 5642356.0 ], [ 338941.0, 5642356.0 ], [ 338941.0, 5642354.0 ], [ 338944.578037357481662, 5642354.0 ], [ 338944.641, 5642352.564000000245869 ], [ 338949.0, 5642352.755505749024451 ], [ 338949.0, 5642352.0 ], [ 338946.0, 5642352.0 ], [ 338946.0, 5642351.0 ], [ 338944.0, 5642351.0 ], [ 338944.0, 5642352.0 ], [ 338940.0, 5642352.0 ], [ 338940.0, 5642353.0 ], [ 338938.0, 5642353.0 ], [ 338938.0, 5642352.0 ], [ 338936.0, 5642352.0 ], [ 338936.0, 5642356.0 ], [ 338937.0, 5642356.0 ], [ 338937.0, 5642357.0 ], [ 338938.0, 5642357.0 ], [ 338938.0, 5642358.0 ], [ 338939.0, 5642358.0 ], [ 338939.0, 5642357.0 ] ] ] ] } },
{ "type": "Feature", "properties": { "DN": 1, "gml_id": "DENW41AL30005edNFL", "identifier": "urn:adv:oid:DENW41AL30005edNFL", "aktualit_2": "2024-08-20Z", "idflurst": "DENW41AL30005edN", "flaeche": 557.0, "flstkennz_": "05468202000438______", "flstnrzae": "438", "flstnrnen": null, "gemarkung": "Horrem", "gemaschl": "054682", "flur": "20", "flurschl": "054682020", "land": "Nordrhein-Westfalen", "landschl": "05", "regbezirk": "Köln", "regbezschl": "053", "kreis": "Rhein-Erft-Kreis", "kreisschl": "05362", "gemeinde": "Kerpen", "gmdschl": "05362032", "abwrecht": "Kein abweichender Rechtszustand", "lagebeztxt": "Hauptstraße 214", "tntxt": "Fläche gemischter Nutzung(funktion:Gebäude- und Freifläche Mischnutzung mit Wohnen);557", "area": 555, "other catc": 1, "frag area": 118.2, "final area": 118.2 }, "geometry": { "type": "MultiPolygon", "coordinates": [ [ [ [ 339102.0, 5642367.0 ], [ 339102.0, 5642361.0 ], [ 339107.0, 5642361.0 ], [ 339107.0, 5642357.0 ], [ 339108.0, 5642357.0 ], [ 339108.0, 5642356.740876289084554 ], [ 339107.950000000011642, 5642356.740000000223517 ], [ 339107.997094956343062, 5642354.0 ], [ 339103.0, 5642354.0 ], [ 339103.0, 5642356.0 ], [ 339104.0, 5642356.0 ], [ 339104.0, 5642357.0 ], [ 339106.0, 5642357.0 ], [ 339106.0, 5642358.0 ], [ 339101.0, 5642358.0 ], [ 339101.0, 5642360.0 ], [ 339099.0, 5642360.0 ], [ 339099.0, 5642362.0 ], [ 339098.0, 5642362.0 ], [ 339098.0, 5642361.0 ], [ 339097.0, 5642361.0 ], [ 339097.0, 5642360.0 ], [ 339095.0, 5642360.0 ], [ 339095.0, 5642359.0 ], [ 339096.0, 5642359.0 ], [ 339096.0, 5642356.0 ], [ 339093.0, 5642356.0 ], [ 339093.0, 5642355.0 ], [ 339092.0, 5642355.0 ], [ 339092.0, 5642357.0 ], [ 339091.0, 5642357.0 ], [ 339091.0, 5642359.0 ], [ 339090.0, 5642359.0 ], [ 339090.0, 5642361.0 ], [ 339089.0, 5642361.0 ], [ 339089.0, 5642364.0 ], [ 339090.0, 5642364.0 ], [ 339090.0, 5642365.0 ], [ 339092.0, 5642365.0 ], [ 339092.0, 5642366.0 ], [ 339093.0, 5642366.0 ], [ 339093.0, 5642365.0 ], [ 339094.0, 5642365.0 ], [ 339094.0, 5642364.0 ], [ 339095.0, 5642364.0 ], [ 339095.0, 5642365.0 ], [ 339096.0, 5642365.0 ], [ 339096.0, 5642366.0 ], [ 339097.0, 5642366.0 ], [ 339097.0, 5642367.0 ], [ 339096.0, 5642367.0 ], [ 339096.0, 5642367.051946041174233 ], [ 339100.0, 5642367.061674894765019 ], [ 339100.0, 5642367.0 ], [ 339102.0, 5642367.0 ] ], [ [ 339093.0, 5642363.0 ], [ 339093.0, 5642364.0 ], [ 339091.0, 5642364.0 ], [ 339091.0, 5642363.0 ], [ 339093.0, 5642363.0 ] ], [ [ 339093.0, 5642362.0 ], [ 339094.0, 5642362.0 ], [ 339094.0, 5642361.0 ], [ 339095.0, 5642361.0 ], [ 339095.0, 5642363.0 ], [ 339093.0, 5642363.0 ], [ 339093.0, 5642362.0 ] ] ] ] } },
{ "type": "Feature", "properties": { "DN": 1, "gml_id": "DENW41AL30005VAuFL", "identifier": "urn:adv:oid:DENW41AL30005VAuFL", "aktualit_2": "2024-08-20Z", "idflurst": "DENW41AL30005VAu", "flaeche": 764.0, "flstkennz_": "05468202000312______", "flstnrzae": "312", "flstnrnen": null, "gemarkung": "Horrem", "gemaschl": "054682", "flur": "20", "flurschl": "054682020", "land": "Nordrhein-Westfalen", "landschl": "05", "regbezirk": "Köln", "regbezschl": "053", "kreis": "Rhein-Erft-Kreis", "kreisschl": "05362", "gemeinde": "Kerpen", "gmdschl": "05362032", "abwrecht": "Kein abweichender Rechtszustand", "lagebeztxt": "Grabenweg 10, 12", "tntxt": "Wohnbaufläche;764", "area": 761, "other catc": 1, "frag area": 37.0, "final area": 37.0 }, "geometry": { "type": "MultiPolygon", "coordinates": [ [ [ [ 338900.0, 5642356.0 ], [ 338900.0, 5642353.0 ], [ 338892.0, 5642353.0 ], [ 338892.0, 5642352.0 ], [ 338885.0, 5642352.0 ], [ 338885.0, 5642353.0 ], [ 338886.0, 5642353.0 ], [ 338886.0, 5642354.0 ], [ 338888.0, 5642354.0 ], [ 338888.0, 5642355.0 ], [ 338896.0, 5642355.0 ], [ 338896.0, 5642356.0 ], [ 338900.0, 5642356.0 ] ] ] ] } },
{ "type": "Feature", "properties": { "DN": 1, "gml_id": "DENW41AL30005ec8FL", "identifier": "urn:adv:oid:DENW41AL30005ec8FL", "aktualit_2": "2024-08-20Z", "idflurst": "DENW41AL30005ec8", "flaeche": 974.0, "flstkennz_": "05468202000439______", "flstnrzae": "439", "flstnrnen": null, "gemarkung": "Horrem", "gemaschl": "054682", "flur": "20", "flurschl": "054682020", "land": "Nordrhein-Westfalen", "landschl": "05", "regbezirk": "Köln", "regbezschl": "053", "kreis": "Rhein-Erft-Kreis", "kreisschl": "05362", "gemeinde": "Kerpen", "gmdschl": "05362032", "abwrecht": "Kein abweichender Rechtszustand", "lagebeztxt": "Hauptstraße 218", "tntxt": "Fläche gemischter Nutzung(funktion:Gebäude- und Freifläche Mischnutzung mit Wohnen);974", "area": 978, "other catc": 1, "frag area": 37.0, "final area": 37.0 }, "geometry": { "type": "MultiPolygon", "coordinates": [ [ [ [ 339092.0, 5642339.0 ], [ 339092.0, 5642338.0 ], [ 339097.0, 5642338.0 ], [ 339097.0, 5642336.0 ], [ 339087.0, 5642336.0 ], [ 339087.0, 5642337.0 ], [ 339084.0, 5642337.0 ], [ 339084.0, 5642336.0 ], [ 339082.0, 5642336.0 ], [ 339082.0, 5642339.0 ], [ 339092.0, 5642339.0 ] ] ] ] } },
{ "type": "Feature", "properties": { "DN": 1, "gml_id": "DENW41AL30005d42FL", "identifier": "urn:adv:oid:DENW41AL30005d42FL", "aktualit_2": "2024-08-20Z", "idflurst": "DENW41AL30005d42", "flaeche": 417.0, "flstkennz_": "05468202000434______", "flstnrzae": "434", "flstnrnen": null, "gemarkung": "Horrem", "gemaschl": "054682", "flur": "20", "flurschl": "054682020", "land": "Nordrhein-Westfalen", "landschl": "05", "regbezirk": "Köln", "regbezschl": "053", "kreis": "Rhein-Erft-Kreis", "kreisschl": "05362", "gemeinde": "Kerpen", "gmdschl": "05362032", "abwrecht": "Kein abweichender Rechtszustand", "lagebeztxt": "Sistenichstraße 65", "tntxt": "Wohnbaufläche;417", "area": 410, "other catc": 1, "frag area": 23.8, "final area": 23.8 }, "geometry": { "type": "MultiPolygon", "coordinates": [ [ [ [ 338993.0, 5642347.0 ], [ 338993.0, 5642338.0 ], [ 338994.0, 5642338.0 ], [ 338994.0, 5642337.0 ], [ 338998.0, 5642337.0 ], [ 338998.0, 5642336.423571428284049 ], [ 338993.681999999971595, 5642336.29 ], [ 338991.356000000028871, 5642336.214999999850988 ], [ 338991.017991626809817, 5642342.0 ], [ 338992.0, 5642342.0 ], [ 338992.0, 5642343.0 ], [ 338991.0, 5642343.0 ], [ 338991.0, 5642347.096180980093777 ], [ 338992.0, 5642347.143424637615681 ], [ 338992.0, 5642347.0 ], [ 338993.0, 5642347.0 ] ] ] ] } },
{ "type": "Feature", "properties": { "DN": 1, "gml_id": "DENW41AL30005V58FL", "identifier": "urn:adv:oid:DENW41AL30005V58FL", "aktualit_2": "2024-08-20Z", "idflurst": "DENW41AL30005V58", "flaeche": 474.0, "flstkennz_": "05468202000046______", "flstnrzae": "46", "flstnrnen": null, "gemarkung": "Horrem", "gemaschl": "054682", "flur": "20", "flurschl": "054682020", "land": "Nordrhein-Westfalen", "landschl": "05", "regbezirk": "Köln", "regbezschl": "053", "kreis": "Rhein-Erft-Kreis", "kreisschl": "05362", "gemeinde": "Kerpen", "gmdschl": "05362032", "abwrecht": "Kein abweichender Rechtszustand", "lagebeztxt": "Hauptstraße 222", "tntxt": "Fläche gemischter Nutzung(funktion:Gebäude- und Freifläche Mischnutzung mit Wohnen);474", "area": 476, "other catc": 1, "frag area": 17.7, "final area": 17.7 }, "geometry": { "type": "MultiPolygon", "coordinates": [ [ [ [ 339096.0, 5642321.0 ], [ 339095.0, 5642321.0 ], [ 339095.0, 5642322.0 ], [ 339094.0, 5642322.0 ], [ 339094.0, 5642323.0 ], [ 339092.0, 5642323.0 ], [ 339092.0, 5642324.0 ], [ 339091.0, 5642324.0 ], [ 339091.0, 5642326.170403509400785 ], [ 339096.0, 5642326.125044028274715 ], [ 339096.0, 5642321.0 ] ] ] ] } },
{ "type": "Feature", "properties": { "DN": 1, "gml_id": "DENW41AL30005YMUFL", "identifier": "urn:adv:oid:DENW41AL30005YMUFL", "aktualit_2": "2024-08-20Z", "idflurst": "DENW41AL30005YMU", "flaeche": 582.0, "flstkennz_": "05468202000043______", "flstnrzae": "43", "flstnrnen": null, "gemarkung": "Horrem", "gemaschl": "054682", "flur": "20", "flurschl": "054682020", "land": "Nordrhein-Westfalen", "landschl": "05", "regbezirk": "Köln", "regbezschl": "053", "kreis": "Rhein-Erft-Kreis", "kreisschl": "05362", "gemeinde": "Kerpen", "gmdschl": "05362032", "abwrecht": "Kein abweichender Rechtszustand", "lagebeztxt": "Hauptstraße 220", "tntxt": "Fläche gemischter Nutzung(funktion:Gebäude- und Freifläche Mischnutzung mit Wohnen);582", "area": 585, "other catc": 1, "frag area": 27.3, "final area": 27.3 }, "geometry": { "type": "MultiPolygon", "coordinates": [ [ [ [ 339096.0, 5642331.0 ], [ 339096.0, 5642326.125044028274715 ], [ 339091.0, 5642326.170403509400785 ], [ 339091.0, 5642328.0 ], [ 339090.0, 5642328.0 ], [ 339090.0, 5642331.0 ], [ 339096.0, 5642331.0 ] ] ] ] } },
{ "type": "Feature", "properties": { "DN": 1, "gml_id": "DENW41AL30005ccrFL", "identifier": "urn:adv:oid:DENW41AL30005ccrFL", "aktualit_2": "2024-08-20Z", "idflurst": "DENW41AL30005ccr", "flaeche": 603.0, "flstkennz_": "054682019000210006__", "flstnrzae": "21", "flstnrnen": "6", "gemarkung": "Horrem", "gemaschl": "054682", "flur": "19", "flurschl": "054682019", "land": "Nordrhein-Westfalen", "landschl": "05", "regbezirk": "Köln", "regbezschl": "053", "kreis": "Rhein-Erft-Kreis", "kreisschl": "05362", "gemeinde": "Kerpen", "gmdschl": "05362032", "abwrecht": "Kein abweichender Rechtszustand", "lagebeztxt": "Fischbachstraße 2", "tntxt": "Wohnbaufläche;603", "area": 598, "other catc": 1, "frag area": 41.0, "final area": 41.0 }, "geometry": { "type": "MultiPolygon", "coordinates": [ [ [ [ 339018.0, 5642332.0 ], [ 339019.0, 5642332.0 ], [ 339019.0, 5642331.0 ], [ 339021.0, 5642331.0 ], [ 339021.0, 5642330.0 ], [ 339022.0, 5642330.0 ], [ 339022.0, 5642327.0 ], [ 339019.0, 5642327.0 ], [ 339019.0, 5642325.0 ], [ 339017.0, 5642325.0 ], [ 339017.0, 5642324.0 ], [ 339016.0, 5642324.0 ], [ 339016.0, 5642323.0 ], [ 339015.0, 5642323.0 ], [ 339015.0, 5642329.0 ], [ 339016.0, 5642329.0 ], [ 339016.0, 5642332.960105944424868 ], [ 339018.0, 5642333.011832945980132 ], [ 339018.0, 5642332.0 ] ] ] ] } },
{ "type": "Feature", "properties": { "DN": 1, "gml_id": "DENW41AL30005YdbFL", "identifier": "urn:adv:oid:DENW41AL30005YdbFL", "aktualit_2": "2024-08-20Z", "idflurst": "DENW41AL30005Ydb", "flaeche": 458.0, "flstkennz_": "05468201900237______", "flstnrzae": "237", "flstnrnen": null, "gemarkung": "Horrem", "gemaschl": "054682", "flur": "19", "flurschl": "054682019", "land": "Nordrhein-Westfalen", "landschl": "05", "regbezirk": "Köln", "regbezschl": "053", "kreis": "Rhein-Erft-Kreis", "kreisschl": "05362", "gemeinde": "Kerpen", "gmdschl": "05362032", "abwrecht": "Kein abweichender Rechtszustand", "lagebeztxt": "Grabenweg 3", "tntxt": "Wohnbaufläche;458", "area": 457, "other catc": 1, "frag area": 49.9, "final area": 49.9 }, "geometry": { "type": "MultiPolygon", "coordinates": [ [ [ [ 338935.0, 5642327.0 ], [ 338935.0, 5642328.0 ], [ 338937.0, 5642328.0 ], [ 338937.0, 5642327.0 ], [ 338939.0, 5642327.0 ], [ 338939.0, 5642328.0 ], [ 338942.738613861089107, 5642328.0 ], [ 338942.871011172537692, 5642324.0 ], [ 338939.0, 5642324.0 ], [ 338939.0, 5642323.0 ], [ 338930.88779124582652, 5642323.0 ], [ 338930.765082678641193, 5642327.0 ], [ 338935.0, 5642327.0 ] ] ] ] } },
{ "type": "Feature", "properties": { "DN": 1, "gml_id": "DENW41AL30005eeAFL", "identifier": "urn:adv:oid:DENW41AL30005eeAFL", "aktualit_2": "2024-08-20Z", "idflurst": "DENW41AL30005eeA", "flaeche": 428.0, "flstkennz_": "05468201900229______", "flstnrzae": "229", "flstnrnen": null, "gemarkung": "Horrem", "gemaschl": "054682", "flur": "19", "flurschl": "054682019", "land": "Nordrhein-Westfalen", "landschl": "05", "regbezirk": "Köln", "regbezschl": "053", "kreis": "Rhein-Erft-Kreis", "kreisschl": "05362", "gemeinde": "Kerpen", "gmdschl": "05362032", "abwrecht": "Kein abweichender Rechtszustand", "lagebeztxt": "Sistenichstraße 58", "tntxt": "Wohnbaufläche;428", "area": 428, "other catc": 1, "frag area": 35.0, "final area": 34.9 }, "geometry": { "type": "MultiPolygon", "coordinates": [ [ [ [ 338978.0, 5642327.801956843584776 ], [ 338978.0, 5642312.0 ], [ 338977.0, 5642312.0 ], [ 338977.0, 5642325.0 ], [ 338976.0, 5642325.0 ], [ 338976.0, 5642326.0 ], [ 338968.41731892793905, 5642326.0 ], [ 338968.420999999972992, 5642326.268000000156462 ], [ 338968.0, 5642326.274031518958509 ], [ 338968.0, 5642328.0 ], [ 338977.899679575290065, 5642328.0 ], [ 338978.0, 5642327.801956843584776 ] ] ] ] } },
{ "type": "Feature", "properties": { "DN": 1, "gml_id": "DENW41AL30005bM2FL", "identifier": "urn:adv:oid:DENW41AL30005bM2FL", "aktualit_2": "2024-08-20Z", "idflurst": "DENW41AL30005bM2", "flaeche": 564.0, "flstkennz_": "05468202000047______", "flstnrzae": "47", "flstnrnen": null, "gemarkung": "Horrem", "gemaschl": "054682", "flur": "20", "flurschl": "054682020", "land": "Nordrhein-Westfalen", "landschl": "05", "regbezirk": "Köln", "regbezschl": "053", "kreis": "Rhein-Erft-Kreis", "kreisschl": "05362", "gemeinde": "Kerpen", "gmdschl": "05362032", "abwrecht": "Kein abweichender Rechtszustand", "lagebeztxt": "Hauptstraße 224", "tntxt": "Fläche gemischter Nutzung(funktion:Gebäude- und Freifläche Mischnutzung mit Wohnen);564", "area": 567, "other catc": 1, "frag area": 10.4, "final area": 10.4 }, "geometry": { "type": "MultiPolygon", "coordinates": [ [ [ [ 339090.0, 5642318.0 ], [ 339092.0, 5642318.0 ], [ 339092.0, 5642316.0 ], [ 339091.0, 5642316.0 ], [ 339091.0, 5642317.0 ], [ 339090.0, 5642317.0 ], [ 339090.0, 5642315.0 ], [ 339088.0, 5642315.0 ], [ 339088.0, 5642318.69974572211504 ], [ 339090.0, 5642318.680139489471912 ], [ 339090.0, 5642318.0 ] ] ] ] } },
{ "type": "Feature", "properties": { "DN": 1, "gml_id": "DENW41ALFH000012FL", "identifier": "urn:adv:oid:DENW41ALFH000012FL", "aktualit_2": "2024-08-20Z", "idflurst": "DENW41ALFH000012", "flaeche": 454.0, "flstkennz_": "05468201900399______", "flstnrzae": "399", "flstnrnen": null, "gemarkung": "Horrem", "gemaschl": "054682", "flur": "19", "flurschl": "054682019", "land": "Nordrhein-Westfalen", "landschl": "05", "regbezirk": "Köln", "regbezschl": "053", "kreis": "Rhein-Erft-Kreis", "kreisschl": "05362", "gemeinde": "Kerpen", "gmdschl": "05362032", "abwrecht": "Kein abweichender Rechtszustand", "lagebeztxt": "Fischbachstraße 3 a", "tntxt": "Wohnbaufläche;454", "area": 454, "other catc": 1, "frag area": 35.5, "final area": 33.4 }, "geometry": { "type": "MultiPolygon", "coordinates": [ [ [ [ 339043.0, 5642328.0 ], [ 339041.0, 5642328.0 ], [ 339041.0, 5642327.0 ], [ 339043.0, 5642327.0 ], [ 339043.0, 5642326.0 ], [ 339044.0, 5642326.0 ], [ 339044.0, 5642320.0 ], [ 339045.0, 5642320.0 ], [ 339045.0, 5642319.0 ], [ 339050.546527988626622, 5642319.0 ], [ 339043.0, 5642318.661001627333462 ], [ 339043.0, 5642320.0 ], [ 339042.516172153234947, 5642320.0 ], [ 339042.327999999979511, 5642324.201000000350177 ], [ 339039.0, 5642324.05053440015763 ], [ 339039.0, 5642325.0 ], [ 339038.72530207305681, 5642325.0 ], [ 339038.723, 5642325.053000000305474 ], [ 339038.546699116064701, 5642329.0 ], [ 339042.0, 5642329.0 ], [ 339042.0, 5642331.0 ], [ 339043.0, 5642331.0 ], [ 339043.0, 5642328.0 ] ] ], [ [ [ 339056.0, 5642320.0 ], [ 339056.0, 5642319.244975985959172 ], [ 339055.0, 5642319.200054882094264 ], [ 339055.0, 5642320.0 ], [ 339056.0, 5642320.0 ] ] ] ] } },
{ "type": "Feature", "properties": { "DN": 1, "gml_id": "DENW41ALFH000013FL", "identifier": "urn:adv:oid:DENW41ALFH000013FL", "aktualit_2": "2024-08-29Z", "idflurst": "DENW41ALFH000013", "flaeche": 353.0, "flstkennz_": "05468201900400______", "flstnrzae": "400", "flstnrnen": null, "gemarkung": "Horrem", "gemaschl": "054682", "flur": "19", "flurschl": "054682019", "land": "Nordrhein-Westfalen", "landschl": "05", "regbezirk": "Köln", "regbezschl": "053", "kreis": "Rhein-Erft-Kreis", "kreisschl": "05362", "gemeinde": "Kerpen", "gmdschl": "05362032", "abwrecht": "Kein abweichender Rechtszustand", "lagebeztxt": "Fischbachstraße 3", "tntxt": "Wohnbaufläche;353", "area": 350, "other catc": 1, "frag area": 61.2, "final area": 61.2 }, "geometry": { "type": "MultiPolygon", "coordinates": [ [ [ [ 339055.0, 5642319.0 ], [ 339055.0, 5642319.200054882094264 ], [ 339056.0, 5642319.244975985959172 ], [ 339056.0, 5642316.0 ], [ 339057.0, 5642316.0 ], [ 339057.0, 5642315.0 ], [ 339052.0, 5642315.0 ], [ 339052.0, 5642316.0 ], [ 339049.0, 5642316.0 ], [ 339049.0, 5642315.0 ], [ 339041.0, 5642315.0 ], [ 339041.0, 5642314.0 ], [ 339040.0, 5642314.0 ], [ 339040.0, 5642313.0 ], [ 339039.261896423064172, 5642313.0 ], [ 339039.18, 5642314.796 ], [ 339039.037445469351951, 5642318.0 ], [ 339041.0, 5642318.0 ], [ 339041.0, 5642317.0 ], [ 339043.0, 5642317.0 ], [ 339043.0, 5642318.661001627333462 ], [ 339050.546527988626622, 5642319.0 ], [ 339055.0, 5642319.0 ] ] ] ] } },
{ "type": "Feature", "properties": { "DN": 1, "gml_id": "DENW41AL30005ccrFL", "identifier": "urn:adv:oid:DENW41AL30005ccrFL", "aktualit_2": "2024-08-20Z", "idflurst": "DENW41AL30005ccr", "flaeche": 603.0, "flstkennz_": "054682019000210006__", "flstnrzae": "21", "flstnrnen": "6", "gemarkung": "Horrem", "gemaschl": "054682", "flur": "19", "flurschl": "054682019", "land": "Nordrhein-Westfalen", "landschl": "05", "regbezirk": "Köln", "regbezschl": "053", "kreis": "Rhein-Erft-Kreis", "kreisschl": "05362", "gemeinde": "Kerpen", "gmdschl": "05362032", "abwrecht": "Kein abweichender Rechtszustand", "lagebeztxt": "Fischbachstraße 2", "tntxt": "Wohnbaufläche;603", "area": 598, "other catc": 1, "frag area": 69.9, "final area": 62.0 }, "geometry": { "type": "MultiPolygon", "coordinates": [ [ [ [ 339036.0, 5642315.0 ], [ 339036.0, 5642317.0 ], [ 339035.0, 5642317.0 ], [ 339035.0, 5642315.0 ], [ 339031.0, 5642315.0 ], [ 339031.0, 5642316.0 ], [ 339030.903157697815914, 5642316.0 ], [ 339030.62300000002142, 5642320.504999999888241 ], [ 339029.0, 5642320.418803449720144 ], [ 339029.0, 5642322.0 ], [ 339032.0, 5642322.0 ], [ 339032.0, 5642323.0 ], [ 339033.0, 5642323.0 ], [ 339033.0, 5642326.0 ], [ 339034.0, 5642326.0 ], [ 339034.0, 5642328.0 ], [ 339037.0, 5642328.0 ], [ 339037.0, 5642329.0 ], [ 339038.546699116064701, 5642329.0 ], [ 339038.723, 5642325.053000000305474 ], [ 339038.0, 5642325.022123873233795 ], [ 339038.0, 5642326.0 ], [ 339036.0, 5642326.0 ], [ 339036.0, 5642325.0 ], [ 339035.0, 5642325.0 ], [ 339035.0, 5642324.894007162190974 ], [ 339034.952999999979511, 5642324.892 ], [ 339035.0, 5642323.792768683284521 ], [ 339035.0, 5642318.0 ], [ 339038.0, 5642318.0 ], [ 339038.0, 5642316.0 ], [ 339039.0, 5642316.0 ], [ 339039.0, 5642318.0 ], [ 339039.037445469351951, 5642318.0 ], [ 339039.18, 5642314.796 ], [ 339039.0, 5642314.785865070298314 ], [ 339039.0, 5642315.0 ], [ 339036.0, 5642315.0 ] ] ] ] } },
{ "type": "Feature", "properties": { "DN": 1, "gml_id": "DENW41AL30005dK9FL", "identifier": "urn:adv:oid:DENW41AL30005dK9FL", "aktualit_2": "2024-08-20Z", "idflurst": "DENW41AL30005dK9", "flaeche": 392.0, "flstkennz_": "05468202000215______", "flstnrzae": "215", "flstnrnen": null, "gemarkung": "Horrem", "gemaschl": "054682", "flur": "20", "flurschl": "054682020", "land": "Nordrhein-Westfalen", "landschl": "05", "regbezirk": "Köln", "regbezschl": "053", "kreis": "Rhein-Erft-Kreis", "kreisschl": "05362", "gemeinde": "Kerpen", "gmdschl": "05362032", "abwrecht": "Kein abweichender Rechtszustand", "lagebeztxt": "Hebbelstraße 2 a", "tntxt": "Wohnbaufläche;392", "area": 392, "other catc": 1, "frag area": 12.0, "final area": 12.0 }, "geometry": { "type": "MultiPolygon", "coordinates": [ [ [ [ 338832.0, 5642317.0 ], [ 338832.0, 5642314.0 ], [ 338833.0, 5642314.0 ], [ 338833.0, 5642311.0 ], [ 338831.0, 5642311.0 ], [ 338831.0, 5642310.0 ], [ 338830.0, 5642310.0 ], [ 338830.0, 5642313.0 ], [ 338831.0, 5642313.0 ], [ 338831.0, 5642317.0 ], [ 338832.0, 5642317.0 ] ] ] ] } },
{ "type": "Feature", "properties": { "DN": 1, "gml_id": "DENW41AL30005bM2FL", "identifier": "urn:adv:oid:DENW41AL30005bM2FL", "aktualit_2": "2024-08-20Z", "idflurst": "DENW41AL30005bM2", "flaeche": 564.0, "flstkennz_": "05468202000047______", "flstnrzae": "47", "flstnrnen": null, "gemarkung": "Horrem", "gemaschl": "054682", "flur": "20", "flurschl": "054682020", "land": "Nordrhein-Westfalen", "landschl": "05", "regbezirk": "Köln", "regbezschl": "053", "kreis": "Rhein-Erft-Kreis", "kreisschl": "05362", "gemeinde": "Kerpen", "gmdschl": "05362032", "abwrecht": "Kein abweichender Rechtszustand", "lagebeztxt": "Hauptstraße 224", "tntxt": "Fläche gemischter Nutzung(funktion:Gebäude- und Freifläche Mischnutzung mit Wohnen);564", "area": 567, "other catc": 1, "frag area": 40.0, "final area": 40.0 }, "geometry": { "type": "MultiPolygon", "coordinates": [ [ [ [ 339085.0, 5642317.0 ], [ 339085.0, 5642316.0 ], [ 339084.0, 5642316.0 ], [ 339084.0, 5642315.0 ], [ 339085.0, 5642315.0 ], [ 339085.0, 5642314.0 ], [ 339087.0, 5642314.0 ], [ 339087.0, 5642315.0 ], [ 339088.0, 5642315.0 ], [ 339088.0, 5642310.0 ], [ 339087.0, 5642310.0 ], [ 339087.0, 5642312.0 ], [ 339086.0, 5642312.0 ], [ 339086.0, 5642313.0 ], [ 339084.0, 5642313.0 ], [ 339084.0, 5642312.0 ], [ 339081.0, 5642312.0 ], [ 339081.0, 5642310.0 ], [ 339079.0, 5642310.0 ], [ 339079.0, 5642311.0 ], [ 339078.0, 5642311.0 ], [ 339078.0, 5642312.0 ], [ 339077.0, 5642312.0 ], [ 339077.0, 5642313.0 ], [ 339078.0, 5642313.0 ], [ 339078.0, 5642315.0 ], [ 339079.0, 5642315.0 ], [ 339079.0, 5642316.0 ], [ 339081.0, 5642316.0 ], [ 339081.0, 5642315.0 ], [ 339082.0, 5642315.0 ], [ 339082.0, 5642316.0 ], [ 339083.0, 5642316.0 ], [ 339083.0, 5642317.0 ], [ 339085.0, 5642317.0 ] ] ] ] } },
{ "type": "Feature", "properties": { "DN": 1, "gml_id": "DENW41AL30005ZnVFL", "identifier": "urn:adv:oid:DENW41AL30005ZnVFL", "aktualit_2": "2024-08-20Z", "idflurst": "DENW41AL30005ZnV", "flaeche": 382.0, "flstkennz_": "05468202000216______", "flstnrzae": "216", "flstnrnen": null, "gemarkung": "Horrem", "gemaschl": "054682", "flur": "20", "flurschl": "054682020", "land": "Nordrhein-Westfalen", "landschl": "05", "regbezirk": "Köln", "regbezschl": "053", "kreis": "Rhein-Erft-Kreis", "kreisschl": "05362", "gemeinde": "Kerpen", "gmdschl": "05362032", "abwrecht": "Kein abweichender Rechtszustand", "lagebeztxt": "Hebbelstraße 2", "tntxt": "Wohnbaufläche;382", "area": 388, "other catc": 1, "frag area": 10.4, "final area": 10.4 }, "geometry": { "type": "MultiPolygon", "coordinates": [ [ [ [ 338856.0, 5642309.0 ], [ 338853.0, 5642309.0 ], [ 338853.0, 5642310.0 ], [ 338852.0, 5642310.0 ], [ 338852.0, 5642311.0 ], [ 338851.0, 5642311.0 ], [ 338851.0, 5642311.395928278565407 ], [ 338855.984, 5642311.963000000454485 ], [ 338856.0, 5642311.822533123195171 ], [ 338856.0, 5642309.0 ] ] ] ] } },
{ "type": "Feature", "properties": { "DN": 1, "gml_id": "DENW41AL30005dK9FL", "identifier": "urn:adv:oid:DENW41AL30005dK9FL", "aktualit_2": "2024-08-20Z", "idflurst": "DENW41AL30005dK9", "flaeche": 392.0, "flstkennz_": "05468202000215______", "flstnrzae": "215", "flstnrnen": null, "gemarkung": "Horrem", "gemaschl": "054682", "flur": "20", "flurschl": "054682020", "land": "Nordrhein-Westfalen", "landschl": "05", "regbezirk": "Köln", "regbezschl": "053", "kreis": "Rhein-Erft-Kreis", "kreisschl": "05362", "gemeinde": "Kerpen", "gmdschl": "05362032", "abwrecht": "Kein abweichender Rechtszustand", "lagebeztxt": "Hebbelstraße 2 a", "tntxt": "Wohnbaufläche;392", "area": 392, "other catc": 1, "frag area": 26.6, "final area": 26.6 }, "geometry": { "type": "MultiPolygon", "coordinates": [ [ [ [ 338853.0, 5642322.0 ], [ 338853.0, 5642320.0 ], [ 338855.0, 5642320.0 ], [ 338855.0, 5642316.0 ], [ 338855.524315380724147, 5642316.0 ], [ 338855.984, 5642311.963000000454485 ], [ 338851.0, 5642311.395928278565407 ], [ 338851.0, 5642312.0 ], [ 338852.0, 5642312.0 ], [ 338852.0, 5642313.0 ], [ 338853.0, 5642313.0 ], [ 338853.0, 5642317.0 ], [ 338852.0, 5642317.0 ], [ 338852.0, 5642322.0 ], [ 338853.0, 5642322.0 ] ] ] ] } },
{ "type": "Feature", "properties": { "DN": 1, "gml_id": "DENW41AL30005hi3FL", "identifier": "urn:adv:oid:DENW41AL30005hi3FL", "aktualit_2": "2024-08-20Z", "idflurst": "DENW41AL30005hi3", "flaeche": 656.0, "flstkennz_": "05468202000050______", "flstnrzae": "50", "flstnrnen": null, "gemarkung": "Horrem", "gemaschl": "054682", "flur": "20", "flurschl": "054682020", "land": "Nordrhein-Westfalen", "landschl": "05", "regbezirk": "Köln", "regbezschl": "053", "kreis": "Rhein-Erft-Kreis", "kreisschl": "05362", "gemeinde": "Kerpen", "gmdschl": "05362032", "abwrecht": "Kein abweichender Rechtszustand", "lagebeztxt": "Hauptstraße 226", "tntxt": "Fläche gemischter Nutzung(funktion:Gebäude- und Freifläche Mischnutzung mit Wohnen);656", "area": 651, "other catc": 1, "frag area": 27.1, "final area": 26.0 }, "geometry": { "type": "MultiPolygon", "coordinates": [ [ [ [ 339107.0, 5642309.0 ], [ 339107.0, 5642305.0 ], [ 339108.0, 5642305.0 ], [ 339108.0, 5642303.0 ], [ 339107.0, 5642303.0 ], [ 339107.0, 5642301.0 ], [ 339104.0, 5642301.0 ], [ 339104.0, 5642301.53031206689775 ], [ 339104.041000000026543, 5642301.53000000026077 ], [ 339104.232000000018161, 5642309.54700000025332 ], [ 339106.0, 5642309.528527940623462 ], [ 339106.0, 5642309.0 ], [ 339107.0, 5642309.0 ] ] ] ] } },
{ "type": "Feature", "properties": { "DN": 1, "gml_id": "DENW41AL30005bM2FL", "identifier": "urn:adv:oid:DENW41AL30005bM2FL", "aktualit_2": "2024-08-20Z", "idflurst": "DENW41AL30005bM2", "flaeche": 564.0, "flstkennz_": "05468202000047______", "flstnrzae": "47", "flstnrnen": null, "gemarkung": "Horrem", "gemaschl": "054682", "flur": "20", "flurschl": "054682020", "land": "Nordrhein-Westfalen", "landschl": "05", "regbezirk": "Köln", "regbezschl": "053", "kreis": "Rhein-Erft-Kreis", "kreisschl": "05362", "gemeinde": "Kerpen", "gmdschl": "05362032", "abwrecht": "Kein abweichender Rechtszustand", "lagebeztxt": "Hauptstraße 224", "tntxt": "Fläche gemischter Nutzung(funktion:Gebäude- und Freifläche Mischnutzung mit Wohnen);564", "area": 567, "other catc": 1, "frag area": 34.9, "final area": 34.9 }, "geometry": { "type": "MultiPolygon", "coordinates": [ [ [ [ 339104.0, 5642315.0 ], [ 339105.0, 5642315.0 ], [ 339105.0, 5642313.0 ], [ 339106.0, 5642313.0 ], [ 339106.0, 5642311.0 ], [ 339108.0, 5642311.0 ], [ 339108.0, 5642310.0 ], [ 339106.0, 5642310.0 ], [ 339106.0, 5642309.528527940623462 ], [ 339104.232000000018161, 5642309.54700000025332 ], [ 339104.0, 5642309.549411513842642 ], [ 339104.0, 5642310.0 ], [ 339103.0, 5642310.0 ], [ 339103.0, 5642311.0 ], [ 339101.0, 5642311.0 ], [ 339101.0, 5642310.0 ], [ 339100.0, 5642310.0 ], [ 339100.0, 5642312.0 ], [ 339099.0, 5642312.0 ], [ 339099.0, 5642314.0 ], [ 339100.0, 5642314.0 ], [ 339100.0, 5642316.0 ], [ 339104.0, 5642316.0 ], [ 339104.0, 5642315.0 ] ] ] ] } },
{ "type": "Feature", "properties": { "DN": 1, "gml_id": "DENW41AL30005X4CFL", "identifier": "urn:adv:oid:DENW41AL30005X4CFL", "aktualit_2": "2024-08-20Z", "idflurst": "DENW41AL30005X4C", "flaeche": 814.0, "flstkennz_": "05468201900364______", "flstnrzae": "364", "flstnrnen": null, "gemarkung": "Horrem", "gemaschl": "054682", "flur": "19", "flurschl": "054682019", "land": "Nordrhein-Westfalen", "landschl": "05", "regbezirk": "Köln", "regbezschl": "053", "kreis": "Rhein-Erft-Kreis", "kreisschl": "05362", "gemeinde": "Kerpen", "gmdschl": "05362032", "abwrecht": "Kein abweichender Rechtszustand", "lagebeztxt": "Fischbachstraße 1", "tntxt": "Wohnbaufläche;814", "area": 809, "other catc": 1, "frag area": 24.0, "final area": 24.0 }, "geometry": { "type": "MultiPolygon", "coordinates": [ [ [ [ 339015.0, 5642309.0 ], [ 339015.0, 5642305.0 ], [ 339014.0, 5642305.0 ], [ 339014.0, 5642304.0 ], [ 339009.0, 5642304.0 ], [ 339009.0, 5642306.0 ], [ 339010.0, 5642306.0 ], [ 339010.0, 5642307.0 ], [ 339011.0, 5642307.0 ], [ 339011.0, 5642309.0 ], [ 339015.0, 5642309.0 ] ] ] ] } },
{ "type": "Feature", "properties": { "DN": 1, "gml_id": "DENW41AL30005eeAFL", "identifier": "urn:adv:oid:DENW41AL30005eeAFL", "aktualit_2": "2024-08-20Z", "idflurst": "DENW41AL30005eeA", "flaeche": 428.0, "flstkennz_": "05468201900229______", "flstnrzae": "229", "flstnrnen": null, "gemarkung": "Horrem", "gemaschl": "054682", "flur": "19", "flurschl": "054682019", "land": "Nordrhein-Westfalen", "landschl": "05", "regbezirk": "Köln", "regbezschl": "053", "kreis": "Rhein-Erft-Kreis", "kreisschl": "05362", "gemeinde": "Kerpen", "gmdschl": "05362032", "abwrecht": "Kein abweichender Rechtszustand", "lagebeztxt": "Sistenichstraße 58", "tntxt": "Wohnbaufläche;428", "area": 428, "other catc": 1, "frag area": 25.7, "final area": 24.3 }, "geometry": { "type": "MultiPolygon", "coordinates": [ [ [ [ 338972.0, 5642308.0 ], [ 338967.0, 5642308.0 ], [ 338967.0, 5642307.0 ], [ 338969.0, 5642307.0 ], [ 338969.0, 5642306.825996651314199 ], [ 338968.608, 5642306.83 ], [ 338968.578504471515771, 5642303.433098302222788 ], [ 338964.0, 5642303.49506735894829 ], [ 338964.0, 5642304.0 ], [ 338965.0, 5642304.0 ], [ 338965.0, 5642306.0 ], [ 338964.0, 5642306.0 ], [ 338964.0, 5642308.0 ], [ 338965.0, 5642308.0 ], [ 338965.0, 5642309.0 ], [ 338972.0, 5642309.0 ], [ 338972.0, 5642308.0 ] ] ] ] } },
{ "type": "Feature", "properties": { "DN": 1, "gml_id": "DENW41AL30005eeAFL", "identifier": "urn:adv:oid:DENW41AL30005eeAFL", "aktualit_2": "2024-08-20Z", "idflurst": "DENW41AL30005eeA", "flaeche": 428.0, "flstkennz_": "05468201900229______", "flstnrzae": "229", "flstnrnen": null, "gemarkung": "Horrem", "gemaschl": "054682", "flur": "19", "flurschl": "054682019", "land": "Nordrhein-Westfalen", "landschl": "05", "regbezirk": "Köln", "regbezschl": "053", "kreis": "Rhein-Erft-Kreis", "kreisschl": "05362", "gemeinde": "Kerpen", "gmdschl": "05362032", "abwrecht": "Kein abweichender Rechtszustand", "lagebeztxt": "Sistenichstraße 58", "tntxt": "Wohnbaufläche;428", "area": 428, "other catc": 1, "frag area": 16.0, "final area": 16.0 }, "geometry": { "type": "MultiPolygon", "coordinates": [ [ [ [ 338978.0, 5642311.0 ], [ 338978.0, 5642305.757250825874507 ], [ 338977.968999999982771, 5642303.30599999986589 ], [ 338975.0, 5642303.34618476498872 ], [ 338975.0, 5642306.0 ], [ 338977.0, 5642306.0 ], [ 338977.0, 5642307.0 ], [ 338975.0, 5642307.0 ], [ 338975.0, 5642309.0 ], [ 338976.0, 5642309.0 ], [ 338976.0, 5642308.0 ], [ 338977.0, 5642308.0 ], [ 338977.0, 5642311.0 ], [ 338978.0, 5642311.0 ] ] ] ] } },
{ "type": "Feature", "properties": { "DN": 1, "gml_id": "DENW41AL30005YdbFL", "identifier": "urn:adv:oid:DENW41AL30005YdbFL", "aktualit_2": "2024-08-20Z", "idflurst": "DENW41AL30005Ydb", "flaeche": 458.0, "flstkennz_": "05468201900237______", "flstnrzae": "237", "flstnrnen": null, "gemarkung": "Horrem", "gemaschl": "054682", "flur": "19", "flurschl": "054682019", "land": "Nordrhein-Westfalen", "landschl": "05", "regbezirk": "Köln", "regbezschl": "053", "kreis": "Rhein-Erft-Kreis", "kreisschl": "05362", "gemeinde": "Kerpen", "gmdschl": "05362032", "abwrecht": "Kein abweichender Rechtszustand", "lagebeztxt": "Grabenweg 3", "tntxt": "Wohnbaufläche;458", "area": 457, "other catc": 1, "frag area": 15.2, "final area": 15.2 }, "geometry": { "type": "MultiPolygon", "coordinates": [ [ [ [ 338942.0, 5642303.0 ], [ 338942.0, 5642302.0 ], [ 338943.599196385359392, 5642302.0 ], [ 338943.797792352503166, 5642296.0 ], [ 338943.0, 5642296.0 ], [ 338943.0, 5642297.0 ], [ 338941.0, 5642297.0 ], [ 338941.0, 5642303.0 ], [ 338942.0, 5642303.0 ] ] ] ] } },
{ "type": "Feature", "properties": { "DN": 1, "gml_id": "DENW41AL30005ZnVFL", "identifier": "urn:adv:oid:DENW41AL30005ZnVFL", "aktualit_2": "2024-08-20Z", "idflurst": "DENW41AL30005ZnV", "flaeche": 382.0, "flstkennz_": "05468202000216______", "flstnrzae": "216", "flstnrnen": null, "gemarkung": "Horrem", "gemaschl": "054682", "flur": "20", "flurschl": "054682020", "land": "Nordrhein-Westfalen", "landschl": "05", "regbezirk": "Köln", "regbezschl": "053", "kreis": "Rhein-Erft-Kreis", "kreisschl": "05362", "gemeinde": "Kerpen", "gmdschl": "05362032", "abwrecht": "Kein abweichender Rechtszustand", "lagebeztxt": "Hebbelstraße 2", "tntxt": "Wohnbaufläche;382", "area": 388, "other catc": 1, "frag area": 31.4, "final area": 31.4 }, "geometry": { "type": "MultiPolygon", "coordinates": [ [ [ [ 338833.0, 5642306.0 ], [ 338833.0, 5642305.0 ], [ 338834.0, 5642305.0 ], [ 338834.0, 5642303.0 ], [ 338835.0, 5642303.0 ], [ 338835.0, 5642301.0 ], [ 338836.0, 5642301.0 ], [ 338836.0, 5642300.0 ], [ 338837.0, 5642300.0 ], [ 338837.0, 5642296.0 ], [ 338834.0, 5642296.0 ], [ 338834.0, 5642298.0 ], [ 338833.0, 5642298.0 ], [ 338833.0, 5642299.0 ], [ 338830.0, 5642299.0 ], [ 338830.0, 5642298.0 ], [ 338829.349344203772489, 5642298.0 ], [ 338829.275823334173765, 5642300.0 ], [ 338830.0, 5642300.0 ], [ 338830.0, 5642301.0 ], [ 338831.0, 5642301.0 ], [ 338831.0, 5642300.0 ], [ 338832.0, 5642300.0 ], [ 338832.0, 5642301.0 ], [ 338833.0, 5642301.0 ], [ 338833.0, 5642304.0 ], [ 338832.0, 5642304.0 ], [ 338832.0, 5642306.0 ], [ 338833.0, 5642306.0 ] ] ] ] } },
{ "type": "Feature", "properties": { "DN": 1, "gml_id": "DENW41AL30005WDyFL", "identifier": "urn:adv:oid:DENW41AL30005WDyFL", "aktualit_2": "2024-08-20Z", "idflurst": "DENW41AL30005WDy", "flaeche": 611.0, "flstkennz_": "05468202000051______", "flstnrzae": "51", "flstnrnen": null, "gemarkung": "Horrem", "gemaschl": "054682", "flur": "20", "flurschl": "054682020", "land": "Nordrhein-Westfalen", "landschl": "05", "regbezirk": "Köln", "regbezschl": "053", "kreis": "Rhein-Erft-Kreis", "kreisschl": "05362", "gemeinde": "Kerpen", "gmdschl": "05362032", "abwrecht": "Kein abweichender Rechtszustand", "lagebeztxt": "Hauptstraße 228", "tntxt": "Wohnbaufläche;611", "area": 610, "other catc": 1, "frag area": 19.0, "final area": 19.0 }, "geometry": { "type": "MultiPolygon", "coordinates": [ [ [ [ 339103.0, 5642297.0 ], [ 339103.0, 5642296.0 ], [ 339105.0, 5642296.0 ], [ 339105.0, 5642295.0 ], [ 339106.0, 5642295.0 ], [ 339106.0, 5642296.0 ], [ 339107.0, 5642296.0 ], [ 339107.0, 5642293.0 ], [ 339101.0, 5642293.0 ], [ 339101.0, 5642297.0 ], [ 339103.0, 5642297.0 ] ] ] ] } },
{ "type": "Feature", "properties": { "DN": 1, "gml_id": "DENW41AL30005YdbFL", "identifier": "urn:adv:oid:DENW41AL30005YdbFL", "aktualit_2": "2024-08-20Z", "idflurst": "DENW41AL30005Ydb", "flaeche": 458.0, "flstkennz_": "05468201900237______", "flstnrzae": "237", "flstnrnen": null, "gemarkung": "Horrem", "gemaschl": "054682", "flur": "19", "flurschl": "054682019", "land": "Nordrhein-Westfalen", "landschl": "05", "regbezirk": "Köln", "regbezschl": "053", "kreis": "Rhein-Erft-Kreis", "kreisschl": "05362", "gemeinde": "Kerpen", "gmdschl": "05362032", "abwrecht": "Kein abweichender Rechtszustand", "lagebeztxt": "Grabenweg 3", "tntxt": "Wohnbaufläche;458", "area": 457, "other catc": 1, "frag area": 11.6, "final area": 10.4 }, "geometry": { "type": "MultiPolygon", "coordinates": [ [ [ [ 338943.930562009685673, 5642292.0 ], [ 338940.440157858771272, 5642292.0 ], [ 338940.365760732034687, 5642295.0 ], [ 338943.830912535486277, 5642295.0 ], [ 338943.930562009685673, 5642292.0 ] ] ] ] } },
{ "type": "Feature", "properties": { "DN": 1, "gml_id": "DENW41AL30005WzTFL", "identifier": "urn:adv:oid:DENW41AL30005WzTFL", "aktualit_2": "2024-08-20Z", "idflurst": "DENW41AL30005WzT", "flaeche": 570.0, "flstkennz_": "05468202000217______", "flstnrzae": "217", "flstnrnen": null, "gemarkung": "Horrem", "gemaschl": "054682", "flur": "20", "flurschl": "054682020", "land": "Nordrhein-Westfalen", "landschl": "05", "regbezirk": "Köln", "regbezschl": "053", "kreis": "Rhein-Erft-Kreis", "kreisschl": "05362", "gemeinde": "Kerpen", "gmdschl": "05362032", "abwrecht": "Kein abweichender Rechtszustand", "lagebeztxt": "Hebbelstraße 4", "tntxt": "Wohnbaufläche;570", "area": 568, "other catc": 1, "frag area": 22.8, "final area": 22.8 }, "geometry": { "type": "MultiPolygon", "coordinates": [ [ [ [ 338857.0, 5642297.0 ], [ 338857.688350565731525, 5642297.0 ], [ 338857.802234693255741, 5642296.0 ], [ 338857.0, 5642296.0 ], [ 338857.0, 5642294.0 ], [ 338858.0, 5642294.0 ], [ 338858.0, 5642290.0 ], [ 338857.0, 5642290.0 ], [ 338857.0, 5642289.0 ], [ 338856.0, 5642289.0 ], [ 338856.0, 5642291.0 ], [ 338855.0, 5642291.0 ], [ 338855.0, 5642296.0 ], [ 338854.0, 5642296.0 ], [ 338854.0, 5642297.0 ], [ 338853.0, 5642297.0 ], [ 338853.0, 5642297.533144174143672 ], [ 338857.0, 5642297.983882476575673 ], [ 338857.0, 5642297.0 ] ] ] ] } },
{ "type": "Feature", "properties": { "DN": 1, "gml_id": "DENW41AL30005WDyFL", "identifier": "urn:adv:oid:DENW41AL30005WDyFL", "aktualit_2": "2024-08-20Z", "idflurst": "DENW41AL30005WDy", "flaeche": 611.0, "flstkennz_": "05468202000051______", "flstnrzae": "51", "flstnrnen": null, "gemarkung": "Horrem", "gemaschl": "054682", "flur": "20", "flurschl": "054682020", "land": "Nordrhein-Westfalen", "landschl": "05", "regbezirk": "Köln", "regbezschl": "053", "kreis": "Rhein-Erft-Kreis", "kreisschl": "05362", "gemeinde": "Kerpen", "gmdschl": "05362032", "abwrecht": "Kein abweichender Rechtszustand", "lagebeztxt": "Hauptstraße 228", "tntxt": "Wohnbaufläche;611", "area": 610, "other catc": 1, "frag area": 44.0, "final area": 43.1 }, "geometry": { "type": "MultiPolygon", "coordinates": [ [ [ [ 339092.0, 5642297.0 ], [ 339094.0, 5642297.0 ], [ 339094.0, 5642296.0 ], [ 339095.0, 5642296.0 ], [ 339095.0, 5642294.0 ], [ 339098.0, 5642294.0 ], [ 339098.0, 5642292.167310670949519 ], [ 339094.816999999980908, 5642292.21999999973923 ], [ 339094.849279171205126, 5642290.0 ], [ 339090.0, 5642290.0 ], [ 339090.0, 5642291.0 ], [ 339089.0, 5642291.0 ], [ 339089.0, 5642296.0 ], [ 339090.0, 5642296.0 ], [ 339090.0, 5642298.0 ], [ 339092.0, 5642298.0 ], [ 339092.0, 5642297.0 ] ], [ [ 339090.0, 5642293.0 ], [ 339091.0, 5642293.0 ], [ 339091.0, 5642296.0 ], [ 339090.0, 5642296.0 ], [ 339090.0, 5642293.0 ] ] ] ] } },
{ "type": "Feature", "properties": { "DN": 1, "gml_id": "DENW41AL30005WzTFL", "identifier": "urn:adv:oid:DENW41AL30005WzTFL", "aktualit_2": "2024-08-20Z", "idflurst": "DENW41AL30005WzT", "flaeche": 570.0, "flstkennz_": "05468202000217______", "flstnrzae": "217", "flstnrnen": null, "gemarkung": "Horrem", "gemaschl": "054682", "flur": "20", "flurschl": "054682020", "land": "Nordrhein-Westfalen", "landschl": "05", "regbezirk": "Köln", "regbezschl": "053", "kreis": "Rhein-Erft-Kreis", "kreisschl": "05362", "gemeinde": "Kerpen", "gmdschl": "05362032", "abwrecht": "Kein abweichender Rechtszustand", "lagebeztxt": "Hebbelstraße 4", "tntxt": "Wohnbaufläche;570", "area": 568, "other catc": 1, "frag area": 38.0, "final area": 38.0 }, "geometry": { "type": "MultiPolygon", "coordinates": [ [ [ [ 338835.0, 5642294.0 ], [ 338835.0, 5642293.0 ], [ 338836.0, 5642293.0 ], [ 338836.0, 5642291.0 ], [ 338835.0, 5642291.0 ], [ 338835.0, 5642289.0 ], [ 338834.0, 5642289.0 ], [ 338834.0, 5642288.0 ], [ 338832.0, 5642288.0 ], [ 338832.0, 5642287.0 ], [ 338830.0, 5642287.0 ], [ 338830.0, 5642288.0 ], [ 338829.0, 5642288.0 ], [ 338829.0, 5642294.0 ], [ 338835.0, 5642294.0 ] ], [ [ 338830.0, 5642289.0 ], [ 338831.0, 5642289.0 ], [ 338831.0, 5642290.0 ], [ 338830.0, 5642290.0 ], [ 338830.0, 5642289.0 ] ] ] ] } },
{ "type": "Feature", "properties": { "DN": 1, "gml_id": "DENW41AL30005I81FL", "identifier": "urn:adv:oid:DENW41AL30005I81FL", "aktualit_2": "2024-08-20Z", "idflurst": "DENW41AL30005I81", "flaeche": 366.0, "flstkennz_": "05468201900391______", "flstnrzae": "391", "flstnrnen": null, "gemarkung": "Horrem", "gemaschl": "054682", "flur": "19", "flurschl": "054682019", "land": "Nordrhein-Westfalen", "landschl": "05", "regbezirk": "Köln", "regbezschl": "053", "kreis": "Rhein-Erft-Kreis", "kreisschl": "05362", "gemeinde": "Kerpen", "gmdschl": "05362032", "abwrecht": "Kein abweichender Rechtszustand", "lagebeztxt": "Sistenichstraße 67 b", "tntxt": "Wohnbaufläche;366", "area": 366, "other catc": 1, "frag area": 31.2, "final area": 30.5 }, "geometry": { "type": "MultiPolygon", "coordinates": [ [ [ [ 338999.0, 5642289.0 ], [ 338999.0, 5642288.0 ], [ 339000.0, 5642288.0 ], [ 339000.0, 5642287.0 ], [ 339003.0, 5642287.0 ], [ 339003.0, 5642286.0 ], [ 339001.452460436616093, 5642286.0 ], [ 339001.429, 5642286.326000000350177 ], [ 338996.775151216192171, 5642286.0 ], [ 338993.0, 5642286.0 ], [ 338993.0, 5642287.0 ], [ 338992.0, 5642287.0 ], [ 338992.0, 5642289.0 ], [ 338993.0, 5642289.0 ], [ 338993.0, 5642290.074183132499456 ], [ 338998.0, 5642290.418580882251263 ], [ 338998.0, 5642289.0 ], [ 338999.0, 5642289.0 ] ] ] ] } },
{ "type": "Feature", "properties": { "DN": 1, "gml_id": "DENW41AL30005ZmdFL", "identifier": "urn:adv:oid:DENW41AL30005ZmdFL", "aktualit_2": "2024-08-20Z", "idflurst": "DENW41AL30005Zmd", "flaeche": 89.0, "flstkennz_": "05468201900390______", "flstnrzae": "390", "flstnrnen": null, "gemarkung": "Horrem", "gemaschl": "054682", "flur": "19", "flurschl": "054682019", "land": "Nordrhein-Westfalen", "landschl": "05", "regbezirk": "Köln", "regbezschl": "053", "kreis": "Rhein-Erft-Kreis", "kreisschl": "05362", "gemeinde": "Kerpen", "gmdschl": "05362032", "abwrecht": "Kein abweichender Rechtszustand", "lagebeztxt": "Sistenichstraße; Fischbachstraße 6", "tntxt": "Wohnbaufläche;89", "area": 89, "other catc": 1, "frag area": 13.8, "final area": 12.3 }, "geometry": { "type": "MultiPolygon", "coordinates": [ [ [ [ 338994.0, 5642293.0 ], [ 338995.0, 5642293.0 ], [ 338995.0, 5642294.0 ], [ 338996.0, 5642294.0 ], [ 338996.0, 5642293.958646317012608 ], [ 338995.715000000025611, 5642293.939000000245869 ], [ 338995.952, 5642290.5 ], [ 338998.0, 5642290.640947059728205 ], [ 338998.0, 5642290.418580882251263 ], [ 338993.0, 5642290.074183132499456 ], [ 338993.0, 5642291.0 ], [ 338992.0, 5642291.0 ], [ 338992.0, 5642293.0 ], [ 338993.0, 5642293.0 ], [ 338993.0, 5642294.0 ], [ 338994.0, 5642294.0 ], [ 338994.0, 5642293.0 ] ] ] ] } },
{ "type": "Feature", "properties": { "DN": 1, "gml_id": "DENW41AL30005RZzFL", "identifier": "urn:adv:oid:DENW41AL30005RZzFL", "aktualit_2": "2024-08-20Z", "idflurst": "DENW41AL30005RZz", "flaeche": 802.0, "flstkennz_": "054682019000210003__", "flstnrzae": "21", "flstnrnen": "3", "gemarkung": "Horrem", "gemaschl": "054682", "flur": "19", "flurschl": "054682019", "land": "Nordrhein-Westfalen", "landschl": "05", "regbezirk": "Köln", "regbezschl": "053", "kreis": "Rhein-Erft-Kreis", "kreisschl": "05362", "gemeinde": "Kerpen", "gmdschl": "05362032", "abwrecht": "Kein abweichender Rechtszustand", "lagebeztxt": "Fischbachstraße 4, 4 a", "tntxt": "Wohnbaufläche;802", "area": 796, "other catc": 1, "frag area": 101.1, "final area": 101.1 }, "geometry": { "type": "MultiPolygon", "coordinates": [ [ [ [ 339040.0, 5642299.560995049774647 ], [ 339039.982000000018161, 5642299.950000000186265 ], [ 339039.97810002596816, 5642300.0 ], [ 339040.0, 5642300.0 ], [ 339040.0, 5642299.560995049774647 ] ] ], [ [ [ 339041.0, 5642293.0 ], [ 339043.0, 5642293.0 ], [ 339043.0, 5642292.0 ], [ 339045.0, 5642292.0 ], [ 339045.0, 5642293.0 ], [ 339055.0, 5642293.0 ], [ 339055.0, 5642292.0 ], [ 339057.0, 5642292.0 ], [ 339057.0, 5642293.0 ], [ 339060.0, 5642293.0 ], [ 339060.0, 5642295.0 ], [ 339062.0, 5642295.0 ], [ 339062.0, 5642296.0 ], [ 339063.0, 5642296.0 ], [ 339063.0, 5642291.0 ], [ 339062.0, 5642291.0 ], [ 339062.0, 5642289.0 ], [ 339060.0, 5642289.0 ], [ 339060.0, 5642290.0 ], [ 339059.0, 5642290.0 ], [ 339059.0, 5642289.0 ], [ 339044.0, 5642289.0 ], [ 339044.0, 5642288.0 ], [ 339043.0, 5642288.0 ], [ 339043.0, 5642286.0 ], [ 339042.0, 5642286.0 ], [ 339042.0, 5642285.0 ], [ 339040.669163149781525, 5642285.0 ], [ 339040.636, 5642285.724000000394881 ], [ 339040.623443130112719, 5642286.0 ], [ 339041.0, 5642286.0 ], [ 339041.0, 5642289.0 ], [ 339040.486955414002296, 5642289.0 ], [ 339040.386, 5642291.218999999575317 ], [ 339040.164774023578502, 5642296.0 ], [ 339041.0, 5642296.0 ], [ 339041.0, 5642293.0 ] ] ] ] } },
{ "type": "Feature", "properties": { "DN": 1, "gml_id": "DENW41AL30005bK0FL", "identifier": "urn:adv:oid:DENW41AL30005bK0FL", "aktualit_2": "2024-08-20Z", "idflurst": "DENW41AL30005bK0", "flaeche": 722.0, "flstkennz_": "054682019000210004__", "flstnrzae": "21", "flstnrnen": "4", "gemarkung": "Horrem", "gemaschl": "054682", "flur": "19", "flurschl": "054682019", "land": "Nordrhein-Westfalen", "landschl": "05", "regbezirk": "Köln", "regbezschl": "053", "kreis": "Rhein-Erft-Kreis", "kreisschl": "05362", "gemeinde": "Kerpen", "gmdschl": "05362032", "abwrecht": "Kein abweichender Rechtszustand", "lagebeztxt": "Fischbachstraße 5", "tntxt": "Wohnbaufläche;722", "area": 720, "other catc": 1, "frag area": 77.4, "final area": 75.9 }, "geometry": { "type": "MultiPolygon", "coordinates": [ [ [ [ 339040.164774023578502, 5642296.0 ], [ 339040.386, 5642291.218999999575317 ], [ 339037.0, 5642291.063965049572289 ], [ 339037.0, 5642292.0 ], [ 339036.0, 5642292.0 ], [ 339036.0, 5642293.0 ], [ 339035.0, 5642293.0 ], [ 339035.0, 5642294.0 ], [ 339032.0, 5642294.0 ], [ 339032.0, 5642295.0 ], [ 339030.0, 5642295.0 ], [ 339030.0, 5642294.0 ], [ 339029.0, 5642294.0 ], [ 339029.0, 5642292.0 ], [ 339028.0, 5642292.0 ], [ 339028.0, 5642294.0 ], [ 339027.0, 5642294.0 ], [ 339027.0, 5642297.0 ], [ 339026.0, 5642297.0 ], [ 339026.0, 5642298.0 ], [ 339029.0, 5642298.0 ], [ 339029.0, 5642297.0 ], [ 339031.0, 5642297.0 ], [ 339031.0, 5642298.0 ], [ 339033.0, 5642298.0 ], [ 339033.0, 5642299.0 ], [ 339034.0, 5642299.0 ], [ 339034.0, 5642299.537851393222809 ], [ 339039.982000000018161, 5642299.950000000186265 ], [ 339040.0, 5642299.560995049774647 ], [ 339040.0, 5642296.0 ], [ 339040.164774023578502, 5642296.0 ] ] ], [ [ [ 339040.0, 5642285.69484784360975 ], [ 339040.636, 5642285.724000000394881 ], [ 339040.669163149781525, 5642285.0 ], [ 339040.0, 5642285.0 ], [ 339040.0, 5642285.69484784360975 ] ] ] ] } },
{ "type": "Feature", "properties": { "DN": 1, "gml_id": "DENW41AL30005RZzFL", "identifier": "urn:adv:oid:DENW41AL30005RZzFL", "aktualit_2": "2024-08-20Z", "idflurst": "DENW41AL30005RZz", "flaeche": 802.0, "flstkennz_": "054682019000210003__", "flstnrzae": "21", "flstnrnen": "3", "gemarkung": "Horrem", "gemaschl": "054682", "flur": "19", "flurschl": "054682019", "land": "Nordrhein-Westfalen", "landschl": "05", "regbezirk": "Köln", "regbezschl": "053", "kreis": "Rhein-Erft-Kreis", "kreisschl": "05362", "gemeinde": "Kerpen", "gmdschl": "05362032", "abwrecht": "Kein abweichender Rechtszustand", "lagebeztxt": "Fischbachstraße 4, 4 a", "tntxt": "Wohnbaufläche;802", "area": 796, "other catc": 1, "frag area": 11.6, "final area": 11.6 }, "geometry": { "type": "MultiPolygon", "coordinates": [ [ [ [ 339064.0, 5642286.0 ], [ 339064.0, 5642285.0 ], [ 339064.596268678782508, 5642285.0 ], [ 339064.92661572585348, 5642279.0 ], [ 339063.0, 5642279.0 ], [ 339063.0, 5642286.0 ], [ 339064.0, 5642286.0 ] ] ] ] } },
{ "type": "Feature", "properties": { "DN": 1, "gml_id": "DENW41AL30005hcCFL", "identifier": "urn:adv:oid:DENW41AL30005hcCFL", "aktualit_2": "2024-08-20Z", "idflurst": "DENW41AL30005hcC", "flaeche": 616.0, "flstkennz_": "05468202000052______", "flstnrzae": "52", "flstnrnen": null, "gemarkung": "Horrem", "gemaschl": "054682", "flur": "20", "flurschl": "054682020", "land": "Nordrhein-Westfalen", "landschl": "05", "regbezirk": "Köln", "regbezschl": "053", "kreis": "Rhein-Erft-Kreis", "kreisschl": "05362", "gemeinde": "Kerpen", "gmdschl": "05362032", "abwrecht": "Kein abweichender Rechtszustand", "lagebeztxt": "Hauptstraße 230", "tntxt": "Wohnbaufläche;616", "area": 625, "other catc": 1, "frag area": 13.0, "final area": 13.0 }, "geometry": { "type": "MultiPolygon", "coordinates": [ [ [ [ 339098.0, 5642286.0 ], [ 339100.0, 5642286.0 ], [ 339100.0, 5642284.604283018968999 ], [ 339099.988000000012107, 5642284.24100000038743 ], [ 339100.0, 5642284.240787334740162 ], [ 339100.0, 5642284.0 ], [ 339101.0, 5642284.0 ], [ 339101.0, 5642283.0 ], [ 339096.0, 5642283.0 ], [ 339096.0, 5642285.0 ], [ 339097.0, 5642285.0 ], [ 339097.0, 5642287.0 ], [ 339098.0, 5642287.0 ], [ 339098.0, 5642286.0 ] ] ] ] } },
{ "type": "Feature", "properties": { "DN": 1, "gml_id": "DENW41AL30005VXFFL", "identifier": "urn:adv:oid:DENW41AL30005VXFFL", "aktualit_2": "2024-08-20Z", "idflurst": "DENW41AL30005VXF", "flaeche": 449.0, "flstkennz_": "05468201900129______", "flstnrzae": "129", "flstnrnen": null, "gemarkung": "Horrem", "gemaschl": "054682", "flur": "19", "flurschl": "054682019", "land": "Nordrhein-Westfalen", "landschl": "05", "regbezirk": "Köln", "regbezschl": "053", "kreis": "Rhein-Erft-Kreis", "kreisschl": "05362", "gemeinde": "Kerpen", "gmdschl": "05362032", "abwrecht": "Kein abweichender Rechtszustand", "lagebeztxt": "Sistenichstraße 62", "tntxt": "Wohnbaufläche;449", "area": 449, "other catc": 1, "frag area": 11.0, "final area": 11.0 }, "geometry": { "type": "MultiPolygon", "coordinates": [ [ [ [ 338961.0, 5642284.0 ], [ 338961.0, 5642280.0 ], [ 338960.0, 5642280.0 ], [ 338960.0, 5642279.0 ], [ 338959.0, 5642279.0 ], [ 338959.0, 5642280.0 ], [ 338958.0, 5642280.0 ], [ 338958.0, 5642283.0 ], [ 338960.0, 5642283.0 ], [ 338960.0, 5642284.0 ], [ 338961.0, 5642284.0 ] ] ] ] } },
{ "type": "Feature", "properties": { "DN": 1, "gml_id": "DENW41AL30005RZzFL", "identifier": "urn:adv:oid:DENW41AL30005RZzFL", "aktualit_2": "2024-08-20Z", "idflurst": "DENW41AL30005RZz", "flaeche": 802.0, "flstkennz_": "054682019000210003__", "flstnrzae": "21", "flstnrnen": "3", "gemarkung": "Horrem", "gemaschl": "054682", "flur": "19", "flurschl": "054682019", "land": "Nordrhein-Westfalen", "landschl": "05", "regbezirk": "Köln", "regbezschl": "053", "kreis": "Rhein-Erft-Kreis", "kreisschl": "05362", "gemeinde": "Kerpen", "gmdschl": "05362032", "abwrecht": "Kein abweichender Rechtszustand", "lagebeztxt": "Fischbachstraße 4, 4 a", "tntxt": "Wohnbaufläche;802", "area": 796, "other catc": 1, "frag area": 12.0, "final area": 12.0 }, "geometry": { "type": "MultiPolygon", "coordinates": [ [ [ [ 339043.0, 5642281.0 ], [ 339043.0, 5642273.0 ], [ 339044.0, 5642273.0 ], [ 339044.0, 5642272.0 ], [ 339045.0, 5642272.0 ], [ 339045.0, 5642271.0 ], [ 339043.0, 5642271.0 ], [ 339043.0, 5642272.0 ], [ 339042.0, 5642272.0 ], [ 339042.0, 5642281.0 ], [ 339043.0, 5642281.0 ] ] ] ] } },
{ "type": "Feature", "properties": { "DN": 1, "gml_id": "DENW41AL30005VP8FL", "identifier": "urn:adv:oid:DENW41AL30005VP8FL", "aktualit_2": "2024-08-20Z", "idflurst": "DENW41AL30005VP8", "flaeche": 724.0, "flstkennz_": "05468202000053______", "flstnrzae": "53", "flstnrnen": null, "gemarkung": "Horrem", "gemaschl": "054682", "flur": "20", "flurschl": "054682020", "land": "Nordrhein-Westfalen", "landschl": "05", "regbezirk": "Köln", "regbezschl": "053", "kreis": "Rhein-Erft-Kreis", "kreisschl": "05362", "gemeinde": "Kerpen", "gmdschl": "05362032", "abwrecht": "Kein abweichender Rechtszustand", "lagebeztxt": "Hauptstraße 232", "tntxt": "Wohnbaufläche;724", "area": 716, "other catc": 1, "frag area": 17.3, "final area": 17.3 }, "geometry": { "type": "MultiPolygon", "coordinates": [ [ [ [ 339126.0, 5642271.0 ], [ 339125.0, 5642271.0 ], [ 339125.0, 5642272.0 ], [ 339124.0, 5642272.0 ], [ 339124.0, 5642280.0 ], [ 339125.0, 5642280.0 ], [ 339125.0, 5642280.324717232957482 ], [ 339125.98599999997532, 5642280.36600000038743 ], [ 339126.0, 5642275.172933328896761 ], [ 339126.0, 5642271.0 ] ] ] ] } },
{ "type": "Feature", "properties": { "DN": 1, "gml_id": "DENW41AL30005V58FL", "identifier": "urn:adv:oid:DENW41AL30005V58FL", "aktualit_2": "2024-08-20Z", "idflurst": "DENW41AL30005V58", "flaeche": 474.0, "flstkennz_": "05468202000046______", "flstnrzae": "46", "flstnrnen": null, "gemarkung": "Horrem", "gemaschl": "054682", "flur": "20", "flurschl": "054682020", "land": "Nordrhein-Westfalen", "landschl": "05", "regbezirk": "Köln", "regbezschl": "053", "kreis": "Rhein-Erft-Kreis", "kreisschl": "05362", "gemeinde": "Kerpen", "gmdschl": "05362032", "abwrecht": "Kein abweichender Rechtszustand", "lagebeztxt": "Hauptstraße 222", "tntxt": "Fläche gemischter Nutzung(funktion:Gebäude- und Freifläche Mischnutzung mit Wohnen);474", "area": 476, "other catc": 1, "frag area": 13.2, "final area": 13.2 }, "geometry": { "type": "MultiPolygon", "coordinates": [ [ [ [ 339126.0, 5642318.328405443578959 ], [ 339124.0, 5642318.347790884785354 ], [ 339124.0, 5642324.0 ], [ 339125.0, 5642324.0 ], [ 339125.0, 5642325.861780968494713 ], [ 339126.0, 5642325.852558583021164 ], [ 339126.0, 5642318.328405443578959 ] ] ] ] } },
{ "type": "Feature", "properties": { "DN": 1, "gml_id": "DENW41AL30005YMUFL", "identifier": "urn:adv:oid:DENW41AL30005YMUFL", "aktualit_2": "2024-08-20Z", "idflurst": "DENW41AL30005YMU", "flaeche": 582.0, "flstkennz_": "05468202000043______", "flstnrzae": "43", "flstnrnen": null, "gemarkung": "Horrem", "gemaschl": "054682", "flur": "20", "flurschl": "054682020", "land": "Nordrhein-Westfalen", "landschl": "05", "regbezirk": "Köln", "regbezschl": "053", "kreis": "Rhein-Erft-Kreis", "kreisschl": "05362", "gemeinde": "Kerpen", "gmdschl": "05362032", "abwrecht": "Kein abweichender Rechtszustand", "lagebeztxt": "Hauptstraße 220", "tntxt": "Fläche gemischter Nutzung(funktion:Gebäude- und Freifläche Mischnutzung mit Wohnen);582", "area": 585, "other catc": 1, "frag area": 15.1, "final area": 15.1 }, "geometry": { "type": "MultiPolygon", "coordinates": [ [ [ [ 339126.0, 5642335.0 ], [ 339126.0, 5642325.852558583021164 ], [ 339125.0, 5642325.861780968494713 ], [ 339125.0, 5642327.0 ], [ 339124.0, 5642327.0 ], [ 339124.0, 5642333.0 ], [ 339125.0, 5642333.0 ], [ 339125.0, 5642335.0 ], [ 339126.0, 5642335.0 ] ] ] ] } },
{ "type": "Feature", "properties": { "DN": 1, "gml_id": "DENW41AL30005hcCFL", "identifier": "urn:adv:oid:DENW41AL30005hcCFL", "aktualit_2": "2024-08-20Z", "idflurst": "DENW41AL30005hcC", "flaeche": 616.0, "flstkennz_": "05468202000052______", "flstnrzae": "52", "flstnrnen": null, "gemarkung": "Horrem", "gemaschl": "054682", "flur": "20", "flurschl": "054682020", "land": "Nordrhein-Westfalen", "landschl": "05", "regbezirk": "Köln", "regbezschl": "053", "kreis": "Rhein-Erft-Kreis", "kreisschl": "05362", "gemeinde": "Kerpen", "gmdschl": "05362032", "abwrecht": "Kein abweichender Rechtszustand", "lagebeztxt": "Hauptstraße 230", "tntxt": "Wohnbaufläche;616", "area": 625, "other catc": 1, "frag area": 16.6, "final area": 16.6 }, "geometry": { "type": "MultiPolygon", "coordinates": [ [ [ [ 339126.0, 5642283.034400002099574 ], [ 339125.98599999997532, 5642280.36600000038743 ], [ 339125.0, 5642280.324717232957482 ], [ 339125.0, 5642281.0 ], [ 339124.0, 5642281.0 ], [ 339124.0, 5642288.977085550315678 ], [ 339126.0, 5642288.943520261906087 ], [ 339126.0, 5642283.034400002099574 ] ] ] ] } },
{ "type": "Feature", "properties": { "DN": 1, "gml_id": "DENW41AL30005WDyFL", "identifier": "urn:adv:oid:DENW41AL30005WDyFL", "aktualit_2": "2024-08-20Z", "idflurst": "DENW41AL30005WDy", "flaeche": 611.0, "flstkennz_": "05468202000051______", "flstnrzae": "51", "flstnrnen": null, "gemarkung": "Horrem", "gemaschl": "054682", "flur": "20", "flurschl": "054682020", "land": "Nordrhein-Westfalen", "landschl": "05", "regbezirk": "Köln", "regbezschl": "053", "kreis": "Rhein-Erft-Kreis", "kreisschl": "05362", "gemeinde": "Kerpen", "gmdschl": "05362032", "abwrecht": "Kein abweichender Rechtszustand", "lagebeztxt": "Hauptstraße 228", "tntxt": "Wohnbaufläche;611", "area": 610, "other catc": 1, "frag area": 14.0, "final area": 14.0 }, "geometry": { "type": "MultiPolygon", "coordinates": [ [ [ [ 339126.0, 5642288.943520261906087 ], [ 339124.0, 5642288.977085550315678 ], [ 339124.0, 5642289.0 ], [ 339125.0, 5642289.0 ], [ 339125.0, 5642294.0 ], [ 339124.0, 5642294.0 ], [ 339124.0, 5642297.0 ], [ 339125.0, 5642297.0 ], [ 339125.0, 5642298.0 ], [ 339124.0, 5642298.0 ], [ 339124.0, 5642298.979127098806202 ], [ 339126.0, 5642298.959637154825032 ], [ 339126.0, 5642288.943520261906087 ] ] ] ] } },
{ "type": "Feature", "properties": { "DN": 1, "gml_id": "DENW41AL30005hi3FL", "identifier": "urn:adv:oid:DENW41AL30005hi3FL", "aktualit_2": "2024-08-20Z", "idflurst": "DENW41AL30005hi3", "flaeche": 656.0, "flstkennz_": "05468202000050______", "flstnrzae": "50", "flstnrnen": null, "gemarkung": "Horrem", "gemaschl": "054682", "flur": "20", "flurschl": "054682020", "land": "Nordrhein-Westfalen", "landschl": "05", "regbezirk": "Köln", "regbezschl": "053", "kreis": "Rhein-Erft-Kreis", "kreisschl": "05362", "gemeinde": "Kerpen", "gmdschl": "05362032", "abwrecht": "Kein abweichender Rechtszustand", "lagebeztxt": "Hauptstraße 226", "tntxt": "Fläche gemischter Nutzung(funktion:Gebäude- und Freifläche Mischnutzung mit Wohnen);656", "area": 651, "other catc": 1, "frag area": 20.7, "final area": 20.7 }, "geometry": { "type": "MultiPolygon", "coordinates": [ [ [ [ 339126.0, 5642298.959637154825032 ], [ 339124.0, 5642298.979127098806202 ], [ 339124.0, 5642309.340389299206436 ], [ 339126.0, 5642309.319227390922606 ], [ 339126.0, 5642298.959637154825032 ] ] ] ] } },
{ "type": "Feature", "properties": { "DN": 1, "gml_id": "DENW41AL30005bM2FL", "identifier": "urn:adv:oid:DENW41AL30005bM2FL", "aktualit_2": "2024-08-20Z", "idflurst": "DENW41AL30005bM2", "flaeche": 564.0, "flstkennz_": "05468202000047______", "flstnrzae": "47", "flstnrnen": null, "gemarkung": "Horrem", "gemaschl": "054682", "flur": "20", "flurschl": "054682020", "land": "Nordrhein-Westfalen", "landschl": "05", "regbezirk": "Köln", "regbezschl": "053", "kreis": "Rhein-Erft-Kreis", "kreisschl": "05362", "gemeinde": "Kerpen", "gmdschl": "05362032", "abwrecht": "Kein abweichender Rechtszustand", "lagebeztxt": "Hauptstraße 224", "tntxt": "Fläche gemischter Nutzung(funktion:Gebäude- und Freifläche Mischnutzung mit Wohnen);564", "area": 567, "other catc": 1, "frag area": 18.0, "final area": 18.0 }, "geometry": { "type": "MultiPolygon", "coordinates": [ [ [ [ 339126.0, 5642309.319227390922606 ], [ 339124.0, 5642309.340389299206436 ], [ 339124.0, 5642318.347790884785354 ], [ 339126.0, 5642318.328405443578959 ], [ 339126.0, 5642309.319227390922606 ] ] ] ] } },
{ "type": "Feature", "properties": { "DN": 1, "gml_id": "DENW41AL30005VXFFL", "identifier": "urn:adv:oid:DENW41AL30005VXFFL", "aktualit_2": "2024-08-20Z", "idflurst": "DENW41AL30005VXF", "flaeche": 449.0, "flstkennz_": "05468201900129______", "flstnrzae": "129", "flstnrnen": null, "gemarkung": "Horrem", "gemaschl": "054682", "flur": "19", "flurschl": "054682019", "land": "Nordrhein-Westfalen", "landschl": "05", "regbezirk": "Köln", "regbezschl": "053", "kreis": "Rhein-Erft-Kreis", "kreisschl": "05362", "gemeinde": "Kerpen", "gmdschl": "05362032", "abwrecht": "Kein abweichender Rechtszustand", "lagebeztxt": "Sistenichstraße 62", "tntxt": "Wohnbaufläche;449", "area": 449, "other catc": 1, "frag area": 16.1, "final area": 16.1 }, "geometry": { "type": "MultiPolygon", "coordinates": [ [ [ [ 338977.775160821445752, 5642288.0 ], [ 338977.601000000024214, 5642273.803999999538064 ], [ 338975.0, 5642273.840625482611358 ], [ 338975.0, 5642275.0 ], [ 338976.0, 5642275.0 ], [ 338976.0, 5642277.0 ], [ 338977.0, 5642277.0 ], [ 338977.0, 5642286.0 ], [ 338976.0, 5642286.0 ], [ 338976.0, 5642288.0 ], [ 338977.775160821445752, 5642288.0 ] ] ] ] } },
{ "type": "Feature", "properties": { "DN": 1, "gml_id": "DENW41AL30005VP8FL", "identifier": "urn:adv:oid:DENW41AL30005VP8FL", "aktualit_2": "2024-08-20Z", "idflurst": "DENW41AL30005VP8", "flaeche": 724.0, "flstkennz_": "05468202000053______", "flstnrzae": "53", "flstnrnen": null, "gemarkung": "Horrem", "gemaschl": "054682", "flur": "20", "flurschl": "054682020", "land": "Nordrhein-Westfalen", "landschl": "05", "regbezirk": "Köln", "regbezschl": "053", "kreis": "Rhein-Erft-Kreis", "kreisschl": "05362", "gemeinde": "Kerpen", "gmdschl": "05362032", "abwrecht": "Kein abweichender Rechtszustand", "lagebeztxt": "Hauptstraße 232", "tntxt": "Wohnbaufläche;724", "area": 716, "other catc": 1, "frag area": 43.0, "final area": 42.1 }, "geometry": { "type": "MultiPolygon", "coordinates": [ [ [ [ 339101.0, 5642273.0 ], [ 339102.0, 5642273.0 ], [ 339102.0, 5642272.0 ], [ 339109.0, 5642272.0 ], [ 339109.0, 5642271.0 ], [ 339102.0, 5642271.0 ], [ 339102.0, 5642268.0 ], [ 339101.0, 5642268.0 ], [ 339101.0, 5642269.0 ], [ 339097.0, 5642269.0 ], [ 339097.0, 5642268.0 ], [ 339095.0, 5642268.0 ], [ 339095.0, 5642270.0 ], [ 339096.0, 5642270.0 ], [ 339096.0, 5642273.0 ], [ 339097.0, 5642273.0 ], [ 339097.0, 5642274.709547152742743 ], [ 339101.0, 5642274.82117042504251 ], [ 339101.0, 5642273.0 ] ] ] ] } },
{ "type": "Feature", "properties": { "DN": 1, "gml_id": "DENW41AL30005WpoFL", "identifier": "urn:adv:oid:DENW41AL30005WpoFL", "aktualit_2": "2024-08-20Z", "idflurst": "DENW41AL30005Wpo", "flaeche": 725.0, "flstkennz_": "054682019000340002__", "flstnrzae": "34", "flstnrnen": "2", "gemarkung": "Horrem", "gemaschl": "054682", "flur": "19", "flurschl": "054682019", "land": "Nordrhein-Westfalen", "landschl": "05", "regbezirk": "Köln", "regbezschl": "053", "kreis": "Rhein-Erft-Kreis", "kreisschl": "05362", "gemeinde": "Kerpen", "gmdschl": "05362032", "abwrecht": "Kein abweichender Rechtszustand", "lagebeztxt": "Hauptstraße 236", "tntxt": "Fläche gemischter Nutzung(funktion:Gebäude- und Freifläche Mischnutzung mit Wohnen);725", "area": 732, "other catc": 1, "frag area": 47.0, "final area": 47.0 }, "geometry": { "type": "MultiPolygon", "coordinates": [ [ [ [ 339116.0, 5642267.0 ], [ 339116.0, 5642266.0 ], [ 339117.0, 5642266.0 ], [ 339117.0, 5642265.0 ], [ 339121.0, 5642265.0 ], [ 339121.0, 5642256.0 ], [ 339120.0, 5642256.0 ], [ 339120.0, 5642255.0 ], [ 339119.0, 5642255.0 ], [ 339119.0, 5642254.0 ], [ 339118.0, 5642254.0 ], [ 339118.0, 5642255.0 ], [ 339117.0, 5642255.0 ], [ 339117.0, 5642262.0 ], [ 339116.0, 5642262.0 ], [ 339116.0, 5642264.0 ], [ 339115.0, 5642264.0 ], [ 339115.0, 5642267.0 ], [ 339116.0, 5642267.0 ] ] ] ] } },
{ "type": "Feature", "properties": { "DN": 1, "gml_id": "DENW41AL30005barFL", "identifier": "urn:adv:oid:DENW41AL30005barFL", "aktualit_2": "2024-08-20Z", "idflurst": "DENW41AL30005bar", "flaeche": 734.0, "flstkennz_": "05468202000221______", "flstnrzae": "221", "flstnrnen": null, "gemarkung": "Horrem", "gemaschl": "054682", "flur": "20", "flurschl": "054682020", "land": "Nordrhein-Westfalen", "landschl": "05", "regbezirk": "Köln", "regbezschl": "053", "kreis": "Rhein-Erft-Kreis", "kreisschl": "05362", "gemeinde": "Kerpen", "gmdschl": "05362032", "abwrecht": "Kein abweichender Rechtszustand", "lagebeztxt": "Heinrich-Heine-Straße 2", "tntxt": "Wohnbaufläche;734", "area": 733, "other catc": 1, "frag area": 29.0, "final area": 28.4 }, "geometry": { "type": "MultiPolygon", "coordinates": [ [ [ [ 338826.0, 5642253.0 ], [ 338826.511856476252433, 5642253.0 ], [ 338826.62758829491213, 5642252.0 ], [ 338825.0, 5642252.0 ], [ 338825.0, 5642253.0 ], [ 338823.0, 5642253.0 ], [ 338823.0, 5642254.0 ], [ 338822.0, 5642254.0 ], [ 338822.0, 5642255.0 ], [ 338820.0, 5642255.0 ], [ 338820.0, 5642258.0 ], [ 338824.0, 5642258.0 ], [ 338824.0, 5642259.0 ], [ 338825.817465564410668, 5642259.0 ], [ 338826.0, 5642257.422780893743038 ], [ 338826.0, 5642253.0 ] ] ] ] } },
{ "type": "Feature", "properties": { "DN": 1, "gml_id": "DENW41AL30005ebsFL", "identifier": "urn:adv:oid:DENW41AL30005ebsFL", "aktualit_2": "2024-08-20Z", "idflurst": "DENW41AL30005ebs", "flaeche": 583.0, "flstkennz_": "05468202000220______", "flstnrzae": "220", "flstnrnen": null, "gemarkung": "Horrem", "gemaschl": "054682", "flur": "20", "flurschl": "054682020", "land": "Nordrhein-Westfalen", "landschl": "05", "regbezirk": "Köln", "regbezschl": "053", "kreis": "Rhein-Erft-Kreis", "kreisschl": "05362", "gemeinde": "Kerpen", "gmdschl": "05362032", "abwrecht": "Kein abweichender Rechtszustand", "lagebeztxt": "Hebbelstraße 10", "tntxt": "Wohnbaufläche;583", "area": 580, "other catc": 1, "frag area": 12.3, "final area": 11.7 }, "geometry": { "type": "MultiPolygon", "coordinates": [ [ [ [ 338857.0, 5642252.0 ], [ 338852.0, 5642252.0 ], [ 338852.0, 5642251.0 ], [ 338848.509168674761895, 5642251.0 ], [ 338848.321, 5642252.644000000320375 ], [ 338851.427432860364206, 5642253.0 ], [ 338857.0, 5642253.0 ], [ 338857.0, 5642252.0 ] ] ] ] } },
{ "type": "Feature", "properties": { "DN": 1, "gml_id": "DENW41AL30005ebsFL", "identifier": "urn:adv:oid:DENW41AL30005ebsFL", "aktualit_2": "2024-08-20Z", "idflurst": "DENW41AL30005ebs", "flaeche": 583.0, "flstkennz_": "05468202000220______", "flstnrzae": "220", "flstnrnen": null, "gemarkung": "Horrem", "gemaschl": "054682", "flur": "20", "flurschl": "054682020", "land": "Nordrhein-Westfalen", "landschl": "05", "regbezirk": "Köln", "regbezschl": "053", "kreis": "Rhein-Erft-Kreis", "kreisschl": "05362", "gemeinde": "Kerpen", "gmdschl": "05362032", "abwrecht": "Kein abweichender Rechtszustand", "lagebeztxt": "Hebbelstraße 10", "tntxt": "Wohnbaufläche;583", "area": 580, "other catc": 1, "frag area": 23.6, "final area": 23.6 }, "geometry": { "type": "MultiPolygon", "coordinates": [ [ [ [ 338862.698319442628417, 5642253.0 ], [ 338863.0, 5642250.35312285926193 ], [ 338863.0, 5642247.0 ], [ 338861.0, 5642247.0 ], [ 338861.0, 5642246.0 ], [ 338860.0, 5642246.0 ], [ 338860.0, 5642247.0 ], [ 338859.0, 5642247.0 ], [ 338859.0, 5642251.0 ], [ 338858.0, 5642251.0 ], [ 338858.0, 5642252.0 ], [ 338861.0, 5642252.0 ], [ 338861.0, 5642253.0 ], [ 338862.698319442628417, 5642253.0 ] ] ] ] } },
{ "type": "Feature", "properties": { "DN": 1, "gml_id": "DENW41AL30005bKXFL", "identifier": "urn:adv:oid:DENW41AL30005bKXFL", "aktualit_2": "2024-08-20Z", "idflurst": "DENW41AL30005bKX", "flaeche": 874.0, "flstkennz_": "05468201900369______", "flstnrzae": "369", "flstnrnen": null, "gemarkung": "Horrem", "gemaschl": "054682", "flur": "19", "flurschl": "054682019", "land": "Nordrhein-Westfalen", "landschl": "05", "regbezirk": "Köln", "regbezschl": "053", "kreis": "Rhein-Erft-Kreis", "kreisschl": "05362", "gemeinde": "Kerpen", "gmdschl": "05362032", "abwrecht": "Kein abweichender Rechtszustand", "lagebeztxt": "Merodestraße 4 a", "tntxt": "Wohnbaufläche;874", "area": 873, "other catc": 1, "frag area": 14.0, "final area": 14.0 }, "geometry": { "type": "MultiPolygon", "coordinates": [ [ [ [ 339084.0, 5642239.0 ], [ 339084.0, 5642237.0 ], [ 339077.0, 5642237.0 ], [ 339077.0, 5642239.0 ], [ 339084.0, 5642239.0 ] ] ] ] } },
{ "type": "Feature", "properties": { "DN": 1, "gml_id": "DENW41AL30005barFL", "identifier": "urn:adv:oid:DENW41AL30005barFL", "aktualit_2": "2024-08-20Z", "idflurst": "DENW41AL30005bar", "flaeche": 734.0, "flstkennz_": "05468202000221______", "flstnrzae": "221", "flstnrnen": null, "gemarkung": "Horrem", "gemaschl": "054682", "flur": "20", "flurschl": "054682020", "land": "Nordrhein-Westfalen", "landschl": "05", "regbezirk": "Köln", "regbezschl": "053", "kreis": "Rhein-Erft-Kreis", "kreisschl": "05362", "gemeinde": "Kerpen", "gmdschl": "05362032", "abwrecht": "Kein abweichender Rechtszustand", "lagebeztxt": "Heinrich-Heine-Straße 2", "tntxt": "Wohnbaufläche;734", "area": 733, "other catc": 1, "frag area": 34.9, "final area": 34.9 }, "geometry": { "type": "MultiPolygon", "coordinates": [ [ [ [ 338830.0, 5642238.0 ], [ 338830.0, 5642237.0 ], [ 338831.0, 5642237.0 ], [ 338831.0, 5642232.552881147712469 ], [ 338828.0, 5642232.205998589284718 ], [ 338828.0, 5642234.0 ], [ 338827.0, 5642234.0 ], [ 338827.0, 5642233.0 ], [ 338826.0, 5642233.0 ], [ 338826.0, 5642235.0 ], [ 338825.0, 5642235.0 ], [ 338825.0, 5642233.0 ], [ 338824.0, 5642233.0 ], [ 338824.0, 5642234.0 ], [ 338823.0, 5642234.0 ], [ 338823.0, 5642233.0 ], [ 338821.0, 5642233.0 ], [ 338821.0, 5642234.0 ], [ 338822.0, 5642234.0 ], [ 338822.0, 5642237.0 ], [ 338828.0, 5642237.0 ], [ 338828.0, 5642238.0 ], [ 338830.0, 5642238.0 ] ], [ [ 338829.0, 5642234.0 ], [ 338829.0, 5642235.0 ], [ 338828.0, 5642235.0 ], [ 338828.0, 5642234.0 ], [ 338829.0, 5642234.0 ] ], [ [ 338828.0, 5642236.0 ], [ 338827.0, 5642236.0 ], [ 338827.0, 5642235.0 ], [ 338828.0, 5642235.0 ], [ 338828.0, 5642236.0 ] ] ] ] } },
{ "type": "Feature", "properties": { "DN": 1, "gml_id": "DENW41AL30005UNgFL", "identifier": "urn:adv:oid:DENW41AL30005UNgFL", "aktualit_2": "2024-08-20Z", "idflurst": "DENW41AL30005UNg", "flaeche": 349.0, "flstkennz_": "05468201900380______", "flstnrzae": "380", "flstnrnen": null, "gemarkung": "Horrem", "gemaschl": "054682", "flur": "19", "flurschl": "054682019", "land": "Nordrhein-Westfalen", "landschl": "05", "regbezirk": "Köln", "regbezschl": "053", "kreis": "Rhein-Erft-Kreis", "kreisschl": "05362", "gemeinde": "Kerpen", "gmdschl": "05362032", "abwrecht": "Kein abweichender Rechtszustand", "lagebeztxt": "Sistenichstraße 75 a", "tntxt": "Wohnbaufläche;349", "area": 350, "other catc": 1, "frag area": 45.9, "final area": 45.9 }, "geometry": { "type": "MultiPolygon", "coordinates": [ [ [ [ 339040.0, 5642241.0 ], [ 339041.0, 5642241.0 ], [ 339041.0, 5642240.0 ], [ 339042.0, 5642240.0 ], [ 339042.0, 5642239.0 ], [ 339043.0, 5642239.0 ], [ 339043.0, 5642238.0 ], [ 339044.0, 5642238.0 ], [ 339044.0, 5642230.0 ], [ 339045.0, 5642230.0 ], [ 339045.0, 5642233.0 ], [ 339045.89139195124153, 5642233.0 ], [ 339045.957438787620049, 5642232.281718756072223 ], [ 339046.0, 5642231.818851458840072 ], [ 339046.0, 5642228.460298601537943 ], [ 339041.41221650922671, 5642228.0 ], [ 339039.0, 5642228.0 ], [ 339039.0, 5642229.0 ], [ 339042.0, 5642229.0 ], [ 339042.0, 5642230.0 ], [ 339043.0, 5642230.0 ], [ 339043.0, 5642233.0 ], [ 339041.0, 5642233.0 ], [ 339041.0, 5642235.0 ], [ 339040.0, 5642235.0 ], [ 339040.0, 5642239.0 ], [ 339038.0, 5642239.0 ], [ 339038.0, 5642242.0 ], [ 339040.0, 5642242.0 ], [ 339040.0, 5642241.0 ] ] ] ] } },
{ "type": "Feature", "properties": { "DN": 1, "gml_id": "DENW41AL30005UutFL", "identifier": "urn:adv:oid:DENW41AL30005UutFL", "aktualit_2": "2024-08-20Z", "idflurst": "DENW41AL30005Uut", "flaeche": 686.0, "flstkennz_": "05468201900274______", "flstnrzae": "274", "flstnrnen": null, "gemarkung": "Horrem", "gemaschl": "054682", "flur": "19", "flurschl": "054682019", "land": "Nordrhein-Westfalen", "landschl": "05", "regbezirk": "Köln", "regbezschl": "053", "kreis": "Rhein-Erft-Kreis", "kreisschl": "05362", "gemeinde": "Kerpen", "gmdschl": "05362032", "abwrecht": "Kein abweichender Rechtszustand", "lagebeztxt": "Hauptstraße 240", "tntxt": "Wohnbaufläche;686", "area": 682, "other catc": 1, "frag area": 128.7, "final area": 128.7 }, "geometry": { "type": "MultiPolygon", "coordinates": [ [ [ [ 339095.0, 5642267.0 ], [ 339096.0, 5642267.0 ], [ 339096.0, 5642266.0 ], [ 339097.0, 5642266.0 ], [ 339097.0, 5642267.0 ], [ 339098.0, 5642267.0 ], [ 339098.0, 5642261.0 ], [ 339099.0, 5642261.0 ], [ 339099.0, 5642256.0 ], [ 339098.0, 5642256.0 ], [ 339098.0, 5642253.0 ], [ 339099.0, 5642253.0 ], [ 339099.0, 5642252.0 ], [ 339100.0, 5642252.0 ], [ 339100.0, 5642250.0 ], [ 339098.0, 5642250.0 ], [ 339098.0, 5642248.0 ], [ 339097.0, 5642248.0 ], [ 339097.0, 5642246.0 ], [ 339096.0, 5642246.0 ], [ 339096.0, 5642245.0 ], [ 339095.0, 5642245.0 ], [ 339095.0, 5642243.0 ], [ 339096.0, 5642243.0 ], [ 339096.0, 5642242.0 ], [ 339097.0, 5642242.0 ], [ 339097.0, 5642240.0 ], [ 339098.0, 5642240.0 ], [ 339098.0, 5642236.0 ], [ 339097.0, 5642236.0 ], [ 339097.0, 5642232.0 ], [ 339096.0, 5642232.0 ], [ 339096.0, 5642227.0 ], [ 339094.0, 5642227.0 ], [ 339094.0, 5642231.0 ], [ 339095.0, 5642231.0 ], [ 339095.0, 5642234.0 ], [ 339094.0, 5642234.0 ], [ 339094.0, 5642235.0 ], [ 339095.0, 5642235.0 ], [ 339095.0, 5642237.0 ], [ 339094.0, 5642237.0 ], [ 339094.0, 5642236.0 ], [ 339093.0, 5642236.0 ], [ 339093.0, 5642244.0 ], [ 339094.0, 5642244.0 ], [ 339094.0, 5642246.0 ], [ 339093.0, 5642246.0 ], [ 339093.0, 5642249.0 ], [ 339094.0, 5642249.0 ], [ 339094.0, 5642251.0 ], [ 339095.0, 5642251.0 ], [ 339095.0, 5642252.0 ], [ 339096.0, 5642252.0 ], [ 339096.0, 5642255.0 ], [ 339095.0, 5642255.0 ], [ 339095.0, 5642264.0 ], [ 339094.0, 5642264.0 ], [ 339094.0, 5642266.0 ], [ 339093.0, 5642266.0 ], [ 339093.0, 5642267.29643751308322 ], [ 339095.0, 5642267.412670375779271 ], [ 339095.0, 5642267.0 ] ], [ [ 339094.0, 5642239.0 ], [ 339095.0, 5642239.0 ], [ 339095.0, 5642242.0 ], [ 339094.0, 5642242.0 ], [ 339094.0, 5642239.0 ] ], [ [ 339096.0, 5642238.0 ], [ 339097.0, 5642238.0 ], [ 339097.0, 5642239.0 ], [ 339096.0, 5642239.0 ], [ 339096.0, 5642238.0 ] ] ] ] } },
{ "type": "Feature", "properties": { "DN": 1, "gml_id": "DENW41AL30005UutFL", "identifier": "urn:adv:oid:DENW41AL30005UutFL", "aktualit_2": "2024-08-20Z", "idflurst": "DENW41AL30005Uut", "flaeche": 686.0, "flstkennz_": "05468201900274______", "flstnrzae": "274", "flstnrnen": null, "gemarkung": "Horrem", "gemaschl": "054682", "flur": "19", "flurschl": "054682019", "land": "Nordrhein-Westfalen", "landschl": "05", "regbezirk": "Köln", "regbezschl": "053", "kreis": "Rhein-Erft-Kreis", "kreisschl": "05362", "gemeinde": "Kerpen", "gmdschl": "05362032", "abwrecht": "Kein abweichender Rechtszustand", "lagebeztxt": "Hauptstraße 240", "tntxt": "Wohnbaufläche;686", "area": 682, "other catc": 1, "frag area": 18.0, "final area": 18.0 }, "geometry": { "type": "MultiPolygon", "coordinates": [ [ [ [ 339099.0, 5642224.0 ], [ 339099.0, 5642223.0 ], [ 339100.0, 5642223.0 ], [ 339100.0, 5642221.0 ], [ 339101.0, 5642221.0 ], [ 339101.0, 5642220.0 ], [ 339098.0, 5642220.0 ], [ 339098.0, 5642219.0 ], [ 339095.0, 5642219.0 ], [ 339095.0, 5642220.0 ], [ 339096.0, 5642220.0 ], [ 339096.0, 5642223.0 ], [ 339097.0, 5642223.0 ], [ 339097.0, 5642224.0 ], [ 339099.0, 5642224.0 ] ] ] ] } },
{ "type": "Feature", "properties": { "DN": 1, "gml_id": "DENW41AL30005fMQFL", "identifier": "urn:adv:oid:DENW41AL30005fMQFL", "aktualit_2": "2024-08-20Z", "idflurst": "DENW41AL30005fMQ", "flaeche": 347.0, "flstkennz_": "05468201900339______", "flstnrzae": "339", "flstnrnen": null, "gemarkung": "Horrem", "gemaschl": "054682", "flur": "19", "flurschl": "054682019", "land": "Nordrhein-Westfalen", "landschl": "05", "regbezirk": "Köln", "regbezschl": "053", "kreis": "Rhein-Erft-Kreis", "kreisschl": "05362", "gemeinde": "Kerpen", "gmdschl": "05362032", "abwrecht": "Kein abweichender Rechtszustand", "lagebeztxt": "Merodestraße 10", "tntxt": "Wohnbaufläche;347", "area": 345, "other catc": 1, "frag area": 20.0, "final area": 20.0 }, "geometry": { "type": "MultiPolygon", "coordinates": [ [ [ [ 339047.0, 5642220.0 ], [ 339047.0, 5642217.0 ], [ 339046.0, 5642217.0 ], [ 339046.0, 5642215.0 ], [ 339045.0, 5642215.0 ], [ 339045.0, 5642217.0 ], [ 339044.0, 5642217.0 ], [ 339044.0, 5642218.0 ], [ 339040.0, 5642218.0 ], [ 339040.0, 5642217.0 ], [ 339038.0, 5642217.0 ], [ 339038.0, 5642218.0 ], [ 339039.0, 5642218.0 ], [ 339039.0, 5642219.0 ], [ 339042.0, 5642219.0 ], [ 339042.0, 5642220.0 ], [ 339047.0, 5642220.0 ] ] ] ] } },
{ "type": "Feature", "properties": { "DN": 1, "gml_id": "DENW41AL30005RTWFL", "identifier": "urn:adv:oid:DENW41AL30005RTWFL", "aktualit_2": "2024-08-20Z", "idflurst": "DENW41AL30005RTW", "flaeche": 442.0, "flstkennz_": "05468201900357______", "flstnrzae": "357", "flstnrnen": null, "gemarkung": "Horrem", "gemaschl": "054682", "flur": "19", "flurschl": "054682019", "land": "Nordrhein-Westfalen", "landschl": "05", "regbezirk": "Köln", "regbezschl": "053", "kreis": "Rhein-Erft-Kreis", "kreisschl": "05362", "gemeinde": "Kerpen", "gmdschl": "05362032", "abwrecht": "Kein abweichender Rechtszustand", "lagebeztxt": "Merodestraße 2", "tntxt": "Wohnbaufläche;442", "area": 441, "other catc": 1, "frag area": 84.2, "final area": 82.8 }, "geometry": { "type": "MultiPolygon", "coordinates": [ [ [ [ 339082.0, 5642212.0 ], [ 339081.38908712612465, 5642212.0 ], [ 339081.249295188579708, 5642214.0 ], [ 339082.0, 5642214.0 ], [ 339082.0, 5642215.0 ], [ 339084.0, 5642215.0 ], [ 339084.0, 5642217.60770130995661 ], [ 339088.939811841817573, 5642218.0 ], [ 339093.0, 5642218.0 ], [ 339093.0, 5642218.322442746721208 ], [ 339093.347, 5642218.349999999627471 ], [ 339094.0, 5642209.371690027415752 ], [ 339094.0, 5642205.0 ], [ 339093.0, 5642205.0 ], [ 339093.0, 5642210.0 ], [ 339092.0, 5642210.0 ], [ 339092.0, 5642211.0 ], [ 339091.0, 5642211.0 ], [ 339091.0, 5642212.0 ], [ 339087.0, 5642212.0 ], [ 339087.0, 5642211.0 ], [ 339084.0, 5642211.0 ], [ 339084.0, 5642210.0 ], [ 339083.0, 5642210.0 ], [ 339083.0, 5642209.0 ], [ 339081.598775032500271, 5642209.0 ], [ 339081.458983094955329, 5642211.0 ], [ 339082.0, 5642211.0 ], [ 339082.0, 5642212.0 ] ] ] ] } },
{ "type": "Feature", "properties": { "DN": 1, "gml_id": "DENW41AL30005fxgFL", "identifier": "urn:adv:oid:DENW41AL30005fxgFL", "aktualit_2": "2024-08-20Z", "idflurst": "DENW41AL30005fxg", "flaeche": 432.0, "flstkennz_": "05468201900356______", "flstnrzae": "356", "flstnrnen": null, "gemarkung": "Horrem", "gemaschl": "054682", "flur": "19", "flurschl": "054682019", "land": "Nordrhein-Westfalen", "landschl": "05", "regbezirk": "Köln", "regbezschl": "053", "kreis": "Rhein-Erft-Kreis", "kreisschl": "05362", "gemeinde": "Kerpen", "gmdschl": "05362032", "abwrecht": "Kein abweichender Rechtszustand", "lagebeztxt": "Merodestraße 4", "tntxt": "Wohnbaufläche;432", "area": 431, "other catc": 1, "frag area": 43.7, "final area": 43.7 }, "geometry": { "type": "MultiPolygon", "coordinates": [ [ [ [ 339072.0, 5642223.0 ], [ 339072.0, 5642222.0 ], [ 339073.0, 5642222.0 ], [ 339073.0, 5642221.0 ], [ 339074.0, 5642221.0 ], [ 339074.0, 5642220.0 ], [ 339075.0, 5642220.0 ], [ 339075.0, 5642219.0 ], [ 339074.0, 5642219.0 ], [ 339074.0, 5642213.0 ], [ 339073.0, 5642213.0 ], [ 339073.0, 5642210.0 ], [ 339075.0, 5642210.0 ], [ 339075.0, 5642209.0 ], [ 339076.0, 5642209.0 ], [ 339076.0, 5642210.0 ], [ 339081.0, 5642210.0 ], [ 339081.0, 5642211.0 ], [ 339081.458983094955329, 5642211.0 ], [ 339081.598775032500271, 5642209.0 ], [ 339078.0, 5642209.0 ], [ 339078.0, 5642208.0 ], [ 339072.0, 5642208.0 ], [ 339072.0, 5642213.0 ], [ 339071.0, 5642213.0 ], [ 339071.0, 5642214.0 ], [ 339072.0, 5642214.0 ], [ 339072.0, 5642217.0 ], [ 339071.0, 5642217.0 ], [ 339071.0, 5642223.0 ], [ 339072.0, 5642223.0 ] ] ], [ [ [ 339081.0, 5642212.0 ], [ 339081.0, 5642214.0 ], [ 339081.249295188579708, 5642214.0 ], [ 339081.38908712612465, 5642212.0 ], [ 339081.0, 5642212.0 ] ] ] ] } },
{ "type": "Feature", "properties": { "DN": 1, "gml_id": "DENW41AL30005av7FL", "identifier": "urn:adv:oid:DENW41AL30005av7FL", "aktualit_2": "2024-08-20Z", "idflurst": "DENW41AL30005av7", "flaeche": 342.0, "flstkennz_": "05468201900303______", "flstnrzae": "303", "flstnrnen": null, "gemarkung": "Horrem", "gemaschl": "054682", "flur": "19", "flurschl": "054682019", "land": "Nordrhein-Westfalen", "landschl": "05", "regbezirk": "Köln", "regbezschl": "053", "kreis": "Rhein-Erft-Kreis", "kreisschl": "05362", "gemeinde": "Kerpen", "gmdschl": "05362032", "abwrecht": "Kein abweichender Rechtszustand", "lagebeztxt": "Heinrich-Heine-Straße 5", "tntxt": "Wohnbaufläche;342", "area": 342, "other catc": 1, "frag area": 12.0, "final area": 12.0 }, "geometry": { "type": "MultiPolygon", "coordinates": [ [ [ [ 338837.0, 5642208.0 ], [ 338837.0, 5642207.0 ], [ 338836.0, 5642207.0 ], [ 338836.0, 5642206.0 ], [ 338834.0, 5642206.0 ], [ 338834.0, 5642205.0 ], [ 338830.0, 5642205.0 ], [ 338830.0, 5642207.0 ], [ 338835.0, 5642207.0 ], [ 338835.0, 5642208.0 ], [ 338837.0, 5642208.0 ] ] ] ] } },
{ "type": "Feature", "properties": { "DN": 1, "gml_id": "DENW41AL30005UutFL", "identifier": "urn:adv:oid:DENW41AL30005UutFL", "aktualit_2": "2024-08-20Z", "idflurst": "DENW41AL30005Uut", "flaeche": 686.0, "flstkennz_": "05468201900274______", "flstnrzae": "274", "flstnrnen": null, "gemarkung": "Horrem", "gemaschl": "054682", "flur": "19", "flurschl": "054682019", "land": "Nordrhein-Westfalen", "landschl": "05", "regbezirk": "Köln", "regbezschl": "053", "kreis": "Rhein-Erft-Kreis", "kreisschl": "05362", "gemeinde": "Kerpen", "gmdschl": "05362032", "abwrecht": "Kein abweichender Rechtszustand", "lagebeztxt": "Hauptstraße 240", "tntxt": "Wohnbaufläche;686", "area": 682, "other catc": 1, "frag area": 15.1, "final area": 15.1 }, "geometry": { "type": "MultiPolygon", "coordinates": [ [ [ [ 339102.0, 5642201.0 ], [ 339102.0, 5642200.28674419876188 ], [ 339101.683823144354392, 5642200.0 ], [ 339101.0, 5642200.0 ], [ 339101.0, 5642199.379833419807255 ], [ 339100.590000000025611, 5642199.00800000037998 ], [ 339100.546617700427305, 5642199.0 ], [ 339098.0, 5642199.0 ], [ 339098.0, 5642198.53038583137095 ], [ 339095.123830505996011, 5642198.0 ], [ 339095.0, 5642198.0 ], [ 339095.0, 5642201.0 ], [ 339102.0, 5642201.0 ] ] ] ] } },
{ "type": "Feature", "properties": { "DN": 1, "gml_id": "DENW41AL30005av7FL", "identifier": "urn:adv:oid:DENW41AL30005av7FL", "aktualit_2": "2024-08-20Z", "idflurst": "DENW41AL30005av7", "flaeche": 342.0, "flstkennz_": "05468201900303______", "flstnrzae": "303", "flstnrnen": null, "gemarkung": "Horrem", "gemaschl": "054682", "flur": "19", "flurschl": "054682019", "land": "Nordrhein-Westfalen", "landschl": "05", "regbezirk": "Köln", "regbezschl": "053", "kreis": "Rhein-Erft-Kreis", "kreisschl": "05362", "gemeinde": "Kerpen", "gmdschl": "05362032", "abwrecht": "Kein abweichender Rechtszustand", "lagebeztxt": "Heinrich-Heine-Straße 5", "tntxt": "Wohnbaufläche;342", "area": 342, "other catc": 1, "frag area": 17.0, "final area": 17.0 }, "geometry": { "type": "MultiPolygon", "coordinates": [ [ [ [ 338833.0, 5642202.0 ], [ 338833.0, 5642201.0 ], [ 338835.0, 5642201.0 ], [ 338835.0, 5642198.0 ], [ 338834.0, 5642198.0 ], [ 338834.0, 5642197.0 ], [ 338833.0, 5642197.0 ], [ 338833.0, 5642196.0 ], [ 338832.0, 5642196.0 ], [ 338832.0, 5642197.0 ], [ 338831.0, 5642197.0 ], [ 338831.0, 5642200.0 ], [ 338832.0, 5642200.0 ], [ 338832.0, 5642201.0 ], [ 338831.0, 5642201.0 ], [ 338831.0, 5642202.0 ], [ 338833.0, 5642202.0 ] ] ] ] } },
{ "type": "Feature", "properties": { "DN": 1, "gml_id": "DENW41AL30005cwPFL", "identifier": "urn:adv:oid:DENW41AL30005cwPFL", "aktualit_2": "2024-08-20Z", "idflurst": "DENW41AL30005cwP", "flaeche": 668.0, "flstkennz_": "05468201900366______", "flstnrzae": "366", "flstnrnen": null, "gemarkung": "Horrem", "gemaschl": "054682", "flur": "19", "flurschl": "054682019", "land": "Nordrhein-Westfalen", "landschl": "05", "regbezirk": "Köln", "regbezschl": "053", "kreis": "Rhein-Erft-Kreis", "kreisschl": "05362", "gemeinde": "Kerpen", "gmdschl": "05362032", "abwrecht": "Kein abweichender Rechtszustand", "lagebeztxt": "Merodestraße 14", "tntxt": "Wohnbaufläche;668", "area": 666, "other catc": 1, "frag area": 15.0, "final area": 15.0 }, "geometry": { "type": "MultiPolygon", "coordinates": [ [ [ [ 339007.0, 5642199.0 ], [ 339007.0, 5642198.0 ], [ 339006.0, 5642198.0 ], [ 339006.0, 5642196.0 ], [ 339005.0, 5642196.0 ], [ 339005.0, 5642197.0 ], [ 339002.0, 5642197.0 ], [ 339002.0, 5642196.0 ], [ 339001.0, 5642196.0 ], [ 339001.0, 5642197.0 ], [ 339000.0, 5642197.0 ], [ 339000.0, 5642199.0 ], [ 339007.0, 5642199.0 ] ] ] ] } },
{ "type": "Feature", "properties": { "DN": 1, "gml_id": "DENW41AL30005aY7FL", "identifier": "urn:adv:oid:DENW41AL30005aY7FL", "aktualit_2": "2024-08-20Z", "idflurst": "DENW41AL30005aY7", "flaeche": 498.0, "flstkennz_": "05468201900334______", "flstnrzae": "334", "flstnrnen": null, "gemarkung": "Horrem", "gemaschl": "054682", "flur": "19", "flurschl": "054682019", "land": "Nordrhein-Westfalen", "landschl": "05", "regbezirk": "Köln", "regbezschl": "053", "kreis": "Rhein-Erft-Kreis", "kreisschl": "05362", "gemeinde": "Kerpen", "gmdschl": "05362032", "abwrecht": "Kein abweichender Rechtszustand", "lagebeztxt": "Heinrich-Heine-Straße 1", "tntxt": "Wohnbaufläche;498", "area": 499, "other catc": 1, "frag area": 32.0, "final area": 32.0 }, "geometry": { "type": "MultiPolygon", "coordinates": [ [ [ [ 338862.0, 5642204.0 ], [ 338862.0, 5642203.0 ], [ 338863.0, 5642203.0 ], [ 338863.0, 5642199.0 ], [ 338865.0, 5642199.0 ], [ 338865.0, 5642198.0 ], [ 338866.0, 5642198.0 ], [ 338866.0, 5642197.0 ], [ 338867.0, 5642197.0 ], [ 338867.0, 5642196.0 ], [ 338866.0, 5642196.0 ], [ 338866.0, 5642195.0 ], [ 338865.0, 5642195.0 ], [ 338865.0, 5642196.0 ], [ 338864.0, 5642196.0 ], [ 338864.0, 5642197.0 ], [ 338862.0, 5642197.0 ], [ 338862.0, 5642198.0 ], [ 338861.0, 5642198.0 ], [ 338861.0, 5642199.0 ], [ 338858.0, 5642199.0 ], [ 338858.0, 5642202.0 ], [ 338859.0, 5642202.0 ], [ 338859.0, 5642203.0 ], [ 338861.0, 5642203.0 ], [ 338861.0, 5642204.0 ], [ 338862.0, 5642204.0 ] ] ] ] } },
{ "type": "Feature", "properties": { "DN": 1, "gml_id": "DENW41AL30005hvIFL", "identifier": "urn:adv:oid:DENW41AL30005hvIFL", "aktualit_2": "2024-08-20Z", "idflurst": "DENW41AL30005hvI", "flaeche": 409.0, "flstkennz_": "05468201900360______", "flstnrzae": "360", "flstnrnen": null, "gemarkung": "Horrem", "gemaschl": "054682", "flur": "19", "flurschl": "054682019", "land": "Nordrhein-Westfalen", "landschl": "05", "regbezirk": "Köln", "regbezschl": "053", "kreis": "Rhein-Erft-Kreis", "kreisschl": "05362", "gemeinde": "Kerpen", "gmdschl": "05362032", "abwrecht": "Kein abweichender Rechtszustand", "lagebeztxt": "Heinrich-Heine-Straße 5 a", "tntxt": "Wohnbaufläche;409", "area": 409, "other catc": 1, "frag area": 15.0, "final area": 15.0 }, "geometry": { "type": "MultiPolygon", "coordinates": [ [ [ [ 338820.0, 5642199.0 ], [ 338820.0, 5642198.0 ], [ 338823.0, 5642198.0 ], [ 338823.0, 5642196.0 ], [ 338822.0, 5642196.0 ], [ 338822.0, 5642194.0 ], [ 338821.0, 5642194.0 ], [ 338821.0, 5642193.0 ], [ 338820.0, 5642193.0 ], [ 338820.0, 5642195.0 ], [ 338819.0, 5642195.0 ], [ 338819.0, 5642199.0 ], [ 338820.0, 5642199.0 ] ] ] ] } },
{ "type": "Feature", "properties": { "DN": 1, "gml_id": "DENW41AL30005aY7FL", "identifier": "urn:adv:oid:DENW41AL30005aY7FL", "aktualit_2": "2024-08-20Z", "idflurst": "DENW41AL30005aY7", "flaeche": 498.0, "flstkennz_": "05468201900334______", "flstnrzae": "334", "flstnrnen": null, "gemarkung": "Horrem", "gemaschl": "054682", "flur": "19", "flurschl": "054682019", "land": "Nordrhein-Westfalen", "landschl": "05", "regbezirk": "Köln", "regbezschl": "053", "kreis": "Rhein-Erft-Kreis", "kreisschl": "05362", "gemeinde": "Kerpen", "gmdschl": "05362032", "abwrecht": "Kein abweichender Rechtszustand", "lagebeztxt": "Heinrich-Heine-Straße 1", "tntxt": "Wohnbaufläche;498", "area": 499, "other catc": 1, "frag area": 22.0, "final area": 22.0 }, "geometry": { "type": "MultiPolygon", "coordinates": [ [ [ [ 338865.0, 5642195.0 ], [ 338865.0, 5642193.0 ], [ 338864.0, 5642193.0 ], [ 338864.0, 5642189.0 ], [ 338862.0, 5642189.0 ], [ 338862.0, 5642190.0 ], [ 338861.0, 5642190.0 ], [ 338861.0, 5642189.0 ], [ 338860.0, 5642189.0 ], [ 338860.0, 5642191.0 ], [ 338859.0, 5642191.0 ], [ 338859.0, 5642193.0 ], [ 338861.0, 5642193.0 ], [ 338861.0, 5642194.0 ], [ 338864.0, 5642194.0 ], [ 338864.0, 5642195.0 ], [ 338865.0, 5642195.0 ] ] ] ] } },
{ "type": "Feature", "properties": { "DN": 1, "gml_id": "DENW41AL30005Tu9FL", "identifier": "urn:adv:oid:DENW41AL30005Tu9FL", "aktualit_2": "2024-08-20Z", "idflurst": "DENW41AL30005Tu9", "flaeche": 1326.0, "flstkennz_": "05468201900385______", "flstnrzae": "385", "flstnrnen": null, "gemarkung": "Horrem", "gemaschl": "054682", "flur": "19", "flurschl": "054682019", "land": "Nordrhein-Westfalen", "landschl": "05", "regbezirk": "Köln", "regbezschl": "053", "kreis": "Rhein-Erft-Kreis", "kreisschl": "05362", "gemeinde": "Kerpen", "gmdschl": "05362032", "abwrecht": "Kein abweichender Rechtszustand", "lagebeztxt": "Hebbelstraße 7, 9, 11", "tntxt": "Wohnbaufläche;1326", "area": 1325, "other catc": 1, "frag area": 78.0, "final area": 78.0 }, "geometry": { "type": "MultiPolygon", "coordinates": [ [ [ [ 338891.0, 5642224.0 ], [ 338891.0, 5642223.0 ], [ 338890.0, 5642223.0 ], [ 338890.0, 5642220.0 ], [ 338889.0, 5642220.0 ], [ 338889.0, 5642219.0 ], [ 338890.0, 5642219.0 ], [ 338890.0, 5642216.0 ], [ 338891.0, 5642216.0 ], [ 338891.0, 5642208.0 ], [ 338890.0, 5642208.0 ], [ 338890.0, 5642207.0 ], [ 338891.0, 5642207.0 ], [ 338891.0, 5642201.0 ], [ 338890.0, 5642201.0 ], [ 338890.0, 5642197.0 ], [ 338891.0, 5642197.0 ], [ 338891.0, 5642193.0 ], [ 338892.0, 5642193.0 ], [ 338892.0, 5642191.0 ], [ 338893.0, 5642191.0 ], [ 338893.0, 5642189.0 ], [ 338892.0, 5642189.0 ], [ 338892.0, 5642187.0 ], [ 338890.0, 5642187.0 ], [ 338890.0, 5642192.0 ], [ 338889.0, 5642192.0 ], [ 338889.0, 5642201.0 ], [ 338888.0, 5642201.0 ], [ 338888.0, 5642209.0 ], [ 338887.0, 5642209.0 ], [ 338887.0, 5642210.0 ], [ 338888.0, 5642210.0 ], [ 338888.0, 5642211.0 ], [ 338889.0, 5642211.0 ], [ 338889.0, 5642218.0 ], [ 338888.0, 5642218.0 ], [ 338888.0, 5642221.0 ], [ 338889.0, 5642221.0 ], [ 338889.0, 5642224.0 ], [ 338891.0, 5642224.0 ] ] ] ] } },
{ "type": "Feature", "properties": { "DN": 1, "gml_id": "DENW41AL30005gRDFL", "identifier": "urn:adv:oid:DENW41AL30005gRDFL", "aktualit_2": "2024-08-20Z", "idflurst": "DENW41AL30005gRD", "flaeche": 1811.0, "flstkennz_": "05468201900184______", "flstnrzae": "184", "flstnrnen": null, "gemarkung": "Horrem", "gemaschl": "054682", "flur": "19", "flurschl": "054682019", "land": "Nordrhein-Westfalen", "landschl": "05", "regbezirk": "Köln", "regbezschl": "053", "kreis": "Rhein-Erft-Kreis", "kreisschl": "05362", "gemeinde": "Kerpen", "gmdschl": "05362032", "abwrecht": "Kein abweichender Rechtszustand", "lagebeztxt": "Merodestraße 18, 18 a", "tntxt": "Wohnbaufläche;1811", "area": 1811, "other catc": 1, "frag area": 73.0, "final area": 73.0 }, "geometry": { "type": "MultiPolygon", "coordinates": [ [ [ [ 338931.0, 5642200.0 ], [ 338931.0, 5642198.0 ], [ 338933.0, 5642198.0 ], [ 338933.0, 5642197.0 ], [ 338935.0, 5642197.0 ], [ 338935.0, 5642198.0 ], [ 338939.0, 5642198.0 ], [ 338939.0, 5642196.0 ], [ 338940.0, 5642196.0 ], [ 338940.0, 5642193.0 ], [ 338939.0, 5642193.0 ], [ 338939.0, 5642194.0 ], [ 338934.0, 5642194.0 ], [ 338934.0, 5642192.0 ], [ 338935.0, 5642192.0 ], [ 338935.0, 5642191.0 ], [ 338936.0, 5642191.0 ], [ 338936.0, 5642189.0 ], [ 338935.0, 5642189.0 ], [ 338935.0, 5642188.0 ], [ 338936.0, 5642188.0 ], [ 338936.0, 5642187.0 ], [ 338935.0, 5642187.0 ], [ 338935.0, 5642184.0 ], [ 338934.0, 5642184.0 ], [ 338934.0, 5642185.0 ], [ 338933.0, 5642185.0 ], [ 338933.0, 5642186.0 ], [ 338932.0, 5642186.0 ], [ 338932.0, 5642187.0 ], [ 338931.0, 5642187.0 ], [ 338931.0, 5642195.0 ], [ 338930.0, 5642195.0 ], [ 338930.0, 5642200.0 ], [ 338931.0, 5642200.0 ] ] ] ] } },
{ "type": "Feature", "properties": { "DN": 1, "gml_id": "DENW41AL30005ZO4FL", "identifier": "urn:adv:oid:DENW41AL30005ZO4FL", "aktualit_2": "2024-08-20Z", "idflurst": "DENW41AL30005ZO4", "flaeche": 570.0, "flstkennz_": "05468201900189______", "flstnrzae": "189", "flstnrnen": null, "gemarkung": "Horrem", "gemaschl": "054682", "flur": "19", "flurschl": "054682019", "land": "Nordrhein-Westfalen", "landschl": "05", "regbezirk": "Köln", "regbezschl": "053", "kreis": "Rhein-Erft-Kreis", "kreisschl": "05362", "gemeinde": "Kerpen", "gmdschl": "05362032", "abwrecht": "Kein abweichender Rechtszustand", "lagebeztxt": "Sistenichstraße 72", "tntxt": "Wohnbaufläche;570", "area": 569, "other catc": 1, "frag area": 17.0, "final area": 17.0 }, "geometry": { "type": "MultiPolygon", "coordinates": [ [ [ [ 338960.0, 5642196.0 ], [ 338960.0, 5642195.0 ], [ 338961.0, 5642195.0 ], [ 338961.0, 5642194.0 ], [ 338960.0, 5642194.0 ], [ 338960.0, 5642184.0 ], [ 338961.0, 5642184.0 ], [ 338961.0, 5642182.0 ], [ 338959.0, 5642182.0 ], [ 338959.0, 5642196.0 ], [ 338960.0, 5642196.0 ] ] ] ] } },
{ "type": "Feature", "properties": { "DN": 1, "gml_id": "DENW41AL2t00007uFL", "identifier": "urn:adv:oid:DENW41AL2t00007uFL", "aktualit_2": "2024-08-29Z", "idflurst": "DENW41AL2t00007u", "flaeche": 117.0, "flstkennz_": "05468201900397______", "flstnrzae": "397", "flstnrnen": null, "gemarkung": "Horrem", "gemaschl": "054682", "flur": "19", "flurschl": "054682019", "land": "Nordrhein-Westfalen", "landschl": "05", "regbezirk": "Köln", "regbezschl": "053", "kreis": "Rhein-Erft-Kreis", "kreisschl": "05362", "gemeinde": "Kerpen", "gmdschl": "05362032", "abwrecht": "Kein abweichender Rechtszustand", "lagebeztxt": "Heinrich-Heine-Straße 3", "tntxt": "Wohnbaufläche;117", "area": 117, "other catc": 1, "frag area": 14.7, "final area": 14.7 }, "geometry": { "type": "MultiPolygon", "coordinates": [ [ [ [ 338855.0, 5642187.0 ], [ 338854.0, 5642187.0 ], [ 338854.0, 5642185.0 ], [ 338852.0, 5642185.0 ], [ 338852.0, 5642184.0 ], [ 338851.0, 5642184.0 ], [ 338851.0, 5642185.0 ], [ 338850.0, 5642185.0 ], [ 338850.0, 5642187.0 ], [ 338849.0, 5642187.0 ], [ 338849.0, 5642187.565299279987812 ], [ 338855.0, 5642188.342306481674314 ], [ 338855.0, 5642187.0 ] ] ] ] } },
{ "type": "Feature", "properties": { "DN": 1, "gml_id": "DENW41AL30005WhoFL", "identifier": "urn:adv:oid:DENW41AL30005WhoFL", "aktualit_2": "2024-08-20Z", "idflurst": "DENW41AL30005Who", "flaeche": 133.0, "flstkennz_": "05468201900342______", "flstnrzae": "342", "flstnrnen": null, "gemarkung": "Horrem", "gemaschl": "054682", "flur": "19", "flurschl": "054682019", "land": "Nordrhein-Westfalen", "landschl": "05", "regbezirk": "Köln", "regbezschl": "053", "kreis": "Rhein-Erft-Kreis", "kreisschl": "05362", "gemeinde": "Kerpen", "gmdschl": "05362032", "abwrecht": "Kein abweichender Rechtszustand", "lagebeztxt": "Heinrich-Heine-Straße 3", "tntxt": "Wohnbaufläche;133", "area": 133, "other catc": 1, "frag area": 43.3, "final area": 43.3 }, "geometry": { "type": "MultiPolygon", "coordinates": [ [ [ [ 338853.0, 5642196.0 ], [ 338854.0, 5642196.0 ], [ 338854.0, 5642195.0 ], [ 338855.0, 5642195.0 ], [ 338855.0, 5642188.342306481674314 ], [ 338849.0, 5642187.565299279987812 ], [ 338849.0, 5642192.0 ], [ 338850.0, 5642192.0 ], [ 338850.0, 5642194.0 ], [ 338849.0, 5642194.0 ], [ 338849.0, 5642195.0 ], [ 338848.0, 5642195.0 ], [ 338848.0, 5642196.306337900459766 ], [ 338853.0, 5642196.89412109926343 ], [ 338853.0, 5642196.0 ] ], [ [ 338850.0, 5642191.0 ], [ 338851.0, 5642191.0 ], [ 338851.0, 5642190.0 ], [ 338852.0, 5642190.0 ], [ 338852.0, 5642191.0 ], [ 338853.0, 5642191.0 ], [ 338853.0, 5642193.0 ], [ 338851.0, 5642193.0 ], [ 338851.0, 5642192.0 ], [ 338850.0, 5642192.0 ], [ 338850.0, 5642191.0 ] ] ] ] } },
{ "type": "Feature", "properties": { "DN": 1, "gml_id": "DENW41AL30005ebaFL", "identifier": "urn:adv:oid:DENW41AL30005ebaFL", "aktualit_2": "2024-08-20Z", "idflurst": "DENW41AL30005eba", "flaeche": 453.0, "flstkennz_": "05468201900244______", "flstnrzae": "244", "flstnrnen": null, "gemarkung": "Horrem", "gemaschl": "054682", "flur": "19", "flurschl": "054682019", "land": "Nordrhein-Westfalen", "landschl": "05", "regbezirk": "Köln", "regbezschl": "053", "kreis": "Rhein-Erft-Kreis", "kreisschl": "05362", "gemeinde": "Kerpen", "gmdschl": "05362032", "abwrecht": "Kein abweichender Rechtszustand", "lagebeztxt": "Heinrich-Heine-Straße 3", "tntxt": "Wohnbaufläche;453", "area": 452, "other catc": 1, "frag area": 10.0, "final area": 10.0 }, "geometry": { "type": "MultiPolygon", "coordinates": [ [ [ [ 338852.0, 5642200.0 ], [ 338852.0, 5642197.0 ], [ 338853.0, 5642197.0 ], [ 338853.0, 5642196.89412109926343 ], [ 338848.0, 5642196.306337900459766 ], [ 338848.0, 5642197.0 ], [ 338849.0, 5642197.0 ], [ 338849.0, 5642198.0 ], [ 338848.0, 5642198.0 ], [ 338848.0, 5642199.0 ], [ 338851.0, 5642199.0 ], [ 338851.0, 5642200.0 ], [ 338852.0, 5642200.0 ] ] ] ] } },
{ "type": "Feature", "properties": { "DN": 1, "gml_id": "DENW41AL30005e6zFL", "identifier": "urn:adv:oid:DENW41AL30005e6zFL", "aktualit_2": "2024-08-20Z", "idflurst": "DENW41AL30005e6z", "flaeche": 906.0, "flstkennz_": "05468201900226______", "flstnrzae": "226", "flstnrnen": null, "gemarkung": "Horrem", "gemaschl": "054682", "flur": "19", "flurschl": "054682019", "land": "Nordrhein-Westfalen", "landschl": "05", "regbezirk": "Köln", "regbezschl": "053", "kreis": "Rhein-Erft-Kreis", "kreisschl": "05362", "gemeinde": "Kerpen", "gmdschl": "05362032", "abwrecht": "Kein abweichender Rechtszustand", "lagebeztxt": "Merodestraße 12", "tntxt": "Wohnbaufläche;906", "area": 907, "other catc": 1, "frag area": 184.4, "final area": 183.1 }, "geometry": { "type": "MultiPolygon", "coordinates": [ [ [ [ 339019.0, 5642211.0 ], [ 339018.0, 5642211.0 ], [ 339018.0, 5642209.0 ], [ 339019.0, 5642209.0 ], [ 339019.0, 5642208.0 ], [ 339020.0, 5642208.0 ], [ 339020.0, 5642207.0 ], [ 339023.0, 5642207.0 ], [ 339023.0, 5642206.0 ], [ 339024.0, 5642206.0 ], [ 339024.0, 5642205.0 ], [ 339034.0, 5642205.0 ], [ 339034.0, 5642204.0 ], [ 339025.0, 5642204.0 ], [ 339025.0, 5642203.0 ], [ 339022.0, 5642203.0 ], [ 339022.0, 5642205.0 ], [ 339021.0, 5642205.0 ], [ 339021.0, 5642204.0 ], [ 339019.0, 5642204.0 ], [ 339019.0, 5642207.0 ], [ 339018.0, 5642207.0 ], [ 339018.0, 5642203.0 ], [ 339017.0, 5642203.0 ], [ 339017.0, 5642202.0 ], [ 339016.0, 5642202.0 ], [ 339016.0, 5642201.0 ], [ 339015.0, 5642201.0 ], [ 339015.0, 5642196.0 ], [ 339015.457949932082556, 5642196.0 ], [ 339016.0, 5642191.139837862923741 ], [ 339016.0, 5642189.0 ], [ 339017.0, 5642189.0 ], [ 339017.0, 5642188.0 ], [ 339018.0, 5642188.0 ], [ 339018.0, 5642185.0 ], [ 339019.0, 5642185.0 ], [ 339019.0, 5642181.273832048289478 ], [ 339017.387094264267944, 5642181.0 ], [ 339014.0, 5642181.0 ], [ 339014.0, 5642182.0 ], [ 339015.0, 5642182.0 ], [ 339015.0, 5642185.0 ], [ 339014.0, 5642185.0 ], [ 339014.0, 5642192.0 ], [ 339013.0, 5642192.0 ], [ 339013.0, 5642193.0 ], [ 339011.290957080083899, 5642193.0 ], [ 339011.184164244681597, 5642197.0 ], [ 339012.0, 5642197.0 ], [ 339012.0, 5642198.0 ], [ 339011.157493670878466, 5642198.0 ], [ 339011.12400000001071, 5642199.322999999858439 ], [ 339011.0, 5642205.520416665822268 ], [ 339011.0, 5642210.0 ], [ 339010.909742629854009, 5642210.0 ], [ 339010.889153018244542, 5642211.0 ], [ 339011.0, 5642211.0 ], [ 339011.0, 5642212.0 ], [ 339012.0, 5642212.0 ], [ 339012.0, 5642213.0 ], [ 339019.0, 5642213.0 ], [ 339019.0, 5642211.0 ] ] ] ] } },
{ "type": "Feature", "properties": { "DN": 1, "gml_id": "DENW41AL30005cwPFL", "identifier": "urn:adv:oid:DENW41AL30005cwPFL", "aktualit_2": "2024-08-20Z", "idflurst": "DENW41AL30005cwP", "flaeche": 668.0, "flstkennz_": "05468201900366______", "flstnrzae": "366", "flstnrnen": null, "gemarkung": "Horrem", "gemaschl": "054682", "flur": "19", "flurschl": "054682019", "land": "Nordrhein-Westfalen", "landschl": "05", "regbezirk": "Köln", "regbezschl": "053", "kreis": "Rhein-Erft-Kreis", "kreisschl": "05362", "gemeinde": "Kerpen", "gmdschl": "05362032", "abwrecht": "Kein abweichender Rechtszustand", "lagebeztxt": "Merodestraße 14", "tntxt": "Wohnbaufläche;668", "area": 666, "other catc": 1, "frag area": 54.5, "final area": 54.5 }, "geometry": { "type": "MultiPolygon", "coordinates": [ [ [ [ 338997.0, 5642192.0 ], [ 338997.0, 5642191.0 ], [ 338999.0, 5642191.0 ], [ 338999.0, 5642190.0 ], [ 338998.0, 5642190.0 ], [ 338998.0, 5642182.0 ], [ 338999.0, 5642182.0 ], [ 338999.0, 5642181.0 ], [ 339000.0, 5642181.0 ], [ 339000.0, 5642180.0 ], [ 339003.0, 5642180.0 ], [ 339003.0, 5642179.0 ], [ 339002.0, 5642179.0 ], [ 339002.0, 5642178.416632544249296 ], [ 338999.501810018555261, 5642178.0 ], [ 338997.0, 5642178.0 ], [ 338997.0, 5642182.0 ], [ 338996.0, 5642182.0 ], [ 338996.0, 5642183.0 ], [ 338993.0, 5642183.0 ], [ 338993.0, 5642184.0 ], [ 338992.0, 5642184.0 ], [ 338992.0, 5642185.0 ], [ 338994.0, 5642185.0 ], [ 338994.0, 5642187.0 ], [ 338995.0, 5642187.0 ], [ 338995.0, 5642188.0 ], [ 338994.0, 5642188.0 ], [ 338994.0, 5642191.0 ], [ 338995.0, 5642191.0 ], [ 338995.0, 5642192.0 ], [ 338997.0, 5642192.0 ] ] ] ] } },
{ "type": "Feature", "properties": { "DN": 1, "gml_id": "DENW41AL30005ZO4FL", "identifier": "urn:adv:oid:DENW41AL30005ZO4FL", "aktualit_2": "2024-08-20Z", "idflurst": "DENW41AL30005ZO4", "flaeche": 570.0, "flstkennz_": "05468201900189______", "flstnrzae": "189", "flstnrnen": null, "gemarkung": "Horrem", "gemaschl": "054682", "flur": "19", "flurschl": "054682019", "land": "Nordrhein-Westfalen", "landschl": "05", "regbezirk": "Köln", "regbezschl": "053", "kreis": "Rhein-Erft-Kreis", "kreisschl": "05362", "gemeinde": "Kerpen", "gmdschl": "05362032", "abwrecht": "Kein abweichender Rechtszustand", "lagebeztxt": "Sistenichstraße 72", "tntxt": "Wohnbaufläche;570", "area": 569, "other catc": 1, "frag area": 26.4, "final area": 26.4 }, "geometry": { "type": "MultiPolygon", "coordinates": [ [ [ [ 338964.0, 5642176.0 ], [ 338964.0, 5642175.0 ], [ 338976.0, 5642175.0 ], [ 338976.0, 5642174.006846102885902 ], [ 338975.95879663672531, 5642174.0 ], [ 338973.0, 5642174.0 ], [ 338973.0, 5642173.50838412810117 ], [ 338969.940283394127619, 5642173.0 ], [ 338967.0, 5642173.0 ], [ 338967.0, 5642172.511460176669061 ], [ 338963.921770151529927, 5642172.0 ], [ 338963.0, 5642172.0 ], [ 338963.0, 5642176.0 ], [ 338964.0, 5642176.0 ] ] ] ] } },
{ "type": "Feature", "properties": { "DN": 1, "gml_id": "DENW41AL2t00007tFL", "identifier": "urn:adv:oid:DENW41AL2t00007tFL", "aktualit_2": "2024-08-29Z", "idflurst": "DENW41AL2t00007t", "flaeche": 470.0, "flstkennz_": "05468201900396______", "flstnrzae": "396", "flstnrnen": null, "gemarkung": "Horrem", "gemaschl": "054682", "flur": "19", "flurschl": "054682019", "land": "Nordrhein-Westfalen", "landschl": "05", "regbezirk": "Köln", "regbezschl": "053", "kreis": "Rhein-Erft-Kreis", "kreisschl": "05362", "gemeinde": "Kerpen", "gmdschl": "05362032", "abwrecht": "Kein abweichender Rechtszustand", "lagebeztxt": "Merodestraße 24", "tntxt": "Wohnbaufläche;470", "area": 470, "other catc": 1, "frag area": 10.0, "final area": 10.0 }, "geometry": { "type": "MultiPolygon", "coordinates": [ [ [ [ 338853.0, 5642174.0 ], [ 338853.0, 5642171.0 ], [ 338852.0, 5642171.0 ], [ 338852.0, 5642170.0 ], [ 338851.0, 5642170.0 ], [ 338851.0, 5642171.0 ], [ 338850.0, 5642171.0 ], [ 338850.0, 5642174.0 ], [ 338853.0, 5642174.0 ] ] ] ] } },
{ "type": "Feature", "properties": { "DN": 1, "gml_id": "DENW41AL30005gRDFL", "identifier": "urn:adv:oid:DENW41AL30005gRDFL", "aktualit_2": "2024-08-20Z", "idflurst": "DENW41AL30005gRD", "flaeche": 1811.0, "flstkennz_": "05468201900184______", "flstnrzae": "184", "flstnrnen": null, "gemarkung": "Horrem", "gemaschl": "054682", "flur": "19", "flurschl": "054682019", "land": "Nordrhein-Westfalen", "landschl": "05", "regbezirk": "Köln", "regbezschl": "053", "kreis": "Rhein-Erft-Kreis", "kreisschl": "05362", "gemeinde": "Kerpen", "gmdschl": "05362032", "abwrecht": "Kein abweichender Rechtszustand", "lagebeztxt": "Merodestraße 18, 18 a", "tntxt": "Wohnbaufläche;1811", "area": 1811, "other catc": 1, "frag area": 13.3, "final area": 13.3 }, "geometry": { "type": "MultiPolygon", "coordinates": [ [ [ [ 338938.0, 5642171.0 ], [ 338938.0, 5642169.0 ], [ 338939.0, 5642169.0 ], [ 338939.0, 5642170.0 ], [ 338940.0, 5642170.0 ], [ 338940.0, 5642169.0 ], [ 338941.0, 5642169.0 ], [ 338941.0, 5642168.0 ], [ 338943.0, 5642168.0 ], [ 338943.0, 5642167.437972581014037 ], [ 338941.282561016036198, 5642167.0 ], [ 338939.0, 5642167.0 ], [ 338939.0, 5642166.417912864126265 ], [ 338937.361221965460572, 5642166.0 ], [ 338937.0, 5642166.0 ], [ 338937.0, 5642167.0 ], [ 338938.0, 5642167.0 ], [ 338938.0, 5642168.0 ], [ 338937.0, 5642168.0 ], [ 338937.0, 5642171.0 ], [ 338938.0, 5642171.0 ] ] ] ] } },
{ "type": "Feature", "properties": { "DN": 1, "gml_id": "DENW41AL30005cmNFL", "identifier": "urn:adv:oid:DENW41AL30005cmNFL", "aktualit_2": "2024-08-20Z", "idflurst": "DENW41AL30005cmN", "flaeche": 378.0, "flstkennz_": "05468201900166______", "flstnrzae": "166", "flstnrnen": null, "gemarkung": "Horrem", "gemaschl": "054682", "flur": "19", "flurschl": "054682019", "land": "Nordrhein-Westfalen", "landschl": "05", "regbezirk": "Köln", "regbezschl": "053", "kreis": "Rhein-Erft-Kreis", "kreisschl": "05362", "gemeinde": "Kerpen", "gmdschl": "05362032", "abwrecht": "Kein abweichender Rechtszustand", "lagebeztxt": "Merodestraße 30", "tntxt": "Wohnbaufläche;378", "area": 375, "other catc": 1, "frag area": 10.0, "final area": 10.0 }, "geometry": { "type": "MultiPolygon", "coordinates": [ [ [ [ 338817.0, 5642165.0 ], [ 338817.0, 5642160.0 ], [ 338814.0, 5642160.0 ], [ 338814.0, 5642161.0 ], [ 338815.0, 5642161.0 ], [ 338815.0, 5642164.0 ], [ 338816.0, 5642164.0 ], [ 338816.0, 5642165.0 ], [ 338817.0, 5642165.0 ] ] ] ] } },
{ "type": "Feature", "properties": { "DN": 1, "gml_id": "DENW41AL2t00007tFL", "identifier": "urn:adv:oid:DENW41AL2t00007tFL", "aktualit_2": "2024-08-29Z", "idflurst": "DENW41AL2t00007t", "flaeche": 470.0, "flstkennz_": "05468201900396______", "flstnrzae": "396", "flstnrnen": null, "gemarkung": "Horrem", "gemaschl": "054682", "flur": "19", "flurschl": "054682019", "land": "Nordrhein-Westfalen", "landschl": "05", "regbezirk": "Köln", "regbezschl": "053", "kreis": "Rhein-Erft-Kreis", "kreisschl": "05362", "gemeinde": "Kerpen", "gmdschl": "05362032", "abwrecht": "Kein abweichender Rechtszustand", "lagebeztxt": "Merodestraße 24", "tntxt": "Wohnbaufläche;470", "area": 470, "other catc": 1, "frag area": 17.5, "final area": 17.5 }, "geometry": { "type": "MultiPolygon", "coordinates": [ [ [ [ 338850.0, 5642153.0 ], [ 338850.0, 5642151.0 ], [ 338851.0, 5642151.0 ], [ 338851.0, 5642150.0 ], [ 338852.0, 5642150.0 ], [ 338852.0, 5642149.0 ], [ 338850.0, 5642149.0 ], [ 338850.0, 5642148.501471055671573 ], [ 338846.575224805739708, 5642148.0 ], [ 338846.380900071933866, 5642148.0 ], [ 338846.0, 5642151.440467532724142 ], [ 338846.0, 5642152.0 ], [ 338849.0, 5642152.0 ], [ 338849.0, 5642153.0 ], [ 338850.0, 5642153.0 ] ], [ [ 338850.0, 5642150.0 ], [ 338849.0, 5642150.0 ], [ 338849.0, 5642149.0 ], [ 338850.0, 5642149.0 ], [ 338850.0, 5642150.0 ] ] ] ] } }
]
}
