{
"type": "FeatureCollection",
"name": "Rain Garden Suitability",
"crs": { "type": "name", "properties": { "name": "urn:ogc:def:crs:OGC:1.3:CRS84" } },
"features": [
{ "type": "Feature", "properties": { "gml_id": "DENW41AL30005W9cFL", "identifier": "urn:adv:oid:DENW41AL30005W9cFL", "aktualit_2": "2024-08-20Z", "idflurst": "DENW41AL30005W9c", "flaeche": 355.0, "flstkennz_": "05468201900161______", "flstnrzae": "161", "flstnrnen": null, "gemarkung": "Horrem", "gemaschl": "054682", "flur": "19", "flurschl": "054682019", "land": "Nordrhein-Westfalen", "landschl": "05", "regbezirk": "Köln", "regbezschl": "053", "kreis": "Rhein-Erft-Kreis", "kreisschl": "05362", "gemeinde": "Kerpen", "gmdschl": "05362032", "abwrecht": "Kein abweichender Rechtszustand", "lagebeztxt": "Sistenichstraße 77", "tntxt": "Wohnbaufläche;355", "area": 355, "DN": 1, "rg area": 36.2, "bldg sum": 128, "open area": 227, "10%drain A": 12.8, "5%drain A+": 6.4, "10% check": 1, "T OPEN A": null, "T DRAIN A": null, "5% drain": null, "area ok": null, "5% ok": null, "layer": "Clipped RG", "path": "MultiPolygon?crs=EPSG:25832&field=gml_id:string(80,0)&field=identifier:string(80,0)&field=aktualit_2:string(11,0)&field=idflurst:string(16,0)&field=flaeche:double(16,2)&field=flstkennz_:string(20,0)&field=flstnrzae:string(16,0)&field=flstnrnen:string(16,", "area final": 14.4 }, "geometry": { "type": "MultiPolygon", "coordinates": [ [ [ [ 6.709964332445911, 50.909192011935779 ], [ 6.710031470838748, 50.909192785698394 ], [ 6.710034820387683, 50.909152524762199 ], [ 6.710031707031359, 50.909152463668789 ], [ 6.710031265928334, 50.909161449120596 ], [ 6.709988629749192, 50.909160612461903 ], [ 6.709988188637746, 50.909169597913433 ], [ 6.709973976575753, 50.909169319023661 ], [ 6.709973094346721, 50.909187289926486 ], [ 6.709958882279491, 50.909187011034803 ], [ 6.709958639944322, 50.909191947340148 ], [ 6.709964332445911, 50.909192011935779 ] ] ] ] } },
{ "type": "Feature", "properties": { "gml_id": "DENW41AL30005dsLFL", "identifier": "urn:adv:oid:DENW41AL30005dsLFL", "aktualit_2": "2024-08-20Z", "idflurst": "DENW41AL30005dsL", "flaeche": 947.0, "flstkennz_": "05468202100395______", "flstnrzae": "395", "flstnrnen": null, "gemarkung": "Horrem", "gemaschl": "054682", "flur": "21", "flurschl": "054682021", "land": "Nordrhein-Westfalen", "landschl": "05", "regbezirk": "Köln", "regbezschl": "053", "kreis": "Rhein-Erft-Kreis", "kreisschl": "05362", "gemeinde": "Kerpen", "gmdschl": "05362032", "abwrecht": "Kein abweichender Rechtszustand", "lagebeztxt": "Sistenichstraße 37", "tntxt": "Wohnbaufläche;947", "area": 934, "DN": null, "rg area": 23.0, "bldg sum": null, "open area": null, "10%drain A": null, "5%drain A+": null, "10% check": null, "T OPEN A": 681.2, "T DRAIN A": 252.8, "5% drain": 12.6, "area ok": 1, "5% ok": 1, "layer": "RG final", "path": "C:/Users/kanis/Desktop/Thesis/Data/Analysis/Horrem/RG/RG final.shp", "area final": 23.0 }, "geometry": { "type": "MultiPolygon", "coordinates": [ [ [ [ 6.70943229117723, 50.91237857803177 ], [ 6.709432732446112, 50.912369592588711 ], [ 6.709461158508765, 50.912370150523294 ], [ 6.709462482297664, 50.91234319419344 ], [ 6.709476695321133, 50.912343473157883 ], [ 6.709477577840469, 50.912325502271045 ], [ 6.709420725769809, 50.91232438640364 ], [ 6.709420284499324, 50.912333371846714 ], [ 6.709406071479492, 50.912333092875457 ], [ 6.709405188932379, 50.912351063761356 ], [ 6.70939097590731, 50.912350784788188 ], [ 6.709390534630683, 50.912359770231028 ], [ 6.709404747658485, 50.912360049204281 ], [ 6.709404306384363, 50.912369034647199 ], [ 6.709418519415125, 50.912369313618825 ], [ 6.709418078143511, 50.912378299061793 ], [ 6.70943229117723, 50.91237857803177 ] ] ] ] } },
{ "type": "Feature", "properties": { "gml_id": "DENW41AL30005WAiFL", "identifier": "urn:adv:oid:DENW41AL30005WAiFL", "aktualit_2": "2024-08-20Z", "idflurst": "DENW41AL30005WAi", "flaeche": 662.0, "flstkennz_": "05468200800505______", "flstnrzae": "505", "flstnrnen": null, "gemarkung": "Horrem", "gemaschl": "054682", "flur": "8", "flurschl": "054682008", "land": "Nordrhein-Westfalen", "landschl": "05", "regbezirk": "Köln", "regbezschl": "053", "kreis": "Rhein-Erft-Kreis", "kreisschl": "05362", "gemeinde": "Kerpen", "gmdschl": "05362032", "abwrecht": "Kein abweichender Rechtszustand", "lagebeztxt": "Höhenweg 22", "tntxt": "Wohnbaufläche;662", "area": 636, "DN": null, "rg area": 33.0, "bldg sum": null, "open area": null, "10%drain A": null, "5%drain A+": null, "10% check": null, "T OPEN A": 240.4, "T DRAIN A": 395.6, "5% drain": 19.8, "area ok": 1, "5% ok": 1, "layer": "RG final", "path": "C:/Users/kanis/Desktop/Thesis/Data/Analysis/Horrem/RG/RG final.shp", "area final": 33.0 }, "geometry": { "type": "MultiPolygon", "coordinates": [ [ [ [ 6.714248490447683, 50.913966029490446 ], [ 6.714250692277638, 50.913921102136136 ], [ 6.714264905829212, 50.913921380523874 ], [ 6.714267107639862, 50.913876453168697 ], [ 6.714281321177998, 50.913876731554268 ], [ 6.714281761536719, 50.913867746083092 ], [ 6.714239120931182, 50.91386691092147 ], [ 6.714237799829752, 50.913893867334131 ], [ 6.714223586286828, 50.91389358894321 ], [ 6.714222265175167, 50.913920545355467 ], [ 6.71420805162427, 50.913920266962542 ], [ 6.714207611250534, 50.913929252433171 ], [ 6.714193397697129, 50.913928974038434 ], [ 6.714192516943513, 50.913946944979465 ], [ 6.714206730502382, 50.913947223374386 ], [ 6.714205849753329, 50.913965194315523 ], [ 6.714248490447683, 50.913966029490446 ] ] ] ] } },
{ "type": "Feature", "properties": { "gml_id": "DENW41AL30005dHmFL", "identifier": "urn:adv:oid:DENW41AL30005dHmFL", "aktualit_2": "2024-08-20Z", "idflurst": "DENW41AL30005dHm", "flaeche": 418.0, "flstkennz_": "05468200800758______", "flstnrzae": "758", "flstnrnen": null, "gemarkung": "Horrem", "gemaschl": "054682", "flur": "8", "flurschl": "054682008", "land": "Nordrhein-Westfalen", "landschl": "05", "regbezirk": "Köln", "regbezschl": "053", "kreis": "Rhein-Erft-Kreis", "kreisschl": "05362", "gemeinde": "Kerpen", "gmdschl": "05362032", "abwrecht": "Kein abweichender Rechtszustand", "lagebeztxt": "Höhenweg 28", "tntxt": "Wohnbaufläche;418", "area": 418, "DN": null, "rg area": 18.0, "bldg sum": null, "open area": null, "10%drain A": null, "5%drain A+": null, "10% check": null, "T OPEN A": 179.2, "T DRAIN A": 238.8, "5% drain": 11.9, "area ok": 1, "5% ok": 1, "layer": "RG final", "path": "C:/Users/kanis/Desktop/Thesis/Data/Analysis/Horrem/RG/RG final.shp", "area final": 18.0 }, "geometry": { "type": "MultiPolygon", "coordinates": [ [ [ [ 6.714085293551017, 50.913522122252971 ], [ 6.714085733941924, 50.913513136782477 ], [ 6.714099947367601, 50.91351341518871 ], [ 6.714101268530767, 50.913486458776859 ], [ 6.714115481948473, 50.913486737181088 ], [ 6.714115922333011, 50.91347775171036 ], [ 6.71413013574821, 50.913478030112771 ], [ 6.714129695366404, 50.913487015583598 ], [ 6.714158122202945, 50.91348757238341 ], [ 6.714158562579286, 50.913478586912412 ], [ 6.714144349163636, 50.913478308513461 ], [ 6.714144789542483, 50.913469323042527 ], [ 6.714073722481277, 50.913467931022247 ], [ 6.714074162873562, 50.913458945551746 ], [ 6.71405994946473, 50.913458667142592 ], [ 6.714059068674471, 50.913476638083409 ], [ 6.714073282088767, 50.913476916492748 ], [ 6.714072841696032, 50.913485901963199 ], [ 6.714087055113287, 50.913486180370896 ], [ 6.714086614723057, 50.913495165841447 ], [ 6.714072401303071, 50.913494887433664 ], [ 6.714071080122832, 50.913521843844926 ], [ 6.714085293551017, 50.913522122252971 ] ] ] ] } },
{ "type": "Feature", "properties": { "gml_id": "DENW41AL30005dHmFL", "identifier": "urn:adv:oid:DENW41AL30005dHmFL", "aktualit_2": "2024-08-20Z", "idflurst": "DENW41AL30005dHm", "flaeche": 418.0, "flstkennz_": "05468200800758______", "flstnrzae": "758", "flstnrnen": null, "gemarkung": "Horrem", "gemaschl": "054682", "flur": "8", "flurschl": "054682008", "land": "Nordrhein-Westfalen", "landschl": "05", "regbezirk": "Köln", "regbezschl": "053", "kreis": "Rhein-Erft-Kreis", "kreisschl": "05362", "gemeinde": "Kerpen", "gmdschl": "05362032", "abwrecht": "Kein abweichender Rechtszustand", "lagebeztxt": "Höhenweg 28", "tntxt": "Wohnbaufläche;418", "area": 418, "DN": null, "rg area": 29.0, "bldg sum": null, "open area": null, "10%drain A": null, "5%drain A+": null, "10% check": null, "T OPEN A": 179.2, "T DRAIN A": 238.8, "5% drain": 11.9, "area ok": 1, "5% ok": 1, "layer": "RG final", "path": "C:/Users/kanis/Desktop/Thesis/Data/Analysis/Horrem/RG/RG final.shp", "area final": 29.0 }, "geometry": { "type": "MultiPolygon", "coordinates": [ [ [ [ 6.714000453392598, 50.913511466308805 ], [ 6.714000893799672, 50.913502480838829 ], [ 6.714015107221263, 50.913502759255344 ], [ 6.714017749642579, 50.913448846434584 ], [ 6.713975109427667, 50.913448011181451 ], [ 6.71397422860507, 50.913465982121238 ], [ 6.713960015195086, 50.913465703699892 ], [ 6.713959134366122, 50.91348367463943 ], [ 6.713944920950898, 50.913483396216179 ], [ 6.713944480533345, 50.913492381685842 ], [ 6.713930267115615, 50.913492103260772 ], [ 6.713929826695104, 50.913501088730314 ], [ 6.713944040115566, 50.913501367155476 ], [ 6.713943599697561, 50.913510352625096 ], [ 6.714000453392598, 50.913511466308805 ] ] ] ] } },
{ "type": "Feature", "properties": { "gml_id": "DENW41AL30005crXFL", "identifier": "urn:adv:oid:DENW41AL30005crXFL", "aktualit_2": "2024-08-20Z", "idflurst": "DENW41AL30005crX", "flaeche": 315.0, "flstkennz_": "05468200800044______", "flstnrzae": "44", "flstnrnen": null, "gemarkung": "Horrem", "gemaschl": "054682", "flur": "8", "flurschl": "054682008", "land": "Nordrhein-Westfalen", "landschl": "05", "regbezirk": "Köln", "regbezschl": "053", "kreis": "Rhein-Erft-Kreis", "kreisschl": "05362", "gemeinde": "Kerpen", "gmdschl": "05362032", "abwrecht": "Kein abweichender Rechtszustand", "lagebeztxt": "Höhenweg 26", "tntxt": "Wohnbaufläche;315", "area": 314, "DN": null, "rg area": 32.0, "bldg sum": null, "open area": null, "10%drain A": null, "5%drain A+": null, "10% check": null, "T OPEN A": 78.8, "T DRAIN A": 235.2, "5% drain": 11.8, "area ok": 1, "5% ok": 1, "layer": "RG final", "path": "C:/Users/kanis/Desktop/Thesis/Data/Analysis/Horrem/RG/RG final.shp", "area final": 32.0 }, "geometry": { "type": "MultiPolygon", "coordinates": [ [ [ [ 6.714053783913959, 50.913584463726892 ], [ 6.714055545504407, 50.913548521846003 ], [ 6.714012905197293, 50.913547686605504 ], [ 6.714013345602539, 50.913538701135494 ], [ 6.713942278442192, 50.913537309033877 ], [ 6.713940516765208, 50.913573250912002 ], [ 6.714011583980204, 50.913574643015394 ], [ 6.714011143574056, 50.913583628485341 ], [ 6.714053783913959, 50.913584463726892 ] ] ] ] } },
{ "type": "Feature", "properties": { "gml_id": "DENW41AL30005XRrFL", "identifier": "urn:adv:oid:DENW41AL30005XRrFL", "aktualit_2": "2024-08-20Z", "idflurst": "DENW41AL30005XRr", "flaeche": 611.0, "flstkennz_": "05468200800719______", "flstnrzae": "719", "flstnrnen": null, "gemarkung": "Horrem", "gemaschl": "054682", "flur": "8", "flurschl": "054682008", "land": "Nordrhein-Westfalen", "landschl": "05", "regbezirk": "Köln", "regbezschl": "053", "kreis": "Rhein-Erft-Kreis", "kreisschl": "05362", "gemeinde": "Kerpen", "gmdschl": "05362032", "abwrecht": "Kein abweichender Rechtszustand", "lagebeztxt": "Kirschkaul 8", "tntxt": "Wohnbaufläche;611", "area": 612, "DN": null, "rg area": 154.0, "bldg sum": null, "open area": null, "10%drain A": null, "5%drain A+": null, "10% check": null, "T OPEN A": 353.3, "T DRAIN A": 258.7, "5% drain": 12.9, "area ok": 1, "5% ok": 1, "layer": "RG final", "path": "C:/Users/kanis/Desktop/Thesis/Data/Analysis/Horrem/RG/RG final.shp", "area final": 154.0 }, "geometry": { "type": "MultiPolygon", "coordinates": [ [ [ [ 6.713595870322338, 50.913638451952373 ], [ 6.713596310809308, 50.913629466485126 ], [ 6.713610524265566, 50.913629744951386 ], [ 6.713612726683366, 50.913584817614463 ], [ 6.713626940126188, 50.913585096078542 ], [ 6.713628702045435, 50.913549154208354 ], [ 6.713642915477552, 50.913549432670351 ], [ 6.71364423690642, 50.913522476267275 ], [ 6.713658450330565, 50.913522754727275 ], [ 6.713659331276551, 50.913504783791623 ], [ 6.713602477603183, 50.913503669941939 ], [ 6.713602918086766, 50.913494684474429 ], [ 6.713489210772729, 50.913492456692758 ], [ 6.71348568672286, 50.913564340426596 ], [ 6.713471473287761, 50.913564061945394 ], [ 6.713468830224484, 50.913617974744533 ], [ 6.713525684031812, 50.913619088661079 ], [ 6.713525243531405, 50.913628074127899 ], [ 6.713582097353275, 50.91362918801714 ], [ 6.713581656863573, 50.913638173484294 ], [ 6.713595870322338, 50.913638451952373 ] ] ] ] } },
{ "type": "Feature", "properties": { "gml_id": "DENW41AL30005aqdFL", "identifier": "urn:adv:oid:DENW41AL30005aqdFL", "aktualit_2": "2024-08-20Z", "idflurst": "DENW41AL30005aqd", "flaeche": 229.0, "flstkennz_": "05468202100435______", "flstnrzae": "435", "flstnrnen": null, "gemarkung": "Horrem", "gemaschl": "054682", "flur": "21", "flurschl": "054682021", "land": "Nordrhein-Westfalen", "landschl": "05", "regbezirk": "Köln", "regbezschl": "053", "kreis": "Rhein-Erft-Kreis", "kreisschl": "05362", "gemeinde": "Kerpen", "gmdschl": "05362032", "abwrecht": "Kein abweichender Rechtszustand", "lagebeztxt": "Merkurweg 16", "tntxt": "Wohnbaufläche;229", "area": 231, "DN": null, "rg area": 23.0, "bldg sum": null, "open area": null, "10%drain A": null, "5%drain A+": null, "10% check": null, "T OPEN A": 64.8, "T DRAIN A": 166.2, "5% drain": 8.3, "area ok": 1, "5% ok": 1, "layer": "RG final", "path": "C:/Users/kanis/Desktop/Thesis/Data/Analysis/Horrem/RG/RG final.shp", "area final": 23.0 }, "geometry": { "type": "MultiPolygon", "coordinates": [ [ [ [ 6.709228727525671, 50.913336951474896 ], [ 6.709230492816863, 50.913301009713557 ], [ 6.709216279504202, 50.913300730715406 ], [ 6.709216720829167, 50.91329174527511 ], [ 6.709174080900739, 50.913290908270554 ], [ 6.709174522233674, 50.913281922830528 ], [ 6.709160308927383, 50.913281643825648 ], [ 6.709159426255821, 50.913299614705529 ], [ 6.709173639567577, 50.913299893710594 ], [ 6.709172756900574, 50.913317864590589 ], [ 6.709158543583353, 50.913317585585354 ], [ 6.7091589849197, 50.913308600145449 ], [ 6.709144771605438, 50.913308321138565 ], [ 6.709143888927053, 50.913326292018176 ], [ 6.709186528886912, 50.91332712903418 ], [ 6.709186087555578, 50.913336114474212 ], [ 6.709228727525671, 50.913336951474896 ] ] ] ] } },
{ "type": "Feature", "properties": { "gml_id": "DENW41AL30005ZaAFL", "identifier": "urn:adv:oid:DENW41AL30005ZaAFL", "aktualit_2": "2024-08-20Z", "idflurst": "DENW41AL30005ZaA", "flaeche": 444.0, "flstkennz_": "05468202100025______", "flstnrzae": "25", "flstnrnen": null, "gemarkung": "Horrem", "gemaschl": "054682", "flur": "21", "flurschl": "054682021", "land": "Nordrhein-Westfalen", "landschl": "05", "regbezirk": "Köln", "regbezschl": "053", "kreis": "Rhein-Erft-Kreis", "kreisschl": "05362", "gemeinde": "Kerpen", "gmdschl": "05362032", "abwrecht": "Kein abweichender Rechtszustand", "lagebeztxt": "Merkurweg 4; Sistenichstraße 5", "tntxt": "Wohnbaufläche;444", "area": 442, "DN": null, "rg area": 89.0, "bldg sum": null, "open area": null, "10%drain A": null, "5%drain A+": null, "10% check": null, "T OPEN A": 156.7, "T DRAIN A": 285.3, "5% drain": 14.3, "area ok": 1, "5% ok": 1, "layer": "RG final", "path": "C:/Users/kanis/Desktop/Thesis/Data/Analysis/Horrem/RG/RG final.shp", "area final": 89.0 }, "geometry": { "type": "MultiPolygon", "coordinates": [ [ [ [ 6.709006789911977, 50.913800288147137 ], [ 6.709007672658057, 50.913782317270716 ], [ 6.709021886115328, 50.913782596296137 ], [ 6.709022768855037, 50.913764625419475 ], [ 6.709093836117463, 50.913766020519752 ], [ 6.709094718828943, 50.91374804964213 ], [ 6.709066291934225, 50.913747491607566 ], [ 6.709066733295091, 50.913738506168912 ], [ 6.709024092962906, 50.913737669104357 ], [ 6.709024534331744, 50.913728683665944 ], [ 6.708996107450217, 50.913728125614441 ], [ 6.708996548824292, 50.913719140176191 ], [ 6.708953908511895, 50.913718303086242 ], [ 6.708954349893943, 50.913709317648234 ], [ 6.708911709591779, 50.913708480542994 ], [ 6.708912150981797, 50.913699495105249 ], [ 6.708883724120285, 50.913698937026595 ], [ 6.708882841329092, 50.913716907901716 ], [ 6.70886862789321, 50.913716628859639 ], [ 6.708868186494542, 50.913725614297078 ], [ 6.708910826811064, 50.913726451418427 ], [ 6.708910385420368, 50.913735436856122 ], [ 6.708853531654528, 50.913734320690516 ], [ 6.708852648850596, 50.913752291565153 ], [ 6.708895289191031, 50.913753128692484 ], [ 6.708894847796924, 50.913762114130044 ], [ 6.708923274697143, 50.913762672206467 ], [ 6.708922833308273, 50.913771657644176 ], [ 6.708937046761456, 50.913771936679886 ], [ 6.708936605375093, 50.913780922117681 ], [ 6.708950818831234, 50.913781201151743 ], [ 6.708950377447377, 50.913790186589608 ], [ 6.708978804365801, 50.913790744652736 ], [ 6.708978362987184, 50.913799730090751 ], [ 6.709006789911977, 50.913800288147137 ] ] ] ] } },
{ "type": "Feature", "properties": { "gml_id": "DENW41AL30005eyDFL", "identifier": "urn:adv:oid:DENW41AL30005eyDFL", "aktualit_2": "2024-08-20Z", "idflurst": "DENW41AL30005eyD", "flaeche": 448.0, "flstkennz_": "05468202100023______", "flstnrzae": "23", "flstnrnen": null, "gemarkung": "Horrem", "gemaschl": "054682", "flur": "21", "flurschl": "054682021", "land": "Nordrhein-Westfalen", "landschl": "05", "regbezirk": "Köln", "regbezschl": "053", "kreis": "Rhein-Erft-Kreis", "kreisschl": "05362", "gemeinde": "Kerpen", "gmdschl": "05362032", "abwrecht": "Kein abweichender Rechtszustand", "lagebeztxt": "Merkurweg 2; Sistenichstraße 3", "tntxt": "Wohnbaufläche;448", "area": 444, "DN": null, "rg area": 48.0, "bldg sum": null, "open area": null, "10%drain A": null, "5%drain A+": null, "10% check": null, "T OPEN A": 143.8, "T DRAIN A": 300.2, "5% drain": 15.0, "area ok": 1, "5% ok": 1, "layer": "RG final", "path": "C:/Users/kanis/Desktop/Thesis/Data/Analysis/Horrem/RG/RG final.shp", "area final": 48.0 }, "geometry": { "type": "MultiPolygon", "coordinates": [ [ [ [ 6.708973507807458, 50.913898569907914 ], [ 6.708975714710726, 50.913853642718543 ], [ 6.708989928189405, 50.913853921748128 ], [ 6.708991252320454, 50.913826965434048 ], [ 6.708977038849973, 50.913826686404725 ], [ 6.708977480229269, 50.913817700966746 ], [ 6.70893483982738, 50.913816863868675 ], [ 6.708935281214647, 50.913807878430944 ], [ 6.708921067750536, 50.913807599394893 ], [ 6.708919743579856, 50.913834555707744 ], [ 6.708905530107774, 50.913834276669682 ], [ 6.708904647320725, 50.913852247544661 ], [ 6.708890433843404, 50.913851968504702 ], [ 6.708889992446808, 50.91386095394207 ], [ 6.708847352008004, 50.913860116811534 ], [ 6.708846910602984, 50.913869102248633 ], [ 6.708889551049985, 50.913869939379431 ], [ 6.708889109652937, 50.913878924816771 ], [ 6.708917536624201, 50.91387948289551 ], [ 6.70891709523239, 50.913888468333006 ], [ 6.708959735699182, 50.91388930543841 ], [ 6.708959294315343, 50.913898290876155 ], [ 6.708973507807458, 50.913898569907914 ] ] ] ] } },
{ "type": "Feature", "properties": { "gml_id": "DENW41AL30005csCFL", "identifier": "urn:adv:oid:DENW41AL30005csCFL", "aktualit_2": "2024-08-20Z", "idflurst": "DENW41AL30005csC", "flaeche": 546.0, "flstkennz_": "05468202000452______", "flstnrzae": "452", "flstnrnen": null, "gemarkung": "Horrem", "gemaschl": "054682", "flur": "20", "flurschl": "054682020", "land": "Nordrhein-Westfalen", "landschl": "05", "regbezirk": "Köln", "regbezschl": "053", "kreis": "Rhein-Erft-Kreis", "kreisschl": "05362", "gemeinde": "Kerpen", "gmdschl": "05362032", "abwrecht": "Kein abweichender Rechtszustand", "lagebeztxt": "Sistenichstraße 57, 59", "tntxt": "Wohnbaufläche;546", "area": 546, "DN": null, "rg area": 83.0, "bldg sum": null, "open area": null, "10%drain A": null, "5%drain A+": null, "10% check": null, "T OPEN A": 166.5, "T DRAIN A": 379.5, "5% drain": 19.0, "area ok": 1, "5% ok": 1, "layer": "RG final", "path": "C:/Users/kanis/Desktop/Thesis/Data/Analysis/Horrem/RG/RG final.shp", "area final": 83.0 }, "geometry": { "type": "MultiPolygon", "coordinates": [ [ [ [ 6.709992391838616, 50.911112407367042 ], [ 6.709996803239948, 50.911022552880794 ], [ 6.70985467698665, 50.911019763843349 ], [ 6.709854235820214, 50.911028749291162 ], [ 6.709868448447258, 50.911029028202769 ], [ 6.709867566119171, 50.911046999098538 ], [ 6.709895991384866, 50.911047556916927 ], [ 6.709895109066803, 50.911065527812966 ], [ 6.709909321705454, 50.911065806719748 ], [ 6.709908880548816, 50.911074792167831 ], [ 6.709880455266276, 50.911074234352355 ], [ 6.709880896428379, 50.911065248904457 ], [ 6.709866683790181, 50.911064969994207 ], [ 6.709864477963746, 50.911109897233125 ], [ 6.709992391838616, 50.911112407367042 ] ], [ [ 6.709893785588013, 50.911092484156896 ], [ 6.709922210881934, 50.911093041969266 ], [ 6.709921769727349, 50.911102027417385 ], [ 6.709893344427964, 50.911101469604837 ], [ 6.709893785588013, 50.911092484156896 ] ] ] ] } },
{ "type": "Feature", "properties": { "gml_id": "DENW41AL30005gzDFL", "identifier": "urn:adv:oid:DENW41AL30005gzDFL", "aktualit_2": "2024-08-20Z", "idflurst": "DENW41AL30005gzD", "flaeche": 338.0, "flstkennz_": "05468202000446______", "flstnrzae": "446", "flstnrnen": null, "gemarkung": "Horrem", "gemaschl": "054682", "flur": "20", "flurschl": "054682020", "land": "Nordrhein-Westfalen", "landschl": "05", "regbezirk": "Köln", "regbezschl": "053", "kreis": "Rhein-Erft-Kreis", "kreisschl": "05362", "gemeinde": "Kerpen", "gmdschl": "05362032", "abwrecht": "Kein abweichender Rechtszustand", "lagebeztxt": "Sistenichstraße 61", "tntxt": "Wohnbaufläche;338", "area": 338, "DN": null, "rg area": 46.0, "bldg sum": null, "open area": null, "10%drain A": null, "5%drain A+": null, "10% check": null, "T OPEN A": 99.4, "T DRAIN A": 238.6, "5% drain": 11.9, "area ok": 1, "5% ok": 1, "layer": "RG final", "path": "C:/Users/kanis/Desktop/Thesis/Data/Analysis/Horrem/RG/RG final.shp", "area final": 46.0 }, "geometry": { "type": "MultiPolygon", "coordinates": [ [ [ [ 6.710118003217689, 50.910872031343786 ], [ 6.710119767669095, 50.910836089544837 ], [ 6.710062917387319, 50.91083497401339 ], [ 6.710063799633523, 50.910817003114531 ], [ 6.710049587069107, 50.910816724227523 ], [ 6.710047822564869, 50.910852666024823 ], [ 6.710033609989752, 50.910852387135733 ], [ 6.710034051118884, 50.910843401686527 ], [ 6.710019838546724, 50.910843122795796 ], [ 6.710019397414862, 50.91085210824491 ], [ 6.710005184840196, 50.91085182935236 ], [ 6.710006067109161, 50.910833858454289 ], [ 6.709977641971437, 50.910833300664351 ], [ 6.709976759691545, 50.91085127156208 ], [ 6.70987727167839, 50.91084931924162 ], [ 6.709876830518979, 50.910858304689839 ], [ 6.70994789339805, 50.910859699213546 ], [ 6.709947452252075, 50.910868684662177 ], [ 6.710118003217689, 50.910872031343786 ] ] ] ] } },
{ "type": "Feature", "properties": { "gml_id": "DENW41AL30005cmNFL", "identifier": "urn:adv:oid:DENW41AL30005cmNFL", "aktualit_2": "2024-08-20Z", "idflurst": "DENW41AL30005cmN", "flaeche": 378.0, "flstkennz_": "05468201900166______", "flstnrzae": "166", "flstnrnen": null, "gemarkung": "Horrem", "gemaschl": "054682", "flur": "19", "flurschl": "054682019", "land": "Nordrhein-Westfalen", "landschl": "05", "regbezirk": "Köln", "regbezschl": "053", "kreis": "Rhein-Erft-Kreis", "kreisschl": "05362", "gemeinde": "Kerpen", "gmdschl": "05362032", "abwrecht": "Kein abweichender Rechtszustand", "lagebeztxt": "Merodestraße 30", "tntxt": "Wohnbaufläche;378", "area": 375, "DN": null, "rg area": 84.0, "bldg sum": null, "open area": null, "10%drain A": null, "5%drain A+": null, "10% check": null, "T OPEN A": 204.9, "T DRAIN A": 170.1, "5% drain": 8.5, "area ok": 1, "5% ok": 1, "layer": "RG final", "path": "C:/Users/kanis/Desktop/Thesis/Data/Analysis/Horrem/RG/RG final.shp", "area final": 84.0 }, "geometry": { "type": "MultiPolygon", "coordinates": [ [ [ [ 6.707302916228388, 50.908811073028147 ], [ 6.707305124340029, 50.908766145851907 ], [ 6.707319336252738, 50.908766425064954 ], [ 6.707321985962849, 50.908712512452382 ], [ 6.707336197859394, 50.908712791663177 ], [ 6.707339289158439, 50.908649893613799 ], [ 6.707325077281015, 50.908649614403622 ], [ 6.70732551889699, 50.90864062896803 ], [ 6.707339730771683, 50.9086409081781 ], [ 6.707343263669488, 50.908569024691964 ], [ 6.707357475522554, 50.908569303899604 ], [ 6.707357917131029, 50.908560318463678 ], [ 6.707329493430587, 50.908559760046849 ], [ 6.707327285358629, 50.908604687225441 ], [ 6.70731307349509, 50.908604408014 ], [ 6.707313515112665, 50.908595422578394 ], [ 6.707299303252084, 50.908595143365304 ], [ 6.707300628111648, 50.908568187058684 ], [ 6.707286416259487, 50.90856790784413 ], [ 6.707275375632592, 50.908792543725866 ], [ 6.707289587553044, 50.908792822942658 ], [ 6.707288704302246, 50.908810793812911 ], [ 6.707302916228388, 50.908811073028147 ] ] ] ] } },
{ "type": "Feature", "properties": { "gml_id": "DENW41AL30005av7FL", "identifier": "urn:adv:oid:DENW41AL30005av7FL", "aktualit_2": "2024-08-20Z", "idflurst": "DENW41AL30005av7", "flaeche": 342.0, "flstkennz_": "05468201900303______", "flstnrzae": "303", "flstnrnen": null, "gemarkung": "Horrem", "gemaschl": "054682", "flur": "19", "flurschl": "054682019", "land": "Nordrhein-Westfalen", "landschl": "05", "regbezirk": "Köln", "regbezschl": "053", "kreis": "Rhein-Erft-Kreis", "kreisschl": "05362", "gemeinde": "Kerpen", "gmdschl": "05362032", "abwrecht": "Kein abweichender Rechtszustand", "lagebeztxt": "Heinrich-Heine-Straße 5", "tntxt": "Wohnbaufläche;342", "area": 342, "DN": null, "rg area": 35.0, "bldg sum": null, "open area": null, "10%drain A": null, "5%drain A+": null, "10% check": null, "T OPEN A": 109.5, "T DRAIN A": 232.5, "5% drain": 11.6, "area ok": 1, "5% ok": 1, "layer": "RG final", "path": "C:/Users/kanis/Desktop/Thesis/Data/Analysis/Horrem/RG/RG final.shp", "area final": 35.0 }, "geometry": { "type": "MultiPolygon", "coordinates": [ [ [ [ 6.707622725602096, 50.908961261495044 ], [ 6.707625374980139, 50.908907348872837 ], [ 6.707639586939028, 50.908907628047452 ], [ 6.707640470057768, 50.908889657173084 ], [ 6.707540986388537, 50.908887702915649 ], [ 6.707540544810158, 50.908896688352243 ], [ 6.707554756764958, 50.908896967537146 ], [ 6.707554315189086, 50.90890595297379 ], [ 6.707568527146843, 50.908906232157051 ], [ 6.707566760852014, 50.908942173903831 ], [ 6.707552548883329, 50.908941894720201 ], [ 6.707552107306324, 50.908950880156773 ], [ 6.707608955193347, 50.90895199688125 ], [ 6.707608513627044, 50.908960982318156 ], [ 6.707622725602096, 50.908961261495044 ] ] ] ] } },
{ "type": "Feature", "properties": { "gml_id": "DENW41AL30005hvIFL", "identifier": "urn:adv:oid:DENW41AL30005hvIFL", "aktualit_2": "2024-08-20Z", "idflurst": "DENW41AL30005hvI", "flaeche": 409.0, "flstkennz_": "05468201900360______", "flstnrzae": "360", "flstnrnen": null, "gemarkung": "Horrem", "gemaschl": "054682", "flur": "19", "flurschl": "054682019", "land": "Nordrhein-Westfalen", "landschl": "05", "regbezirk": "Köln", "regbezschl": "053", "kreis": "Rhein-Erft-Kreis", "kreisschl": "05362", "gemeinde": "Kerpen", "gmdschl": "05362032", "abwrecht": "Kein abweichender Rechtszustand", "lagebeztxt": "Heinrich-Heine-Straße 5 a", "tntxt": "Wohnbaufläche;409", "area": 409, "DN": null, "rg area": 46.0, "bldg sum": null, "open area": null, "10%drain A": null, "5%drain A+": null, "10% check": null, "T OPEN A": 103.6, "T DRAIN A": 305.4, "5% drain": 15.3, "area ok": 1, "5% ok": 1, "layer": "RG final", "path": "C:/Users/kanis/Desktop/Thesis/Data/Analysis/Horrem/RG/RG final.shp", "area final": 46.0 }, "geometry": { "type": "MultiPolygon", "coordinates": [ [ [ [ 6.707468160262081, 50.908922248710063 ], [ 6.707469485039551, 50.908895292401773 ], [ 6.707483696993219, 50.908895571595323 ], [ 6.707484580171604, 50.908877600722867 ], [ 6.707441944327667, 50.908876763137563 ], [ 6.707443269118133, 50.908849806829551 ], [ 6.707357997485539, 50.908848131613858 ], [ 6.707358439098297, 50.908839146178366 ], [ 6.707344227163055, 50.908838866969795 ], [ 6.707341577466715, 50.908892779582025 ], [ 6.707355789418347, 50.908893058791129 ], [ 6.707357555872552, 50.908857117049351 ], [ 6.707371767813484, 50.90885739625638 ], [ 6.707371326203004, 50.908866381691929 ], [ 6.707385538146894, 50.908866660897317 ], [ 6.707384654930718, 50.908884631768558 ], [ 6.707398866880297, 50.908884910972397 ], [ 6.707397983668678, 50.908902881843751 ], [ 6.707412195623948, 50.908903161046041 ], [ 6.707411754020532, 50.908912146481789 ], [ 6.707425965978759, 50.908912425682423 ], [ 6.707425524377848, 50.908921411118236 ], [ 6.707468160262081, 50.908922248710063 ] ] ] ] } },
{ "type": "Feature", "properties": { "gml_id": "DENW41AL30005dwAFL", "identifier": "urn:adv:oid:DENW41AL30005dwAFL", "aktualit_2": "2024-08-20Z", "idflurst": "DENW41AL30005dwA", "flaeche": 434.0, "flstkennz_": "05468201900301______", "flstnrzae": "301", "flstnrnen": null, "gemarkung": "Horrem", "gemaschl": "054682", "flur": "19", "flurschl": "054682019", "land": "Nordrhein-Westfalen", "landschl": "05", "regbezirk": "Köln", "regbezschl": "053", "kreis": "Rhein-Erft-Kreis", "kreisschl": "05362", "gemeinde": "Kerpen", "gmdschl": "05362032", "abwrecht": "Kein abweichender Rechtszustand", "lagebeztxt": "Merodestraße 28", "tntxt": "Wohnbaufläche;434", "area": 433, "DN": null, "rg area": 129.0, "bldg sum": null, "open area": null, "10%drain A": null, "5%drain A+": null, "10% check": null, "T OPEN A": 253.6, "T DRAIN A": 179.4, "5% drain": 9.0, "area ok": 1, "5% ok": 1, "layer": "RG final", "path": "C:/Users/kanis/Desktop/Thesis/Data/Analysis/Horrem/RG/RG final.shp", "area final": 129.0 }, "geometry": { "type": "MultiPolygon", "coordinates": [ [ [ [ 6.707444593906561, 50.908822850521403 ], [ 6.707445477097715, 50.90880487964921 ], [ 6.707459689023615, 50.908805158845325 ], [ 6.707463663348022, 50.908724289918844 ], [ 6.707477875249564, 50.908724569112429 ], [ 6.707481407945131, 50.908652685620375 ], [ 6.707467196065442, 50.908652406427507 ], [ 6.707467637654101, 50.908643420991012 ], [ 6.707453425777373, 50.908643141796489 ], [ 6.707452984185982, 50.908652127232898 ], [ 6.707438772306746, 50.908651848036556 ], [ 6.707438330712397, 50.908660833472851 ], [ 6.707424118830658, 50.908660554274704 ], [ 6.707423677233351, 50.9086695397109 ], [ 6.707409465349105, 50.908669260510926 ], [ 6.70740902374884, 50.908678245947002 ], [ 6.707394811862089, 50.908677966745216 ], [ 6.707395253465086, 50.908668981309219 ], [ 6.707381041581293, 50.908668702105786 ], [ 6.707378833550391, 50.908713629285174 ], [ 6.707364621653166, 50.908713350079566 ], [ 6.707361530381275, 50.908776248129371 ], [ 6.707347318465156, 50.908775968921418 ], [ 6.70734555200817, 50.908811910663445 ], [ 6.707359763935217, 50.908812189871753 ], [ 6.707359322323136, 50.90882117530731 ], [ 6.707444593906561, 50.908822850521403 ] ] ] ] } },
{ "type": "Feature", "properties": { "gml_id": "DENW41AL30005eHnFL", "identifier": "urn:adv:oid:DENW41AL30005eHnFL", "aktualit_2": "2024-08-20Z", "idflurst": "DENW41AL30005eHn", "flaeche": 678.0, "flstkennz_": "05468201900234______", "flstnrzae": "234", "flstnrnen": null, "gemarkung": "Horrem", "gemaschl": "054682", "flur": "19", "flurschl": "054682019", "land": "Nordrhein-Westfalen", "landschl": "05", "regbezirk": "Köln", "regbezschl": "053", "kreis": "Rhein-Erft-Kreis", "kreisschl": "05362", "gemeinde": "Kerpen", "gmdschl": "05362032", "abwrecht": "Kein abweichender Rechtszustand", "lagebeztxt": "Merodestraße 26", "tntxt": "Wohnbaufläche;678", "area": 664, "DN": null, "rg area": 211.0, "bldg sum": null, "open area": null, "10%drain A": null, "5%drain A+": null, "10% check": null, "T OPEN A": 463.9, "T DRAIN A": 200.1, "5% drain": 10.0, "area ok": 1, "5% ok": 1, "layer": "RG final", "path": "C:/Users/kanis/Desktop/Thesis/Data/Analysis/Horrem/RG/RG final.shp", "area final": 211.0 }, "geometry": { "type": "MultiPolygon", "coordinates": [ [ [ [ 6.707641794734182, 50.908862700861391 ], [ 6.707644002523678, 50.908817773674905 ], [ 6.707658214455478, 50.908818052846911 ], [ 6.707662629990184, 50.908728198471792 ], [ 6.707676841894892, 50.908728477641169 ], [ 6.707679049640102, 50.908683550452551 ], [ 6.707664837749052, 50.9086832712836 ], [ 6.707665279300146, 50.908674285845919 ], [ 6.707622643636548, 50.908673448328983 ], [ 6.707621760517743, 50.908691419203805 ], [ 6.707593336732215, 50.908690860850186 ], [ 6.707592895167009, 50.908699846287391 ], [ 6.707564471376924, 50.908699287926673 ], [ 6.707564912947592, 50.908690302489646 ], [ 6.707522277272356, 50.908689464935875 ], [ 6.707520510955543, 50.908725406682834 ], [ 6.707506299053323, 50.908725127494435 ], [ 6.707502324802671, 50.908805996423311 ], [ 6.707488112876093, 50.908805717232376 ], [ 6.707485904937485, 50.908850644414059 ], [ 6.707542752699789, 50.908851761169188 ], [ 6.707542311122316, 50.908860746605839 ], [ 6.707641794734182, 50.908862700861391 ] ] ] ] } },
{ "type": "Feature", "properties": { "gml_id": "DENW41AL30005eHnFL", "identifier": "urn:adv:oid:DENW41AL30005eHnFL", "aktualit_2": "2024-08-20Z", "idflurst": "DENW41AL30005eHn", "flaeche": 678.0, "flstkennz_": "05468201900234______", "flstnrzae": "234", "flstnrnen": null, "gemarkung": "Horrem", "gemaschl": "054682", "flur": "19", "flurschl": "054682019", "land": "Nordrhein-Westfalen", "landschl": "05", "regbezirk": "Köln", "regbezschl": "053", "kreis": "Rhein-Erft-Kreis", "kreisschl": "05362", "gemeinde": "Kerpen", "gmdschl": "05362032", "abwrecht": "Kein abweichender Rechtszustand", "lagebeztxt": "Merodestraße 26", "tntxt": "Wohnbaufläche;678", "area": 664, "DN": null, "rg area": 19.0, "bldg sum": null, "open area": null, "10%drain A": null, "5%drain A+": null, "10% check": null, "T OPEN A": 463.9, "T DRAIN A": 200.1, "5% drain": 10.0, "area ok": 1, "5% ok": 1, "layer": "RG final", "path": "C:/Users/kanis/Desktop/Thesis/Data/Analysis/Horrem/RG/RG final.shp", "area final": 19.0 }, "geometry": { "type": "MultiPolygon", "coordinates": [ [ [ [ 6.707695469257273, 50.908638902430276 ], [ 6.70769767697751, 50.908593975240379 ], [ 6.707626617659974, 50.908592579391453 ], [ 6.70762617610272, 50.908601564829027 ], [ 6.707640387968507, 50.908601844002348 ], [ 6.707639504858784, 50.908619814877625 ], [ 6.707653716730261, 50.908620094049397 ], [ 6.707652833625097, 50.908638064924773 ], [ 6.707695469257273, 50.908638902430276 ] ] ] ] } },
{ "type": "Feature", "properties": { "gml_id": "DENW41AL2t00007tFL", "identifier": "urn:adv:oid:DENW41AL2t00007tFL", "aktualit_2": "2024-08-29Z", "idflurst": "DENW41AL2t00007t", "flaeche": 470.0, "flstkennz_": "05468201900396______", "flstnrzae": "396", "flstnrnen": null, "gemarkung": "Horrem", "gemaschl": "054682", "flur": "19", "flurschl": "054682019", "land": "Nordrhein-Westfalen", "landschl": "05", "regbezirk": "Köln", "regbezschl": "053", "kreis": "Rhein-Erft-Kreis", "kreisschl": "05362", "gemeinde": "Kerpen", "gmdschl": "05362032", "abwrecht": "Kein abweichender Rechtszustand", "lagebeztxt": "Merodestraße 24", "tntxt": "Wohnbaufläche;470", "area": 470, "DN": null, "rg area": 118.0, "bldg sum": null, "open area": null, "10%drain A": null, "5%drain A+": null, "10% check": null, "T OPEN A": 249.5, "T DRAIN A": 220.5, "5% drain": 11.0, "area ok": 1, "5% ok": 1, "layer": "RG final", "path": "C:/Users/kanis/Desktop/Thesis/Data/Analysis/Horrem/RG/RG final.shp", "area final": 118.0 }, "geometry": { "type": "MultiPolygon", "coordinates": [ [ [ [ 6.707889578983926, 50.908741650413553 ], [ 6.707893111047556, 50.908669766901014 ], [ 6.707907322936763, 50.908670046042111 ], [ 6.707909088952222, 50.908634104285099 ], [ 6.707894877073942, 50.908633825144349 ], [ 6.707895318579973, 50.908624839705134 ], [ 6.707852682954685, 50.908624002272781 ], [ 6.707852241440459, 50.908632987711727 ], [ 6.707823817685933, 50.908632429414666 ], [ 6.707824700725085, 50.908614458537123 ], [ 6.707782065111385, 50.908613621079091 ], [ 6.707779857470835, 50.908658548271511 ], [ 6.707751433702183, 50.908657989956623 ], [ 6.70775099216793, 50.90866697539488 ], [ 6.707722568394719, 50.908666417072901 ], [ 6.707719477610374, 50.90872931513897 ], [ 6.707804749047451, 50.908730990087875 ], [ 6.707804307522315, 50.908739975526352 ], [ 6.707889578983926, 50.908741650413553 ] ], [ [ 6.707833614381067, 50.908722562951667 ], [ 6.7078194024766, 50.908722283801389 ], [ 6.707820285520277, 50.908704312924172 ], [ 6.707862921217963, 50.908705150369315 ], [ 6.707862038190676, 50.90872312124705 ], [ 6.707876250095821, 50.908723400392148 ], [ 6.707875808584569, 50.908732385831094 ], [ 6.70783317286162, 50.908731548390342 ], [ 6.707833614381067, 50.908722562951667 ] ], [ [ 6.707793627829443, 50.90866781286487 ], [ 6.707807839717066, 50.908668092018083 ], [ 6.707808281240392, 50.908659106579464 ], [ 6.707822493125509, 50.908659385730857 ], [ 6.707822051604915, 50.908668371169554 ], [ 6.70783626349299, 50.908668650319299 ], [ 6.707834938938046, 50.908695606635575 ], [ 6.707792303249913, 50.908694769180343 ], [ 6.707793627829443, 50.90866781286487 ] ] ] ] } },
{ "type": "Feature", "properties": { "gml_id": "DENW41AL30005UA4FL", "identifier": "urn:adv:oid:DENW41AL30005UA4FL", "aktualit_2": "2024-08-20Z", "idflurst": "DENW41AL30005UA4", "flaeche": 529.0, "flstkennz_": "05468200800551______", "flstnrzae": "551", "flstnrnen": null, "gemarkung": "Horrem", "gemaschl": "054682", "flur": "8", "flurschl": "054682008", "land": "Nordrhein-Westfalen", "landschl": "05", "regbezirk": "Köln", "regbezschl": "053", "kreis": "Rhein-Erft-Kreis", "kreisschl": "05362", "gemeinde": "Kerpen", "gmdschl": "05362032", "abwrecht": "Kein abweichender Rechtszustand", "lagebeztxt": "Hauptstraße 190", "tntxt": "Fläche gemischter Nutzung(funktion:Gebäude- und Freifläche Mischnutzung mit Wohnen);529", "area": 529, "DN": null, "rg area": 137.0, "bldg sum": null, "open area": null, "10%drain A": null, "5%drain A+": null, "10% check": null, "T OPEN A": 206.1, "T DRAIN A": 322.9, "5% drain": 16.1, "area ok": 1, "5% ok": 1, "layer": "RG final", "path": "C:/Users/kanis/Desktop/Thesis/Data/Analysis/Horrem/RG/RG final.shp", "area final": 137.0 }, "geometry": { "type": "MultiPolygon", "coordinates": [ [ [ [ 6.710573943954749, 50.912886661980522 ], [ 6.710574385011794, 50.912877676531068 ], [ 6.710602811406612, 50.912878234191687 ], [ 6.710603252457965, 50.912869248742041 ], [ 6.71061746565298, 50.912869527569669 ], [ 6.710618347749543, 50.912851556670141 ], [ 6.71063256093932, 50.912851835495864 ], [ 6.710634325118805, 50.912815893696262 ], [ 6.710591685582939, 50.912815057214978 ], [ 6.710592126635443, 50.912806071765303 ], [ 6.710506847586207, 50.91280439875657 ], [ 6.710507288654878, 50.912795413307407 ], [ 6.710422009630175, 50.912793740236971 ], [ 6.710422450715014, 50.912784754788341 ], [ 6.710379811213911, 50.912783918230033 ], [ 6.710378929027613, 50.912801889126783 ], [ 6.710393142199885, 50.912802167981454 ], [ 6.71039270110913, 50.912811153429885 ], [ 6.710378487934125, 50.912810874575129 ], [ 6.710377164652304, 50.912837830920054 ], [ 6.710362951469328, 50.912837552063294 ], [ 6.710362069274853, 50.91285552295966 ], [ 6.710404708840853, 50.912856359525271 ], [ 6.710404267751475, 50.912865344973696 ], [ 6.710461120520237, 50.912866460370665 ], [ 6.71046067944156, 50.912875445819424 ], [ 6.710503319028702, 50.912876282349259 ], [ 6.710504201169435, 50.912858311451188 ], [ 6.710575267125201, 50.912859705632108 ], [ 6.710575708181568, 50.912850720182604 ], [ 6.710589921370667, 50.912850999013514 ], [ 6.710589039263175, 50.912868969912687 ], [ 6.710517973292616, 50.912867575739966 ], [ 6.710517532224868, 50.91287656118908 ], [ 6.71053174542126, 50.912876840027167 ], [ 6.710531304356021, 50.912885825476359 ], [ 6.710573943954749, 50.912886661980522 ] ] ] ] } },
{ "type": "Feature", "properties": { "gml_id": "DENW41AL30005VjAFL", "identifier": "urn:adv:oid:DENW41AL30005VjAFL", "aktualit_2": "2024-08-20Z", "idflurst": "DENW41AL30005VjA", "flaeche": 603.0, "flstkennz_": "05468202100419______", "flstnrzae": "419", "flstnrnen": null, "gemarkung": "Horrem", "gemaschl": "054682", "flur": "21", "flurschl": "054682021", "land": "Nordrhein-Westfalen", "landschl": "05", "regbezirk": "Köln", "regbezschl": "053", "kreis": "Rhein-Erft-Kreis", "kreisschl": "05362", "gemeinde": "Kerpen", "gmdschl": "05362032", "abwrecht": "Kein abweichender Rechtszustand", "lagebeztxt": "Am grünen Weg 5", "tntxt": "Wohnbaufläche;603", "area": 609, "DN": null, "rg area": 117.0, "bldg sum": null, "open area": null, "10%drain A": null, "5%drain A+": null, "10% check": null, "T OPEN A": 244.9, "T DRAIN A": 364.1, "5% drain": 18.2, "area ok": 1, "5% ok": 1, "layer": "RG final", "path": "C:/Users/kanis/Desktop/Thesis/Data/Analysis/Horrem/RG/RG final.shp", "area final": 117.0 }, "geometry": { "type": "MultiPolygon", "coordinates": [ [ [ [ 6.70751927494402, 50.912224090840738 ], [ 6.707519716578812, 50.912215105409445 ], [ 6.70756235547495, 50.912215943005513 ], [ 6.707563238727464, 50.912197972142337 ], [ 6.707577451687832, 50.912198251337394 ], [ 6.707581426288348, 50.912117382451491 ], [ 6.707567213352569, 50.912117103257245 ], [ 6.707567654976451, 50.912108117825468 ], [ 6.707539229111038, 50.912107559431959 ], [ 6.707539670740156, 50.912098574000368 ], [ 6.707454393165746, 50.912096898778849 ], [ 6.70745483481103, 50.912087913347762 ], [ 6.707440621885486, 50.912087634138217 ], [ 6.707439738589225, 50.912105605000185 ], [ 6.707453951520234, 50.912105884209915 ], [ 6.707453068228533, 50.912123855071982 ], [ 6.70743885529206, 50.912123575862097 ], [ 6.707436647045183, 50.912168503016574 ], [ 6.707450859995317, 50.912168782226914 ], [ 6.707450418347995, 50.912177767657845 ], [ 6.707464631301087, 50.912178046866558 ], [ 6.70746330636596, 50.912205003159528 ], [ 6.70744909340467, 50.912204723950552 ], [ 6.707448651756443, 50.912213709381412 ], [ 6.707491290649187, 50.912214547003416 ], [ 6.707490849008929, 50.912223532434538 ], [ 6.70751927494402, 50.912224090840738 ] ] ] ] } },
{ "type": "Feature", "properties": { "gml_id": "DENW41AL30005g81FL", "identifier": "urn:adv:oid:DENW41AL30005g81FL", "aktualit_2": "2024-08-20Z", "idflurst": "DENW41AL30005g81", "flaeche": 593.0, "flstkennz_": "05468202100450______", "flstnrzae": "450", "flstnrnen": null, "gemarkung": "Horrem", "gemaschl": "054682", "flur": "21", "flurschl": "054682021", "land": "Nordrhein-Westfalen", "landschl": "05", "regbezirk": "Köln", "regbezschl": "053", "kreis": "Rhein-Erft-Kreis", "kreisschl": "05362", "gemeinde": "Kerpen", "gmdschl": "05362032", "abwrecht": "Kein abweichender Rechtszustand", "lagebeztxt": "Am grünen Weg 3", "tntxt": "Wohnbaufläche;593", "area": 591, "DN": null, "rg area": 195.0, "bldg sum": null, "open area": null, "10%drain A": null, "5%drain A+": null, "10% check": null, "T OPEN A": 338.5, "T DRAIN A": 252.5, "5% drain": 12.6, "area ok": 1, "5% ok": 1, "layer": "RG final", "path": "C:/Users/kanis/Desktop/Thesis/Data/Analysis/Horrem/RG/RG final.shp", "area final": 195.0 }, "geometry": { "type": "MultiPolygon", "coordinates": [ [ [ [ 6.707442027005873, 50.912348490842412 ], [ 6.707443351960061, 50.912321534550507 ], [ 6.707457564956869, 50.912321813760641 ], [ 6.707458448253065, 50.912303842899114 ], [ 6.707472661244634, 50.912304122107344 ], [ 6.707473986179034, 50.91227716581465 ], [ 6.707488199162634, 50.912277445020884 ], [ 6.707488640804248, 50.912268459589875 ], [ 6.707502853785342, 50.912268738794275 ], [ 6.707503295423999, 50.912259753363152 ], [ 6.707517508402587, 50.912260032565747 ], [ 6.707517950038285, 50.912251047134518 ], [ 6.707475311111398, 50.912250209521815 ], [ 6.707475752755065, 50.912241224090849 ], [ 6.707362048981849, 50.912238990381617 ], [ 6.707362490647149, 50.91223000495134 ], [ 6.707319851744124, 50.912229167282128 ], [ 6.707320293417394, 50.912220181852085 ], [ 6.707263441560793, 50.912219064935947 ], [ 6.707263883244765, 50.912210079506259 ], [ 6.707249670283913, 50.912209800272976 ], [ 6.70725011197039, 50.912200814843359 ], [ 6.707235899012496, 50.912200535608449 ], [ 6.707235457323286, 50.912209521037987 ], [ 6.707221244362886, 50.912209241801257 ], [ 6.707220360978321, 50.912227212660092 ], [ 6.707206148012684, 50.912226933421458 ], [ 6.707205264621749, 50.912244904280058 ], [ 6.707191051650873, 50.912244625039513 ], [ 6.70718928485536, 50.912280566756152 ], [ 6.707217710819195, 50.912281125236206 ], [ 6.707217269125215, 50.912290110665516 ], [ 6.707259908080864, 50.912290948372899 ], [ 6.707259466394855, 50.912299933802437 ], [ 6.707287892371883, 50.912300492265572 ], [ 6.70728745069111, 50.912309477695274 ], [ 6.707315876674508, 50.912310036151673 ], [ 6.707315434998976, 50.912319021581531 ], [ 6.707343860988744, 50.912319580031188 ], [ 6.707343419318447, 50.912328565461216 ], [ 6.707386058312994, 50.912329403122989 ], [ 6.707385616650669, 50.912338388553266 ], [ 6.70741404265363, 50.91233894698599 ], [ 6.707413600996543, 50.912347932416431 ], [ 6.707442027005873, 50.912348490842412 ] ] ] ] } },
{ "type": "Feature", "properties": { "gml_id": "DENW41AL30005bx2FL", "identifier": "urn:adv:oid:DENW41AL30005bx2FL", "aktualit_2": "2024-08-20Z", "idflurst": "DENW41AL30005bx2", "flaeche": 362.0, "flstkennz_": "054682021000470001__", "flstnrzae": "47", "flstnrnen": "1", "gemarkung": "Horrem", "gemaschl": "054682", "flur": "21", "flurschl": "054682021", "land": "Nordrhein-Westfalen", "landschl": "05", "regbezirk": "Köln", "regbezschl": "053", "kreis": "Rhein-Erft-Kreis", "kreisschl": "05362", "gemeinde": "Kerpen", "gmdschl": "05362032", "abwrecht": "Kein abweichender Rechtszustand", "lagebeztxt": "Herderstraße 4", "tntxt": "Wohnbaufläche;362", "area": 363, "DN": null, "rg area": 97.0, "bldg sum": null, "open area": null, "10%drain A": null, "5%drain A+": null, "10% check": null, "T OPEN A": 252.2, "T DRAIN A": 110.8, "5% drain": 5.5, "area ok": 1, "5% ok": 1, "layer": "RG final", "path": "C:/Users/kanis/Desktop/Thesis/Data/Analysis/Horrem/RG/RG final.shp", "area final": 97.0 }, "geometry": { "type": "MultiPolygon", "coordinates": [ [ [ [ 6.707561553102445, 50.912521726867489 ], [ 6.707561994733777, 50.912512741436387 ], [ 6.707576207789999, 50.912513020632815 ], [ 6.70757709104652, 50.912495049770392 ], [ 6.707591304097503, 50.912495328964916 ], [ 6.707591745722692, 50.912486343533594 ], [ 6.707620171819875, 50.912486901917291 ], [ 6.707620613439373, 50.912477916485763 ], [ 6.707634826485571, 50.912478195674936 ], [ 6.707636151334511, 50.912451239379998 ], [ 6.707621938296509, 50.912450960191116 ], [ 6.707622379915104, 50.91244197475951 ], [ 6.707593953845243, 50.912441416376716 ], [ 6.707594395469075, 50.912432430945287 ], [ 6.707494904250821, 50.912430476551627 ], [ 6.707495345893554, 50.912421491120796 ], [ 6.70748113286601, 50.912421211914882 ], [ 6.707480691220549, 50.912430197345614 ], [ 6.707466478190502, 50.912429918137875 ], [ 6.707465594893431, 50.912447888999118 ], [ 6.707451381858147, 50.912447609789474 ], [ 6.707450498554707, 50.912465580650462 ], [ 6.707436285514184, 50.912465301438907 ], [ 6.707435843859393, 50.912474286869298 ], [ 6.707421630816365, 50.912474007655916 ], [ 6.707421189158614, 50.912482993086201 ], [ 6.707449615250363, 50.912483551511386 ], [ 6.707449173597852, 50.912492536941819 ], [ 6.707477599695972, 50.912493095360269 ], [ 6.707477158048698, 50.912502080790873 ], [ 6.707519797205772, 50.912502918405856 ], [ 6.707519355566468, 50.912511903836709 ], [ 6.707547781677781, 50.912512462238212 ], [ 6.707547340043716, 50.912521447669228 ], [ 6.707561553102445, 50.912521726867489 ] ] ] ] } },
{ "type": "Feature", "properties": { "gml_id": "DENW41AL30005WpoFL", "identifier": "urn:adv:oid:DENW41AL30005WpoFL", "aktualit_2": "2024-08-20Z", "idflurst": "DENW41AL30005Wpo", "flaeche": 725.0, "flstkennz_": "054682019000340002__", "flstnrzae": "34", "flstnrnen": "2", "gemarkung": "Horrem", "gemaschl": "054682", "flur": "19", "flurschl": "054682019", "land": "Nordrhein-Westfalen", "landschl": "05", "regbezirk": "Köln", "regbezschl": "053", "kreis": "Rhein-Erft-Kreis", "kreisschl": "05362", "gemeinde": "Kerpen", "gmdschl": "05362032", "abwrecht": "Kein abweichender Rechtszustand", "lagebeztxt": "Hauptstraße 236", "tntxt": "Fläche gemischter Nutzung(funktion:Gebäude- und Freifläche Mischnutzung mit Wohnen);725", "area": 732, "DN": null, "rg area": 137.0, "bldg sum": null, "open area": null, "10%drain A": null, "5%drain A+": null, "10% check": null, "T OPEN A": 249.2, "T DRAIN A": 482.8, "5% drain": 24.1, "area ok": 1, "5% ok": 1, "layer": "RG final", "path": "C:/Users/kanis/Desktop/Thesis/Data/Analysis/Horrem/RG/RG final.shp", "area final": 137.0 }, "geometry": { "type": "MultiPolygon", "coordinates": [ [ [ [ 6.711517467900383, 50.909604332271599 ], [ 6.711518790371252, 50.909577375890187 ], [ 6.711533002572838, 50.909577654593519 ], [ 6.711533443393277, 50.909568669132938 ], [ 6.711561867791663, 50.909569226534231 ], [ 6.711564071863153, 50.909524299230128 ], [ 6.711549859677505, 50.909524020530803 ], [ 6.711550300493858, 50.909515035070015 ], [ 6.711564512676772, 50.909515313769276 ], [ 6.711564953490166, 50.909506328308382 ], [ 6.711550741309983, 50.909506049609227 ], [ 6.711551182125882, 50.909497064148404 ], [ 6.711565394303334, 50.90949734284748 ], [ 6.711565835116278, 50.909488357386564 ], [ 6.711580047291223, 50.909488636083822 ], [ 6.711579606481012, 50.90949762154483 ], [ 6.711593818658916, 50.909497900240446 ], [ 6.711593377851212, 50.909506885701525 ], [ 6.711607590032073, 50.909507164395507 ], [ 6.711603622777151, 50.909588033545269 ], [ 6.711546773956716, 50.909586918755792 ], [ 6.711546333138558, 50.909595904216431 ], [ 6.711532120931282, 50.909595625514662 ], [ 6.711531680110165, 50.909604610975194 ], [ 6.711602741162462, 50.909606004467271 ], [ 6.711603181969919, 50.909597019006277 ], [ 6.711645818595813, 50.909597855080499 ], [ 6.711650226576012, 50.909508000467071 ], [ 6.711636014394473, 50.909507721778276 ], [ 6.711636455193982, 50.909498736316927 ], [ 6.711650667372789, 50.909499015005636 ], [ 6.71165331214871, 50.909445102236681 ], [ 6.711610675662139, 50.909444266166979 ], [ 6.711609353250608, 50.909471222550728 ], [ 6.711595141080675, 50.909470943857102 ], [ 6.711594700273648, 50.909479929318238 ], [ 6.711566275928995, 50.909479371925634 ], [ 6.711566716741484, 50.909470386464676 ], [ 6.711552504572228, 50.90947010776587 ], [ 6.711552945387225, 50.909461122304982 ], [ 6.711510308889007, 50.909460286198446 ], [ 6.711510749711973, 50.909451300737807 ], [ 6.711496537549084, 50.909451022032265 ], [ 6.711490806797391, 50.909567833018016 ], [ 6.711476594599215, 50.909567554309582 ], [ 6.711474831272393, 50.909603496150424 ], [ 6.711517467900383, 50.909604332271599 ] ] ] ] } },
{ "type": "Feature", "properties": { "gml_id": "DENW41AL30005QmqFL", "identifier": "urn:adv:oid:DENW41AL30005QmqFL", "aktualit_2": "2024-08-20Z", "idflurst": "DENW41AL30005Qmq", "flaeche": 322.0, "flstkennz_": "054682021000470002__", "flstnrzae": "47", "flstnrnen": "2", "gemarkung": "Horrem", "gemaschl": "054682", "flur": "21", "flurschl": "054682021", "land": "Nordrhein-Westfalen", "landschl": "05", "regbezirk": "Köln", "regbezschl": "053", "kreis": "Rhein-Erft-Kreis", "kreisschl": "05362", "gemeinde": "Kerpen", "gmdschl": "05362032", "abwrecht": "Kein abweichender Rechtszustand", "lagebeztxt": "Herderstraße 2", "tntxt": "Wohnbaufläche;322", "area": 323, "DN": null, "rg area": 64.0, "bldg sum": null, "open area": null, "10%drain A": null, "5%drain A+": null, "10% check": null, "T OPEN A": 132.4, "T DRAIN A": 190.6, "5% drain": 9.5, "area ok": 1, "5% ok": 1, "layer": "RG final", "path": "C:/Users/kanis/Desktop/Thesis/Data/Analysis/Horrem/RG/RG final.shp", "area final": 64.0 }, "geometry": { "type": "MultiPolygon", "coordinates": [ [ [ [ 6.707415889247963, 50.912590818248233 ], [ 6.707416772568668, 50.912572847388049 ], [ 6.707430985641752, 50.912573126602403 ], [ 6.707431427299033, 50.912564141172197 ], [ 6.707488279582705, 50.912565258011952 ], [ 6.707487837936353, 50.912574243442499 ], [ 6.70753047715968, 50.912575081054428 ], [ 6.707531360435763, 50.912557110192779 ], [ 6.707545573505195, 50.912557389393108 ], [ 6.707546015140164, 50.912548403962163 ], [ 6.707531802073467, 50.912548124761905 ], [ 6.707532243710943, 50.912539139331038 ], [ 6.707503817583689, 50.912538580925535 ], [ 6.707504259226404, 50.91252959549481 ], [ 6.70747583310552, 50.912529037082578 ], [ 6.707476274753472, 50.912520051652024 ], [ 6.707433635582042, 50.912519214020953 ], [ 6.707434077237965, 50.912510228590655 ], [ 6.707391438076768, 50.912509390944287 ], [ 6.707390554748303, 50.912527361804337 ], [ 6.70737634168956, 50.912527082585243 ], [ 6.707375016686966, 50.912554038874923 ], [ 6.707360803620253, 50.912553759653839 ], [ 6.707360361949536, 50.912562745083612 ], [ 6.707374575018982, 50.912563024304788 ], [ 6.707374133350773, 50.912572009734625 ], [ 6.707388346423179, 50.912572288954159 ], [ 6.707387463091544, 50.912590259813982 ], [ 6.707415889247963, 50.912590818248233 ] ] ] ] } },
{ "type": "Feature", "properties": { "gml_id": "DENW41AL30005ca2FL", "identifier": "urn:adv:oid:DENW41AL30005ca2FL", "aktualit_2": "2025-06-27Z", "idflurst": "DENW41AL30005ca2", "flaeche": 371.0, "flstkennz_": "05468202100301______", "flstnrzae": "301", "flstnrnen": null, "gemarkung": "Horrem", "gemaschl": "054682", "flur": "21", "flurschl": "054682021", "land": "Nordrhein-Westfalen", "landschl": "05", "regbezirk": "Köln", "regbezschl": "053", "kreis": "Rhein-Erft-Kreis", "kreisschl": "05362", "gemeinde": "Kerpen", "gmdschl": "05362032", "abwrecht": "Kein abweichender Rechtszustand", "lagebeztxt": "Wiesenstraße 11", "tntxt": "Wohnbaufläche;371", "area": 370, "DN": null, "rg area": 86.0, "bldg sum": null, "open area": null, "10%drain A": null, "5%drain A+": null, "10% check": null, "T OPEN A": 145.7, "T DRAIN A": 224.3, "5% drain": 11.2, "area ok": 1, "5% ok": 1, "layer": "RG final", "path": "C:/Users/kanis/Desktop/Thesis/Data/Analysis/Horrem/RG/RG final.shp", "area final": 86.0 }, "geometry": { "type": "MultiPolygon", "coordinates": [ [ [ [ 6.707036111812688, 50.912502409952765 ], [ 6.707036995276861, 50.912484439097092 ], [ 6.707051208319243, 50.912484718357327 ], [ 6.707052091777046, 50.912466747501412 ], [ 6.70706630481419, 50.912467026759735 ], [ 6.707067188265622, 50.912449055903579 ], [ 6.707081401297529, 50.912449335159991 ], [ 6.707082726464783, 50.912422378875362 ], [ 6.707096939488719, 50.912422658129792 ], [ 6.707097381207952, 50.912413672701447 ], [ 6.707083168186749, 50.912413393447117 ], [ 6.707083609908488, 50.912404408018851 ], [ 6.707055183872225, 50.912403849505175 ], [ 6.707055625599202, 50.912394864077072 ], [ 6.707027199569308, 50.91239430555666 ], [ 6.707027641301523, 50.91238532012872 ], [ 6.707013428289649, 50.912385040866013 ], [ 6.707012544819527, 50.9124030117217 ], [ 6.706998331802414, 50.912402732457075 ], [ 6.706997448325922, 50.912420703312527 ], [ 6.706983235303571, 50.912420424046005 ], [ 6.706982793562254, 50.912429409473603 ], [ 6.706968580537397, 50.912429130205268 ], [ 6.706968138793122, 50.91243811563276 ], [ 6.706953925765759, 50.912437836362599 ], [ 6.706953484018523, 50.912446821789992 ], [ 6.706939270988655, 50.912446542518012 ], [ 6.706937062235424, 50.912491469654285 ], [ 6.706951275278954, 50.912491748926712 ], [ 6.706950833530362, 50.912500734353998 ], [ 6.707036111812688, 50.912502409952765 ] ], [ [ 6.707011661348499, 50.912420982577331 ], [ 6.707025874371304, 50.912421261840393 ], [ 6.707025432638183, 50.912430247268261 ], [ 6.707011219612648, 50.912429968005107 ], [ 6.707011661348499, 50.912420982577331 ] ], [ [ 6.707026316104198, 50.912412276412503 ], [ 6.707040529124496, 50.912412555673754 ], [ 6.707040087394334, 50.912421541101722 ], [ 6.707025874371304, 50.912421261840393 ], [ 6.707026316104198, 50.912412276412503 ] ] ] ] } },
{ "type": "Feature", "properties": { "gml_id": "DENW41AL2g200009FL", "identifier": "urn:adv:oid:DENW41AL2g200009FL", "aktualit_2": "2024-08-29Z", "idflurst": "DENW41AL2g200009", "flaeche": 255.0, "flstkennz_": "05468202100474______", "flstnrzae": "474", "flstnrnen": null, "gemarkung": "Horrem", "gemaschl": "054682", "flur": "21", "flurschl": "054682021", "land": "Nordrhein-Westfalen", "landschl": "05", "regbezirk": "Köln", "regbezschl": "053", "kreis": "Rhein-Erft-Kreis", "kreisschl": "05362", "gemeinde": "Kerpen", "gmdschl": "05362032", "abwrecht": "Kein abweichender Rechtszustand", "lagebeztxt": "Merkurweg 26", "tntxt": "Wohnbaufläche;255", "area": 255, "DN": null, "rg area": 50.0, "bldg sum": null, "open area": null, "10%drain A": null, "5%drain A+": null, "10% check": null, "T OPEN A": 115.7, "T DRAIN A": 139.3, "5% drain": 7.0, "area ok": 1, "5% ok": 1, "layer": "RG final", "path": "C:/Users/kanis/Desktop/Thesis/Data/Analysis/Horrem/RG/RG final.shp", "area final": 50.0 }, "geometry": { "type": "MultiPolygon", "coordinates": [ [ [ [ 6.709447571675555, 50.912936512385841 ], [ 6.709448012950261, 50.912927526943541 ], [ 6.709476439353075, 50.912928084878764 ], [ 6.709475998083833, 50.912937070321249 ], [ 6.709518637697947, 50.912937907211386 ], [ 6.709519078958992, 50.912928921768639 ], [ 6.709533292161417, 50.912929200728477 ], [ 6.709534615934999, 50.912902244399859 ], [ 6.709520402740771, 50.912901965440284 ], [ 6.709519961480404, 50.912910950883095 ], [ 6.709505748283671, 50.912910671921708 ], [ 6.70950707207229, 50.912883715593523 ], [ 6.709478645695894, 50.912883157666101 ], [ 6.70947908696378, 50.912874172223511 ], [ 6.709436447409081, 50.912873335319674 ], [ 6.709436888684936, 50.912864349877339 ], [ 6.709422675503221, 50.912864070906025 ], [ 6.709421351666777, 50.912891027232703 ], [ 6.709407138477091, 50.912890748259393 ], [ 6.709405814630415, 50.912917704585666 ], [ 6.709391601432758, 50.91291742561036 ], [ 6.709391160147348, 50.912926411052325 ], [ 6.709419586548353, 50.912926969001383 ], [ 6.70941914526818, 50.912935954443512 ], [ 6.709447571675555, 50.912936512385841 ] ] ] ] } },
{ "type": "Feature", "properties": { "gml_id": "DENW41AL30005fOcFL", "identifier": "urn:adv:oid:DENW41AL30005fOcFL", "aktualit_2": "2024-08-20Z", "idflurst": "DENW41AL30005fOc", "flaeche": 253.0, "flstkennz_": "05468202100421______", "flstnrzae": "421", "flstnrnen": null, "gemarkung": "Horrem", "gemaschl": "054682", "flur": "21", "flurschl": "054682021", "land": "Nordrhein-Westfalen", "landschl": "05", "regbezirk": "Köln", "regbezschl": "053", "kreis": "Rhein-Erft-Kreis", "kreisschl": "05362", "gemeinde": "Kerpen", "gmdschl": "05362032", "abwrecht": "Kein abweichender Rechtszustand", "lagebeztxt": "Merkurweg 28", "tntxt": "Wohnbaufläche;253", "area": 252, "DN": null, "rg area": 36.0, "bldg sum": null, "open area": null, "10%drain A": null, "5%drain A+": null, "10% check": null, "T OPEN A": 69.4, "T DRAIN A": 182.6, "5% drain": 9.1, "area ok": 1, "5% ok": 1, "layer": "RG final", "path": "C:/Users/kanis/Desktop/Thesis/Data/Analysis/Horrem/RG/RG final.shp", "area final": 36.0 }, "geometry": { "type": "MultiPolygon", "coordinates": [ [ [ [ 6.709522609039213, 50.912857038226036 ], [ 6.709523491557007, 50.912839067340215 ], [ 6.709509278382131, 50.912838788379553 ], [ 6.709509719643421, 50.912829802936706 ], [ 6.709538145987933, 50.912830360856148 ], [ 6.709539028498905, 50.912812389970064 ], [ 6.709553241666035, 50.91281266892701 ], [ 6.70955368291845, 50.912803683483837 ], [ 6.709539469754053, 50.912803404526983 ], [ 6.709539911008973, 50.912794419083895 ], [ 6.70951148468632, 50.912793861165163 ], [ 6.709511925946479, 50.912784875722231 ], [ 6.709483499630195, 50.912784317796756 ], [ 6.709483058364571, 50.912793303239518 ], [ 6.709468845204036, 50.912793024274102 ], [ 6.70946752139761, 50.912819980601967 ], [ 6.709453308229104, 50.912819701634561 ], [ 6.709451984412446, 50.912846657962035 ], [ 6.709480410766078, 50.912847215895667 ], [ 6.709479969498873, 50.912856201338286 ], [ 6.709522609039213, 50.912857038226036 ] ] ] ] } },
{ "type": "Feature", "properties": { "gml_id": "DENW41AL30005TwOFL", "identifier": "urn:adv:oid:DENW41AL30005TwOFL", "aktualit_2": "2024-08-20Z", "idflurst": "DENW41AL30005TwO", "flaeche": 276.0, "flstkennz_": "05468200800653______", "flstnrzae": "653", "flstnrnen": null, "gemarkung": "Horrem", "gemaschl": "054682", "flur": "8", "flurschl": "054682008", "land": "Nordrhein-Westfalen", "landschl": "05", "regbezirk": "Köln", "regbezschl": "053", "kreis": "Rhein-Erft-Kreis", "kreisschl": "05362", "gemeinde": "Kerpen", "gmdschl": "05362032", "abwrecht": "Kein abweichender Rechtszustand", "lagebeztxt": "Hauptstraße 178", "tntxt": "Fläche gemischter Nutzung(funktion:Gebäude- und Freifläche Mischnutzung mit Wohnen);276", "area": 277, "DN": null, "rg area": 28.0, "bldg sum": null, "open area": null, "10%drain A": null, "5%drain A+": null, "10% check": null, "T OPEN A": 94.1, "T DRAIN A": 182.9, "5% drain": 9.1, "area ok": 1, "5% ok": 1, "layer": "RG final", "path": "C:/Users/kanis/Desktop/Thesis/Data/Analysis/Horrem/RG/RG final.shp", "area final": 28.0 }, "geometry": { "type": "MultiPolygon", "coordinates": [ [ [ [ 6.710179697299811, 50.913382596774355 ], [ 6.710180579581074, 50.913364625881925 ], [ 6.710194792922775, 50.913364904762929 ], [ 6.710195675197668, 50.913346933870251 ], [ 6.710209888534127, 50.913347212749358 ], [ 6.710210329668504, 50.913338227302887 ], [ 6.710181903001274, 50.913337669543132 ], [ 6.710182344140888, 50.913328684096832 ], [ 6.71012549082007, 50.913327568556909 ], [ 6.71012416736776, 50.913354524894672 ], [ 6.710109954029924, 50.913354246005113 ], [ 6.71010907172179, 50.913372216896697 ], [ 6.710151711752371, 50.913373053560754 ], [ 6.710151270606162, 50.913382039006791 ], [ 6.710179697299811, 50.913382596774355 ] ] ] ] } },
{ "type": "Feature", "properties": { "gml_id": "DENW41AL30005awuFL", "identifier": "urn:adv:oid:DENW41AL30005awuFL", "aktualit_2": "2024-08-20Z", "idflurst": "DENW41AL30005awu", "flaeche": 287.0, "flstkennz_": "05468200800652______", "flstnrzae": "652", "flstnrnen": null, "gemarkung": "Horrem", "gemaschl": "054682", "flur": "8", "flurschl": "054682008", "land": "Nordrhein-Westfalen", "landschl": "05", "regbezirk": "Köln", "regbezschl": "053", "kreis": "Rhein-Erft-Kreis", "kreisschl": "05362", "gemeinde": "Kerpen", "gmdschl": "05362032", "abwrecht": "Kein abweichender Rechtszustand", "lagebeztxt": "Merkurweg 13", "tntxt": "Wohnbaufläche;287", "area": 288, "DN": null, "rg area": 54.0, "bldg sum": null, "open area": null, "10%drain A": null, "5%drain A+": null, "10% check": null, "T OPEN A": 97.4, "T DRAIN A": 190.6, "5% drain": 9.5, "area ok": 1, "5% ok": 1, "layer": "RG final", "path": "C:/Users/kanis/Desktop/Thesis/Data/Analysis/Horrem/RG/RG final.shp", "area final": 54.0 }, "geometry": { "type": "MultiPolygon", "coordinates": [ [ [ [ 6.71006687285562, 50.913362394771561 ], [ 6.710067755179697, 50.913344423880488 ], [ 6.710081968514124, 50.913344702775142 ], [ 6.710083291990346, 50.913317746438111 ], [ 6.710069078664118, 50.913317467543713 ], [ 6.710069519825139, 50.913308482098095 ], [ 6.710012666533417, 50.913307366503545 ], [ 6.71001310770514, 50.913298381058262 ], [ 6.709956254427963, 50.91329726543642 ], [ 6.709956695610392, 50.91328827999147 ], [ 6.709928268978625, 50.913287722170352 ], [ 6.709927386602613, 50.913305693059861 ], [ 6.709941599923847, 50.913305971971461 ], [ 6.709940276366331, 50.913332928305884 ], [ 6.709954489695989, 50.91333320721602 ], [ 6.709954048512431, 50.913342192660885 ], [ 6.709982475177891, 50.913342750476147 ], [ 6.709982033999571, 50.913351735921168 ], [ 6.710038887344134, 50.913352851531322 ], [ 6.710038446176518, 50.913361836976691 ], [ 6.71006687285562, 50.913362394771561 ] ] ] ] } },
{ "type": "Feature", "properties": { "gml_id": "DENW41AL30005UutFL", "identifier": "urn:adv:oid:DENW41AL30005UutFL", "aktualit_2": "2024-08-20Z", "idflurst": "DENW41AL30005Uut", "flaeche": 686.0, "flstkennz_": "05468201900274______", "flstnrzae": "274", "flstnrnen": null, "gemarkung": "Horrem", "gemaschl": "054682", "flur": "19", "flurschl": "054682019", "land": "Nordrhein-Westfalen", "landschl": "05", "regbezirk": "Köln", "regbezschl": "053", "kreis": "Rhein-Erft-Kreis", "kreisschl": "05362", "gemeinde": "Kerpen", "gmdschl": "05362032", "abwrecht": "Kein abweichender Rechtszustand", "lagebeztxt": "Hauptstraße 240", "tntxt": "Wohnbaufläche;686", "area": 682, "DN": null, "rg area": 29.0, "bldg sum": null, "open area": null, "10%drain A": null, "5%drain A+": null, "10% check": null, "T OPEN A": 239.7, "T DRAIN A": 442.3, "5% drain": 22.1, "area ok": 1, "5% ok": 1, "layer": "RG final", "path": "C:/Users/kanis/Desktop/Thesis/Data/Analysis/Horrem/RG/RG final.shp", "area final": 29.0 }, "geometry": { "type": "MultiPolygon", "coordinates": [ [ [ [ 6.711222538590563, 50.909526595427472 ], [ 6.711222979469972, 50.909517609968745 ], [ 6.711237191650423, 50.909517888707853 ], [ 6.711238073403101, 50.909499917790185 ], [ 6.711252285578315, 50.909500196527382 ], [ 6.711254489942397, 50.90945526923246 ], [ 6.711226065619514, 50.90945471175722 ], [ 6.711226947374492, 50.909436740839489 ], [ 6.711212735218853, 50.909436462099457 ], [ 6.711211853458411, 50.909454433017018 ], [ 6.711197641297534, 50.909454154275075 ], [ 6.711194555109746, 50.909517052485356 ], [ 6.711208767289746, 50.90951733122791 ], [ 6.711208326407605, 50.909526316686552 ], [ 6.711222538590563, 50.909526595427472 ] ] ] ] } },
{ "type": "Feature", "properties": { "gml_id": "DENW41AL30005UutFL", "identifier": "urn:adv:oid:DENW41AL30005UutFL", "aktualit_2": "2024-08-20Z", "idflurst": "DENW41AL30005Uut", "flaeche": 686.0, "flstkennz_": "05468201900274______", "flstnrzae": "274", "flstnrnen": null, "gemarkung": "Horrem", "gemaschl": "054682", "flur": "19", "flurschl": "054682019", "land": "Nordrhein-Westfalen", "landschl": "05", "regbezirk": "Köln", "regbezschl": "053", "kreis": "Rhein-Erft-Kreis", "kreisschl": "05362", "gemeinde": "Kerpen", "gmdschl": "05362032", "abwrecht": "Kein abweichender Rechtszustand", "lagebeztxt": "Hauptstraße 240", "tntxt": "Wohnbaufläche;686", "area": 682, "DN": null, "rg area": 111.0, "bldg sum": null, "open area": null, "10%drain A": null, "5%drain A+": null, "10% check": null, "T OPEN A": 239.7, "T DRAIN A": 442.3, "5% drain": 22.1, "area ok": 1, "5% ok": 1, "layer": "RG final", "path": "C:/Users/kanis/Desktop/Thesis/Data/Analysis/Horrem/RG/RG final.shp", "area final": 111.0 }, "geometry": { "type": "MultiPolygon", "coordinates": [ [ [ [ 6.711311779452084, 50.909447398702824 ], [ 6.711317510627275, 50.909330587729237 ], [ 6.711331722751713, 50.909330866456109 ], [ 6.711333045316985, 50.909303910076929 ], [ 6.711318833200742, 50.909303631350333 ], [ 6.711319274058113, 50.909294645890661 ], [ 6.711333486171625, 50.909294924617171 ], [ 6.711337894705589, 50.909205070018658 ], [ 6.711352106792009, 50.909205348742546 ], [ 6.711353429339598, 50.909178392362399 ], [ 6.711325005183374, 50.909177834913407 ], [ 6.711323682619396, 50.909204791293035 ], [ 6.711309470533427, 50.90920451256568 ], [ 6.711309029675584, 50.909213498025416 ], [ 6.71129481758711, 50.909213219296248 ], [ 6.711295699308034, 50.909195248376903 ], [ 6.711267275142691, 50.909194690913729 ], [ 6.711265511678086, 50.909230632751623 ], [ 6.711251299584825, 50.909230354017083 ], [ 6.711250858715377, 50.909239339476436 ], [ 6.711265070811368, 50.909239618211068 ], [ 6.711262866474399, 50.909284545507973 ], [ 6.711277078584273, 50.909284824241325 ], [ 6.711275315121557, 50.909320766078913 ], [ 6.711289527242586, 50.909321044810874 ], [ 6.711287763787182, 50.909356986648554 ], [ 6.711273551655227, 50.909356707916231 ], [ 6.711272669920705, 50.909374678834801 ], [ 6.711258457783511, 50.909374400100567 ], [ 6.711258016913179, 50.909383385559735 ], [ 6.711243804773479, 50.90938310682369 ], [ 6.711242923026676, 50.909401077741798 ], [ 6.711257135171839, 50.909401356478021 ], [ 6.71125669430083, 50.909410341937139 ], [ 6.711270906448951, 50.909410620671721 ], [ 6.711270024711719, 50.909428591590078 ], [ 6.71128423686553, 50.909428870323111 ], [ 6.711283355132858, 50.909446841241582 ], [ 6.711311779452084, 50.909447398702824 ] ] ] ] } },
{ "type": "Feature", "properties": { "gml_id": "DENW41AL30005bKXFL", "identifier": "urn:adv:oid:DENW41AL30005bKXFL", "aktualit_2": "2024-08-20Z", "idflurst": "DENW41AL30005bKX", "flaeche": 874.0, "flstkennz_": "05468201900369______", "flstnrzae": "369", "flstnrnen": null, "gemarkung": "Horrem", "gemaschl": "054682", "flur": "19", "flurschl": "054682019", "land": "Nordrhein-Westfalen", "landschl": "05", "regbezirk": "Köln", "regbezschl": "053", "kreis": "Rhein-Erft-Kreis", "kreisschl": "05362", "gemeinde": "Kerpen", "gmdschl": "05362032", "abwrecht": "Kein abweichender Rechtszustand", "lagebeztxt": "Merodestraße 4 a", "tntxt": "Wohnbaufläche;874", "area": 873, "DN": null, "rg area": 367.1, "bldg sum": null, "open area": null, "10%drain A": null, "5%drain A+": null, "10% check": null, "T OPEN A": 602.6, "T DRAIN A": 270.4, "5% drain": 13.5, "area ok": 1, "5% ok": 1, "layer": "RG final", "path": "C:/Users/kanis/Desktop/Thesis/Data/Analysis/Horrem/RG/RG final.shp", "area final": 367.1 }, "geometry": { "type": "MultiPolygon", "coordinates": [ [ [ [ 6.711049346932096, 50.909577163167889 ], [ 6.711050228758964, 50.909559192252757 ], [ 6.711064440950363, 50.909559471013047 ], [ 6.711063559128958, 50.909577441928363 ], [ 6.711134620116661, 50.909578835704792 ], [ 6.711135061013817, 50.909569850246697 ], [ 6.711149273209304, 50.909570128996712 ], [ 6.711155445707522, 50.909444332580463 ], [ 6.711169657864988, 50.909444611327501 ], [ 6.711175389395312, 50.90932780036546 ], [ 6.711189601517492, 50.909328079109621 ], [ 6.711191365046675, 50.909292137274228 ], [ 6.711077668162981, 50.909289907275408 ], [ 6.711078109066566, 50.909280921817214 ], [ 6.710879139593144, 50.909277019054272 ], [ 6.710874730164674, 50.909366873622901 ], [ 6.710860518033807, 50.909366594840279 ], [ 6.710858754245165, 50.909402536666903 ], [ 6.710887178528981, 50.909403094231159 ], [ 6.710889824177807, 50.909349181490036 ], [ 6.710904036303661, 50.909349460269048 ], [ 6.71090447724161, 50.909340474812041 ], [ 6.710918689364961, 50.909340753589227 ], [ 6.71091913029995, 50.909331768132127 ], [ 6.710961766663162, 50.909332604453034 ], [ 6.710961325736367, 50.90934158991039 ], [ 6.7109897499851, 50.909342147449209 ], [ 6.710990631827537, 50.909324176534099 ], [ 6.71109011666698, 50.909326127864219 ], [ 6.711089234862787, 50.909344098780565 ], [ 6.711103446989075, 50.909344377535277 ], [ 6.711103006089371, 50.909353362993521 ], [ 6.711117218218616, 50.909353641746591 ], [ 6.71111677732142, 50.909362627204899 ], [ 6.711130989453623, 50.909362905956314 ], [ 6.711128784977905, 50.909407833248096 ], [ 6.711114572832044, 50.909407554496212 ], [ 6.711110604736932, 50.909488423619536 ], [ 6.711082180396714, 50.909487866109018 ], [ 6.711081739490665, 50.909496851566885 ], [ 6.710982254287894, 50.909494900224963 ], [ 6.710982695213066, 50.909485914767707 ], [ 6.710968483044878, 50.909485635997747 ], [ 6.710967160260487, 50.909512592369211 ], [ 6.710952948084329, 50.909512313597261 ], [ 6.710952507153015, 50.909521299054305 ], [ 6.710867234084419, 50.909519626385745 ], [ 6.710867675032126, 50.909510640929234 ], [ 6.710839250683198, 50.9095100833594 ], [ 6.710836604960796, 50.909563996097113 ], [ 6.710893453725117, 50.909565111231998 ], [ 6.71089301278152, 50.909574096688573 ], [ 6.711049346932096, 50.909577163167889 ] ] ] ] } },
{ "type": "Feature", "properties": { "gml_id": "DENW41AL30005VP8FL", "identifier": "urn:adv:oid:DENW41AL30005VP8FL", "aktualit_2": "2024-08-20Z", "idflurst": "DENW41AL30005VP8", "flaeche": 724.0, "flstkennz_": "05468202000053______", "flstnrzae": "53", "flstnrnen": null, "gemarkung": "Horrem", "gemaschl": "054682", "flur": "20", "flurschl": "054682020", "land": "Nordrhein-Westfalen", "landschl": "05", "regbezirk": "Köln", "regbezschl": "053", "kreis": "Rhein-Erft-Kreis", "kreisschl": "05362", "gemeinde": "Kerpen", "gmdschl": "05362032", "abwrecht": "Kein abweichender Rechtszustand", "lagebeztxt": "Hauptstraße 232", "tntxt": "Wohnbaufläche;724", "area": 716, "DN": null, "rg area": 92.0, "bldg sum": null, "open area": null, "10%drain A": null, "5%drain A+": null, "10% check": null, "T OPEN A": 224.6, "T DRAIN A": 491.4, "5% drain": 24.6, "area ok": 1, "5% ok": 1, "layer": "RG final", "path": "C:/Users/kanis/Desktop/Thesis/Data/Analysis/Horrem/RG/RG final.shp", "area final": 92.0 }, "geometry": { "type": "MultiPolygon", "coordinates": [ [ [ [ 6.71094457035072, 50.909683037278107 ], [ 6.710945011286102, 50.909674051821369 ], [ 6.710959223511431, 50.909674330594925 ], [ 6.710959664443856, 50.90966534513808 ], [ 6.710945452221257, 50.909665066364617 ], [ 6.710946775025368, 50.909638109994255 ], [ 6.710960987239771, 50.909638388767448 ], [ 6.710961428171291, 50.909629403310547 ], [ 6.710975640383189, 50.909629682081921 ], [ 6.710976081311752, 50.909620696624906 ], [ 6.710990293521143, 50.909620975394468 ], [ 6.710990734446749, 50.909611989937346 ], [ 6.711076007691454, 50.90961366251787 ], [ 6.711076448600442, 50.909604677060216 ], [ 6.710891689949373, 50.909601053058232 ], [ 6.710892130893647, 50.909592067601686 ], [ 6.710835282096544, 50.909590952465734 ], [ 6.710830872534351, 50.909680807026746 ], [ 6.71094457035072, 50.909683037278107 ] ] ] ] } },
{ "type": "Feature", "properties": { "gml_id": "DENW41ALEg000058FL", "identifier": "urn:adv:oid:DENW41ALEg000058FL", "aktualit_2": "2024-08-29Z", "idflurst": "DENW41ALEg000058", "flaeche": 393.0, "flstkennz_": "05468201900398______", "flstnrzae": "398", "flstnrnen": null, "gemarkung": "Horrem", "gemaschl": "054682", "flur": "19", "flurschl": "054682019", "land": "Nordrhein-Westfalen", "landschl": "05", "regbezirk": "Köln", "regbezschl": "053", "kreis": "Rhein-Erft-Kreis", "kreisschl": "05362", "gemeinde": "Kerpen", "gmdschl": "05362032", "abwrecht": "Kein abweichender Rechtszustand", "lagebeztxt": "Merodestraße 6 a", "tntxt": "Wohnbaufläche;393", "area": 393, "DN": null, "rg area": 97.0, "bldg sum": null, "open area": null, "10%drain A": null, "5%drain A+": null, "10% check": null, "T OPEN A": 129.6, "T DRAIN A": 263.4, "5% drain": 13.2, "area ok": 1, "5% ok": 1, "layer": "RG final", "path": "C:/Users/kanis/Desktop/Thesis/Data/Analysis/Horrem/RG/RG final.shp", "area final": 97.0 }, "geometry": { "type": "MultiPolygon", "coordinates": [ [ [ [ 6.710836062333145, 50.909285168160523 ], [ 6.710836503283171, 50.909276182703849 ], [ 6.71085071538627, 50.909276461489057 ], [ 6.710852479173185, 50.90924051966185 ], [ 6.710838267081013, 50.909240240876997 ], [ 6.710839148978579, 50.909222269963472 ], [ 6.710853361065286, 50.909222548748154 ], [ 6.710855565791585, 50.909177621463606 ], [ 6.710869777864859, 50.9091779002461 ], [ 6.710872423512572, 50.909123987503563 ], [ 6.710858211455688, 50.909123708721594 ], [ 6.710857770512235, 50.909132694178638 ], [ 6.710829346393682, 50.909132136609344 ], [ 6.710829787342599, 50.909123151152464 ], [ 6.710787151174658, 50.909122314785826 ], [ 6.710786269260209, 50.90914028569901 ], [ 6.710772057199218, 50.90914000690649 ], [ 6.710767647586103, 50.909229861470514 ], [ 6.710781859674412, 50.909230140263922 ], [ 6.710784505428602, 50.909176227525172 ], [ 6.710827141645714, 50.909177063893416 ], [ 6.710826700695443, 50.909186049350183 ], [ 6.710812488620115, 50.909185770562416 ], [ 6.710812047666884, 50.909194756019069 ], [ 6.710797835589051, 50.90919447722947 ], [ 6.710794307933228, 50.909266360881446 ], [ 6.710765883734529, 50.909265803295639 ], [ 6.710766324697762, 50.909256817839385 ], [ 6.710737900505431, 50.909256260246856 ], [ 6.710737459536736, 50.90926524570294 ], [ 6.710723247438176, 50.909264966904004 ], [ 6.710722806466523, 50.909273952359968 ], [ 6.710708594365459, 50.909273673559198 ], [ 6.710708153390848, 50.909282659015076 ], [ 6.710836062333145, 50.909285168160523 ] ], [ [ 6.71082802354558, 50.909159092979834 ], [ 6.710842235612938, 50.909159371765611 ], [ 6.710841353718537, 50.909177342679371 ], [ 6.710827141645714, 50.909177063893416 ], [ 6.71082802354558, 50.909159092979834 ] ] ] ] } },
{ "type": "Feature", "properties": { "gml_id": "DENW41AL30005hcCFL", "identifier": "urn:adv:oid:DENW41AL30005hcCFL", "aktualit_2": "2024-08-20Z", "idflurst": "DENW41AL30005hcC", "flaeche": 616.0, "flstkennz_": "05468202000052______", "flstnrzae": "52", "flstnrnen": null, "gemarkung": "Horrem", "gemaschl": "054682", "flur": "20", "flurschl": "054682020", "land": "Nordrhein-Westfalen", "landschl": "05", "regbezirk": "Köln", "regbezschl": "053", "kreis": "Rhein-Erft-Kreis", "kreisschl": "05362", "gemeinde": "Kerpen", "gmdschl": "05362032", "abwrecht": "Kein abweichender Rechtszustand", "lagebeztxt": "Hauptstraße 230", "tntxt": "Wohnbaufläche;616", "area": 625, "DN": null, "rg area": 136.0, "bldg sum": null, "open area": null, "10%drain A": null, "5%drain A+": null, "10% check": null, "T OPEN A": 204.9, "T DRAIN A": 420.1, "5% drain": 21.0, "area ok": 1, "5% ok": 1, "layer": "RG final", "path": "C:/Users/kanis/Desktop/Thesis/Data/Analysis/Horrem/RG/RG final.shp", "area final": 136.0 }, "geometry": { "type": "MultiPolygon", "coordinates": [ [ [ [ 6.711124479419708, 50.909785501236271 ], [ 6.71112492032206, 50.909776515778574 ], [ 6.711110708063968, 50.909776237024779 ], [ 6.711112030777866, 50.90974928065183 ], [ 6.71106939402953, 50.909748444380909 ], [ 6.711070716765981, 50.9097214880086 ], [ 6.711056504525184, 50.909721209248445 ], [ 6.711056945439615, 50.909712223791054 ], [ 6.71100009648961, 50.909711108733468 ], [ 6.710999655564253, 50.909720094190483 ], [ 6.711013867804147, 50.909720372957572 ], [ 6.711013426881294, 50.909729358414673 ], [ 6.710999214638668, 50.909729079647505 ], [ 6.710998773712858, 50.909738065104492 ], [ 6.711012985958216, 50.909738343871751 ], [ 6.711012545034913, 50.909747329328816 ], [ 6.710998332786822, 50.909747050561478 ], [ 6.71099789186056, 50.909756036018429 ], [ 6.710983679609965, 50.909755757249272 ], [ 6.710985443324584, 50.909719815421681 ], [ 6.710971231085142, 50.909719536651146 ], [ 6.710971672015964, 50.909710551194308 ], [ 6.710815337427062, 50.909707484605264 ], [ 6.710814014543769, 50.909734440972819 ], [ 6.710842439028836, 50.909734998550562 ], [ 6.710841998072749, 50.909743984006553 ], [ 6.710813573582219, 50.909743426428648 ], [ 6.710811809733761, 50.909779368251755 ], [ 6.711124479419708, 50.909785501236271 ] ], [ [ 6.711040969531769, 50.90974788685832 ], [ 6.711039646776893, 50.909774843229947 ], [ 6.711025434520156, 50.909774564465792 ], [ 6.711025875441406, 50.909765579008685 ], [ 6.711011663187627, 50.909765300242896 ], [ 6.711012545034913, 50.909747329328816 ], [ 6.711040969531769, 50.90974788685832 ] ], [ [ 6.71104141044961, 50.909738901401077 ], [ 6.711055622695645, 50.90973918016315 ], [ 6.711055181780537, 50.909748165620471 ], [ 6.711040969531769, 50.90974788685832 ], [ 6.71104141044961, 50.909738901401077 ] ], [ [ 6.710898847056522, 50.909745099141638 ], [ 6.710898406111137, 50.909754084597971 ], [ 6.710841557116437, 50.909752969462552 ], [ 6.710841998072749, 50.909743984006553 ], [ 6.710898847056522, 50.909745099141638 ] ] ] ] } },
{ "type": "Feature", "properties": { "gml_id": "DENW41AL30005UhWFL", "identifier": "urn:adv:oid:DENW41AL30005UhWFL", "aktualit_2": "2024-08-20Z", "idflurst": "DENW41AL30005UhW", "flaeche": 543.0, "flstkennz_": "054682021000840003__", "flstnrzae": "84", "flstnrnen": "3", "gemarkung": "Horrem", "gemaschl": "054682", "flur": "21", "flurschl": "054682021", "land": "Nordrhein-Westfalen", "landschl": "05", "regbezirk": "Köln", "regbezschl": "053", "kreis": "Rhein-Erft-Kreis", "kreisschl": "05362", "gemeinde": "Kerpen", "gmdschl": "05362032", "abwrecht": "Kein abweichender Rechtszustand", "lagebeztxt": "Am Kalkofen 35", "tntxt": "Wohnbaufläche;543", "area": 544, "DN": null, "rg area": 160.0, "bldg sum": null, "open area": null, "10%drain A": null, "5%drain A+": null, "10% check": null, "T OPEN A": 282.6, "T DRAIN A": 261.4, "5% drain": 13.1, "area ok": 1, "5% ok": 1, "layer": "RG final", "path": "C:/Users/kanis/Desktop/Thesis/Data/Analysis/Horrem/RG/RG final.shp", "area final": 160.0 }, "geometry": { "type": "MultiPolygon", "coordinates": [ [ [ [ 6.705769895303839, 50.912792317955514 ], [ 6.705770337284403, 50.912783332536087 ], [ 6.705827189769031, 50.91278445018807 ], [ 6.705826747799396, 50.912793435607831 ], [ 6.705855174048532, 50.912793994423623 ], [ 6.705855616012704, 50.912785009003663 ], [ 6.705869829134879, 50.912785288408877 ], [ 6.705870713057076, 50.912767317568751 ], [ 6.705884926174015, 50.912767596972053 ], [ 6.705885368132041, 50.91275861155188 ], [ 6.705899581246473, 50.91275889095337 ], [ 6.705900465156382, 50.912740920112789 ], [ 6.705886252047415, 50.912740640711483 ], [ 6.705886694004762, 50.912731655291246 ], [ 6.705858267792972, 50.912731096483611 ], [ 6.705858709755556, 50.912722111063559 ], [ 6.705830283550135, 50.912721552249188 ], [ 6.705830725517959, 50.912712566829285 ], [ 6.705802299318909, 50.912712008008185 ], [ 6.70580274129197, 50.912703022588438 ], [ 6.705760102003291, 50.912702184344084 ], [ 6.705760543984322, 50.912693198924586 ], [ 6.705732117798465, 50.912692640086554 ], [ 6.705732559784735, 50.912683654667227 ], [ 6.70570413360525, 50.912683095822445 ], [ 6.705704575596759, 50.912674110403273 ], [ 6.705661936337426, 50.912673272123406 ], [ 6.705661052337791, 50.912691242961195 ], [ 6.705646839246335, 50.912690963530942 ], [ 6.705645955240329, 50.912708934368489 ], [ 6.705631742143635, 50.912708654936324 ], [ 6.70563130013756, 50.912717640354991 ], [ 6.70561708703836, 50.912717360921008 ], [ 6.705615319000866, 50.912753302595128 ], [ 6.705629532110994, 50.912753582029467 ], [ 6.705629090103787, 50.912762567448041 ], [ 6.705700155671487, 50.912763964594241 ], [ 6.705699713677715, 50.912772950013242 ], [ 6.705728139911846, 50.9127735088598 ], [ 6.705727697923312, 50.91278249427895 ], [ 6.705756124163813, 50.912783053118773 ], [ 6.705755682180516, 50.9127920385381 ], [ 6.705769895303839, 50.912792317955514 ] ] ] ] } },
{ "type": "Feature", "properties": { "gml_id": "DENW41AL30005cGDFL", "identifier": "urn:adv:oid:DENW41AL30005cGDFL", "aktualit_2": "2024-08-20Z", "idflurst": "DENW41AL30005cGD", "flaeche": 297.0, "flstkennz_": "05468202100322______", "flstnrzae": "322", "flstnrnen": null, "gemarkung": "Horrem", "gemaschl": "054682", "flur": "21", "flurschl": "054682021", "land": "Nordrhein-Westfalen", "landschl": "05", "regbezirk": "Köln", "regbezschl": "053", "kreis": "Rhein-Erft-Kreis", "kreisschl": "05362", "gemeinde": "Kerpen", "gmdschl": "05362032", "abwrecht": "Kein abweichender Rechtszustand", "lagebeztxt": "Wiesenstraße 34", "tntxt": "Wohnbaufläche;297", "area": 291, "DN": null, "rg area": 56.0, "bldg sum": null, "open area": null, "10%drain A": null, "5%drain A+": null, "10% check": null, "T OPEN A": 122.7, "T DRAIN A": 168.3, "5% drain": 8.4, "area ok": 1, "5% ok": 1, "layer": "RG final", "path": "C:/Users/kanis/Desktop/Thesis/Data/Analysis/Horrem/RG/RG final.shp", "area final": 56.0 }, "geometry": { "type": "MultiPolygon", "coordinates": [ [ [ [ 6.705930217221769, 50.912714522648677 ], [ 6.70593065917024, 50.912705537228135 ], [ 6.705944872268958, 50.912705816623905 ], [ 6.705945756159755, 50.912687845782578 ], [ 6.705959969253235, 50.912688125176444 ], [ 6.705960853137664, 50.912670154334869 ], [ 6.705932426961859, 50.912669595545779 ], [ 6.705932868909198, 50.912660610125151 ], [ 6.705904442739763, 50.912660051329325 ], [ 6.70590532664469, 50.912642080488368 ], [ 6.705919539723829, 50.912642359886974 ], [ 6.705920865571324, 50.912615403625153 ], [ 6.705935078642492, 50.912615683021762 ], [ 6.705935520588472, 50.912606697601035 ], [ 6.705907094451826, 50.912606138806275 ], [ 6.705906652500381, 50.912615124226818 ], [ 6.705878226359176, 50.91261456542496 ], [ 6.705877342444679, 50.912632536265654 ], [ 6.705863129368952, 50.912632256861954 ], [ 6.705862245448085, 50.912650227702407 ], [ 6.70584803236712, 50.912649948296803 ], [ 6.705847148439882, 50.912667919137007 ], [ 6.705832935353679, 50.912667639729491 ], [ 6.705832051420069, 50.912685610569469 ], [ 6.705846264511738, 50.912685889977162 ], [ 6.705845822547325, 50.9126948753972 ], [ 6.705874248736807, 50.912695434207578 ], [ 6.705873806777633, 50.912704419627779 ], [ 6.705902232973482, 50.912704978431421 ], [ 6.705901791019548, 50.912713963851779 ], [ 6.705930217221769, 50.912714522648677 ] ], [ [ 6.705889787699852, 50.912668757349167 ], [ 6.70590400078696, 50.912669036749776 ], [ 6.705903558833931, 50.912678022170212 ], [ 6.705889345744088, 50.912677742769532 ], [ 6.705889787699852, 50.912668757349167 ] ] ] ] } },
{ "type": "Feature", "properties": { "gml_id": "DENW41AL30005VufFL", "identifier": "urn:adv:oid:DENW41AL30005VufFL", "aktualit_2": "2024-08-20Z", "idflurst": "DENW41AL30005Vuf", "flaeche": 416.0, "flstkennz_": "05468202100442______", "flstnrzae": "442", "flstnrnen": null, "gemarkung": "Horrem", "gemaschl": "054682", "flur": "21", "flurschl": "054682021", "land": "Nordrhein-Westfalen", "landschl": "05", "regbezirk": "Köln", "regbezschl": "053", "kreis": "Rhein-Erft-Kreis", "kreisschl": "05362", "gemeinde": "Kerpen", "gmdschl": "05362032", "abwrecht": "Kein abweichender Rechtszustand", "lagebeztxt": "Wiesenstraße 32", "tntxt": "Wohnbaufläche;416", "area": 417, "DN": null, "rg area": 70.0, "bldg sum": null, "open area": null, "10%drain A": null, "5%drain A+": null, "10% check": null, "T OPEN A": 148.9, "T DRAIN A": 268.1, "5% drain": 13.4, "area ok": 1, "5% ok": 1, "layer": "RG final", "path": "C:/Users/kanis/Desktop/Thesis/Data/Analysis/Horrem/RG/RG final.shp", "area final": 70.0 }, "geometry": { "type": "MultiPolygon", "coordinates": [ [ [ [ 6.705952898145203, 50.912831891906535 ], [ 6.705953782036877, 50.912813921065514 ], [ 6.705967995168836, 50.912814200458897 ], [ 6.70596887905414, 50.912796229617612 ], [ 6.70598309218086, 50.912796509009084 ], [ 6.705983976059794, 50.912778538167565 ], [ 6.705998189181277, 50.912778817557125 ], [ 6.705998631117672, 50.912769832136256 ], [ 6.706012844236648, 50.91277011152399 ], [ 6.706013728103294, 50.912752140682016 ], [ 6.705999514989782, 50.91275186129446 ], [ 6.705999956925496, 50.912742875873533 ], [ 6.705985743814944, 50.912742596484335 ], [ 6.705986185753166, 50.912733611063473 ], [ 6.706000398860986, 50.912733890452593 ], [ 6.706000840796249, 50.912724905031638 ], [ 6.706015053901564, 50.912725184418932 ], [ 6.706014611969032, 50.912734169839986 ], [ 6.706043038185807, 50.912734728609571 ], [ 6.706043922039712, 50.912716757767107 ], [ 6.706058135142975, 50.912717037149136 ], [ 6.706059018990508, 50.912699066306416 ], [ 6.706073232088532, 50.912699345686534 ], [ 6.706073674009228, 50.91269036026506 ], [ 6.706002608535035, 50.912688963347648 ], [ 6.706002166600678, 50.912697948768667 ], [ 6.705987953503787, 50.912697669379909 ], [ 6.705987069628929, 50.912715640221727 ], [ 6.705972856526799, 50.912715360831058 ], [ 6.705971972645572, 50.912733331672626 ], [ 6.705957759538204, 50.912733052280053 ], [ 6.705956875650605, 50.91275102312138 ], [ 6.705942662538, 50.912750743726896 ], [ 6.705942220591129, 50.912759729147453 ], [ 6.705928007476016, 50.912759449751157 ], [ 6.705927123576131, 50.912777420592029 ], [ 6.705912910455782, 50.912777141193828 ], [ 6.705912026549524, 50.912795112034466 ], [ 6.705897813423936, 50.91279483263434 ], [ 6.705896929511309, 50.912812803474715 ], [ 6.705882716380484, 50.912812524072706 ], [ 6.705882274421097, 50.912821509492765 ], [ 6.705939126956689, 50.912822627090847 ], [ 6.705938685008006, 50.912831612511262 ], [ 6.705952898145203, 50.912831891906535 ] ], [ [ 6.706016379697796, 50.912698228155705 ], [ 6.70603059279514, 50.912698507540995 ], [ 6.706030150866021, 50.912707492962191 ], [ 6.706015937765945, 50.912707213576795 ], [ 6.706016379697796, 50.912698228155705 ] ] ] ] } },
{ "type": "Feature", "properties": { "gml_id": "DENW41AL30005dK9FL", "identifier": "urn:adv:oid:DENW41AL30005dK9FL", "aktualit_2": "2024-08-20Z", "idflurst": "DENW41AL30005dK9", "flaeche": 392.0, "flstkennz_": "05468202000215______", "flstnrzae": "215", "flstnrnen": null, "gemarkung": "Horrem", "gemaschl": "054682", "flur": "20", "flurschl": "054682020", "land": "Nordrhein-Westfalen", "landschl": "05", "regbezirk": "Köln", "regbezschl": "053", "kreis": "Rhein-Erft-Kreis", "kreisschl": "05362", "gemeinde": "Kerpen", "gmdschl": "05362032", "abwrecht": "Kein abweichender Rechtszustand", "lagebeztxt": "Hebbelstraße 2 a", "tntxt": "Wohnbaufläche;392", "area": 392, "DN": null, "rg area": 58.0, "bldg sum": null, "open area": null, "10%drain A": null, "5%drain A+": null, "10% check": null, "T OPEN A": 104.9, "T DRAIN A": 287.1, "5% drain": 14.4, "area ok": 1, "5% ok": 1, "layer": "RG final", "path": "C:/Users/kanis/Desktop/Thesis/Data/Analysis/Horrem/RG/RG final.shp", "area final": 58.0 }, "geometry": { "type": "MultiPolygon", "coordinates": [ [ [ [ 6.70754131172505, 50.910038955436178 ], [ 6.707541753321241, 50.910029970001361 ], [ 6.707527541021559, 50.910029690810433 ], [ 6.707531956998338, 50.909939836462279 ], [ 6.707517744726199, 50.909939557270512 ], [ 6.707518186325365, 50.909930571835694 ], [ 6.70748976178723, 50.909930013447173 ], [ 6.707490203391634, 50.909921028012512 ], [ 6.707475991125638, 50.909920748815743 ], [ 6.707473341479436, 50.909974661422915 ], [ 6.707459129197274, 50.909974382223879 ], [ 6.707456921138892, 50.910019309395608 ], [ 6.707442708843298, 50.910019030194398 ], [ 6.707441825612896, 50.910037001062804 ], [ 6.70754131172505, 50.910038955436178 ] ] ] ] } },
{ "type": "Feature", "properties": { "gml_id": "DENW41AL30005WzTFL", "identifier": "urn:adv:oid:DENW41AL30005WzTFL", "aktualit_2": "2024-08-20Z", "idflurst": "DENW41AL30005WzT", "flaeche": 570.0, "flstkennz_": "05468202000217______", "flstnrzae": "217", "flstnrnen": null, "gemarkung": "Horrem", "gemaschl": "054682", "flur": "20", "flurschl": "054682020", "land": "Nordrhein-Westfalen", "landschl": "05", "regbezirk": "Köln", "regbezschl": "053", "kreis": "Rhein-Erft-Kreis", "kreisschl": "05362", "gemeinde": "Kerpen", "gmdschl": "05362032", "abwrecht": "Kein abweichender Rechtszustand", "lagebeztxt": "Hebbelstraße 4", "tntxt": "Wohnbaufläche;570", "area": 568, "DN": null, "rg area": 180.0, "bldg sum": null, "open area": null, "10%drain A": null, "5%drain A+": null, "10% check": null, "T OPEN A": 204.2, "T DRAIN A": 363.8, "5% drain": 18.2, "area ok": 1, "5% ok": 1, "layer": "RG final", "path": "C:/Users/kanis/Desktop/Thesis/Data/Analysis/Horrem/RG/RG final.shp", "area final": 180.0 }, "geometry": { "type": "MultiPolygon", "coordinates": [ [ [ [ 6.707540347291876, 50.909769113196184 ], [ 6.707541672067598, 50.909742156890466 ], [ 6.707570096492353, 50.909742715264883 ], [ 6.707569654906135, 50.909751700700312 ], [ 6.707583867121583, 50.90975197988503 ], [ 6.70758430870507, 50.909742994449495 ], [ 6.707598520918013, 50.909743273632387 ], [ 6.707601170397783, 50.909689361018359 ], [ 6.707615382594562, 50.909689640198991 ], [ 6.707616265747212, 50.909671669327331 ], [ 6.707474143844246, 50.909668877445043 ], [ 6.70747458544755, 50.909659892010076 ], [ 6.707346675778814, 50.909657379169005 ], [ 6.707344909265898, 50.909693320905554 ], [ 6.707359121461335, 50.909693600117393 ], [ 6.707356030074139, 50.909756498156334 ], [ 6.707469727798764, 50.909758731793758 ], [ 6.707469286192971, 50.90976771722854 ], [ 6.707540347291876, 50.909769113196184 ] ], [ [ 6.707458165228789, 50.909704539986642 ], [ 6.707486589628974, 50.909705098381103 ], [ 6.707486148027271, 50.909714083816063 ], [ 6.707457723621622, 50.909713525421424 ], [ 6.707458165228789, 50.909704539986642 ] ] ] ] } },
{ "type": "Feature", "properties": { "gml_id": "DENW41AL30005URnFL", "identifier": "urn:adv:oid:DENW41AL30005URnFL", "aktualit_2": "2024-08-20Z", "idflurst": "DENW41AL30005URn", "flaeche": 200.0, "flstkennz_": "054682021001610003__", "flstnrzae": "161", "flstnrnen": "3", "gemarkung": "Horrem", "gemaschl": "054682", "flur": "21", "flurschl": "054682021", "land": "Nordrhein-Westfalen", "landschl": "05", "regbezirk": "Köln", "regbezschl": "053", "kreis": "Rhein-Erft-Kreis", "kreisschl": "05362", "gemeinde": "Kerpen", "gmdschl": "05362032", "abwrecht": "Kein abweichender Rechtszustand", "lagebeztxt": "Wiesenstraße 40", "tntxt": "Wohnbaufläche;200", "area": 201, "DN": null, "rg area": 22.0, "bldg sum": null, "open area": null, "10%drain A": null, "5%drain A+": null, "10% check": null, "T OPEN A": 69.3, "T DRAIN A": 131.7, "5% drain": 6.6, "area ok": 1, "5% ok": 1, "layer": "RG final", "path": "C:/Users/kanis/Desktop/Thesis/Data/Analysis/Horrem/RG/RG final.shp", "area final": 22.0 }, "geometry": { "type": "MultiPolygon", "coordinates": [ [ [ [ 6.705538438802152, 50.912580903008489 ], [ 6.705539322845532, 50.912562932171902 ], [ 6.705581962000386, 50.91256377049524 ], [ 6.705582846026466, 50.912545799658048 ], [ 6.705597059073074, 50.912546079095527 ], [ 6.705597943092783, 50.912528108258073 ], [ 6.705583730051641, 50.912527828820785 ], [ 6.705583288039167, 50.912536814239424 ], [ 6.705554861952097, 50.912536255359463 ], [ 6.705554419933932, 50.912545240777909 ], [ 6.705540206888005, 50.912544961335243 ], [ 6.705540648908902, 50.912535975916875 ], [ 6.705512222823192, 50.91253541702654 ], [ 6.705511338770242, 50.912553387862872 ], [ 6.705497125722262, 50.912553108414933 ], [ 6.705496241662941, 50.912571079251038 ], [ 6.705510454716385, 50.912571358699147 ], [ 6.705510012689119, 50.912580344117259 ], [ 6.705538438802152, 50.912580903008489 ] ] ] ] } },
{ "type": "Feature", "properties": { "gml_id": "DENW41ALtj0000UKFL", "identifier": "urn:adv:oid:DENW41ALtj0000UKFL", "aktualit_2": "2024-08-29Z", "idflurst": "DENW41ALtj0000UK", "flaeche": 639.0, "flstkennz_": "05468200800871______", "flstnrzae": "871", "flstnrnen": null, "gemarkung": "Horrem", "gemaschl": "054682", "flur": "8", "flurschl": "054682008", "land": "Nordrhein-Westfalen", "landschl": "05", "regbezirk": "Köln", "regbezschl": "053", "kreis": "Rhein-Erft-Kreis", "kreisschl": "05362", "gemeinde": "Kerpen", "gmdschl": "05362032", "abwrecht": "Kein abweichender Rechtszustand", "lagebeztxt": "Hauptstraße", "tntxt": "Wohnbaufläche;639", "area": 639, "DN": null, "rg area": 303.0, "bldg sum": null, "open area": null, "10%drain A": null, "5%drain A+": null, "10% check": null, "T OPEN A": 570.6, "T DRAIN A": 68.4, "5% drain": 3.4, "area ok": 1, "5% ok": 1, "layer": "RG final", "path": "C:/Users/kanis/Desktop/Thesis/Data/Analysis/Horrem/RG/RG final.shp", "area final": 303.0 }, "geometry": { "type": "MultiPolygon", "coordinates": [ [ [ [ 6.711661854316514, 50.913330722057758 ], [ 6.711663176879455, 50.913303765690912 ], [ 6.711677390217336, 50.913304044391218 ], [ 6.711678712770045, 50.913277088023975 ], [ 6.711692926099953, 50.913277366722291 ], [ 6.711693807795166, 50.913259395810528 ], [ 6.711708021119836, 50.913259674506932 ], [ 6.711708461964371, 50.913250689050933 ], [ 6.711779528577445, 50.91325208250656 ], [ 6.711779087746572, 50.913261067962999 ], [ 6.711793301072597, 50.913261346649023 ], [ 6.711794623556341, 50.913234390279392 ], [ 6.711780410238513, 50.913234111593631 ], [ 6.711781291898678, 50.913216140680639 ], [ 6.711767078586541, 50.913215861993329 ], [ 6.711767519419017, 50.913206876536897 ], [ 6.711781732728421, 50.913207155224121 ], [ 6.711783496045136, 50.91317121339786 ], [ 6.711797709343837, 50.913171492083002 ], [ 6.711799472646007, 50.913135550256136 ], [ 6.711813685934005, 50.913135828939197 ], [ 6.711814567578268, 50.913117858025487 ], [ 6.711828780861028, 50.913118136706629 ], [ 6.711830103317533, 50.91309118033567 ], [ 6.711858529867333, 50.913091737692262 ], [ 6.711858970680252, 50.913082752235056 ], [ 6.711844757407972, 50.913082473557715 ], [ 6.711846520668316, 50.913046531729101 ], [ 6.711832307407192, 50.913046253050396 ], [ 6.711832748224445, 50.913037267593289 ], [ 6.711804321708336, 50.913036710230863 ], [ 6.711803880885618, 50.913045695687799 ], [ 6.71178966762517, 50.913045417003907 ], [ 6.711788345147462, 50.913072373374312 ], [ 6.711774131879043, 50.91307209468841 ], [ 6.711773691049956, 50.913081080145105 ], [ 6.71171683796761, 50.913079965383893 ], [ 6.711717278807626, 50.913070979927554 ], [ 6.711674639006437, 50.913070143838752 ], [ 6.711675520702187, 50.913052172926584 ], [ 6.711661307441038, 50.913051894227038 ], [ 6.711660425739824, 50.913069865139029 ], [ 6.71164621247344, 50.91306958643758 ], [ 6.711644889911725, 50.913096542805185 ], [ 6.711630676637369, 50.913096264101732 ], [ 6.711629354065426, 50.913123220468911 ], [ 6.711615140783097, 50.913122941763476 ], [ 6.711613377339747, 50.913158883585794 ], [ 6.711599164046715, 50.913158604878262 ], [ 6.711597841453634, 50.913185561244561 ], [ 6.711583628152631, 50.913185282535039 ], [ 6.711583187285086, 50.913194267990356 ], [ 6.711597400588821, 50.91319454669997 ], [ 6.711596077993028, 50.913221503066062 ], [ 6.71162450461757, 50.913222060480628 ], [ 6.711624063757319, 50.913231045936136 ], [ 6.711652490388229, 50.913231603343981 ], [ 6.711651167822513, 50.913258559710954 ], [ 6.711636954498747, 50.913258281007629 ], [ 6.711635631922801, 50.913285237374183 ], [ 6.711621418591065, 50.913284958668861 ], [ 6.711620096004888, 50.913311915034996 ], [ 6.711605882665179, 50.913311636327677 ], [ 6.711605441799936, 50.913320621782937 ], [ 6.711648081827935, 50.913321457899947 ], [ 6.711647640970662, 50.913330443355449 ], [ 6.711661854316514, 50.913330722057758 ] ] ] ] } },
{ "type": "Feature", "properties": { "gml_id": "DENW41AL30005Yr5FL", "identifier": "urn:adv:oid:DENW41AL30005Yr5FL", "aktualit_2": "2024-08-20Z", "idflurst": "DENW41AL30005Yr5", "flaeche": 1692.0, "flstkennz_": "05468200800264______", "flstnrzae": "264", "flstnrnen": null, "gemarkung": "Horrem", "gemaschl": "054682", "flur": "8", "flurschl": "054682008", "land": "Nordrhein-Westfalen", "landschl": "05", "regbezirk": "Köln", "regbezschl": "053", "kreis": "Rhein-Erft-Kreis", "kreisschl": "05362", "gemeinde": "Kerpen", "gmdschl": "05362032", "abwrecht": "Kein abweichender Rechtszustand", "lagebeztxt": "Hauptstraße 191", "tntxt": "Fläche gemischter Nutzung(funktion:Gebäude- und Freifläche Mischnutzung mit Wohnen);1692", "area": 1693, "DN": null, "rg area": 654.1, "bldg sum": null, "open area": null, "10%drain A": null, "5%drain A+": null, "10% check": null, "T OPEN A": 835.8, "T DRAIN A": 857.2, "5% drain": 42.9, "area ok": 1, "5% ok": 1, "layer": "RG final", "path": "C:/Users/kanis/Desktop/Thesis/Data/Analysis/Horrem/RG/RG final.shp", "area final": 654.1 }, "geometry": { "type": "MultiPolygon", "coordinates": [ [ [ [ 6.711890042065471, 50.913029396839939 ], [ 6.711891364482412, 50.913002440467402 ], [ 6.711905577730779, 50.913002719138753 ], [ 6.711906900137488, 50.912975762765825 ], [ 6.711921113377883, 50.912976041435179 ], [ 6.711922435774364, 50.912949085061811 ], [ 6.711936649006788, 50.912949363729183 ], [ 6.711938412188003, 50.912913421897443 ], [ 6.711952625409724, 50.912913700562719 ], [ 6.711953947785065, 50.912886744188484 ], [ 6.711968160998816, 50.912887022851763 ], [ 6.711969483363927, 50.912860066477108 ], [ 6.711983696569706, 50.912860345138391 ], [ 6.711985018924587, 50.912833388763325 ], [ 6.711999232122395, 50.912833667422611 ], [ 6.712001436029018, 50.91278874013004 ], [ 6.71201564921339, 50.912789018787159 ], [ 6.712016530768993, 50.912771047869839 ], [ 6.712002317590085, 50.912770769212891 ], [ 6.712003199150249, 50.912752798295685 ], [ 6.712017412323692, 50.912753076952455 ], [ 6.712017853100703, 50.912744091493728 ], [ 6.711975213589249, 50.912743255518535 ], [ 6.711975654374232, 50.912734270060056 ], [ 6.711918801706385, 50.912733155402591 ], [ 6.711919242502069, 50.912724169944461 ], [ 6.711876603011753, 50.912723333933478 ], [ 6.711877043815409, 50.912714348475589 ], [ 6.711834404335324, 50.912713512449322 ], [ 6.711834845146951, 50.912704526991689 ], [ 6.711792205677096, 50.912703690950103 ], [ 6.711792646496694, 50.912694705492719 ], [ 6.711750007037069, 50.912693869435842 ], [ 6.711750447864638, 50.91268488397872 ], [ 6.711693595265896, 50.912683769212371 ], [ 6.711694036104169, 50.912674783755577 ], [ 6.711651396665681, 50.912673947662924 ], [ 6.711651837511925, 50.912664962206385 ], [ 6.711609198083668, 50.912664126098441 ], [ 6.711609638937883, 50.912655140642137 ], [ 6.711581212658971, 50.912654583228381 ], [ 6.711579449218899, 50.912690525052746 ], [ 6.711565236068853, 50.912690246342912 ], [ 6.711567440382042, 50.912645319062854 ], [ 6.711524800974245, 50.912644482924328 ], [ 6.711525241844401, 50.912635497468528 ], [ 6.711482602446836, 50.912634661314698 ], [ 6.711482161568482, 50.912643646770221 ], [ 6.71149637470351, 50.912643925489981 ], [ 6.711495933827663, 50.912652910945589 ], [ 6.711524360103862, 50.9126534683801 ], [ 6.711523919233254, 50.912662453835864 ], [ 6.711509706092308, 50.912662175119387 ], [ 6.71150838347093, 50.912689131486303 ], [ 6.711522596620072, 50.912689410203058 ], [ 6.711523037491358, 50.912680424747343 ], [ 6.711537250637994, 50.912680703462257 ], [ 6.711535046292963, 50.912725630741107 ], [ 6.711563472614236, 50.912726188166658 ], [ 6.711562150020899, 50.912753144534307 ], [ 6.711590576359469, 50.91275370195347 ], [ 6.711588812920383, 50.912789643777472 ], [ 6.711603026100936, 50.912789922484819 ], [ 6.711602144385503, 50.912807893396888 ], [ 6.711630570758215, 50.912808450806764 ], [ 6.711627043931161, 50.912880334455807 ], [ 6.711641257139714, 50.912880613158855 ], [ 6.711640816288049, 50.912889598614996 ], [ 6.711655029499561, 50.91288987731641 ], [ 6.711654588650402, 50.912898862772614 ], [ 6.711711441509641, 50.912899977561317 ], [ 6.71171188234787, 50.912890992104749 ], [ 6.711740308773381, 50.912891549488549 ], [ 6.711739867940615, 50.912900534945294 ], [ 6.711768294372494, 50.912901092322357 ], [ 6.711767412717213, 50.912919063236153 ], [ 6.711738986274406, 50.912918505858748 ], [ 6.711738545440962, 50.912927491315443 ], [ 6.711710118993594, 50.912926933930933 ], [ 6.711710559832501, 50.912917948474416 ], [ 6.711667920171339, 50.912917112384953 ], [ 6.711668361018219, 50.912908126928677 ], [ 6.711639934584039, 50.912907569527242 ], [ 6.711640375436157, 50.912898584071122 ], [ 6.711626162222138, 50.912898305367904 ], [ 6.711625721367287, 50.912907290823931 ], [ 6.711611508150762, 50.912907012118879 ], [ 6.711610185576658, 50.912933968486577 ], [ 6.711595972352163, 50.912933689779535 ], [ 6.711596413213155, 50.91292470432375 ], [ 6.711582199991617, 50.912924425615067 ], [ 6.71158131826394, 50.912942396526461 ], [ 6.711595531490943, 50.912942675235328 ], [ 6.711595090629499, 50.912951660691078 ], [ 6.711623517089647, 50.912952218103783 ], [ 6.711623076233441, 50.912961203559703 ], [ 6.711651502699957, 50.912961760965672 ], [ 6.711651061848989, 50.912970746421763 ], [ 6.711693701558656, 50.912971582518011 ], [ 6.71169326071566, 50.912980567974337 ], [ 6.711764326916619, 50.912981961433943 ], [ 6.711763886087057, 50.912990946890709 ], [ 6.711792312574487, 50.912991504262621 ], [ 6.711791871750166, 50.913000489719543 ], [ 6.711806084996953, 50.913000768402988 ], [ 6.711805644175136, 50.913009753859988 ], [ 6.71183407067485, 50.913010311221889 ], [ 6.711833629858275, 50.913019296679032 ], [ 6.711876269617738, 50.913020132709178 ], [ 6.711875828809133, 50.913029118166598 ], [ 6.711890042065471, 50.913029396839939 ] ], [ [ 6.711591017218676, 50.912744716497436 ], [ 6.711576804052011, 50.912744437788803 ], [ 6.711577244913722, 50.912735452332832 ], [ 6.711605671241816, 50.912736009748187 ], [ 6.711604789529092, 50.912753980660469 ], [ 6.711590576359469, 50.91275370195347 ], [ 6.711591017218676, 50.912744716497436 ] ], [ [ 6.711851369615627, 50.912947691699074 ], [ 6.711822943153714, 50.912947134341884 ], [ 6.711823824788492, 50.912929163427471 ], [ 6.711809611563338, 50.912928884746449 ], [ 6.711811374841109, 50.912892942917786 ], [ 6.711854014484458, 50.912893778954583 ], [ 6.711854455295139, 50.912884793497106 ], [ 6.711840242083197, 50.912884514819986 ], [ 6.711841123709345, 50.912866543905167 ], [ 6.711826910503093, 50.912866265226498 ], [ 6.71182735131856, 50.912857279769156 ], [ 6.711798924912197, 50.912856722406815 ], [ 6.711798484091265, 50.912865707863986 ], [ 6.711784270885691, 50.91286542918013 ], [ 6.711783830061799, 50.912874414637194 ], [ 6.711755403645863, 50.912873857264131 ], [ 6.711754962816282, 50.912882842720997 ], [ 6.711726536395784, 50.912882285340835 ], [ 6.711727418065651, 50.912864314427438 ], [ 6.711698991656987, 50.912863757040704 ], [ 6.711699873336879, 50.91284578612759 ], [ 6.711714086535634, 50.912846064821643 ], [ 6.711714527372508, 50.912837079364976 ], [ 6.71175716696193, 50.912837915436491 ], [ 6.711756726133252, 50.91284690089342 ], [ 6.711770939332911, 50.912847179580538 ], [ 6.711770498506739, 50.912856165037567 ], [ 6.711784711709356, 50.912856443723051 ], [ 6.711785152532794, 50.912847458265951 ], [ 6.711799365732904, 50.91284773694963 ], [ 6.711799806553385, 50.91283875149243 ], [ 6.711785593356009, 50.912838472808836 ], [ 6.711786475001756, 50.912820501894565 ], [ 6.711758048618608, 50.91281994452256 ], [ 6.711758489446607, 50.912810959065574 ], [ 6.711801129013472, 50.91281179512071 ], [ 6.711803333109099, 50.912766867834172 ], [ 6.711817546284845, 50.912767146515328 ], [ 6.711817987100559, 50.912758161057901 ], [ 6.711832200273798, 50.912758439737217 ], [ 6.711831318647606, 50.912776410652263 ], [ 6.711845531826535, 50.912776689330038 ], [ 6.711845972637012, 50.91276770387244 ], [ 6.711860185813434, 50.912767982548395 ], [ 6.71185930419772, 50.912785953463761 ], [ 6.711845091015833, 50.912785674787628 ], [ 6.71184420939375, 50.912803645702759 ], [ 6.711858422581101, 50.912803924379091 ], [ 6.711857981772455, 50.912812909836695 ], [ 6.711900621344062, 50.912813745855537 ], [ 6.71190238454451, 50.912777804023868 ], [ 6.711945024085363, 50.912778640026069 ], [ 6.711944583293788, 50.912787625484277 ], [ 6.711958796477256, 50.91278790414831 ], [ 6.711958355688186, 50.912796889606597 ], [ 6.711972568874613, 50.912797168268987 ], [ 6.71197212808805, 50.912806153727345 ], [ 6.711957914898891, 50.912805875064869 ], [ 6.711954388576394, 50.912877758730367 ], [ 6.711940175365601, 50.912877480065454 ], [ 6.711938852982741, 50.912904436439476 ], [ 6.711924639763978, 50.912904157772552 ], [ 6.711924198966507, 50.91291314323044 ], [ 6.711909985745238, 50.912912864561704 ], [ 6.711909544944808, 50.912921850019487 ], [ 6.711895331721032, 50.912921571348932 ], [ 6.711894009310192, 50.912948527721909 ], [ 6.711879796078444, 50.91294824904935 ], [ 6.711879355271646, 50.912957234506905 ], [ 6.711850928803365, 50.912956677156444 ], [ 6.711851369615627, 50.912947691699074 ] ], [ [ 6.711769176026869, 50.912883121408484 ], [ 6.711768735199795, 50.912892106865435 ], [ 6.711754521986474, 50.912891828177855 ], [ 6.711754962816282, 50.912882842720997 ], [ 6.711769176026869, 50.912883121408484 ] ], [ [ 6.71178911993358, 50.912766589151317 ], [ 6.71178956075476, 50.91275760369404 ], [ 6.711803773927548, 50.91275788237683 ], [ 6.711803333109099, 50.912766867834172 ], [ 6.71178911993358, 50.912766589151317 ] ], [ [ 6.711873958185071, 50.912777246680406 ], [ 6.711874398990083, 50.912768261222624 ], [ 6.711888612166958, 50.912768539895126 ], [ 6.711889493770839, 50.912750568979348 ], [ 6.711917920114336, 50.912751126318803 ], [ 6.711917479317973, 50.912760111776883 ], [ 6.711903266143379, 50.91275983310792 ], [ 6.71190238454451, 50.912777804023868 ], [ 6.711873958185071, 50.912777246680406 ] ] ] ] } },
{ "type": "Feature", "properties": { "gml_id": "DENW41AL30009FyuFL", "identifier": "urn:adv:oid:DENW41AL30009FyuFL", "aktualit_2": "2024-08-20Z", "idflurst": "DENW41AL30009Fyu", "flaeche": 721.0, "flstkennz_": "05468200800862______", "flstnrzae": "862", "flstnrnen": null, "gemarkung": "Horrem", "gemaschl": "054682", "flur": "8", "flurschl": "054682008", "land": "Nordrhein-Westfalen", "landschl": "05", "regbezirk": "Köln", "regbezschl": "053", "kreis": "Rhein-Erft-Kreis", "kreisschl": "05362", "gemeinde": "Kerpen", "gmdschl": "05362032", "abwrecht": "Kein abweichender Rechtszustand", "lagebeztxt": "Hauptstraße 189", "tntxt": "Wohnbaufläche;721", "area": 721, "DN": null, "rg area": 161.0, "bldg sum": null, "open area": null, "10%drain A": null, "5%drain A+": null, "10% check": null, "T OPEN A": 343.2, "T DRAIN A": 377.8, "5% drain": 18.9, "area ok": 1, "5% ok": 1, "layer": "RG final", "path": "C:/Users/kanis/Desktop/Thesis/Data/Analysis/Horrem/RG/RG final.shp", "area final": 161.0 }, "geometry": { "type": "MultiPolygon", "coordinates": [ [ [ [ 6.711556524168977, 50.913157768745307 ], [ 6.711556965041084, 50.91314878329009 ], [ 6.711571178330704, 50.913149062002724 ], [ 6.71157250093747, 50.913122105636759 ], [ 6.711586714219121, 50.913122384347396 ], [ 6.711588036815655, 50.913095427981006 ], [ 6.711602250089334, 50.913095706689631 ], [ 6.711604013537288, 50.913059764867207 ], [ 6.711618226800263, 50.913060043573751 ], [ 6.711619549375659, 50.913033087206479 ], [ 6.711591122866329, 50.913032529792183 ], [ 6.711591563729807, 50.913023544336582 ], [ 6.711534710724786, 50.913022429487576 ], [ 6.711535151598968, 50.913013444032302 ], [ 6.711492511855771, 50.913012607877661 ], [ 6.711492952737924, 50.913003622422643 ], [ 6.711450313004958, 50.913002786252704 ], [ 6.711448990333231, 50.913029742616928 ], [ 6.711434777081165, 50.913029463889892 ], [ 6.711434336187404, 50.913038449344519 ], [ 6.711448549442203, 50.913038728071641 ], [ 6.711445904091292, 50.91309264079954 ], [ 6.711431690820098, 50.913092362071886 ], [ 6.711431249924757, 50.9131013475264 ], [ 6.711417036651056, 50.913101068796912 ], [ 6.711417477549131, 50.913092083342491 ], [ 6.711403264278388, 50.913091804611383 ], [ 6.71140238247655, 50.913109775520013 ], [ 6.711416595752756, 50.913110054251305 ], [ 6.71141615485423, 50.913119039705698 ], [ 6.711444581412786, 50.913119597163259 ], [ 6.711444140519498, 50.913128582617801 ], [ 6.711458353801848, 50.913128861344092 ], [ 6.711457912911066, 50.913137846798705 ], [ 6.711500552767666, 50.913138682967443 ], [ 6.711500111884856, 50.913147668422305 ], [ 6.711528538462518, 50.913148225859658 ], [ 6.711528097584947, 50.913157211314683 ], [ 6.711556524168977, 50.913157768745307 ] ] ] ] } },
{ "type": "Feature", "properties": { "gml_id": "DENW41AL30005auqFL", "identifier": "urn:adv:oid:DENW41AL30005auqFL", "aktualit_2": "2024-08-20Z", "idflurst": "DENW41AL30005auq", "flaeche": 980.0, "flstkennz_": "05468200800266______", "flstnrzae": "266", "flstnrnen": null, "gemarkung": "Horrem", "gemaschl": "054682", "flur": "8", "flurschl": "054682008", "land": "Nordrhein-Westfalen", "landschl": "05", "regbezirk": "Köln", "regbezschl": "053", "kreis": "Rhein-Erft-Kreis", "kreisschl": "05362", "gemeinde": "Kerpen", "gmdschl": "05362032", "abwrecht": "Kein abweichender Rechtszustand", "lagebeztxt": "Hauptstraße 185", "tntxt": "Wohnbaufläche;980", "area": 972, "DN": null, "rg area": 468.1, "bldg sum": null, "open area": null, "10%drain A": null, "5%drain A+": null, "10% check": null, "T OPEN A": 555.7, "T DRAIN A": 416.3, "5% drain": 20.8, "area ok": 1, "5% ok": 1, "layer": "RG final", "path": "C:/Users/kanis/Desktop/Thesis/Data/Analysis/Horrem/RG/RG final.shp", "area final": 468.1 }, "geometry": { "type": "MultiPolygon", "coordinates": [ [ [ [ 6.711766744390403, 50.91351266073648 ], [ 6.711772034421878, 50.913404835263727 ], [ 6.711786247791622, 50.913405113951171 ], [ 6.711787129454907, 50.913387143038641 ], [ 6.711744489362748, 50.913386306971645 ], [ 6.711744930202249, 50.913377321515618 ], [ 6.711716503480738, 50.913376764129161 ], [ 6.711716944325477, 50.91336777867329 ], [ 6.711674304253102, 50.913366942580893 ], [ 6.711674745105813, 50.913357957125271 ], [ 6.711632105043669, 50.913357121017576 ], [ 6.711632545904351, 50.913348135562217 ], [ 6.711589905852438, 50.913347299439216 ], [ 6.711590346721092, 50.913338313984106 ], [ 6.711547706679408, 50.913337477845822 ], [ 6.711548147556033, 50.913328492390946 ], [ 6.71150550752458, 50.913327656237364 ], [ 6.711505948409177, 50.913318670782751 ], [ 6.711463308387955, 50.913317834613871 ], [ 6.711463749280522, 50.913308849159513 ], [ 6.711435322606302, 50.913308291705128 ], [ 6.71143576350411, 50.913299306250913 ], [ 6.71142155017007, 50.913299027521219 ], [ 6.711420227467775, 50.913325983883531 ], [ 6.711391800783982, 50.913325426418417 ], [ 6.711393564408448, 50.913289484602679 ], [ 6.711350924417241, 50.913288648393106 ], [ 6.711351365330991, 50.913279662939388 ], [ 6.711308725350014, 50.913278826714524 ], [ 6.711307843505895, 50.913296797621385 ], [ 6.711293630173891, 50.913296518876137 ], [ 6.711293189248761, 50.913305504329458 ], [ 6.711307402583498, 50.913305783074797 ], [ 6.711306961660874, 50.913314768528195 ], [ 6.71132117499857, 50.913315047271901 ], [ 6.711320734078452, 50.913324032725363 ], [ 6.711306520738025, 50.913323753981565 ], [ 6.711305197968118, 50.913350710341604 ], [ 6.711290984619718, 50.913350431595809 ], [ 6.711292748323404, 50.913314489782756 ], [ 6.711278534986161, 50.913314211035583 ], [ 6.711277212200538, 50.913341167395139 ], [ 6.711248785510334, 50.913340609895087 ], [ 6.711247903641192, 50.913358580801017 ], [ 6.711262116991646, 50.913358859552083 ], [ 6.711261235127068, 50.913376830458127 ], [ 6.711275448483211, 50.913377109207637 ], [ 6.711275007553314, 50.913386094660716 ], [ 6.711289220912418, 50.913386373408585 ], [ 6.711288779985027, 50.913395358861749 ], [ 6.71133142007189, 50.91339619509526 ], [ 6.711330979152471, 50.913405180548672 ], [ 6.71135940588364, 50.913405738029212 ], [ 6.71135896496946, 50.913414723482774 ], [ 6.711401605076108, 50.913415559690883 ], [ 6.711401164169899, 50.9134245451447 ], [ 6.711429590914257, 50.913425102608315 ], [ 6.711429150013288, 50.913434088062289 ], [ 6.711500216891801, 50.913435481691494 ], [ 6.711500657779109, 50.913426496237072 ], [ 6.711514871152756, 50.913426774957635 ], [ 6.711513989383381, 50.913444745866634 ], [ 6.71152820276272, 50.913445024585663 ], [ 6.711527761880427, 50.913454010040205 ], [ 6.711541975262723, 50.913454288757578 ], [ 6.711541534382935, 50.913463274212219 ], [ 6.711569961153672, 50.913463831641963 ], [ 6.711569520279123, 50.913472817096746 ], [ 6.711612160445121, 50.913473653228657 ], [ 6.711611719578543, 50.913482638683696 ], [ 6.71164014636247, 50.9134831960965 ], [ 6.71163970550113, 50.91349218155171 ], [ 6.711682345686912, 50.913493017658197 ], [ 6.711681904833545, 50.913502003113656 ], [ 6.71171033163066, 50.913502560509528 ], [ 6.711709890782531, 50.913511545965143 ], [ 6.711766744390403, 50.91351266073648 ] ], [ [ 6.711486444405686, 50.91342621751479 ], [ 6.711486885295501, 50.913417232060432 ], [ 6.71150109866619, 50.913417510782637 ], [ 6.711500657779109, 50.913426496237072 ], [ 6.711486444405686, 50.91342621751479 ] ], [ [ 6.711616128234153, 50.913392784132512 ], [ 6.71163034159868, 50.913393062838885 ], [ 6.71162945987483, 50.913411033749441 ], [ 6.711615246504839, 50.913410755042875 ], [ 6.711616128234153, 50.913392784132512 ] ], [ [ 6.711630782460266, 50.91338407738359 ], [ 6.711644995822285, 50.913384356088137 ], [ 6.711644554963431, 50.913393341543532 ], [ 6.71163034159868, 50.913393062838885 ], [ 6.711630782460266, 50.91338407738359 ] ], [ [ 6.711645877539315, 50.913366385177319 ], [ 6.711660090896095, 50.913366663879977 ], [ 6.711659209184531, 50.913384634790972 ], [ 6.711644995822285, 50.913384356088137 ], [ 6.711645877539315, 50.913366385177319 ] ] ] ] } },
{ "type": "Feature", "properties": { "gml_id": "DENW41AL30005QxvFL", "identifier": "urn:adv:oid:DENW41AL30005QxvFL", "aktualit_2": "2024-08-20Z", "idflurst": "DENW41AL30005Qxv", "flaeche": 426.0, "flstkennz_": "05468200800262______", "flstnrzae": "262", "flstnrnen": null, "gemarkung": "Horrem", "gemaschl": "054682", "flur": "8", "flurschl": "054682008", "land": "Nordrhein-Westfalen", "landschl": "05", "regbezirk": "Köln", "regbezschl": "053", "kreis": "Rhein-Erft-Kreis", "kreisschl": "05362", "gemeinde": "Kerpen", "gmdschl": "05362032", "abwrecht": "Kein abweichender Rechtszustand", "lagebeztxt": "Hauptstraße 193", "tntxt": "Fläche gemischter Nutzung(funktion:Gebäude- und Freifläche Mischnutzung mit Wohnen);426", "area": 425, "DN": null, "rg area": 90.0, "bldg sum": null, "open area": null, "10%drain A": null, "5%drain A+": null, "10% check": null, "T OPEN A": 148.3, "T DRAIN A": 276.7, "5% drain": 13.8, "area ok": 1, "5% ok": 1, "layer": "RG final", "path": "C:/Users/kanis/Desktop/Thesis/Data/Analysis/Horrem/RG/RG final.shp", "area final": 90.0 }, "geometry": { "type": "MultiPolygon", "coordinates": [ [ [ [ 6.711824158496853, 50.912632364651941 ], [ 6.711825480933155, 50.912605408278822 ], [ 6.711839694059944, 50.912605686956631 ], [ 6.711841016486016, 50.912578730583093 ], [ 6.711826803367424, 50.912578451905532 ], [ 6.711827244178395, 50.912569466447742 ], [ 6.711770391717215, 50.912568351720594 ], [ 6.711770832538889, 50.912559366263139 ], [ 6.711728193203573, 50.912558530199881 ], [ 6.711728634033218, 50.912549544742689 ], [ 6.711685994708131, 50.912548708664133 ], [ 6.711686435545747, 50.912539723207175 ], [ 6.711658009335618, 50.912539165813008 ], [ 6.711657568492537, 50.912548151269789 ], [ 6.711643355385078, 50.912547872570023 ], [ 6.711642914539039, 50.91255685802669 ], [ 6.711628701429075, 50.912556579325113 ], [ 6.711627819730854, 50.912574550238233 ], [ 6.711599393500673, 50.912573992829515 ], [ 6.71159851179062, 50.912591963742209 ], [ 6.711584298670403, 50.912591685035089 ], [ 6.711583416953982, 50.912609655947534 ], [ 6.711597630079662, 50.912609934654839 ], [ 6.711598070935254, 50.912600949198534 ], [ 6.711626497181828, 50.912601506607785 ], [ 6.711627378881404, 50.912583535694765 ], [ 6.711655805117954, 50.912584093096733 ], [ 6.711655364273743, 50.912593078553421 ], [ 6.711712216760482, 50.912594193336972 ], [ 6.711711775926974, 50.912603178794008 ], [ 6.711740202177165, 50.912603736175583 ], [ 6.711739761348896, 50.912612721632769 ], [ 6.711768187605453, 50.912613279007616 ], [ 6.711767746782423, 50.912622264464964 ], [ 6.711781959913774, 50.91262254314988 ], [ 6.711781519093249, 50.912631528607307 ], [ 6.711824158496853, 50.912632364651941 ] ] ] ] } },
{ "type": "Feature", "properties": { "gml_id": "DENW41AL30005Yr5FL", "identifier": "urn:adv:oid:DENW41AL30005Yr5FL", "aktualit_2": "2024-08-20Z", "idflurst": "DENW41AL30005Yr5", "flaeche": 1692.0, "flstkennz_": "05468200800264______", "flstnrzae": "264", "flstnrnen": null, "gemarkung": "Horrem", "gemaschl": "054682", "flur": "8", "flurschl": "054682008", "land": "Nordrhein-Westfalen", "landschl": "05", "regbezirk": "Köln", "regbezschl": "053", "kreis": "Rhein-Erft-Kreis", "kreisschl": "05362", "gemeinde": "Kerpen", "gmdschl": "05362032", "abwrecht": "Kein abweichender Rechtszustand", "lagebeztxt": "Hauptstraße 191", "tntxt": "Fläche gemischter Nutzung(funktion:Gebäude- und Freifläche Mischnutzung mit Wohnen);1692", "area": 1693, "DN": null, "rg area": 64.0, "bldg sum": null, "open area": null, "10%drain A": null, "5%drain A+": null, "10% check": null, "T OPEN A": 835.8, "T DRAIN A": 857.2, "5% drain": 42.9, "area ok": 1, "5% ok": 1, "layer": "RG final", "path": "C:/Users/kanis/Desktop/Thesis/Data/Analysis/Horrem/RG/RG final.shp", "area final": 64.0 }, "geometry": { "type": "MultiPolygon", "coordinates": [ [ [ [ 6.71136448838431, 50.912722286042516 ], [ 6.711364929286555, 50.912713300587853 ], [ 6.711421781908228, 50.912714415514685 ], [ 6.711422222799319, 50.912705430059646 ], [ 6.711450649106047, 50.912705987512517 ], [ 6.711451530876622, 50.912688016602026 ], [ 6.711479957173323, 50.912688574047621 ], [ 6.711480838932066, 50.912670603136711 ], [ 6.71149505207529, 50.912670881856741 ], [ 6.711495492951589, 50.912661896401175 ], [ 6.711481279811096, 50.912661617681238 ], [ 6.711481720689902, 50.912652632225743 ], [ 6.711467507552367, 50.912652353504164 ], [ 6.711467066670829, 50.912661338959573 ], [ 6.711438640390972, 50.91266078151105 ], [ 6.711439081277975, 50.912651796055819 ], [ 6.711453294415057, 50.912652074780858 ], [ 6.711453735299103, 50.912643089325506 ], [ 6.711467948433679, 50.912643368048734 ], [ 6.711468389314764, 50.912634382593303 ], [ 6.711482602446836, 50.912634661314698 ], [ 6.711483043324963, 50.91262567585914 ], [ 6.711426190808967, 50.912624560963522 ], [ 6.711426631697798, 50.912615575508312 ], [ 6.711398205446621, 50.91261501805031 ], [ 6.711396882763056, 50.912641974415344 ], [ 6.711382669629609, 50.91264169568349 ], [ 6.711381346935813, 50.912668652048119 ], [ 6.711367133794395, 50.912668373314254 ], [ 6.711365370188576, 50.912704315133169 ], [ 6.711351157036455, 50.912704036397216 ], [ 6.711350275226724, 50.9127220073064 ], [ 6.71136448838431, 50.912722286042516 ] ], [ [ 6.711452412646292, 50.912670045691478 ], [ 6.711466625789066, 50.912670324414954 ], [ 6.711466184907075, 50.912679309870342 ], [ 6.711451971761569, 50.912679031146759 ], [ 6.711452412646292, 50.912670045691478 ] ] ] ] } },
{ "type": "Feature", "properties": { "gml_id": "DENW41AL30005gKIFL", "identifier": "urn:adv:oid:DENW41AL30005gKIFL", "aktualit_2": "2024-08-20Z", "idflurst": "DENW41AL30005gKI", "flaeche": 646.0, "flstkennz_": "05468200800268______", "flstnrzae": "268", "flstnrnen": null, "gemarkung": "Horrem", "gemaschl": "054682", "flur": "8", "flurschl": "054682008", "land": "Nordrhein-Westfalen", "landschl": "05", "regbezirk": "Köln", "regbezschl": "053", "kreis": "Rhein-Erft-Kreis", "kreisschl": "05362", "gemeinde": "Kerpen", "gmdschl": "05362032", "abwrecht": "Kein abweichender Rechtszustand", "lagebeztxt": "Hauptstraße 183", "tntxt": "Fläche gemischter Nutzung(funktion:Gebäude- und Freifläche Mischnutzung mit Wohnen);646", "area": 645, "DN": null, "rg area": 154.0, "bldg sum": null, "open area": null, "10%drain A": null, "5%drain A+": null, "10% check": null, "T OPEN A": 373.4, "T DRAIN A": 271.6, "5% drain": 13.6, "area ok": 1, "5% ok": 1, "layer": "RG final", "path": "C:/Users/kanis/Desktop/Thesis/Data/Analysis/Horrem/RG/RG final.shp", "area final": 154.0 }, "geometry": { "type": "MultiPolygon", "coordinates": [ [ [ [ 6.711733909146953, 50.913601957911283 ], [ 6.711735672525289, 50.91356601608868 ], [ 6.711749885943765, 50.913566294781177 ], [ 6.711750767626111, 50.913548323869605 ], [ 6.711736554213101, 50.913548045177279 ], [ 6.711736995056669, 50.913539059721543 ], [ 6.711708568236791, 50.913538502331882 ], [ 6.711709009085596, 50.913529516876324 ], [ 6.711666368865671, 50.91352868077913 ], [ 6.711666809722447, 50.913519695323814 ], [ 6.711638382915758, 50.91351913791722 ], [ 6.711638823777775, 50.913510152462059 ], [ 6.711596183577632, 50.913509316339464 ], [ 6.71159662444762, 50.913500330884574 ], [ 6.711568197654119, 50.913499773461041 ], [ 6.711568638529346, 50.913490788006285 ], [ 6.711525998348988, 50.913489951858296 ], [ 6.711526439232186, 50.913480966403803 ], [ 6.711498012451874, 50.913480408963331 ], [ 6.711498453340313, 50.913471423508987 ], [ 6.711470026566369, 50.913470866061793 ], [ 6.711469585672466, 50.913479851515945 ], [ 6.711455372283102, 50.913479572789662 ], [ 6.711454049591842, 50.913506529151768 ], [ 6.711439836194506, 50.913506250423488 ], [ 6.711439395294235, 50.913515235877398 ], [ 6.711396755095384, 50.913514399681922 ], [ 6.71139631418669, 50.913523385135555 ], [ 6.711438954393738, 50.913524221331308 ], [ 6.711438513493015, 50.913533206785175 ], [ 6.711481153710293, 50.913534042965637 ], [ 6.711480712817542, 50.913543028419767 ], [ 6.711509139635656, 50.913543585864922 ], [ 6.711508698748144, 50.913552571319222 ], [ 6.711551338985207, 50.913553407474261 ], [ 6.711550898105665, 50.913562392928803 ], [ 6.711579324936968, 50.91356295035704 ], [ 6.711578884062667, 50.913571935811731 ], [ 6.711621524319512, 50.913572771941375 ], [ 6.711621083453181, 50.913581757396329 ], [ 6.711649510297674, 50.913582314807627 ], [ 6.711649069436581, 50.913591300262738 ], [ 6.711691709713212, 50.913592136366972 ], [ 6.711691268860092, 50.913601121822339 ], [ 6.711733909146953, 50.913601957911283 ] ] ] ] } },
{ "type": "Feature", "properties": { "gml_id": "DENW41AL30005gKIFL", "identifier": "urn:adv:oid:DENW41AL30005gKIFL", "aktualit_2": "2024-08-20Z", "idflurst": "DENW41AL30005gKI", "flaeche": 646.0, "flstkennz_": "05468200800268______", "flstnrzae": "268", "flstnrnen": null, "gemarkung": "Horrem", "gemaschl": "054682", "flur": "8", "flurschl": "054682008", "land": "Nordrhein-Westfalen", "landschl": "05", "regbezirk": "Köln", "regbezschl": "053", "kreis": "Rhein-Erft-Kreis", "kreisschl": "05362", "gemeinde": "Kerpen", "gmdschl": "05362032", "abwrecht": "Kein abweichender Rechtszustand", "lagebeztxt": "Hauptstraße 183", "tntxt": "Fläche gemischter Nutzung(funktion:Gebäude- und Freifläche Mischnutzung mit Wohnen);646", "area": 645, "DN": null, "rg area": 96.0, "bldg sum": null, "open area": null, "10%drain A": null, "5%drain A+": null, "10% check": null, "T OPEN A": 373.4, "T DRAIN A": 271.6, "5% drain": 13.6, "area ok": 1, "5% ok": 1, "layer": "RG final", "path": "C:/Users/kanis/Desktop/Thesis/Data/Analysis/Horrem/RG/RG final.shp", "area final": 96.0 }, "geometry": { "type": "MultiPolygon", "coordinates": [ [ [ [ 6.711396755095384, 50.913514399681922 ], [ 6.711397196003853, 50.913505414228268 ], [ 6.711411409400512, 50.913505692961735 ], [ 6.711411850306021, 50.913496707507989 ], [ 6.71144027709455, 50.913497264969564 ], [ 6.711441158893962, 50.913479294061652 ], [ 6.711455372283102, 50.913479572789662 ], [ 6.711456254076145, 50.913461601881508 ], [ 6.711427827309023, 50.913461044424103 ], [ 6.711428268210671, 50.913452058970179 ], [ 6.711385628069879, 50.913451222771386 ], [ 6.711386068979498, 50.913442237317703 ], [ 6.711357642225565, 50.913441679843366 ], [ 6.711358083140423, 50.913432694389854 ], [ 6.711315443019416, 50.913431858165644 ], [ 6.711315883942245, 50.913422872712381 ], [ 6.711287457201502, 50.913422315221105 ], [ 6.711287898129569, 50.913413329768005 ], [ 6.711245258028346, 50.913412493518379 ], [ 6.711244817092081, 50.913421478971237 ], [ 6.711259030461662, 50.913421757722908 ], [ 6.711257707659708, 50.913448714081589 ], [ 6.71124349428193, 50.913448435329649 ], [ 6.711242612407365, 50.913466406235159 ], [ 6.711256825790608, 50.913466684987291 ], [ 6.711255943920604, 50.913484655892937 ], [ 6.711298584088084, 50.913485492139479 ], [ 6.71129814316094, 50.913494477592543 ], [ 6.711326569945855, 50.913495035081773 ], [ 6.71132612902395, 50.913504020534994 ], [ 6.711368769211214, 50.913504856756155 ], [ 6.711368328297281, 50.913513842209618 ], [ 6.711396755095384, 50.913514399681922 ] ] ] ] } },
{ "type": "Feature", "properties": { "gml_id": "DENW41AL30005WWwFL", "identifier": "urn:adv:oid:DENW41AL30005WWwFL", "aktualit_2": "2024-08-20Z", "idflurst": "DENW41AL30005WWw", "flaeche": 660.0, "flstkennz_": "05468200800270______", "flstnrzae": "270", "flstnrnen": null, "gemarkung": "Horrem", "gemaschl": "054682", "flur": "8", "flurschl": "054682008", "land": "Nordrhein-Westfalen", "landschl": "05", "regbezirk": "Köln", "regbezschl": "053", "kreis": "Rhein-Erft-Kreis", "kreisschl": "05362", "gemeinde": "Kerpen", "gmdschl": "05362032", "abwrecht": "Kein abweichender Rechtszustand", "lagebeztxt": "Hauptstraße 181", "tntxt": "Wohnbaufläche;660", "area": 659, "DN": null, "rg area": 157.0, "bldg sum": null, "open area": null, "10%drain A": null, "5%drain A+": null, "10% check": null, "T OPEN A": 326.5, "T DRAIN A": 332.5, "5% drain": 16.6, "area ok": 1, "5% ok": 1, "layer": "RG final", "path": "C:/Users/kanis/Desktop/Thesis/Data/Analysis/Horrem/RG/RG final.shp", "area final": 157.0 }, "geometry": { "type": "MultiPolygon", "coordinates": [ [ [ [ 6.711659315126497, 50.913672448061931 ], [ 6.711660196847058, 50.913654477151816 ], [ 6.711645983402613, 50.91365419844805 ], [ 6.71164818771372, 50.913609271172909 ], [ 6.711605547422729, 50.913608435052566 ], [ 6.71160598829247, 50.913599449597761 ], [ 6.711577561438404, 50.913598892175735 ], [ 6.711578002313384, 50.913589906721079 ], [ 6.711535362042177, 50.913589070575348 ], [ 6.711535802925127, 50.913580085120955 ], [ 6.711493162664151, 50.913579248959913 ], [ 6.711493603555074, 50.913570263505761 ], [ 6.711465176721018, 50.913569706056599 ], [ 6.711465617617178, 50.913560720602618 ], [ 6.711422977375985, 50.913559884416173 ], [ 6.711423418280119, 50.913550898962434 ], [ 6.711394991459252, 50.913550341496347 ], [ 6.711395432368624, 50.913541356042764 ], [ 6.711352792147216, 50.913540519830917 ], [ 6.711353233064559, 50.91353153437759 ], [ 6.71132480625688, 50.913530976894556 ], [ 6.711325247179463, 50.913521991441392 ], [ 6.711282606977839, 50.913521155204137 ], [ 6.711281725116053, 50.913539126109939 ], [ 6.711267511710499, 50.913538847360549 ], [ 6.711266188907929, 50.913565803718839 ], [ 6.711294615735659, 50.913566361216418 ], [ 6.711294174806481, 50.913575346669326 ], [ 6.711322601640579, 50.913575904160162 ], [ 6.711322160716641, 50.913584889613226 ], [ 6.71136480097768, 50.913585725836782 ], [ 6.711364360061713, 50.913594711290088 ], [ 6.711392786909002, 50.913595268763984 ], [ 6.711392345998274, 50.913604254217468 ], [ 6.711434986279098, 50.913605090415615 ], [ 6.711434545376341, 50.913614075869347 ], [ 6.711462972236818, 50.913614633326311 ], [ 6.711462531339301, 50.9136236187802 ], [ 6.711505171639909, 50.913624454952938 ], [ 6.711504730750363, 50.913633440407082 ], [ 6.71153315762403, 50.913633997847107 ], [ 6.711532716739723, 50.913642983301408 ], [ 6.711575357060115, 50.913643819448744 ], [ 6.711574916183778, 50.9136528049033 ], [ 6.711603343070634, 50.913653362326386 ], [ 6.711602902199537, 50.913662347781099 ], [ 6.711645542539713, 50.913663183903033 ], [ 6.711645101676589, 50.913672169357987 ], [ 6.711659315126497, 50.913672448061931 ] ] ] ] } },
{ "type": "Feature", "properties": { "gml_id": "DENW41AL30009FyuFL", "identifier": "urn:adv:oid:DENW41AL30009FyuFL", "aktualit_2": "2024-08-20Z", "idflurst": "DENW41AL30009Fyu", "flaeche": 721.0, "flstkennz_": "05468200800862______", "flstnrzae": "862", "flstnrnen": null, "gemarkung": "Horrem", "gemaschl": "054682", "flur": "8", "flurschl": "054682008", "land": "Nordrhein-Westfalen", "landschl": "05", "regbezirk": "Köln", "regbezschl": "053", "kreis": "Rhein-Erft-Kreis", "kreisschl": "05362", "gemeinde": "Kerpen", "gmdschl": "05362032", "abwrecht": "Kein abweichender Rechtszustand", "lagebeztxt": "Hauptstraße 189", "tntxt": "Wohnbaufläche;721", "area": 721, "DN": null, "rg area": 28.0, "bldg sum": null, "open area": null, "10%drain A": null, "5%drain A+": null, "10% check": null, "T OPEN A": 343.2, "T DRAIN A": 377.8, "5% drain": 18.9, "area ok": 1, "5% ok": 1, "layer": "RG final", "path": "C:/Users/kanis/Desktop/Thesis/Data/Analysis/Horrem/RG/RG final.shp", "area final": 28.0 }, "geometry": { "type": "MultiPolygon", "coordinates": [ [ [ [ 6.711268627327042, 50.912936264494149 ], [ 6.711269068251105, 50.912927279040417 ], [ 6.711340134349864, 50.912928672757161 ], [ 6.711339693439461, 50.912937658211341 ], [ 6.711368119886011, 50.912938215686118 ], [ 6.711368560790947, 50.912929230231761 ], [ 6.711354347570292, 50.912928951495324 ], [ 6.711354788477735, 50.912919966041038 ], [ 6.711340575260039, 50.912919687302967 ], [ 6.711341016169987, 50.912910701848745 ], [ 6.711312589740736, 50.912910144367594 ], [ 6.711313030655923, 50.912901158913549 ], [ 6.711270391021938, 50.912900322679114 ], [ 6.711270831945098, 50.912891337225304 ], [ 6.711242405529035, 50.912890779727206 ], [ 6.711241082742485, 50.912917736088048 ], [ 6.711226869526596, 50.912917457336142 ], [ 6.711225987662302, 50.912935428243095 ], [ 6.711268627327042, 50.912936264494149 ] ] ] ] } },
{ "type": "Feature", "properties": { "gml_id": "DENW41AL30005W95FL", "identifier": "urn:adv:oid:DENW41AL30005W95FL", "aktualit_2": "2024-08-20Z", "idflurst": "DENW41AL30005W95", "flaeche": 200.0, "flstkennz_": "05468202100408______", "flstnrzae": "408", "flstnrnen": null, "gemarkung": "Horrem", "gemaschl": "054682", "flur": "21", "flurschl": "054682021", "land": "Nordrhein-Westfalen", "landschl": "05", "regbezirk": "Köln", "regbezschl": "053", "kreis": "Rhein-Erft-Kreis", "kreisschl": "05362", "gemeinde": "Kerpen", "gmdschl": "05362032", "abwrecht": "Kein abweichender Rechtszustand", "lagebeztxt": "Wiesenstraße 14", "tntxt": "Wohnbaufläche;200", "area": 200, "DN": null, "rg area": 32.0, "bldg sum": null, "open area": null, "10%drain A": null, "5%drain A+": null, "10% check": null, "T OPEN A": 76.7, "T DRAIN A": 123.3, "5% drain": 6.2, "area ok": 1, "5% ok": 1, "layer": "RG final", "path": "C:/Users/kanis/Desktop/Thesis/Data/Analysis/Horrem/RG/RG final.shp", "area final": 32.0 }, "geometry": { "type": "MultiPolygon", "coordinates": [ [ [ [ 6.707151297875783, 50.913053313599185 ], [ 6.707152623031161, 50.913026357316042 ], [ 6.707166836239744, 50.913026636564318 ], [ 6.707167277955018, 50.913017651136485 ], [ 6.707153064749167, 50.913017371888294 ], [ 6.707153506466947, 50.913008386460525 ], [ 6.707125080061389, 50.913007827959142 ], [ 6.707126405229764, 50.912980871676275 ], [ 6.707097978841506, 50.912980313168504 ], [ 6.707097095385218, 50.912998284023423 ], [ 6.707082882185963, 50.912998004766763 ], [ 6.707081998723307, 50.91301597562142 ], [ 6.707067785518814, 50.913015696362862 ], [ 6.707066902049787, 50.91303366721727 ], [ 6.707081115259744, 50.91303394647602 ], [ 6.707080673527624, 50.913042931903284 ], [ 6.707123313167052, 50.913043769669386 ], [ 6.707122871442901, 50.913052755096913 ], [ 6.707151297875783, 50.913053313599185 ] ] ] ] } },
{ "type": "Feature", "properties": { "gml_id": "DENW41AL30005XcCFL", "identifier": "urn:adv:oid:DENW41AL30005XcCFL", "aktualit_2": "2024-08-20Z", "idflurst": "DENW41AL30005XcC", "flaeche": 281.0, "flstkennz_": "054682021000910007__", "flstnrzae": "91", "flstnrnen": "7", "gemarkung": "Horrem", "gemaschl": "054682", "flur": "21", "flurschl": "054682021", "land": "Nordrhein-Westfalen", "landschl": "05", "regbezirk": "Köln", "regbezschl": "053", "kreis": "Rhein-Erft-Kreis", "kreisschl": "05362", "gemeinde": "Kerpen", "gmdschl": "05362032", "abwrecht": "Kein abweichender Rechtszustand", "lagebeztxt": "Am Kalkofen 17", "tntxt": "Wohnbaufläche;281", "area": 280, "DN": null, "rg area": 58.0, "bldg sum": null, "open area": null, "10%drain A": null, "5%drain A+": null, "10% check": null, "T OPEN A": 117.4, "T DRAIN A": 162.6, "5% drain": 8.1, "area ok": 1, "5% ok": 1, "layer": "RG final", "path": "C:/Users/kanis/Desktop/Thesis/Data/Analysis/Horrem/RG/RG final.shp", "area final": 58.0 }, "geometry": { "type": "MultiPolygon", "coordinates": [ [ [ [ 6.706847519045255, 50.91315527408905 ], [ 6.706848402602591, 50.913137303237782 ], [ 6.706862615841941, 50.913137582523518 ], [ 6.706863057617537, 50.913128597097774 ], [ 6.70687727085438, 50.913128876381691 ], [ 6.706877712627018, 50.913119890955834 ], [ 6.70690613909592, 50.913120449518317 ], [ 6.706907022629586, 50.91310247866619 ], [ 6.706921235858911, 50.913102757944664 ], [ 6.706922119386208, 50.913084787092288 ], [ 6.706907906162347, 50.913084507814006 ], [ 6.706908347928387, 50.913075522387892 ], [ 6.706879921486808, 50.91307496382629 ], [ 6.706880363258088, 50.913065978400333 ], [ 6.70685193682288, 50.913065419832002 ], [ 6.706852378599398, 50.913056434406208 ], [ 6.706838165384865, 50.913056155119534 ], [ 6.706837281826139, 50.91307412597093 ], [ 6.706823068606369, 50.913073846682352 ], [ 6.706822185041273, 50.913091817533498 ], [ 6.706807971816263, 50.913091538243023 ], [ 6.706807088244798, 50.913109509093935 ], [ 6.70679287501455, 50.913109229801549 ], [ 6.706792433225745, 50.913118215226895 ], [ 6.706778219992993, 50.913117935932682 ], [ 6.706777336409237, 50.91313590678314 ], [ 6.706791549647456, 50.913136186077523 ], [ 6.706791107857971, 50.913145171502826 ], [ 6.706833747582179, 50.913146009375872 ], [ 6.706833305800665, 50.91315499480141 ], [ 6.706847519045255, 50.91315527408905 ] ] ] ] } },
{ "type": "Feature", "properties": { "gml_id": "DENW41AL30005ZhrFL", "identifier": "urn:adv:oid:DENW41AL30005ZhrFL", "aktualit_2": "2024-08-20Z", "idflurst": "DENW41AL30005Zhr", "flaeche": 511.0, "flstkennz_": "054682021000080001__", "flstnrzae": "8", "flstnrnen": "1", "gemarkung": "Horrem", "gemaschl": "054682", "flur": "21", "flurschl": "054682021", "land": "Nordrhein-Westfalen", "landschl": "05", "regbezirk": "Köln", "regbezschl": "053", "kreis": "Rhein-Erft-Kreis", "kreisschl": "05362", "gemeinde": "Kerpen", "gmdschl": "05362032", "abwrecht": "Kein abweichender Rechtszustand", "lagebeztxt": "Am Kalkofen 15", "tntxt": "Wohnbaufläche;511", "area": 508, "DN": null, "rg area": 167.0, "bldg sum": null, "open area": null, "10%drain A": null, "5%drain A+": null, "10% check": null, "T OPEN A": 242.7, "T DRAIN A": 265.3, "5% drain": 13.3, "area ok": 1, "5% ok": 1, "layer": "RG final", "path": "C:/Users/kanis/Desktop/Thesis/Data/Analysis/Horrem/RG/RG final.shp", "area final": 167.0 }, "geometry": { "type": "MultiPolygon", "coordinates": [ [ [ [ 6.707028757291264, 50.913230788084839 ], [ 6.707029199036335, 50.913221802658192 ], [ 6.70704341230322, 50.91322208192225 ], [ 6.707044295787219, 50.91320411106873 ], [ 6.707058509048865, 50.913204390330876 ], [ 6.707059392526494, 50.9131864194771 ], [ 6.707073605782901, 50.913186698737348 ], [ 6.707074489254161, 50.913168727883324 ], [ 6.707088702505331, 50.913169007141661 ], [ 6.70708958597022, 50.913151036287402 ], [ 6.70710379921615, 50.913151315543836 ], [ 6.707104682674671, 50.913133344689314 ], [ 6.707118895915363, 50.913133623943843 ], [ 6.70711933764155, 50.913124638516479 ], [ 6.707133550879736, 50.913124917769188 ], [ 6.707134434325968, 50.913106946914219 ], [ 6.707148647558916, 50.913107226165025 ], [ 6.707149530998777, 50.913089255309821 ], [ 6.707135317771294, 50.913088976059186 ], [ 6.707135759493617, 50.913079990631644 ], [ 6.707107333044795, 50.913079432125379 ], [ 6.707107774772356, 50.913070446698001 ], [ 6.707079348329903, 50.913069888184992 ], [ 6.707079790062703, 50.913060902757771 ], [ 6.707037150408918, 50.913060064975568 ], [ 6.707037592149689, 50.913051079548602 ], [ 6.70700916572043, 50.913050521018668 ], [ 6.707008723974194, 50.913059506445457 ], [ 6.706994510757172, 50.913059227177804 ], [ 6.706993627258558, 50.913077198031154 ], [ 6.706979414036296, 50.913076918761604 ], [ 6.706978530531312, 50.913094889614712 ], [ 6.706964317303813, 50.913094610343258 ], [ 6.706963433792457, 50.913112581196117 ], [ 6.70694922055972, 50.913112301922745 ], [ 6.706947895282793, 50.91313925820166 ], [ 6.706962108523727, 50.913139537475303 ], [ 6.706961666767032, 50.913148522901658 ], [ 6.706975880010924, 50.913148802173666 ], [ 6.706974554747674, 50.913175758452901 ], [ 6.706960341495583, 50.913175479180644 ], [ 6.706959457980154, 50.913193450033198 ], [ 6.706973671237709, 50.913193729305647 ], [ 6.706972345971064, 50.913220685584641 ], [ 6.706986559237042, 50.913220964855626 ], [ 6.706986117483773, 50.913229950282009 ], [ 6.707028757291264, 50.913230788084839 ] ] ] ] } },
{ "type": "Feature", "properties": { "gml_id": "DENW41AL30005XD7FL", "identifier": "urn:adv:oid:DENW41AL30005XD7FL", "aktualit_2": "2024-08-20Z", "idflurst": "DENW41AL30005XD7", "flaeche": 271.0, "flstkennz_": "054682021000890007__", "flstnrzae": "89", "flstnrnen": "7", "gemarkung": "Horrem", "gemaschl": "054682", "flur": "21", "flurschl": "054682021", "land": "Nordrhein-Westfalen", "landschl": "05", "regbezirk": "Köln", "regbezschl": "053", "kreis": "Rhein-Erft-Kreis", "kreisschl": "05362", "gemeinde": "Kerpen", "gmdschl": "05362032", "abwrecht": "Kein abweichender Rechtszustand", "lagebeztxt": "Am Kalkofen 21", "tntxt": "Wohnbaufläche;271", "area": 271, "DN": null, "rg area": 67.0, "bldg sum": null, "open area": null, "10%drain A": null, "5%drain A+": null, "10% check": null, "T OPEN A": 95.7, "T DRAIN A": 175.3, "5% drain": 8.8, "area ok": 1, "5% ok": 1, "layer": "RG final", "path": "C:/Users/kanis/Desktop/Thesis/Data/Analysis/Horrem/RG/RG final.shp", "area final": 59.7 }, "geometry": { "type": "MultiPolygon", "coordinates": [ [ [ [ 6.706580560246917, 50.913087069360138 ], [ 6.706594773468302, 50.913087348678289 ], [ 6.706595657120832, 50.91306937782997 ], [ 6.706609870336981, 50.91306965714621 ], [ 6.706610753983141, 50.913051686297656 ], [ 6.706639180405187, 50.913052244924607 ], [ 6.706639622222463, 50.913043259500128 ], [ 6.706653835431093, 50.913043538810918 ], [ 6.70665427724541, 50.913034553386311 ], [ 6.706668490451535, 50.913034832695288 ], [ 6.706669374074025, 50.913016861845897 ], [ 6.706683587274911, 50.913017141152956 ], [ 6.706684470891031, 50.912999170303308 ], [ 6.706670257695609, 50.912998890996427 ], [ 6.706670699506062, 50.912989905571678 ], [ 6.706642273121363, 50.912989346952898 ], [ 6.706642714937054, 50.912980361528291 ], [ 6.706628501747778, 50.912980082216393 ], [ 6.706628943565974, 50.912971096791864 ], [ 6.706614730379655, 50.912970817478332 ], [ 6.706614288558727, 50.912979802902775 ], [ 6.706600075369901, 50.912979523587424 ], [ 6.7065991917219, 50.912997494436063 ], [ 6.706584978527837, 50.9129972151188 ], [ 6.706584094873464, 50.913015185967204 ], [ 6.706569881674163, 50.913014906648037 ], [ 6.706569439843905, 50.913023892072118 ], [ 6.706555226642098, 50.91302361275114 ], [ 6.706554784808881, 50.913032598175114 ], [ 6.706583211218186, 50.913033156815537 ], [ 6.70658188573357, 50.913060113087909 ], [ 6.706567672520608, 50.913059833768308 ], [ 6.706567230689217, 50.913068819192304 ], [ 6.706524591043491, 50.913067981222824 ], [ 6.70652443751915, 50.913071103353175 ], [ 6.70658034252571, 50.913091497127716 ], [ 6.706580560246917, 50.913087069360138 ] ] ] ] } },
{ "type": "Feature", "properties": { "gml_id": "DENW41AL30005bctFL", "identifier": "urn:adv:oid:DENW41AL30005bctFL", "aktualit_2": "2024-08-20Z", "idflurst": "DENW41AL30005bct", "flaeche": 270.0, "flstkennz_": "054682021000920007__", "flstnrzae": "92", "flstnrnen": "7", "gemarkung": "Horrem", "gemaschl": "054682", "flur": "21", "flurschl": "054682021", "land": "Nordrhein-Westfalen", "landschl": "05", "regbezirk": "Köln", "regbezschl": "053", "kreis": "Rhein-Erft-Kreis", "kreisschl": "05362", "gemeinde": "Kerpen", "gmdschl": "05362032", "abwrecht": "Kein abweichender Rechtszustand", "lagebeztxt": "Wiesenstraße 16", "tntxt": "Wohnbaufläche;270", "area": 270, "DN": null, "rg area": 46.0, "bldg sum": null, "open area": null, "10%drain A": null, "5%drain A+": null, "10% check": null, "T OPEN A": 85.3, "T DRAIN A": 184.7, "5% drain": 9.2, "area ok": 1, "5% ok": 1, "layer": "RG final", "path": "C:/Users/kanis/Desktop/Thesis/Data/Analysis/Horrem/RG/RG final.shp", "area final": 46.0 }, "geometry": { "type": "MultiPolygon", "coordinates": [ [ [ [ 6.706966084323805, 50.913058668637319 ], [ 6.706966967832444, 50.913040697784247 ], [ 6.706981181043549, 50.913040977055189 ], [ 6.706982064545817, 50.913023006201868 ], [ 6.706996277751683, 50.913023285470899 ], [ 6.706997161247582, 50.913005314617337 ], [ 6.706982948047179, 50.91300503534849 ], [ 6.706982506296611, 50.913014020775194 ], [ 6.706968293093703, 50.913013741504528 ], [ 6.706968734847004, 50.91300475607791 ], [ 6.706954521647054, 50.913004476805604 ], [ 6.706954963402859, 50.912995491379071 ], [ 6.706940750205869, 50.91299521210513 ], [ 6.706941191964182, 50.912986226678662 ], [ 6.70695540515844, 50.912986505952517 ], [ 6.706955846913793, 50.912977520525949 ], [ 6.706941633722268, 50.912977241252179 ], [ 6.706942075480128, 50.912968255825668 ], [ 6.706927862291559, 50.91296797655027 ], [ 6.706926978770149, 50.912985947403079 ], [ 6.706912765576345, 50.912985668125764 ], [ 6.706912323812567, 50.912994653552055 ], [ 6.706898110616255, 50.912994374272927 ], [ 6.706897227082558, 50.913012345125267 ], [ 6.706883013881009, 50.913012065844228 ], [ 6.706882130340941, 50.913030036696327 ], [ 6.706867917134153, 50.913029757413383 ], [ 6.706867475361046, 50.913038742839319 ], [ 6.706895901780315, 50.913039301403657 ], [ 6.706895460012445, 50.913048286829756 ], [ 6.706923886438084, 50.913048845387365 ], [ 6.706923444675454, 50.913057830813614 ], [ 6.706966084323805, 50.913058668637319 ] ] ] ] } },
{ "type": "Feature", "properties": { "gml_id": "DENW41AL30005ZOeFL", "identifier": "urn:adv:oid:DENW41AL30005ZOeFL", "aktualit_2": "2024-08-20Z", "idflurst": "DENW41AL30005ZOe", "flaeche": 263.0, "flstkennz_": "054682021000930007__", "flstnrzae": "93", "flstnrnen": "7", "gemarkung": "Horrem", "gemaschl": "054682", "flur": "21", "flurschl": "054682021", "land": "Nordrhein-Westfalen", "landschl": "05", "regbezirk": "Köln", "regbezschl": "053", "kreis": "Rhein-Erft-Kreis", "kreisschl": "05362", "gemeinde": "Kerpen", "gmdschl": "05362032", "abwrecht": "Kein abweichender Rechtszustand", "lagebeztxt": "Wiesenstraße 18", "tntxt": "Wohnbaufläche;263", "area": 262, "DN": null, "rg area": 47.0, "bldg sum": null, "open area": null, "10%drain A": null, "5%drain A+": null, "10% check": null, "T OPEN A": 72.9, "T DRAIN A": 189.1, "5% drain": 9.5, "area ok": 1, "5% ok": 1, "layer": "RG final", "path": "C:/Users/kanis/Desktop/Thesis/Data/Analysis/Horrem/RG/RG final.shp", "area final": 47.0 }, "geometry": { "type": "MultiPolygon", "coordinates": [ [ [ [ 6.706839932499601, 50.913020213416523 ], [ 6.706840816055609, 50.913002242564929 ], [ 6.706855029253747, 50.913002521851062 ], [ 6.706855471028679, 50.912993536425155 ], [ 6.706869684224312, 50.912993815709477 ], [ 6.706870567768033, 50.912975844857407 ], [ 6.706884780958426, 50.912976124139824 ], [ 6.706885664495778, 50.912958153287512 ], [ 6.706899877680935, 50.912958432568018 ], [ 6.706900319446538, 50.912949447141756 ], [ 6.706914532629188, 50.91294972642045 ], [ 6.706915857916444, 50.912922770141272 ], [ 6.706901644741991, 50.912922490862861 ], [ 6.706900761211915, 50.912940461715472 ], [ 6.706886548032224, 50.912940182435143 ], [ 6.706886106264114, 50.912949167861335 ], [ 6.706871893081917, 50.912948888579201 ], [ 6.706871451310849, 50.912957874005279 ], [ 6.706857238126146, 50.912957594721327 ], [ 6.70685679635212, 50.912966580147305 ], [ 6.70684258316491, 50.91296630086152 ], [ 6.706842141387924, 50.912975286287399 ], [ 6.706827928198209, 50.912975006999801 ], [ 6.706828811757419, 50.9129570361482 ], [ 6.70684302494167, 50.912957315435627 ], [ 6.706843466718203, 50.912948330009719 ], [ 6.706815040355393, 50.912947771433316 ], [ 6.706815482137164, 50.912938786007572 ], [ 6.706801268958832, 50.91293850671687 ], [ 6.706800385389599, 50.91295647756818 ], [ 6.706786172206027, 50.912956198275566 ], [ 6.706785730418339, 50.912965183701104 ], [ 6.706771517232261, 50.912964904406678 ], [ 6.70677063365074, 50.912982875257526 ], [ 6.706756420459425, 50.912982595961196 ], [ 6.706755978665592, 50.912991581386514 ], [ 6.706770191859641, 50.912991860682936 ], [ 6.706769750068314, 50.913000846108318 ], [ 6.70678396326532, 50.913001125403085 ], [ 6.706783521476499, 50.913010110828537 ], [ 6.706811947876655, 50.913010669413097 ], [ 6.706811506093074, 50.913019654838706 ], [ 6.706839932499601, 50.913020213416523 ] ], [ [ 6.706827486418265, 50.912983992425573 ], [ 6.70679906003405, 50.912983433845007 ], [ 6.706799501819459, 50.912974448419405 ], [ 6.706827928198209, 50.912975006999801 ], [ 6.706827486418265, 50.912983992425573 ] ] ] ] } },
{ "type": "Feature", "properties": { "gml_id": "DENW41AL30005bIRFL", "identifier": "urn:adv:oid:DENW41AL30005bIRFL", "aktualit_2": "2024-08-20Z", "idflurst": "DENW41AL30005bIR", "flaeche": 512.0, "flstkennz_": "054682021000080002__", "flstnrzae": "8", "flstnrnen": "2", "gemarkung": "Horrem", "gemaschl": "054682", "flur": "21", "flurschl": "054682021", "land": "Nordrhein-Westfalen", "landschl": "05", "regbezirk": "Köln", "regbezschl": "053", "kreis": "Rhein-Erft-Kreis", "kreisschl": "05362", "gemeinde": "Kerpen", "gmdschl": "05362032", "abwrecht": "Kein abweichender Rechtszustand", "lagebeztxt": "Am Kalkofen 13", "tntxt": "Wohnbaufläche;512", "area": 511, "DN": null, "rg area": 148.0, "bldg sum": null, "open area": null, "10%drain A": null, "5%drain A+": null, "10% check": null, "T OPEN A": 234.5, "T DRAIN A": 276.5, "5% drain": 13.8, "area ok": 1, "5% ok": 1, "layer": "RG final", "path": "C:/Users/kanis/Desktop/Thesis/Data/Analysis/Horrem/RG/RG final.shp", "area final": 148.0 }, "geometry": { "type": "MultiPolygon", "coordinates": [ [ [ [ 6.707111828265573, 50.91327739077952 ], [ 6.707113595183452, 50.913241449070995 ], [ 6.707127808457161, 50.91324172832487 ], [ 6.707126925004138, 50.913259699179335 ], [ 6.707183778123088, 50.91326081617823 ], [ 6.707184219838784, 50.913251830750632 ], [ 6.707198433116356, 50.913252109995952 ], [ 6.707198874829091, 50.913243124568268 ], [ 6.707213088104157, 50.913243403811762 ], [ 6.707213971523487, 50.91322543295616 ], [ 6.707228184793314, 50.913225712197743 ], [ 6.707229068206272, 50.9132077413419 ], [ 6.707271708000717, 50.913208579055748 ], [ 6.707271266302548, 50.913217564483944 ], [ 6.707313906107228, 50.913218402182501 ], [ 6.707313464417028, 50.913227387610959 ], [ 6.707341890960079, 50.91322794606819 ], [ 6.707342332644812, 50.913218960639554 ], [ 6.707356545913943, 50.913219239865498 ], [ 6.707357429277266, 50.913201269008013 ], [ 6.707329002750159, 50.913200710554769 ], [ 6.707329444436946, 50.91319172512619 ], [ 6.707301017916207, 50.913191166666202 ], [ 6.707301459608233, 50.913182181237772 ], [ 6.707287246350936, 50.913181902005277 ], [ 6.707286804656179, 50.913190887433615 ], [ 6.7072583781368, 50.91319032896326 ], [ 6.707257936436351, 50.913199314391406 ], [ 6.707243723174267, 50.913199035153539 ], [ 6.707246815091781, 50.913136137156812 ], [ 6.707261028334738, 50.913136416394046 ], [ 6.70726191173224, 50.913118445537506 ], [ 6.707233485257483, 50.913117887061659 ], [ 6.707233926961359, 50.913108901633549 ], [ 6.707205500492972, 50.913108343150945 ], [ 6.707205942202087, 50.913099357722999 ], [ 6.707191728970964, 50.913099078479206 ], [ 6.707190845547046, 50.913117049334915 ], [ 6.707176632310686, 50.913116770089211 ], [ 6.707176190595654, 50.913125755516958 ], [ 6.707161977356788, 50.913125476269428 ], [ 6.707161093920581, 50.913143447124682 ], [ 6.707146880676477, 50.913143167875262 ], [ 6.7071459972339, 50.913161138730267 ], [ 6.707131783984558, 50.913160859478928 ], [ 6.707130900535609, 50.913178830333706 ], [ 6.707116687281029, 50.913178551080449 ], [ 6.707115803825711, 50.913196521934985 ], [ 6.707101590565892, 50.913196242679817 ], [ 6.707101148835161, 50.913205228106975 ], [ 6.707086935572836, 50.913204948850002 ], [ 6.707086052105229, 50.913222919704076 ], [ 6.707071838837667, 50.913222640445191 ], [ 6.70707095536369, 50.913240611299017 ], [ 6.707056742090889, 50.913240332038228 ], [ 6.707055858610543, 50.913258302891812 ], [ 6.707070071888809, 50.913258582152778 ], [ 6.707069630151029, 50.913267567579624 ], [ 6.707098056713705, 50.913268126096547 ], [ 6.707097614981162, 50.91327711152357 ], [ 6.707111828265573, 50.91327739077952 ] ], [ [ 6.707128250183333, 50.913232742897598 ], [ 6.707142463454534, 50.913233022149647 ], [ 6.707142021731094, 50.913242007576997 ], [ 6.707127808457161, 50.91324172832487 ], [ 6.707128250183333, 50.913232742897598 ] ], [ [ 6.707190403834746, 50.913126034762747 ], [ 6.707189962122221, 50.913135020190552 ], [ 6.707175748880396, 50.913134740944678 ], [ 6.707176190595654, 50.913125755516958 ], [ 6.707190403834746, 50.913126034762747 ] ], [ [ 6.707218388606548, 50.913135578677149 ], [ 6.707217505191747, 50.913153549533078 ], [ 6.707189078696489, 50.913152991046147 ], [ 6.707189962122221, 50.913135020190552 ], [ 6.707218388606548, 50.913135578677149 ] ], [ [ 6.7071739820171, 50.913170682655419 ], [ 6.707230835029472, 50.91317179963 ], [ 6.707230393324012, 50.913180785057996 ], [ 6.707201966811907, 50.913180226573985 ], [ 6.707201083389378, 50.91319819742958 ], [ 6.707186870128202, 50.913197918184792 ], [ 6.7071859866993, 50.913215889040153 ], [ 6.707171773432886, 50.913215609793461 ], [ 6.7071739820171, 50.913170682655419 ] ] ] ] } },
{ "type": "Feature", "properties": { "gml_id": "DENW41AL30005c5OFL", "identifier": "urn:adv:oid:DENW41AL30005c5OFL", "aktualit_2": "2024-08-20Z", "idflurst": "DENW41AL30005c5O", "flaeche": 247.0, "flstkennz_": "054682021000950007__", "flstnrzae": "95", "flstnrnen": "7", "gemarkung": "Horrem", "gemaschl": "054682", "flur": "21", "flurschl": "054682021", "land": "Nordrhein-Westfalen", "landschl": "05", "regbezirk": "Köln", "regbezschl": "053", "kreis": "Rhein-Erft-Kreis", "kreisschl": "05362", "gemeinde": "Kerpen", "gmdschl": "05362032", "abwrecht": "Kein abweichender Rechtszustand", "lagebeztxt": "Wiesenstraße 22", "tntxt": "Wohnbaufläche;247", "area": 247, "DN": null, "rg area": 24.0, "bldg sum": null, "open area": null, "10%drain A": null, "5%drain A+": null, "10% check": null, "T OPEN A": 70.9, "T DRAIN A": 176.1, "5% drain": 8.8, "area ok": 1, "5% ok": 1, "layer": "RG final", "path": "C:/Users/kanis/Desktop/Thesis/Data/Analysis/Horrem/RG/RG final.shp", "area final": 24.0 }, "geometry": { "type": "MultiPolygon", "coordinates": [ [ [ [ 6.706602284485946, 50.912934596465504 ], [ 6.706602726308475, 50.912925611041068 ], [ 6.706616939480905, 50.912925890355901 ], [ 6.70661870675783, 50.912889948657657 ], [ 6.706576067274004, 50.912889110709081 ], [ 6.706576509100867, 50.912880125284744 ], [ 6.706548082784914, 50.912879566643888 ], [ 6.706547640952587, 50.912888552068047 ], [ 6.706533427792217, 50.912888272744944 ], [ 6.706532102285682, 50.912915229017045 ], [ 6.706560528623042, 50.912915787662072 ], [ 6.706560086792542, 50.912924773086246 ], [ 6.70658851313627, 50.91292533172453 ], [ 6.70658807131101, 50.912934317148867 ], [ 6.706602284485946, 50.912934596465504 ] ], [ [ 6.706575625446917, 50.912898096133397 ], [ 6.706589838610697, 50.912898375451398 ], [ 6.706589396786115, 50.912907360875792 ], [ 6.706575183619601, 50.912907081557698 ], [ 6.706575625446917, 50.912898096133397 ] ] ] ] } },
{ "type": "Feature", "properties": { "gml_id": "DENW41AL30005ZfgFL", "identifier": "urn:adv:oid:DENW41AL30005ZfgFL", "aktualit_2": "2024-08-20Z", "idflurst": "DENW41AL30005Zfg", "flaeche": 271.0, "flstkennz_": "054682021000880007__", "flstnrzae": "88", "flstnrnen": "7", "gemarkung": "Horrem", "gemaschl": "054682", "flur": "21", "flurschl": "054682021", "land": "Nordrhein-Westfalen", "landschl": "05", "regbezirk": "Köln", "regbezschl": "053", "kreis": "Rhein-Erft-Kreis", "kreisschl": "05362", "gemeinde": "Kerpen", "gmdschl": "05362032", "abwrecht": "Kein abweichender Rechtszustand", "lagebeztxt": "Am Kalkofen 23", "tntxt": "Wohnbaufläche;271", "area": 271, "DN": null, "rg area": 31.0, "bldg sum": null, "open area": null, "10%drain A": null, "5%drain A+": null, "10% check": null, "T OPEN A": 79.0, "T DRAIN A": 192.0, "5% drain": 9.6, "area ok": 1, "5% ok": 1, "layer": "RG final", "path": "C:/Users/kanis/Desktop/Thesis/Data/Analysis/Horrem/RG/RG final.shp", "area final": 31.0 }, "geometry": { "type": "MultiPolygon", "coordinates": [ [ [ [ 6.706511703354981, 50.913040745625224 ], [ 6.706512587038036, 50.913022774777822 ], [ 6.706526800239163, 50.913023054103988 ], [ 6.706527683915848, 50.91300508325633 ], [ 6.706541897111737, 50.913005362580599 ], [ 6.70654278078205, 50.912987391732699 ], [ 6.706556993972701, 50.912987671055056 ], [ 6.706557877636645, 50.912969700206901 ], [ 6.706572090822058, 50.912969979527354 ], [ 6.706572974479632, 50.912952008678957 ], [ 6.706544548119961, 50.912951450036687 ], [ 6.706544989953873, 50.912942464612648 ], [ 6.706516563600573, 50.912941905963635 ], [ 6.706517005439722, 50.912932920539753 ], [ 6.706488579092794, 50.912932361884003 ], [ 6.70648725355827, 50.91295931815506 ], [ 6.706515679921594, 50.91295987681135 ], [ 6.706513028879224, 50.913013789354082 ], [ 6.706498815681055, 50.913013510026268 ], [ 6.706497490148616, 50.913040466297154 ], [ 6.706511703354981, 50.913040745625224 ] ] ] ] } },
{ "type": "Feature", "properties": { "gml_id": "DENW41AL30005dvSFL", "identifier": "urn:adv:oid:DENW41AL30005dvSFL", "aktualit_2": "2024-08-20Z", "idflurst": "DENW41AL30005dvS", "flaeche": 306.0, "flstkennz_": "05468202000365______", "flstnrzae": "365", "flstnrnen": null, "gemarkung": "Horrem", "gemaschl": "054682", "flur": "20", "flurschl": "054682020", "land": "Nordrhein-Westfalen", "landschl": "05", "regbezirk": "Köln", "regbezschl": "053", "kreis": "Rhein-Erft-Kreis", "kreisschl": "05362", "gemeinde": "Kerpen", "gmdschl": "05362032", "abwrecht": "Kein abweichender Rechtszustand", "lagebeztxt": "Am grünen Weg 29", "tntxt": "Wohnbaufläche;306", "area": 306, "DN": null, "rg area": 22.0, "bldg sum": null, "open area": null, "10%drain A": null, "5%drain A+": null, "10% check": null, "T OPEN A": 89.3, "T DRAIN A": 216.7, "5% drain": 10.8, "area ok": 1, "5% ok": 1, "layer": "RG final", "path": "C:/Users/kanis/Desktop/Thesis/Data/Analysis/Horrem/RG/RG final.shp", "area final": 22.0 }, "geometry": { "type": "MultiPolygon", "coordinates": [ [ [ [ 6.707728002561575, 50.910582269232108 ], [ 6.70773065197092, 50.910528356620986 ], [ 6.707744864424479, 50.910528635789127 ], [ 6.707745747553652, 50.910510664918455 ], [ 6.707703110210045, 50.910509827409356 ], [ 6.707701785491357, 50.910536783714555 ], [ 6.707687573035747, 50.910536504541128 ], [ 6.707685806730066, 50.91057244628081 ], [ 6.707700019196607, 50.910572725454593 ], [ 6.707699577622352, 50.910581710889574 ], [ 6.707728002561575, 50.910582269232108 ] ] ] ] } },
{ "type": "Feature", "properties": { "gml_id": "DENW41AL30005eZPFL", "identifier": "urn:adv:oid:DENW41AL30005eZPFL", "aktualit_2": "2024-08-20Z", "idflurst": "DENW41AL30005eZP", "flaeche": 177.0, "flstkennz_": "05468202000364______", "flstnrzae": "364", "flstnrnen": null, "gemarkung": "Horrem", "gemaschl": "054682", "flur": "20", "flurschl": "054682020", "land": "Nordrhein-Westfalen", "landschl": "05", "regbezirk": "Köln", "regbezschl": "053", "kreis": "Rhein-Erft-Kreis", "kreisschl": "05362", "gemeinde": "Kerpen", "gmdschl": "05362032", "abwrecht": "Kein abweichender Rechtszustand", "lagebeztxt": "Am grünen Weg 27", "tntxt": "Wohnbaufläche;177", "area": 177, "DN": null, "rg area": 12.0, "bldg sum": null, "open area": null, "10%drain A": null, "5%drain A+": null, "10% check": null, "T OPEN A": 49.2, "T DRAIN A": 127.8, "5% drain": 6.4, "area ok": 1, "5% ok": 1, "layer": "RG final", "path": "C:/Users/kanis/Desktop/Thesis/Data/Analysis/Horrem/RG/RG final.shp", "area final": 12.0 }, "geometry": { "type": "MultiPolygon", "coordinates": [ [ [ [ 6.707725353144085, 50.910636181842641 ], [ 6.707726677853848, 50.910609225537449 ], [ 6.707669827943525, 50.910608108844379 ], [ 6.707668503200978, 50.910635065148483 ], [ 6.707725353144085, 50.910636181842641 ] ] ] ] } },
{ "type": "Feature", "properties": { "gml_id": "DENW41AL30005fewFL", "identifier": "urn:adv:oid:DENW41AL30005fewFL", "aktualit_2": "2024-08-20Z", "idflurst": "DENW41AL30005few", "flaeche": 323.0, "flstkennz_": "05468202000387______", "flstnrzae": "387", "flstnrnen": null, "gemarkung": "Horrem", "gemaschl": "054682", "flur": "20", "flurschl": "054682020", "land": "Nordrhein-Westfalen", "landschl": "05", "regbezirk": "Köln", "regbezschl": "053", "kreis": "Rhein-Erft-Kreis", "kreisschl": "05362", "gemeinde": "Kerpen", "gmdschl": "05362032", "abwrecht": "Kein abweichender Rechtszustand", "lagebeztxt": "Sistenichstraße 48 a", "tntxt": "Wohnbaufläche;323", "area": 323, "DN": null, "rg area": 46.0, "bldg sum": null, "open area": null, "10%drain A": null, "5%drain A+": null, "10% check": null, "T OPEN A": 108.6, "T DRAIN A": 214.4, "5% drain": 10.7, "area ok": 1, "5% ok": 1, "layer": "RG final", "path": "C:/Users/kanis/Desktop/Thesis/Data/Analysis/Horrem/RG/RG final.shp", "area final": 46.0 }, "geometry": { "type": "MultiPolygon", "coordinates": [ [ [ [ 6.709160906469408, 50.910952182399591 ], [ 6.709161347768131, 50.910943196956019 ], [ 6.709118709987163, 50.910942359958781 ], [ 6.709120916518366, 50.910897432741997 ], [ 6.709106703938821, 50.910897153739903 ], [ 6.709107586555184, 50.910879182853243 ], [ 6.709064948834301, 50.910878345837126 ], [ 6.709064507518037, 50.9108873312802 ], [ 6.70905029494213, 50.910887052271278 ], [ 6.709050736261127, 50.910878066828303 ], [ 6.709036523688177, 50.910877787817739 ], [ 6.709033434431331, 50.910940685917637 ], [ 6.709061859615703, 50.910941243938268 ], [ 6.709061418297856, 50.910950229381221 ], [ 6.709160906469408, 50.910952182399591 ] ] ] ] } },
{ "type": "Feature", "properties": { "gml_id": "DENW41AL30005W5xFL", "identifier": "urn:adv:oid:DENW41AL30005W5xFL", "aktualit_2": "2024-08-20Z", "idflurst": "DENW41AL30005W5x", "flaeche": 413.0, "flstkennz_": "05468202000255______", "flstnrzae": "255", "flstnrnen": null, "gemarkung": "Horrem", "gemaschl": "054682", "flur": "20", "flurschl": "054682020", "land": "Nordrhein-Westfalen", "landschl": "05", "regbezirk": "Köln", "regbezschl": "053", "kreis": "Rhein-Erft-Kreis", "kreisschl": "05362", "gemeinde": "Kerpen", "gmdschl": "05362032", "abwrecht": "Kein abweichender Rechtszustand", "lagebeztxt": "Herderstraße 17", "tntxt": "Wohnbaufläche;413", "area": 414, "DN": null, "rg area": 159.0, "bldg sum": null, "open area": null, "10%drain A": null, "5%drain A+": null, "10% check": null, "T OPEN A": 239.0, "T DRAIN A": 175.0, "5% drain": 8.8, "area ok": 1, "5% ok": 1, "layer": "RG final", "path": "C:/Users/kanis/Desktop/Thesis/Data/Analysis/Horrem/RG/RG final.shp", "area final": 159.0 }, "geometry": { "type": "MultiPolygon", "coordinates": [ [ [ [ 6.708837636716416, 50.911161694650488 ], [ 6.708838519444702, 50.911143723768042 ], [ 6.708852732096672, 50.911144002803724 ], [ 6.708855380259708, 50.911090090155426 ], [ 6.708755891815416, 50.911088136872955 ], [ 6.708756333194255, 50.911079151432126 ], [ 6.708571569005493, 50.91107552368392 ], [ 6.708571127591137, 50.911084509123583 ], [ 6.708585340222416, 50.911084788191616 ], [ 6.708584898810567, 50.91109377363135 ], [ 6.708570686176555, 50.911093494563239 ], [ 6.708568479100254, 50.911138421761244 ], [ 6.708596904395825, 50.911138979896606 ], [ 6.708596462985351, 50.91114796533634 ], [ 6.708695951546097, 50.911149918756294 ], [ 6.708695510154519, 50.911158904196618 ], [ 6.708837636716416, 50.911161694650488 ] ] ] ] } },
{ "type": "Feature", "properties": { "gml_id": "DENW41AL30005XH4FL", "identifier": "urn:adv:oid:DENW41AL30005XH4FL", "aktualit_2": "2024-08-20Z", "idflurst": "DENW41AL30005XH4", "flaeche": 452.0, "flstkennz_": "054682020001420013__", "flstnrzae": "142", "flstnrnen": "13", "gemarkung": "Horrem", "gemaschl": "054682", "flur": "20", "flurschl": "054682020", "land": "Nordrhein-Westfalen", "landschl": "05", "regbezirk": "Köln", "regbezschl": "053", "kreis": "Rhein-Erft-Kreis", "kreisschl": "05362", "gemeinde": "Kerpen", "gmdschl": "05362032", "abwrecht": "Kein abweichender Rechtszustand", "lagebeztxt": "Herderstraße 19", "tntxt": "Wohnbaufläche;452", "area": 453, "DN": null, "rg area": 156.0, "bldg sum": null, "open area": null, "10%drain A": null, "5%drain A+": null, "10% check": null, "T OPEN A": 237.0, "T DRAIN A": 216.0, "5% drain": 10.8, "area ok": 1, "5% ok": 1, "layer": "RG final", "path": "C:/Users/kanis/Desktop/Thesis/Data/Analysis/Horrem/RG/RG final.shp", "area final": 156.0 }, "geometry": { "type": "MultiPolygon", "coordinates": [ [ [ [ 6.708856704338174, 50.911063133831043 ], [ 6.70885714569721, 50.911054148389553 ], [ 6.708842933072561, 50.911053869354745 ], [ 6.708843374434102, 50.91104488391332 ], [ 6.708871799678163, 50.911045441981031 ], [ 6.70887268238964, 50.911027471097782 ], [ 6.708886895006545, 50.911027750128873 ], [ 6.708889543119156, 50.910973837478195 ], [ 6.708662141538084, 50.910969372781864 ], [ 6.708661700142836, 50.910978358222252 ], [ 6.708633274943809, 50.910977800103922 ], [ 6.70863283354287, 50.910986785544125 ], [ 6.708618620940964, 50.910986506482274 ], [ 6.708617738132943, 50.911004477362454 ], [ 6.7086035255258, 50.911004198298698 ], [ 6.708603084118718, 50.911013183738675 ], [ 6.708631509338697, 50.911013741864636 ], [ 6.708629743729964, 50.911049683625095 ], [ 6.708757657329415, 50.911052195109562 ], [ 6.708757215951255, 50.91106118055044 ], [ 6.708856704338174, 50.911063133831043 ] ], [ [ 6.708688359781366, 50.911014858095832 ], [ 6.708730997615744, 50.911015695251066 ], [ 6.708730556233024, 50.911024680691824 ], [ 6.708744768847668, 50.911024959740203 ], [ 6.708744327467454, 50.911033945181039 ], [ 6.708730114850079, 50.911033666132568 ], [ 6.708729673466907, 50.911042651573297 ], [ 6.708687035607941, 50.911041814417267 ], [ 6.708688359781366, 50.911014858095832 ] ] ] ] } },
{ "type": "Feature", "properties": { "gml_id": "DENW41AL30005YJoFL", "identifier": "urn:adv:oid:DENW41AL30005YJoFL", "aktualit_2": "2024-08-20Z", "idflurst": "DENW41AL30005YJo", "flaeche": 419.0, "flstkennz_": "054682020001410013__", "flstnrzae": "141", "flstnrnen": "13", "gemarkung": "Horrem", "gemaschl": "054682", "flur": "20", "flurschl": "054682020", "land": "Nordrhein-Westfalen", "landschl": "05", "regbezirk": "Köln", "regbezschl": "053", "kreis": "Rhein-Erft-Kreis", "kreisschl": "05362", "gemeinde": "Kerpen", "gmdschl": "05362032", "abwrecht": "Kein abweichender Rechtszustand", "lagebeztxt": "Sistenichstraße 48", "tntxt": "Wohnbaufläche;419", "area": 420, "DN": null, "rg area": 128.0, "bldg sum": null, "open area": null, "10%drain A": null, "5%drain A+": null, "10% check": null, "T OPEN A": 270.6, "T DRAIN A": 149.4, "5% drain": 7.5, "area ok": 1, "5% ok": 1, "layer": "RG final", "path": "C:/Users/kanis/Desktop/Thesis/Data/Analysis/Horrem/RG/RG final.shp", "area final": 128.0 }, "geometry": { "type": "MultiPolygon", "coordinates": [ [ [ [ 6.709212461386946, 50.911061123697934 ], [ 6.709213343967738, 50.911043152810457 ], [ 6.709184918718286, 50.911042594825908 ], [ 6.709186683899012, 50.911006653051444 ], [ 6.709200896512696, 50.911006932044238 ], [ 6.70920133780458, 50.910997946600503 ], [ 6.70921555041576, 50.910998225591463 ], [ 6.709215991704685, 50.910989240147615 ], [ 6.709187566488017, 50.910988682164131 ], [ 6.70918800778218, 50.910979696720453 ], [ 6.708932180922052, 50.910974674559483 ], [ 6.708929532858619, 50.911028587211753 ], [ 6.70902902118804, 50.911030540344647 ], [ 6.709028579862467, 50.911039525787267 ], [ 6.709156493469738, 50.911042036834445 ], [ 6.709156052168527, 50.911051022277839 ], [ 6.709184477422539, 50.911051580269479 ], [ 6.709184036126567, 50.911060565713022 ], [ 6.709212461386946, 50.911061123697934 ] ] ] ] } },
{ "type": "Feature", "properties": { "gml_id": "DENW41AL30005YwVFL", "identifier": "urn:adv:oid:DENW41AL30005YwVFL", "aktualit_2": "2024-08-20Z", "idflurst": "DENW41AL30005YwV", "flaeche": 192.0, "flstkennz_": "05468202000407______", "flstnrzae": "407", "flstnrnen": null, "gemarkung": "Horrem", "gemaschl": "054682", "flur": "20", "flurschl": "054682020", "land": "Nordrhein-Westfalen", "landschl": "05", "regbezirk": "Köln", "regbezschl": "053", "kreis": "Rhein-Erft-Kreis", "kreisschl": "05362", "gemeinde": "Kerpen", "gmdschl": "05362032", "abwrecht": "Kein abweichender Rechtszustand", "lagebeztxt": "Am grünen Weg 17", "tntxt": "Wohnbaufläche;192", "area": 192, "DN": null, "rg area": 40.0, "bldg sum": null, "open area": null, "10%drain A": null, "5%drain A+": null, "10% check": null, "T OPEN A": 97.2, "T DRAIN A": 94.8, "5% drain": 4.7, "area ok": 1, "5% ok": 1, "layer": "RG final", "path": "C:/Users/kanis/Desktop/Thesis/Data/Analysis/Horrem/RG/RG final.shp", "area final": 40.0 }, "geometry": { "type": "MultiPolygon", "coordinates": [ [ [ [ 6.707683239215886, 50.910914171971662 ], [ 6.707683680798513, 50.910905186537299 ], [ 6.707697893366362, 50.910905465712638 ], [ 6.707698776525472, 50.910887494843713 ], [ 6.707585076032724, 50.910885261394021 ], [ 6.707585517633796, 50.910876275960256 ], [ 6.707528667403782, 50.910875159194269 ], [ 6.707528225791783, 50.91088414462768 ], [ 6.707514013232113, 50.910883865431778 ], [ 6.707513130001971, 50.910901836298393 ], [ 6.707541555132464, 50.910902394688833 ], [ 6.707541113522518, 50.9109113801223 ], [ 6.707683239215886, 50.910914171971662 ] ] ] ] } },
{ "type": "Feature", "properties": { "gml_id": "DENW41AL30005aL7FL", "identifier": "urn:adv:oid:DENW41AL30005aL7FL", "aktualit_2": "2024-08-20Z", "idflurst": "DENW41AL30005aL7", "flaeche": 178.0, "flstkennz_": "05468202000362______", "flstnrzae": "362", "flstnrnen": null, "gemarkung": "Horrem", "gemaschl": "054682", "flur": "20", "flurschl": "054682020", "land": "Nordrhein-Westfalen", "landschl": "05", "regbezirk": "Köln", "regbezschl": "053", "kreis": "Rhein-Erft-Kreis", "kreisschl": "05362", "gemeinde": "Kerpen", "gmdschl": "05362032", "abwrecht": "Kein abweichender Rechtszustand", "lagebeztxt": "Am grünen Weg 23", "tntxt": "Wohnbaufläche;178", "area": 178, "DN": null, "rg area": 25.0, "bldg sum": null, "open area": null, "10%drain A": null, "5%drain A+": null, "10% check": null, "T OPEN A": 50.3, "T DRAIN A": 127.7, "5% drain": 6.4, "area ok": 1, "5% ok": 1, "layer": "RG final", "path": "C:/Users/kanis/Desktop/Thesis/Data/Analysis/Horrem/RG/RG final.shp", "area final": 25.0 }, "geometry": { "type": "MultiPolygon", "coordinates": [ [ [ [ 6.707691187668539, 50.910752434150794 ], [ 6.707691629247091, 50.910743448716147 ], [ 6.707705841765764, 50.910743727889887 ], [ 6.707707166491871, 50.910716771585555 ], [ 6.707579253905719, 50.910714258962066 ], [ 6.707578812305989, 50.910723244396074 ], [ 6.707607237329015, 50.91072380276912 ], [ 6.707606354139803, 50.910741773637405 ], [ 6.707663204210424, 50.91074289036348 ], [ 6.707662762626406, 50.910751875797942 ], [ 6.707691187668539, 50.910752434150794 ] ] ] ] } },
{ "type": "Feature", "properties": { "gml_id": "DENW41AL30005bFsFL", "identifier": "urn:adv:oid:DENW41AL30005bFsFL", "aktualit_2": "2024-08-20Z", "idflurst": "DENW41AL30005bFs", "flaeche": 179.0, "flstkennz_": "05468202000361______", "flstnrzae": "361", "flstnrnen": null, "gemarkung": "Horrem", "gemaschl": "054682", "flur": "20", "flurschl": "054682020", "land": "Nordrhein-Westfalen", "landschl": "05", "regbezirk": "Köln", "regbezschl": "053", "kreis": "Rhein-Erft-Kreis", "kreisschl": "05362", "gemeinde": "Kerpen", "gmdschl": "05362032", "abwrecht": "Kein abweichender Rechtszustand", "lagebeztxt": "Am grünen Weg 21", "tntxt": "Wohnbaufläche;179", "area": 179, "DN": null, "rg area": 25.0, "bldg sum": null, "open area": null, "10%drain A": null, "5%drain A+": null, "10% check": null, "T OPEN A": 61.2, "T DRAIN A": 117.8, "5% drain": 5.9, "area ok": 1, "5% ok": 1, "layer": "RG final", "path": "C:/Users/kanis/Desktop/Thesis/Data/Analysis/Horrem/RG/RG final.shp", "area final": 25.0 }, "geometry": { "type": "MultiPolygon", "coordinates": [ [ [ [ 6.707688538192468, 50.910806346758349 ], [ 6.707689862931522, 50.910779390454643 ], [ 6.707661437872997, 50.910778832101272 ], [ 6.707661879457693, 50.910769846666852 ], [ 6.707590816829003, 50.910768450753601 ], [ 6.707590375230647, 50.91077743618758 ], [ 6.707576162702856, 50.910777156999657 ], [ 6.707575279500002, 50.910795127867381 ], [ 6.707632129634379, 50.910796244609422 ], [ 6.707631688043541, 50.910805230043607 ], [ 6.707688538192468, 50.910806346758349 ] ] ] ] } },
{ "type": "Feature", "properties": { "gml_id": "DENW41AL30005e2YFL", "identifier": "urn:adv:oid:DENW41AL30005e2YFL", "aktualit_2": "2024-08-20Z", "idflurst": "DENW41AL30005e2Y", "flaeche": 178.0, "flstkennz_": "05468202000363______", "flstnrzae": "363", "flstnrnen": null, "gemarkung": "Horrem", "gemaschl": "054682", "flur": "20", "flurschl": "054682020", "land": "Nordrhein-Westfalen", "landschl": "05", "regbezirk": "Köln", "regbezschl": "053", "kreis": "Rhein-Erft-Kreis", "kreisschl": "05362", "gemeinde": "Kerpen", "gmdschl": "05362032", "abwrecht": "Kein abweichender Rechtszustand", "lagebeztxt": "Am grünen Weg 25", "tntxt": "Wohnbaufläche;178", "area": 178, "DN": null, "rg area": 25.0, "bldg sum": null, "open area": null, "10%drain A": null, "5%drain A+": null, "10% check": null, "T OPEN A": 72.5, "T DRAIN A": 105.5, "5% drain": 5.3, "area ok": 1, "5% ok": 1, "layer": "RG final", "path": "C:/Users/kanis/Desktop/Thesis/Data/Analysis/Horrem/RG/RG final.shp", "area final": 25.0 }, "geometry": { "type": "MultiPolygon", "coordinates": [ [ [ [ 6.707708491215941, 50.910689815281074 ], [ 6.707709815937974, 50.910662858976458 ], [ 6.707596115991623, 50.910660625544551 ], [ 6.707595232800116, 50.910678596412886 ], [ 6.707581020302377, 50.910678317225944 ], [ 6.707580578703552, 50.910687302659994 ], [ 6.707708491215941, 50.910689815281074 ] ] ] ] } },
{ "type": "Feature", "properties": { "gml_id": "DENW41AL30005hIaFL", "identifier": "urn:adv:oid:DENW41AL30005hIaFL", "aktualit_2": "2024-08-20Z", "idflurst": "DENW41AL30005hIa", "flaeche": 425.0, "flstkennz_": "05468202000432______", "flstnrzae": "432", "flstnrnen": null, "gemarkung": "Horrem", "gemaschl": "054682", "flur": "20", "flurschl": "054682020", "land": "Nordrhein-Westfalen", "landschl": "05", "regbezirk": "Köln", "regbezschl": "053", "kreis": "Rhein-Erft-Kreis", "kreisschl": "05362", "gemeinde": "Kerpen", "gmdschl": "05362032", "abwrecht": "Kein abweichender Rechtszustand", "lagebeztxt": "Sistenichstraße 52", "tntxt": "Wohnbaufläche;425", "area": 426, "DN": null, "rg area": 65.0, "bldg sum": null, "open area": null, "10%drain A": null, "5%drain A+": null, "10% check": null, "T OPEN A": 166.8, "T DRAIN A": 259.2, "5% drain": 13.0, "area ok": 1, "5% ok": 1, "layer": "RG final", "path": "C:/Users/kanis/Desktop/Thesis/Data/Analysis/Horrem/RG/RG final.shp", "area final": 65.0 }, "geometry": { "type": "MultiPolygon", "coordinates": [ [ [ [ 6.709169641248585, 50.910484660318751 ], [ 6.709170082538281, 50.910475674874391 ], [ 6.709198507442145, 50.91047623285813 ], [ 6.709198948726151, 50.910467247413578 ], [ 6.709213161175691, 50.910467526402762 ], [ 6.709213602456738, 50.910458540958103 ], [ 6.709227814903772, 50.910458819945454 ], [ 6.709228256181861, 50.91044983450071 ], [ 6.709242468626389, 50.910450113486263 ], [ 6.709243351176425, 50.910432142596513 ], [ 6.709229138737361, 50.910431863611137 ], [ 6.709229580014772, 50.910422878166337 ], [ 6.709087455663889, 50.910420088218423 ], [ 6.709086573054203, 50.910438059106248 ], [ 6.709100785493737, 50.910438338109003 ], [ 6.709101226795961, 50.910429352665012 ], [ 6.709115439232991, 50.910429631665941 ], [ 6.709114115333835, 50.910456587998127 ], [ 6.709085690443612, 50.910456029994009 ], [ 6.709085249137977, 50.910465015437865 ], [ 6.709056824243195, 50.910464457426656 ], [ 6.70905638293187, 50.910473442870313 ], [ 6.709042170482086, 50.910473163862022 ], [ 6.709041729167804, 50.910482149305587 ], [ 6.709169641248585, 50.910484660318751 ] ] ] ] } },
{ "type": "Feature", "properties": { "gml_id": "DENW41AL30005Ug3FL", "identifier": "urn:adv:oid:DENW41AL30005Ug3FL", "aktualit_2": "2024-08-20Z", "idflurst": "DENW41AL30005Ug3", "flaeche": 180.0, "flstkennz_": "05468202000360______", "flstnrzae": "360", "flstnrnen": null, "gemarkung": "Horrem", "gemaschl": "054682", "flur": "20", "flurschl": "054682020", "land": "Nordrhein-Westfalen", "landschl": "05", "regbezirk": "Köln", "regbezschl": "053", "kreis": "Rhein-Erft-Kreis", "kreisschl": "05362", "gemeinde": "Kerpen", "gmdschl": "05362032", "abwrecht": "Kein abweichender Rechtszustand", "lagebeztxt": "Am grünen Weg 19", "tntxt": "Wohnbaufläche;180", "area": 180, "DN": null, "rg area": 32.0, "bldg sum": null, "open area": null, "10%drain A": null, "5%drain A+": null, "10% check": null, "T OPEN A": 71.9, "T DRAIN A": 108.1, "5% drain": 5.4, "area ok": 1, "5% ok": 1, "layer": "RG final", "path": "C:/Users/kanis/Desktop/Thesis/Data/Analysis/Horrem/RG/RG final.shp", "area final": 32.0 }, "geometry": { "type": "MultiPolygon", "coordinates": [ [ [ [ 6.707671676154287, 50.910859980188683 ], [ 6.707672117738287, 50.910850994754327 ], [ 6.707686330289518, 50.910851273930852 ], [ 6.707687213451377, 50.910833303061899 ], [ 6.707630363269667, 50.910832186346106 ], [ 6.707630804861184, 50.910823200911963 ], [ 6.707531317071028, 50.910821246593379 ], [ 6.707530875460386, 50.910830232026896 ], [ 6.707545088003889, 50.910830511220546 ], [ 6.707544646395753, 50.910839496654141 ], [ 6.707558858942215, 50.910839775846149 ], [ 6.707558417336585, 50.910848761279802 ], [ 6.707586842435654, 50.910849319658809 ], [ 6.707586400835261, 50.910858305092638 ], [ 6.707671676154287, 50.910859980188683 ] ] ] ] } },
{ "type": "Feature", "properties": { "gml_id": "DENW41AL30005d5GFL", "identifier": "urn:adv:oid:DENW41AL30005d5GFL", "aktualit_2": "2024-08-20Z", "idflurst": "DENW41AL30005d5G", "flaeche": 262.0, "flstkennz_": "054682020001000017__", "flstnrzae": "100", "flstnrnen": "17", "gemarkung": "Horrem", "gemaschl": "054682", "flur": "20", "flurschl": "054682020", "land": "Nordrhein-Westfalen", "landschl": "05", "regbezirk": "Köln", "regbezschl": "053", "kreis": "Rhein-Erft-Kreis", "kreisschl": "05362", "gemeinde": "Kerpen", "gmdschl": "05362032", "abwrecht": "Kein abweichender Rechtszustand", "lagebeztxt": "Herderstraße 16", "tntxt": "Wohnbaufläche;262", "area": 261, "DN": null, "rg area": 47.0, "bldg sum": null, "open area": null, "10%drain A": null, "5%drain A+": null, "10% check": null, "T OPEN A": 113.1, "T DRAIN A": 147.9, "5% drain": 7.4, "area ok": 1, "5% ok": 1, "layer": "RG final", "path": "C:/Users/kanis/Desktop/Thesis/Data/Analysis/Horrem/RG/RG final.shp", "area final": 47.0 }, "geometry": { "type": "MultiPolygon", "coordinates": [ [ [ [ 6.708026716540002, 50.911451570704401 ], [ 6.708027599589662, 50.911433599833025 ], [ 6.708041812321854, 50.911433878968573 ], [ 6.708043578407533, 50.911397937225267 ], [ 6.70802936568627, 50.911397658090088 ], [ 6.708030248733215, 50.911379687218513 ], [ 6.708016036017643, 50.911379408081785 ], [ 6.708016477543509, 50.911370422646051 ], [ 6.70803069025635, 50.911370701782694 ], [ 6.708031131779256, 50.911361716346882 ], [ 6.708045344489591, 50.911361995481712 ], [ 6.70804578600954, 50.911353010045765 ], [ 6.70805999871737, 50.911353289178784 ], [ 6.708060440234361, 50.911344303742737 ], [ 6.707975164007173, 50.911342628919279 ], [ 6.70797207326874, 50.911405526967449 ], [ 6.708000498715146, 50.911406085250107 ], [ 6.708000057185643, 50.911415070685678 ], [ 6.708014269911918, 50.911415349824495 ], [ 6.708013828384921, 50.911424335260143 ], [ 6.707971190198578, 50.911423497838229 ], [ 6.707970748663159, 50.911432483273572 ], [ 6.707984961394446, 50.911432762416034 ], [ 6.707984078328391, 50.911450733286877 ], [ 6.708026716540002, 50.911451570704401 ] ] ] ] } },
{ "type": "Feature", "properties": { "gml_id": "DENW41AL30005Xx8FL", "identifier": "urn:adv:oid:DENW41AL30005Xx8FL", "aktualit_2": "2024-08-20Z", "idflurst": "DENW41AL30005Xx8", "flaeche": 393.0, "flstkennz_": "05468200800289______", "flstnrzae": "289", "flstnrnen": null, "gemarkung": "Horrem", "gemaschl": "054682", "flur": "8", "flurschl": "054682008", "land": "Nordrhein-Westfalen", "landschl": "05", "regbezirk": "Köln", "regbezschl": "053", "kreis": "Rhein-Erft-Kreis", "kreisschl": "05362", "gemeinde": "Kerpen", "gmdschl": "05362032", "abwrecht": "Kein abweichender Rechtszustand", "lagebeztxt": "Hauptstraße 159", "tntxt": "Fläche gemischter Nutzung(funktion:Gebäude- und Freifläche Mischnutzung mit Wohnen);393", "area": 393, "DN": null, "rg area": 22.0, "bldg sum": null, "open area": null, "10%drain A": null, "5%drain A+": null, "10% check": null, "T OPEN A": 0.0, "T DRAIN A": 393.0, "5% drain": 19.7, "area ok": 1, "5% ok": 1, "layer": "RG final", "path": "C:/Users/kanis/Desktop/Thesis/Data/Analysis/Horrem/RG/RG final.shp", "area final": 22.0 }, "geometry": { "type": "MultiPolygon", "coordinates": [ [ [ [ 6.710558462135187, 50.914361390838472 ], [ 6.710559785384064, 50.914334434497199 ], [ 6.710573999024921, 50.914334713335833 ], [ 6.710574881184243, 50.9143167424414 ], [ 6.710560667548852, 50.91431646360293 ], [ 6.710561108630906, 50.914307478155777 ], [ 6.710518467734285, 50.914306641630269 ], [ 6.710518908824311, 50.914297656183365 ], [ 6.710490481566492, 50.914297098491232 ], [ 6.710489599375283, 50.914315069384671 ], [ 6.710518026644032, 50.914315627077166 ], [ 6.710517585553553, 50.914324612524041 ], [ 6.710546012828672, 50.914325170209793 ], [ 6.710545571743433, 50.914334155656825 ], [ 6.710517144462849, 50.914333597970902 ], [ 6.710515821189379, 50.914360554311379 ], [ 6.710558462135187, 50.914361390838472 ] ] ] ] } },
{ "type": "Feature", "properties": { "gml_id": "DENW41AL30005aG8FL", "identifier": "urn:adv:oid:DENW41AL30005aG8FL", "aktualit_2": "2024-08-20Z", "idflurst": "DENW41AL30005aG8", "flaeche": 326.0, "flstkennz_": "054682021002180053__", "flstnrzae": "218", "flstnrnen": "53", "gemarkung": "Horrem", "gemaschl": "054682", "flur": "21", "flurschl": "054682021", "land": "Nordrhein-Westfalen", "landschl": "05", "regbezirk": "Köln", "regbezschl": "053", "kreis": "Rhein-Erft-Kreis", "kreisschl": "05362", "gemeinde": "Kerpen", "gmdschl": "05362032", "abwrecht": "Kein abweichender Rechtszustand", "lagebeztxt": "Adenauerstraße 2", "tntxt": "Wohnbaufläche;326", "area": 320, "DN": null, "rg area": 60.0, "bldg sum": null, "open area": null, "10%drain A": null, "5%drain A+": null, "10% check": null, "T OPEN A": 122.2, "T DRAIN A": 197.8, "5% drain": 9.9, "area ok": 1, "5% ok": 1, "layer": "RG final", "path": "C:/Users/kanis/Desktop/Thesis/Data/Analysis/Horrem/RG/RG final.shp", "area final": 60.0 }, "geometry": { "type": "MultiPolygon", "coordinates": [ [ [ [ 6.708825897434632, 50.911979927818003 ], [ 6.708828987085509, 50.911917029738497 ], [ 6.708843199972892, 50.911917308778371 ], [ 6.708844082722785, 50.911899337898184 ], [ 6.708801444077706, 50.911898500773887 ], [ 6.708801002694677, 50.911907486213714 ], [ 6.708786789810702, 50.911907207168738 ], [ 6.708787672582002, 50.911889236289227 ], [ 6.708773459703719, 50.911888957242688 ], [ 6.70877390109176, 50.911879971803003 ], [ 6.708731262466467, 50.911879134653297 ], [ 6.708729938277074, 50.911906090971513 ], [ 6.708744151160142, 50.911906370023424 ], [ 6.708744592554099, 50.911897384583938 ], [ 6.708773018315449, 50.911897942682373 ], [ 6.708772576926956, 50.911906928122022 ], [ 6.708758364043435, 50.911906649073586 ], [ 6.708757922651984, 50.911915634513143 ], [ 6.708729496880156, 50.911915076410907 ], [ 6.708728614085643, 50.911933047289608 ], [ 6.7087570398684, 50.9119336053922 ], [ 6.70875615708391, 50.9119515762712 ], [ 6.708741944186955, 50.91195129722059 ], [ 6.708740620000331, 50.911978253538663 ], [ 6.708825897434632, 50.911979927818003 ] ] ] ] } },
{ "type": "Feature", "properties": { "gml_id": "DENW41AL30005ev6FL", "identifier": "urn:adv:oid:DENW41AL30005ev6FL", "aktualit_2": "2024-08-20Z", "idflurst": "DENW41AL30005ev6", "flaeche": 300.0, "flstkennz_": "054682021002150053__", "flstnrzae": "215", "flstnrnen": "53", "gemarkung": "Horrem", "gemaschl": "054682", "flur": "21", "flurschl": "054682021", "land": "Nordrhein-Westfalen", "landschl": "05", "regbezirk": "Köln", "regbezschl": "053", "kreis": "Rhein-Erft-Kreis", "kreisschl": "05362", "gemeinde": "Kerpen", "gmdschl": "05362032", "abwrecht": "Kein abweichender Rechtszustand", "lagebeztxt": "Sistenichstraße 36", "tntxt": "Wohnbaufläche;300", "area": 301, "DN": null, "rg area": 92.0, "bldg sum": null, "open area": null, "10%drain A": null, "5%drain A+": null, "10% check": null, "T OPEN A": 194.6, "T DRAIN A": 106.4, "5% drain": 5.3, "area ok": 1, "5% ok": 1, "layer": "RG final", "path": "C:/Users/kanis/Desktop/Thesis/Data/Analysis/Horrem/RG/RG final.shp", "area final": 92.0 }, "geometry": { "type": "MultiPolygon", "coordinates": [ [ [ [ 6.709051979957581, 50.912011348582411 ], [ 6.709054186637013, 50.911966421375979 ], [ 6.709068399541677, 50.911966700388639 ], [ 6.709069282206403, 50.911948729505767 ], [ 6.709012430610962, 50.911947613445463 ], [ 6.709012871953915, 50.91193862800435 ], [ 6.708870743008469, 50.911935837733438 ], [ 6.708868094783434, 50.911989750374474 ], [ 6.708882307693354, 50.911990029409878 ], [ 6.708881866324455, 50.911999014850075 ], [ 6.709009782548502, 50.912001526091714 ], [ 6.709009341203966, 50.912010511532706 ], [ 6.709051979957581, 50.912011348582411 ] ] ] ] } },
{ "type": "Feature", "properties": { "gml_id": "DENW41AL30005avtFL", "identifier": "urn:adv:oid:DENW41AL30005avtFL", "aktualit_2": "2024-08-20Z", "idflurst": "DENW41AL30005avt", "flaeche": 300.0, "flstkennz_": "054682021002160053__", "flstnrzae": "216", "flstnrnen": "53", "gemarkung": "Horrem", "gemaschl": "054682", "flur": "21", "flurschl": "054682021", "land": "Nordrhein-Westfalen", "landschl": "05", "regbezirk": "Köln", "regbezschl": "053", "kreis": "Rhein-Erft-Kreis", "kreisschl": "05362", "gemeinde": "Kerpen", "gmdschl": "05362032", "abwrecht": "Kein abweichender Rechtszustand", "lagebeztxt": "Sistenichstraße 38", "tntxt": "Wohnbaufläche;300", "area": 300, "DN": null, "rg area": 63.0, "bldg sum": null, "open area": null, "10%drain A": null, "5%drain A+": null, "10% check": null, "T OPEN A": 113.5, "T DRAIN A": 186.5, "5% drain": 9.3, "area ok": 1, "5% ok": 1, "layer": "RG final", "path": "C:/Users/kanis/Desktop/Thesis/Data/Analysis/Horrem/RG/RG final.shp", "area final": 63.0 }, "geometry": { "type": "MultiPolygon", "coordinates": [ [ [ [ 6.709070606201794, 50.911921773181341 ], [ 6.709071930195149, 50.911894816856766 ], [ 6.709043504429762, 50.911894258831133 ], [ 6.709043063093406, 50.911903244272501 ], [ 6.70901463732346, 50.911902686239777 ], [ 6.709015520006877, 50.911884715357388 ], [ 6.709029732886272, 50.911884994374439 ], [ 6.70903061556332, 50.911867023491794 ], [ 6.709073254186469, 50.911867860532034 ], [ 6.709073695516458, 50.911858875090438 ], [ 6.709016844030304, 50.911857759033673 ], [ 6.709017285370995, 50.911848773592396 ], [ 6.70898885963474, 50.911848215553825 ], [ 6.708988418288586, 50.911857200994916 ], [ 6.70895999254777, 50.911856642949239 ], [ 6.708959551195925, 50.911865628390146 ], [ 6.708931125450552, 50.91186507033737 ], [ 6.708930242735254, 50.911883041218779 ], [ 6.708916029857441, 50.91188276218962 ], [ 6.708917353938245, 50.911855805867773 ], [ 6.708903141068856, 50.911855526837158 ], [ 6.708901375616403, 50.911891468599237 ], [ 6.708887162736311, 50.911891189566532 ], [ 6.708886280003264, 50.911909160447294 ], [ 6.709014195981413, 50.911911671680947 ], [ 6.70901375463914, 50.911920657122103 ], [ 6.709070606201794, 50.911921773181341 ] ] ] ] } },
{ "type": "Feature", "properties": { "gml_id": "DENW41AL30005bxsFL", "identifier": "urn:adv:oid:DENW41AL30005bxsFL", "aktualit_2": "2024-08-20Z", "idflurst": "DENW41AL30005bxs", "flaeche": 320.0, "flstkennz_": "054682021002140053__", "flstnrzae": "214", "flstnrnen": "53", "gemarkung": "Horrem", "gemaschl": "054682", "flur": "21", "flurschl": "054682021", "land": "Nordrhein-Westfalen", "landschl": "05", "regbezirk": "Köln", "regbezschl": "053", "kreis": "Rhein-Erft-Kreis", "kreisschl": "05362", "gemeinde": "Kerpen", "gmdschl": "05362032", "abwrecht": "Kein abweichender Rechtszustand", "lagebeztxt": "Sistenichstraße 34", "tntxt": "Wohnbaufläche;320", "area": 321, "DN": null, "rg area": 59.0, "bldg sum": null, "open area": null, "10%drain A": null, "5%drain A+": null, "10% check": null, "T OPEN A": 102.7, "T DRAIN A": 218.3, "5% drain": 10.9, "area ok": 1, "5% ok": 1, "layer": "RG final", "path": "C:/Users/kanis/Desktop/Thesis/Data/Analysis/Horrem/RG/RG final.shp", "area final": 59.0 }, "geometry": { "type": "MultiPolygon", "coordinates": [ [ [ [ 6.708976501856917, 50.912099807898109 ], [ 6.708978267264604, 50.912063866135433 ], [ 6.708992480198192, 50.912064145157714 ], [ 6.708993804243386, 50.912037188835285 ], [ 6.709008017169002, 50.912037467855569 ], [ 6.709008458514217, 50.912028482414627 ], [ 6.708894755137478, 50.912026250204612 ], [ 6.708893872403108, 50.912044221085047 ], [ 6.708879659476569, 50.912043942050836 ], [ 6.708877011251641, 50.912097854691218 ], [ 6.708976501856917, 50.912099807898109 ] ] ] ] } },
{ "type": "Feature", "properties": { "gml_id": "DENW41AL30005bT3FL", "identifier": "urn:adv:oid:DENW41AL30005bT3FL", "aktualit_2": "2024-08-20Z", "idflurst": "DENW41AL30005bT3", "flaeche": 701.0, "flstkennz_": "05468200800385______", "flstnrzae": "385", "flstnrnen": null, "gemarkung": "Horrem", "gemaschl": "054682", "flur": "8", "flurschl": "054682008", "land": "Nordrhein-Westfalen", "landschl": "05", "regbezirk": "Köln", "regbezschl": "053", "kreis": "Rhein-Erft-Kreis", "kreisschl": "05362", "gemeinde": "Kerpen", "gmdschl": "05362032", "abwrecht": "Kein abweichender Rechtszustand", "lagebeztxt": "Höhenweg 8", "tntxt": "Wohnbaufläche;701", "area": 701, "DN": null, "rg area": 214.0, "bldg sum": null, "open area": null, "10%drain A": null, "5%drain A+": null, "10% check": null, "T OPEN A": 376.0, "T DRAIN A": 325.0, "5% drain": 16.3, "area ok": 1, "5% ok": 1, "layer": "RG final", "path": "C:/Users/kanis/Desktop/Thesis/Data/Analysis/Horrem/RG/RG final.shp", "area final": 214.0 }, "geometry": { "type": "MultiPolygon", "coordinates": [ [ [ [ 6.713365279804129, 50.91456932011527 ], [ 6.713365720350101, 50.914560334650908 ], [ 6.71335150661282, 50.914560056151224 ], [ 6.713351947161298, 50.914551070686947 ], [ 6.713323519692878, 50.914550513682549 ], [ 6.713323960246597, 50.914541528218422 ], [ 6.713309746515457, 50.914541249713722 ], [ 6.713310187071682, 50.914532264249672 ], [ 6.713409683175271, 50.914534213745611 ], [ 6.713409242638174, 50.914543199210293 ], [ 6.713423456370893, 50.914543477702885 ], [ 6.713423896905257, 50.914534492238126 ], [ 6.713551820485302, 50.914536998592851 ], [ 6.713550058444863, 50.914572940455002 ], [ 6.713578485931439, 50.914573497404412 ], [ 6.71357936694118, 50.914555526473009 ], [ 6.713565153203244, 50.914555247999346 ], [ 6.713566034217546, 50.914537277068057 ], [ 6.713580247950017, 50.914537555541557 ], [ 6.713581128957951, 50.914519584610012 ], [ 6.713566915230946, 50.914519306136704 ], [ 6.713567355737307, 50.914510320670999 ], [ 6.713439432229013, 50.914507814334229 ], [ 6.713439872759741, 50.914498828869313 ], [ 6.713411445321402, 50.91449827188675 ], [ 6.713411004785208, 50.914507257351481 ], [ 6.713396791063644, 50.914506978857517 ], [ 6.713397231602571, 50.914497993392864 ], [ 6.713212453278315, 50.914494372815085 ], [ 6.713212893852541, 50.914485387351576 ], [ 6.713113397866721, 50.91448343768927 ], [ 6.713112516679789, 50.914501408615052 ], [ 6.713084089246371, 50.914500851552759 ], [ 6.713081886247763, 50.914545778866035 ], [ 6.713067672517729, 50.914545500331862 ], [ 6.713066791311241, 50.914563471256862 ], [ 6.713365279804129, 50.91456932011527 ] ] ] ] } },
{ "type": "Feature", "properties": { "gml_id": "DENW41AL30005ZA5FL", "identifier": "urn:adv:oid:DENW41AL30005ZA5FL", "aktualit_2": "2024-08-20Z", "idflurst": "DENW41AL30005ZA5", "flaeche": 416.0, "flstkennz_": "05468202100339______", "flstnrzae": "339", "flstnrnen": null, "gemarkung": "Horrem", "gemaschl": "054682", "flur": "21", "flurschl": "054682021", "land": "Nordrhein-Westfalen", "landschl": "05", "regbezirk": "Köln", "regbezschl": "053", "kreis": "Rhein-Erft-Kreis", "kreisschl": "05362", "gemeinde": "Kerpen", "gmdschl": "05362032", "abwrecht": "Kein abweichender Rechtszustand", "lagebeztxt": "Adenauerstraße 14", "tntxt": "Wohnbaufläche;416", "area": 417, "DN": null, "rg area": 33.0, "bldg sum": null, "open area": null, "10%drain A": null, "5%drain A+": null, "10% check": null, "T OPEN A": 152.9, "T DRAIN A": 264.1, "5% drain": 13.2, "area ok": 1, "5% ok": 1, "layer": "RG final", "path": "C:/Users/kanis/Desktop/Thesis/Data/Analysis/Horrem/RG/RG final.shp", "area final": 33.0 }, "geometry": { "type": "MultiPolygon", "coordinates": [ [ [ [ 6.707735037024499, 50.911886553042322 ], [ 6.707736361787648, 50.911859596742751 ], [ 6.707750574646681, 50.911859875915404 ], [ 6.707751016231212, 50.911850890482086 ], [ 6.70776522908774, 50.91185116965292 ], [ 6.707765670669313, 50.911842184219495 ], [ 6.707737244961947, 50.911841625876271 ], [ 6.707737686548757, 50.911832640443023 ], [ 6.707723473698146, 50.9118323612689 ], [ 6.707723915287463, 50.911823375835716 ], [ 6.707681276745183, 50.911822538303241 ], [ 6.707680393549932, 50.911840509169068 ], [ 6.707666180697493, 50.911840229987938 ], [ 6.707664414293344, 50.91187617171903 ], [ 6.707692840020305, 50.911876730080252 ], [ 6.707692398424165, 50.911885715513165 ], [ 6.707735037024499, 50.911886553042322 ] ] ] ] } },
{ "type": "Feature", "properties": { "gml_id": "DENW41AL30005ZA5FL", "identifier": "urn:adv:oid:DENW41AL30005ZA5FL", "aktualit_2": "2024-08-20Z", "idflurst": "DENW41AL30005ZA5", "flaeche": 416.0, "flstkennz_": "05468202100339______", "flstnrzae": "339", "flstnrnen": null, "gemarkung": "Horrem", "gemaschl": "054682", "flur": "21", "flurschl": "054682021", "land": "Nordrhein-Westfalen", "landschl": "05", "regbezirk": "Köln", "regbezschl": "053", "kreis": "Rhein-Erft-Kreis", "kreisschl": "05362", "gemeinde": "Kerpen", "gmdschl": "05362032", "abwrecht": "Kein abweichender Rechtszustand", "lagebeztxt": "Adenauerstraße 14", "tntxt": "Wohnbaufläche;416", "area": 417, "DN": null, "rg area": 31.0, "bldg sum": null, "open area": null, "10%drain A": null, "5%drain A+": null, "10% check": null, "T OPEN A": 152.9, "T DRAIN A": 264.1, "5% drain": 13.2, "area ok": 1, "5% ok": 1, "layer": "RG final", "path": "C:/Users/kanis/Desktop/Thesis/Data/Analysis/Horrem/RG/RG final.shp", "area final": 31.0 }, "geometry": { "type": "MultiPolygon", "coordinates": [ [ [ [ 6.707804335063527, 50.911923890623939 ], [ 6.707804776638713, 50.911914905190393 ], [ 6.707818989515271, 50.911915184354932 ], [ 6.707821638945245, 50.911861271752755 ], [ 6.707835851805637, 50.911861550915035 ], [ 6.707836734941687, 50.911843580047318 ], [ 6.70782252208676, 50.911843300885216 ], [ 6.707822080516116, 50.91185228631899 ], [ 6.707779441944495, 50.911851448822041 ], [ 6.707778558786134, 50.911869419688998 ], [ 6.707806984511251, 50.911869978022388 ], [ 6.707806542937196, 50.911878963456026 ], [ 6.707792330071793, 50.911878684290102 ], [ 6.707791446917539, 50.911896655157136 ], [ 6.707734595436331, 50.911895538475463 ], [ 6.707734153847936, 50.911904523908603 ], [ 6.707719940975467, 50.911904244733769 ], [ 6.707719057792534, 50.911922215599823 ], [ 6.707804335063527, 50.911923890623939 ] ], [ [ 6.707776792466699, 50.911905361422725 ], [ 6.707791005340074, 50.911905640590632 ], [ 6.70779056376238, 50.911914626024121 ], [ 6.707776350886275, 50.911914346856108 ], [ 6.707776792466699, 50.911905361422725 ] ] ] ] } },
{ "type": "Feature", "properties": { "gml_id": "DENW41AL30005bbUFL", "identifier": "urn:adv:oid:DENW41AL30005bbUFL", "aktualit_2": "2024-08-20Z", "idflurst": "DENW41AL30005bbU", "flaeche": 251.0, "flstkennz_": "05468202100373______", "flstnrzae": "373", "flstnrnen": null, "gemarkung": "Horrem", "gemaschl": "054682", "flur": "21", "flurschl": "054682021", "land": "Nordrhein-Westfalen", "landschl": "05", "regbezirk": "Köln", "regbezschl": "053", "kreis": "Rhein-Erft-Kreis", "kreisschl": "05362", "gemeinde": "Kerpen", "gmdschl": "05362032", "abwrecht": "Kein abweichender Rechtszustand", "lagebeztxt": "Herderstraße 12", "tntxt": "Wohnbaufläche;251", "area": 254, "DN": null, "rg area": 33.0, "bldg sum": null, "open area": null, "10%drain A": null, "5%drain A+": null, "10% check": null, "T OPEN A": 68.9, "T DRAIN A": 185.1, "5% drain": 9.3, "area ok": 1, "5% ok": 1, "layer": "RG final", "path": "C:/Users/kanis/Desktop/Thesis/Data/Analysis/Horrem/RG/RG final.shp", "area final": 33.0 }, "geometry": { "type": "MultiPolygon", "coordinates": [ [ [ [ 6.707801244030884, 50.911986788658311 ], [ 6.707801685607655, 50.911977803224879 ], [ 6.707787472712198, 50.911977524057988 ], [ 6.707788797449347, 50.911950567757863 ], [ 6.707703520130536, 50.911948892721774 ], [ 6.707703078535319, 50.911957878154624 ], [ 6.707660439870772, 50.911957040612975 ], [ 6.707659556663266, 50.911975011478113 ], [ 6.707673769556687, 50.911975290660564 ], [ 6.707673327955326, 50.911984276093207 ], [ 6.707801244030884, 50.911986788658311 ] ] ] ] } },
{ "type": "Feature", "properties": { "gml_id": "DENW41AL30005e03FL", "identifier": "urn:adv:oid:DENW41AL30005e03FL", "aktualit_2": "2024-08-20Z", "idflurst": "DENW41AL30005e03", "flaeche": 917.0, "flstkennz_": "05468200800057______", "flstnrzae": "57", "flstnrnen": null, "gemarkung": "Horrem", "gemaschl": "054682", "flur": "8", "flurschl": "054682008", "land": "Nordrhein-Westfalen", "landschl": "05", "regbezirk": "Köln", "regbezschl": "053", "kreis": "Rhein-Erft-Kreis", "kreisschl": "05362", "gemeinde": "Kerpen", "gmdschl": "05362032", "abwrecht": "Kein abweichender Rechtszustand", "lagebeztxt": "Höhenweg 30", "tntxt": "Wohnbaufläche;917", "area": 917, "DN": null, "rg area": 170.0, "bldg sum": null, "open area": null, "10%drain A": null, "5%drain A+": null, "10% check": null, "T OPEN A": 574.9, "T DRAIN A": 342.1, "5% drain": 17.1, "area ok": 1, "5% ok": 1, "layer": "RG final", "path": "C:/Users/kanis/Desktop/Thesis/Data/Analysis/Horrem/RG/RG final.shp", "area final": 170.0 }, "geometry": { "type": "MultiPolygon", "coordinates": [ [ [ [ 6.714033284247414, 50.913422168437975 ], [ 6.714033724646766, 50.913413182967659 ], [ 6.714047938041485, 50.913413461379818 ], [ 6.714050140021203, 50.913368534027505 ], [ 6.714064353402484, 50.913368812437497 ], [ 6.714064793795018, 50.913359826966911 ], [ 6.714007940282177, 50.913358713316903 ], [ 6.714008380685415, 50.913349727846636 ], [ 6.713965740561351, 50.913348892591245 ], [ 6.713964419326367, 50.913375849001177 ], [ 6.713950205943934, 50.913375570578992 ], [ 6.713951086772946, 50.913357599639227 ], [ 6.713936873396203, 50.913357321215479 ], [ 6.713937313813103, 50.913348335745674 ], [ 6.713837820201348, 50.913346386731689 ], [ 6.713838260637148, 50.913337401262474 ], [ 6.71380983389843, 50.91333684438596 ], [ 6.713809393457163, 50.913345829854997 ], [ 6.713795180085409, 50.913345551414054 ], [ 6.713795620529408, 50.913336565945102 ], [ 6.713767193792043, 50.913336009058213 ], [ 6.713765431992834, 50.913371950933197 ], [ 6.71375121861356, 50.913371672486797 ], [ 6.713750778160462, 50.913380657955408 ], [ 6.713736564778682, 50.913380379507203 ], [ 6.713736124322623, 50.9133893649757 ], [ 6.713721910938337, 50.913389086525683 ], [ 6.713723232314027, 50.913362130120369 ], [ 6.713737445690118, 50.913362408570123 ], [ 6.713737886145497, 50.913353423101569 ], [ 6.713752099519081, 50.913353701549511 ], [ 6.713752980423698, 50.913335730612175 ], [ 6.713681913585363, 50.91333433835603 ], [ 6.713682354050997, 50.913325352887767 ], [ 6.713653927322707, 50.913324795973381 ], [ 6.713653046380288, 50.913342766909523 ], [ 6.713667259749784, 50.91334304536776 ], [ 6.713666819280967, 50.913352030835895 ], [ 6.713681032653422, 50.913352309292492 ], [ 6.713680592187113, 50.913361294760691 ], [ 6.713694805562525, 50.913361573215646 ], [ 6.713693484170439, 50.913388529620434 ], [ 6.713707697554274, 50.913388808073918 ], [ 6.713707257092527, 50.913397793542231 ], [ 6.713835177581799, 50.913400299546637 ], [ 6.713834737144417, 50.913409285015724 ], [ 6.713962657676563, 50.913411790880879 ], [ 6.713962217263548, 50.913420776350755 ], [ 6.714033284247414, 50.913422168437975 ] ] ] ] } },
{ "type": "Feature", "properties": { "gml_id": "DENW41AL30005e03FL", "identifier": "urn:adv:oid:DENW41AL30005e03FL", "aktualit_2": "2024-08-20Z", "idflurst": "DENW41AL30005e03", "flaeche": 917.0, "flstkennz_": "05468200800057______", "flstnrzae": "57", "flstnrnen": null, "gemarkung": "Horrem", "gemaschl": "054682", "flur": "8", "flurschl": "054682008", "land": "Nordrhein-Westfalen", "landschl": "05", "regbezirk": "Köln", "regbezschl": "053", "kreis": "Rhein-Erft-Kreis", "kreisschl": "05362", "gemeinde": "Kerpen", "gmdschl": "05362032", "abwrecht": "Kein abweichender Rechtszustand", "lagebeztxt": "Höhenweg 30", "tntxt": "Wohnbaufläche;917", "area": 917, "DN": null, "rg area": 198.0, "bldg sum": null, "open area": null, "10%drain A": null, "5%drain A+": null, "10% check": null, "T OPEN A": 574.9, "T DRAIN A": 342.1, "5% drain": 17.1, "area ok": 1, "5% ok": 1, "layer": "RG final", "path": "C:/Users/kanis/Desktop/Thesis/Data/Analysis/Horrem/RG/RG final.shp", "area final": 198.0 }, "geometry": { "type": "MultiPolygon", "coordinates": [ [ [ [ 6.713622417254646, 50.913387137327049 ], [ 6.713625500595322, 50.913324239052095 ], [ 6.713526007056582, 50.91332228977307 ], [ 6.713526447552045, 50.913313304305781 ], [ 6.713370100615005, 50.913310240982831 ], [ 6.713370541140298, 50.913301255516501 ], [ 6.713214194260631, 50.913298191985319 ], [ 6.713214634815756, 50.913289206519948 ], [ 6.713186208118762, 50.913288649491967 ], [ 6.713183564751835, 50.913342562282928 ], [ 6.713197778116614, 50.913342840798322 ], [ 6.713197337557401, 50.913351826263501 ], [ 6.713325257875161, 50.91335433282493 ], [ 6.713324817340315, 50.913363318290912 ], [ 6.713452737700956, 50.913365824713061 ], [ 6.713452297190475, 50.913374810179825 ], [ 6.713580217593994, 50.913377316462729 ], [ 6.713579777107879, 50.913386301930267 ], [ 6.713622417254646, 50.913387137327049 ] ] ] ] } },
{ "type": "Feature", "properties": { "gml_id": "DENW41AL30005VxrFL", "identifier": "urn:adv:oid:DENW41AL30005VxrFL", "aktualit_2": "2024-08-20Z", "idflurst": "DENW41AL30005Vxr", "flaeche": 804.0, "flstkennz_": "05468200800058______", "flstnrzae": "58", "flstnrnen": null, "gemarkung": "Horrem", "gemaschl": "054682", "flur": "8", "flurschl": "054682008", "land": "Nordrhein-Westfalen", "landschl": "05", "regbezirk": "Köln", "regbezschl": "053", "kreis": "Rhein-Erft-Kreis", "kreisschl": "05362", "gemeinde": "Kerpen", "gmdschl": "05362032", "abwrecht": "Kein abweichender Rechtszustand", "lagebeztxt": "Höhenweg 32", "tntxt": "Wohnbaufläche;804", "area": 802, "DN": null, "rg area": 241.0, "bldg sum": null, "open area": null, "10%drain A": null, "5%drain A+": null, "10% check": null, "T OPEN A": 476.0, "T DRAIN A": 326.0, "5% drain": 16.3, "area ok": 1, "5% ok": 1, "layer": "RG final", "path": "C:/Users/kanis/Desktop/Thesis/Data/Analysis/Horrem/RG/RG final.shp", "area final": 241.0 }, "geometry": { "type": "MultiPolygon", "coordinates": [ [ [ [ 6.713867568236767, 50.913319987193255 ], [ 6.713868008666427, 50.913311001723812 ], [ 6.713910648752962, 50.913311837014454 ], [ 6.713910208331501, 50.91332082248416 ], [ 6.713938635062449, 50.913321379336125 ], [ 6.713939075478446, 50.913312393866235 ], [ 6.714010142296109, 50.913313785965428 ], [ 6.714009701893774, 50.913322771435759 ], [ 6.714038128627884, 50.913323328263516 ], [ 6.714038569024754, 50.913314342793001 ], [ 6.714024355660318, 50.913314064380074 ], [ 6.714026117256473, 50.913278122498241 ], [ 6.71389819708508, 50.913275616707324 ], [ 6.713898637508145, 50.913266631237619 ], [ 6.713827570767822, 50.913265239071471 ], [ 6.71382624945696, 50.913292195479208 ], [ 6.713840462812771, 50.913292473916158 ], [ 6.713840022378098, 50.913301459385458 ], [ 6.713811595661237, 50.913300902509647 ], [ 6.713812036101375, 50.913291917040524 ], [ 6.713797822746016, 50.913291638600107 ], [ 6.713799144073273, 50.91326468219291 ], [ 6.713770717379625, 50.913264125307442 ], [ 6.713771157827058, 50.913255139838519 ], [ 6.713643237741413, 50.913252633769083 ], [ 6.713643678213212, 50.913243648300949 ], [ 6.713515758170444, 50.913241142092254 ], [ 6.713516198666608, 50.9132321566249 ], [ 6.713388278666718, 50.913229650276946 ], [ 6.713388719187249, 50.913220664810368 ], [ 6.713360292528555, 50.91322010782531 ], [ 6.71335941147634, 50.913238078758098 ], [ 6.713373624811038, 50.913238357251664 ], [ 6.713372743763385, 50.913256328184559 ], [ 6.713386957103774, 50.913256606676569 ], [ 6.713386516582341, 50.913265592143084 ], [ 6.713372303239218, 50.913265313650975 ], [ 6.713371422190209, 50.913283284583784 ], [ 6.713513555686238, 50.9132860694288 ], [ 6.713513996183529, 50.913277083961525 ], [ 6.713528209531642, 50.913277362436425 ], [ 6.713527328542296, 50.913295333371131 ], [ 6.713626822023654, 50.913297282648287 ], [ 6.713627702974748, 50.91327931171233 ], [ 6.713641916324665, 50.913279590173403 ], [ 6.713641035379037, 50.91329756110953 ], [ 6.71368367544654, 50.913298396482908 ], [ 6.713683234981585, 50.913307381951206 ], [ 6.713853795304701, 50.913310723290138 ], [ 6.713853354872309, 50.913319708759481 ], [ 6.713867568236767, 50.913319987193255 ] ] ] ] } },
{ "type": "Feature", "properties": { "gml_id": "DENW41AL30005eepFL", "identifier": "urn:adv:oid:DENW41AL30005eepFL", "aktualit_2": "2024-08-20Z", "idflurst": "DENW41AL30005eep", "flaeche": 475.0, "flstkennz_": "05468201900335______", "flstnrzae": "335", "flstnrnen": null, "gemarkung": "Horrem", "gemaschl": "054682", "flur": "19", "flurschl": "054682019", "land": "Nordrhein-Westfalen", "landschl": "05", "regbezirk": "Köln", "regbezschl": "053", "kreis": "Rhein-Erft-Kreis", "kreisschl": "05362", "gemeinde": "Kerpen", "gmdschl": "05362032", "abwrecht": "Kein abweichender Rechtszustand", "lagebeztxt": "Merodestraße 22", "tntxt": "Wohnbaufläche;475", "area": 481, "DN": null, "rg area": 169.0, "bldg sum": null, "open area": null, "10%drain A": null, "5%drain A+": null, "10% check": null, "T OPEN A": 301.7, "T DRAIN A": 179.3, "5% drain": 9.0, "area ok": 1, "5% ok": 1, "layer": "RG final", "path": "C:/Users/kanis/Desktop/Thesis/Data/Analysis/Horrem/RG/RG final.shp", "area final": 169.0 }, "geometry": { "type": "MultiPolygon", "coordinates": [ [ [ [ 6.708028166245134, 50.908816325272504 ], [ 6.708030815141174, 50.908762412633664 ], [ 6.708016603222614, 50.908762133507231 ], [ 6.708017044707227, 50.908753148067468 ], [ 6.708031256623054, 50.908753427193808 ], [ 6.70803169810471, 50.908744441753932 ], [ 6.708045910018034, 50.908744720878445 ], [ 6.708046792975201, 50.908726749998451 ], [ 6.708061004883287, 50.908727029121074 ], [ 6.7080614463588, 50.908718043680977 ], [ 6.70807565826438, 50.908718322801782 ], [ 6.708078748567518, 50.908655424719932 ], [ 6.708092960454201, 50.908655703838377 ], [ 6.708094284858244, 50.908628747517071 ], [ 6.708080072979754, 50.908628468398888 ], [ 6.708079631509234, 50.908637453839248 ], [ 6.708036995866927, 50.908636616474055 ], [ 6.708036554387987, 50.908645601914124 ], [ 6.708022342504938, 50.90864532278885 ], [ 6.70802278398661, 50.908636337348867 ], [ 6.708008572106521, 50.908636058221944 ], [ 6.708009013590698, 50.908627072782025 ], [ 6.707952166083525, 50.908625956257403 ], [ 6.707949517109506, 50.908679868894545 ], [ 6.707935305216889, 50.908679589758535 ], [ 6.707931331716005, 50.908760458712315 ], [ 6.707917119799029, 50.908760179573775 ], [ 6.707914912276961, 50.908805106769293 ], [ 6.707943336138456, 50.908805665045527 ], [ 6.707942894638827, 50.908814650484764 ], [ 6.708028166245134, 50.908816325272504 ] ], [ [ 6.708034788469962, 50.908681543674291 ], [ 6.708049000364164, 50.908681822798201 ], [ 6.708047675931465, 50.908708779118392 ], [ 6.70803346402907, 50.908708499994219 ], [ 6.708034788469962, 50.908681543674291 ] ], [ [ 6.708020576575987, 50.908681264548655 ], [ 6.708021018058565, 50.908672279108721 ], [ 6.708006806167547, 50.908671999981458 ], [ 6.708007247652631, 50.908663014541595 ], [ 6.708035671429427, 50.908663572794239 ], [ 6.708034788469962, 50.908681543674291 ], [ 6.708020576575987, 50.908681264548655 ] ] ] ] } },
{ "type": "Feature", "properties": { "gml_id": "DENW41AL30005dnnFL", "identifier": "urn:adv:oid:DENW41AL30005dnnFL", "aktualit_2": "2024-08-20Z", "idflurst": "DENW41AL30005dnn", "flaeche": 532.0, "flstkennz_": "05468202100307______", "flstnrzae": "307", "flstnrnen": null, "gemarkung": "Horrem", "gemaschl": "054682", "flur": "21", "flurschl": "054682021", "land": "Nordrhein-Westfalen", "landschl": "05", "regbezirk": "Köln", "regbezschl": "053", "kreis": "Rhein-Erft-Kreis", "kreisschl": "05362", "gemeinde": "Kerpen", "gmdschl": "05362032", "abwrecht": "Kein abweichender Rechtszustand", "lagebeztxt": "Wiesenstraße 25", "tntxt": "Wohnbaufläche;532", "area": 532, "DN": null, "rg area": 32.0, "bldg sum": null, "open area": null, "10%drain A": null, "5%drain A+": null, "10% check": null, "T OPEN A": 185.8, "T DRAIN A": 346.2, "5% drain": 17.3, "area ok": 1, "5% ok": 1, "layer": "RG final", "path": "C:/Users/kanis/Desktop/Thesis/Data/Analysis/Horrem/RG/RG final.shp", "area final": 32.0 }, "geometry": { "type": "MultiPolygon", "coordinates": [ [ [ [ 6.705806136957912, 50.912055513507951 ], [ 6.705807020881668, 50.912037542666368 ], [ 6.70582123377571, 50.912037822074574 ], [ 6.705822117693096, 50.912019851232742 ], [ 6.7058363305819, 50.912020130639043 ], [ 6.705837656448085, 50.911993174375901 ], [ 6.70585186932892, 50.911993453780205 ], [ 6.705852753233112, 50.911975482937855 ], [ 6.705866966108708, 50.911975762340241 ], [ 6.70586785000653, 50.911957791497649 ], [ 6.705853637136397, 50.911957512095434 ], [ 6.705853195184868, 50.911966497516651 ], [ 6.705838982312231, 50.911966218112617 ], [ 6.705838540357741, 50.911975203533729 ], [ 6.705824327482598, 50.911974924127883 ], [ 6.705823885525151, 50.911983909548887 ], [ 6.705809672647502, 50.911983630141215 ], [ 6.705808788726462, 50.912001600983004 ], [ 6.705794575843576, 50.912001321573428 ], [ 6.705794133879984, 50.912010306994212 ], [ 6.705779920994591, 50.912010027582816 ], [ 6.705779479028043, 50.912019013003487 ], [ 6.705765266140143, 50.91201873359028 ], [ 6.705764382200901, 50.912036704431394 ], [ 6.705750169307763, 50.912036425016275 ], [ 6.70574972733507, 50.912045410436725 ], [ 6.705763940230939, 50.912045689851929 ], [ 6.70576349826075, 50.912054675272451 ], [ 6.705806136957912, 50.912055513507951 ] ] ] ] } },
{ "type": "Feature", "properties": { "gml_id": "DENW41AL30005e9QFL", "identifier": "urn:adv:oid:DENW41AL30005e9QFL", "aktualit_2": "2024-08-20Z", "idflurst": "DENW41AL30005e9Q", "flaeche": 548.0, "flstkennz_": "05468202100305______", "flstnrzae": "305", "flstnrnen": null, "gemarkung": "Horrem", "gemaschl": "054682", "flur": "21", "flurschl": "054682021", "land": "Nordrhein-Westfalen", "landschl": "05", "regbezirk": "Köln", "regbezschl": "053", "kreis": "Rhein-Erft-Kreis", "kreisschl": "05362", "gemeinde": "Kerpen", "gmdschl": "05362032", "abwrecht": "Kein abweichender Rechtszustand", "lagebeztxt": "Wiesenstraße 21", "tntxt": "Wohnbaufläche;548", "area": 547, "DN": null, "rg area": 174.0, "bldg sum": null, "open area": null, "10%drain A": null, "5%drain A+": null, "10% check": null, "T OPEN A": 308.0, "T DRAIN A": 239.0, "5% drain": 12.0, "area ok": 1, "5% ok": 1, "layer": "RG final", "path": "C:/Users/kanis/Desktop/Thesis/Data/Analysis/Horrem/RG/RG final.shp", "area final": 174.0 }, "geometry": { "type": "MultiPolygon", "coordinates": [ [ [ [ 6.706026030731842, 50.912212736009529 ], [ 6.706026472653968, 50.912203750587608 ], [ 6.706040685600812, 50.912204029969757 ], [ 6.706042011357638, 50.91217707370361 ], [ 6.706056224296512, 50.912177353083763 ], [ 6.7060571081278, 50.912159382239409 ], [ 6.706071321061437, 50.912159661617636 ], [ 6.706072204886352, 50.912141690773041 ], [ 6.706086417814752, 50.912141970149378 ], [ 6.706087743542231, 50.912115013882087 ], [ 6.70610195646266, 50.91211529325642 ], [ 6.706102840274384, 50.912097322411292 ], [ 6.706117053189575, 50.912097601783714 ], [ 6.706117936994928, 50.912079630938351 ], [ 6.7060895111757, 50.912079072192128 ], [ 6.706089953083501, 50.912070086769603 ], [ 6.706075740176959, 50.912069807393969 ], [ 6.706077507816826, 50.912033865704046 ], [ 6.70609172071244, 50.912034145079311 ], [ 6.70609260452555, 50.912016174234068 ], [ 6.706106817415927, 50.912016453607421 ], [ 6.706107701222667, 50.911998482761938 ], [ 6.706136126993169, 50.911999041503101 ], [ 6.706136568890734, 50.91199005608015 ], [ 6.706164994656678, 50.911990614814229 ], [ 6.706164552764576, 50.911999600237358 ], [ 6.706192978536889, 50.912000158964695 ], [ 6.706193862309937, 50.911982188118067 ], [ 6.70620807519097, 50.911982467478964 ], [ 6.706208517074423, 50.911973482055537 ], [ 6.706194304196123, 50.911973202694739 ], [ 6.706194746082081, 50.91196421727139 ], [ 6.706152107456735, 50.911963379178857 ], [ 6.706152549350665, 50.911954393755749 ], [ 6.706095697864305, 50.911953276275192 ], [ 6.706094814054365, 50.911971247120661 ], [ 6.706080601177877, 50.911970967746029 ], [ 6.706079717361566, 50.911988938591257 ], [ 6.70606550447984, 50.911988659214714 ], [ 6.706064620657161, 50.912006630059693 ], [ 6.706050407770196, 50.912006350681246 ], [ 6.706049082026279, 50.912033306948338 ], [ 6.706034869131346, 50.91203302756788 ], [ 6.706033985295472, 50.912050998412347 ], [ 6.7060197723953, 50.912050719029999 ], [ 6.706018888553056, 50.912068689874218 ], [ 6.706004675647646, 50.912068410489951 ], [ 6.706003791799032, 50.912086381333928 ], [ 6.705989578888385, 50.912086101947757 ], [ 6.705988253105568, 50.912113058213336 ], [ 6.70597404018695, 50.912112778825175 ], [ 6.705973156325142, 50.91213074966862 ], [ 6.705958943401287, 50.912130470278555 ], [ 6.705958059533108, 50.912148441121758 ], [ 6.705943846604015, 50.912148161729775 ], [ 6.705942962729467, 50.912166132572743 ], [ 6.705928749795135, 50.912165853178863 ], [ 6.705927865914218, 50.912183824021575 ], [ 6.705970504734283, 50.912184662198584 ], [ 6.70597006280168, 50.912193647620185 ], [ 6.705998488688321, 50.912194206396386 ], [ 6.705998930615459, 50.912185220974614 ], [ 6.706013143556387, 50.912185500360032 ], [ 6.70601181778249, 50.912212456625575 ], [ 6.706026030731842, 50.912212736009529 ] ], [ [ 6.706013585480567, 50.912176514938132 ], [ 6.70602779841899, 50.912176794321738 ], [ 6.706027356497541, 50.912185779743716 ], [ 6.706013143556387, 50.912185500360032 ], [ 6.706013585480567, 50.912176514938132 ] ] ] ] } },
{ "type": "Feature", "properties": { "gml_id": "DENW41AL30005bRbFL", "identifier": "urn:adv:oid:DENW41AL30005bRbFL", "aktualit_2": "2024-08-20Z", "idflurst": "DENW41AL30005bRb", "flaeche": 397.0, "flstkennz_": "054682021002720045__", "flstnrzae": "272", "flstnrnen": "45", "gemarkung": "Horrem", "gemaschl": "054682", "flur": "21", "flurschl": "054682021", "land": "Nordrhein-Westfalen", "landschl": "05", "regbezirk": "Köln", "regbezschl": "053", "kreis": "Rhein-Erft-Kreis", "kreisschl": "05362", "gemeinde": "Kerpen", "gmdschl": "05362032", "abwrecht": "Kein abweichender Rechtszustand", "lagebeztxt": "Herderstraße 1", "tntxt": "Wohnbaufläche;397", "area": 397, "DN": null, "rg area": 31.0, "bldg sum": null, "open area": null, "10%drain A": null, "5%drain A+": null, "10% check": null, "T OPEN A": 161.2, "T DRAIN A": 235.8, "5% drain": 11.8, "area ok": 1, "5% ok": 1, "layer": "RG final", "path": "C:/Users/kanis/Desktop/Thesis/Data/Analysis/Horrem/RG/RG final.shp", "area final": 31.0 }, "geometry": { "type": "MultiPolygon", "coordinates": [ [ [ [ 6.708182071273332, 50.912632849662955 ], [ 6.70818295430031, 50.912614878793292 ], [ 6.708197167393812, 50.91261515791453 ], [ 6.70819805041442, 50.912597187044604 ], [ 6.708212263502683, 50.912597466163952 ], [ 6.708213146516923, 50.912579495293791 ], [ 6.708227359599947, 50.912579774411228 ], [ 6.708228242607816, 50.912561803540825 ], [ 6.708242455685603, 50.912562082656351 ], [ 6.708242897186465, 50.912553097221043 ], [ 6.708214471036583, 50.912552538988436 ], [ 6.708214029530255, 50.912561524423573 ], [ 6.708185603375814, 50.912560966183868 ], [ 6.708185161863795, 50.912569951618806 ], [ 6.708170948784182, 50.912569672496282 ], [ 6.708170507269205, 50.912578657931107 ], [ 6.708156294187085, 50.912578378806757 ], [ 6.708155852669149, 50.912587364241503 ], [ 6.708141639584524, 50.912587085115327 ], [ 6.70814075654251, 50.912605055984564 ], [ 6.708126543452646, 50.912604776856483 ], [ 6.708126101928567, 50.912613762290995 ], [ 6.708140315021163, 50.912614041419161 ], [ 6.70813987349959, 50.912623026853744 ], [ 6.708168299690927, 50.912623585105059 ], [ 6.708167858174592, 50.912632570539792 ], [ 6.708182071273332, 50.912632849662955 ] ] ] ] } },
{ "type": "Feature", "properties": { "gml_id": "DENW41AL30005UTXFL", "identifier": "urn:adv:oid:DENW41AL30005UTXFL", "aktualit_2": "2025-01-17Z", "idflurst": "DENW41AL30005UTX", "flaeche": 502.0, "flstkennz_": "054682021000800040__", "flstnrzae": "80", "flstnrnen": "40", "gemarkung": "Horrem", "gemaschl": "054682", "flur": "21", "flurschl": "054682021", "land": "Nordrhein-Westfalen", "landschl": "05", "regbezirk": "Köln", "regbezschl": "053", "kreis": "Rhein-Erft-Kreis", "kreisschl": "05362", "gemeinde": "Kerpen", "gmdschl": "05362032", "abwrecht": "Kein abweichender Rechtszustand", "lagebeztxt": "Sistenichstraße 20", "tntxt": "Wohnbaufläche;502", "area": 502, "DN": null, "rg area": 134.0, "bldg sum": null, "open area": null, "10%drain A": null, "5%drain A+": null, "10% check": null, "T OPEN A": 269.5, "T DRAIN A": 232.5, "5% drain": 11.6, "area ok": 1, "5% ok": 1, "layer": "RG final", "path": "C:/Users/kanis/Desktop/Thesis/Data/Analysis/Horrem/RG/RG final.shp", "area final": 134.0 }, "geometry": { "type": "MultiPolygon", "coordinates": [ [ [ [ 6.708603608577834, 50.912740062364939 ], [ 6.708604491445851, 50.912722091490288 ], [ 6.708576065185843, 50.912721533344396 ], [ 6.708576506624977, 50.912712547907233 ], [ 6.708562293498044, 50.912712268831775 ], [ 6.708562734939684, 50.912703283394691 ], [ 6.70854852181571, 50.912703004317592 ], [ 6.708548963259855, 50.912694018880579 ], [ 6.70853475013884, 50.912693739801838 ], [ 6.708535191585494, 50.912684754364882 ], [ 6.70847833911462, 50.912683638033016 ], [ 6.708478780571975, 50.912674652596401 ], [ 6.708464567457554, 50.912674373509212 ], [ 6.70846589183646, 50.912647417199544 ], [ 6.708480104942684, 50.912647696286477 ], [ 6.708480546399134, 50.912638710849805 ], [ 6.708452120192378, 50.91263815267439 ], [ 6.708452561654068, 50.912629167237867 ], [ 6.708409922353827, 50.912628329962033 ], [ 6.708410363823486, 50.912619344525773 ], [ 6.708381937629921, 50.912618786333425 ], [ 6.708381054679448, 50.912636757205583 ], [ 6.708352628475859, 50.912636199005952 ], [ 6.708353069956674, 50.912627213570055 ], [ 6.708338856857951, 50.912626934467745 ], [ 6.708339298341272, 50.912617949031912 ], [ 6.708367724533479, 50.912618507234647 ], [ 6.708368166011109, 50.912609521798629 ], [ 6.708339739824367, 50.912608963596078 ], [ 6.708340181307234, 50.91259997816023 ], [ 6.708297542037014, 50.912599140843696 ], [ 6.708297983527853, 50.91259015540809 ], [ 6.708255344267866, 50.912589318076265 ], [ 6.708254461269568, 50.912607288946937 ], [ 6.708240248177894, 50.912607009832684 ], [ 6.708239365173227, 50.912624980703093 ], [ 6.708225152076314, 50.912624701586942 ], [ 6.708224269065278, 50.91264267245711 ], [ 6.708252695270259, 50.91264323068804 ], [ 6.708252253769865, 50.912652216123284 ], [ 6.708280679981216, 50.912652774347464 ], [ 6.70828023848606, 50.912661759782871 ], [ 6.70832287781298, 50.912662597106454 ], [ 6.708322436325796, 50.912671582542096 ], [ 6.708350862550338, 50.912672140749365 ], [ 6.708350421068392, 50.912681126185156 ], [ 6.708393060415099, 50.912681963483351 ], [ 6.708392618941123, 50.912690948919398 ], [ 6.708435258298063, 50.912691786202295 ], [ 6.708434816832058, 50.912700771638598 ], [ 6.708463243076614, 50.912701329818717 ], [ 6.708462801615847, 50.91271031525519 ], [ 6.708505440992574, 50.912711152512678 ], [ 6.708504999539778, 50.912720137949393 ], [ 6.708547638926738, 50.912720975191583 ], [ 6.708547197481913, 50.912729960628553 ], [ 6.708575623746482, 50.912730518781551 ], [ 6.708575182306896, 50.912739504218685 ], [ 6.708603608577834, 50.912740062364939 ] ], [ [ 6.708394384835668, 50.912655007175061 ], [ 6.708437024159819, 50.912655844456879 ], [ 6.708436582694719, 50.912664829893252 ], [ 6.708450795805955, 50.91266510898383 ], [ 6.708450354343361, 50.912674094420282 ], [ 6.708407715002136, 50.912673257143119 ], [ 6.70840727353112, 50.912682242579272 ], [ 6.708393060415099, 50.912681963483351 ], [ 6.708394384835668, 50.912655007175061 ] ] ] ] } },
{ "type": "Feature", "properties": { "gml_id": "DENW41AL30005cykFL", "identifier": "urn:adv:oid:DENW41AL30005cykFL", "aktualit_2": "2024-08-20Z", "idflurst": "DENW41AL30005cyk", "flaeche": 504.0, "flstkennz_": "05468202100323______", "flstnrzae": "323", "flstnrnen": null, "gemarkung": "Horrem", "gemaschl": "054682", "flur": "21", "flurschl": "054682021", "land": "Nordrhein-Westfalen", "landschl": "05", "regbezirk": "Köln", "regbezschl": "053", "kreis": "Rhein-Erft-Kreis", "kreisschl": "05362", "gemeinde": "Kerpen", "gmdschl": "05362032", "abwrecht": "Kein abweichender Rechtszustand", "lagebeztxt": "Herderstraße 3", "tntxt": "Wohnbaufläche;504", "area": 510, "DN": null, "rg area": 21.0, "bldg sum": null, "open area": null, "10%drain A": null, "5%drain A+": null, "10% check": null, "T OPEN A": 192.8, "T DRAIN A": 317.2, "5% drain": 15.9, "area ok": 1, "5% ok": 1, "layer": "RG final", "path": "C:/Users/kanis/Desktop/Thesis/Data/Analysis/Horrem/RG/RG final.shp", "area final": 21.0 }, "geometry": { "type": "MultiPolygon", "coordinates": [ [ [ [ 6.708303281400271, 50.912482330179543 ], [ 6.708303722888168, 50.912473344743717 ], [ 6.708317935939763, 50.912473623849714 ], [ 6.708318818909416, 50.91245565297784 ], [ 6.708333031955773, 50.912455932081933 ], [ 6.708333914919054, 50.912437961209811 ], [ 6.708291275797056, 50.9124371238929 ], [ 6.708290392817379, 50.912455094764475 ], [ 6.708276179771701, 50.912454815655202 ], [ 6.708276621264385, 50.912445830219511 ], [ 6.708262408221665, 50.912445551108604 ], [ 6.70826196672625, 50.912454536544196 ], [ 6.708247753681024, 50.912454257431463 ], [ 6.70824731218265, 50.912463242866963 ], [ 6.708233099134917, 50.912462963752425 ], [ 6.708232657633586, 50.912471949187811 ], [ 6.708261083734739, 50.912472507415359 ], [ 6.708260642238645, 50.912481492850915 ], [ 6.708303281400271, 50.912482330179543 ] ] ] ] } },
{ "type": "Feature", "properties": { "gml_id": "DENW41AL30005UTXFL", "identifier": "urn:adv:oid:DENW41AL30005UTXFL", "aktualit_2": "2025-01-17Z", "idflurst": "DENW41AL30005UTX", "flaeche": 502.0, "flstkennz_": "054682021000800040__", "flstnrzae": "80", "flstnrnen": "40", "gemarkung": "Horrem", "gemaschl": "054682", "flur": "21", "flurschl": "054682021", "land": "Nordrhein-Westfalen", "landschl": "05", "regbezirk": "Köln", "regbezschl": "053", "kreis": "Rhein-Erft-Kreis", "kreisschl": "05362", "gemeinde": "Kerpen", "gmdschl": "05362032", "abwrecht": "Kein abweichender Rechtszustand", "lagebeztxt": "Sistenichstraße 20", "tntxt": "Wohnbaufläche;502", "area": 502, "DN": null, "rg area": 12.0, "bldg sum": null, "open area": null, "10%drain A": null, "5%drain A+": null, "10% check": null, "T OPEN A": 269.5, "T DRAIN A": 232.5, "5% drain": 11.6, "area ok": 1, "5% ok": 1, "layer": "RG final", "path": "C:/Users/kanis/Desktop/Thesis/Data/Analysis/Horrem/RG/RG final.shp", "area final": 12.0 }, "geometry": { "type": "MultiPolygon", "coordinates": [ [ [ [ 6.708591161188313, 50.912703841543681 ], [ 6.708591602624262, 50.912694856106398 ], [ 6.708605815746182, 50.912695135178218 ], [ 6.708606257179174, 50.912686149740821 ], [ 6.708577830941023, 50.912685591595633 ], [ 6.708578272379252, 50.912676606158406 ], [ 6.708564059263249, 50.912676327083304 ], [ 6.708564942144492, 50.912658356208979 ], [ 6.708522302814232, 50.912657518973838 ], [ 6.708521861365526, 50.912666504410737 ], [ 6.708550287590938, 50.912667062569419 ], [ 6.708548963259855, 50.912694018880579 ], [ 6.708563176381098, 50.912694297957572 ], [ 6.708562734939684, 50.912703283394691 ], [ 6.708591161188313, 50.912703841543681 ] ] ] ] } },
{ "type": "Feature", "properties": { "gml_id": "DENW41AL30005bUaFL", "identifier": "urn:adv:oid:DENW41AL30005bUaFL", "aktualit_2": "2025-01-17Z", "idflurst": "DENW41AL30005bUa", "flaeche": 441.0, "flstkennz_": "05468202100043______", "flstnrzae": "43", "flstnrnen": null, "gemarkung": "Horrem", "gemaschl": "054682", "flur": "21", "flurschl": "054682021", "land": "Nordrhein-Westfalen", "landschl": "05", "regbezirk": "Köln", "regbezschl": "053", "kreis": "Rhein-Erft-Kreis", "kreisschl": "05362", "gemeinde": "Kerpen", "gmdschl": "05362032", "abwrecht": "Kein abweichender Rechtszustand", "lagebeztxt": "Wiesenstraße 1", "tntxt": "Wohnbaufläche;441", "area": 439, "DN": null, "rg area": 159.0, "bldg sum": null, "open area": null, "10%drain A": null, "5%drain A+": null, "10% check": null, "T OPEN A": 249.6, "T DRAIN A": 189.4, "5% drain": 9.5, "area ok": 1, "5% ok": 1, "layer": "RG final", "path": "C:/Users/kanis/Desktop/Thesis/Data/Analysis/Horrem/RG/RG final.shp", "area final": 159.0 }, "geometry": { "type": "MultiPolygon", "coordinates": [ [ [ [ 6.708337176504806, 50.912950689251709 ], [ 6.708338059482046, 50.912932718381072 ], [ 6.708352272673894, 50.912932997484688 ], [ 6.708353155644765, 50.912915026613803 ], [ 6.708367368831373, 50.912915305715501 ], [ 6.708368251795876, 50.912897334844388 ], [ 6.708382464977245, 50.912897613944182 ], [ 6.708383347935377, 50.912879643072813 ], [ 6.708397561111509, 50.912879922170703 ], [ 6.708398444063271, 50.912861951299085 ], [ 6.708412657234164, 50.912862230395078 ], [ 6.708413981651915, 50.912835274087257 ], [ 6.708428194814838, 50.912835553181246 ], [ 6.708429077753409, 50.912817582309103 ], [ 6.708400651438717, 50.912817024119761 ], [ 6.708401092913129, 50.912808038683849 ], [ 6.708358453450986, 50.912807201387132 ], [ 6.708358894933368, 50.912798215951462 ], [ 6.708330468631869, 50.912797657745166 ], [ 6.70832958565595, 50.912815628616123 ], [ 6.708301159344428, 50.912815070402573 ], [ 6.708302042331275, 50.912797099531971 ], [ 6.708287829181318, 50.912796820422777 ], [ 6.708286946189006, 50.912814791293201 ], [ 6.70827273303381, 50.912814512182109 ], [ 6.708271408535448, 50.912841468487343 ], [ 6.708257195372282, 50.912841189374262 ], [ 6.708256312366779, 50.91285916024416 ], [ 6.708242099198373, 50.912858881129161 ], [ 6.7082412161865, 50.91287685199881 ], [ 6.708227003012857, 50.912876572881906 ], [ 6.708226119994615, 50.912894543751321 ], [ 6.708211906815733, 50.912894264632499 ], [ 6.708211023791121, 50.912912235501665 ], [ 6.708196810607001, 50.912911956380945 ], [ 6.708195927576019, 50.912929927249863 ], [ 6.708266993526203, 50.912931322837082 ], [ 6.708266552024035, 50.912940308271963 ], [ 6.708294978411157, 50.912940866494928 ], [ 6.708294536914227, 50.912949851929966 ], [ 6.708337176504806, 50.912950689251709 ] ] ] ] } },
{ "type": "Feature", "properties": { "gml_id": "DENW41AL30005cJqFL", "identifier": "urn:adv:oid:DENW41AL30005cJqFL", "aktualit_2": "2024-08-20Z", "idflurst": "DENW41AL30005cJq", "flaeche": 428.0, "flstkennz_": "05468202100044______", "flstnrzae": "44", "flstnrnen": null, "gemarkung": "Horrem", "gemaschl": "054682", "flur": "21", "flurschl": "054682021", "land": "Nordrhein-Westfalen", "landschl": "05", "regbezirk": "Köln", "regbezschl": "053", "kreis": "Rhein-Erft-Kreis", "kreisschl": "05362", "gemeinde": "Kerpen", "gmdschl": "05362032", "abwrecht": "Kein abweichender Rechtszustand", "lagebeztxt": "Wiesenstraße 3", "tntxt": "Wohnbaufläche;428", "area": 426, "DN": null, "rg area": 128.0, "bldg sum": null, "open area": null, "10%drain A": null, "5%drain A+": null, "10% check": null, "T OPEN A": 193.9, "T DRAIN A": 232.1, "5% drain": 11.6, "area ok": 1, "5% ok": 1, "layer": "RG final", "path": "C:/Users/kanis/Desktop/Thesis/Data/Analysis/Horrem/RG/RG final.shp", "area final": 128.0 }, "geometry": { "type": "MultiPolygon", "coordinates": [ [ [ [ 6.708168825760056, 50.912902412700006 ], [ 6.70816970880061, 50.912884441831331 ], [ 6.70818392197608, 50.912884720955248 ], [ 6.708184805010265, 50.912866750086323 ], [ 6.708199018180497, 50.912867029208343 ], [ 6.708199901208311, 50.912849058339184 ], [ 6.708214114373305, 50.912849337459278 ], [ 6.70821499739475, 50.912831366589877 ], [ 6.708229210554505, 50.912831645708067 ], [ 6.708230093569581, 50.912813674838432 ], [ 6.708244306724097, 50.912813953954711 ], [ 6.708245189732803, 50.91279598308482 ], [ 6.708259402882081, 50.912796262199201 ], [ 6.708260285884418, 50.912778291329069 ], [ 6.708246072740603, 50.912778012214865 ], [ 6.708246514244164, 50.912769026779863 ], [ 6.708218087962679, 50.912768468546446 ], [ 6.708218529471478, 50.912759483111607 ], [ 6.708175890059145, 50.912758645748774 ], [ 6.708176331575915, 50.912749660314191 ], [ 6.708133692173815, 50.912748822936074 ], [ 6.708133250648848, 50.912757808370394 ], [ 6.708119037512535, 50.912757529240807 ], [ 6.708118154456458, 50.91277550010922 ], [ 6.708103941314907, 50.912775220977736 ], [ 6.708102616720899, 50.912802177279985 ], [ 6.708088403571375, 50.912801898146498 ], [ 6.708087078967134, 50.912828854448321 ], [ 6.708101292124852, 50.912829133582072 ], [ 6.708100850592385, 50.912838119016087 ], [ 6.708115063753063, 50.912838398148189 ], [ 6.708114622223101, 50.91284738358226 ], [ 6.708128835386736, 50.912847662712736 ], [ 6.708128393859282, 50.912856648146878 ], [ 6.708114180692912, 50.912856369016325 ], [ 6.708113739162498, 50.912865354450361 ], [ 6.708099525993624, 50.912865075317967 ], [ 6.708098201392827, 50.912892031619727 ], [ 6.708126627747195, 50.912892589883299 ], [ 6.708126186218608, 50.912901575317349 ], [ 6.708168825760056, 50.912902412700006 ] ] ] ] } },
{ "type": "Feature", "properties": { "gml_id": "DENW41AL30005dKpFL", "identifier": "urn:adv:oid:DENW41AL30005dKpFL", "aktualit_2": "2025-01-17Z", "idflurst": "DENW41AL30005dKp", "flaeche": 510.0, "flstkennz_": "054682021000810040__", "flstnrzae": "81", "flstnrnen": "40", "gemarkung": "Horrem", "gemaschl": "054682", "flur": "21", "flurschl": "054682021", "land": "Nordrhein-Westfalen", "landschl": "05", "regbezirk": "Köln", "regbezschl": "053", "kreis": "Rhein-Erft-Kreis", "kreisschl": "05362", "gemeinde": "Kerpen", "gmdschl": "05362032", "abwrecht": "Kein abweichender Rechtszustand", "lagebeztxt": "Sistenichstraße 18", "tntxt": "Wohnbaufläche;510", "area": 509, "DN": null, "rg area": 195.0, "bldg sum": null, "open area": null, "10%drain A": null, "5%drain A+": null, "10% check": null, "T OPEN A": 296.7, "T DRAIN A": 212.3, "5% drain": 10.6, "area ok": 1, "5% ok": 1, "layer": "RG final", "path": "C:/Users/kanis/Desktop/Thesis/Data/Analysis/Horrem/RG/RG final.shp", "area final": 195.0 }, "geometry": { "type": "MultiPolygon", "coordinates": [ [ [ [ 6.708542783021219, 50.912819814997341 ], [ 6.708543665915168, 50.91280184412372 ], [ 6.708557879069199, 50.912802123201786 ], [ 6.708558320513101, 50.912793137764872 ], [ 6.708586746816374, 50.912793695915653 ], [ 6.708587188254587, 50.912784710478533 ], [ 6.70860140140383, 50.912784989551234 ], [ 6.708602284274111, 50.912767018676767 ], [ 6.708573857986778, 50.912766460529973 ], [ 6.708574299427044, 50.912757475092903 ], [ 6.708531660005938, 50.912756637860014 ], [ 6.708532101454174, 50.912747652423185 ], [ 6.708489462043302, 50.912746815174998 ], [ 6.708489903499508, 50.912737829738433 ], [ 6.70846147723219, 50.912737271564509 ], [ 6.708461918693636, 50.912728286128086 ], [ 6.708419279302551, 50.912727448854511 ], [ 6.708419720771967, 50.912718463418322 ], [ 6.70839129451784, 50.912717905227474 ], [ 6.708391735992493, 50.91270891979147 ], [ 6.708349096621196, 50.912708082492493 ], [ 6.708349538103822, 50.912699097056723 ], [ 6.708306898742758, 50.912698259742449 ], [ 6.708307340233352, 50.912689274306949 ], [ 6.708278913999238, 50.912688716088972 ], [ 6.708279355495073, 50.912679730653615 ], [ 6.708236716153796, 50.912678893313938 ], [ 6.7082371576576, 50.912669907878836 ], [ 6.708194518326557, 50.912669070523862 ], [ 6.708194076814556, 50.912678055958693 ], [ 6.708179863701928, 50.912677776836837 ], [ 6.708178980671781, 50.912695747706266 ], [ 6.708164767553916, 50.912695468582484 ], [ 6.708163884517401, 50.912713439451679 ], [ 6.708149671394298, 50.912713160326 ], [ 6.708149229872968, 50.912722145760483 ], [ 6.708191869251155, 50.912722983132618 ], [ 6.708191427737797, 50.912731968567357 ], [ 6.708205640867045, 50.912732247688027 ], [ 6.708206523888071, 50.912714276818356 ], [ 6.708234950136316, 50.912714835054153 ], [ 6.708234067126218, 50.912732805924186 ], [ 6.708219853996518, 50.912732526806977 ], [ 6.708219412488399, 50.912741512241865 ], [ 6.708262051886374, 50.912742349588598 ], [ 6.708261610386224, 50.912751335023735 ], [ 6.708290036658137, 50.912751893246423 ], [ 6.708289595163226, 50.912760878681731 ], [ 6.70833223458099, 50.912761716003054 ], [ 6.708331793094048, 50.912770701438603 ], [ 6.708374432522045, 50.912771538744643 ], [ 6.708373991043076, 50.912780524180441 ], [ 6.708402417335002, 50.912781082376007 ], [ 6.708401975861269, 50.912790067811976 ], [ 6.708444615309054, 50.912790905092592 ], [ 6.708444173843294, 50.912799890528802 ], [ 6.70848681330131, 50.912800727794142 ], [ 6.70848637184352, 50.912809713230615 ], [ 6.708500584999377, 50.912809992315694 ], [ 6.708501026454436, 50.912801006879135 ], [ 6.708529452761364, 50.912801565043921 ], [ 6.70852901131177, 50.91281055048065 ], [ 6.708514798155461, 50.912810271399039 ], [ 6.708514356702909, 50.912819256835668 ], [ 6.708542783021219, 50.912819814997341 ] ], [ [ 6.708390411567852, 50.912735876099461 ], [ 6.708361985303701, 50.912735317901337 ], [ 6.708362868264618, 50.912717347029712 ], [ 6.70839129451784, 50.912717905227474 ], [ 6.708390411567852, 50.912735876099461 ] ], [ [ 6.70847436598824, 50.912764506961764 ], [ 6.70848857913021, 50.912764786048122 ], [ 6.708488137673325, 50.912773771484652 ], [ 6.708473924528622, 50.912773492398209 ], [ 6.70847436598824, 50.912764506961764 ] ] ] ] } },
{ "type": "Feature", "properties": { "gml_id": "DENW41AL30005XPvFL", "identifier": "urn:adv:oid:DENW41AL30005XPvFL", "aktualit_2": "2025-01-17Z", "idflurst": "DENW41AL30005XPv", "flaeche": 487.0, "flstkennz_": "054682021000780040__", "flstnrzae": "78", "flstnrnen": "40", "gemarkung": "Horrem", "gemaschl": "054682", "flur": "21", "flurschl": "054682021", "land": "Nordrhein-Westfalen", "landschl": "05", "regbezirk": "Köln", "regbezschl": "053", "kreis": "Rhein-Erft-Kreis", "kreisschl": "05362", "gemeinde": "Kerpen", "gmdschl": "05362032", "abwrecht": "Kein abweichender Rechtszustand", "lagebeztxt": "Sistenichstraße 24", "tntxt": "Wohnbaufläche;487", "area": 484, "DN": null, "rg area": 185.0, "bldg sum": null, "open area": null, "10%drain A": null, "5%drain A+": null, "10% check": null, "T OPEN A": 240.2, "T DRAIN A": 243.8, "5% drain": 12.2, "area ok": 1, "5% ok": 1, "layer": "RG final", "path": "C:/Users/kanis/Desktop/Thesis/Data/Analysis/Horrem/RG/RG final.shp", "area final": 185.0 }, "geometry": { "type": "MultiPolygon", "coordinates": [ [ [ [ 6.708725259056775, 50.912580556993866 ], [ 6.708726141872932, 50.912562586117211 ], [ 6.708740354955903, 50.912562865172148 ], [ 6.708741679170247, 50.912535908856754 ], [ 6.708755892245249, 50.912536187909694 ], [ 6.708756333646845, 50.912527202471118 ], [ 6.708742120574576, 50.912526923418277 ], [ 6.708742561978679, 50.912517937979764 ], [ 6.708714135840282, 50.912517379869072 ], [ 6.708714577249622, 50.912508394430731 ], [ 6.708686151117595, 50.912507836313303 ], [ 6.708686592532175, 50.91249885087511 ], [ 6.708643953344027, 50.912498013686267 ], [ 6.708644394766576, 50.912489028248331 ], [ 6.708601755588663, 50.912488191044197 ], [ 6.708602197019182, 50.912479205606509 ], [ 6.708573770907169, 50.912478647461946 ], [ 6.708574212342926, 50.912469662024435 ], [ 6.708531573184799, 50.912468824794892 ], [ 6.708532014628528, 50.912459839357609 ], [ 6.708489375480633, 50.912459002112776 ], [ 6.708489816932333, 50.912450016675756 ], [ 6.708461390840332, 50.912449458504071 ], [ 6.708461832297269, 50.9124404730672 ], [ 6.708419193169163, 50.912439635796972 ], [ 6.708419634634071, 50.912430650360349 ], [ 6.708391208555261, 50.912430092171725 ], [ 6.708390767084888, 50.91243907760817 ], [ 6.70837655404309, 50.912438798511175 ], [ 6.708375671096202, 50.912456769383816 ], [ 6.708361458049166, 50.912456490284917 ], [ 6.708360575095909, 50.912474461157309 ], [ 6.708346362043633, 50.912474182056513 ], [ 6.708345920563933, 50.912483167492603 ], [ 6.708374346674172, 50.91248372569266 ], [ 6.708373905199709, 50.912492711128913 ], [ 6.708402331316318, 50.912493269322241 ], [ 6.708401889847093, 50.912502254758657 ], [ 6.708444529031899, 50.912503092035941 ], [ 6.708444087570646, 50.912512077472599 ], [ 6.708486726765686, 50.912512914734585 ], [ 6.708486285312402, 50.912521900171498 ], [ 6.708528924517674, 50.9125227374182 ], [ 6.708528483072363, 50.912531722855356 ], [ 6.708556909215806, 50.912532281011359 ], [ 6.708556467775732, 50.912541266448677 ], [ 6.708584893925544, 50.912541824597945 ], [ 6.70858445249071, 50.912550810035412 ], [ 6.708627091725322, 50.912551647246602 ], [ 6.708626650298457, 50.91256063268434 ], [ 6.708669289543304, 50.912561469880231 ], [ 6.708668848124408, 50.912570455318203 ], [ 6.708697274294235, 50.912571013440335 ], [ 6.708696832880578, 50.912579998878485 ], [ 6.708725259056775, 50.912580556993866 ] ], [ [ 6.708699481359123, 50.912526086249379 ], [ 6.708727907502532, 50.912526644363702 ], [ 6.708727024688184, 50.912544615240499 ], [ 6.708698598533847, 50.912544057125821 ], [ 6.708699481359123, 50.912526086249379 ] ], [ [ 6.708416985841227, 50.912484562979792 ], [ 6.708445411953728, 50.912485121162568 ], [ 6.708444970492928, 50.912494106599254 ], [ 6.708416544374961, 50.9124935484163 ], [ 6.708416985841227, 50.912484562979792 ] ] ] ] } },
{ "type": "Feature", "properties": { "gml_id": "DENW41AL30005bLPFL", "identifier": "urn:adv:oid:DENW41AL30005bLPFL", "aktualit_2": "2024-08-20Z", "idflurst": "DENW41AL30005bLP", "flaeche": 272.0, "flstkennz_": "054682020001620017__", "flstnrzae": "162", "flstnrnen": "17", "gemarkung": "Horrem", "gemaschl": "054682", "flur": "20", "flurschl": "054682020", "land": "Nordrhein-Westfalen", "landschl": "05", "regbezirk": "Köln", "regbezschl": "053", "kreis": "Rhein-Erft-Kreis", "kreisschl": "05362", "gemeinde": "Kerpen", "gmdschl": "05362032", "abwrecht": "Kein abweichender Rechtszustand", "lagebeztxt": "Adenauerstraße 21", "tntxt": "Wohnbaufläche;272", "area": 273, "DN": null, "rg area": 56.0, "bldg sum": null, "open area": null, "10%drain A": null, "5%drain A+": null, "10% check": null, "T OPEN A": 110.9, "T DRAIN A": 162.1, "5% drain": 8.1, "area ok": 1, "5% ok": 1, "layer": "RG final", "path": "C:/Users/kanis/Desktop/Thesis/Data/Analysis/Horrem/RG/RG final.shp", "area final": 56.0 }, "geometry": { "type": "MultiPolygon", "coordinates": [ [ [ [ 6.707373372503079, 50.911429743160767 ], [ 6.707373814153471, 50.911420757729161 ], [ 6.707359601431916, 50.911420478512362 ], [ 6.707360043084815, 50.911411493080834 ], [ 6.707374255803639, 50.911411772297541 ], [ 6.707374697453579, 50.911402786865906 ], [ 6.707388910169897, 50.911403066080801 ], [ 6.707389793463635, 50.911385095217291 ], [ 6.707404006174715, 50.911385374430282 ], [ 6.707406214391441, 50.911340447270767 ], [ 6.707420427089087, 50.91134072648159 ], [ 6.707422635286493, 50.911295799321231 ], [ 6.70735157186883, 50.911294403252086 ], [ 6.707350246910083, 50.911321359547024 ], [ 6.707364459601361, 50.911321638764569 ], [ 6.707365342901953, 50.91130366790113 ], [ 6.707379555587992, 50.911303947116771 ], [ 6.707379113940539, 50.911312932548597 ], [ 6.70740753931876, 50.911313490974877 ], [ 6.707406656034107, 50.911331461838827 ], [ 6.707392443339419, 50.91133118262637 ], [ 6.707392001694021, 50.911340168058231 ], [ 6.707377788996828, 50.911339888843969 ], [ 6.707377347348472, 50.911348874275717 ], [ 6.7073489219493, 50.911348315841813 ], [ 6.707348480295254, 50.911357301273362 ], [ 6.707334267593276, 50.911357022053728 ], [ 6.707333384279038, 50.911374992916627 ], [ 6.707319171571822, 50.911374713695082 ], [ 6.707316963268608, 50.911419640851577 ], [ 6.707331175989485, 50.91141992007357 ], [ 6.707330734330894, 50.911428905504913 ], [ 6.707373372503079, 50.911429743160767 ] ] ] ] } },
{ "type": "Feature", "properties": { "gml_id": "DENW41AL30005bnEFL", "identifier": "urn:adv:oid:DENW41AL30005bnEFL", "aktualit_2": "2024-08-20Z", "idflurst": "DENW41AL30005bnE", "flaeche": 549.0, "flstkennz_": "05468202100017______", "flstnrzae": "17", "flstnrnen": null, "gemarkung": "Horrem", "gemaschl": "054682", "flur": "21", "flurschl": "054682021", "land": "Nordrhein-Westfalen", "landschl": "05", "regbezirk": "Köln", "regbezschl": "053", "kreis": "Rhein-Erft-Kreis", "kreisschl": "05362", "gemeinde": "Kerpen", "gmdschl": "05362032", "abwrecht": "Kein abweichender Rechtszustand", "lagebeztxt": "Sistenichstraße 8", "tntxt": "Wohnbaufläche;549", "area": 546, "DN": null, "rg area": 129.0, "bldg sum": null, "open area": null, "10%drain A": null, "5%drain A+": null, "10% check": null, "T OPEN A": 182.5, "T DRAIN A": 363.5, "5% drain": 18.2, "area ok": 1, "5% ok": 1, "layer": "RG final", "path": "C:/Users/kanis/Desktop/Thesis/Data/Analysis/Horrem/RG/RG final.shp", "area final": 129.0 }, "geometry": { "type": "MultiPolygon", "coordinates": [ [ [ [ 6.708023770242675, 50.913538145389111 ], [ 6.708024653359079, 50.91352017452423 ], [ 6.708038866726737, 50.913520453668283 ], [ 6.708039308281867, 50.913511468235733 ], [ 6.708053521647019, 50.913511747377974 ], [ 6.708053963199191, 50.913502761945317 ], [ 6.708068176561838, 50.913503041085733 ], [ 6.708069059660036, 50.91348507022019 ], [ 6.708054846302855, 50.913484791079945 ], [ 6.708055287854346, 50.913475805647245 ], [ 6.708012647792359, 50.913474968216399 ], [ 6.708013089351822, 50.91346598278394 ], [ 6.707998876001011, 50.913465703636959 ], [ 6.707998434438815, 50.913474689069332 ], [ 6.707970007732407, 50.913474130770005 ], [ 6.707970890867502, 50.913456159905607 ], [ 6.707942464172929, 50.913455601599715 ], [ 6.707942905745602, 50.913446616167661 ], [ 6.707900265713636, 50.913445778696129 ], [ 6.70790070729428, 50.913436793264324 ], [ 6.707872280612899, 50.913436234941507 ], [ 6.70787183902679, 50.913445220373127 ], [ 6.70784341234085, 50.913444662043204 ], [ 6.707843853932424, 50.913435676611762 ], [ 6.707858067272548, 50.913435955777494 ], [ 6.707858508861164, 50.913426970345945 ], [ 6.707830082186605, 50.913426412012925 ], [ 6.707830523780459, 50.913417426581539 ], [ 6.707787883778515, 50.913416589069314 ], [ 6.707788325380339, 50.913407603638177 ], [ 6.707774112049544, 50.91340732446406 ], [ 6.707773670444987, 50.913416309895105 ], [ 6.707759457111686, 50.913416030719176 ], [ 6.70775901550417, 50.913425016150114 ], [ 6.707744802168362, 50.913424736972367 ], [ 6.707743918947187, 50.913442707834029 ], [ 6.707729705606141, 50.913442428654371 ], [ 6.707729263992482, 50.913451414085088 ], [ 6.707757690680266, 50.91345197244285 ], [ 6.707757249071846, 50.913460957873724 ], [ 6.707785675765999, 50.91346151622475 ], [ 6.707785234162817, 50.913470501655787 ], [ 6.707842087564772, 50.913471618337439 ], [ 6.707841645972293, 50.913480603768804 ], [ 6.707884286034332, 50.913481441262164 ], [ 6.707882961280129, 50.913508397556996 ], [ 6.707925601368797, 50.913509235035583 ], [ 6.707925159791808, 50.913518220467417 ], [ 6.707953586524182, 50.91351877877802 ], [ 6.707953144952431, 50.913527764210016 ], [ 6.707995785060888, 50.913528601663202 ], [ 6.707995343497108, 50.913537587095455 ], [ 6.708023770242675, 50.913538145389111 ] ], [ [ 6.707968683028067, 50.913501087066479 ], [ 6.707954469667005, 50.913500807913955 ], [ 6.707954911238077, 50.913491822481909 ], [ 6.707969124596406, 50.91349210163434 ], [ 6.70796956616452, 50.913483116202187 ], [ 6.707983779520344, 50.913483395352792 ], [ 6.707982896389356, 50.913501366217268 ], [ 6.70801132311261, 50.913501924513682 ], [ 6.708010881552243, 50.913510909946069 ], [ 6.707968241459501, 50.913510072498603 ], [ 6.707968683028067, 50.913501087066479 ] ] ] ] } },
{ "type": "Feature", "properties": { "gml_id": "DENW41AL30005flHFL", "identifier": "urn:adv:oid:DENW41AL30005flHFL", "aktualit_2": "2024-08-20Z", "idflurst": "DENW41AL30005flH", "flaeche": 516.0, "flstkennz_": "05468202100445______", "flstnrzae": "445", "flstnrnen": null, "gemarkung": "Horrem", "gemaschl": "054682", "flur": "21", "flurschl": "054682021", "land": "Nordrhein-Westfalen", "landschl": "05", "regbezirk": "Köln", "regbezschl": "053", "kreis": "Rhein-Erft-Kreis", "kreisschl": "05362", "gemeinde": "Kerpen", "gmdschl": "05362032", "abwrecht": "Kein abweichender Rechtszustand", "lagebeztxt": "Sistenichstraße 10", "tntxt": "Wohnbaufläche;516", "area": 515, "DN": null, "rg area": 103.0, "bldg sum": null, "open area": null, "10%drain A": null, "5%drain A+": null, "10% check": null, "T OPEN A": 129.8, "T DRAIN A": 385.2, "5% drain": 19.3, "area ok": 1, "5% ok": 1, "layer": "RG final", "path": "C:/Users/kanis/Desktop/Thesis/Data/Analysis/Horrem/RG/RG final.shp", "area final": 103.0 }, "geometry": { "type": "MultiPolygon", "coordinates": [ [ [ [ 6.708211634765729, 50.913478876093841 ], [ 6.708212076286939, 50.913469890660132 ], [ 6.708226289641145, 50.913470169781178 ], [ 6.708227172677421, 50.913452198913546 ], [ 6.708241386026388, 50.913452478032688 ], [ 6.708241827541454, 50.913443492598752 ], [ 6.70822761419522, 50.913443213479695 ], [ 6.708228497230137, 50.913425242611964 ], [ 6.708214283889594, 50.913424963491366 ], [ 6.708215166929072, 50.913406992623742 ], [ 6.70822938026415, 50.913407271744177 ], [ 6.708229821780818, 50.91339828631024 ], [ 6.708258248446189, 50.913398844545725 ], [ 6.708258689957165, 50.913389859111604 ], [ 6.708230263297259, 50.913389300876297 ], [ 6.708230704813474, 50.913380315442339 ], [ 6.708188064833508, 50.913379478076685 ], [ 6.708188506357694, 50.913370492642969 ], [ 6.708160079710979, 50.91336993439073 ], [ 6.708160521240404, 50.913360948957184 ], [ 6.708075241322087, 50.913359274159497 ], [ 6.708074358230223, 50.913377245025522 ], [ 6.708060144905831, 50.913376965886336 ], [ 6.708059261807598, 50.913394936752105 ], [ 6.708073475137455, 50.913395215891462 ], [ 6.708073033590731, 50.913404201324404 ], [ 6.708087246923547, 50.913404480462113 ], [ 6.708086805379329, 50.91341346589514 ], [ 6.708101018715104, 50.913413745031214 ], [ 6.708100577173393, 50.913422730464305 ], [ 6.708114790512126, 50.913423009598745 ], [ 6.708113465893831, 50.913449965898195 ], [ 6.708127679240988, 50.913450245031157 ], [ 6.708127237703836, 50.913459230464362 ], [ 6.708169877754862, 50.91346006785318 ], [ 6.70816943622568, 50.913469053286619 ], [ 6.708197862932959, 50.913469611537366 ], [ 6.708197421409017, 50.913478596970982 ], [ 6.708211634765729, 50.913478876093841 ] ], [ [ 6.708170319283816, 50.913451082419691 ], [ 6.708184532631877, 50.913451361545761 ], [ 6.708184091105655, 50.913460346979313 ], [ 6.708169877754862, 50.91346006785318 ], [ 6.708170319283816, 50.913451082419691 ] ], [ [ 6.708142334122564, 50.913441538729089 ], [ 6.708156547467441, 50.913441817858512 ], [ 6.708156105935981, 50.913450803291909 ], [ 6.708141892588372, 50.9134505241624 ], [ 6.708142334122564, 50.913441538729089 ] ] ] ] } },
{ "type": "Feature", "properties": { "gml_id": "DENW41AL30005copFL", "identifier": "urn:adv:oid:DENW41AL30005copFL", "aktualit_2": "2024-08-20Z", "idflurst": "DENW41AL30005cop", "flaeche": 457.0, "flstkennz_": "05468202100013______", "flstnrzae": "13", "flstnrnen": null, "gemarkung": "Horrem", "gemaschl": "054682", "flur": "21", "flurschl": "054682021", "land": "Nordrhein-Westfalen", "landschl": "05", "regbezirk": "Köln", "regbezschl": "053", "kreis": "Rhein-Erft-Kreis", "kreisschl": "05362", "gemeinde": "Kerpen", "gmdschl": "05362032", "abwrecht": "Kein abweichender Rechtszustand", "lagebeztxt": "Wiesenstraße 2 a", "tntxt": "Wohnbaufläche;457", "area": 456, "DN": null, "rg area": 112.0, "bldg sum": null, "open area": null, "10%drain A": null, "5%drain A+": null, "10% check": null, "T OPEN A": 187.0, "T DRAIN A": 269.0, "5% drain": 13.5, "area ok": 1, "5% ok": 1, "layer": "RG final", "path": "C:/Users/kanis/Desktop/Thesis/Data/Analysis/Horrem/RG/RG final.shp", "area final": 112.0 }, "geometry": { "type": "MultiPolygon", "coordinates": [ [ [ [ 6.707944230462263, 50.913419659871415 ], [ 6.707944672034031, 50.913410674439298 ], [ 6.707958885367542, 50.91341095359266 ], [ 6.707959768504934, 50.913392982728212 ], [ 6.707973981833207, 50.913393261879669 ], [ 6.707974864964229, 50.913375291014958 ], [ 6.707989078287263, 50.913375570164519 ], [ 6.707989961411916, 50.913357599299573 ], [ 6.708004174729711, 50.913357878447215 ], [ 6.708004616288965, 50.913348893014621 ], [ 6.707990402973902, 50.913348613867065 ], [ 6.707990844535662, 50.913339628434564 ], [ 6.707962417911679, 50.913339070134441 ], [ 6.707962859478677, 50.913330084702082 ], [ 6.707948646169758, 50.913329805549516 ], [ 6.707950412446419, 50.913293863820279 ], [ 6.707964625744409, 50.913294142972489 ], [ 6.707965067310275, 50.913285157540059 ], [ 6.707936640719986, 50.913284599234082 ], [ 6.707937082291092, 50.913275613801808 ], [ 6.707894442415551, 50.913274776330148 ], [ 6.707893117676964, 50.913301732626138 ], [ 6.707878904377372, 50.913301453465202 ], [ 6.707878021211718, 50.913319424328918 ], [ 6.707863807906888, 50.913319145166078 ], [ 6.707862924734863, 50.913337116029552 ], [ 6.707848711424795, 50.913336836864794 ], [ 6.7078478282464, 50.913354807728027 ], [ 6.707833614931094, 50.913354528561364 ], [ 6.70783273174633, 50.913372499424348 ], [ 6.707818518425785, 50.913372220255795 ], [ 6.70781763523465, 50.913390191118538 ], [ 6.707831848560661, 50.913390470287283 ], [ 6.707831406967486, 50.913399455718704 ], [ 6.707859833625649, 50.913400014051199 ], [ 6.707860275213359, 50.913391028619593 ], [ 6.707846061886896, 50.913390749454301 ], [ 6.707846503477112, 50.913381764022752 ], [ 6.707874930124799, 50.913382322351417 ], [ 6.707874488540048, 50.913391307783151 ], [ 6.707888701866963, 50.913391586944982 ], [ 6.707888260284719, 50.913400572376773 ], [ 6.70787404695507, 50.913400293214856 ], [ 6.707873605369867, 50.91340927864654 ], [ 6.707916245367687, 50.913410116127388 ], [ 6.707915803790454, 50.91341910155932 ], [ 6.707944230462263, 50.913419659871415 ] ], [ [ 6.707916686944692, 50.913401130695426 ], [ 6.707930900275019, 50.913401409852163 ], [ 6.707930458700746, 50.91341039528421 ], [ 6.707916245367687, 50.913410116127388 ], [ 6.707916686944692, 50.913401130695426 ] ] ] ] } },
{ "type": "Feature", "properties": { "gml_id": "DENW41AL30005fvaFL", "identifier": "urn:adv:oid:DENW41AL30005fvaFL", "aktualit_2": "2024-08-20Z", "idflurst": "DENW41AL30005fva", "flaeche": 402.0, "flstkennz_": "05468202100335______", "flstnrzae": "335", "flstnrnen": null, "gemarkung": "Horrem", "gemaschl": "054682", "flur": "21", "flurschl": "054682021", "land": "Nordrhein-Westfalen", "landschl": "05", "regbezirk": "Köln", "regbezschl": "053", "kreis": "Rhein-Erft-Kreis", "kreisschl": "05362", "gemeinde": "Kerpen", "gmdschl": "05362032", "abwrecht": "Kein abweichender Rechtszustand", "lagebeztxt": "Wiesenstraße 4", "tntxt": "Wohnbaufläche;402", "area": 402, "DN": null, "rg area": 79.0, "bldg sum": null, "open area": null, "10%drain A": null, "5%drain A+": null, "10% check": null, "T OPEN A": 120.7, "T DRAIN A": 281.3, "5% drain": 14.1, "area ok": 1, "5% ok": 1, "layer": "RG final", "path": "C:/Users/kanis/Desktop/Thesis/Data/Analysis/Horrem/RG/RG final.shp", "area final": 79.0 }, "geometry": { "type": "MultiPolygon", "coordinates": [ [ [ [ 6.707775878465506, 50.913371382739697 ], [ 6.707776320068932, 50.913362397308561 ], [ 6.707790533386066, 50.91336267648223 ], [ 6.707791416586772, 50.913344705619735 ], [ 6.707805629898667, 50.913344984791507 ], [ 6.707806513093003, 50.913327013928765 ], [ 6.707820726399661, 50.913327293098618 ], [ 6.707821609587626, 50.913309322235648 ], [ 6.707835822889044, 50.913309601403597 ], [ 6.707836706070641, 50.913291630540371 ], [ 6.70785091936682, 50.913291909706423 ], [ 6.707851802542047, 50.913273938842934 ], [ 6.70786601583299, 50.913274218007061 ], [ 6.707866457417531, 50.913265232575213 ], [ 6.707852244129321, 50.913264953411172 ], [ 6.707852685716368, 50.913255967979396 ], [ 6.707881112287549, 50.913256526305581 ], [ 6.707881995450034, 50.913238555441616 ], [ 6.707867782169796, 50.913238276279579 ], [ 6.707868665336841, 50.913220305415734 ], [ 6.707854452062295, 50.913220026252134 ], [ 6.707854010476152, 50.913229011683967 ], [ 6.707825583922272, 50.913228453351394 ], [ 6.707826025513878, 50.913219467919731 ], [ 6.707840238787973, 50.913219747086792 ], [ 6.707841121965043, 50.913201776223239 ], [ 6.70781269542801, 50.913201217887746 ], [ 6.70781313702167, 50.913192232456112 ], [ 6.707798923756225, 50.913191953285875 ], [ 6.707798482159832, 50.913200938717402 ], [ 6.70778426889188, 50.913200659545332 ], [ 6.707780294489572, 50.913281528427625 ], [ 6.707766081197255, 50.913281249253025 ], [ 6.707765197988789, 50.913299220115398 ], [ 6.707750984691233, 50.913298940938901 ], [ 6.707750101476396, 50.913316911801026 ], [ 6.707735888173604, 50.91331663262261 ], [ 6.707735004952396, 50.913334603484493 ], [ 6.707763431569138, 50.913335161839946 ], [ 6.707761665145866, 50.913371103564209 ], [ 6.707775878465506, 50.913371382739697 ] ], [ [ 6.707838472431118, 50.913255688813706 ], [ 6.707837147661099, 50.913282645108737 ], [ 6.707808721074883, 50.91328208677163 ], [ 6.707810045861295, 50.913255130477154 ], [ 6.707824259146093, 50.913255409646297 ], [ 6.707825142330439, 50.91323743878305 ], [ 6.707839355609997, 50.913237717950288 ], [ 6.70783891402067, 50.913246703382001 ], [ 6.707853127303189, 50.913246982547598 ], [ 6.707852685716368, 50.913255967979396 ], [ 6.707838472431118, 50.913255688813706 ] ], [ [ 6.707808279478959, 50.913291072203101 ], [ 6.707794066183459, 50.913290793031869 ], [ 6.707794507782114, 50.913281807600491 ], [ 6.707808721074883, 50.91328208677163 ], [ 6.707808279478959, 50.913291072203101 ] ], [ [ 6.707779411286569, 50.913299499290183 ], [ 6.707793624584576, 50.913299778463227 ], [ 6.707793182985468, 50.913308763894555 ], [ 6.707778969684728, 50.913308484721433 ], [ 6.707779411286569, 50.913299499290183 ] ] ] ] } },
{ "type": "Feature", "properties": { "gml_id": "DENW41AL30005VMJFL", "identifier": "urn:adv:oid:DENW41AL30005VMJFL", "aktualit_2": "2024-08-20Z", "idflurst": "DENW41AL30005VMJ", "flaeche": 472.0, "flstkennz_": "05468202100019______", "flstnrzae": "19", "flstnrnen": null, "gemarkung": "Horrem", "gemaschl": "054682", "flur": "21", "flurschl": "054682021", "land": "Nordrhein-Westfalen", "landschl": "05", "regbezirk": "Köln", "regbezschl": "053", "kreis": "Rhein-Erft-Kreis", "kreisschl": "05362", "gemeinde": "Kerpen", "gmdschl": "05362032", "abwrecht": "Kein abweichender Rechtszustand", "lagebeztxt": "Sistenichstraße 4", "tntxt": "Wohnbaufläche;472", "area": 470, "DN": null, "rg area": 83.0, "bldg sum": null, "open area": null, "10%drain A": null, "5%drain A+": null, "10% check": null, "T OPEN A": 184.2, "T DRAIN A": 285.8, "5% drain": 14.3, "area ok": 1, "5% ok": 1, "layer": "RG final", "path": "C:/Users/kanis/Desktop/Thesis/Data/Analysis/Horrem/RG/RG final.shp", "area final": 83.0 }, "geometry": { "type": "MultiPolygon", "coordinates": [ [ [ [ 6.707959410040659, 50.913689781137634 ], [ 6.707959851613751, 50.913680795705844 ], [ 6.707974065029688, 50.913681074858417 ], [ 6.707974948169728, 50.913663103994594 ], [ 6.707960734759256, 50.913662824842206 ], [ 6.707961617903855, 50.913644853978511 ], [ 6.707933191094521, 50.913644295668881 ], [ 6.707932749516869, 50.913653281100565 ], [ 6.707904322702975, 50.913652722783844 ], [ 6.707904764286091, 50.913643737352345 ], [ 6.707890550882215, 50.91364345819148 ], [ 6.707890992467838, 50.913634472760045 ], [ 6.707876779066921, 50.913634193597538 ], [ 6.707877662242953, 50.913616222734809 ], [ 6.707863448847727, 50.913615943570754 ], [ 6.707863890438134, 50.913606958139447 ], [ 6.707821250262014, 50.913606120637183 ], [ 6.707821691860393, 50.913597135206132 ], [ 6.707793265082909, 50.913596576862822 ], [ 6.707793706686528, 50.91358759143192 ], [ 6.707751066530195, 50.913586753904248 ], [ 6.707750624918379, 50.913595739334873 ], [ 6.707736411530655, 50.913595460155427 ], [ 6.707735528300881, 50.913613431016465 ], [ 6.707721314907919, 50.913613151835115 ], [ 6.707720431671775, 50.91363112269589 ], [ 6.707748858468855, 50.913631681057204 ], [ 6.707748416855909, 50.913640666487751 ], [ 6.707791057061423, 50.913641504017029 ], [ 6.707790615456449, 50.913650489447818 ], [ 6.707833255672198, 50.913651326961798 ], [ 6.707832814075194, 50.913660312392842 ], [ 6.707861240892289, 50.913660870727028 ], [ 6.707860799300524, 50.913669856158222 ], [ 6.707903439536063, 50.9136706936468 ], [ 6.707902997952267, 50.91367967907825 ], [ 6.707945638198041, 50.913680516551544 ], [ 6.707945196622217, 50.913689501983235 ], [ 6.707959410040659, 50.913689781137634 ] ] ] ] } },
{ "type": "Feature", "properties": { "gml_id": "DENW41AL30005XtwFL", "identifier": "urn:adv:oid:DENW41AL30005XtwFL", "aktualit_2": "2024-08-20Z", "idflurst": "DENW41AL30005Xtw", "flaeche": 464.0, "flstkennz_": "05468202100018______", "flstnrzae": "18", "flstnrnen": null, "gemarkung": "Horrem", "gemaschl": "054682", "flur": "21", "flurschl": "054682021", "land": "Nordrhein-Westfalen", "landschl": "05", "regbezirk": "Köln", "regbezschl": "053", "kreis": "Rhein-Erft-Kreis", "kreisschl": "05362", "gemeinde": "Kerpen", "gmdschl": "05362032", "abwrecht": "Kein abweichender Rechtszustand", "lagebeztxt": "Sistenichstraße 6", "tntxt": "Wohnbaufläche;464", "area": 463, "DN": null, "rg area": 84.0, "bldg sum": null, "open area": null, "10%drain A": null, "5%drain A+": null, "10% check": null, "T OPEN A": 144.7, "T DRAIN A": 318.3, "5% drain": 15.9, "area ok": 1, "5% ok": 1, "layer": "RG final", "path": "C:/Users/kanis/Desktop/Thesis/Data/Analysis/Horrem/RG/RG final.shp", "area final": 84.0 }, "geometry": { "type": "MultiPolygon", "coordinates": [ [ [ [ 6.707949612370276, 50.913599647665457 ], [ 6.707950053943838, 50.913590662233588 ], [ 6.707964267332224, 50.913590941387 ], [ 6.707964708902827, 50.913581955955017 ], [ 6.707978922288707, 50.91358223510661 ], [ 6.70797936385635, 50.913573249674535 ], [ 6.708007790623324, 50.913573807972355 ], [ 6.708008232185278, 50.913564822540089 ], [ 6.707979805423768, 50.913564264242432 ], [ 6.707980246990959, 50.913555278810314 ], [ 6.70795182023582, 50.913554720505935 ], [ 6.70795226180825, 50.913545735073974 ], [ 6.707909621685436, 50.913544897604702 ], [ 6.707910063265836, 50.913535912172989 ], [ 6.707867423153257, 50.913535074688411 ], [ 6.707867864741629, 50.913526089256962 ], [ 6.707839438006505, 50.913525530925448 ], [ 6.707839879600115, 50.913516545494154 ], [ 6.707797239507324, 50.913515707984168 ], [ 6.707797681108906, 50.913506722553123 ], [ 6.707783467747827, 50.913506443379767 ], [ 6.707783026143512, 50.913515428810719 ], [ 6.707768812779928, 50.913515149635536 ], [ 6.707767487957432, 50.913542105928038 ], [ 6.707753274585877, 50.913541826750858 ], [ 6.707752832975193, 50.913550812181562 ], [ 6.707767046349481, 50.913551091358833 ], [ 6.707766604741304, 50.913560076789615 ], [ 6.707795031496024, 50.913560635139135 ], [ 6.707794589893084, 50.913569620570087 ], [ 6.707837230035059, 50.913570458081658 ], [ 6.70783678844009, 50.913579443512852 ], [ 6.707879428592299, 50.913580281009146 ], [ 6.707878987005302, 50.913589266440582 ], [ 6.707907413780037, 50.913589824762973 ], [ 6.707906972198279, 50.913598810194578 ], [ 6.707949612370276, 50.913599647665457 ] ], [ [ 6.707935840555678, 50.913590383078436 ], [ 6.707936723707588, 50.913572412214826 ], [ 6.707950937090282, 50.913572691369787 ], [ 6.707950053943838, 50.913590662233588 ], [ 6.707935840555678, 50.913590383078436 ] ] ] ] } },
{ "type": "Feature", "properties": { "gml_id": "DENW41AL30005bpPFL", "identifier": "urn:adv:oid:DENW41AL30005bpPFL", "aktualit_2": "2024-08-20Z", "idflurst": "DENW41AL30005bpP", "flaeche": 783.0, "flstkennz_": "05468202100434______", "flstnrzae": "434", "flstnrnen": null, "gemarkung": "Horrem", "gemaschl": "054682", "flur": "21", "flurschl": "054682021", "land": "Nordrhein-Westfalen", "landschl": "05", "regbezirk": "Köln", "regbezschl": "053", "kreis": "Rhein-Erft-Kreis", "kreisschl": "05362", "gemeinde": "Kerpen", "gmdschl": "05362032", "abwrecht": "Kein abweichender Rechtszustand", "lagebeztxt": "Adenauerstraße 24, 26", "tntxt": "Wohnbaufläche;783", "area": 785, "DN": null, "rg area": 259.0, "bldg sum": null, "open area": null, "10%drain A": null, "5%drain A+": null, "10% check": null, "T OPEN A": 353.5, "T DRAIN A": 431.5, "5% drain": 21.6, "area ok": 1, "5% ok": 1, "layer": "RG final", "path": "C:/Users/kanis/Desktop/Thesis/Data/Analysis/Horrem/RG/RG final.shp", "area final": 259.0 }, "geometry": { "type": "MultiPolygon", "coordinates": [ [ [ [ 6.706302631642614, 50.911795449701408 ], [ 6.706303073504918, 50.911786464277093 ], [ 6.706274647860578, 50.911785905578235 ], [ 6.706276857196023, 50.911740978457331 ], [ 6.70629107000442, 50.911741257807186 ], [ 6.706291953731549, 50.911723286958527 ], [ 6.706306166534708, 50.91172356630647 ], [ 6.706305282813044, 50.911741537155301 ], [ 6.706319495621892, 50.911741816501703 ], [ 6.706319937480105, 50.911732831077195 ], [ 6.70633415028645, 50.911733110421771 ], [ 6.70633326657526, 50.911751081270928 ], [ 6.706347479387294, 50.911751360613955 ], [ 6.706345711973127, 50.911787302312426 ], [ 6.706317286327429, 50.911786743623928 ], [ 6.706316844467857, 50.911795729048329 ], [ 6.706530036873657, 50.911799919044753 ], [ 6.706535338681795, 50.911692093934874 ], [ 6.706492700294915, 50.911691255969913 ], [ 6.706492258470619, 50.911700241395557 ], [ 6.706478045672713, 50.911699962070358 ], [ 6.706477603845459, 50.911708947495903 ], [ 6.706335475851534, 50.911706154147907 ], [ 6.706336359560459, 50.911688183298587 ], [ 6.706322146767777, 50.911687903954459 ], [ 6.706322588624631, 50.911678918529859 ], [ 6.706294163045409, 50.911678359836593 ], [ 6.706293279320544, 50.911696330685423 ], [ 6.706236428142961, 50.911695213277419 ], [ 6.70623598626926, 50.911704198701443 ], [ 6.706207560676362, 50.911703639986897 ], [ 6.706207118796971, 50.911712625410736 ], [ 6.706178693199515, 50.911712066689091 ], [ 6.706178251314433, 50.911721052112725 ], [ 6.706164038513313, 50.911720772749227 ], [ 6.706163596625272, 50.911729758172768 ], [ 6.706149383821646, 50.911729478807437 ], [ 6.706148500039422, 50.911747449654285 ], [ 6.706134287230558, 50.911747170287057 ], [ 6.706132077757373, 50.911792097403435 ], [ 6.706302631642614, 50.911795449701408 ] ] ] ] } },
{ "type": "Feature", "properties": { "gml_id": "DENW41AL30005hytFL", "identifier": "urn:adv:oid:DENW41AL30005hytFL", "aktualit_2": "2024-08-20Z", "idflurst": "DENW41AL30005hyt", "flaeche": 664.0, "flstkennz_": "05468202100447______", "flstnrzae": "447", "flstnrnen": null, "gemarkung": "Horrem", "gemaschl": "054682", "flur": "21", "flurschl": "054682021", "land": "Nordrhein-Westfalen", "landschl": "05", "regbezirk": "Köln", "regbezschl": "053", "kreis": "Rhein-Erft-Kreis", "kreisschl": "05362", "gemeinde": "Kerpen", "gmdschl": "05362032", "abwrecht": "Kein abweichender Rechtszustand", "lagebeztxt": "Rote-Kreuz-Straße 24", "tntxt": "Wohnbaufläche;664", "area": 658, "DN": null, "rg area": 184.0, "bldg sum": null, "open area": null, "10%drain A": null, "5%drain A+": null, "10% check": null, "T OPEN A": 427.3, "T DRAIN A": 230.7, "5% drain": 11.5, "area ok": 1, "5% ok": 1, "layer": "RG final", "path": "C:/Users/kanis/Desktop/Thesis/Data/Analysis/Horrem/RG/RG final.shp", "area final": 184.0 }, "geometry": { "type": "MultiPolygon", "coordinates": [ [ [ [ 6.706280465208222, 50.911956907985861 ], [ 6.706282232683312, 50.911920966290076 ], [ 6.706296445546577, 50.911921245639981 ], [ 6.706301306054343, 50.911822405974227 ], [ 6.70611653924025, 50.911818774303384 ], [ 6.706115655442569, 50.911836745149543 ], [ 6.706101442606836, 50.911836465777959 ], [ 6.706101000704924, 50.911845451200932 ], [ 6.706086787866685, 50.911845171827537 ], [ 6.706085462151393, 50.911872128096057 ], [ 6.706071249305183, 50.911871848720665 ], [ 6.706069923579655, 50.911898804988773 ], [ 6.706055710725478, 50.911898525611392 ], [ 6.706055268813783, 50.911907511033959 ], [ 6.706069481670693, 50.911907790411441 ], [ 6.706069039761504, 50.911916775834094 ], [ 6.70611167834179, 50.911917613956412 ], [ 6.706111236440571, 50.911926599379314 ], [ 6.706168087895049, 50.911927716851892 ], [ 6.706167646004533, 50.911936702275135 ], [ 6.706210284605968, 50.911937540361684 ], [ 6.706209842723421, 50.911946525785162 ], [ 6.706252481335089, 50.91194736385642 ], [ 6.706252039460512, 50.91195634928016 ], [ 6.706280465208222, 50.911956907985861 ] ], [ [ 6.706127216896439, 50.911890937057983 ], [ 6.706141429749017, 50.911891216426639 ], [ 6.706142755432883, 50.911864260157152 ], [ 6.706156968277492, 50.911864539523805 ], [ 6.706155200709478, 50.911900481216783 ], [ 6.706126774998632, 50.911899922481027 ], [ 6.706127216896439, 50.911890937057983 ] ], [ [ 6.706172064899509, 50.911846848041975 ], [ 6.706228916259256, 50.911847965483688 ], [ 6.706228474381706, 50.911856950907421 ], [ 6.706171623011032, 50.91185583346536 ], [ 6.706172064899509, 50.911846848041975 ] ] ] ] } },
{ "type": "Feature", "properties": { "gml_id": "DENW41AL30005IVTFL", "identifier": "urn:adv:oid:DENW41AL30005IVTFL", "aktualit_2": "2024-08-20Z", "idflurst": "DENW41AL30005IVT", "flaeche": 113.0, "flstkennz_": "05468202000382______", "flstnrzae": "382", "flstnrnen": null, "gemarkung": "Horrem", "gemaschl": "054682", "flur": "20", "flurschl": "054682020", "land": "Nordrhein-Westfalen", "landschl": "05", "regbezirk": "Köln", "regbezschl": "053", "kreis": "Rhein-Erft-Kreis", "kreisschl": "05362", "gemeinde": "Kerpen", "gmdschl": "05362032", "abwrecht": "Kein abweichender Rechtszustand", "lagebeztxt": "An der Malzmühle 15", "tntxt": "Wohnbaufläche;113", "area": 112, "DN": null, "rg area": 11.0, "bldg sum": null, "open area": null, "10%drain A": null, "5%drain A+": null, "10% check": null, "T OPEN A": 70.3, "T DRAIN A": 41.7, "5% drain": 2.1, "area ok": 1, "5% ok": 1, "layer": "RG final", "path": "C:/Users/kanis/Desktop/Thesis/Data/Analysis/Horrem/RG/RG final.shp", "area final": 11.0 }, "geometry": { "type": "MultiPolygon", "coordinates": [ [ [ [ 6.710046402642758, 50.910591809101881 ], [ 6.710051254978646, 50.910492969154333 ], [ 6.710037042513036, 50.910492690267077 ], [ 6.710032190147095, 50.910591530213637 ], [ 6.710046402642758, 50.910591809101881 ] ] ] ] } },
{ "type": "Feature", "properties": { "gml_id": "DENW41AL30005XMlFL", "identifier": "urn:adv:oid:DENW41AL30005XMlFL", "aktualit_2": "2024-08-20Z", "idflurst": "DENW41AL30005XMl", "flaeche": 666.0, "flstkennz_": "05468202000352______", "flstnrzae": "352", "flstnrnen": null, "gemarkung": "Horrem", "gemaschl": "054682", "flur": "20", "flurschl": "054682020", "land": "Nordrhein-Westfalen", "landschl": "05", "regbezirk": "Köln", "regbezschl": "053", "kreis": "Rhein-Erft-Kreis", "kreisschl": "05362", "gemeinde": "Kerpen", "gmdschl": "05362032", "abwrecht": "Kein abweichender Rechtszustand", "lagebeztxt": "An der Malzmühle 15", "tntxt": "Wohnbaufläche;666", "area": 666, "DN": null, "rg area": 125.0, "bldg sum": null, "open area": null, "10%drain A": null, "5%drain A+": null, "10% check": null, "T OPEN A": 310.1, "T DRAIN A": 355.9, "5% drain": 17.8, "area ok": 1, "5% ok": 1, "layer": "RG final", "path": "C:/Users/kanis/Desktop/Thesis/Data/Analysis/Horrem/RG/RG final.shp", "area final": 125.0 }, "geometry": { "type": "MultiPolygon", "coordinates": [ [ [ [ 6.709861640216773, 50.910588183419847 ], [ 6.709862081374864, 50.910579197971302 ], [ 6.709961568811138, 50.910581150297318 ], [ 6.709962009949879, 50.910572164848141 ], [ 6.709976222438947, 50.910572443744854 ], [ 6.709978869250251, 50.910518531048908 ], [ 6.709794107123086, 50.910514905263724 ], [ 6.709793665952918, 50.910523890711943 ], [ 6.709765241008206, 50.910523332872721 ], [ 6.709764799832348, 50.91053231832074 ], [ 6.709707949934706, 50.910531202621208 ], [ 6.709705743997387, 50.910576129859272 ], [ 6.709805231416253, 50.910578082318409 ], [ 6.709804790247235, 50.910587067766592 ], [ 6.709861640216773, 50.910588183419847 ] ], [ [ 6.709849633525901, 50.910542977266701 ], [ 6.709863846004965, 50.910543256176986 ], [ 6.709863404847779, 50.910552241625588 ], [ 6.709849192365982, 50.910551962715232 ], [ 6.709849633525901, 50.910542977266701 ] ] ] ] } },
{ "type": "Feature", "properties": { "gml_id": "DENW41AL30005Yl6FL", "identifier": "urn:adv:oid:DENW41AL30005Yl6FL", "aktualit_2": "2024-08-20Z", "idflurst": "DENW41AL30005Yl6", "flaeche": 612.0, "flstkennz_": "05468202000383______", "flstnrzae": "383", "flstnrnen": null, "gemarkung": "Horrem", "gemaschl": "054682", "flur": "20", "flurschl": "054682020", "land": "Nordrhein-Westfalen", "landschl": "05", "regbezirk": "Köln", "regbezschl": "053", "kreis": "Rhein-Erft-Kreis", "kreisschl": "05362", "gemeinde": "Kerpen", "gmdschl": "05362032", "abwrecht": "Kein abweichender Rechtszustand", "lagebeztxt": "An der Malzmühle 13", "tntxt": "Wohnbaufläche;612", "area": 614, "DN": null, "rg area": 155.0, "bldg sum": null, "open area": null, "10%drain A": null, "5%drain A+": null, "10% check": null, "T OPEN A": 325.1, "T DRAIN A": 288.9, "5% drain": 14.4, "area ok": 1, "5% ok": 1, "layer": "RG final", "path": "C:/Users/kanis/Desktop/Thesis/Data/Analysis/Horrem/RG/RG final.shp", "area final": 155.0 }, "geometry": { "type": "MultiPolygon", "coordinates": [ [ [ [ 6.710101488178821, 50.910628866437598 ], [ 6.710104575961933, 50.910565968287379 ], [ 6.710133000939352, 50.91056652604432 ], [ 6.710133442044858, 50.910557540594048 ], [ 6.710332416873869, 50.910561444697741 ], [ 6.710331975806613, 50.910570430149242 ], [ 6.710346188298827, 50.910570709000922 ], [ 6.710344424038465, 50.910606650807203 ], [ 6.710358636541834, 50.91060692965749 ], [ 6.710361282914628, 50.91055301694746 ], [ 6.710347070427651, 50.910552738097692 ], [ 6.710347511491723, 50.910543752646056 ], [ 6.710333299007706, 50.910543473794647 ], [ 6.71033594540379, 50.910489561084987 ], [ 6.710094333488729, 50.910484820355627 ], [ 6.710087275671326, 50.910628587555919 ], [ 6.710101488178821, 50.910628866437598 ] ] ] ] } },
{ "type": "Feature", "properties": { "gml_id": "DENW41AL30005c0OFL", "identifier": "urn:adv:oid:DENW41AL30005c0OFL", "aktualit_2": "2024-08-29Z", "idflurst": "DENW41AL30005c0O", "flaeche": 335.0, "flstkennz_": "05468202000311______", "flstnrzae": "311", "flstnrnen": null, "gemarkung": "Horrem", "gemaschl": "054682", "flur": "20", "flurschl": "054682020", "land": "Nordrhein-Westfalen", "landschl": "05", "regbezirk": "Köln", "regbezschl": "053", "kreis": "Rhein-Erft-Kreis", "kreisschl": "05362", "gemeinde": "Kerpen", "gmdschl": "05362032", "abwrecht": "Kein abweichender Rechtszustand", "lagebeztxt": "Sistenichstraße 63a", "tntxt": "Wohnbaufläche;335", "area": 341, "DN": null, "rg area": 68.0, "bldg sum": null, "open area": null, "10%drain A": null, "5%drain A+": null, "10% check": null, "T OPEN A": 172.4, "T DRAIN A": 168.6, "5% drain": 8.4, "area ok": 1, "5% ok": 1, "layer": "RG final", "path": "C:/Users/kanis/Desktop/Thesis/Data/Analysis/Horrem/RG/RG final.shp", "area final": 68.0 }, "geometry": { "type": "MultiPolygon", "coordinates": [ [ [ [ 6.710237781389097, 50.910460652727274 ], [ 6.71023998680518, 50.910415725471609 ], [ 6.710041012610279, 50.910411821218382 ], [ 6.710039689246566, 50.910438777568096 ], [ 6.710053901695785, 50.910439056454834 ], [ 6.710053019457643, 50.910457027354731 ], [ 6.710237781389097, 50.910460652727274 ] ] ] ] } },
{ "type": "Feature", "properties": { "gml_id": "DENW41AL30005e1VFL", "identifier": "urn:adv:oid:DENW41AL30005e1VFL", "aktualit_2": "2024-08-20Z", "idflurst": "DENW41AL30005e1V", "flaeche": 303.0, "flstkennz_": "05468202100423______", "flstnrzae": "423", "flstnrnen": null, "gemarkung": "Horrem", "gemaschl": "054682", "flur": "21", "flurschl": "054682021", "land": "Nordrhein-Westfalen", "landschl": "05", "regbezirk": "Köln", "regbezschl": "053", "kreis": "Rhein-Erft-Kreis", "kreisschl": "05362", "gemeinde": "Kerpen", "gmdschl": "05362032", "abwrecht": "Kein abweichender Rechtszustand", "lagebeztxt": "Merkurweg 34", "tntxt": "Wohnbaufläche;303", "area": 304, "DN": null, "rg area": 47.0, "bldg sum": null, "open area": null, "10%drain A": null, "5%drain A+": null, "10% check": null, "T OPEN A": 108.8, "T DRAIN A": 195.2, "5% drain": 9.8, "area ok": 1, "5% ok": 1, "layer": "RG final", "path": "C:/Users/kanis/Desktop/Thesis/Data/Analysis/Horrem/RG/RG final.shp", "area final": 47.0 }, "geometry": { "type": "MultiPolygon", "coordinates": [ [ [ [ 6.709649110275654, 50.912598691979134 ], [ 6.709649551506248, 50.912589706535037 ], [ 6.709663764606654, 50.912589985477666 ], [ 6.709664205834289, 50.91258100003347 ], [ 6.709692632030315, 50.912581557913356 ], [ 6.709693514473979, 50.912563587024557 ], [ 6.709665088288881, 50.912563029145019 ], [ 6.709664647061699, 50.912572014589252 ], [ 6.709650433966758, 50.912571735646807 ], [ 6.709650875196672, 50.912562750202653 ], [ 6.709622449012933, 50.912562192312755 ], [ 6.709622890248087, 50.912553206868765 ], [ 6.709637103337112, 50.912553485814485 ], [ 6.709637985801276, 50.912535514926297 ], [ 6.709623772717716, 50.912535235980755 ], [ 6.709624655186441, 50.912517265092667 ], [ 6.709610442108572, 50.912516986145569 ], [ 6.709610883345327, 50.912508000701592 ], [ 6.709596670270416, 50.912507721752846 ], [ 6.709595787791215, 50.912525692640614 ], [ 6.709581574711065, 50.912525413689956 ], [ 6.709580692225495, 50.912543384577482 ], [ 6.709566479140108, 50.912543105624913 ], [ 6.709565596648168, 50.912561076512191 ], [ 6.709551383557542, 50.912560797557724 ], [ 6.709550501059232, 50.912578768444753 ], [ 6.70957892725164, 50.912579326352301 ], [ 6.709578486007612, 50.912588311795965 ], [ 6.709606912206388, 50.912588869696783 ], [ 6.709606470967596, 50.912597855140604 ], [ 6.709649110275654, 50.912598691979134 ] ] ] ] } },
{ "type": "Feature", "properties": { "gml_id": "DENW41AL30005WPmFL", "identifier": "urn:adv:oid:DENW41AL30005WPmFL", "aktualit_2": "2024-08-20Z", "idflurst": "DENW41AL30005WPm", "flaeche": 315.0, "flstkennz_": "05468200800657______", "flstnrzae": "657", "flstnrnen": null, "gemarkung": "Horrem", "gemaschl": "054682", "flur": "8", "flurschl": "054682008", "land": "Nordrhein-Westfalen", "landschl": "05", "regbezirk": "Köln", "regbezschl": "053", "kreis": "Rhein-Erft-Kreis", "kreisschl": "05362", "gemeinde": "Kerpen", "gmdschl": "05362032", "abwrecht": "Kein abweichender Rechtszustand", "lagebeztxt": "Merkurweg 27", "tntxt": "Wohnbaufläche;315", "area": 315, "DN": null, "rg area": 11.0, "bldg sum": null, "open area": null, "10%drain A": null, "5%drain A+": null, "10% check": null, "T OPEN A": 100.4, "T DRAIN A": 214.6, "5% drain": 10.7, "area ok": 1, "5% ok": 1, "layer": "RG final", "path": "C:/Users/kanis/Desktop/Thesis/Data/Analysis/Horrem/RG/RG final.shp", "area final": 11.0 }, "geometry": { "type": "MultiPolygon", "coordinates": [ [ [ [ 6.710074180020922, 50.912634015848674 ], [ 6.710075503468154, 50.912607059508495 ], [ 6.710089716578076, 50.912607338399333 ], [ 6.710091040015077, 50.912580382058735 ], [ 6.710076826913352, 50.912580103168153 ], [ 6.710076385765178, 50.912589088614965 ], [ 6.710062172660948, 50.912588809722557 ], [ 6.71006129035846, 50.912606780615917 ], [ 6.710047077248991, 50.912606501721605 ], [ 6.710045753785365, 50.912633458061251 ], [ 6.710074180020922, 50.912634015848674 ] ] ] ] } },
{ "type": "Feature", "properties": { "gml_id": "DENW41AL30005WPmFL", "identifier": "urn:adv:oid:DENW41AL30005WPmFL", "aktualit_2": "2024-08-20Z", "idflurst": "DENW41AL30005WPm", "flaeche": 315.0, "flstkennz_": "05468200800657______", "flstnrzae": "657", "flstnrnen": null, "gemarkung": "Horrem", "gemaschl": "054682", "flur": "8", "flurschl": "054682008", "land": "Nordrhein-Westfalen", "landschl": "05", "regbezirk": "Köln", "regbezschl": "053", "kreis": "Rhein-Erft-Kreis", "kreisschl": "05362", "gemeinde": "Kerpen", "gmdschl": "05362032", "abwrecht": "Kein abweichender Rechtszustand", "lagebeztxt": "Merkurweg 27", "tntxt": "Wohnbaufläche;315", "area": 315, "DN": null, "rg area": 17.0, "bldg sum": null, "open area": null, "10%drain A": null, "5%drain A+": null, "10% check": null, "T OPEN A": 100.4, "T DRAIN A": 214.6, "5% drain": 10.7, "area ok": 1, "5% ok": 1, "layer": "RG final", "path": "C:/Users/kanis/Desktop/Thesis/Data/Analysis/Horrem/RG/RG final.shp", "area final": 17.0 }, "geometry": { "type": "MultiPolygon", "coordinates": [ [ [ [ 6.710456169985071, 50.912677487098037 ], [ 6.710458816440296, 50.912623574403561 ], [ 6.710430390203459, 50.912623016709873 ], [ 6.710429949122689, 50.912632002158823 ], [ 6.710415736001877, 50.912631723309296 ], [ 6.710413530580976, 50.912676650553323 ], [ 6.710456169985071, 50.912677487098037 ] ] ] ] } },
{ "type": "Feature", "properties": { "gml_id": "DENW41AL30005WlvFL", "identifier": "urn:adv:oid:DENW41AL30005WlvFL", "aktualit_2": "2024-08-20Z", "idflurst": "DENW41AL30005Wlv", "flaeche": 392.0, "flstkennz_": "05468200800662______", "flstnrzae": "662", "flstnrnen": null, "gemarkung": "Horrem", "gemaschl": "054682", "flur": "8", "flurschl": "054682008", "land": "Nordrhein-Westfalen", "landschl": "05", "regbezirk": "Köln", "regbezschl": "053", "kreis": "Rhein-Erft-Kreis", "kreisschl": "05362", "gemeinde": "Kerpen", "gmdschl": "05362032", "abwrecht": "Kein abweichender Rechtszustand", "lagebeztxt": "Hauptstraße 194", "tntxt": "Fläche gemischter Nutzung(funktion:Gebäude- und Freifläche Mischnutzung mit Wohnen);392", "area": 392, "DN": null, "rg area": 108.0, "bldg sum": null, "open area": null, "10%drain A": null, "5%drain A+": null, "10% check": null, "T OPEN A": 186.2, "T DRAIN A": 205.8, "5% drain": 10.3, "area ok": 1, "5% ok": 1, "layer": "RG final", "path": "C:/Users/kanis/Desktop/Thesis/Data/Analysis/Horrem/RG/RG final.shp", "area final": 108.0 }, "geometry": { "type": "MultiPolygon", "coordinates": [ [ [ [ 6.710752881792217, 50.91271928427885 ], [ 6.710753763831915, 50.912701313377156 ], [ 6.710767976977277, 50.912701592185805 ], [ 6.710770182058901, 50.91265666493085 ], [ 6.710684903272088, 50.912654992055671 ], [ 6.710685344304128, 50.912646006605172 ], [ 6.710600065541847, 50.912644333668275 ], [ 6.710600506590055, 50.912635348218281 ], [ 6.710515227852304, 50.912633675219666 ], [ 6.71051566891668, 50.91262468977019 ], [ 6.710501455797245, 50.912624410931123 ], [ 6.710498809391203, 50.912678323627212 ], [ 6.710569875072608, 50.912679717807897 ], [ 6.710569434017805, 50.912688703257636 ], [ 6.710654712859344, 50.912690376217938 ], [ 6.710654271820708, 50.912699361668189 ], [ 6.710682698108494, 50.912699919307968 ], [ 6.710682257075097, 50.912708904758375 ], [ 6.710710683369252, 50.912709462391412 ], [ 6.710710242341094, 50.912718447841982 ], [ 6.710752881792217, 50.91271928427885 ] ] ] ] } },
{ "type": "Feature", "properties": { "gml_id": "DENW41AL30005fxgFL", "identifier": "urn:adv:oid:DENW41AL30005fxgFL", "aktualit_2": "2024-08-20Z", "idflurst": "DENW41AL30005fxg", "flaeche": 432.0, "flstkennz_": "05468201900356______", "flstnrzae": "356", "flstnrnen": null, "gemarkung": "Horrem", "gemaschl": "054682", "flur": "19", "flurschl": "054682019", "land": "Nordrhein-Westfalen", "landschl": "05", "regbezirk": "Köln", "regbezschl": "053", "kreis": "Rhein-Erft-Kreis", "kreisschl": "05362", "gemeinde": "Kerpen", "gmdschl": "05362032", "abwrecht": "Kein abweichender Rechtszustand", "lagebeztxt": "Merodestraße 4", "tntxt": "Wohnbaufläche;432", "area": 431, "DN": null, "rg area": 48.0, "bldg sum": null, "open area": null, "10%drain A": null, "5%drain A+": null, "10% check": null, "T OPEN A": 185.2, "T DRAIN A": 245.8, "5% drain": 12.3, "area ok": 1, "5% ok": 1, "layer": "RG final", "path": "C:/Users/kanis/Desktop/Thesis/Data/Analysis/Horrem/RG/RG final.shp", "area final": 48.0 }, "geometry": { "type": "MultiPolygon", "coordinates": [ [ [ [ 6.71102258338325, 50.909252850403099 ], [ 6.711023906123398, 50.909225894029376 ], [ 6.710981269855819, 50.909225057732414 ], [ 6.710981710776946, 50.909216072274731 ], [ 6.710967498690937, 50.909215793505716 ], [ 6.710967939614569, 50.909206808048097 ], [ 6.710953727531517, 50.909206529277448 ], [ 6.710954609383566, 50.909188558362366 ], [ 6.710968821461154, 50.909188837132852 ], [ 6.710969703306836, 50.909170866217522 ], [ 6.710955491234712, 50.909170587447214 ], [ 6.71095505030925, 50.909179572904797 ], [ 6.710940838234621, 50.90917929413267 ], [ 6.710940397306204, 50.90918827959014 ], [ 6.710926185229068, 50.909188000816194 ], [ 6.710925744297692, 50.909196986273571 ], [ 6.71091153221805, 50.909196707497813 ], [ 6.710911973152157, 50.909187722040528 ], [ 6.710897761075473, 50.909187443263129 ], [ 6.710894674512858, 50.909250341463121 ], [ 6.71102258338325, 50.909252850403099 ] ] ] ] } },
{ "type": "Feature", "properties": { "gml_id": "DENW41AL30005fxgFL", "identifier": "urn:adv:oid:DENW41AL30005fxgFL", "aktualit_2": "2024-08-20Z", "idflurst": "DENW41AL30005fxg", "flaeche": 432.0, "flstkennz_": "05468201900356______", "flstnrzae": "356", "flstnrnen": null, "gemarkung": "Horrem", "gemaschl": "054682", "flur": "19", "flurschl": "054682019", "land": "Nordrhein-Westfalen", "landschl": "05", "regbezirk": "Köln", "regbezschl": "053", "kreis": "Rhein-Erft-Kreis", "kreisschl": "05362", "gemeinde": "Kerpen", "gmdschl": "05362032", "abwrecht": "Kein abweichender Rechtszustand", "lagebeztxt": "Merodestraße 4", "tntxt": "Wohnbaufläche;432", "area": 431, "DN": null, "rg area": 36.0, "bldg sum": null, "open area": null, "10%drain A": null, "5%drain A+": null, "10% check": null, "T OPEN A": 185.2, "T DRAIN A": 245.8, "5% drain": 12.3, "area ok": 1, "5% ok": 1, "layer": "RG final", "path": "C:/Users/kanis/Desktop/Thesis/Data/Analysis/Horrem/RG/RG final.shp", "area final": 36.0 }, "geometry": { "type": "MultiPolygon", "coordinates": [ [ [ [ 6.710970144229337, 50.909161880759839 ], [ 6.710971907917086, 50.909125938928923 ], [ 6.710986119975777, 50.909126217697057 ], [ 6.710986560894419, 50.909117232239204 ], [ 6.711043409120516, 50.909118347294111 ], [ 6.711045613655696, 50.909073420002791 ], [ 6.711031401612489, 50.909073141242104 ], [ 6.711030960703174, 50.909082126700319 ], [ 6.711002536611979, 50.90908156917358 ], [ 6.711002977526759, 50.909072583715535 ], [ 6.710974553441931, 50.909072026182052 ], [ 6.710974112521688, 50.909081011639913 ], [ 6.7109456884323, 50.909080454099346 ], [ 6.710944365653826, 50.909107410472267 ], [ 6.710958577706602, 50.90910768924369 ], [ 6.710955932159945, 50.909161601989616 ], [ 6.710970144229337, 50.909161880759839 ] ] ] ] } },
{ "type": "Feature", "properties": { "gml_id": "DENW41AL30005UNgFL", "identifier": "urn:adv:oid:DENW41AL30005UNgFL", "aktualit_2": "2024-08-20Z", "idflurst": "DENW41AL30005UNg", "flaeche": 349.0, "flstkennz_": "05468201900380______", "flstnrzae": "380", "flstnrnen": null, "gemarkung": "Horrem", "gemaschl": "054682", "flur": "19", "flurschl": "054682019", "land": "Nordrhein-Westfalen", "landschl": "05", "regbezirk": "Köln", "regbezschl": "053", "kreis": "Rhein-Erft-Kreis", "kreisschl": "05362", "gemeinde": "Kerpen", "gmdschl": "05362032", "abwrecht": "Kein abweichender Rechtszustand", "lagebeztxt": "Sistenichstraße 75 a", "tntxt": "Wohnbaufläche;349", "area": 350, "DN": null, "rg area": 52.0, "bldg sum": null, "open area": null, "10%drain A": null, "5%drain A+": null, "10% check": null, "T OPEN A": 137.4, "T DRAIN A": 212.6, "5% drain": 10.6, "area ok": 1, "5% ok": 1, "layer": "RG final", "path": "C:/Users/kanis/Desktop/Thesis/Data/Analysis/Horrem/RG/RG final.shp", "area final": 52.0 }, "geometry": { "type": "MultiPolygon", "coordinates": [ [ [ [ 6.71050389178953, 50.909386581075857 ], [ 6.710504773820441, 50.909368610166979 ], [ 6.710518985948391, 50.90936888899293 ], [ 6.710520749996572, 50.909332947174612 ], [ 6.710506537879549, 50.909332668349023 ], [ 6.710508301935041, 50.909296726530812 ], [ 6.710494089829172, 50.909296447703852 ], [ 6.710494530845212, 50.909287462249338 ], [ 6.710480318742301, 50.909287183420737 ], [ 6.710479877723528, 50.909296168875159 ], [ 6.71046566561811, 50.909295890044731 ], [ 6.710463901529836, 50.909331831861884 ], [ 6.710435477297825, 50.909331274195146 ], [ 6.710433713184081, 50.909367216011326 ], [ 6.710419501057487, 50.909366937175015 ], [ 6.710419060025753, 50.909375922628918 ], [ 6.710376423639133, 50.909375086109321 ], [ 6.710375982598979, 50.909384071562954 ], [ 6.71050389178953, 50.909386581075857 ] ] ] ] } },
{ "type": "Feature", "properties": { "gml_id": "DENW41AL30005UNgFL", "identifier": "urn:adv:oid:DENW41AL30005UNgFL", "aktualit_2": "2024-08-20Z", "idflurst": "DENW41AL30005UNg", "flaeche": 349.0, "flstkennz_": "05468201900380______", "flstnrzae": "380", "flstnrnen": null, "gemarkung": "Horrem", "gemaschl": "054682", "flur": "19", "flurschl": "054682019", "land": "Nordrhein-Westfalen", "landschl": "05", "regbezirk": "Köln", "regbezschl": "053", "kreis": "Rhein-Erft-Kreis", "kreisschl": "05362", "gemeinde": "Kerpen", "gmdschl": "05362032", "abwrecht": "Kein abweichender Rechtszustand", "lagebeztxt": "Sistenichstraße 75 a", "tntxt": "Wohnbaufläche;349", "area": 350, "DN": null, "rg area": 13.0, "bldg sum": null, "open area": null, "10%drain A": null, "5%drain A+": null, "10% check": null, "T OPEN A": 137.4, "T DRAIN A": 212.6, "5% drain": 10.6, "area ok": 1, "5% ok": 1, "layer": "RG final", "path": "C:/Users/kanis/Desktop/Thesis/Data/Analysis/Horrem/RG/RG final.shp", "area final": 13.0 }, "geometry": { "type": "MultiPolygon", "coordinates": [ [ [ [ 6.710480318742301, 50.909287183420737 ], [ 6.710480759760846, 50.909278197966302 ], [ 6.710509183961432, 50.909278755621607 ], [ 6.710510506999324, 50.909251799257667 ], [ 6.710482082815127, 50.909251241602895 ], [ 6.710482523832769, 50.909242256148396 ], [ 6.710454099654941, 50.909241698486895 ], [ 6.710453217608505, 50.909259669395524 ], [ 6.710467429702768, 50.909259948227316 ], [ 6.710466106639615, 50.90928690459041 ], [ 6.710480318742301, 50.909287183420737 ] ] ] ] } },
{ "type": "Feature", "properties": { "gml_id": "DENW41AL30005VDoFL", "identifier": "urn:adv:oid:DENW41AL30005VDoFL", "aktualit_2": "2024-08-20Z", "idflurst": "DENW41AL30005VDo", "flaeche": 499.0, "flstkennz_": "05468201900388______", "flstnrzae": "388", "flstnrnen": null, "gemarkung": "Horrem", "gemaschl": "054682", "flur": "19", "flurschl": "054682019", "land": "Nordrhein-Westfalen", "landschl": "05", "regbezirk": "Köln", "regbezschl": "053", "kreis": "Rhein-Erft-Kreis", "kreisschl": "05362", "gemeinde": "Kerpen", "gmdschl": "05362032", "abwrecht": "Kein abweichender Rechtszustand", "lagebeztxt": "Merodestraße 8", "tntxt": "Wohnbaufläche;499", "area": 501, "DN": null, "rg area": 57.0, "bldg sum": null, "open area": null, "10%drain A": null, "5%drain A+": null, "10% check": null, "T OPEN A": 151.6, "T DRAIN A": 349.4, "5% drain": 17.5, "area ok": 1, "5% ok": 1, "layer": "RG final", "path": "C:/Users/kanis/Desktop/Thesis/Data/Analysis/Horrem/RG/RG final.shp", "area final": 57.0 }, "geometry": { "type": "MultiPolygon", "coordinates": [ [ [ [ 6.710659784283765, 50.909398633523509 ], [ 6.710661107240319, 50.909371677157296 ], [ 6.710675319370756, 50.909371955964211 ], [ 6.710678847223106, 50.909300072319517 ], [ 6.710664635114525, 50.909299793513298 ], [ 6.71066375314733, 50.909317764424401 ], [ 6.710649541033511, 50.90931748561627 ], [ 6.710648659059947, 50.909335456527117 ], [ 6.710634446940889, 50.909335177717089 ], [ 6.710634005951039, 50.909344163172413 ], [ 6.710562945345485, 50.909342769095886 ], [ 6.710561622333596, 50.90936972546038 ], [ 6.710547410204968, 50.909369446639623 ], [ 6.71054608718285, 50.909396403003718 ], [ 6.710659784283765, 50.909398633523509 ] ] ] ] } },
{ "type": "Feature", "properties": { "gml_id": "DENW41AL30005iGpFL", "identifier": "urn:adv:oid:DENW41AL30005iGpFL", "aktualit_2": "2024-08-20Z", "idflurst": "DENW41AL30005iGp", "flaeche": 231.0, "flstkennz_": "05468201900378______", "flstnrzae": "378", "flstnrnen": null, "gemarkung": "Horrem", "gemaschl": "054682", "flur": "19", "flurschl": "054682019", "land": "Nordrhein-Westfalen", "landschl": "05", "regbezirk": "Köln", "regbezschl": "053", "kreis": "Rhein-Erft-Kreis", "kreisschl": "05362", "gemeinde": "Kerpen", "gmdschl": "05362032", "abwrecht": "Kein abweichender Rechtszustand", "lagebeztxt": "Sistenichstraße 71 a", "tntxt": "Wohnbaufläche;231", "area": 231, "DN": null, "rg area": 10.0, "bldg sum": null, "open area": null, "10%drain A": null, "5%drain A+": null, "10% check": null, "T OPEN A": 105.0, "T DRAIN A": 126.0, "5% drain": 6.3, "area ok": 1, "5% ok": 1, "layer": "RG final", "path": "C:/Users/kanis/Desktop/Thesis/Data/Analysis/Horrem/RG/RG final.shp", "area final": 10.0 }, "geometry": { "type": "MultiPolygon", "coordinates": [ [ [ [ 6.7105016867083, 50.909431508347751 ], [ 6.71050256874147, 50.90941353743905 ], [ 6.710431508036815, 50.909412143281173 ], [ 6.710430625976327, 50.909430114188993 ], [ 6.7105016867083, 50.909431508347751 ] ] ] ] } },
{ "type": "Feature", "properties": { "gml_id": "DENW41AL30005fMQFL", "identifier": "urn:adv:oid:DENW41AL30005fMQFL", "aktualit_2": "2024-08-20Z", "idflurst": "DENW41AL30005fMQ", "flaeche": 347.0, "flstkennz_": "05468201900339______", "flstnrzae": "339", "flstnrnen": null, "gemarkung": "Horrem", "gemaschl": "054682", "flur": "19", "flurschl": "054682019", "land": "Nordrhein-Westfalen", "landschl": "05", "regbezirk": "Köln", "regbezschl": "053", "kreis": "Rhein-Erft-Kreis", "kreisschl": "05362", "gemeinde": "Kerpen", "gmdschl": "05362032", "abwrecht": "Kein abweichender Rechtszustand", "lagebeztxt": "Merodestraße 10", "tntxt": "Wohnbaufläche;347", "area": 345, "DN": null, "rg area": 54.0, "bldg sum": null, "open area": null, "10%drain A": null, "5%drain A+": null, "10% check": null, "T OPEN A": 122.9, "T DRAIN A": 222.1, "5% drain": 11.1, "area ok": 1, "5% ok": 1, "layer": "RG final", "path": "C:/Users/kanis/Desktop/Thesis/Data/Analysis/Horrem/RG/RG final.shp", "area final": 54.0 }, "geometry": { "type": "MultiPolygon", "coordinates": [ [ [ [ 6.710545987264738, 50.909108589625809 ], [ 6.710547751275777, 50.909072647805218 ], [ 6.710561963314031, 50.909072926624773 ], [ 6.710562404313493, 50.909063941169485 ], [ 6.710576616349242, 50.909064219987222 ], [ 6.710577057345747, 50.909055234531849 ], [ 6.710562845312731, 50.90905495571419 ], [ 6.710563286311742, 50.909045970258873 ], [ 6.710577498342027, 50.909046249076439 ], [ 6.710579703320033, 50.909001321799188 ], [ 6.710551279287007, 50.909000764163217 ], [ 6.710550838286395, 50.909009749618519 ], [ 6.710536626267489, 50.909009470797869 ], [ 6.710535744260122, 50.90902744170824 ], [ 6.71052153223598, 50.909027162885678 ], [ 6.710521091229225, 50.909036148340761 ], [ 6.710478455149956, 50.909035311862404 ], [ 6.710476691087898, 50.909071253681496 ], [ 6.710462479051, 50.909070974851566 ], [ 6.710462038032189, 50.909079960306208 ], [ 6.710476250071819, 50.90908023913623 ], [ 6.710475368038981, 50.909098210045634 ], [ 6.710503792129845, 50.909098767700833 ], [ 6.710504233140914, 50.909089782245964 ], [ 6.710518445183952, 50.909090061070891 ], [ 6.710518004175617, 50.909099046525846 ], [ 6.710532216221614, 50.909099325349132 ], [ 6.710531775215783, 50.909108310804172 ], [ 6.710545987264738, 50.909108589625809 ] ] ] ] } },
{ "type": "Feature", "properties": { "gml_id": "DENW41AL30005iGpFL", "identifier": "urn:adv:oid:DENW41AL30005iGpFL", "aktualit_2": "2024-08-20Z", "idflurst": "DENW41AL30005iGp", "flaeche": 231.0, "flstkennz_": "05468201900378______", "flstnrzae": "378", "flstnrnen": null, "gemarkung": "Horrem", "gemaschl": "054682", "flur": "19", "flurschl": "054682019", "land": "Nordrhein-Westfalen", "landschl": "05", "regbezirk": "Köln", "regbezschl": "053", "kreis": "Rhein-Erft-Kreis", "kreisschl": "05362", "gemeinde": "Kerpen", "gmdschl": "05362032", "abwrecht": "Kein abweichender Rechtszustand", "lagebeztxt": "Sistenichstraße 71 a", "tntxt": "Wohnbaufläche;231", "area": 231, "DN": null, "rg area": 9.0, "bldg sum": null, "open area": null, "10%drain A": null, "5%drain A+": null, "10% check": null, "T OPEN A": 105.0, "T DRAIN A": 126.0, "5% drain": 6.3, "area ok": 1, "5% ok": 1, "layer": "RG final", "path": "C:/Users/kanis/Desktop/Thesis/Data/Analysis/Horrem/RG/RG final.shp", "area final": 9.0 }, "geometry": { "type": "MultiPolygon", "coordinates": [ [ [ [ 6.710396909237643, 50.909537381956774 ], [ 6.710400878576302, 50.909456512874456 ], [ 6.710386666422842, 50.909456234033804 ], [ 6.710382697059596, 50.909537103115312 ], [ 6.710396909237643, 50.909537381956774 ] ] ] ] } },
{ "type": "Feature", "properties": { "gml_id": "DENW41AL30005UWHFL", "identifier": "urn:adv:oid:DENW41AL30005UWHFL", "aktualit_2": "2024-08-20Z", "idflurst": "DENW41AL30005UWH", "flaeche": 294.0, "flstkennz_": "05468202100441______", "flstnrzae": "441", "flstnrnen": null, "gemarkung": "Horrem", "gemaschl": "054682", "flur": "21", "flurschl": "054682021", "land": "Nordrhein-Westfalen", "landschl": "05", "regbezirk": "Köln", "regbezschl": "053", "kreis": "Rhein-Erft-Kreis", "kreisschl": "05362", "gemeinde": "Kerpen", "gmdschl": "05362032", "abwrecht": "Kein abweichender Rechtszustand", "lagebeztxt": "Am Kalkofen 41", "tntxt": "Wohnbaufläche;294", "area": 292, "DN": null, "rg area": 29.0, "bldg sum": null, "open area": null, "10%drain A": null, "5%drain A+": null, "10% check": null, "T OPEN A": 112.6, "T DRAIN A": 179.4, "5% drain": 9.0, "area ok": 1, "5% ok": 1, "layer": "RG final", "path": "C:/Users/kanis/Desktop/Thesis/Data/Analysis/Horrem/RG/RG final.shp", "area final": 29.0 }, "geometry": { "type": "MultiPolygon", "coordinates": [ [ [ [ 6.705238196341511, 50.912610975971155 ], [ 6.705239080501458, 50.912593005138433 ], [ 6.705253293559021, 50.912593284617941 ], [ 6.705254177712597, 50.912575313784977 ], [ 6.705268390764923, 50.912575593262581 ], [ 6.705269274912127, 50.912557622429361 ], [ 6.705283487959215, 50.912557901905053 ], [ 6.705283930029745, 50.91254891648834 ], [ 6.705255503941262, 50.912548357535385 ], [ 6.70525594601703, 50.912539372118829 ], [ 6.705227519934916, 50.912538813159159 ], [ 6.705227077853684, 50.912547798575545 ], [ 6.705212864810235, 50.912547519093017 ], [ 6.705211980641625, 50.912565489925548 ], [ 6.705197767592938, 50.912565210441123 ], [ 6.705196883417957, 50.912583181273405 ], [ 6.705182670364032, 50.912582901787069 ], [ 6.705182228273469, 50.912591887203106 ], [ 6.705196441330127, 50.912592166689528 ], [ 6.70519599924207, 50.91260115210563 ], [ 6.705224425361529, 50.912601711073471 ], [ 6.70522398327871, 50.912610696489729 ], [ 6.705238196341511, 50.912610975971155 ] ] ] ] } },
{ "type": "Feature", "properties": { "gml_id": "DENW41AL30005VaCFL", "identifier": "urn:adv:oid:DENW41AL30005VaCFL", "aktualit_2": "2024-08-20Z", "idflurst": "DENW41AL30005VaC", "flaeche": 238.0, "flstkennz_": "054682021001590003__", "flstnrzae": "159", "flstnrnen": "3", "gemarkung": "Horrem", "gemaschl": "054682", "flur": "21", "flurschl": "054682021", "land": "Nordrhein-Westfalen", "landschl": "05", "regbezirk": "Köln", "regbezschl": "053", "kreis": "Rhein-Erft-Kreis", "kreisschl": "05362", "gemeinde": "Kerpen", "gmdschl": "05362032", "abwrecht": "Kein abweichender Rechtszustand", "lagebeztxt": "Wiesenstraße 44", "tntxt": "Wohnbaufläche;238", "area": 239, "DN": null, "rg area": 44.0, "bldg sum": null, "open area": null, "10%drain A": null, "5%drain A+": null, "10% check": null, "T OPEN A": 98.5, "T DRAIN A": 140.5, "5% drain": 7.0, "area ok": 1, "5% ok": 1, "layer": "RG final", "path": "C:/Users/kanis/Desktop/Thesis/Data/Analysis/Horrem/RG/RG final.shp", "area final": 44.0 }, "geometry": { "type": "MultiPolygon", "coordinates": [ [ [ [ 6.705327453288159, 50.912531784070758 ], [ 6.705328337411242, 50.912513813236671 ], [ 6.705342550445573, 50.912514092705003 ], [ 6.705343434562285, 50.91249612187066 ], [ 6.705357647591379, 50.912496401337094 ], [ 6.70535897375655, 50.912469445085193 ], [ 6.705373186777675, 50.912469724549624 ], [ 6.705374070881191, 50.912451753714777 ], [ 6.705359857865531, 50.912451474250524 ], [ 6.705360299919681, 50.912442488833157 ], [ 6.705346086906981, 50.912442209367264 ], [ 6.705346528963637, 50.912433223949968 ], [ 6.705332315953894, 50.91243294448244 ], [ 6.705331431834892, 50.912450915316825 ], [ 6.70531721881991, 50.912450635847392 ], [ 6.705316776757336, 50.912459621264475 ], [ 6.70530256373985, 50.912459341793216 ], [ 6.705301679608557, 50.912477312627146 ], [ 6.705287466585833, 50.912477033153984 ], [ 6.705286582448172, 50.912495003987665 ], [ 6.705272369420209, 50.912494724512598 ], [ 6.705271927348306, 50.912503709929318 ], [ 6.705257714317838, 50.912503430452432 ], [ 6.705256830167888, 50.912521401285673 ], [ 6.705299469276364, 50.912522239711684 ], [ 6.705299027209245, 50.912531225128546 ], [ 6.705327453288159, 50.912531784070758 ] ] ] ] } },
{ "type": "Feature", "properties": { "gml_id": "DENW41AL30005Y7UFL", "identifier": "urn:adv:oid:DENW41AL30005Y7UFL", "aktualit_2": "2024-08-20Z", "idflurst": "DENW41AL30005Y7U", "flaeche": 465.0, "flstkennz_": "05468200800030______", "flstnrzae": "30", "flstnrnen": null, "gemarkung": "Horrem", "gemaschl": "054682", "flur": "8", "flurschl": "054682008", "land": "Nordrhein-Westfalen", "landschl": "05", "regbezirk": "Köln", "regbezschl": "053", "kreis": "Rhein-Erft-Kreis", "kreisschl": "05362", "gemeinde": "Kerpen", "gmdschl": "05362032", "abwrecht": "Kein abweichender Rechtszustand", "lagebeztxt": "Mittelstraße 5", "tntxt": "Wohnbaufläche;465", "area": 466, "DN": null, "rg area": 67.0, "bldg sum": null, "open area": null, "10%drain A": null, "5%drain A+": null, "10% check": null, "T OPEN A": 199.3, "T DRAIN A": 266.7, "5% drain": 13.3, "area ok": 1, "5% ok": 1, "layer": "RG final", "path": "C:/Users/kanis/Desktop/Thesis/Data/Analysis/Horrem/RG/RG final.shp", "area final": 67.0 }, "geometry": { "type": "MultiPolygon", "coordinates": [ [ [ [ 6.712643575941533, 50.914780029501024 ], [ 6.712644016629782, 50.91477104404153 ], [ 6.712629802835476, 50.914770765453156 ], [ 6.712630243526232, 50.914761779993718 ], [ 6.712616029734883, 50.914761501403731 ], [ 6.712616911121184, 50.914743530484969 ], [ 6.712602697335527, 50.914743251893427 ], [ 6.712603138031071, 50.914734266434117 ], [ 6.712532069119836, 50.914732873450852 ], [ 6.712532509828817, 50.914723887991968 ], [ 6.712504082271369, 50.914723330786735 ], [ 6.712503641556922, 50.914732316245441 ], [ 6.712461000214248, 50.914731480424365 ], [ 6.712461440936893, 50.914722494965908 ], [ 6.712447227159185, 50.914722216355507 ], [ 6.712447667884336, 50.914713230897156 ], [ 6.712390812786695, 50.914712116438622 ], [ 6.712391253522552, 50.914703130980598 ], [ 6.71237703975144, 50.914702852361721 ], [ 6.71237659901285, 50.914711837819667 ], [ 6.71236238523923, 50.914711559198992 ], [ 6.712360622271687, 50.914747501030234 ], [ 6.712389049841013, 50.914748058270575 ], [ 6.712389931314306, 50.914730087354634 ], [ 6.712404145093843, 50.914730365972027 ], [ 6.712402822891763, 50.914757322346198 ], [ 6.712473891833823, 50.914758715408603 ], [ 6.712474332554411, 50.914749729950117 ], [ 6.712488546340769, 50.914750008557327 ], [ 6.7124889870584, 50.914741023098749 ], [ 6.712531628410628, 50.914741858909707 ], [ 6.712531187701195, 50.914750844368569 ], [ 6.712545401488456, 50.914751122968845 ], [ 6.712544520074378, 50.914769093886683 ], [ 6.712572947660507, 50.914769651082423 ], [ 6.712572506958594, 50.914778636541492 ], [ 6.712643575941533, 50.914780029501024 ] ] ] ] } },
{ "type": "Feature", "properties": { "gml_id": "DENW41AL30005e6zFL", "identifier": "urn:adv:oid:DENW41AL30005e6zFL", "aktualit_2": "2024-08-20Z", "idflurst": "DENW41AL30005e6z", "flaeche": 906.0, "flstkennz_": "05468201900226______", "flstnrzae": "226", "flstnrnen": null, "gemarkung": "Horrem", "gemaschl": "054682", "flur": "19", "flurschl": "054682019", "land": "Nordrhein-Westfalen", "landschl": "05", "regbezirk": "Köln", "regbezschl": "053", "kreis": "Rhein-Erft-Kreis", "kreisschl": "05362", "gemeinde": "Kerpen", "gmdschl": "05362032", "abwrecht": "Kein abweichender Rechtszustand", "lagebeztxt": "Merodestraße 12", "tntxt": "Wohnbaufläche;906", "area": 907, "DN": null, "rg area": 76.0, "bldg sum": null, "open area": null, "10%drain A": null, "5%drain A+": null, "10% check": null, "T OPEN A": 272.1, "T DRAIN A": 634.9, "5% drain": 31.7, "area ok": 1, "5% ok": 1, "layer": "RG final", "path": "C:/Users/kanis/Desktop/Thesis/Data/Analysis/Horrem/RG/RG final.shp", "area final": 76.0 }, "geometry": { "type": "MultiPolygon", "coordinates": [ [ [ [ 6.710443316435446, 50.908881722638945 ], [ 6.710443757454749, 50.908872737184105 ], [ 6.710457969431096, 50.908873016015541 ], [ 6.710458410447441, 50.908864030560608 ], [ 6.710472622421284, 50.908864309390218 ], [ 6.710473063434671, 50.908855323935178 ], [ 6.710416215551587, 50.908854208606691 ], [ 6.710416656575673, 50.908845223151985 ], [ 6.710359808707132, 50.908844107796199 ], [ 6.710358926636875, 50.908862078704871 ], [ 6.710344714664841, 50.908861799861434 ], [ 6.710345155702814, 50.908852814407183 ], [ 6.710330943733738, 50.90885253556209 ], [ 6.710331825814469, 50.908834564653738 ], [ 6.710246554037537, 50.908832891547974 ], [ 6.710246995093955, 50.908823906094305 ], [ 6.710204359216735, 50.908823069518355 ], [ 6.710203477087285, 50.908841040425138 ], [ 6.710189265123201, 50.90884076156285 ], [ 6.710190147258114, 50.908822790656238 ], [ 6.710161723341549, 50.908822232926831 ], [ 6.710161282268743, 50.908831218379973 ], [ 6.710147070308068, 50.90883093951259 ], [ 6.710145747080096, 50.908857895871641 ], [ 6.710245230866931, 50.908859847908893 ], [ 6.710244789809611, 50.908868833362497 ], [ 6.7103726975764, 50.908871343000996 ], [ 6.710372256543438, 50.908880328455389 ], [ 6.710443316435446, 50.908881722638945 ] ] ] ] } },
{ "type": "Feature", "properties": { "gml_id": "DENW41AL30005ZXWFL", "identifier": "urn:adv:oid:DENW41AL30005ZXWFL", "aktualit_2": "2024-08-20Z", "idflurst": "DENW41AL30005ZXW", "flaeche": 297.0, "flstkennz_": "05468201900375______", "flstnrzae": "375", "flstnrnen": null, "gemarkung": "Horrem", "gemaschl": "054682", "flur": "19", "flurschl": "054682019", "land": "Nordrhein-Westfalen", "landschl": "05", "regbezirk": "Köln", "regbezschl": "053", "kreis": "Rhein-Erft-Kreis", "kreisschl": "05362", "gemeinde": "Kerpen", "gmdschl": "05362032", "abwrecht": "Kein abweichender Rechtszustand", "lagebeztxt": "Sistenichstraße 71 d", "tntxt": "Wohnbaufläche;297", "area": 297, "DN": null, "rg area": 66.0, "bldg sum": null, "open area": null, "10%drain A": null, "5%drain A+": null, "10% check": null, "T OPEN A": 188.8, "T DRAIN A": 108.2, "5% drain": 5.4, "area ok": 1, "5% ok": 1, "layer": "RG final", "path": "C:/Users/kanis/Desktop/Thesis/Data/Analysis/Horrem/RG/RG final.shp", "area final": 66.0 }, "geometry": { "type": "MultiPolygon", "coordinates": [ [ [ [ 6.710791322610218, 50.909617072463298 ], [ 6.710797055122639, 50.909500261535598 ], [ 6.710782842951925, 50.909499982742986 ], [ 6.710785929692687, 50.909437084550603 ], [ 6.710714868938116, 50.909435690564713 ], [ 6.710715309913837, 50.909426705109041 ], [ 6.710672673472002, 50.909425868697021 ], [ 6.710671791503943, 50.909443839607839 ], [ 6.710742852268783, 50.909445233620097 ], [ 6.710742411298074, 50.909454219075919 ], [ 6.710756623454452, 50.90945449787327 ], [ 6.710750449879036, 50.909580294254262 ], [ 6.710736237684412, 50.909580015455674 ], [ 6.710734914761437, 50.909606971822335 ], [ 6.710720702558844, 50.909606693021743 ], [ 6.710720261581335, 50.909615678477174 ], [ 6.710791322610218, 50.909617072463298 ] ], [ [ 6.71077887426896, 50.909580851846272 ], [ 6.710778433303056, 50.909589837302114 ], [ 6.710750008907668, 50.909589279709927 ], [ 6.710750449879036, 50.909580294254262 ], [ 6.71077887426896, 50.909580851846272 ] ] ] ] } },
{ "type": "Feature", "properties": { "gml_id": "DENW41AL30005VAuFL", "identifier": "urn:adv:oid:DENW41AL30005VAuFL", "aktualit_2": "2024-08-20Z", "idflurst": "DENW41AL30005VAu", "flaeche": 764.0, "flstkennz_": "05468202000312______", "flstnrzae": "312", "flstnrnen": null, "gemarkung": "Horrem", "gemaschl": "054682", "flur": "20", "flurschl": "054682020", "land": "Nordrhein-Westfalen", "landschl": "05", "regbezirk": "Köln", "regbezschl": "053", "kreis": "Rhein-Erft-Kreis", "kreisschl": "05362", "gemeinde": "Kerpen", "gmdschl": "05362032", "abwrecht": "Kein abweichender Rechtszustand", "lagebeztxt": "Grabenweg 10, 12", "tntxt": "Wohnbaufläche;764", "area": 761, "DN": null, "rg area": 123.0, "bldg sum": null, "open area": null, "10%drain A": null, "5%drain A+": null, "10% check": null, "T OPEN A": 262.2, "T DRAIN A": 498.8, "5% drain": 24.9, "area ok": 1, "5% ok": 1, "layer": "RG final", "path": "C:/Users/kanis/Desktop/Thesis/Data/Analysis/Horrem/RG/RG final.shp", "area final": 123.0 }, "geometry": { "type": "MultiPolygon", "coordinates": [ [ [ [ 6.708364387600174, 50.910369915037116 ], [ 6.708364829043102, 50.910360929597637 ], [ 6.708379041451977, 50.910361208687938 ], [ 6.708378600011781, 50.910370194127502 ], [ 6.708478086899367, 50.910372147711811 ], [ 6.708482942518724, 50.91027330786887 ], [ 6.708468730135584, 50.910273028791558 ], [ 6.708466964448057, 50.910308970552506 ], [ 6.708438539660601, 50.910308412391998 ], [ 6.70843809823269, 50.91031739783201 ], [ 6.708423885836568, 50.910317118749077 ], [ 6.708422561543283, 50.910344075068757 ], [ 6.708365711928279, 50.910342958718651 ], [ 6.708366153370529, 50.91033397327913 ], [ 6.708252454173235, 50.910331740496623 ], [ 6.708252895637115, 50.910322755057791 ], [ 6.708224470845517, 50.910322196845058 ], [ 6.708224912314633, 50.910313211406397 ], [ 6.708210699921906, 50.910312932297522 ], [ 6.708211141393527, 50.910303946858917 ], [ 6.708111654669894, 50.910301993049032 ], [ 6.708112537650706, 50.910284022173037 ], [ 6.708098325267984, 50.910283743050599 ], [ 6.708098766760783, 50.910274757612655 ], [ 6.708084554381019, 50.910274478488581 ], [ 6.708081022410443, 50.910346361990882 ], [ 6.708109447213907, 50.91034692023873 ], [ 6.708109888705557, 50.910337934800829 ], [ 6.708138313504461, 50.910338493041571 ], [ 6.708137872018275, 50.910347478479657 ], [ 6.708251571244801, 50.910349711374231 ], [ 6.708251129780243, 50.910358696813013 ], [ 6.70833640422603, 50.910360371411855 ], [ 6.708335962777638, 50.910369356851156 ], [ 6.708364387600174, 50.910369915037116 ] ], [ [ 6.708095676306443, 50.91033765567785 ], [ 6.708097000788232, 50.910310699364295 ], [ 6.70811121317915, 50.910310978487004 ], [ 6.708109888705557, 50.910337934800829 ], [ 6.708095676306443, 50.91033765567785 ] ] ] ] } },
{ "type": "Feature", "properties": { "gml_id": "DENW41AL2O0000RwFL", "identifier": "urn:adv:oid:DENW41AL2O0000RwFL", "aktualit_2": "2024-08-29Z", "idflurst": "DENW41AL2O0000Rw", "flaeche": 759.0, "flstkennz_": "05468202100473______", "flstnrzae": "473", "flstnrnen": null, "gemarkung": "Horrem", "gemaschl": "054682", "flur": "21", "flurschl": "054682021", "land": "Nordrhein-Westfalen", "landschl": "05", "regbezirk": "Köln", "regbezschl": "053", "kreis": "Rhein-Erft-Kreis", "kreisschl": "05362", "gemeinde": "Kerpen", "gmdschl": "05362032", "abwrecht": "Kein abweichender Rechtszustand", "lagebeztxt": "Herderstraße 7", "tntxt": "Wohnbaufläche;759", "area": 759, "DN": null, "rg area": 100.0, "bldg sum": null, "open area": null, "10%drain A": null, "5%drain A+": null, "10% check": null, "T OPEN A": 202.2, "T DRAIN A": 556.8, "5% drain": 27.8, "area ok": 1, "5% ok": 1, "layer": "RG final", "path": "C:/Users/kanis/Desktop/Thesis/Data/Analysis/Horrem/RG/RG final.shp", "area final": 100.0 }, "geometry": { "type": "MultiPolygon", "coordinates": [ [ [ [ 6.708549672192178, 50.912100421852877 ], [ 6.708550113626631, 50.912091436414919 ], [ 6.708706455954097, 50.912094506139432 ], [ 6.7087086629727, 50.912049578944504 ], [ 6.70869445004637, 50.912049299887734 ], [ 6.708695774263015, 50.912022343570825 ], [ 6.70870998718115, 50.912022622627326 ], [ 6.708710428583513, 50.912013637188252 ], [ 6.708582512353039, 50.912011125618228 ], [ 6.708582953779766, 50.912002140179915 ], [ 6.708554527958726, 50.912001582034407 ], [ 6.708550555060858, 50.912082450976946 ], [ 6.708536342126088, 50.912082171900799 ], [ 6.708535459251943, 50.912100142776559 ], [ 6.708549672192178, 50.912100421852877 ] ] ] ] } },
{ "type": "Feature", "properties": { "gml_id": "DENW41AL30005XXnFL", "identifier": "urn:adv:oid:DENW41AL30005XXnFL", "aktualit_2": "2024-08-20Z", "idflurst": "DENW41AL30005XXn", "flaeche": 326.0, "flstkennz_": "054682021002190053__", "flstnrzae": "219", "flstnrnen": "53", "gemarkung": "Horrem", "gemaschl": "054682", "flur": "21", "flurschl": "054682021", "land": "Nordrhein-Westfalen", "landschl": "05", "regbezirk": "Köln", "regbezschl": "053", "kreis": "Rhein-Erft-Kreis", "kreisschl": "05362", "gemeinde": "Kerpen", "gmdschl": "05362032", "abwrecht": "Kein abweichender Rechtszustand", "lagebeztxt": "Adenauerstraße 4", "tntxt": "Wohnbaufläche;326", "area": 324, "DN": null, "rg area": 61.0, "bldg sum": null, "open area": null, "10%drain A": null, "5%drain A+": null, "10% check": null, "T OPEN A": 131.2, "T DRAIN A": 192.8, "5% drain": 9.6, "area ok": 1, "5% ok": 1, "layer": "RG final", "path": "C:/Users/kanis/Desktop/Thesis/Data/Analysis/Horrem/RG/RG final.shp", "area final": 61.0 }, "geometry": { "type": "MultiPolygon", "coordinates": [ [ [ [ 6.708640688255482, 50.911985285572825 ], [ 6.708641571085494, 50.911967314695389 ], [ 6.708655783986331, 50.911967593758284 ], [ 6.708654901161782, 50.911985564635906 ], [ 6.708669114068309, 50.911985843697245 ], [ 6.708670438296597, 50.911958887380514 ], [ 6.708684651195153, 50.911959166439871 ], [ 6.708688623843209, 50.911878297488038 ], [ 6.708674410969241, 50.911878018429498 ], [ 6.708673969562075, 50.911887003868557 ], [ 6.708659756685603, 50.911886724808191 ], [ 6.708658873865126, 50.911904695686111 ], [ 6.708644660983414, 50.911904416623841 ], [ 6.708644219570105, 50.911913402062687 ], [ 6.708573155151282, 50.911912006724954 ], [ 6.708570065156153, 50.911974904793283 ], [ 6.70858427805859, 50.911975183864904 ], [ 6.708583836632542, 50.91198416930326 ], [ 6.708640688255482, 50.911985285572825 ] ], [ [ 6.7086011394964, 50.911921550303788 ], [ 6.708615352382896, 50.911921829371437 ], [ 6.70861491096367, 50.911930814810063 ], [ 6.708629123853124, 50.911931093876049 ], [ 6.708628682436404, 50.911940079314761 ], [ 6.708614469544217, 50.911939800248668 ], [ 6.708614028124537, 50.911948785687279 ], [ 6.708599815229845, 50.911948506619382 ], [ 6.7086011394964, 50.911921550303788 ] ], [ [ 6.708643336742806, 50.911931372940316 ], [ 6.708657549632713, 50.911931652002863 ], [ 6.708657108221457, 50.911940637441731 ], [ 6.708642895328818, 50.911940358379105 ], [ 6.708643336742806, 50.911931372940316 ] ] ] ] } },
{ "type": "Feature", "properties": { "gml_id": "DENW41AL30005gqxFL", "identifier": "urn:adv:oid:DENW41AL30005gqxFL", "aktualit_2": "2024-08-20Z", "idflurst": "DENW41AL30005gqx", "flaeche": 470.0, "flstkennz_": "05468202100365______", "flstnrzae": "365", "flstnrnen": null, "gemarkung": "Horrem", "gemaschl": "054682", "flur": "21", "flurschl": "054682021", "land": "Nordrhein-Westfalen", "landschl": "05", "regbezirk": "Köln", "regbezschl": "053", "kreis": "Rhein-Erft-Kreis", "kreisschl": "05362", "gemeinde": "Kerpen", "gmdschl": "05362032", "abwrecht": "Kein abweichender Rechtszustand", "lagebeztxt": "Sistenichstraße 32", "tntxt": "Wohnbaufläche;470", "area": 469, "DN": null, "rg area": 149.0, "bldg sum": null, "open area": null, "10%drain A": null, "5%drain A+": null, "10% check": null, "T OPEN A": 282.0, "T DRAIN A": 187.0, "5% drain": 9.4, "area ok": 1, "5% ok": 1, "layer": "RG final", "path": "C:/Users/kanis/Desktop/Thesis/Data/Analysis/Horrem/RG/RG final.shp", "area final": 149.0 }, "geometry": { "type": "MultiPolygon", "coordinates": [ [ [ [ 6.708801532677453, 50.912186313886409 ], [ 6.708801974064763, 50.912177328447001 ], [ 6.708944103738853, 50.912180118811065 ], [ 6.708945427817459, 50.912153162490071 ], [ 6.708959640777915, 50.912153441516701 ], [ 6.708958758064536, 50.912171412397576 ], [ 6.708972971030682, 50.912171691422643 ], [ 6.708974736445609, 50.912135749660507 ], [ 6.708988949401054, 50.912136028683499 ], [ 6.708989390751487, 50.912127043242833 ], [ 6.70886147418522, 50.912124531974435 ], [ 6.708861032810198, 50.912133517414297 ], [ 6.708846819856788, 50.912133238375738 ], [ 6.708846378478806, 50.912142223815508 ], [ 6.708803739611741, 50.912141386689193 ], [ 6.70880418099792, 50.9121324012497 ], [ 6.70871890328629, 50.91213072695092 ], [ 6.708719344688635, 50.912121741511953 ], [ 6.708605641107653, 50.912119509017479 ], [ 6.708602992559039, 50.912173421646827 ], [ 6.708674057377422, 50.912174816971508 ], [ 6.708673615965522, 50.912183802410127 ], [ 6.708801532677453, 50.912186313886409 ] ] ] ] } },
{ "type": "Feature", "properties": { "gml_id": "DENW41AL30005c4KFL", "identifier": "urn:adv:oid:DENW41AL30005c4KFL", "aktualit_2": "2024-08-20Z", "idflurst": "DENW41AL30005c4K", "flaeche": 326.0, "flstkennz_": "054682021002200053__", "flstnrzae": "220", "flstnrnen": "53", "gemarkung": "Horrem", "gemaschl": "054682", "flur": "21", "flurschl": "054682021", "land": "Nordrhein-Westfalen", "landschl": "05", "regbezirk": "Köln", "regbezschl": "053", "kreis": "Rhein-Erft-Kreis", "kreisschl": "05362", "gemeinde": "Kerpen", "gmdschl": "05362032", "abwrecht": "Kein abweichender Rechtszustand", "lagebeztxt": "Adenauerstraße 6", "tntxt": "Wohnbaufläche;326", "area": 324, "DN": null, "rg area": 73.0, "bldg sum": null, "open area": null, "10%drain A": null, "5%drain A+": null, "10% check": null, "T OPEN A": 128.3, "T DRAIN A": 195.7, "5% drain": 9.8, "area ok": 1, "5% ok": 1, "layer": "RG final", "path": "C:/Users/kanis/Desktop/Thesis/Data/Analysis/Horrem/RG/RG final.shp", "area final": 73.0 }, "geometry": { "type": "MultiPolygon", "coordinates": [ [ [ [ 6.708527426450198, 50.911974067568032 ], [ 6.708530957937871, 50.911902184063436 ], [ 6.708516745058195, 50.911901904985612 ], [ 6.708517627933316, 50.911883934109483 ], [ 6.708446563565656, 50.911882538695266 ], [ 6.708445680663215, 50.911900509570522 ], [ 6.708431467784897, 50.91190023048231 ], [ 6.708431026330604, 50.911909215919827 ], [ 6.708416813449781, 50.911908936829803 ], [ 6.708413723244274, 50.911971834891283 ], [ 6.708527426450198, 50.911974067568032 ] ] ] ] } },
{ "type": "Feature", "properties": { "gml_id": "DENW41AL30005V58FL", "identifier": "urn:adv:oid:DENW41AL30005V58FL", "aktualit_2": "2024-08-20Z", "idflurst": "DENW41AL30005V58", "flaeche": 474.0, "flstkennz_": "05468202000046______", "flstnrzae": "46", "flstnrnen": null, "gemarkung": "Horrem", "gemaschl": "054682", "flur": "20", "flurschl": "054682020", "land": "Nordrhein-Westfalen", "landschl": "05", "regbezirk": "Köln", "regbezschl": "053", "kreis": "Rhein-Erft-Kreis", "kreisschl": "05362", "gemeinde": "Kerpen", "gmdschl": "05362032", "abwrecht": "Kein abweichender Rechtszustand", "lagebeztxt": "Hauptstraße 222", "tntxt": "Fläche gemischter Nutzung(funktion:Gebäude- und Freifläche Mischnutzung mit Wohnen);474", "area": 476, "DN": null, "rg area": 112.0, "bldg sum": null, "open area": null, "10%drain A": null, "5%drain A+": null, "10% check": null, "T OPEN A": 205.7, "T DRAIN A": 270.3, "5% drain": 13.5, "area ok": 1, "5% ok": 1, "layer": "RG final", "path": "C:/Users/kanis/Desktop/Thesis/Data/Analysis/Horrem/RG/RG final.shp", "area final": 112.0 }, "geometry": { "type": "MultiPolygon", "coordinates": [ [ [ [ 6.711093953511909, 50.910117684402557 ], [ 6.711094394425353, 50.91010869894555 ], [ 6.711108606784526, 50.91010897770262 ], [ 6.711109488605273, 50.910091006788392 ], [ 6.711123700959208, 50.910091285543544 ], [ 6.711124141866511, 50.91008230008633 ], [ 6.711138354217939, 50.910082578839663 ], [ 6.711138795122285, 50.910073593382322 ], [ 6.710797698815927, 50.910066902827104 ], [ 6.710795493964113, 50.910111830102949 ], [ 6.711093953511909, 50.910117684402557 ] ] ] ] } },
{ "type": "Feature", "properties": { "gml_id": "DENW41AL30005YMUFL", "identifier": "urn:adv:oid:DENW41AL30005YMUFL", "aktualit_2": "2024-08-20Z", "idflurst": "DENW41AL30005YMU", "flaeche": 582.0, "flstkennz_": "05468202000043______", "flstnrzae": "43", "flstnrnen": null, "gemarkung": "Horrem", "gemaschl": "054682", "flur": "20", "flurschl": "054682020", "land": "Nordrhein-Westfalen", "landschl": "05", "regbezirk": "Köln", "regbezschl": "053", "kreis": "Rhein-Erft-Kreis", "kreisschl": "05362", "gemeinde": "Kerpen", "gmdschl": "05362032", "abwrecht": "Kein abweichender Rechtszustand", "lagebeztxt": "Hauptstraße 220", "tntxt": "Fläche gemischter Nutzung(funktion:Gebäude- und Freifläche Mischnutzung mit Wohnen);582", "area": 585, "DN": null, "rg area": 104.0, "bldg sum": null, "open area": null, "10%drain A": null, "5%drain A+": null, "10% check": null, "T OPEN A": 204.8, "T DRAIN A": 380.2, "5% drain": 19.0, "area ok": 1, "5% ok": 1, "layer": "RG final", "path": "C:/Users/kanis/Desktop/Thesis/Data/Analysis/Horrem/RG/RG final.shp", "area final": 104.0 }, "geometry": { "type": "MultiPolygon", "coordinates": [ [ [ [ 6.711089985280737, 50.910198553514817 ], [ 6.711092630770218, 50.91014464077346 ], [ 6.710765746320281, 50.910138228875624 ], [ 6.710763541432109, 50.910183156149927 ], [ 6.710848815706873, 50.910184828909763 ], [ 6.710849256668569, 50.910175843454397 ], [ 6.711048229969741, 50.910179746317404 ], [ 6.711047348122618, 50.910197717230595 ], [ 6.711089985280737, 50.910198553514817 ] ] ] ] } },
{ "type": "Feature", "properties": { "gml_id": "DENW41AL30005ec8FL", "identifier": "urn:adv:oid:DENW41AL30005ec8FL", "aktualit_2": "2024-08-20Z", "idflurst": "DENW41AL30005ec8", "flaeche": 974.0, "flstkennz_": "05468202000439______", "flstnrzae": "439", "flstnrnen": null, "gemarkung": "Horrem", "gemaschl": "054682", "flur": "20", "flurschl": "054682020", "land": "Nordrhein-Westfalen", "landschl": "05", "regbezirk": "Köln", "regbezschl": "053", "kreis": "Rhein-Erft-Kreis", "kreisschl": "05362", "gemeinde": "Kerpen", "gmdschl": "05362032", "abwrecht": "Kein abweichender Rechtszustand", "lagebeztxt": "Hauptstraße 218", "tntxt": "Fläche gemischter Nutzung(funktion:Gebäude- und Freifläche Mischnutzung mit Wohnen);974", "area": 978, "DN": null, "rg area": 182.0, "bldg sum": null, "open area": null, "10%drain A": null, "5%drain A+": null, "10% check": null, "T OPEN A": 316.8, "T DRAIN A": 661.2, "5% drain": 33.1, "area ok": 1, "5% ok": 1, "layer": "RG final", "path": "C:/Users/kanis/Desktop/Thesis/Data/Analysis/Horrem/RG/RG final.shp", "area final": 182.0 }, "geometry": { "type": "MultiPolygon", "coordinates": [ [ [ [ 6.710701841026047, 50.910280880940213 ], [ 6.710702282017547, 50.910271895485927 ], [ 6.710716494422526, 50.910272174291357 ], [ 6.710716053433758, 50.910281159745729 ], [ 6.710858177523282, 50.91028394770585 ], [ 6.710858618484732, 50.910274962250583 ], [ 6.710844406077494, 50.91027468346244 ], [ 6.710844847041449, 50.910265698007251 ], [ 6.710830634637169, 50.910265419217474 ], [ 6.710833280432545, 50.91021150648649 ], [ 6.710804855657446, 50.910210948902801 ], [ 6.710803532744383, 50.910237905267842 ], [ 6.710789320348978, 50.910237626473133 ], [ 6.710788879374773, 50.910246611928024 ], [ 6.710589905824571, 50.910242708619407 ], [ 6.710590346837023, 50.91023372316576 ], [ 6.710291886652149, 50.910227867569333 ], [ 6.710290122371505, 50.91026380937636 ], [ 6.710318547168578, 50.910264367085766 ], [ 6.710318106103315, 50.910273352537658 ], [ 6.710701841026047, 50.910280880940213 ] ] ] ] } },
{ "type": "Feature", "properties": { "gml_id": "DENW41AL30005eaZFL", "identifier": "urn:adv:oid:DENW41AL30005eaZFL", "aktualit_2": "2024-08-29Z", "idflurst": "DENW41AL30005eaZ", "flaeche": 632.0, "flstkennz_": "054682020001680042__", "flstnrzae": "168", "flstnrnen": "42", "gemarkung": "Horrem", "gemaschl": "054682", "flur": "20", "flurschl": "054682020", "land": "Nordrhein-Westfalen", "landschl": "05", "regbezirk": "Köln", "regbezschl": "053", "kreis": "Rhein-Erft-Kreis", "kreisschl": "05362", "gemeinde": "Kerpen", "gmdschl": "05362032", "abwrecht": "Kein abweichender Rechtszustand", "lagebeztxt": "Hauptstraße 216", "tntxt": "Wohnbaufläche;632", "area": 636, "DN": null, "rg area": 217.0, "bldg sum": null, "open area": null, "10%drain A": null, "5%drain A+": null, "10% check": null, "T OPEN A": 399.4, "T DRAIN A": 236.6, "5% drain": 11.8, "area ok": 1, "5% ok": 1, "layer": "RG final", "path": "C:/Users/kanis/Desktop/Thesis/Data/Analysis/Horrem/RG/RG final.shp", "area final": 217.0 }, "geometry": { "type": "MultiPolygon", "coordinates": [ [ [ [ 6.711125126982516, 50.91035214255195 ], [ 6.711126008804538, 50.910334171638269 ], [ 6.71099809696137, 50.910331662773586 ], [ 6.710998537896629, 50.910322677317509 ], [ 6.710984325473473, 50.910322398546214 ], [ 6.710984766411237, 50.910313413090222 ], [ 6.710316782906173, 50.910300308893234 ], [ 6.710317223972113, 50.910291323441399 ], [ 6.710288799158648, 50.910290765731453 ], [ 6.710287475943758, 50.91031772208639 ], [ 6.710301688358573, 50.910318000942496 ], [ 6.710300806219648, 50.910335971845882 ], [ 6.711125126982516, 50.91035214255195 ] ] ] ] } },
{ "type": "Feature", "properties": { "gml_id": "DENW41AL30005YjxFL", "identifier": "urn:adv:oid:DENW41AL30005YjxFL", "aktualit_2": "2024-08-20Z", "idflurst": "DENW41AL30005Yjx", "flaeche": 570.0, "flstkennz_": "05468202100448______", "flstnrzae": "448", "flstnrnen": null, "gemarkung": "Horrem", "gemaschl": "054682", "flur": "21", "flurschl": "054682021", "land": "Nordrhein-Westfalen", "landschl": "05", "regbezirk": "Köln", "regbezschl": "053", "kreis": "Rhein-Erft-Kreis", "kreisschl": "05362", "gemeinde": "Kerpen", "gmdschl": "05362032", "abwrecht": "Kein abweichender Rechtszustand", "lagebeztxt": "Am grünen Weg 8 a", "tntxt": "Wohnbaufläche;570", "area": 566, "DN": null, "rg area": 148.0, "bldg sum": null, "open area": null, "10%drain A": null, "5%drain A+": null, "10% check": null, "T OPEN A": 210.7, "T DRAIN A": 355.3, "5% drain": 17.8, "area ok": 1, "5% ok": 1, "layer": "RG final", "path": "C:/Users/kanis/Desktop/Thesis/Data/Analysis/Horrem/RG/RG final.shp", "area final": 148.0 }, "geometry": { "type": "MultiPolygon", "coordinates": [ [ [ [ 6.706567373618546, 50.911908582108047 ], [ 6.706567815431657, 50.911899596682247 ], [ 6.706553602572285, 50.91189931736546 ], [ 6.706554044387902, 50.911890331939738 ], [ 6.706596682958498, 50.91189116988464 ], [ 6.706597124765691, 50.911882184458619 ], [ 6.70662555047509, 50.91188274307973 ], [ 6.706625992276593, 50.911873757653524 ], [ 6.706597566572658, 50.911873199032598 ], [ 6.706598891992201, 50.911846242754415 ], [ 6.706655743368191, 50.9118473599883 ], [ 6.706656185163323, 50.911838374561853 ], [ 6.706613546639189, 50.911837536639297 ], [ 6.706613988442292, 50.911828551213098 ], [ 6.706343944555337, 50.911823244010627 ], [ 6.706340851565487, 50.911886141981846 ], [ 6.706397702979815, 50.911887259341981 ], [ 6.706397261134145, 50.91189624476673 ], [ 6.706454112563026, 50.911897362099566 ], [ 6.70645367072806, 50.911906347524656 ], [ 6.706567373618546, 50.911908582108047 ] ], [ [ 6.706370160973789, 50.911868729816177 ], [ 6.706355948125783, 50.91186845047546 ], [ 6.70635683183193, 50.911850479626381 ], [ 6.706371044674471, 50.911850758966928 ], [ 6.706370602824242, 50.911859744391563 ], [ 6.706384815669742, 50.911860023730462 ], [ 6.706383931974069, 50.911877994579861 ], [ 6.706369719123106, 50.911877715240784 ], [ 6.706370160973789, 50.911868729816177 ] ] ] ] } },
{ "type": "Feature", "properties": { "gml_id": "DENW41AL30005ZCbFL", "identifier": "urn:adv:oid:DENW41AL30005ZCbFL", "aktualit_2": "2024-08-20Z", "idflurst": "DENW41AL30005ZCb", "flaeche": 496.0, "flstkennz_": "05468202100460______", "flstnrzae": "460", "flstnrnen": null, "gemarkung": "Horrem", "gemaschl": "054682", "flur": "21", "flurschl": "054682021", "land": "Nordrhein-Westfalen", "landschl": "05", "regbezirk": "Köln", "regbezschl": "053", "kreis": "Rhein-Erft-Kreis", "kreisschl": "05362", "gemeinde": "Kerpen", "gmdschl": "05362032", "abwrecht": "Kein abweichender Rechtszustand", "lagebeztxt": "Am grünen Weg 8", "tntxt": "Wohnbaufläche;496", "area": 492, "DN": null, "rg area": 108.0, "bldg sum": null, "open area": null, "10%drain A": null, "5%drain A+": null, "10% check": null, "T OPEN A": 207.4, "T DRAIN A": 284.6, "5% drain": 14.2, "area ok": 1, "5% ok": 1, "layer": "RG final", "path": "C:/Users/kanis/Desktop/Thesis/Data/Analysis/Horrem/RG/RG final.shp", "area final": 108.0 }, "geometry": { "type": "MultiPolygon", "coordinates": [ [ [ [ 6.706547858948667, 50.91201612789839 ], [ 6.706550068039203, 50.911971200770672 ], [ 6.706564280920431, 50.911971480088177 ], [ 6.706565164549596, 50.911953509236788 ], [ 6.706579377425586, 50.911953788552374 ], [ 6.706579819237097, 50.911944803126566 ], [ 6.706522967745421, 50.911943685854197 ], [ 6.706523409567635, 50.911934700428731 ], [ 6.706452345221796, 50.911933303799813 ], [ 6.706452787057443, 50.91192431837478 ], [ 6.706381722730926, 50.911922921703074 ], [ 6.706382164580008, 50.911913936278467 ], [ 6.706339525995011, 50.911913098254963 ], [ 6.706339084137734, 50.911922083679308 ], [ 6.706324871273788, 50.911921804334597 ], [ 6.706324429413552, 50.911930789758834 ], [ 6.706352855147132, 50.911931348446707 ], [ 6.706351971436908, 50.911949319295481 ], [ 6.706323545692399, 50.911948760607252 ], [ 6.70632266197034, 50.911966731455614 ], [ 6.706351087725779, 50.911967290144204 ], [ 6.706350645869875, 50.911976275568534 ], [ 6.706379071631682, 50.911976834250375 ], [ 6.706379513482122, 50.911967848825874 ], [ 6.706393726360632, 50.911968128164119 ], [ 6.706392842664991, 50.911986099013298 ], [ 6.706435481318277, 50.911986937018185 ], [ 6.706435039478311, 50.911995922443012 ], [ 6.706477678141832, 50.911996760432601 ], [ 6.706477236309838, 50.912005745857698 ], [ 6.706534087875297, 50.912006863153294 ], [ 6.706533646054004, 50.912015848578719 ], [ 6.706547858948667, 50.91201612789839 ] ], [ [ 6.706366626161995, 50.911940613212536 ], [ 6.706380839032084, 50.911940892552245 ], [ 6.706379955332336, 50.911958863401345 ], [ 6.706365742456782, 50.911958584061466 ], [ 6.706366626161995, 50.911940613212536 ] ], [ [ 6.706409264772939, 50.911941451226468 ], [ 6.706423477643708, 50.911941730560983 ], [ 6.706422593960353, 50.911959701410623 ], [ 6.70640838108412, 50.911959422075931 ], [ 6.706409264772939, 50.911941451226468 ] ] ] ] } },
{ "type": "Feature", "properties": { "gml_id": "DENW41AL30005Yk1FL", "identifier": "urn:adv:oid:DENW41AL30005Yk1FL", "aktualit_2": "2024-08-20Z", "idflurst": "DENW41AL30005Yk1", "flaeche": 529.0, "flstkennz_": "054682021000500003__", "flstnrzae": "50", "flstnrnen": "3", "gemarkung": "Horrem", "gemaschl": "054682", "flur": "21", "flurschl": "054682021", "land": "Nordrhein-Westfalen", "landschl": "05", "regbezirk": "Köln", "regbezschl": "053", "kreis": "Rhein-Erft-Kreis", "kreisschl": "05362", "gemeinde": "Kerpen", "gmdschl": "05362032", "abwrecht": "Kein abweichender Rechtszustand", "lagebeztxt": "Am grünen Weg 4", "tntxt": "Wohnbaufläche;529", "area": 529, "DN": null, "rg area": 182.0, "bldg sum": null, "open area": null, "10%drain A": null, "5%drain A+": null, "10% check": null, "T OPEN A": 283.8, "T DRAIN A": 245.2, "5% drain": 12.3, "area ok": 1, "5% ok": 1, "layer": "RG final", "path": "C:/Users/kanis/Desktop/Thesis/Data/Analysis/Horrem/RG/RG final.shp", "area final": 182.0 }, "geometry": { "type": "MultiPolygon", "coordinates": [ [ [ [ 6.70653902252992, 50.912195836405083 ], [ 6.706539906175871, 50.91217786555471 ], [ 6.706525693232029, 50.912177586233433 ], [ 6.706526135057397, 50.912168600808315 ], [ 6.706497709175856, 50.912168042160765 ], [ 6.706498151006461, 50.91215905673581 ], [ 6.706483938068764, 50.91215877740953 ], [ 6.706485263567418, 50.912131821134821 ], [ 6.70649947649692, 50.91213210046083 ], [ 6.706499918326619, 50.912123115035811 ], [ 6.706485705399849, 50.912122835709887 ], [ 6.706486147232056, 50.912113850284925 ], [ 6.706457721384661, 50.912113291628074 ], [ 6.706458163222105, 50.912104306203261 ], [ 6.706415524460906, 50.912103468205288 ], [ 6.706415966306319, 50.912094482780752 ], [ 6.706387540472115, 50.912093924106969 ], [ 6.706387982322767, 50.912084938682582 ], [ 6.706359556494935, 50.912084380002064 ], [ 6.706359998350825, 50.912075394577833 ], [ 6.706331572529361, 50.912074835890579 ], [ 6.706332014390489, 50.912065850466512 ], [ 6.70628937566819, 50.912065012422921 ], [ 6.706289817537288, 50.91205602699911 ], [ 6.706261391729018, 50.912055468294916 ], [ 6.706261833603354, 50.912046482871261 ], [ 6.706233407801455, 50.912045924160324 ], [ 6.706233849681029, 50.91203693873684 ], [ 6.706219636783151, 50.91203665937887 ], [ 6.706217869252569, 50.912072601072353 ], [ 6.706203656343988, 50.912072321712309 ], [ 6.706202330685479, 50.912099277981973 ], [ 6.706188117768929, 50.912098998619911 ], [ 6.706188559658059, 50.912090013196789 ], [ 6.706160133831101, 50.912089454467683 ], [ 6.706159691936509, 50.912098439890627 ], [ 6.706173904852606, 50.912098719256136 ], [ 6.706173462960518, 50.912107704679151 ], [ 6.706201888798857, 50.912108263405166 ], [ 6.706201446912006, 50.912117248828352 ], [ 6.706229872756714, 50.912117807547624 ], [ 6.706229430875102, 50.912126792970959 ], [ 6.706272069652061, 50.912127631037166 ], [ 6.70627162777842, 50.912136616460756 ], [ 6.706300053636321, 50.912137175163096 ], [ 6.706299611767918, 50.912146160586843 ], [ 6.70632803763219, 50.912146719282447 ], [ 6.706327595769024, 50.912155704706365 ], [ 6.706370234575327, 50.912156542737065 ], [ 6.706369792720132, 50.912165528161218 ], [ 6.706398218597597, 50.912166086839882 ], [ 6.706397776747639, 50.912175072264212 ], [ 6.706426202631474, 50.912175630936133 ], [ 6.706425760786755, 50.912184616360619 ], [ 6.706511038460087, 50.912186292335448 ], [ 6.706510596631535, 50.912195277760453 ], [ 6.70653902252992, 50.912195836405083 ] ], [ [ 6.706273837144362, 50.912091689342653 ], [ 6.706288050059539, 50.912091968694241 ], [ 6.706287608189535, 50.912100954117982 ], [ 6.706273395271626, 50.912100674766307 ], [ 6.706273837144362, 50.912091689342653 ] ], [ [ 6.706302262974941, 50.912092248044104 ], [ 6.706316475890572, 50.912092527392232 ], [ 6.706316034026033, 50.912101512816157 ], [ 6.706301821107671, 50.912101233467929 ], [ 6.706302262974941, 50.912092248044104 ] ] ] ] } },
{ "type": "Feature", "properties": { "gml_id": "DENW41AL30005eIPFL", "identifier": "urn:adv:oid:DENW41AL30005eIPFL", "aktualit_2": "2024-08-20Z", "idflurst": "DENW41AL30005eIP", "flaeche": 456.0, "flstkennz_": "05468202100338______", "flstnrzae": "338", "flstnrnen": null, "gemarkung": "Horrem", "gemaschl": "054682", "flur": "21", "flurschl": "054682021", "land": "Nordrhein-Westfalen", "landschl": "05", "regbezirk": "Köln", "regbezschl": "053", "kreis": "Rhein-Erft-Kreis", "kreisschl": "05362", "gemeinde": "Kerpen", "gmdschl": "05362032", "abwrecht": "Kein abweichender Rechtszustand", "lagebeztxt": "Am grünen Weg 6", "tntxt": "Wohnbaufläche;456", "area": 454, "DN": null, "rg area": 126.0, "bldg sum": null, "open area": null, "10%drain A": null, "5%drain A+": null, "10% check": null, "T OPEN A": 243.6, "T DRAIN A": 210.4, "5% drain": 10.5, "area ok": 1, "5% ok": 1, "layer": "RG final", "path": "C:/Users/kanis/Desktop/Thesis/Data/Analysis/Horrem/RG/RG final.shp", "area final": 126.0 }, "geometry": { "type": "MultiPolygon", "coordinates": [ [ [ [ 6.70654388257144, 50.912096996727222 ], [ 6.706544324392038, 50.912088011301861 ], [ 6.706558537308783, 50.91208829062051 ], [ 6.706558979126424, 50.91207930519505 ], [ 6.706573192040665, 50.912079584511879 ], [ 6.706573633855345, 50.912070599086306 ], [ 6.706559420943836, 50.912070319769555 ], [ 6.706559862761022, 50.912061334344067 ], [ 6.706616714397487, 50.91206245160032 ], [ 6.706617156203518, 50.912053466174441 ], [ 6.706574517484027, 50.912052628235109 ], [ 6.706574959298027, 50.912043642809493 ], [ 6.706560746394716, 50.912043363493019 ], [ 6.706560304577982, 50.91205234891855 ], [ 6.706531878766572, 50.912051790280231 ], [ 6.70653232058877, 50.91204280485487 ], [ 6.706518107686137, 50.912042525533217 ], [ 6.70651854951084, 50.912033540107927 ], [ 6.706475910812496, 50.912032702132834 ], [ 6.70647635264517, 50.912023716707807 ], [ 6.70643371395706, 50.912022878717416 ], [ 6.706434155797704, 50.912013893292631 ], [ 6.706377304227657, 50.912012775948249 ], [ 6.706377746079003, 50.912003790523805 ], [ 6.70633510741204, 50.912002952497645 ], [ 6.706335549271357, 50.911993967073442 ], [ 6.70629291061463, 50.911993129031984 ], [ 6.706293352481917, 50.911984143608038 ], [ 6.706236500953712, 50.911983026195578 ], [ 6.70623517531839, 50.912009982466273 ], [ 6.706249388208297, 50.912010261822267 ], [ 6.706248946332135, 50.912019247245887 ], [ 6.706277372118095, 50.912019805952831 ], [ 6.70627693024717, 50.912028791376628 ], [ 6.7063053560395, 50.912029350076821 ], [ 6.706304914173814, 50.912038335500775 ], [ 6.706333339972513, 50.912038894194239 ], [ 6.706332898112064, 50.912047879618349 ], [ 6.706375536820009, 50.912048717645852 ], [ 6.706375094967531, 50.912057703070211 ], [ 6.706403520779423, 50.912058261746743 ], [ 6.706403078932183, 50.912067247171258 ], [ 6.706431504750446, 50.912067805841062 ], [ 6.706431062908443, 50.912076791265747 ], [ 6.706459488733076, 50.912077349928808 ], [ 6.706459046896312, 50.912086335353642 ], [ 6.706501685643156, 50.912087173335529 ], [ 6.706501243814362, 50.912096158760619 ], [ 6.70654388257144, 50.912096996727222 ] ] ] ] } },
{ "type": "Feature", "properties": { "gml_id": "DENW41AL30005dvSFL", "identifier": "urn:adv:oid:DENW41AL30005dvSFL", "aktualit_2": "2024-08-20Z", "idflurst": "DENW41AL30005dvS", "flaeche": 306.0, "flstkennz_": "05468202000365______", "flstnrzae": "365", "flstnrnen": null, "gemarkung": "Horrem", "gemaschl": "054682", "flur": "20", "flurschl": "054682020", "land": "Nordrhein-Westfalen", "landschl": "05", "regbezirk": "Köln", "regbezschl": "053", "kreis": "Rhein-Erft-Kreis", "kreisschl": "05362", "gemeinde": "Kerpen", "gmdschl": "05362032", "abwrecht": "Kein abweichender Rechtszustand", "lagebeztxt": "Am grünen Weg 29", "tntxt": "Wohnbaufläche;306", "area": 306, "DN": null, "rg area": 37.0, "bldg sum": null, "open area": null, "10%drain A": null, "5%drain A+": null, "10% check": null, "T OPEN A": 89.3, "T DRAIN A": 216.7, "5% drain": 10.8, "area ok": 1, "5% ok": 1, "layer": "RG final", "path": "C:/Users/kanis/Desktop/Thesis/Data/Analysis/Horrem/RG/RG final.shp", "area final": 37.0 }, "geometry": { "type": "MultiPolygon", "coordinates": [ [ [ [ 6.707671152684036, 50.910581152540097 ], [ 6.707672035843244, 50.910563181670504 ], [ 6.707657823379889, 50.910562902493353 ], [ 6.707659148125201, 50.910535946189093 ], [ 6.70767336058036, 50.910536225365981 ], [ 6.707673802158946, 50.910527239931113 ], [ 6.7076880146116, 50.910527519106168 ], [ 6.707688897762629, 50.910509548236199 ], [ 6.707589410637051, 50.910507593975701 ], [ 6.707588527447776, 50.91052556484442 ], [ 6.707616952350594, 50.910526123213565 ], [ 6.707617393939881, 50.910517137779031 ], [ 6.707631606388898, 50.910517416960928 ], [ 6.707631164802342, 50.910526402395554 ], [ 6.707645377254317, 50.910526681575796 ], [ 6.707644935670268, 50.910535667010492 ], [ 6.707588085852797, 50.910534550278769 ], [ 6.707587202662163, 50.910552521147402 ], [ 6.707601415121655, 50.9105528003331 ], [ 6.707600531935579, 50.910570771201847 ], [ 6.707614744400761, 50.910571050385997 ], [ 6.707614302810116, 50.910580035820431 ], [ 6.707671152684036, 50.910581152540097 ] ], [ [ 6.70761518599118, 50.910562064951542 ], [ 6.707629398453856, 50.910562344133879 ], [ 6.707628956866169, 50.910571329568413 ], [ 6.707614744400761, 50.910571050385997 ], [ 6.70761518599118, 50.910562064951542 ] ] ] ] } },
{ "type": "Feature", "properties": { "gml_id": "DENW41AL30005eZPFL", "identifier": "urn:adv:oid:DENW41AL30005eZPFL", "aktualit_2": "2024-08-20Z", "idflurst": "DENW41AL30005eZP", "flaeche": 177.0, "flstkennz_": "05468202000364______", "flstnrzae": "364", "flstnrnen": null, "gemarkung": "Horrem", "gemaschl": "054682", "flur": "20", "flurschl": "054682020", "land": "Nordrhein-Westfalen", "landschl": "05", "regbezirk": "Köln", "regbezschl": "053", "kreis": "Rhein-Erft-Kreis", "kreisschl": "05362", "gemeinde": "Kerpen", "gmdschl": "05362032", "abwrecht": "Kein abweichender Rechtszustand", "lagebeztxt": "Am grünen Weg 27", "tntxt": "Wohnbaufläche;177", "area": 177, "DN": null, "rg area": 13.0, "bldg sum": null, "open area": null, "10%drain A": null, "5%drain A+": null, "10% check": null, "T OPEN A": 49.2, "T DRAIN A": 127.8, "5% drain": 6.4, "area ok": 1, "5% ok": 1, "layer": "RG final", "path": "C:/Users/kanis/Desktop/Thesis/Data/Analysis/Horrem/RG/RG final.shp", "area final": 13.0 }, "geometry": { "type": "MultiPolygon", "coordinates": [ [ [ [ 6.707654290715768, 50.910634785970629 ], [ 6.70765561546651, 50.91060782966678 ], [ 6.707598765560713, 50.910606712939128 ], [ 6.70759788237192, 50.910624683807669 ], [ 6.707583669890574, 50.910624404621245 ], [ 6.707583228293107, 50.910633390055409 ], [ 6.707654290715768, 50.910634785970629 ] ] ] ] } },
{ "type": "Feature", "properties": { "gml_id": "DENW41AL30005VktFL", "identifier": "urn:adv:oid:DENW41AL30005VktFL", "aktualit_2": "2024-08-20Z", "idflurst": "DENW41AL30005Vkt", "flaeche": 192.0, "flstkennz_": "05468202000391______", "flstnrzae": "391", "flstnrnen": null, "gemarkung": "Horrem", "gemaschl": "054682", "flur": "20", "flurschl": "054682020", "land": "Nordrhein-Westfalen", "landschl": "05", "regbezirk": "Köln", "regbezschl": "053", "kreis": "Rhein-Erft-Kreis", "kreisschl": "05362", "gemeinde": "Kerpen", "gmdschl": "05362032", "abwrecht": "Kein abweichender Rechtszustand", "lagebeztxt": "Sistenichstraße 50 a", "tntxt": "Wohnbaufläche;192", "area": 192, "DN": null, "rg area": 25.0, "bldg sum": null, "open area": null, "10%drain A": null, "5%drain A+": null, "10% check": null, "T OPEN A": 63.5, "T DRAIN A": 128.5, "5% drain": 6.4, "area ok": 1, "5% ok": 1, "layer": "RG final", "path": "C:/Users/kanis/Desktop/Thesis/Data/Analysis/Horrem/RG/RG final.shp", "area final": 25.0 }, "geometry": { "type": "MultiPolygon", "coordinates": [ [ [ [ 6.709173704040562, 50.910691604529134 ], [ 6.709174145332725, 50.910682619085087 ], [ 6.709131507789441, 50.910681782095565 ], [ 6.709131949089576, 50.91067279665176 ], [ 6.709174586624664, 50.910673633641018 ], [ 6.709175027916378, 50.910664648196907 ], [ 6.709146602898222, 50.910664090205998 ], [ 6.709147044195173, 50.910655104762057 ], [ 6.709061769162529, 50.910653430748333 ], [ 6.709060445221824, 50.910680387078486 ], [ 6.709088870248192, 50.910680945090505 ], [ 6.709088428939636, 50.910689930534026 ], [ 6.709173704040562, 50.910691604529134 ] ] ] ] } },
{ "type": "Feature", "properties": { "gml_id": "DENW41AL30005Y2FFL", "identifier": "urn:adv:oid:DENW41AL30005Y2FFL", "aktualit_2": "2024-08-20Z", "idflurst": "DENW41AL30005Y2F", "flaeche": 361.0, "flstkennz_": "05468202000406______", "flstnrzae": "406", "flstnrnen": null, "gemarkung": "Horrem", "gemaschl": "054682", "flur": "20", "flurschl": "054682020", "land": "Nordrhein-Westfalen", "landschl": "05", "regbezirk": "Köln", "regbezschl": "053", "kreis": "Rhein-Erft-Kreis", "kreisschl": "05362", "gemeinde": "Kerpen", "gmdschl": "05362032", "abwrecht": "Kein abweichender Rechtszustand", "lagebeztxt": "Am grünen Weg 15", "tntxt": "Wohnbaufläche;361", "area": 361, "DN": null, "rg area": 94.0, "bldg sum": null, "open area": null, "10%drain A": null, "5%drain A+": null, "10% check": null, "T OPEN A": 225.4, "T DRAIN A": 135.6, "5% drain": 6.8, "area ok": 1, "5% ok": 1, "layer": "RG final", "path": "C:/Users/kanis/Desktop/Thesis/Data/Analysis/Horrem/RG/RG final.shp", "area final": 94.0 }, "geometry": { "type": "MultiPolygon", "coordinates": [ [ [ [ 6.707649515000665, 50.911021438824406 ], [ 6.707652606131555, 50.910958540786226 ], [ 6.707666818715343, 50.910958819965572 ], [ 6.707667701888097, 50.910940849097187 ], [ 6.707539788691321, 50.910938336422589 ], [ 6.707540230301946, 50.910929350989171 ], [ 6.707511805155061, 50.910928792598199 ], [ 6.707509155455129, 50.910982705197348 ], [ 6.707494942865634, 50.910982425998739 ], [ 6.707493618004416, 50.911009382297834 ], [ 6.707550468396541, 50.911010499082984 ], [ 6.707550026786611, 50.911019484516331 ], [ 6.707649515000665, 50.911021438824406 ] ] ] ] } },
{ "type": "Feature", "properties": { "gml_id": "DENW41AL30005aLIFL", "identifier": "urn:adv:oid:DENW41AL30005aLIFL", "aktualit_2": "2024-08-20Z", "idflurst": "DENW41AL30005aLI", "flaeche": 192.0, "flstkennz_": "05468202000392______", "flstnrzae": "392", "flstnrnen": null, "gemarkung": "Horrem", "gemaschl": "054682", "flur": "20", "flurschl": "054682020", "land": "Nordrhein-Westfalen", "landschl": "05", "regbezirk": "Köln", "regbezschl": "053", "kreis": "Rhein-Erft-Kreis", "kreisschl": "05362", "gemeinde": "Kerpen", "gmdschl": "05362032", "abwrecht": "Kein abweichender Rechtszustand", "lagebeztxt": "Sistenichstraße 50 b", "tntxt": "Wohnbaufläche;192", "area": 192, "DN": null, "rg area": 26.0, "bldg sum": null, "open area": null, "10%drain A": null, "5%drain A+": null, "10% check": null, "T OPEN A": 76.9, "T DRAIN A": 115.1, "5% drain": 5.8, "area ok": 1, "5% ok": 1, "layer": "RG final", "path": "C:/Users/kanis/Desktop/Thesis/Data/Analysis/Horrem/RG/RG final.shp", "area final": 26.0 }, "geometry": { "type": "MultiPolygon", "coordinates": [ [ [ [ 6.709176351790158, 50.910637691864537 ], [ 6.709178116952033, 50.9106017500878 ], [ 6.709064417037832, 50.910599518087601 ], [ 6.709063093101198, 50.910626474418045 ], [ 6.709148368084668, 50.910628148430163 ], [ 6.709147926788394, 50.91063713387414 ], [ 6.709176351790158, 50.910637691864537 ] ] ] ] } },
{ "type": "Feature", "properties": { "gml_id": "DENW41AL30005empFL", "identifier": "urn:adv:oid:DENW41AL30005empFL", "aktualit_2": "2024-08-20Z", "idflurst": "DENW41AL30005emp", "flaeche": 316.0, "flstkennz_": "05468202000414______", "flstnrzae": "414", "flstnrnen": null, "gemarkung": "Horrem", "gemaschl": "054682", "flur": "20", "flurschl": "054682020", "land": "Nordrhein-Westfalen", "landschl": "05", "regbezirk": "Köln", "regbezschl": "053", "kreis": "Rhein-Erft-Kreis", "kreisschl": "05362", "gemeinde": "Kerpen", "gmdschl": "05362032", "abwrecht": "Kein abweichender Rechtszustand", "lagebeztxt": "Sistenichstraße 50 c", "tntxt": "Wohnbaufläche;316", "area": 315, "DN": null, "rg area": 58.0, "bldg sum": null, "open area": null, "10%drain A": null, "5%drain A+": null, "10% check": null, "T OPEN A": 127.5, "T DRAIN A": 187.5, "5% drain": 9.4, "area ok": 1, "5% ok": 1, "layer": "RG final", "path": "C:/Users/kanis/Desktop/Thesis/Data/Analysis/Horrem/RG/RG final.shp", "area final": 58.0 }, "geometry": { "type": "MultiPolygon", "coordinates": [ [ [ [ 6.709193653303161, 50.910575072747051 ], [ 6.709196301018726, 50.91052116008062 ], [ 6.709210513484657, 50.91052143907033 ], [ 6.709210954767062, 50.910512453625778 ], [ 6.70908304260641, 50.910509942656887 ], [ 6.709080394761068, 50.910563855319154 ], [ 6.709066182283512, 50.910563576313429 ], [ 6.709065740972432, 50.910572561757 ], [ 6.709193653303161, 50.910575072747051 ] ] ] ] } },
{ "type": "Feature", "properties": { "gml_id": "DENW41AL30005VXFFL", "identifier": "urn:adv:oid:DENW41AL30005VXFFL", "aktualit_2": "2024-08-20Z", "idflurst": "DENW41AL30005VXF", "flaeche": 449.0, "flstkennz_": "05468201900129______", "flstnrzae": "129", "flstnrnen": null, "gemarkung": "Horrem", "gemaschl": "054682", "flur": "19", "flurschl": "054682019", "land": "Nordrhein-Westfalen", "landschl": "05", "regbezirk": "Köln", "regbezschl": "053", "kreis": "Rhein-Erft-Kreis", "kreisschl": "05362", "gemeinde": "Kerpen", "gmdschl": "05362032", "abwrecht": "Kein abweichender Rechtszustand", "lagebeztxt": "Sistenichstraße 62", "tntxt": "Wohnbaufläche;449", "area": 449, "DN": null, "rg area": 124.0, "bldg sum": null, "open area": null, "10%drain A": null, "5%drain A+": null, "10% check": null, "T OPEN A": 195.9, "T DRAIN A": 253.1, "5% drain": 12.7, "area ok": 1, "5% ok": 1, "layer": "RG final", "path": "C:/Users/kanis/Desktop/Thesis/Data/Analysis/Horrem/RG/RG final.shp", "area final": 124.0 }, "geometry": { "type": "MultiPolygon", "coordinates": [ [ [ [ 6.709333736335563, 50.909750364633965 ], [ 6.709334177582129, 50.909741379187444 ], [ 6.709319965352516, 50.909741100215825 ], [ 6.709320406601589, 50.909732114769376 ], [ 6.709306194374934, 50.909731835796116 ], [ 6.709306635626509, 50.909722850349745 ], [ 6.709320847850433, 50.909723129322913 ], [ 6.709321289099051, 50.909714143876442 ], [ 6.70930707687786, 50.909713864903352 ], [ 6.709307518128987, 50.909704879456939 ], [ 6.709321730347445, 50.909705158429936 ], [ 6.709323054091267, 50.90967820209034 ], [ 6.709294629670965, 50.909677644143166 ], [ 6.709295070923918, 50.909668658696781 ], [ 6.709323495338755, 50.909669216643778 ], [ 6.709324377833055, 50.909651245750595 ], [ 6.709224892423324, 50.909649292907091 ], [ 6.709225333689257, 50.909640307461103 ], [ 6.709154272702749, 50.909638912521473 ], [ 6.70914897733272, 50.909746737866953 ], [ 6.709333736335563, 50.909750364633965 ] ], [ [ 6.709293747164383, 50.909695615035901 ], [ 6.709279534949108, 50.909695336059528 ], [ 6.709280417461153, 50.909677365166992 ], [ 6.709294629670965, 50.909677644143166 ], [ 6.709293747164383, 50.909695615035901 ] ], [ [ 6.709250227995357, 50.909712748993755 ], [ 6.709236015775296, 50.909712470012032 ], [ 6.70923645704008, 50.909703484566066 ], [ 6.709264881474964, 50.909704042527601 ], [ 6.709263557696325, 50.909730998865989 ], [ 6.709249345470575, 50.909730719885808 ], [ 6.709250227995357, 50.909712748993755 ] ], [ [ 6.709164954678386, 50.909711075077489 ], [ 6.709207591335854, 50.909711912043399 ], [ 6.709207150065379, 50.909720897489173 ], [ 6.709164513399716, 50.909720060522986 ], [ 6.709164954678386, 50.909711075077489 ] ], [ [ 6.709208915145918, 50.909684955705984 ], [ 6.709223127357332, 50.909685234690897 ], [ 6.709222686090269, 50.909694220136807 ], [ 6.709208473876123, 50.909693941151808 ], [ 6.709208915145918, 50.909684955705984 ] ] ] ] } },
{ "type": "Feature", "properties": { "gml_id": "DENW41AL30005YQOFL", "identifier": "urn:adv:oid:DENW41AL30005YQOFL", "aktualit_2": "2024-08-20Z", "idflurst": "DENW41AL30005YQO", "flaeche": 381.0, "flstkennz_": "05468201900230______", "flstnrzae": "230", "flstnrnen": null, "gemarkung": "Horrem", "gemaschl": "054682", "flur": "19", "flurschl": "054682019", "land": "Nordrhein-Westfalen", "landschl": "05", "regbezirk": "Köln", "regbezschl": "053", "kreis": "Rhein-Erft-Kreis", "kreisschl": "05362", "gemeinde": "Kerpen", "gmdschl": "05362032", "abwrecht": "Kein abweichender Rechtszustand", "lagebeztxt": "Grabenweg 1", "tntxt": "Wohnbaufläche;381", "area": 381, "DN": null, "rg area": 43.0, "bldg sum": null, "open area": null, "10%drain A": null, "5%drain A+": null, "10% check": null, "T OPEN A": 115.4, "T DRAIN A": 265.6, "5% drain": 13.3, "area ok": 1, "5% ok": 1, "layer": "RG final", "path": "C:/Users/kanis/Desktop/Thesis/Data/Analysis/Horrem/RG/RG final.shp", "area final": 43.0 }, "geometry": { "type": "MultiPolygon", "coordinates": [ [ [ [ 6.70921033052068, 50.909945812615511 ], [ 6.709210771794075, 50.909936827170064 ], [ 6.709296045526251, 50.909938501058164 ], [ 6.709297369295906, 50.909911544720146 ], [ 6.709311581577198, 50.909911823695168 ], [ 6.709312022830566, 50.909902838249046 ], [ 6.709226749162598, 50.909901164373451 ], [ 6.709226307892838, 50.909910149819048 ], [ 6.709212095612903, 50.909909870833644 ], [ 6.709211654340186, 50.90991885627912 ], [ 6.709169017493543, 50.909918019312272 ], [ 6.709169900055141, 50.909900048421811 ], [ 6.70914147550277, 50.909899490435613 ], [ 6.70914103421662, 50.909908475880677 ], [ 6.709126821938041, 50.909908196884906 ], [ 6.709125498070039, 50.909935153219728 ], [ 6.709168134931039, 50.909935990202676 ], [ 6.709167693649448, 50.909944975647868 ], [ 6.70921033052068, 50.909945812615511 ] ], [ [ 6.709155246495424, 50.909908754874728 ], [ 6.70915480521178, 50.909917740319869 ], [ 6.709140592930244, 50.909917461325719 ], [ 6.70914103421662, 50.909908475880677 ], [ 6.709155246495424, 50.909908754874728 ] ] ] ] } },
{ "type": "Feature", "properties": { "gml_id": "DENW41AL30005as1FL", "identifier": "urn:adv:oid:DENW41AL30005as1FL", "aktualit_2": "2024-08-20Z", "idflurst": "DENW41AL30005as1", "flaeche": 443.0, "flstkennz_": "05468201900140______", "flstnrzae": "140", "flstnrnen": null, "gemarkung": "Horrem", "gemaschl": "054682", "flur": "19", "flurschl": "054682019", "land": "Nordrhein-Westfalen", "landschl": "05", "regbezirk": "Köln", "regbezschl": "053", "kreis": "Rhein-Erft-Kreis", "kreisschl": "05362", "gemeinde": "Kerpen", "gmdschl": "05362032", "abwrecht": "Kein abweichender Rechtszustand", "lagebeztxt": "Sistenichstraße 60", "tntxt": "Wohnbaufläche;443", "area": 444, "DN": null, "rg area": 108.0, "bldg sum": null, "open area": null, "10%drain A": null, "5%drain A+": null, "10% check": null, "T OPEN A": 214.9, "T DRAIN A": 229.1, "5% drain": 11.5, "area ok": 1, "5% ok": 1, "layer": "RG final", "path": "C:/Users/kanis/Desktop/Thesis/Data/Analysis/Horrem/RG/RG final.shp", "area final": 108.0 }, "geometry": { "type": "MultiPolygon", "coordinates": [ [ [ [ 6.709313346589313, 50.909875881910544 ], [ 6.70931820035397, 50.909777042001451 ], [ 6.709147653485125, 50.909773694202954 ], [ 6.709142799359864, 50.909872534100316 ], [ 6.709313346589313, 50.909875881910544 ] ], [ [ 6.709157894192541, 50.909854842203558 ], [ 6.709186318718046, 50.9098554001854 ], [ 6.709185877441223, 50.909864385630812 ], [ 6.709157452910254, 50.909863827648785 ], [ 6.709157894192541, 50.909854842203558 ] ], [ [ 6.709186759994644, 50.909846414739967 ], [ 6.70917254773451, 50.909846135749994 ], [ 6.709174754127765, 50.909801208523035 ], [ 6.709188966374239, 50.909801487512553 ], [ 6.709189407649481, 50.909792502067027 ], [ 6.709260468871586, 50.909793896988276 ], [ 6.709260027610005, 50.909802882434249 ], [ 6.70923160311502, 50.90980232447076 ], [ 6.709231161847748, 50.909811309916542 ], [ 6.709202737348206, 50.909810751945955 ], [ 6.709200972255004, 50.909846693728205 ], [ 6.709215184515589, 50.909846972714718 ], [ 6.709214743244456, 50.909855958160321 ], [ 6.709186318718046, 50.9098554001854 ], [ 6.709186759994644, 50.909846414739967 ] ], [ [ 6.709288893362011, 50.909794454944681 ], [ 6.709274681116685, 50.909794175967342 ], [ 6.709275122375308, 50.909785190521262 ], [ 6.709303546860723, 50.909785748474022 ], [ 6.709302664354176, 50.909803719366522 ], [ 6.709288452105893, 50.909803440390817 ], [ 6.709288893362011, 50.909794454944681 ] ] ] ] } },
{ "type": "Feature", "properties": { "gml_id": "DENW41AL30005ePGFL", "identifier": "urn:adv:oid:DENW41AL30005ePGFL", "aktualit_2": "2024-08-20Z", "idflurst": "DENW41AL30005ePG", "flaeche": 679.0, "flstkennz_": "05468202100310______", "flstnrzae": "310", "flstnrnen": null, "gemarkung": "Horrem", "gemaschl": "054682", "flur": "21", "flurschl": "054682021", "land": "Nordrhein-Westfalen", "landschl": "05", "regbezirk": "Köln", "regbezschl": "053", "kreis": "Rhein-Erft-Kreis", "kreisschl": "05362", "gemeinde": "Kerpen", "gmdschl": "05362032", "abwrecht": "Kein abweichender Rechtszustand", "lagebeztxt": "Wiesenstraße 19", "tntxt": "Wohnbaufläche;679", "area": 679, "DN": null, "rg area": 141.0, "bldg sum": null, "open area": null, "10%drain A": null, "5%drain A+": null, "10% check": null, "T OPEN A": 438.7, "T DRAIN A": 240.3, "5% drain": 12.0, "area ok": 1, "5% ok": 1, "layer": "RG final", "path": "C:/Users/kanis/Desktop/Thesis/Data/Analysis/Horrem/RG/RG final.shp", "area final": 141.0 }, "geometry": { "type": "MultiPolygon", "coordinates": [ [ [ [ 6.706262790258038, 50.912316324928973 ], [ 6.706263232136209, 50.91230733950573 ], [ 6.706277445116958, 50.912307618859451 ], [ 6.706278770741914, 50.912280662589325 ], [ 6.706292983714692, 50.912280941941049 ], [ 6.706293425586493, 50.912271956517557 ], [ 6.706279212616446, 50.912271677165926 ], [ 6.706279654490753, 50.912262691742491 ], [ 6.706251228556802, 50.912262133034197 ], [ 6.706251670436346, 50.912253147610926 ], [ 6.706308522294223, 50.912254265020245 ], [ 6.706309406030774, 50.912236294172949 ], [ 6.706323618990345, 50.912236573520772 ], [ 6.706324944585275, 50.912209617249459 ], [ 6.706353370488704, 50.912210175939386 ], [ 6.706354696065204, 50.912183219667384 ], [ 6.706340483121574, 50.912182940323547 ], [ 6.706340041260234, 50.912191925747479 ], [ 6.706325828314098, 50.912191646401823 ], [ 6.706326712042014, 50.912173675554129 ], [ 6.706284073221356, 50.91217283750732 ], [ 6.706283631349315, 50.912181822930926 ], [ 6.70629784429204, 50.912182102281662 ], [ 6.706297402422503, 50.912191087705338 ], [ 6.706311615368188, 50.912191367054447 ], [ 6.706310289766419, 50.912218323325597 ], [ 6.706253437952256, 50.912217205917713 ], [ 6.706252996073618, 50.912226191341048 ], [ 6.706238783117912, 50.912225911984656 ], [ 6.706237457472443, 50.912252868254285 ], [ 6.706223244508767, 50.912252588895896 ], [ 6.706224570162431, 50.912225632626559 ], [ 6.706196144252151, 50.912225073905141 ], [ 6.706197028031058, 50.912207103059174 ], [ 6.706168602132612, 50.912206544331198 ], [ 6.70616904402719, 50.912197558908382 ], [ 6.706140618135114, 50.912197000173663 ], [ 6.70614106003493, 50.912188014751003 ], [ 6.706126847091963, 50.912187735381139 ], [ 6.706126405189416, 50.91219672080372 ], [ 6.706112192243944, 50.912196441432044 ], [ 6.706111750338437, 50.912205426854513 ], [ 6.706097537390458, 50.912205147481025 ], [ 6.706097979298698, 50.912196162058635 ], [ 6.70608376635368, 50.912195882683498 ], [ 6.706083324442707, 50.912204868105796 ], [ 6.706069111495182, 50.912204588728855 ], [ 6.706066901923267, 50.912249515839626 ], [ 6.706095327845865, 50.912250074592698 ], [ 6.706094444026443, 50.912268045437258 ], [ 6.706122869960875, 50.912268604183758 ], [ 6.706122428056289, 50.912277589606184 ], [ 6.706165066967833, 50.912278427713247 ], [ 6.706164625071215, 50.912287413135928 ], [ 6.706221476967373, 50.912288530588157 ], [ 6.706221035081461, 50.912297516011165 ], [ 6.706249461036362, 50.912298074727083 ], [ 6.706248577274783, 50.912316045573426 ], [ 6.706262790258038, 50.912316324928973 ] ], [ [ 6.706110424620556, 50.91223238312184 ], [ 6.706124637576957, 50.912232662493871 ], [ 6.706124195673277, 50.912241647916368 ], [ 6.706109982714143, 50.912241368544244 ], [ 6.706110424620556, 50.91223238312184 ] ] ] ] } },
{ "type": "Feature", "properties": { "gml_id": "DENW41AL30005cbXFL", "identifier": "urn:adv:oid:DENW41AL30005cbXFL", "aktualit_2": "2024-08-20Z", "idflurst": "DENW41AL30005cbX", "flaeche": 1125.0, "flstkennz_": "05468200800033______", "flstnrzae": "33", "flstnrnen": null, "gemarkung": "Horrem", "gemaschl": "054682", "flur": "8", "flurschl": "054682008", "land": "Nordrhein-Westfalen", "landschl": "05", "regbezirk": "Köln", "regbezschl": "053", "kreis": "Rhein-Erft-Kreis", "kreisschl": "05362", "gemeinde": "Kerpen", "gmdschl": "05362032", "abwrecht": "Kein abweichender Rechtszustand", "lagebeztxt": "Höhenweg 6", "tntxt": "Wohnbaufläche;1125", "area": 1125, "DN": null, "rg area": 416.1, "bldg sum": null, "open area": null, "10%drain A": null, "5%drain A+": null, "10% check": null, "T OPEN A": 803.9, "T DRAIN A": 321.1, "5% drain": 16.1, "area ok": 1, "5% ok": 1, "layer": "RG final", "path": "C:/Users/kanis/Desktop/Thesis/Data/Analysis/Horrem/RG/RG final.shp", "area final": 416.1 }, "geometry": { "type": "MultiPolygon", "coordinates": [ [ [ [ 6.713114393761464, 50.914753280099987 ], [ 6.713114834358633, 50.914744294637487 ], [ 6.713256972279338, 50.914747079851828 ], [ 6.713257412848955, 50.914738094388419 ], [ 6.713427978350815, 50.914741436416321 ], [ 6.713428418887413, 50.914732450951838 ], [ 6.71351370163414, 50.914734121871874 ], [ 6.713515023193394, 50.91470716547672 ], [ 6.713543450761047, 50.914707722435693 ], [ 6.71354433178849, 50.914689751505158 ], [ 6.713515904231769, 50.914689194546533 ], [ 6.71351678526924, 50.914671223616274 ], [ 6.713431502637285, 50.914669552699955 ], [ 6.713432383706644, 50.914651581770691 ], [ 6.713460811238797, 50.914652138749368 ], [ 6.713461251767672, 50.91464315328453 ], [ 6.713475465531354, 50.914643431771182 ], [ 6.71347502500521, 50.914652417236105 ], [ 6.713489238771851, 50.914652695721117 ], [ 6.713488798248214, 50.914661681186104 ], [ 6.713517225787637, 50.914662238151116 ], [ 6.713517666305808, 50.914653252685945 ], [ 6.713503452538716, 50.914652974204401 ], [ 6.713503893059396, 50.914643988739293 ], [ 6.713546534353148, 50.914644824178502 ], [ 6.713546974865404, 50.914635838713124 ], [ 6.713561188627707, 50.91463611718931 ], [ 6.713562510154918, 50.914609160792807 ], [ 6.713548296400812, 50.914608882316898 ], [ 6.713548736912164, 50.914599896851449 ], [ 6.713378171913296, 50.914596555006568 ], [ 6.713377290824783, 50.914614525935313 ], [ 6.713348863317202, 50.914613968936607 ], [ 6.713349744416645, 50.914595998008217 ], [ 6.713051255756343, 50.914590149107909 ], [ 6.713049933934686, 50.914617105494884 ], [ 6.713064147686354, 50.914617384031502 ], [ 6.713062385265248, 50.914653325880927 ], [ 6.713076599028073, 50.914653604416166 ], [ 6.713077039630955, 50.914644618953758 ], [ 6.713091253391273, 50.914644897487186 ], [ 6.713092134590895, 50.914626926562129 ], [ 6.713106348345975, 50.914627205093645 ], [ 6.71310722953923, 50.914609234168324 ], [ 6.713121443289069, 50.914609512697943 ], [ 6.713121883882624, 50.914600527235166 ], [ 6.713164525125299, 50.914601362813372 ], [ 6.713164084539941, 50.914610348276405 ], [ 6.713192512041651, 50.914610905320075 ], [ 6.713192071461533, 50.914619890783271 ], [ 6.713234712723989, 50.914620726336068 ], [ 6.71323515329591, 50.914611740872616 ], [ 6.713249367047781, 50.914612019386666 ], [ 6.713248045339539, 50.914638975777265 ], [ 6.713219617819627, 50.914638418746897 ], [ 6.713218296092959, 50.914665375136821 ], [ 6.713232509860999, 50.914665653653124 ], [ 6.713231628714222, 50.914683624579837 ], [ 6.713217414940716, 50.914683346063342 ], [ 6.713216974364256, 50.914692331526588 ], [ 6.713202760588243, 50.914692053008274 ], [ 6.71320187942918, 50.914710023934539 ], [ 6.713173451866901, 50.914709466892376 ], [ 6.713173011281565, 50.914718452355295 ], [ 6.713130369931641, 50.914717616778823 ], [ 6.713130810525175, 50.914708631316181 ], [ 6.713102382965152, 50.914708074256716 ], [ 6.713102823563925, 50.914699088794215 ], [ 6.713088609786985, 50.914698810261989 ], [ 6.713089050388263, 50.914689824799559 ], [ 6.713074836614283, 50.914689546265691 ], [ 6.713075277218069, 50.91468056080334 ], [ 6.713046849676249, 50.914680003730588 ], [ 6.713047290285274, 50.914671018268393 ], [ 6.713033076517435, 50.914670739729516 ], [ 6.713029111003483, 50.914751608887848 ], [ 6.713114393761464, 50.914753280099987 ] ], [ [ 6.713244520774294, 50.914710859484806 ], [ 6.71325873455645, 50.914711137998104 ], [ 6.713258293987511, 50.914720123461557 ], [ 6.713244080202621, 50.914719844948181 ], [ 6.713244520774294, 50.914710859484806 ] ], [ [ 6.713345779462043, 50.914676867185456 ], [ 6.71330313814498, 50.914676031672563 ], [ 6.713303578704592, 50.914667046208763 ], [ 6.713346220013458, 50.914667881721392 ], [ 6.713346660564647, 50.914658896257293 ], [ 6.713332446797532, 50.91465861775491 ], [ 6.71333376845794, 50.914631661362812 ], [ 6.713347982216857, 50.91463193986494 ], [ 6.713347541666346, 50.914640925329067 ], [ 6.713361755428222, 50.914641203829561 ], [ 6.713357790488054, 50.91472207300685 ], [ 6.713343576701585, 50.914721794505567 ], [ 6.713345779462043, 50.914676867185456 ] ] ] ] } },
{ "type": "Feature", "properties": { "gml_id": "DENW41AL30005cbXFL", "identifier": "urn:adv:oid:DENW41AL30005cbXFL", "aktualit_2": "2024-08-20Z", "idflurst": "DENW41AL30005cbX", "flaeche": 1125.0, "flstkennz_": "05468200800033______", "flstnrzae": "33", "flstnrnen": null, "gemarkung": "Horrem", "gemaschl": "054682", "flur": "8", "flurschl": "054682008", "land": "Nordrhein-Westfalen", "landschl": "05", "regbezirk": "Köln", "regbezschl": "053", "kreis": "Rhein-Erft-Kreis", "kreisschl": "05362", "gemeinde": "Kerpen", "gmdschl": "05362032", "abwrecht": "Kein abweichender Rechtszustand", "lagebeztxt": "Höhenweg 6", "tntxt": "Wohnbaufläche;1125", "area": 1125, "DN": null, "rg area": 84.0, "bldg sum": null, "open area": null, "10%drain A": null, "5%drain A+": null, "10% check": null, "T OPEN A": 803.9, "T DRAIN A": 321.1, "5% drain": 16.1, "area ok": 1, "5% ok": 1, "layer": "RG final", "path": "C:/Users/kanis/Desktop/Thesis/Data/Analysis/Horrem/RG/RG final.shp", "area final": 84.0 }, "geometry": { "type": "MultiPolygon", "coordinates": [ [ [ [ 6.713684707639159, 50.914728478059111 ], [ 6.713686469585644, 50.914692536194543 ], [ 6.713700683366602, 50.914692814653982 ], [ 6.713701564333024, 50.914674843721414 ], [ 6.713715778108742, 50.914675122178942 ], [ 6.713716218588883, 50.914666136712533 ], [ 6.713730432362093, 50.914666415168242 ], [ 6.713730872839274, 50.914657429701755 ], [ 6.713745086609978, 50.91465770815563 ], [ 6.713745527084201, 50.91464872268903 ], [ 6.713731313316231, 50.914648444235226 ], [ 6.713731753792961, 50.914639458768697 ], [ 6.713745967558198, 50.914639737222409 ], [ 6.713746848505516, 50.914621766289123 ], [ 6.713761062265515, 50.914622044740923 ], [ 6.713761502736103, 50.91461305927416 ], [ 6.713733075221796, 50.914612502368996 ], [ 6.713733515697624, 50.91460351690241 ], [ 6.71366244692947, 50.914602124609694 ], [ 6.713661565950264, 50.914620095541977 ], [ 6.713689993467779, 50.914620652464613 ], [ 6.713689552983302, 50.914629637930915 ], [ 6.713675339221698, 50.914629359470375 ], [ 6.713673577270605, 50.914665301335042 ], [ 6.713687791043138, 50.914665579795951 ], [ 6.713687350557533, 50.914674565262168 ], [ 6.713658923007226, 50.914674008338473 ], [ 6.713659363498297, 50.914665022872427 ], [ 6.713645149726215, 50.914664744408078 ], [ 6.713647352191845, 50.914619817078076 ], [ 6.713633138433652, 50.914619538612449 ], [ 6.713634019423789, 50.914601567680506 ], [ 6.713619805671287, 50.914601289213323 ], [ 6.71361804367918, 50.914637231076782 ], [ 6.713603829915972, 50.914636952607509 ], [ 6.713602948913099, 50.914654923538954 ], [ 6.713574521376432, 50.914654366594874 ], [ 6.713573640361724, 50.9146723375259 ], [ 6.713587854135411, 50.914672615998995 ], [ 6.713588294640145, 50.914663630533383 ], [ 6.713616722182728, 50.914664187474187 ], [ 6.713613638683108, 50.914727085734249 ], [ 6.713684707639159, 50.914728478059111 ] ], [ [ 6.713702004815898, 50.914665858255113 ], [ 6.713702445298543, 50.914656872788782 ], [ 6.713716659068797, 50.914657151246132 ], [ 6.713716218588883, 50.914666136712533 ], [ 6.713702004815898, 50.914665858255113 ] ], [ [ 6.713690433952029, 50.914611666998297 ], [ 6.713718861464982, 50.914612223913828 ], [ 6.713718420986196, 50.914621209380321 ], [ 6.713689993467779, 50.914620652464613 ], [ 6.713690433952029, 50.914611666998297 ] ], [ [ 6.713644268738382, 50.914682715339971 ], [ 6.71365848251593, 50.91468299380449 ], [ 6.71365760153266, 50.914700964736483 ], [ 6.713643387749648, 50.914700686271772 ], [ 6.713644268738382, 50.914682715339971 ] ] ] ] } },
{ "type": "Feature", "properties": { "gml_id": "DENW41AL30005efdFL", "identifier": "urn:adv:oid:DENW41AL30005efdFL", "aktualit_2": "2024-08-20Z", "idflurst": "DENW41AL30005efd", "flaeche": 321.0, "flstkennz_": "05468200800018______", "flstnrzae": "18", "flstnrnen": null, "gemarkung": "Horrem", "gemaschl": "054682", "flur": "8", "flurschl": "054682008", "land": "Nordrhein-Westfalen", "landschl": "05", "regbezirk": "Köln", "regbezschl": "053", "kreis": "Rhein-Erft-Kreis", "kreisschl": "05362", "gemeinde": "Kerpen", "gmdschl": "05362032", "abwrecht": "Kein abweichender Rechtszustand", "lagebeztxt": "Höhenweg 4", "tntxt": "Wohnbaufläche;321", "area": 318, "DN": null, "rg area": 29.0, "bldg sum": null, "open area": null, "10%drain A": null, "5%drain A+": null, "10% check": null, "T OPEN A": 90.4, "T DRAIN A": 227.6, "5% drain": 11.4, "area ok": 1, "5% ok": 1, "layer": "RG final", "path": "C:/Users/kanis/Desktop/Thesis/Data/Analysis/Horrem/RG/RG final.shp", "area final": 29.0 }, "geometry": { "type": "MultiPolygon", "coordinates": [ [ [ [ 6.713553259421773, 50.914797855565197 ], [ 6.713554140448267, 50.914779884634818 ], [ 6.713582568060996, 50.914780441584846 ], [ 6.713583008568439, 50.914771456119439 ], [ 6.71365407759055, 50.914772848463805 ], [ 6.713654958577432, 50.914754877532069 ], [ 6.713569675784368, 50.914753206714721 ], [ 6.713569235274644, 50.914762192180056 ], [ 6.713555021473858, 50.914761913704361 ], [ 6.713554580961175, 50.914770899169596 ], [ 6.713540367157882, 50.914770620692089 ], [ 6.713540807673297, 50.914761635226931 ], [ 6.71346973867388, 50.914760242813841 ], [ 6.713469298144801, 50.914769228278558 ], [ 6.713483511946966, 50.914769506764706 ], [ 6.713483071420395, 50.91477849222948 ], [ 6.713511499030867, 50.914779049196802 ], [ 6.713511058509534, 50.91478803466174 ], [ 6.713539486126375, 50.914788591622319 ], [ 6.713539045610282, 50.914797577087413 ], [ 6.713553259421773, 50.914797855565197 ] ] ] ] } },
{ "type": "Feature", "properties": { "gml_id": "DENW41AL30005ct4FL", "identifier": "urn:adv:oid:DENW41AL30005ct4FL", "aktualit_2": "2024-08-20Z", "idflurst": "DENW41AL30005ct4", "flaeche": 1297.0, "flstkennz_": "05468200800395______", "flstnrzae": "395", "flstnrnen": null, "gemarkung": "Horrem", "gemaschl": "054682", "flur": "8", "flurschl": "054682008", "land": "Nordrhein-Westfalen", "landschl": "05", "regbezirk": "Köln", "regbezschl": "053", "kreis": "Rhein-Erft-Kreis", "kreisschl": "05362", "gemeinde": "Kerpen", "gmdschl": "05362032", "abwrecht": "Kein abweichender Rechtszustand", "lagebeztxt": "Bahnhofstraße 34 a", "tntxt": "Wohnbaufläche;1297", "area": 1289, "DN": null, "rg area": 451.1, "bldg sum": null, "open area": null, "10%drain A": null, "5%drain A+": null, "10% check": null, "T OPEN A": 999.7, "T DRAIN A": 289.3, "5% drain": 14.5, "area ok": 1, "5% ok": 1, "layer": "RG final", "path": "C:/Users/kanis/Desktop/Thesis/Data/Analysis/Horrem/RG/RG final.shp", "area final": 451.1 }, "geometry": { "type": "MultiPolygon", "coordinates": [ [ [ [ 6.713001237994054, 50.915029879656544 ], [ 6.713001678617351, 50.915020894195166 ], [ 6.713015892491539, 50.91502117273923 ], [ 6.71301765497154, 50.914985230893258 ], [ 6.713031868835021, 50.91498550943524 ], [ 6.713033190684454, 50.914958553050297 ], [ 6.713047404539964, 50.914958831590297 ], [ 6.713049166991781, 50.914922889743131 ], [ 6.713034953147202, 50.914922611203508 ], [ 6.713035393762325, 50.914913625741768 ], [ 6.713049607604171, 50.914913904281306 ], [ 6.713050488828273, 50.914895933357592 ], [ 6.713022061155738, 50.914895376277137 ], [ 6.713023383006592, 50.914868419891967 ], [ 6.713009169178862, 50.914868141349402 ], [ 6.713009609798095, 50.914859155887733 ], [ 6.712995395973323, 50.914858877343541 ], [ 6.712996277216577, 50.914840906420324 ], [ 6.712982063397495, 50.914840627874575 ], [ 6.712982504021515, 50.914831642413041 ], [ 6.712954076389496, 50.914831085316521 ], [ 6.712954517018757, 50.914822099855137 ], [ 6.712926089393105, 50.914821542751888 ], [ 6.712926530027605, 50.914812557290674 ], [ 6.71291231621785, 50.914812278736534 ], [ 6.712913197491639, 50.914794307814226 ], [ 6.712856342276741, 50.914793193581112 ], [ 6.712855901629029, 50.914802179041928 ], [ 6.712841687823137, 50.914801900479233 ], [ 6.712842128473581, 50.914792915018516 ], [ 6.712785273263201, 50.914791800750812 ], [ 6.712784391940226, 50.914809771671521 ], [ 6.712770178132729, 50.914809493100101 ], [ 6.712771940788707, 50.914773551258968 ], [ 6.712700871809268, 50.91477215837768 ], [ 6.712701312486362, 50.914763172917795 ], [ 6.712687098693884, 50.914762894336441 ], [ 6.712684895292496, 50.91480782163525 ], [ 6.712699109098637, 50.914808100217044 ], [ 6.712699990454405, 50.914790129297387 ], [ 6.712714204255307, 50.914790407877291 ], [ 6.7127124415538, 50.914826349716868 ], [ 6.712783510616347, 50.914827742592173 ], [ 6.712783069954069, 50.914836728052464 ], [ 6.712854139035926, 50.91483812088498 ], [ 6.71285502033293, 50.914820149963482 ], [ 6.712869234144513, 50.914820428524621 ], [ 6.712867912206867, 50.914847384907112 ], [ 6.712896339847107, 50.914847942024736 ], [ 6.71289678048775, 50.914838956563742 ], [ 6.712939421941606, 50.914839792226942 ], [ 6.712938981309162, 50.914848777688199 ], [ 6.712953195130297, 50.914849056239234 ], [ 6.712952313870197, 50.914867027161861 ], [ 6.712852817088726, 50.914865077267109 ], [ 6.712852376439209, 50.914874062727783 ], [ 6.712710238171834, 50.914871277015976 ], [ 6.712707153427598, 50.914934175233995 ], [ 6.712692939582974, 50.914933896652691 ], [ 6.712690736173794, 50.914978823950342 ], [ 6.712733377749334, 50.914979659690431 ], [ 6.712732937075018, 50.914988645150181 ], [ 6.712789792523163, 50.914989759446428 ], [ 6.712789351859553, 50.914998744906512 ], [ 6.712846207322243, 50.91499985917546 ], [ 6.712845766669337, 50.915008844635878 ], [ 6.71290262214657, 50.915009958877512 ], [ 6.712902181504369, 50.915018944338279 ], [ 6.712959036996147, 50.915020058552592 ], [ 6.712958596364651, 50.915029044013693 ], [ 6.713001237994054, 50.915029879656544 ] ], [ [ 6.712836400000193, 50.914909726006549 ], [ 6.712850613838877, 50.914910004570302 ], [ 6.712850173188231, 50.914918990030891 ], [ 6.712835959346813, 50.914918711467053 ], [ 6.712836400000193, 50.914909726006549 ] ], [ [ 6.712965646441486, 50.914885276634088 ], [ 6.712979860274004, 50.914885555182018 ], [ 6.712979419648627, 50.914894540643459 ], [ 6.712965205813377, 50.914894262095437 ], [ 6.712965646441486, 50.914885276634088 ] ] ] ] } },
{ "type": "Feature", "properties": { "gml_id": "DENW41AL30005b7vFL", "identifier": "urn:adv:oid:DENW41AL30005b7vFL", "aktualit_2": "2024-08-20Z", "idflurst": "DENW41AL30005b7v", "flaeche": 2214.0, "flstkennz_": "05468200800499______", "flstnrzae": "499", "flstnrnen": null, "gemarkung": "Horrem", "gemaschl": "054682", "flur": "8", "flurschl": "054682008", "land": "Nordrhein-Westfalen", "landschl": "05", "regbezirk": "Köln", "regbezschl": "053", "kreis": "Rhein-Erft-Kreis", "kreisschl": "05362", "gemeinde": "Kerpen", "gmdschl": "05362032", "abwrecht": "Kein abweichender Rechtszustand", "lagebeztxt": "Bahnhofstraße 36; Höhenweg 2, 2 a, 2 b", "tntxt": "Wohnbaufläche;2214", "area": 2211, "DN": null, "rg area": 350.1, "bldg sum": null, "open area": null, "10%drain A": null, "5%drain A+": null, "10% check": null, "T OPEN A": 803.9, "T DRAIN A": 1407.1, "5% drain": 70.4, "area ok": 1, "5% ok": 1, "layer": "RG final", "path": "C:/Users/kanis/Desktop/Thesis/Data/Analysis/Horrem/RG/RG final.shp", "area final": 350.1 }, "geometry": { "type": "MultiPolygon", "coordinates": [ [ [ [ 6.713125638096698, 50.915104270188422 ], [ 6.713126078697209, 50.915095284726391 ], [ 6.713140292595288, 50.915095563255598 ], [ 6.71314073319284, 50.915086577793474 ], [ 6.713154947088413, 50.915086856320876 ], [ 6.713155387683007, 50.915077870858617 ], [ 6.713169601576073, 50.915078149384193 ], [ 6.713172245122493, 50.915024236609867 ], [ 6.713200672876511, 50.91502479365478 ], [ 6.713200232291471, 50.915033779117387 ], [ 6.713214446171551, 50.915034057637342 ], [ 6.713214005589018, 50.915043043100013 ], [ 6.713228219472057, 50.91504332161832 ], [ 6.713228660051858, 50.915034336155557 ], [ 6.713242873932389, 50.915034614672045 ], [ 6.713243314509231, 50.915025629209175 ], [ 6.713257528387256, 50.915025907723845 ], [ 6.71325796896114, 50.915016922260875 ], [ 6.713272182836659, 50.915017200773725 ], [ 6.713273945119004, 50.91498125892128 ], [ 6.713288158983817, 50.914981537432062 ], [ 6.71328904011817, 50.914963566505563 ], [ 6.713303253977744, 50.914963845014427 ], [ 6.713303694541848, 50.914954859551067 ], [ 6.713317908398916, 50.914955138058119 ], [ 6.713318348960061, 50.914946152594645 ], [ 6.713332562814621, 50.914946431099878 ], [ 6.713333003372809, 50.914937445636305 ], [ 6.713347217224863, 50.914937724139712 ], [ 6.713347657780092, 50.914928738676025 ], [ 6.71337608547941, 50.914929295677496 ], [ 6.713376526028949, 50.914920310213624 ], [ 6.713390739876214, 50.914920588711666 ], [ 6.713390299329408, 50.914929574175623 ], [ 6.713418727030081, 50.914930131166706 ], [ 6.713419167571421, 50.914921145702571 ], [ 6.713447595267532, 50.914921702686563 ], [ 6.713448035803181, 50.914912717222229 ], [ 6.713462249648842, 50.914912995711539 ], [ 6.713462690181534, 50.914904010247106 ], [ 6.713476904024687, 50.914904288734597 ], [ 6.71347734455442, 50.91489530327005 ], [ 6.713505772235941, 50.914895860239682 ], [ 6.713506653283797, 50.914877889310191 ], [ 6.713520867119431, 50.914878167792232 ], [ 6.713521748160919, 50.914860196862499 ], [ 6.713493320500808, 50.914859639897045 ], [ 6.713493761026679, 50.914850654432321 ], [ 6.713436905720096, 50.914849540481022 ], [ 6.713437346256673, 50.914840555016646 ], [ 6.713408918610202, 50.9148399980308 ], [ 6.713409359152017, 50.91483101256658 ], [ 6.713352503872715, 50.914829898574482 ], [ 6.713352944425234, 50.91482091311061 ], [ 6.713338730608705, 50.914820634608354 ], [ 6.713339171163732, 50.914811649144539 ], [ 6.713324957350164, 50.914811370640642 ], [ 6.71332319511777, 50.914847312495411 ], [ 6.713308981293496, 50.914847033989425 ], [ 6.713309421854666, 50.914838048525844 ], [ 6.713295208033348, 50.914837770018231 ], [ 6.713295648597025, 50.914828784554729 ], [ 6.713253007142629, 50.914827949021742 ], [ 6.713253447714278, 50.914818963558488 ], [ 6.71323923389933, 50.914818685044125 ], [ 6.713239674473486, 50.914809699580935 ], [ 6.713211246849732, 50.914809142547206 ], [ 6.713210806270112, 50.914818128010211 ], [ 6.71319659245584, 50.91481784949066 ], [ 6.713197033038194, 50.914808864027748 ], [ 6.713168605415796, 50.914808306983623 ], [ 6.713167724239931, 50.914826277909093 ], [ 6.713181938056485, 50.914826556432196 ], [ 6.713180616299193, 50.914853512820528 ], [ 6.713194830124169, 50.914853791342161 ], [ 6.713194389540686, 50.914862776805016 ], [ 6.713208603368621, 50.914863055325 ], [ 6.713206400461483, 50.914907982639377 ], [ 6.713192186619886, 50.914907704118932 ], [ 6.713189983693442, 50.914952631432442 ], [ 6.713175769838407, 50.914952352909836 ], [ 6.713174888660784, 50.914970323834943 ], [ 6.71316067480051, 50.914970045310426 ], [ 6.713160234208626, 50.914979030772862 ], [ 6.713146020345844, 50.914978752246533 ], [ 6.713144698560642, 50.915005708633487 ], [ 6.713130484689889, 50.915005430105161 ], [ 6.71312784109699, 50.915059342878095 ], [ 6.713113627210066, 50.915059064347496 ], [ 6.713111424196112, 50.915103991657389 ], [ 6.713125638096698, 50.915104270188422 ] ], [ [ 6.713337408942271, 50.914847590999663 ], [ 6.713336968386341, 50.9148565764634 ], [ 6.713322754559107, 50.914856297959062 ], [ 6.71332319511777, 50.914847312495411 ], [ 6.713337408942271, 50.914847590999663 ] ], [ [ 6.713127400497383, 50.915068328340197 ], [ 6.713141614387266, 50.915068606869134 ], [ 6.713141173790166, 50.915077592331308 ], [ 6.713126959897551, 50.915077313802271 ], [ 6.713127400497383, 50.915068328340197 ] ], [ [ 6.713245957965541, 50.914971716431587 ], [ 6.71326017182717, 50.914971994945724 ], [ 6.713259731254417, 50.914980980408785 ], [ 6.713245517390055, 50.914980701894549 ], [ 6.713245957965541, 50.914971716431587 ] ], [ [ 6.713280113078762, 50.914855462435661 ], [ 6.713294326905318, 50.914855740945185 ], [ 6.713293886340964, 50.914864726408652 ], [ 6.713279672511676, 50.914864447899028 ], [ 6.713280113078762, 50.914855462435661 ] ], [ [ 6.713265899252431, 50.914855183924402 ], [ 6.713266339822026, 50.914846198461099 ], [ 6.713280553645623, 50.914846476972265 ], [ 6.713280113078762, 50.914855462435661 ], [ 6.713265899252431, 50.914855183924402 ] ] ] ] } },
{ "type": "Feature", "properties": { "gml_id": "DENW41AL30005VoaFL", "identifier": "urn:adv:oid:DENW41AL30005VoaFL", "aktualit_2": "2024-08-20Z", "idflurst": "DENW41AL30005Voa", "flaeche": 364.0, "flstkennz_": "054682021000080006__", "flstnrzae": "8", "flstnrnen": "6", "gemarkung": "Horrem", "gemaschl": "054682", "flur": "21", "flurschl": "054682021", "land": "Nordrhein-Westfalen", "landschl": "05", "regbezirk": "Köln", "regbezschl": "053", "kreis": "Rhein-Erft-Kreis", "kreisschl": "05362", "gemeinde": "Kerpen", "gmdschl": "05362032", "abwrecht": "Kein abweichender Rechtszustand", "lagebeztxt": "Am Kalkofen 9", "tntxt": "Wohnbaufläche;364", "area": 361, "DN": null, "rg area": 111.0, "bldg sum": null, "open area": null, "10%drain A": null, "5%drain A+": null, "10% check": null, "T OPEN A": 192.4, "T DRAIN A": 168.6, "5% drain": 8.4, "area ok": 1, "5% ok": 1, "layer": "RG final", "path": "C:/Users/kanis/Desktop/Thesis/Data/Analysis/Horrem/RG/RG final.shp", "area final": 111.0 }, "geometry": { "type": "MultiPolygon", "coordinates": [ [ [ [ 6.707321494040149, 50.913353462838209 ], [ 6.707321935730783, 50.913344477409915 ], [ 6.707336149037943, 50.913344756638821 ], [ 6.707336590725618, 50.91333577121042 ], [ 6.70736501733515, 50.913336329662862 ], [ 6.707365459017136, 50.913327344234261 ], [ 6.707422312227985, 50.91332846111807 ], [ 6.70742187055693, 50.913337446547033 ], [ 6.707436083862941, 50.913337725763739 ], [ 6.707436967199361, 50.913319754905629 ], [ 6.707451180500134, 50.913320034120439 ], [ 6.707452063830184, 50.91330206326208 ], [ 6.707466277125718, 50.913302342474985 ], [ 6.707467160449397, 50.913284371616378 ], [ 6.707481373739692, 50.913284650827393 ], [ 6.707482257057003, 50.91326667996853 ], [ 6.707496470342059, 50.913266959177619 ], [ 6.707497353652999, 50.913248988318529 ], [ 6.707511566932817, 50.9132492675257 ], [ 6.707512008585216, 50.913240282096048 ], [ 6.707497795308131, 50.913240002888941 ], [ 6.707498236963033, 50.913231017459374 ], [ 6.707469810415005, 50.913230459040172 ], [ 6.707470252075147, 50.91322147361074 ], [ 6.707441825533488, 50.913220915184809 ], [ 6.707442267198869, 50.913211929755541 ], [ 6.70741384066358, 50.913211371322866 ], [ 6.707414282334199, 50.913202385893761 ], [ 6.707400069069627, 50.913202106674923 ], [ 6.707399185722697, 50.913220077532934 ], [ 6.707384972452886, 50.913219798312191 ], [ 6.707383647422597, 50.913246754598809 ], [ 6.707369434144816, 50.91324647537607 ], [ 6.707368550784694, 50.913264446233562 ], [ 6.707354337501674, 50.913264167008904 ], [ 6.707353012451595, 50.913291123294769 ], [ 6.707338799160604, 50.913290844068115 ], [ 6.707337474100291, 50.913317800353539 ], [ 6.707323260801331, 50.913317521124895 ], [ 6.707322377421193, 50.913335491981591 ], [ 6.707308164116992, 50.913335212751036 ], [ 6.707307280730484, 50.913353183607484 ], [ 6.707321494040149, 50.913353462838209 ] ] ] ] } },
{ "type": "Feature", "properties": { "gml_id": "DENW41AL30005aV2FL", "identifier": "urn:adv:oid:DENW41AL30005aV2FL", "aktualit_2": "2024-08-20Z", "idflurst": "DENW41AL30005aV2", "flaeche": 266.0, "flstkennz_": "05468202100334______", "flstnrzae": "334", "flstnrnen": null, "gemarkung": "Horrem", "gemaschl": "054682", "flur": "21", "flurschl": "054682021", "land": "Nordrhein-Westfalen", "landschl": "05", "regbezirk": "Köln", "regbezschl": "053", "kreis": "Rhein-Erft-Kreis", "kreisschl": "05362", "gemeinde": "Kerpen", "gmdschl": "05362032", "abwrecht": "Kein abweichender Rechtszustand", "lagebeztxt": "Wiesenstraße 8", "tntxt": "Wohnbaufläche;266", "area": 266, "DN": null, "rg area": 50.0, "bldg sum": null, "open area": null, "10%drain A": null, "5%drain A+": null, "10% check": null, "T OPEN A": 93.5, "T DRAIN A": 172.5, "5% drain": 8.6, "area ok": 1, "5% ok": 1, "layer": "RG final", "path": "C:/Users/kanis/Desktop/Thesis/Data/Analysis/Horrem/RG/RG final.shp", "area final": 50.0 }, "geometry": { "type": "MultiPolygon", "coordinates": [ [ [ [ 6.707513775192544, 50.913204340377241 ], [ 6.70751421684381, 50.913195354947497 ], [ 6.707528430107462, 50.91319563415243 ], [ 6.70752931340385, 50.913177663292714 ], [ 6.707543526662263, 50.913177942495722 ], [ 6.707544409952281, 50.913159971635771 ], [ 6.707558623205455, 50.913160250836874 ], [ 6.707559064847392, 50.913151265406782 ], [ 6.707544851596951, 50.913150986205757 ], [ 6.707545293241394, 50.913142000775736 ], [ 6.707502653499624, 50.913141163162571 ], [ 6.707503095152037, 50.913132177732805 ], [ 6.70747466866412, 50.913131619315571 ], [ 6.707475110321774, 50.913122633885962 ], [ 6.707460897080887, 50.913122354674826 ], [ 6.707460013759891, 50.91314032553386 ], [ 6.707445800513765, 50.913140046320812 ], [ 6.707444917186399, 50.913158017179612 ], [ 6.707430703935036, 50.913157737964667 ], [ 6.707429820601299, 50.913175708823196 ], [ 6.707415607344698, 50.913175429606348 ], [ 6.707415165674758, 50.913184415035509 ], [ 6.70745780545344, 50.913185252681124 ], [ 6.707457363791471, 50.913194238110528 ], [ 6.707485790317187, 50.913194796532473 ], [ 6.707485348660456, 50.913203781962039 ], [ 6.707513775192544, 50.913204340377241 ] ] ] ] } },
{ "type": "Feature", "properties": { "gml_id": "DENW41AL30005gmoFL", "identifier": "urn:adv:oid:DENW41AL30005gmoFL", "aktualit_2": "2024-08-20Z", "idflurst": "DENW41AL30005gmo", "flaeche": 110.0, "flstkennz_": "05468202100314______", "flstnrzae": "314", "flstnrnen": null, "gemarkung": "Horrem", "gemaschl": "054682", "flur": "21", "flurschl": "054682021", "land": "Nordrhein-Westfalen", "landschl": "05", "regbezirk": "Köln", "regbezschl": "053", "kreis": "Rhein-Erft-Kreis", "kreisschl": "05362", "gemeinde": "Kerpen", "gmdschl": "05362032", "abwrecht": "Kein abweichender Rechtszustand", "lagebeztxt": "Wiesenstraße 10 a", "tntxt": "Wohnbaufläche;110", "area": 110, "DN": null, "rg area": 9.0, "bldg sum": null, "open area": null, "10%drain A": null, "5%drain A+": null, "10% check": null, "T OPEN A": 41.8, "T DRAIN A": 68.2, "5% drain": 3.4, "area ok": 1, "5% ok": 1, "layer": "RG final", "path": "C:/Users/kanis/Desktop/Thesis/Data/Analysis/Horrem/RG/RG final.shp", "area final": 9.0 }, "geometry": { "type": "MultiPolygon", "coordinates": [ [ [ [ 6.707362287759361, 50.913102429290674 ], [ 6.707363171116799, 50.91308445843277 ], [ 6.707377384345172, 50.913084737655645 ], [ 6.707378267696241, 50.913066766797478 ], [ 6.70734984125065, 50.913066208350365 ], [ 6.707349399569765, 50.913075193779271 ], [ 6.707335186344576, 50.913074914553036 ], [ 6.707333861292365, 50.913101870839391 ], [ 6.707362287759361, 50.913102429290674 ] ] ] ] } },
{ "type": "Feature", "properties": { "gml_id": "DENW41AL30005JNeFL", "identifier": "urn:adv:oid:DENW41AL30005JNeFL", "aktualit_2": "2024-08-20Z", "idflurst": "DENW41AL30005JNe", "flaeche": 110.0, "flstkennz_": "05468202100315______", "flstnrzae": "315", "flstnrnen": null, "gemarkung": "Horrem", "gemaschl": "054682", "flur": "21", "flurschl": "054682021", "land": "Nordrhein-Westfalen", "landschl": "05", "regbezirk": "Köln", "regbezschl": "053", "kreis": "Rhein-Erft-Kreis", "kreisschl": "05362", "gemeinde": "Kerpen", "gmdschl": "05362032", "abwrecht": "Kein abweichender Rechtszustand", "lagebeztxt": "Wiesenstraße 10", "tntxt": "Wohnbaufläche;110", "area": 107, "DN": null, "rg area": 5.0, "bldg sum": null, "open area": null, "10%drain A": null, "5%drain A+": null, "10% check": null, "T OPEN A": 37.6, "T DRAIN A": 69.4, "5% drain": 3.5, "area ok": 1, "5% ok": 1, "layer": "RG final", "path": "C:/Users/kanis/Desktop/Thesis/Data/Analysis/Horrem/RG/RG final.shp", "area final": 5.0 }, "geometry": { "type": "MultiPolygon", "coordinates": [ [ [ [ 6.707418257359585, 50.913121517031072 ], [ 6.707420024031649, 50.913085575313893 ], [ 6.707405810802597, 50.913085296096206 ], [ 6.707404485790691, 50.913112252383847 ], [ 6.707390272553669, 50.913111973164163 ], [ 6.707389830879848, 50.913120958593254 ], [ 6.707418257359585, 50.913121517031072 ] ] ] ] } },
{ "type": "Feature", "properties": { "gml_id": "DENW41AL30005X4CFL", "identifier": "urn:adv:oid:DENW41AL30005X4CFL", "aktualit_2": "2024-08-20Z", "idflurst": "DENW41AL30005X4C", "flaeche": 814.0, "flstkennz_": "05468201900364______", "flstnrzae": "364", "flstnrnen": null, "gemarkung": "Horrem", "gemaschl": "054682", "flur": "19", "flurschl": "054682019", "land": "Nordrhein-Westfalen", "landschl": "05", "regbezirk": "Köln", "regbezschl": "053", "kreis": "Rhein-Erft-Kreis", "kreisschl": "05362", "gemeinde": "Kerpen", "gmdschl": "05362032", "abwrecht": "Kein abweichender Rechtszustand", "lagebeztxt": "Fischbachstraße 1", "tntxt": "Wohnbaufläche;814", "area": 809, "DN": null, "rg area": 261.0, "bldg sum": null, "open area": null, "10%drain A": null, "5%drain A+": null, "10% check": null, "T OPEN A": 542.2, "T DRAIN A": 266.8, "5% drain": 13.3, "area ok": 1, "5% ok": 1, "layer": "RG final", "path": "C:/Users/kanis/Desktop/Thesis/Data/Analysis/Horrem/RG/RG final.shp", "area final": 261.0 }, "geometry": { "type": "MultiPolygon", "coordinates": [ [ [ [ 6.710037828189602, 50.910186906078955 ], [ 6.710045768276605, 50.910025167971632 ], [ 6.71005998059993, 50.910025446856018 ], [ 6.710065273917794, 50.909917621447057 ], [ 6.710036849336935, 50.909917063678698 ], [ 6.710037290450752, 50.909908078228014 ], [ 6.710023078163394, 50.90990779934134 ], [ 6.710016902511147, 50.910033595648052 ], [ 6.710002690185767, 50.910033316758401 ], [ 6.710001807940651, 50.910051287658909 ], [ 6.709760198350915, 50.910046546267239 ], [ 6.709756227818723, 50.910127415305148 ], [ 6.709798864874161, 50.910128252060026 ], [ 6.709798423710983, 50.910137237508863 ], [ 6.709897910200707, 50.910139189877036 ], [ 6.709897469056426, 50.910148175326476 ], [ 6.709968530855242, 50.910149569823751 ], [ 6.709968089724395, 50.910158555273618 ], [ 6.709982302087568, 50.91015883416798 ], [ 6.709981419830658, 50.910176805067849 ], [ 6.710024056937926, 50.910177641741072 ], [ 6.710023615817329, 50.910186627191251 ], [ 6.710037828189602, 50.910186906078955 ] ], [ [ 6.709799747199839, 50.910110281162297 ], [ 6.70981395954664, 50.910110560076959 ], [ 6.709813518386646, 50.910119545525923 ], [ 6.709799306037113, 50.910119266611169 ], [ 6.709799747199839, 50.910110281162297 ] ], [ [ 6.709785534853264, 50.910110002245915 ], [ 6.709785976018496, 50.910101016797107 ], [ 6.709800188362339, 50.91010129571341 ], [ 6.709799747199839, 50.910110281162297 ], [ 6.709785534853264, 50.910110002245915 ] ], [ [ 6.709858802344, 50.910066469564178 ], [ 6.709873014678046, 50.910066748471465 ], [ 6.709872132381948, 50.910084719370246 ], [ 6.709857920042438, 50.910084440462782 ], [ 6.709858802344, 50.910066469564178 ] ], [ [ 6.709929422879481, 50.910076849533134 ], [ 6.70994363521739, 50.91007712843188 ], [ 6.709943194082887, 50.910086113881697 ], [ 6.709928981742247, 50.910085834982873 ], [ 6.709929422879481, 50.910076849533134 ] ] ] ] } },
{ "type": "Feature", "properties": { "gml_id": "DENW41AL30005X4CFL", "identifier": "urn:adv:oid:DENW41AL30005X4CFL", "aktualit_2": "2024-08-20Z", "idflurst": "DENW41AL30005X4C", "flaeche": 814.0, "flstkennz_": "05468201900364______", "flstnrzae": "364", "flstnrnen": null, "gemarkung": "Horrem", "gemaschl": "054682", "flur": "19", "flurschl": "054682019", "land": "Nordrhein-Westfalen", "landschl": "05", "regbezirk": "Köln", "regbezschl": "053", "kreis": "Rhein-Erft-Kreis", "kreisschl": "05362", "gemeinde": "Kerpen", "gmdschl": "05362032", "abwrecht": "Kein abweichender Rechtszustand", "lagebeztxt": "Fischbachstraße 1", "tntxt": "Wohnbaufläche;814", "area": 809, "DN": null, "rg area": 80.0, "bldg sum": null, "open area": null, "10%drain A": null, "5%drain A+": null, "10% check": null, "T OPEN A": 542.2, "T DRAIN A": 266.8, "5% drain": 13.3, "area ok": 1, "5% ok": 1, "layer": "RG final", "path": "C:/Users/kanis/Desktop/Thesis/Data/Analysis/Horrem/RG/RG final.shp", "area final": 80.0 }, "geometry": { "type": "MultiPolygon", "coordinates": [ [ [ [ 6.709817488818454, 50.910038676484668 ], [ 6.709817929976413, 50.910029691035554 ], [ 6.709803717654199, 50.910029412121695 ], [ 6.709808129248679, 50.909939557630551 ], [ 6.709822341543574, 50.909939836543522 ], [ 6.709823223854293, 50.909921865644918 ], [ 6.709993771345103, 50.909925212463591 ], [ 6.709994653589354, 50.909907241562777 ], [ 6.709824106164108, 50.909903894746236 ], [ 6.709824547318677, 50.909894909296881 ], [ 6.70976769819509, 50.909893793636407 ], [ 6.709766815863872, 50.909911764534399 ], [ 6.709752603578077, 50.909911485614771 ], [ 6.709750838902001, 50.909947427410216 ], [ 6.709765051198723, 50.909947706330193 ], [ 6.709761080688914, 50.910028575369751 ], [ 6.709789505332211, 50.910029133206102 ], [ 6.709789064168788, 50.910038118655038 ], [ 6.709817488818454, 50.910038676484668 ] ] ] ] } },
{ "type": "Feature", "properties": { "gml_id": "DENW41AL30005ccrFL", "identifier": "urn:adv:oid:DENW41AL30005ccrFL", "aktualit_2": "2024-08-20Z", "idflurst": "DENW41AL30005ccr", "flaeche": 603.0, "flstkennz_": "054682019000210006__", "flstnrzae": "21", "flstnrnen": "6", "gemarkung": "Horrem", "gemaschl": "054682", "flur": "19", "flurschl": "054682019", "land": "Nordrhein-Westfalen", "landschl": "05", "regbezirk": "Köln", "regbezschl": "053", "kreis": "Rhein-Erft-Kreis", "kreisschl": "05362", "gemeinde": "Kerpen", "gmdschl": "05362032", "abwrecht": "Kein abweichender Rechtszustand", "lagebeztxt": "Fischbachstraße 2", "tntxt": "Wohnbaufläche;603", "area": 598, "DN": null, "rg area": 158.0, "bldg sum": null, "open area": null, "10%drain A": null, "5%drain A+": null, "10% check": null, "T OPEN A": 249.7, "T DRAIN A": 348.3, "5% drain": 17.4, "area ok": 1, "5% ok": 1, "layer": "RG final", "path": "C:/Users/kanis/Desktop/Thesis/Data/Analysis/Horrem/RG/RG final.shp", "area final": 158.0 }, "geometry": { "type": "MultiPolygon", "coordinates": [ [ [ [ 6.71015285046328, 50.910162180765397 ], [ 6.710153291558613, 50.910153195314365 ], [ 6.710167503921993, 50.910153474186167 ], [ 6.710167062829393, 50.910162459637277 ], [ 6.710380248348196, 50.910166642508024 ], [ 6.710382012553328, 50.910130700698133 ], [ 6.710339375478282, 50.910129864156183 ], [ 6.710339816537196, 50.910120878703935 ], [ 6.710311391827093, 50.910120321000811 ], [ 6.71031359714559, 50.910075393740222 ], [ 6.710270960123109, 50.910074557173914 ], [ 6.710270519051665, 50.910083542625799 ], [ 6.710099970949297, 50.910080196203943 ], [ 6.710100412053524, 50.910071210753124 ], [ 6.710086199715861, 50.910070931873484 ], [ 6.710085317501719, 50.910088902774937 ], [ 6.710099529844846, 50.910089181654747 ], [ 6.710099088740169, 50.910098167105538 ], [ 6.71008487639431, 50.910097888225643 ], [ 6.710082229745104, 50.910151800929484 ], [ 6.710124866832532, 50.910152637565602 ], [ 6.710124425731735, 50.91016162301645 ], [ 6.71015285046328, 50.910162180765397 ] ], [ [ 6.710139079195459, 50.910152916440836 ], [ 6.710140843585456, 50.910116974636949 ], [ 6.710169268290136, 50.910117532381527 ], [ 6.710167945014368, 50.910144488735021 ], [ 6.71015373265372, 50.910144209863326 ], [ 6.710153291558613, 50.910153195314365 ], [ 6.710139079195459, 50.910152916440836 ] ] ] ] } },
{ "type": "Feature", "properties": { "gml_id": "DENW41AL30005ccrFL", "identifier": "urn:adv:oid:DENW41AL30005ccrFL", "aktualit_2": "2024-08-20Z", "idflurst": "DENW41AL30005ccr", "flaeche": 603.0, "flstkennz_": "054682019000210006__", "flstnrzae": "21", "flstnrnen": "6", "gemarkung": "Horrem", "gemaschl": "054682", "flur": "19", "flurschl": "054682019", "land": "Nordrhein-Westfalen", "landschl": "05", "regbezirk": "Köln", "regbezschl": "053", "kreis": "Rhein-Erft-Kreis", "kreisschl": "05362", "gemeinde": "Kerpen", "gmdschl": "05362032", "abwrecht": "Kein abweichender Rechtszustand", "lagebeztxt": "Fischbachstraße 2", "tntxt": "Wohnbaufläche;603", "area": 598, "DN": null, "rg area": 22.0, "bldg sum": null, "open area": null, "10%drain A": null, "5%drain A+": null, "10% check": null, "T OPEN A": 249.7, "T DRAIN A": 348.3, "5% drain": 17.4, "area ok": 1, "5% ok": 1, "layer": "RG final", "path": "C:/Users/kanis/Desktop/Thesis/Data/Analysis/Horrem/RG/RG final.shp", "area final": 22.0 }, "geometry": { "type": "MultiPolygon", "coordinates": [ [ [ [ 6.71026248172644, 50.909957467440144 ], [ 6.710263363868235, 50.909939496536076 ], [ 6.710249151569063, 50.909939217676779 ], [ 6.710249592642354, 50.909930232224809 ], [ 6.710221168050153, 50.909929674501221 ], [ 6.710221609128682, 50.9099206890494 ], [ 6.710122123082226, 50.909918736963029 ], [ 6.710121681984573, 50.909927722414224 ], [ 6.71017853116355, 50.909928837902882 ], [ 6.710178090076599, 50.909937823354412 ], [ 6.71019230237464, 50.909938102222341 ], [ 6.710191420205526, 50.909956073125528 ], [ 6.71026248172644, 50.909957467440144 ] ] ] ] } },
{ "type": "Feature", "properties": { "gml_id": "DENW41AL30005cykFL", "identifier": "urn:adv:oid:DENW41AL30005cykFL", "aktualit_2": "2024-08-20Z", "idflurst": "DENW41AL30005cyk", "flaeche": 504.0, "flstkennz_": "05468202100323______", "flstnrzae": "323", "flstnrnen": null, "gemarkung": "Horrem", "gemaschl": "054682", "flur": "21", "flurschl": "054682021", "land": "Nordrhein-Westfalen", "landschl": "05", "regbezirk": "Köln", "regbezschl": "053", "kreis": "Rhein-Erft-Kreis", "kreisschl": "05362", "gemeinde": "Kerpen", "gmdschl": "05362032", "abwrecht": "Kein abweichender Rechtszustand", "lagebeztxt": "Herderstraße 3", "tntxt": "Wohnbaufläche;504", "area": 510, "DN": null, "rg area": 91.0, "bldg sum": null, "open area": null, "10%drain A": null, "5%drain A+": null, "10% check": null, "T OPEN A": 192.8, "T DRAIN A": 317.2, "5% drain": 15.9, "area ok": 1, "5% ok": 1, "layer": "RG final", "path": "C:/Users/kanis/Desktop/Thesis/Data/Analysis/Horrem/RG/RG final.shp", "area final": 91.0 }, "geometry": { "type": "MultiPolygon", "coordinates": [ [ [ [ 6.708348127960174, 50.912438240311999 ], [ 6.708349010917087, 50.912420269439622 ], [ 6.708363223952968, 50.912420548539906 ], [ 6.708364548378444, 50.912393592230963 ], [ 6.708378761406353, 50.912393871329257 ], [ 6.708379644350074, 50.912375900456368 ], [ 6.708393857372746, 50.912376179552744 ], [ 6.708394740310098, 50.91235820867962 ], [ 6.708408953327532, 50.912358487774085 ], [ 6.708409836258515, 50.912340516900713 ], [ 6.70842404927071, 50.912340795993266 ], [ 6.708424932195322, 50.912322825119652 ], [ 6.70843914520228, 50.912323104210316 ], [ 6.708439586661514, 50.912314118773395 ], [ 6.708354308639557, 50.912312444204083 ], [ 6.708354750114961, 50.912303458767674 ], [ 6.708297898115776, 50.912302342353911 ], [ 6.708298339601881, 50.912293356917843 ], [ 6.708255700613066, 50.912292519589627 ], [ 6.708255259118764, 50.912301505025432 ], [ 6.708226833121888, 50.912300946797799 ], [ 6.708226391621896, 50.912309932233413 ], [ 6.708254817624237, 50.912310490461216 ], [ 6.708254376129483, 50.912319475896972 ], [ 6.708282802138194, 50.912320034118039 ], [ 6.708282360648678, 50.912329019553972 ], [ 6.708310786663758, 50.912329577768311 ], [ 6.708310345179481, 50.912338563204386 ], [ 6.708324558190092, 50.912338842309047 ], [ 6.708322792261649, 50.912374784053597 ], [ 6.708308579240109, 50.912374504948566 ], [ 6.708307696269065, 50.912392475820567 ], [ 6.708293483242286, 50.91239219671364 ], [ 6.708293041753692, 50.912401182149523 ], [ 6.708307254783203, 50.912401461256543 ], [ 6.708306371810801, 50.912419432128438 ], [ 6.708320584846004, 50.912419711233902 ], [ 6.708320143362196, 50.912428696669899 ], [ 6.708334356400357, 50.912428975773715 ], [ 6.708333914919054, 50.912437961209811 ], [ 6.708348127960174, 50.912438240311999 ] ] ] ] } },
{ "type": "Feature", "properties": { "gml_id": "DENW41AL30005ckGFL", "identifier": "urn:adv:oid:DENW41AL30005ckGFL", "aktualit_2": "2025-01-17Z", "idflurst": "DENW41AL30005ckG", "flaeche": 484.0, "flstkennz_": "05468202100039______", "flstnrzae": "39", "flstnrnen": null, "gemarkung": "Horrem", "gemaschl": "054682", "flur": "21", "flurschl": "054682021", "land": "Nordrhein-Westfalen", "landschl": "05", "regbezirk": "Köln", "regbezschl": "053", "kreis": "Rhein-Erft-Kreis", "kreisschl": "05362", "gemeinde": "Kerpen", "gmdschl": "05362032", "abwrecht": "Kein abweichender Rechtszustand", "lagebeztxt": "Sistenichstraße 26", "tntxt": "Wohnbaufläche;484", "area": 481, "DN": null, "rg area": 176.0, "bldg sum": null, "open area": null, "10%drain A": null, "5%drain A+": null, "10% check": null, "T OPEN A": 261.0, "T DRAIN A": 220.0, "5% drain": 11.0, "area ok": 1, "5% ok": 1, "layer": "RG final", "path": "C:/Users/kanis/Desktop/Thesis/Data/Analysis/Horrem/RG/RG final.shp", "area final": 176.0 }, "geometry": { "type": "MultiPolygon", "coordinates": [ [ [ [ 6.708743886189628, 50.912490981664142 ], [ 6.708744327592825, 50.912481996225559 ], [ 6.708758540651434, 50.912482275277952 ], [ 6.708759864851472, 50.912455318961868 ], [ 6.708802504004065, 50.912456156107872 ], [ 6.708802062612476, 50.912465141546861 ], [ 6.708830488720799, 50.912465699635732 ], [ 6.708831371492824, 50.9124477287574 ], [ 6.708817158444012, 50.912447449713994 ], [ 6.708817599832418, 50.912438464274885 ], [ 6.708789173740941, 50.912437906183087 ], [ 6.708789615134584, 50.912428920744155 ], [ 6.70874697600726, 50.912428083593745 ], [ 6.708747417408874, 50.912419098155056 ], [ 6.708704778291784, 50.912418260989362 ], [ 6.708705219701368, 50.912409275550921 ], [ 6.708676793629903, 50.912408717431994 ], [ 6.708677235044726, 50.912399731993709 ], [ 6.708634595947422, 50.912398894802607 ], [ 6.708635037370215, 50.912389909364585 ], [ 6.708592398283144, 50.912389072158192 ], [ 6.708592839713907, 50.912380086720404 ], [ 6.708564413662455, 50.912379528574341 ], [ 6.708564855098457, 50.912370543136738 ], [ 6.708522216031173, 50.912369705904936 ], [ 6.708522657475146, 50.912360720467568 ], [ 6.708480018418093, 50.912359883220475 ], [ 6.708480459870036, 50.912350897783355 ], [ 6.708452033838597, 50.912350339610171 ], [ 6.708451150923556, 50.912368310484041 ], [ 6.708436937902711, 50.912368031394664 ], [ 6.708436054981301, 50.912386002268299 ], [ 6.708421841955218, 50.912385723177017 ], [ 6.708420959027437, 50.912403694050397 ], [ 6.708435172058984, 50.912403973141856 ], [ 6.708434730597488, 50.912412958578599 ], [ 6.708463156666726, 50.912413516756494 ], [ 6.708462715210466, 50.912422502193415 ], [ 6.708505354324217, 50.912423339447557 ], [ 6.708504912875928, 50.912432324884726 ], [ 6.708547551999911, 50.912433162123563 ], [ 6.708547110559594, 50.912442147560988 ], [ 6.708575536648844, 50.91244270571174 ], [ 6.708575095213765, 50.912451691149336 ], [ 6.708617734357534, 50.912452528362778 ], [ 6.708617292930425, 50.912461513800594 ], [ 6.708659932084428, 50.912462350998744 ], [ 6.708659490665289, 50.912471336436823 ], [ 6.708687916774554, 50.912471894560447 ], [ 6.708687475360653, 50.912480879998689 ], [ 6.708730114534443, 50.912481717171438 ], [ 6.708729673128513, 50.912490702609929 ], [ 6.708743886189628, 50.912490981664142 ] ], [ [ 6.708675027968349, 50.912444659184956 ], [ 6.708689241014898, 50.912444938245635 ], [ 6.708688799601675, 50.912453923683934 ], [ 6.708674586552394, 50.912453644623156 ], [ 6.708675027968349, 50.912444659184956 ] ], [ [ 6.708520891697898, 50.912396662216942 ], [ 6.708535104728297, 50.912396941296201 ], [ 6.708535546170215, 50.91238795585879 ], [ 6.708563972226227, 50.912388514011958 ], [ 6.708563530789773, 50.912397499449547 ], [ 6.708549317758921, 50.912397220373741 ], [ 6.708548876319508, 50.912406205811209 ], [ 6.70852045025302, 50.912405647654253 ], [ 6.708520891697898, 50.912396662216942 ] ] ] ] } },
{ "type": "Feature", "properties": { "gml_id": "DENW41AL30005byxFL", "identifier": "urn:adv:oid:DENW41AL30005byxFL", "aktualit_2": "2025-01-17Z", "idflurst": "DENW41AL30005byx", "flaeche": 619.0, "flstkennz_": "05468202100454______", "flstnrzae": "454", "flstnrnen": null, "gemarkung": "Horrem", "gemaschl": "054682", "flur": "21", "flurschl": "054682021", "land": "Nordrhein-Westfalen", "landschl": "05", "regbezirk": "Köln", "regbezschl": "053", "kreis": "Rhein-Erft-Kreis", "kreisschl": "05362", "gemeinde": "Kerpen", "gmdschl": "05362032", "abwrecht": "Kein abweichender Rechtszustand", "lagebeztxt": "Sistenichstraße 28", "tntxt": "Wohnbaufläche;619", "area": 618, "DN": null, "rg area": 192.0, "bldg sum": null, "open area": null, "10%drain A": null, "5%drain A+": null, "10% check": null, "T OPEN A": 335.3, "T DRAIN A": 282.7, "5% drain": 14.1, "area ok": 1, "5% ok": 1, "layer": "RG final", "path": "C:/Users/kanis/Desktop/Thesis/Data/Analysis/Horrem/RG/RG final.shp", "area final": 192.0 }, "geometry": { "type": "MultiPolygon", "coordinates": [ [ [ [ 6.708790939314158, 50.912401964427218 ], [ 6.708791822099408, 50.912383993549184 ], [ 6.708806035128641, 50.912384272595418 ], [ 6.708806476518196, 50.912375287156287 ], [ 6.708849115599052, 50.912376124284343 ], [ 6.708848232836112, 50.912394095163123 ], [ 6.708862445868981, 50.91239437420252 ], [ 6.708862887247832, 50.912385388763042 ], [ 6.7089055263396, 50.91238622587062 ], [ 6.708906409080231, 50.912368254991101 ], [ 6.708920622105809, 50.912368534023322 ], [ 6.708921063473053, 50.912359548583453 ], [ 6.708935276496123, 50.912359827613855 ], [ 6.708936159224468, 50.912341856733882 ], [ 6.708950372242302, 50.912342135762366 ], [ 6.708951254964276, 50.912324164882158 ], [ 6.708752272811699, 50.91232025832835 ], [ 6.7087527142106, 50.912311272889447 ], [ 6.708596371151875, 50.912308203217556 ], [ 6.708596812580603, 50.912299217779619 ], [ 6.708511534576501, 50.912297543325494 ], [ 6.70851109313138, 50.91230652876289 ], [ 6.708496880128756, 50.912306249681059 ], [ 6.708496438680676, 50.912315235118349 ], [ 6.708482225675547, 50.912314956034713 ], [ 6.708481784224509, 50.91232394147189 ], [ 6.708495997232371, 50.912324220555632 ], [ 6.708495555783838, 50.912333205992894 ], [ 6.708538194816978, 50.912334043233997 ], [ 6.708537753376417, 50.912343028671494 ], [ 6.708566179405106, 50.912343586823766 ], [ 6.708565737969783, 50.912352572261433 ], [ 6.70860837702271, 50.912353409477141 ], [ 6.708607935595357, 50.912362394915057 ], [ 6.708636361637238, 50.912362953050383 ], [ 6.708637685902224, 50.912335996736047 ], [ 6.708694537955914, 50.912337112984893 ], [ 6.708694096545406, 50.912346098423377 ], [ 6.708679883528912, 50.912345819363672 ], [ 6.708679000701755, 50.912363790240406 ], [ 6.708650574658518, 50.912363232115453 ], [ 6.708650133239135, 50.912372217553624 ], [ 6.708678559287837, 50.912372775678762 ], [ 6.708678117873694, 50.912381761117096 ], [ 6.708720756956639, 50.912382598292098 ], [ 6.708720315550465, 50.912391583730681 ], [ 6.708762954643646, 50.912392420890392 ], [ 6.708762513245442, 50.912401406329217 ], [ 6.708790939314158, 50.912401964427218 ] ], [ [ 6.708735852790945, 50.912364906469584 ], [ 6.708750065813808, 50.912365185522546 ], [ 6.708749624413551, 50.912374170961343 ], [ 6.708735411387956, 50.912373891908288 ], [ 6.708735852790945, 50.912364906469584 ] ], [ [ 6.708693655134673, 50.912355083861847 ], [ 6.708707868154125, 50.912355362919918 ], [ 6.708707426745898, 50.912364348358452 ], [ 6.708693213723714, 50.912364069300295 ], [ 6.708693655134673, 50.912355083861847 ] ] ] ] } },
{ "type": "Feature", "properties": { "gml_id": "DENW41AL30005VyHFL", "identifier": "urn:adv:oid:DENW41AL30005VyHFL", "aktualit_2": "2024-08-20Z", "idflurst": "DENW41AL30005VyH", "flaeche": 271.0, "flstkennz_": "054682020001590017__", "flstnrzae": "159", "flstnrnen": "17", "gemarkung": "Horrem", "gemaschl": "054682", "flur": "20", "flurschl": "054682020", "land": "Nordrhein-Westfalen", "landschl": "05", "regbezirk": "Köln", "regbezschl": "053", "kreis": "Rhein-Erft-Kreis", "kreisschl": "05362", "gemeinde": "Kerpen", "gmdschl": "05362032", "abwrecht": "Kein abweichender Rechtszustand", "lagebeztxt": "Adenauerstraße 11", "tntxt": "Wohnbaufläche;271", "area": 271, "DN": null, "rg area": 31.0, "bldg sum": null, "open area": null, "10%drain A": null, "5%drain A+": null, "10% check": null, "T OPEN A": 82.8, "T DRAIN A": 188.2, "5% drain": 9.4, "area ok": 1, "5% ok": 1, "layer": "RG final", "path": "C:/Users/kanis/Desktop/Thesis/Data/Analysis/Horrem/RG/RG final.shp", "area final": 31.0 }, "geometry": { "type": "MultiPolygon", "coordinates": [ [ [ [ 6.708678295706599, 50.911509336356588 ], [ 6.70868315109854, 50.911410496519167 ], [ 6.708640512904886, 50.911409659341835 ], [ 6.708641837122528, 50.91138270302298 ], [ 6.7085991989555, 50.911381865830883 ], [ 6.708596991883987, 50.911426793027552 ], [ 6.708653842828451, 50.911427909282004 ], [ 6.708653401424398, 50.911436894721639 ], [ 6.708667614163812, 50.911437173781017 ], [ 6.708664082945101, 50.911509057298225 ], [ 6.708678295706599, 50.911509336356588 ] ] ] ] } },
{ "type": "Feature", "properties": { "gml_id": "DENW41AL30005dAlFL", "identifier": "urn:adv:oid:DENW41AL30005dAlFL", "aktualit_2": "2024-08-20Z", "idflurst": "DENW41AL30005dAl", "flaeche": 253.0, "flstkennz_": "05468202000270______", "flstnrzae": "270", "flstnrnen": null, "gemarkung": "Horrem", "gemaschl": "054682", "flur": "20", "flurschl": "054682020", "land": "Nordrhein-Westfalen", "landschl": "05", "regbezirk": "Köln", "regbezschl": "053", "kreis": "Rhein-Erft-Kreis", "kreisschl": "05362", "gemeinde": "Kerpen", "gmdschl": "05362032", "abwrecht": "Kein abweichender Rechtszustand", "lagebeztxt": "Herderstraße 9", "tntxt": "Wohnbaufläche;253", "area": 253, "DN": null, "rg area": 43.0, "bldg sum": null, "open area": null, "10%drain A": null, "5%drain A+": null, "10% check": null, "T OPEN A": 78.3, "T DRAIN A": 174.7, "5% drain": 8.7, "area ok": 1, "5% ok": 1, "layer": "RG final", "path": "C:/Users/kanis/Desktop/Thesis/Data/Analysis/Horrem/RG/RG final.shp", "area final": 43.0 }, "geometry": { "type": "MultiPolygon", "coordinates": [ [ [ [ 6.708502445367717, 50.911613812804248 ], [ 6.708504211109953, 50.911577871050476 ], [ 6.708518423890818, 50.91157815012857 ], [ 6.708518865323081, 50.911569164689986 ], [ 6.708447801434676, 50.911567769282698 ], [ 6.708447359988754, 50.911576754720826 ], [ 6.70843314720902, 50.911576475634092 ], [ 6.708432264311034, 50.911594446510122 ], [ 6.708418051526061, 50.911594167421491 ], [ 6.708418934429512, 50.911576196545631 ], [ 6.708319444979291, 50.911574242877975 ], [ 6.7083181205664, 50.911601199189867 ], [ 6.70848867401478, 50.911604548285744 ], [ 6.708488232576149, 50.911613533724079 ], [ 6.708502445367717, 50.911613812804248 ] ] ] ] } },
{ "type": "Feature", "properties": { "gml_id": "DENW41AL30005eUkFL", "identifier": "urn:adv:oid:DENW41AL30005eUkFL", "aktualit_2": "2024-08-20Z", "idflurst": "DENW41AL30005eUk", "flaeche": 394.0, "flstkennz_": "05468200800724______", "flstnrzae": "724", "flstnrnen": null, "gemarkung": "Horrem", "gemaschl": "054682", "flur": "8", "flurschl": "054682008", "land": "Nordrhein-Westfalen", "landschl": "05", "regbezirk": "Köln", "regbezschl": "053", "kreis": "Rhein-Erft-Kreis", "kreisschl": "05362", "gemeinde": "Kerpen", "gmdschl": "05362032", "abwrecht": "Kein abweichender Rechtszustand", "lagebeztxt": "Höhenweg 10", "tntxt": "Wohnbaufläche;394", "area": 393, "DN": null, "rg area": 77.0, "bldg sum": null, "open area": null, "10%drain A": null, "5%drain A+": null, "10% check": null, "T OPEN A": 167.9, "T DRAIN A": 225.1, "5% drain": 11.3, "area ok": 1, "5% ok": 1, "layer": "RG final", "path": "C:/Users/kanis/Desktop/Thesis/Data/Analysis/Horrem/RG/RG final.shp", "area final": 77.0 }, "geometry": { "type": "MultiPolygon", "coordinates": [ [ [ [ 6.713710373947587, 50.914495134392133 ], [ 6.713710814425945, 50.914486148925498 ], [ 6.713725028144277, 50.914486427381156 ], [ 6.713727670993287, 50.914432514580447 ], [ 6.713713457291351, 50.914432236125322 ], [ 6.71371433824468, 50.914414265191795 ], [ 6.713728551941152, 50.914414543646743 ], [ 6.713728992414745, 50.914405558179865 ], [ 6.713615282871154, 50.914403330492547 ], [ 6.713613520887983, 50.914439272357114 ], [ 6.713599307185119, 50.914438993888069 ], [ 6.713597104687412, 50.914483921217972 ], [ 6.713639745837669, 50.914484756621263 ], [ 6.713640186329465, 50.91447577115504 ], [ 6.713654400043935, 50.91447604961926 ], [ 6.713653959554872, 50.914485035085569 ], [ 6.713668173272302, 50.914485313548148 ], [ 6.713667732785746, 50.914494299014507 ], [ 6.713710373947587, 50.914495134392133 ] ] ] ] } },
{ "type": "Feature", "properties": { "gml_id": "DENW41AL30005aoNFL", "identifier": "urn:adv:oid:DENW41AL30005aoNFL", "aktualit_2": "2024-08-20Z", "idflurst": "DENW41AL30005aoN", "flaeche": 700.0, "flstkennz_": "05468201900361______", "flstnrzae": "361", "flstnrnen": null, "gemarkung": "Horrem", "gemaschl": "054682", "flur": "19", "flurschl": "054682019", "land": "Nordrhein-Westfalen", "landschl": "05", "regbezirk": "Köln", "regbezschl": "053", "kreis": "Rhein-Erft-Kreis", "kreisschl": "05362", "gemeinde": "Kerpen", "gmdschl": "05362032", "abwrecht": "Kein abweichender Rechtszustand", "lagebeztxt": "Sistenichstraße 66", "tntxt": "Wohnbaufläche;700", "area": 700, "DN": null, "rg area": 276.0, "bldg sum": null, "open area": null, "10%drain A": null, "5%drain A+": null, "10% check": null, "T OPEN A": 431.1, "T DRAIN A": 268.9, "5% drain": 13.4, "area ok": 1, "5% ok": 1, "layer": "RG final", "path": "C:/Users/kanis/Desktop/Thesis/Data/Analysis/Horrem/RG/RG final.shp", "area final": 276.0 }, "geometry": { "type": "MultiPolygon", "coordinates": [ [ [ [ 6.708848224497522, 50.909497992617688 ], [ 6.708848665833595, 50.909489007173818 ], [ 6.709275030376921, 50.909497377261715 ], [ 6.709275471630814, 50.909488391815174 ], [ 6.709261259478823, 50.909488112837401 ], [ 6.709262583247342, 50.909461156497947 ], [ 6.70921994681731, 50.909460319555052 ], [ 6.709220388081226, 50.909451334108802 ], [ 6.709191963801133, 50.909450776138399 ], [ 6.70919372887639, 50.909414834353925 ], [ 6.709037395472245, 50.909411765397053 ], [ 6.709037836770543, 50.909402779951883 ], [ 6.708824654940874, 50.90939859467489 ], [ 6.708823330922369, 50.9094255510064 ], [ 6.708809118794005, 50.909425271973838 ], [ 6.708807794765271, 50.909452228304914 ], [ 6.70882200690183, 50.90945250733774 ], [ 6.708821124220338, 50.909470478225231 ], [ 6.708806912078317, 50.909470199192221 ], [ 6.708805588046188, 50.909497155523056 ], [ 6.708848224497522, 50.909497992617688 ] ], [ [ 6.708864643312865, 50.909453344425863 ], [ 6.708878855450329, 50.909453623451775 ], [ 6.708877972790693, 50.909471594339962 ], [ 6.708863760647764, 50.909471315313873 ], [ 6.708864643312865, 50.909453344425863 ] ], [ [ 6.708907279725936, 50.909454181498418 ], [ 6.708921491864078, 50.909454460519136 ], [ 6.708920609220832, 50.90947243140787 ], [ 6.708906397077226, 50.909472152386961 ], [ 6.708907279725936, 50.909454181498418 ] ] ] ] } },
{ "type": "Feature", "properties": { "gml_id": "DENW41AL30005gRDFL", "identifier": "urn:adv:oid:DENW41AL30005gRDFL", "aktualit_2": "2024-08-20Z", "idflurst": "DENW41AL30005gRD", "flaeche": 1811.0, "flstkennz_": "05468201900184______", "flstnrzae": "184", "flstnrnen": null, "gemarkung": "Horrem", "gemaschl": "054682", "flur": "19", "flurschl": "054682019", "land": "Nordrhein-Westfalen", "landschl": "05", "regbezirk": "Köln", "regbezschl": "053", "kreis": "Rhein-Erft-Kreis", "kreisschl": "05362", "gemeinde": "Kerpen", "gmdschl": "05362032", "abwrecht": "Kein abweichender Rechtszustand", "lagebeztxt": "Merodestraße 18, 18 a", "tntxt": "Wohnbaufläche;1811", "area": 1811, "DN": null, "rg area": 568.1, "bldg sum": null, "open area": null, "10%drain A": null, "5%drain A+": null, "10% check": null, "T OPEN A": 957.8, "T DRAIN A": 853.2, "5% drain": 42.7, "area ok": 1, "5% ok": 1, "layer": "RG final", "path": "C:/Users/kanis/Desktop/Thesis/Data/Analysis/Horrem/RG/RG final.shp", "area final": 568.1 }, "geometry": { "type": "MultiPolygon", "coordinates": [ [ [ [ 6.709067143603335, 50.909385367068651 ], [ 6.709068026187421, 50.909367396177814 ], [ 6.709082238300734, 50.909367675178629 ], [ 6.709085327318793, 50.909304777059539 ], [ 6.709099539413209, 50.909305056058024 ], [ 6.709099980697867, 50.909296070612278 ], [ 6.709085768606183, 50.9092957916139 ], [ 6.709086209893346, 50.909286806168232 ], [ 6.709100421982299, 50.909287085166518 ], [ 6.709102628401065, 50.909242157937499 ], [ 6.709116840476584, 50.909242436933617 ], [ 6.709119929434238, 50.909179538811671 ], [ 6.709134141490861, 50.90917981780543 ], [ 6.709135024042692, 50.909161846913129 ], [ 6.709120811991532, 50.909161567919533 ], [ 6.709121253269839, 50.909152582473439 ], [ 6.709135465318268, 50.909152861466936 ], [ 6.70913855424097, 50.909089963343199 ], [ 6.709124342211664, 50.909089684350306 ], [ 6.709125224764435, 50.909071713457841 ], [ 6.709068376671325, 50.909070597469736 ], [ 6.709068817958298, 50.909061612023834 ], [ 6.709011969879733, 50.909060496008429 ], [ 6.709011528581833, 50.909069481453976 ], [ 6.708883620393705, 50.909066970317369 ], [ 6.708879648481155, 50.909147839319367 ], [ 6.708865436436797, 50.909147560294734 ], [ 6.708864553781612, 50.909165531183717 ], [ 6.708878765831435, 50.909165810208513 ], [ 6.708877883180808, 50.909183781097596 ], [ 6.708892095236318, 50.909184060120857 ], [ 6.708891653913398, 50.909193045565466 ], [ 6.708877441855156, 50.909192766542127 ], [ 6.708873028586196, 50.909282620986374 ], [ 6.708858816500861, 50.90928234196042 ], [ 6.708855727180011, 50.909345240069783 ], [ 6.70884151507578, 50.909344961041477 ], [ 6.708841073740594, 50.909353946485524 ], [ 6.708826861633858, 50.909353667455392 ], [ 6.708826420295713, 50.909362652899333 ], [ 6.708840632405181, 50.909362931929536 ], [ 6.708840191069543, 50.909371917373541 ], [ 6.709039160664082, 50.909375823616216 ], [ 6.709038719366461, 50.909384809061464 ], [ 6.709067143603335, 50.909385367068651 ] ], [ [ 6.708917430121072, 50.9092475162753 ], [ 6.708931642196383, 50.909247795293979 ], [ 6.708931200880075, 50.90925678073873 ], [ 6.708916988802032, 50.909256501719966 ], [ 6.708917430121072, 50.9092475162753 ] ], [ [ 6.708932083512466, 50.909238809849207 ], [ 6.708917871439886, 50.909238530830613 ], [ 6.708918312758473, 50.909229545385919 ], [ 6.708932524828322, 50.90922982440442 ], [ 6.708933407459355, 50.909211853514783 ], [ 6.708947619523966, 50.909212132531387 ], [ 6.708948060836412, 50.909203147086451 ], [ 6.708962272898517, 50.90920342610125 ], [ 6.708960507658304, 50.909239367881213 ], [ 6.708946295585272, 50.90923908886608 ], [ 6.708945854271922, 50.909248074310938 ], [ 6.708931642196383, 50.909247795293979 ], [ 6.708932083512466, 50.909238809849207 ] ], [ [ 6.708950708706337, 50.909149234416546 ], [ 6.708964920752051, 50.909149513430791 ], [ 6.708964479443694, 50.909158498875918 ], [ 6.708978691492367, 50.909158777888521 ], [ 6.708978250186516, 50.909167763333713 ], [ 6.708949826083933, 50.909167205306581 ], [ 6.708950708706337, 50.909149234416546 ] ], [ [ 6.709021768937173, 50.909150629470503 ], [ 6.709035980984018, 50.909150908476107 ], [ 6.709035098394395, 50.909168879367222 ], [ 6.709020886342087, 50.909168600361433 ], [ 6.709021768937173, 50.909150629470503 ] ] ] ] } },
{ "type": "Feature", "properties": { "gml_id": "DENW41AL30005hIAFL", "identifier": "urn:adv:oid:DENW41AL30005hIAFL", "aktualit_2": "2024-08-20Z", "idflurst": "DENW41AL30005hIA", "flaeche": 475.0, "flstkennz_": "05468201900362______", "flstnrzae": "362", "flstnrnen": null, "gemarkung": "Horrem", "gemaschl": "054682", "flur": "19", "flurschl": "054682019", "land": "Nordrhein-Westfalen", "landschl": "05", "regbezirk": "Köln", "regbezschl": "053", "kreis": "Rhein-Erft-Kreis", "kreisschl": "05362", "gemeinde": "Kerpen", "gmdschl": "05362032", "abwrecht": "Kein abweichender Rechtszustand", "lagebeztxt": "Sistenichstraße 68", "tntxt": "Wohnbaufläche;475", "area": 475, "DN": null, "rg area": 93.0, "bldg sum": null, "open area": null, "10%drain A": null, "5%drain A+": null, "10% check": null, "T OPEN A": 169.0, "T DRAIN A": 306.0, "5% drain": 15.3, "area ok": 1, "5% ok": 1, "layer": "RG final", "path": "C:/Users/kanis/Desktop/Thesis/Data/Analysis/Horrem/RG/RG final.shp", "area final": 93.0 }, "geometry": { "type": "MultiPolygon", "coordinates": [ [ [ [ 6.709195052680459, 50.909387878015401 ], [ 6.70919549394803, 50.909378892569194 ], [ 6.709209706066109, 50.909379171554548 ], [ 6.709210147330722, 50.909370186108227 ], [ 6.709266995794374, 50.909371302031985 ], [ 6.709267437047832, 50.909362316585302 ], [ 6.709253224934312, 50.909362037607032 ], [ 6.709253666190278, 50.909353052160419 ], [ 6.709239454079714, 50.909352773180537 ], [ 6.709242984141149, 50.909280889607722 ], [ 6.709143499526523, 50.909278936704993 ], [ 6.709142175697815, 50.909305893043054 ], [ 6.709127963602721, 50.909305614049778 ], [ 6.709124874642028, 50.909368512170722 ], [ 6.709110662528038, 50.909368233175087 ], [ 6.709109779960341, 50.90938620406645 ], [ 6.709195052680459, 50.909387878015401 ] ] ] ] } },
{ "type": "Feature", "properties": { "gml_id": "DENW41AL30005gRDFL", "identifier": "urn:adv:oid:DENW41AL30005gRDFL", "aktualit_2": "2024-08-20Z", "idflurst": "DENW41AL30005gRD", "flaeche": 1811.0, "flstkennz_": "05468201900184______", "flstnrzae": "184", "flstnrnen": null, "gemarkung": "Horrem", "gemaschl": "054682", "flur": "19", "flurschl": "054682019", "land": "Nordrhein-Westfalen", "landschl": "05", "regbezirk": "Köln", "regbezschl": "053", "kreis": "Rhein-Erft-Kreis", "kreisschl": "05362", "gemeinde": "Kerpen", "gmdschl": "05362032", "abwrecht": "Kein abweichender Rechtszustand", "lagebeztxt": "Merodestraße 18, 18 a", "tntxt": "Wohnbaufläche;1811", "area": 1811, "DN": null, "rg area": 95.0, "bldg sum": null, "open area": null, "10%drain A": null, "5%drain A+": null, "10% check": null, "T OPEN A": 957.8, "T DRAIN A": 853.2, "5% drain": 42.7, "area ok": 1, "5% ok": 1, "layer": "RG final", "path": "C:/Users/kanis/Desktop/Thesis/Data/Analysis/Horrem/RG/RG final.shp", "area final": 95.0 }, "geometry": { "type": "MultiPolygon", "coordinates": [ [ [ [ 6.708963947933842, 50.908879671057967 ], [ 6.708967037057642, 50.908816772938799 ], [ 6.708981249002282, 50.908817051949761 ], [ 6.708981690302046, 50.908808066504015 ], [ 6.708995902244181, 50.908808345513151 ], [ 6.708997226133921, 50.908781389175545 ], [ 6.709011438068088, 50.908781668182684 ], [ 6.709012320654653, 50.908763697290681 ], [ 6.709026532583582, 50.90876397629593 ], [ 6.709027856453539, 50.90873701995752 ], [ 6.709013644532805, 50.908736740952541 ], [ 6.70901408582507, 50.908727755506469 ], [ 6.709028297743072, 50.908728034511356 ], [ 6.709029180321461, 50.908710063618962 ], [ 6.709043392234225, 50.908710342621951 ], [ 6.709044274806245, 50.908692371729323 ], [ 6.709030062898943, 50.908692092726525 ], [ 6.709031828051197, 50.908656150941418 ], [ 6.709003404259124, 50.908655592931339 ], [ 6.709002521672523, 50.908673563823562 ], [ 6.708988309771363, 50.908673284815755 ], [ 6.708989192363427, 50.908655313923703 ], [ 6.708974980467956, 50.908655034914347 ], [ 6.708973656571326, 50.908681991252124 ], [ 6.708959444667886, 50.908681712240757 ], [ 6.708955031637099, 50.908771566698086 ], [ 6.708940819706569, 50.908771287684097 ], [ 6.708936406625852, 50.908861142138853 ], [ 6.70892219466823, 50.908860863122264 ], [ 6.708921312043909, 50.908878834012839 ], [ 6.708963947933842, 50.908879671057967 ] ], [ [ 6.708969243567855, 50.908771845710326 ], [ 6.708968802266265, 50.908780831156044 ], [ 6.708954590332777, 50.908780552143718 ], [ 6.708955031637099, 50.908771566698086 ], [ 6.708969243567855, 50.908771845710326 ] ] ] ] } },
{ "type": "Feature", "properties": { "gml_id": "DENW41AL30005bK0FL", "identifier": "urn:adv:oid:DENW41AL30005bK0FL", "aktualit_2": "2024-08-20Z", "idflurst": "DENW41AL30005bK0", "flaeche": 722.0, "flstkennz_": "054682019000210004__", "flstnrzae": "21", "flstnrnen": "4", "gemarkung": "Horrem", "gemaschl": "054682", "flur": "19", "flurschl": "054682019", "land": "Nordrhein-Westfalen", "landschl": "05", "regbezirk": "Köln", "regbezschl": "053", "kreis": "Rhein-Erft-Kreis", "kreisschl": "05362", "gemeinde": "Kerpen", "gmdschl": "05362032", "abwrecht": "Kein abweichender Rechtszustand", "lagebeztxt": "Fischbachstraße 5", "tntxt": "Wohnbaufläche;722", "area": 720, "DN": null, "rg area": 294.0, "bldg sum": null, "open area": null, "10%drain A": null, "5%drain A+": null, "10% check": null, "T OPEN A": 356.5, "T DRAIN A": 363.5, "5% drain": 18.2, "area ok": 1, "5% ok": 1, "layer": "RG final", "path": "C:/Users/kanis/Desktop/Thesis/Data/Analysis/Horrem/RG/RG final.shp", "area final": 294.0 }, "geometry": { "type": "MultiPolygon", "coordinates": [ [ [ [ 6.710324182595721, 50.909859742883555 ], [ 6.710325946824753, 50.909823801073166 ], [ 6.710340159089538, 50.909824079922664 ], [ 6.710339718035352, 50.909833065375381 ], [ 6.710353930303096, 50.909833344223223 ], [ 6.710354371354552, 50.909824358770429 ], [ 6.710368583619791, 50.909824637616467 ], [ 6.710369024668288, 50.909815652163552 ], [ 6.710354812405781, 50.90981537331762 ], [ 6.710356576608437, 50.909779431506195 ], [ 6.710342364357083, 50.909779152658878 ], [ 6.710342805409914, 50.909770167206084 ], [ 6.710357017658535, 50.909770446053308 ], [ 6.710358781856671, 50.909734504241541 ], [ 6.710372994094591, 50.909734783086691 ], [ 6.710373435140829, 50.909725797633619 ], [ 6.710430284083843, 50.909726912996547 ], [ 6.710432489257, 50.909681985729193 ], [ 6.71044670147966, 50.909682264565141 ], [ 6.7104493476636, 50.90962835184321 ], [ 6.710435135457332, 50.909628073007788 ], [ 6.71043557648993, 50.909619087554155 ], [ 6.71023660566415, 50.909615183677793 ], [ 6.710237046734767, 50.90960619822539 ], [ 6.710151773553671, 50.909604525032321 ], [ 6.71014956811637, 50.90964945229149 ], [ 6.710135355906653, 50.909649173419474 ], [ 6.710133150450043, 50.909694100677783 ], [ 6.710147362673418, 50.909694379550231 ], [ 6.710146480494656, 50.90971235045361 ], [ 6.710132268265816, 50.909712071580984 ], [ 6.710131827173364, 50.909721057032563 ], [ 6.710217100566187, 50.909722730242912 ], [ 6.710217982718083, 50.909704759338695 ], [ 6.710232194945548, 50.909705038200862 ], [ 6.710231312799115, 50.909723009105264 ], [ 6.71024552503227, 50.909723287965882 ], [ 6.710245083961444, 50.909732273418157 ], [ 6.710259296197557, 50.909732552277134 ], [ 6.71025973726565, 50.909723566824773 ], [ 6.710273949499256, 50.909723845681924 ], [ 6.710275272693979, 50.909696889324486 ], [ 6.710289484919616, 50.909697168179648 ], [ 6.71028992598134, 50.909688182727038 ], [ 6.710304138204472, 50.909688461580387 ], [ 6.710303697145479, 50.909697447033075 ], [ 6.710360546051191, 50.909698562429526 ], [ 6.71035922290564, 50.909725518788562 ], [ 6.710345010670677, 50.909725239941778 ], [ 6.71034412856705, 50.909743210847552 ], [ 6.71027306736831, 50.909741816586809 ], [ 6.710269979902879, 50.909804714753349 ], [ 6.710284192161299, 50.909804993609576 ], [ 6.710283310031748, 50.909822964514341 ], [ 6.710297522295857, 50.909823243369011 ], [ 6.710297081233474, 50.909832228821465 ], [ 6.710268656700018, 50.90983167111019 ], [ 6.710267333495125, 50.909858627466889 ], [ 6.710324182595721, 50.909859742883555 ] ], [ [ 6.710203770490844, 50.909704480474794 ], [ 6.710204211569185, 50.909695495022746 ], [ 6.710218423793692, 50.909695773886547 ], [ 6.710217982718083, 50.909704759338695 ], [ 6.710203770490844, 50.909704480474794 ] ], [ [ 6.710233077091076, 50.909687067296375 ], [ 6.710247289313303, 50.90968734615663 ], [ 6.710246848243384, 50.90969633160897 ], [ 6.710232636018425, 50.909696052748629 ], [ 6.710233077091076, 50.909687067296375 ] ], [ [ 6.710361869194707, 50.909671606070326 ], [ 6.710347656976135, 50.909671327224075 ], [ 6.710348098026254, 50.909662341771075 ], [ 6.710333885810639, 50.909662062923175 ], [ 6.710334326863265, 50.909653077470246 ], [ 6.710348539076147, 50.909653356318046 ], [ 6.710348980125813, 50.90964437086501 ], [ 6.710363192336189, 50.909644649710991 ], [ 6.710363633382897, 50.909635664257848 ], [ 6.710377845590767, 50.90963594310201 ], [ 6.710376963502588, 50.909653914008473 ], [ 6.710391175716148, 50.909654192851079 ], [ 6.71039073467445, 50.909663178304378 ], [ 6.710376522458159, 50.909662899461679 ], [ 6.710375640368623, 50.909680870368028 ], [ 6.710361428147094, 50.909680591523419 ], [ 6.710361869194707, 50.909671606070326 ] ], [ [ 6.71019352798535, 50.909623332540875 ], [ 6.710207740187776, 50.909623611405713 ], [ 6.710206858034485, 50.909641582310073 ], [ 6.710192645826595, 50.909641303445071 ], [ 6.71019352798535, 50.909623332540875 ] ] ] ] } },
{ "type": "Feature", "properties": { "gml_id": "DENW41AL30005ebgFL", "identifier": "urn:adv:oid:DENW41AL30005ebgFL", "aktualit_2": "2024-08-20Z", "idflurst": "DENW41AL30005ebg", "flaeche": 322.0, "flstkennz_": "05468201900383______", "flstnrzae": "383", "flstnrnen": null, "gemarkung": "Horrem", "gemaschl": "054682", "flur": "19", "flurschl": "054682019", "land": "Nordrhein-Westfalen", "landschl": "05", "regbezirk": "Köln", "regbezschl": "053", "kreis": "Rhein-Erft-Kreis", "kreisschl": "05362", "gemeinde": "Kerpen", "gmdschl": "05362032", "abwrecht": "Kein abweichender Rechtszustand", "lagebeztxt": "Fischbachstraße 6", "tntxt": "Wohnbaufläche;322", "area": 323, "DN": null, "rg area": 56.0, "bldg sum": null, "open area": null, "10%drain A": null, "5%drain A+": null, "10% check": null, "T OPEN A": 185.1, "T DRAIN A": 137.9, "5% drain": 6.9, "area ok": 1, "5% ok": 1, "layer": "RG final", "path": "C:/Users/kanis/Desktop/Thesis/Data/Analysis/Horrem/RG/RG final.shp", "area final": 56.0 }, "geometry": { "type": "MultiPolygon", "coordinates": [ [ [ [ 6.710006122682321, 50.909673619846259 ], [ 6.71000656379823, 50.909664634395398 ], [ 6.7100918370805, 50.909666307695915 ], [ 6.710092719278857, 50.909648336793083 ], [ 6.710106931487896, 50.909648615670278 ], [ 6.710109136966174, 50.909603688412453 ], [ 6.710052288186009, 50.909602572895075 ], [ 6.710052729291914, 50.909593587443823 ], [ 6.71001009271736, 50.909592750787901 ], [ 6.710008769374382, 50.909619707140834 ], [ 6.70999455717512, 50.909619428251808 ], [ 6.709991910466668, 50.909673340956694 ], [ 6.710006122682321, 50.909673619846259 ] ] ] ] } },
{ "type": "Feature", "properties": { "gml_id": "DENW41AL30005QzrFL", "identifier": "urn:adv:oid:DENW41AL30005QzrFL", "aktualit_2": "2024-08-20Z", "idflurst": "DENW41AL30005Qzr", "flaeche": 269.0, "flstkennz_": "054682020001020017__", "flstnrzae": "102", "flstnrnen": "17", "gemarkung": "Horrem", "gemaschl": "054682", "flur": "20", "flurschl": "054682020", "land": "Nordrhein-Westfalen", "landschl": "05", "regbezirk": "Köln", "regbezschl": "053", "kreis": "Rhein-Erft-Kreis", "kreisschl": "05362", "gemeinde": "Kerpen", "gmdschl": "05362032", "abwrecht": "Kein abweichender Rechtszustand", "lagebeztxt": "Adenauerstraße 13", "tntxt": "Wohnbaufläche;269", "area": 268, "DN": null, "rg area": 58.0, "bldg sum": null, "open area": null, "10%drain A": null, "5%drain A+": null, "10% check": null, "T OPEN A": 116.6, "T DRAIN A": 151.4, "5% drain": 7.6, "area ok": 1, "5% ok": 1, "layer": "RG final", "path": "C:/Users/kanis/Desktop/Thesis/Data/Analysis/Horrem/RG/RG final.shp", "area final": 58.0 }, "geometry": { "type": "MultiPolygon", "coordinates": [ [ [ [ 6.70787081799572, 50.911439514662696 ], [ 6.707871259550489, 50.911430529227964 ], [ 6.707885472280192, 50.911430808382534 ], [ 6.707885913832005, 50.911421822947716 ], [ 6.707928552014273, 50.911422660400753 ], [ 6.707932525896632, 50.911341791484197 ], [ 6.707918313193574, 50.91134151233571 ], [ 6.707918754737658, 50.911332526900537 ], [ 6.70784769123941, 50.911331131132627 ], [ 6.707846808123693, 50.911349102002063 ], [ 6.707861020828354, 50.911349381159276 ], [ 6.707861462383594, 50.91134039572448 ], [ 6.70787567508575, 50.911340674879881 ], [ 6.707874350427548, 50.911367631184483 ], [ 6.707860137717196, 50.911367352028819 ], [ 6.707859696161277, 50.911376337463565 ], [ 6.70784548344842, 50.911376058306082 ], [ 6.707842392531529, 50.911438956348206 ], [ 6.70787081799572, 50.911439514662696 ] ] ] ] } },
{ "type": "Feature", "properties": { "gml_id": "DENW41AL30005aGgFL", "identifier": "urn:adv:oid:DENW41AL30005aGgFL", "aktualit_2": "2024-08-20Z", "idflurst": "DENW41AL30005aGg", "flaeche": 270.0, "flstkennz_": "054682020001030017__", "flstnrzae": "103", "flstnrnen": "17", "gemarkung": "Horrem", "gemaschl": "054682", "flur": "20", "flurschl": "054682020", "land": "Nordrhein-Westfalen", "landschl": "05", "regbezirk": "Köln", "regbezschl": "053", "kreis": "Rhein-Erft-Kreis", "kreisschl": "05362", "gemeinde": "Kerpen", "gmdschl": "05362032", "abwrecht": "Kein abweichender Rechtszustand", "lagebeztxt": "Adenauerstraße 15", "tntxt": "Wohnbaufläche;270", "area": 270, "DN": null, "rg area": 56.0, "bldg sum": null, "open area": null, "10%drain A": null, "5%drain A+": null, "10% check": null, "T OPEN A": 134.9, "T DRAIN A": 135.1, "5% drain": 6.8, "area ok": 1, "5% ok": 1, "layer": "RG final", "path": "C:/Users/kanis/Desktop/Thesis/Data/Analysis/Horrem/RG/RG final.shp", "area final": 56.0 }, "geometry": { "type": "MultiPolygon", "coordinates": [ [ [ [ 6.707785100034475, 50.911446825132657 ], [ 6.707785541605864, 50.911437839698493 ], [ 6.707799754336941, 50.911438118863515 ], [ 6.707805053143177, 50.91133029365114 ], [ 6.707748202351367, 50.911329176984935 ], [ 6.707748643928012, 50.911320191550828 ], [ 6.707720218538928, 50.91131963320754 ], [ 6.707716685875729, 50.911391516678577 ], [ 6.707759324025262, 50.911392354193069 ], [ 6.70775888244954, 50.911401339627126 ], [ 6.707773095169236, 50.91140161879526 ], [ 6.707770887300892, 50.911446545965823 ], [ 6.707785100034475, 50.911446825132657 ] ] ] ] } },
{ "type": "Feature", "properties": { "gml_id": "DENW41AL30005eT7FL", "identifier": "urn:adv:oid:DENW41AL30005eT7FL", "aktualit_2": "2024-08-20Z", "idflurst": "DENW41AL30005eT7", "flaeche": 461.0, "flstkennz_": "05468200800076______", "flstnrzae": "76", "flstnrnen": null, "gemarkung": "Horrem", "gemaschl": "054682", "flur": "8", "flurschl": "054682008", "land": "Nordrhein-Westfalen", "landschl": "05", "regbezirk": "Köln", "regbezschl": "053", "kreis": "Rhein-Erft-Kreis", "kreisschl": "05362", "gemeinde": "Kerpen", "gmdschl": "05362032", "abwrecht": "Kein abweichender Rechtszustand", "lagebeztxt": "Höhenweg 56", "tntxt": "Wohnbaufläche;461", "area": 475, "DN": null, "rg area": 119.0, "bldg sum": null, "open area": null, "10%drain A": null, "5%drain A+": null, "10% check": null, "T OPEN A": 187.9, "T DRAIN A": 287.1, "5% drain": 14.4, "area ok": 1, "5% ok": 1, "layer": "RG final", "path": "C:/Users/kanis/Desktop/Thesis/Data/Analysis/Horrem/RG/RG final.shp", "area final": 119.0 }, "geometry": { "type": "MultiPolygon", "coordinates": [ [ [ [ 6.714564407849994, 50.912164403237242 ], [ 6.714564848127361, 50.912155417761639 ], [ 6.714579061144264, 50.91215569610425 ], [ 6.714581262514051, 50.91211076872559 ], [ 6.714538623505002, 50.912109933693884 ], [ 6.714539063786479, 50.912100948218367 ], [ 6.714467998789568, 50.912099556464739 ], [ 6.714468439084482, 50.912090570989648 ], [ 6.714397374106874, 50.912089179193224 ], [ 6.714397814415222, 50.912080193718559 ], [ 6.714312536465934, 50.912078523506345 ], [ 6.71431297679045, 50.912069538032192 ], [ 6.714284550814624, 50.912068981281116 ], [ 6.714282349162463, 50.912113908650824 ], [ 6.714268136161228, 50.912113630272259 ], [ 6.714267695827386, 50.912122615746064 ], [ 6.714324547844614, 50.912123729250311 ], [ 6.714324107521476, 50.912132714724457 ], [ 6.714338320529079, 50.912132993096279 ], [ 6.714338760849484, 50.912124007622054 ], [ 6.714352973854581, 50.912124285992064 ], [ 6.714352533536908, 50.912133271466381 ], [ 6.714409385570479, 50.912134384929495 ], [ 6.714408945263509, 50.912143370404152 ], [ 6.714480010324212, 50.912144762194572 ], [ 6.714479570030678, 50.912153747669656 ], [ 6.714536422094231, 50.91215486107123 ], [ 6.714536862376836, 50.912145875595797 ], [ 6.714551075390556, 50.912146153941777 ], [ 6.714550194830584, 50.912164124892811 ], [ 6.714564407849994, 50.912164403237242 ] ], [ [ 6.714353854489251, 50.912106315043381 ], [ 6.714368067489108, 50.912106593411487 ], [ 6.714367627174618, 50.912115578885924 ], [ 6.714353414172029, 50.912115300517726 ], [ 6.714353854489251, 50.912106315043381 ] ] ] ] } },
{ "type": "Feature", "properties": { "gml_id": "DENW41AL30005cnoFL", "identifier": "urn:adv:oid:DENW41AL30005cnoFL", "aktualit_2": "2024-08-20Z", "idflurst": "DENW41AL30005cno", "flaeche": 470.0, "flstkennz_": "05468200800399______", "flstnrzae": "399", "flstnrnen": null, "gemarkung": "Horrem", "gemaschl": "054682", "flur": "8", "flurschl": "054682008", "land": "Nordrhein-Westfalen", "landschl": "05", "regbezirk": "Köln", "regbezschl": "053", "kreis": "Rhein-Erft-Kreis", "kreisschl": "05362", "gemeinde": "Kerpen", "gmdschl": "05362032", "abwrecht": "Kein abweichender Rechtszustand", "lagebeztxt": "Höhenweg 54", "tntxt": "Wohnbaufläche;470", "area": 462, "DN": null, "rg area": 172.0, "bldg sum": null, "open area": null, "10%drain A": null, "5%drain A+": null, "10% check": null, "T OPEN A": 274.9, "T DRAIN A": 187.1, "5% drain": 9.4, "area ok": 1, "5% ok": 1, "layer": "RG final", "path": "C:/Users/kanis/Desktop/Thesis/Data/Analysis/Horrem/RG/RG final.shp", "area final": 172.0 }, "geometry": { "type": "MultiPolygon", "coordinates": [ [ [ [ 6.714603084476898, 50.91224610754216 ], [ 6.714605726100716, 50.912192194687634 ], [ 6.714548873988933, 50.912191081319229 ], [ 6.71454931426971, 50.912182095843768 ], [ 6.714478249148721, 50.912180704094801 ], [ 6.714478689442932, 50.912171718619767 ], [ 6.714393411321585, 50.912170048464475 ], [ 6.714393851631963, 50.912161062989959 ], [ 6.714322786550707, 50.91215967114676 ], [ 6.714323226874524, 50.912150685672678 ], [ 6.71413845772518, 50.91214706667926 ], [ 6.714138898084286, 50.912138081206308 ], [ 6.714124685077111, 50.912137802810179 ], [ 6.714124244715271, 50.912146788283046 ], [ 6.714110031705588, 50.912146509885105 ], [ 6.714109150975766, 50.912164480830604 ], [ 6.714123363990913, 50.912164759228716 ], [ 6.714122923628395, 50.912173744701541 ], [ 6.714165562683387, 50.912174579885786 ], [ 6.714165122328841, 50.912183565358852 ], [ 6.714207761394062, 50.912184400527799 ], [ 6.714207321047485, 50.912193386001128 ], [ 6.714306812226689, 50.912195334668787 ], [ 6.714306371899014, 50.912204320142692 ], [ 6.714377437047449, 50.912205711996741 ], [ 6.714376996733209, 50.912214697471093 ], [ 6.714433848866947, 50.912215810923556 ], [ 6.71443340856341, 50.912224796398235 ], [ 6.71451868678718, 50.912226466525595 ], [ 6.714518246499812, 50.9122354520008 ], [ 6.714589311706153, 50.912236843726497 ], [ 6.714588871432221, 50.912245829202114 ], [ 6.714603084476898, 50.91224610754216 ] ] ] ] } },
{ "type": "Feature", "properties": { "gml_id": "DENW41AL30005elUFL", "identifier": "urn:adv:oid:DENW41AL30005elUFL", "aktualit_2": "2024-08-20Z", "idflurst": "DENW41AL30005elU", "flaeche": 480.0, "flstkennz_": "05468200800073______", "flstnrzae": "73", "flstnrnen": null, "gemarkung": "Horrem", "gemaschl": "054682", "flur": "8", "flurschl": "054682008", "land": "Nordrhein-Westfalen", "landschl": "05", "regbezirk": "Köln", "regbezschl": "053", "kreis": "Rhein-Erft-Kreis", "kreisschl": "05362", "gemeinde": "Kerpen", "gmdschl": "05362032", "abwrecht": "Kein abweichender Rechtszustand", "lagebeztxt": "Höhenweg 52", "tntxt": "Wohnbaufläche;480", "area": 483, "DN": null, "rg area": 182.0, "bldg sum": null, "open area": null, "10%drain A": null, "5%drain A+": null, "10% check": null, "T OPEN A": 289.8, "T DRAIN A": 193.2, "5% drain": 9.7, "area ok": 1, "5% ok": 1, "layer": "RG final", "path": "C:/Users/kanis/Desktop/Thesis/Data/Analysis/Horrem/RG/RG final.shp", "area final": 182.0 }, "geometry": { "type": "MultiPolygon", "coordinates": [ [ [ [ 6.714514724192741, 50.912307335801785 ], [ 6.714515164481916, 50.912298350326715 ], [ 6.714529377541857, 50.912298628675934 ], [ 6.714529817828073, 50.912289643200765 ], [ 6.714544030885509, 50.912289921548165 ], [ 6.714544471168766, 50.912280936072897 ], [ 6.714558684223697, 50.912281214418478 ], [ 6.714559564784071, 50.912263243467685 ], [ 6.714531138685366, 50.912262686775151 ], [ 6.714530698399828, 50.91227167225037 ], [ 6.714488059245266, 50.912270837198328 ], [ 6.714488939832512, 50.912252866248402 ], [ 6.714432087651447, 50.912251752822186 ], [ 6.71443252795566, 50.912242767347557 ], [ 6.714361462748068, 50.912241375526307 ], [ 6.714361903065717, 50.912232390052104 ], [ 6.714276624840446, 50.912230719810097 ], [ 6.714277065174262, 50.912221734336406 ], [ 6.714220213039526, 50.912220620807503 ], [ 6.714219772694779, 50.912229606280846 ], [ 6.714205559658927, 50.91222932789421 ], [ 6.714206440353657, 50.912211356947701 ], [ 6.714135375205102, 50.912209964989458 ], [ 6.714135815565791, 50.912200979516619 ], [ 6.714064750436537, 50.912199587515623 ], [ 6.714062548562533, 50.912244514877429 ], [ 6.71409097464088, 50.912245071683905 ], [ 6.714090534270868, 50.912254057156375 ], [ 6.714161599484344, 50.912255449142769 ], [ 6.714161159127766, 50.912264434615679 ], [ 6.714232224360546, 50.912265826559285 ], [ 6.714231784017404, 50.912274812032628 ], [ 6.714317062320581, 50.912276482308421 ], [ 6.714316621993606, 50.912285467782269 ], [ 6.714387687266121, 50.912286859631664 ], [ 6.714387246952583, 50.912295845105945 ], [ 6.714458312244399, 50.912297236912551 ], [ 6.714457871944297, 50.912306222387265 ], [ 6.714514724192741, 50.912307335801785 ] ] ] ] } },
{ "type": "Feature", "properties": { "gml_id": "DENW41AL30005cEMFL", "identifier": "urn:adv:oid:DENW41AL30005cEMFL", "aktualit_2": "2024-08-20Z", "idflurst": "DENW41AL30005cEM", "flaeche": 274.0, "flstkennz_": "054682020001570017__", "flstnrzae": "157", "flstnrnen": "17", "gemarkung": "Horrem", "gemaschl": "054682", "flur": "20", "flurschl": "054682020", "land": "Nordrhein-Westfalen", "landschl": "05", "regbezirk": "Köln", "regbezschl": "053", "kreis": "Rhein-Erft-Kreis", "kreisschl": "05362", "gemeinde": "Kerpen", "gmdschl": "05362032", "abwrecht": "Kein abweichender Rechtszustand", "lagebeztxt": "Adenauerstraße 7", "tntxt": "Wohnbaufläche;274", "area": 268, "DN": null, "rg area": 56.0, "bldg sum": null, "open area": null, "10%drain A": null, "5%drain A+": null, "10% check": null, "T OPEN A": 107.3, "T DRAIN A": 160.7, "5% drain": 8.0, "area ok": 1, "5% ok": 1, "layer": "RG final", "path": "C:/Users/kanis/Desktop/Thesis/Data/Analysis/Horrem/RG/RG final.shp", "area final": 56.0 }, "geometry": { "type": "MultiPolygon", "coordinates": [ [ [ [ 6.708935008154436, 50.911496388228855 ], [ 6.708937656255651, 50.911442475580721 ], [ 6.70895186899959, 50.91144275460551 ], [ 6.708953634384948, 50.911406812839402 ], [ 6.708868357990285, 50.911405138666794 ], [ 6.708867033902428, 50.911432094989813 ], [ 6.70885282116258, 50.911431815954721 ], [ 6.708850172964365, 50.911485728599757 ], [ 6.708907023990687, 50.911486844731854 ], [ 6.708906582634453, 50.911495830172996 ], [ 6.708935008154436, 50.911496388228855 ] ], [ [ 6.708910554832402, 50.911414961202162 ], [ 6.708924767567692, 50.911415240230163 ], [ 6.708924326216001, 50.91142422567151 ], [ 6.708910113477979, 50.911423946643438 ], [ 6.708910554832402, 50.911414961202162 ] ] ] ] } },
{ "type": "Feature", "properties": { "gml_id": "DENW41AL30005eYeFL", "identifier": "urn:adv:oid:DENW41AL30005eYeFL", "aktualit_2": "2024-08-20Z", "idflurst": "DENW41AL30005eYe", "flaeche": 272.0, "flstkennz_": "054682020001580017__", "flstnrzae": "158", "flstnrnen": "17", "gemarkung": "Horrem", "gemaschl": "054682", "flur": "20", "flurschl": "054682020", "land": "Nordrhein-Westfalen", "landschl": "05", "regbezirk": "Köln", "regbezschl": "053", "kreis": "Rhein-Erft-Kreis", "kreisschl": "05362", "gemeinde": "Kerpen", "gmdschl": "05362032", "abwrecht": "Kein abweichender Rechtszustand", "lagebeztxt": "Adenauerstraße 9", "tntxt": "Wohnbaufläche;272", "area": 273, "DN": null, "rg area": 69.0, "bldg sum": null, "open area": null, "10%drain A": null, "5%drain A+": null, "10% check": null, "T OPEN A": 105.7, "T DRAIN A": 167.3, "5% drain": 8.4, "area ok": 1, "5% ok": 1, "layer": "RG final", "path": "C:/Users/kanis/Desktop/Thesis/Data/Analysis/Horrem/RG/RG final.shp", "area final": 69.0 }, "geometry": { "type": "MultiPolygon", "coordinates": [ [ [ [ 6.708778667805732, 50.911493318836079 ], [ 6.708779109186552, 50.911484333395748 ], [ 6.708807534697, 50.911484891482537 ], [ 6.708810182944391, 50.911430978839093 ], [ 6.708824395683561, 50.911431257879364 ], [ 6.70882616116637, 50.911395316116383 ], [ 6.708811948438129, 50.911395037076467 ], [ 6.708812389810998, 50.911386051635766 ], [ 6.708741326186844, 50.911384656410696 ], [ 6.708740443413559, 50.911402627291196 ], [ 6.708726230683942, 50.911402348240813 ], [ 6.708725789294228, 50.911411333680945 ], [ 6.708740002026577, 50.911411612731413 ], [ 6.708739560639368, 50.91142059817161 ], [ 6.708725347904288, 50.911420319121056 ], [ 6.708721816776624, 50.911492202641384 ], [ 6.708778667805732, 50.911493318836079 ] ], [ [ 6.708753773374675, 50.911420877220444 ], [ 6.708752890605044, 50.911438848100978 ], [ 6.708738677864273, 50.911438569051981 ], [ 6.708739560639368, 50.91142059817161 ], [ 6.708753773374675, 50.911420877220444 ] ] ] ] } },
{ "type": "Feature", "properties": { "gml_id": "DENW41AL30005e7ZFL", "identifier": "urn:adv:oid:DENW41AL30005e7ZFL", "aktualit_2": "2024-08-20Z", "idflurst": "DENW41AL30005e7Z", "flaeche": 413.0, "flstkennz_": "054682020001460016__", "flstnrzae": "146", "flstnrnen": "16", "gemarkung": "Horrem", "gemaschl": "054682", "flur": "20", "flurschl": "054682020", "land": "Nordrhein-Westfalen", "landschl": "05", "regbezirk": "Köln", "regbezschl": "053", "kreis": "Rhein-Erft-Kreis", "kreisschl": "05362", "gemeinde": "Kerpen", "gmdschl": "05362032", "abwrecht": "Kein abweichender Rechtszustand", "lagebeztxt": "Herderstraße 15", "tntxt": "Wohnbaufläche;413", "area": 414, "DN": null, "rg area": 144.0, "bldg sum": null, "open area": null, "10%drain A": null, "5%drain A+": null, "10% check": null, "T OPEN A": 203.0, "T DRAIN A": 211.0, "5% drain": 10.6, "area ok": 1, "5% ok": 1, "layer": "RG final", "path": "C:/Users/kanis/Desktop/Thesis/Data/Analysis/Horrem/RG/RG final.shp", "area final": 144.0 }, "geometry": { "type": "MultiPolygon", "coordinates": [ [ [ [ 6.708832781694674, 50.911260534502823 ], [ 6.708836312622291, 50.911188650974054 ], [ 6.708694185978432, 50.911185860517527 ], [ 6.708694627370687, 50.911176875077246 ], [ 6.708609351411622, 50.911175200720862 ], [ 6.7086084685941, 50.911193171600338 ], [ 6.708594255929583, 50.911192892534721 ], [ 6.708592931693409, 50.911219848853555 ], [ 6.708578719020923, 50.911219569785935 ], [ 6.708578277605681, 50.911228555225414 ], [ 6.708564064930687, 50.911228276155988 ], [ 6.70856318209406, 50.911246247034725 ], [ 6.708620032817244, 50.91124736330282 ], [ 6.708619591409518, 50.911256348742533 ], [ 6.708832781694674, 50.911260534502823 ] ] ] ] } },
{ "type": "Feature", "properties": { "gml_id": "DENW41AL30005W51FL", "identifier": "urn:adv:oid:DENW41AL30005W51FL", "aktualit_2": "2024-08-20Z", "idflurst": "DENW41AL30005W51", "flaeche": 408.0, "flstkennz_": "054682020001470016__", "flstnrzae": "147", "flstnrnen": "16", "gemarkung": "Horrem", "gemaschl": "054682", "flur": "20", "flurschl": "054682020", "land": "Nordrhein-Westfalen", "landschl": "05", "regbezirk": "Köln", "regbezschl": "053", "kreis": "Rhein-Erft-Kreis", "kreisschl": "05362", "gemeinde": "Kerpen", "gmdschl": "05362032", "abwrecht": "Kein abweichender Rechtszustand", "lagebeztxt": "Herderstraße 13", "tntxt": "Wohnbaufläche;408", "area": 409, "DN": null, "rg area": 143.0, "bldg sum": null, "open area": null, "10%drain A": null, "5%drain A+": null, "10% check": null, "T OPEN A": 190.1, "T DRAIN A": 218.9, "5% drain": 10.9, "area ok": 1, "5% ok": 1, "layer": "RG final", "path": "C:/Users/kanis/Desktop/Thesis/Data/Analysis/Horrem/RG/RG final.shp", "area final": 143.0 }, "geometry": { "type": "MultiPolygon", "coordinates": [ [ [ [ 6.708771075777665, 50.911358258184521 ], [ 6.708771517157825, 50.911349272744019 ], [ 6.708785729871727, 50.911349551788668 ], [ 6.7087852884943, 50.911358537229276 ], [ 6.708799501211161, 50.911358816272283 ], [ 6.708800825334571, 50.911331859950202 ], [ 6.708815038043461, 50.911332138991227 ], [ 6.708815920785806, 50.911314168109584 ], [ 6.70878749537918, 50.911313610026156 ], [ 6.708787936755477, 50.911304624585497 ], [ 6.708802149455945, 50.911304903627972 ], [ 6.708803032202397, 50.9112869327464 ], [ 6.708618267184987, 50.911283305061538 ], [ 6.70861870859339, 50.911274319621882 ], [ 6.708561857837421, 50.911273203352728 ], [ 6.70856097499853, 50.911291174231309 ], [ 6.708546762304641, 50.911290895159524 ], [ 6.708544996613218, 50.911326836916146 ], [ 6.708559209318036, 50.911327115988293 ], [ 6.708558326476433, 50.91134508686666 ], [ 6.708572539186941, 50.911345365937258 ], [ 6.708572097768531, 50.911354351376517 ], [ 6.708771075777665, 50.911358258184521 ] ] ] ] } },
{ "type": "Feature", "properties": { "gml_id": "DENW41AL30005e6zFL", "identifier": "urn:adv:oid:DENW41AL30005e6zFL", "aktualit_2": "2024-08-20Z", "idflurst": "DENW41AL30005e6z", "flaeche": 906.0, "flstkennz_": "05468201900226______", "flstnrzae": "226", "flstnrnen": null, "gemarkung": "Horrem", "gemaschl": "054682", "flur": "19", "flurschl": "054682019", "land": "Nordrhein-Westfalen", "landschl": "05", "regbezirk": "Köln", "regbezschl": "053", "kreis": "Rhein-Erft-Kreis", "kreisschl": "05362", "gemeinde": "Kerpen", "gmdschl": "05362032", "abwrecht": "Kein abweichender Rechtszustand", "lagebeztxt": "Merodestraße 12", "tntxt": "Wohnbaufläche;906", "area": 907, "DN": null, "rg area": 107.0, "bldg sum": null, "open area": null, "10%drain A": null, "5%drain A+": null, "10% check": null, "T OPEN A": 272.1, "T DRAIN A": 634.9, "5% drain": 31.7, "area ok": 1, "5% ok": 1, "layer": "RG final", "path": "C:/Users/kanis/Desktop/Thesis/Data/Analysis/Horrem/RG/RG final.shp", "area final": 107.0 }, "geometry": { "type": "MultiPolygon", "coordinates": [ [ [ [ 6.710419401914657, 50.909079123805768 ], [ 6.710419842941664, 50.90907013835141 ], [ 6.710434054977883, 50.90907041718652 ], [ 6.710435378049351, 50.909043460823028 ], [ 6.710421166021328, 50.909043181988167 ], [ 6.710422048073306, 50.909025211079275 ], [ 6.710393624028861, 50.909024653404749 ], [ 6.710394065059976, 50.909015667950435 ], [ 6.710379853040824, 50.909015389110678 ], [ 6.710379412006978, 50.909024374564879 ], [ 6.710251503820202, 50.909021864928349 ], [ 6.710251062761545, 50.909030850381747 ], [ 6.71023685073919, 50.909030571524511 ], [ 6.710238173922679, 50.909003615164544 ], [ 6.710152901842469, 50.909001941986418 ], [ 6.710150255375115, 50.909055854702991 ], [ 6.710164467404309, 50.909056133570878 ], [ 6.710164026328356, 50.909065119023673 ], [ 6.710320358694453, 50.909068186457176 ], [ 6.710319917648325, 50.909077171910923 ], [ 6.710419401914657, 50.909079123805768 ] ], [ [ 6.710236409677576, 50.909039556977795 ], [ 6.710193773603673, 50.909038720395436 ], [ 6.710194655743067, 50.909020749489393 ], [ 6.710180443724347, 50.909020470625329 ], [ 6.710180884796438, 50.909011485172357 ], [ 6.710209308828638, 50.909012042898581 ], [ 6.710208867762011, 50.909021028351724 ], [ 6.710223079781183, 50.909021307212335 ], [ 6.710222638717061, 50.909030292665534 ], [ 6.71023685073919, 50.909030571524511 ], [ 6.710236409677576, 50.909039556977795 ] ], [ [ 6.710193332533636, 50.909047705848451 ], [ 6.710164908480034, 50.909047148118063 ], [ 6.710165349555535, 50.909038162665233 ], [ 6.710193773603673, 50.909038720395436 ], [ 6.710193332533636, 50.909047705848451 ] ] ] ] } },
{ "type": "Feature", "properties": { "gml_id": "DENW41AL30005UvvFL", "identifier": "urn:adv:oid:DENW41AL30005UvvFL", "aktualit_2": "2024-08-20Z", "idflurst": "DENW41AL30005Uvv", "flaeche": 797.0, "flstkennz_": "05468200800059______", "flstnrzae": "59", "flstnrnen": null, "gemarkung": "Horrem", "gemaschl": "054682", "flur": "8", "flurschl": "054682008", "land": "Nordrhein-Westfalen", "landschl": "05", "regbezirk": "Köln", "regbezschl": "053", "kreis": "Rhein-Erft-Kreis", "kreisschl": "05362", "gemeinde": "Kerpen", "gmdschl": "05362032", "abwrecht": "Kein abweichender Rechtszustand", "lagebeztxt": "Höhenweg 34", "tntxt": "Wohnbaufläche;797", "area": 798, "DN": null, "rg area": 209.0, "bldg sum": null, "open area": null, "10%drain A": null, "5%drain A+": null, "10% check": null, "T OPEN A": 521.0, "T DRAIN A": 277.0, "5% drain": 13.9, "area ok": 1, "5% ok": 1, "layer": "RG final", "path": "C:/Users/kanis/Desktop/Thesis/Data/Analysis/Horrem/RG/RG final.shp", "area final": 209.0 }, "geometry": { "type": "MultiPolygon", "coordinates": [ [ [ [ 6.713672985823856, 50.913226234280515 ], [ 6.713673426289512, 50.913217248812145 ], [ 6.713659212958269, 50.913216970355151 ], [ 6.713659653426431, 50.913207984886853 ], [ 6.713673866754942, 50.913208263343755 ], [ 6.713674307220146, 50.913199277875357 ], [ 6.713660093894369, 50.913198999418547 ], [ 6.71366053436208, 50.913190013950206 ], [ 6.713674747685126, 50.913190292406938 ], [ 6.713675188149878, 50.913181306938505 ], [ 6.713689401470417, 50.91318158539341 ], [ 6.713689841932212, 50.913172599924877 ], [ 6.713618775345439, 50.913171207633489 ], [ 6.713619215820669, 50.913162222165383 ], [ 6.713519722627795, 50.91316027288542 ], [ 6.713520163121927, 50.913151287417925 ], [ 6.713406456651189, 50.913149059566365 ], [ 6.713406897166954, 50.913140074099566 ], [ 6.713293190732522, 50.913137846138063 ], [ 6.713293631269923, 50.913128860671939 ], [ 6.713194138170775, 50.913126911115484 ], [ 6.713194578727075, 50.913117925649971 ], [ 6.713180365430833, 50.91311764713506 ], [ 6.713177281512863, 50.913180545392734 ], [ 6.713262561408466, 50.91318221645988 ], [ 6.713262120864248, 50.913191201925734 ], [ 6.713390040747484, 50.913193708410539 ], [ 6.713389600227631, 50.91320269387716 ], [ 6.713517520153746, 50.91320520022272 ], [ 6.71351707965826, 50.91321418569013 ], [ 6.713644999627252, 50.913216691896423 ], [ 6.713644559156131, 50.913225677364615 ], [ 6.713672985823856, 50.913226234280515 ] ], [ [ 6.713632107716667, 50.913189457031578 ], [ 6.713646321039261, 50.913189735491756 ], [ 6.713645880568817, 50.913198720959997 ], [ 6.71363166724349, 50.91319844249972 ], [ 6.713632107716667, 50.913189457031578 ] ], [ [ 6.713617894394298, 50.91318917856966 ], [ 6.713618334869981, 50.913180193101589 ], [ 6.713632548189617, 50.913180471563415 ], [ 6.713632107716667, 50.913189457031578 ], [ 6.713617894394298, 50.91318917856966 ] ] ] ] } },
{ "type": "Feature", "properties": { "gml_id": "DENW41AL30005VxrFL", "identifier": "urn:adv:oid:DENW41AL30005VxrFL", "aktualit_2": "2024-08-20Z", "idflurst": "DENW41AL30005Vxr", "flaeche": 804.0, "flstkennz_": "05468200800058______", "flstnrzae": "58", "flstnrnen": null, "gemarkung": "Horrem", "gemaschl": "054682", "flur": "8", "flurschl": "054682008", "land": "Nordrhein-Westfalen", "landschl": "05", "regbezirk": "Köln", "regbezschl": "053", "kreis": "Rhein-Erft-Kreis", "kreisschl": "05362", "gemeinde": "Kerpen", "gmdschl": "05362032", "abwrecht": "Kein abweichender Rechtszustand", "lagebeztxt": "Höhenweg 32", "tntxt": "Wohnbaufläche;804", "area": 802, "DN": null, "rg area": 60.0, "bldg sum": null, "open area": null, "10%drain A": null, "5%drain A+": null, "10% check": null, "T OPEN A": 476.0, "T DRAIN A": 326.0, "5% drain": 16.3, "area ok": 1, "5% ok": 1, "layer": "RG final", "path": "C:/Users/kanis/Desktop/Thesis/Data/Analysis/Horrem/RG/RG final.shp", "area final": 60.0 }, "geometry": { "type": "MultiPolygon", "coordinates": [ [ [ [ 6.713286582644441, 50.913272628127906 ], [ 6.713287023185228, 50.913263642662031 ], [ 6.713301236526995, 50.913263921164514 ], [ 6.713300795988942, 50.913272906630475 ], [ 6.713315009333667, 50.913273185131317 ], [ 6.713316330938953, 50.913246228733129 ], [ 6.713302117602424, 50.913245950232543 ], [ 6.713302998676951, 50.913227979300501 ], [ 6.713317212008014, 50.91322825780091 ], [ 6.713317652542206, 50.913219272334764 ], [ 6.713260799230237, 50.913218158323154 ], [ 6.713261239775132, 50.913209172857371 ], [ 6.713175959830346, 50.913207501788627 ], [ 6.713173316459216, 50.913261414579956 ], [ 6.713215956479778, 50.913262250123701 ], [ 6.713215515925329, 50.913271235589143 ], [ 6.713286582644441, 50.913272628127906 ] ] ] ] } },
{ "type": "Feature", "properties": { "gml_id": "DENW41AL30005ZwPFL", "identifier": "urn:adv:oid:DENW41AL30005ZwPFL", "aktualit_2": "2024-08-20Z", "idflurst": "DENW41AL30005ZwP", "flaeche": 694.0, "flstkennz_": "05468201900130______", "flstnrzae": "130", "flstnrnen": null, "gemarkung": "Horrem", "gemaschl": "054682", "flur": "19", "flurschl": "054682019", "land": "Nordrhein-Westfalen", "landschl": "05", "regbezirk": "Köln", "regbezschl": "053", "kreis": "Rhein-Erft-Kreis", "kreisschl": "05362", "gemeinde": "Kerpen", "gmdschl": "05362032", "abwrecht": "Kein abweichender Rechtszustand", "lagebeztxt": "Sistenichstraße 64", "tntxt": "Wohnbaufläche;694", "area": 694, "DN": null, "rg area": 104.0, "bldg sum": null, "open area": null, "10%drain A": null, "5%drain A+": null, "10% check": null, "T OPEN A": 302.5, "T DRAIN A": 391.5, "5% drain": 19.6, "area ok": 1, "5% ok": 1, "layer": "RG final", "path": "C:/Users/kanis/Desktop/Thesis/Data/Analysis/Horrem/RG/RG final.shp", "area final": 104.0 }, "geometry": { "type": "MultiPolygon", "coordinates": [ [ [ [ 6.708957067239695, 50.909599064683157 ], [ 6.708959715136542, 50.90954515201657 ], [ 6.708945502970403, 50.909544873000144 ], [ 6.708945944288483, 50.909535887555755 ], [ 6.708960156451892, 50.909536166572089 ], [ 6.708960597767015, 50.909527181127594 ], [ 6.709017446411979, 50.909528297175306 ], [ 6.709017005107781, 50.909537282620164 ], [ 6.70903121727232, 50.909537561627864 ], [ 6.709030775970628, 50.909546547072793 ], [ 6.709059200305846, 50.909547105083178 ], [ 6.709058759009393, 50.90955609052827 ], [ 6.709072971180073, 50.909556369530954 ], [ 6.70907385376729, 50.909538398640578 ], [ 6.709088065932733, 50.909538677641351 ], [ 6.709088948513581, 50.909520706750733 ], [ 6.708847341824697, 50.909515963505356 ], [ 6.708846900487945, 50.909524948949162 ], [ 6.708861112647037, 50.909525227977518 ], [ 6.708860671312791, 50.909534213421409 ], [ 6.708874883474841, 50.909534492448124 ], [ 6.708874000811133, 50.909552463336013 ], [ 6.708845576476333, 50.909551905280495 ], [ 6.708846459150966, 50.909533934392968 ], [ 6.708832246989369, 50.909533655362793 ], [ 6.708832688329078, 50.909524669919087 ], [ 6.708804264012025, 50.909524111853734 ], [ 6.708800733244304, 50.909595995401496 ], [ 6.708957067239695, 50.909599064683157 ] ], [ [ 6.708888212978874, 50.909552742361164 ], [ 6.708888654308109, 50.909543756917145 ], [ 6.708902866473343, 50.909544035940492 ], [ 6.708901983820111, 50.909562006828708 ], [ 6.70887355947894, 50.909561448779939 ], [ 6.708874000811133, 50.909552463336013 ], [ 6.708888212978874, 50.909552742361164 ] ] ] ] } },
{ "type": "Feature", "properties": { "gml_id": "DENW41AL30005ZwPFL", "identifier": "urn:adv:oid:DENW41AL30005ZwPFL", "aktualit_2": "2024-08-20Z", "idflurst": "DENW41AL30005ZwP", "flaeche": 694.0, "flstkennz_": "05468201900130______", "flstnrzae": "130", "flstnrnen": null, "gemarkung": "Horrem", "gemaschl": "054682", "flur": "19", "flurschl": "054682019", "land": "Nordrhein-Westfalen", "landschl": "05", "regbezirk": "Köln", "regbezschl": "053", "kreis": "Rhein-Erft-Kreis", "kreisschl": "05362", "gemeinde": "Kerpen", "gmdschl": "05362032", "abwrecht": "Kein abweichender Rechtszustand", "lagebeztxt": "Sistenichstraße 64", "tntxt": "Wohnbaufläche;694", "area": 694, "DN": null, "rg area": 51.0, "bldg sum": null, "open area": null, "10%drain A": null, "5%drain A+": null, "10% check": null, "T OPEN A": 302.5, "T DRAIN A": 391.5, "5% drain": 19.6, "area ok": 1, "5% ok": 1, "layer": "RG final", "path": "C:/Users/kanis/Desktop/Thesis/Data/Analysis/Horrem/RG/RG final.shp", "area final": 51.0 }, "geometry": { "type": "MultiPolygon", "coordinates": [ [ [ [ 6.70921244529614, 50.909613072138825 ], [ 6.70921465163268, 50.909568144908796 ], [ 6.70922886380858, 50.909568423892559 ], [ 6.709230187599594, 50.909541467554078 ], [ 6.709244399767525, 50.909541746535844 ], [ 6.709245282288273, 50.909523775643265 ], [ 6.709216857963566, 50.909523217678363 ], [ 6.709216416697842, 50.909532203124478 ], [ 6.709202204533097, 50.909531924139351 ], [ 6.709202645801553, 50.909522938693314 ], [ 6.709117372834217, 50.909521264746751 ], [ 6.70911693154937, 50.909530250192255 ], [ 6.709131143712759, 50.909530529187755 ], [ 6.709130702430416, 50.90953951463333 ], [ 6.709144914596763, 50.909539793627189 ], [ 6.709144032036864, 50.909557764518468 ], [ 6.709172456381164, 50.909558322501361 ], [ 6.709173338930136, 50.909540351609728 ], [ 6.709187551097162, 50.909540630598421 ], [ 6.709185786009241, 50.909576572381951 ], [ 6.709157361653562, 50.909576014402155 ], [ 6.709156920375552, 50.909584999847816 ], [ 6.709142708195321, 50.909584720855243 ], [ 6.709141825633161, 50.90960269174635 ], [ 6.70912761344769, 50.909602412751859 ], [ 6.709127172163539, 50.909611398197292 ], [ 6.70921244529614, 50.909613072138825 ] ] ] ] } },
{ "type": "Feature", "properties": { "gml_id": "DENW41AL30005Tz6FL", "identifier": "urn:adv:oid:DENW41AL30005Tz6FL", "aktualit_2": "2024-08-20Z", "idflurst": "DENW41AL30005Tz6", "flaeche": 279.0, "flstkennz_": "054682020001540017__", "flstnrzae": "154", "flstnrnen": "17", "gemarkung": "Horrem", "gemaschl": "054682", "flur": "20", "flurschl": "054682020", "land": "Nordrhein-Westfalen", "landschl": "05", "regbezirk": "Köln", "regbezschl": "053", "kreis": "Rhein-Erft-Kreis", "kreisschl": "05362", "gemeinde": "Kerpen", "gmdschl": "05362032", "abwrecht": "Kein abweichender Rechtszustand", "lagebeztxt": "Adenauerstraße 1 b", "tntxt": "Wohnbaufläche;279", "area": 280, "DN": null, "rg area": 95.0, "bldg sum": null, "open area": null, "10%drain A": null, "5%drain A+": null, "10% check": null, "T OPEN A": 202.8, "T DRAIN A": 77.2, "5% drain": 3.9, "area ok": 1, "5% ok": 1, "layer": "RG final", "path": "C:/Users/kanis/Desktop/Thesis/Data/Analysis/Horrem/RG/RG final.shp", "area final": 95.0 }, "geometry": { "type": "MultiPolygon", "coordinates": [ [ [ [ 6.709316105095983, 50.911557833967912 ], [ 6.70931654637434, 50.911548848524291 ], [ 6.709330759154438, 50.911549127503385 ], [ 6.709336054444308, 50.911441302177671 ], [ 6.709350267191846, 50.911441581153966 ], [ 6.709351591001029, 50.911414624821887 ], [ 6.709252101830388, 50.91141267195335 ], [ 6.709245923769039, 50.911538468159698 ], [ 6.709231710993031, 50.911538189170315 ], [ 6.709231269698506, 50.911547174613418 ], [ 6.709302333594469, 50.911548569543463 ], [ 6.70930189231338, 50.911557554986999 ], [ 6.709316105095983, 50.911557833967912 ] ] ] ] } },
{ "type": "Feature", "properties": { "gml_id": "DENW41AL30005UBrFL", "identifier": "urn:adv:oid:DENW41AL30005UBrFL", "aktualit_2": "2024-08-20Z", "idflurst": "DENW41AL30005UBr", "flaeche": 294.0, "flstkennz_": "05468202000335______", "flstnrzae": "335", "flstnrnen": null, "gemarkung": "Horrem", "gemaschl": "054682", "flur": "20", "flurschl": "054682020", "land": "Nordrhein-Westfalen", "landschl": "05", "regbezirk": "Köln", "regbezschl": "053", "kreis": "Rhein-Erft-Kreis", "kreisschl": "05362", "gemeinde": "Kerpen", "gmdschl": "05362032", "abwrecht": "Kein abweichender Rechtszustand", "lagebeztxt": "Sistenichstraße 49", "tntxt": "Wohnbaufläche;294", "area": 294, "DN": null, "rg area": 40.0, "bldg sum": null, "open area": null, "10%drain A": null, "5%drain A+": null, "10% check": null, "T OPEN A": 126.4, "T DRAIN A": 167.6, "5% drain": 8.4, "area ok": 1, "5% ok": 1, "layer": "RG final", "path": "C:/Users/kanis/Desktop/Thesis/Data/Analysis/Horrem/RG/RG final.shp", "area final": 40.0 }, "geometry": { "type": "MultiPolygon", "coordinates": [ [ [ [ 6.709788215361382, 50.911504141241942 ], [ 6.709788656547997, 50.911495155795279 ], [ 6.70981708208509, 50.911495713636391 ], [ 6.70981664090394, 50.911504699083238 ], [ 6.709830853675559, 50.911504978001275 ], [ 6.709834383096579, 50.911433094425405 ], [ 6.709734893852996, 50.911431141967718 ], [ 6.709734452657035, 50.911440127414139 ], [ 6.709748665408172, 50.911440406341946 ], [ 6.709748224214717, 50.91144939178843 ], [ 6.709762436968812, 50.911449670714596 ], [ 6.709760231011806, 50.911494597947268 ], [ 6.709774443779788, 50.91149487687214 ], [ 6.709774002590441, 50.911503862318703 ], [ 6.709788215361382, 50.911504141241942 ] ] ] ] } },
{ "type": "Feature", "properties": { "gml_id": "DENW41AL30005UHYFL", "identifier": "urn:adv:oid:DENW41AL30005UHYFL", "aktualit_2": "2024-08-20Z", "idflurst": "DENW41AL30005UHY", "flaeche": 417.0, "flstkennz_": "05468202000433______", "flstnrzae": "433", "flstnrnen": null, "gemarkung": "Horrem", "gemaschl": "054682", "flur": "20", "flurschl": "054682020", "land": "Nordrhein-Westfalen", "landschl": "05", "regbezirk": "Köln", "regbezschl": "053", "kreis": "Rhein-Erft-Kreis", "kreisschl": "05362", "gemeinde": "Kerpen", "gmdschl": "05362032", "abwrecht": "Kein abweichender Rechtszustand", "lagebeztxt": "Sistenichstraße 63", "tntxt": "Wohnbaufläche;417", "area": 412, "DN": null, "rg area": 131.0, "bldg sum": null, "open area": null, "10%drain A": null, "5%drain A+": null, "10% check": null, "T OPEN A": 225.8, "T DRAIN A": 186.2, "5% drain": 9.3, "area ok": 1, "5% ok": 1, "layer": "RG final", "path": "C:/Users/kanis/Desktop/Thesis/Data/Analysis/Horrem/RG/RG final.shp", "area final": 131.0 }, "geometry": { "type": "MultiPolygon", "coordinates": [ [ [ [ 6.710241310052116, 50.910388769118036 ], [ 6.710244397620391, 50.910325870959056 ], [ 6.710230185203748, 50.910325592095958 ], [ 6.710230626286759, 50.910316606644699 ], [ 6.710244838700668, 50.910316885507719 ], [ 6.710245279780721, 50.910307900056353 ], [ 6.710216854958589, 50.910307342328771 ], [ 6.710216413873074, 50.910316327779952 ], [ 6.710031652515741, 50.910312702380935 ], [ 6.710030770273001, 50.910330673280946 ], [ 6.710016557857016, 50.910330394391814 ], [ 6.710015675607909, 50.910348365291583 ], [ 6.710001463186686, 50.91034808640056 ], [ 6.709999698674829, 50.910384028199545 ], [ 6.710241310052116, 50.910388769118036 ] ] ] ] } },
{ "type": "Feature", "properties": { "gml_id": "DENW41AL30005d42FL", "identifier": "urn:adv:oid:DENW41AL30005d42FL", "aktualit_2": "2024-08-20Z", "idflurst": "DENW41AL30005d42", "flaeche": 417.0, "flstkennz_": "05468202000434______", "flstnrzae": "434", "flstnrnen": null, "gemarkung": "Horrem", "gemaschl": "054682", "flur": "20", "flurschl": "054682020", "land": "Nordrhein-Westfalen", "landschl": "05", "regbezirk": "Köln", "regbezschl": "053", "kreis": "Rhein-Erft-Kreis", "kreisschl": "05362", "gemeinde": "Kerpen", "gmdschl": "05362032", "abwrecht": "Kein abweichender Rechtszustand", "lagebeztxt": "Sistenichstraße 65", "tntxt": "Wohnbaufläche;417", "area": 410, "DN": null, "rg area": 93.0, "bldg sum": null, "open area": null, "10%drain A": null, "5%drain A+": null, "10% check": null, "T OPEN A": 142.3, "T DRAIN A": 267.7, "5% drain": 13.4, "area ok": 1, "5% ok": 1, "layer": "RG final", "path": "C:/Users/kanis/Desktop/Thesis/Data/Analysis/Horrem/RG/RG final.shp", "area final": 93.0 }, "geometry": { "type": "MultiPolygon", "coordinates": [ [ [ [ 6.71020352472368, 50.910289092560141 ], [ 6.710203965811249, 50.910280107108981 ], [ 6.71024660301952, 50.910280943702155 ], [ 6.710247044098669, 50.910271958250732 ], [ 6.710232831698417, 50.91027167938816 ], [ 6.710233272780072, 50.910262693936794 ], [ 6.710247485177591, 50.910262972799281 ], [ 6.710249249491017, 50.910227030993326 ], [ 6.710092913250941, 50.910223963414815 ], [ 6.710093354358783, 50.910214977964273 ], [ 6.710050717215341, 50.910214141315905 ], [ 6.710047188280705, 50.910286024917745 ], [ 6.71020352472368, 50.910289092560141 ] ], [ [ 6.710219060382778, 50.910262415072573 ], [ 6.710219501466937, 50.910253429621299 ], [ 6.710233713861498, 50.910253708485428 ], [ 6.710233272780072, 50.910262693936794 ], [ 6.710219060382778, 50.910262415072573 ] ], [ [ 6.710064488482957, 50.91022340565079 ], [ 6.710078700866837, 50.910223684533669 ], [ 6.710077377533755, 50.910250640884975 ], [ 6.710063165141681, 50.91025036200184 ], [ 6.710064488482957, 50.91022340565079 ] ] ] ] } },
{ "type": "Feature", "properties": { "gml_id": "DENW41AL30005b2ZFL", "identifier": "urn:adv:oid:DENW41AL30005b2ZFL", "aktualit_2": "2024-08-20Z", "idflurst": "DENW41AL30005b2Z", "flaeche": 301.0, "flstkennz_": "05468202000436______", "flstnrzae": "436", "flstnrnen": null, "gemarkung": "Horrem", "gemaschl": "054682", "flur": "20", "flurschl": "054682020", "land": "Nordrhein-Westfalen", "landschl": "05", "regbezirk": "Köln", "regbezschl": "053", "kreis": "Rhein-Erft-Kreis", "kreisschl": "05362", "gemeinde": "Kerpen", "gmdschl": "05362032", "abwrecht": "Kein abweichender Rechtszustand", "lagebeztxt": "Friedrich-Ebert-Platz 4", "tntxt": "Wohnbaufläche;301", "area": 300, "DN": null, "rg area": 30.0, "bldg sum": null, "open area": null, "10%drain A": null, "5%drain A+": null, "10% check": null, "T OPEN A": 0.0, "T DRAIN A": 300.0, "5% drain": 15.0, "area ok": 1, "5% ok": 1, "layer": "RG final", "path": "C:/Users/kanis/Desktop/Thesis/Data/Analysis/Horrem/RG/RG final.shp", "area final": 30.0 }, "geometry": { "type": "MultiPolygon", "coordinates": [ [ [ [ 6.710417988160417, 50.911426557646259 ], [ 6.710420193478866, 50.91138163039242 ], [ 6.710334917042823, 50.911379957291508 ], [ 6.710332711642412, 50.911424884542676 ], [ 6.710417988160417, 50.911426557646259 ] ] ] ] } },
{ "type": "Feature", "properties": { "gml_id": "DENW41AL30005f7uFL", "identifier": "urn:adv:oid:DENW41AL30005f7uFL", "aktualit_2": "2024-08-20Z", "idflurst": "DENW41AL30005f7u", "flaeche": 618.0, "flstkennz_": "05468200800062______", "flstnrzae": "62", "flstnrnen": null, "gemarkung": "Horrem", "gemaschl": "054682", "flur": "8", "flurschl": "054682008", "land": "Nordrhein-Westfalen", "landschl": "05", "regbezirk": "Köln", "regbezschl": "053", "kreis": "Rhein-Erft-Kreis", "kreisschl": "05362", "gemeinde": "Kerpen", "gmdschl": "05362032", "abwrecht": "Kein abweichender Rechtszustand", "lagebeztxt": "Höhenweg 40", "tntxt": "Wohnbaufläche;618", "area": 621, "DN": null, "rg area": 120.0, "bldg sum": null, "open area": null, "10%drain A": null, "5%drain A+": null, "10% check": null, "T OPEN A": 427.4, "T DRAIN A": 193.6, "5% drain": 9.7, "area ok": 1, "5% ok": 1, "layer": "RG final", "path": "C:/Users/kanis/Desktop/Thesis/Data/Analysis/Horrem/RG/RG final.shp", "area final": 120.0 }, "geometry": { "type": "MultiPolygon", "coordinates": [ [ [ [ 6.714028198597525, 50.912945381667626 ], [ 6.71402863899038, 50.912936396196599 ], [ 6.714057065489504, 50.912936953016739 ], [ 6.71405750587667, 50.912927967545514 ], [ 6.714071719123838, 50.912928245952884 ], [ 6.714073040275783, 50.912901289538866 ], [ 6.71408725351498, 50.912901567944246 ], [ 6.714088134276349, 50.912883597001311 ], [ 6.714073921042617, 50.912883318596087 ], [ 6.714074361425697, 50.912874333124677 ], [ 6.714003295274086, 50.91287294107314 ], [ 6.714003735670601, 50.912863955602155 ], [ 6.713932669538294, 50.912862563507822 ], [ 6.713931788717715, 50.912880534448888 ], [ 6.713903362255442, 50.912879977598713 ], [ 6.71390380267131, 50.912870992128362 ], [ 6.713846949760403, 50.912869878407584 ], [ 6.713845188051861, 50.912905820287456 ], [ 6.713859401290179, 50.912906098720597 ], [ 6.713858520440019, 50.912924069660605 ], [ 6.71383009395268, 50.912923512792247 ], [ 6.713829653521796, 50.912932498262045 ], [ 6.713929146250559, 50.912934447271688 ], [ 6.713928705838577, 50.912943432742097 ], [ 6.714028198597525, 50.912945381667626 ] ], [ [ 6.713887827767491, 50.912906655581693 ], [ 6.713902041006486, 50.912906934009641 ], [ 6.713901160172721, 50.912924904950188 ], [ 6.713886946928262, 50.912924626522056 ], [ 6.713887827767491, 50.912906655581693 ] ] ] ] } },
{ "type": "Feature", "properties": { "gml_id": "DENW41AL30005dokFL", "identifier": "urn:adv:oid:DENW41AL30005dokFL", "aktualit_2": "2024-08-20Z", "idflurst": "DENW41AL30005dok", "flaeche": 685.0, "flstkennz_": "05468200800396______", "flstnrzae": "396", "flstnrnen": null, "gemarkung": "Horrem", "gemaschl": "054682", "flur": "8", "flurschl": "054682008", "land": "Nordrhein-Westfalen", "landschl": "05", "regbezirk": "Köln", "regbezschl": "053", "kreis": "Rhein-Erft-Kreis", "kreisschl": "05362", "gemeinde": "Kerpen", "gmdschl": "05362032", "abwrecht": "Kein abweichender Rechtszustand", "lagebeztxt": "Höhenweg 42", "tntxt": "Wohnbaufläche;685", "area": 688, "DN": null, "rg area": 241.0, "bldg sum": null, "open area": null, "10%drain A": null, "5%drain A+": null, "10% check": null, "T OPEN A": 329.3, "T DRAIN A": 358.7, "5% drain": 17.9, "area ok": 1, "5% ok": 1, "layer": "RG final", "path": "C:/Users/kanis/Desktop/Thesis/Data/Analysis/Horrem/RG/RG final.shp", "area final": 241.0 }, "geometry": { "type": "MultiPolygon", "coordinates": [ [ [ [ 6.714259133446291, 50.912877952256387 ], [ 6.714260894834267, 50.912842010365971 ], [ 6.714275108057271, 50.912842288748259 ], [ 6.714275548400969, 50.912833303275519 ], [ 6.714332401284311, 50.912834416787035 ], [ 6.714334162613127, 50.912798474894501 ], [ 6.714277309773502, 50.912797361384413 ], [ 6.714277750116072, 50.912788375911596 ], [ 6.71420668408528, 50.912786983985519 ], [ 6.714207124441285, 50.912777998513128 ], [ 6.714136058429797, 50.912776606544277 ], [ 6.714136498799238, 50.912767621072312 ], [ 6.714051219609295, 50.912765950653153 ], [ 6.714051659994905, 50.9127569651817 ], [ 6.713980594023154, 50.912755573118631 ], [ 6.713981034422199, 50.912746587647611 ], [ 6.713909968469752, 50.912745195541753 ], [ 6.713910408882233, 50.912736210071159 ], [ 6.713896195695154, 50.912735931644889 ], [ 6.713895314864501, 50.912753902585884 ], [ 6.713881101672181, 50.912753624157709 ], [ 6.713878459158409, 50.912807536979777 ], [ 6.713864245949922, 50.912807258549336 ], [ 6.713863365104727, 50.912825229489719 ], [ 6.713906004747261, 50.912826064776368 ], [ 6.713906445161773, 50.912817079305931 ], [ 6.713892231950102, 50.912816800878858 ], [ 6.713892672367122, 50.912807815408485 ], [ 6.713921098785224, 50.912808372260713 ], [ 6.713922420018536, 50.912781415848961 ], [ 6.713936633219729, 50.912781694272205 ], [ 6.713937514035343, 50.912763723330777 ], [ 6.713951727231296, 50.912764001752123 ], [ 6.713951286826335, 50.912772987222944 ], [ 6.713965500025248, 50.912773265642649 ], [ 6.713965059622793, 50.912782251113526 ], [ 6.713979272824663, 50.912782529531604 ], [ 6.713978832424714, 50.912791515002553 ], [ 6.714007258834597, 50.912792071833671 ], [ 6.714006818439886, 50.912801057304797 ], [ 6.713964178817205, 50.912800222055253 ], [ 6.713962417203321, 50.912836163938493 ], [ 6.714005056858791, 50.912836999189103 ], [ 6.714004616462953, 50.912845984660152 ], [ 6.714089895796381, 50.912847655115208 ], [ 6.714089455416713, 50.912856640586746 ], [ 6.714146308321107, 50.91285775418924 ], [ 6.714147189058362, 50.91283978324541 ], [ 6.714161402279561, 50.912840061641539 ], [ 6.714160961913779, 50.912849047113546 ], [ 6.714175175137933, 50.912849325508027 ], [ 6.714174294411158, 50.912867296452177 ], [ 6.714216934101375, 50.912868131625771 ], [ 6.71421825516661, 50.91284117520874 ], [ 6.714232468388937, 50.912841453596208 ], [ 6.714231147331899, 50.912868410013523 ], [ 6.714245360562648, 50.912868688399527 ], [ 6.714244920212583, 50.912877673872018 ], [ 6.714259133446291, 50.912877952256387 ] ], [ [ 6.714034364076969, 50.912819585071723 ], [ 6.714077003719431, 50.912820420295866 ], [ 6.714076563337706, 50.912829405767368 ], [ 6.714033923687047, 50.912828570542963 ], [ 6.714034364076969, 50.912819585071723 ] ], [ [ 6.714134296949775, 50.912812548431965 ], [ 6.714148510162552, 50.912812826829544 ], [ 6.714148069794714, 50.912821812301523 ], [ 6.714133856579206, 50.912821533903845 ], [ 6.714134296949775, 50.912812548431965 ] ], [ [ 6.714206243729049, 50.912795969457889 ], [ 6.714220456937488, 50.912796247846657 ], [ 6.714220016583764, 50.912805233319112 ], [ 6.714205803372591, 50.912804954930259 ], [ 6.714206243729049, 50.912795969457889 ] ] ] ] } },
{ "type": "Feature", "properties": { "gml_id": "DENW41AL30005f7uFL", "identifier": "urn:adv:oid:DENW41AL30005f7uFL", "aktualit_2": "2024-08-20Z", "idflurst": "DENW41AL30005f7u", "flaeche": 618.0, "flstkennz_": "05468200800062______", "flstnrzae": "62", "flstnrnen": null, "gemarkung": "Horrem", "gemaschl": "054682", "flur": "8", "flurschl": "054682008", "land": "Nordrhein-Westfalen", "landschl": "05", "regbezirk": "Köln", "regbezschl": "053", "kreis": "Rhein-Erft-Kreis", "kreisschl": "05362", "gemeinde": "Kerpen", "gmdschl": "05362032", "abwrecht": "Kein abweichender Rechtszustand", "lagebeztxt": "Höhenweg 40", "tntxt": "Wohnbaufläche;618", "area": 621, "DN": null, "rg area": 121.0, "bldg sum": null, "open area": null, "10%drain A": null, "5%drain A+": null, "10% check": null, "T OPEN A": 427.4, "T DRAIN A": 193.6, "5% drain": 9.7, "area ok": 1, "5% ok": 1, "layer": "RG final", "path": "C:/Users/kanis/Desktop/Thesis/Data/Analysis/Horrem/RG/RG final.shp", "area final": 121.0 }, "geometry": { "type": "MultiPolygon", "coordinates": [ [ [ [ 6.714339128864413, 50.912987448202344 ], [ 6.714339569198059, 50.912978462729434 ], [ 6.714353782463403, 50.912978741102684 ], [ 6.714355543784802, 50.912942799210519 ], [ 6.714369757039441, 50.91294307758168 ], [ 6.714371078019925, 50.912916121162112 ], [ 6.714314225035508, 50.912915007668161 ], [ 6.714313784697977, 50.912923993141007 ], [ 6.714327997946474, 50.912924271517191 ], [ 6.714326236605022, 50.912960213408766 ], [ 6.714297810086394, 50.912959656653982 ], [ 6.714298690768501, 50.912941685708574 ], [ 6.714284477514989, 50.912941407328773 ], [ 6.714284917858437, 50.912932421856134 ], [ 6.714270704607884, 50.912932143474684 ], [ 6.714271144953838, 50.91292315800213 ], [ 6.714256931706243, 50.912922879619039 ], [ 6.71425781240294, 50.912904908674022 ], [ 6.714243599161035, 50.912904630289397 ], [ 6.714244039511778, 50.912895644816949 ], [ 6.714158760081483, 50.912893974473334 ], [ 6.714159200448393, 50.912884989001412 ], [ 6.714130773978899, 50.91288443220656 ], [ 6.714129893233923, 50.912902403150035 ], [ 6.714115679994049, 50.912902124749841 ], [ 6.714114799242705, 50.912920095693075 ], [ 6.714100585997593, 50.912919817290962 ], [ 6.71410014561885, 50.912928802762465 ], [ 6.714085932371232, 50.912928524358534 ], [ 6.714085051607604, 50.912946495301313 ], [ 6.714070838354746, 50.912946216895484 ], [ 6.714070397969861, 50.912955202366774 ], [ 6.714113037737309, 50.912956037579349 ], [ 6.714113478113998, 50.912947052107796 ], [ 6.714127691367533, 50.912947330508445 ], [ 6.714128131741262, 50.912938345036792 ], [ 6.714142344992291, 50.912938623435622 ], [ 6.714141023878622, 50.912965579850777 ], [ 6.714226303438717, 50.912967250209014 ], [ 6.714225863083437, 50.912976235681242 ], [ 6.714311142668049, 50.912977905977762 ], [ 6.714310702328939, 50.912986891450487 ], [ 6.714339128864413, 50.912987448202344 ] ], [ [ 6.714284037171316, 50.912950392801399 ], [ 6.714269823915299, 50.912950114419765 ], [ 6.714270264261704, 50.912941128947239 ], [ 6.714284477514989, 50.912941407328773 ], [ 6.714284037171316, 50.912950392801399 ] ], [ [ 6.714269383568667, 50.912959099892298 ], [ 6.714255170310143, 50.912958821508852 ], [ 6.714255610659507, 50.912949836036418 ], [ 6.714269823915299, 50.912950114419765 ], [ 6.714269383568667, 50.912959099892298 ] ], [ [ 6.714185425109305, 50.9129304731497 ], [ 6.714199638358504, 50.912930751541516 ], [ 6.714199197998662, 50.91293973701363 ], [ 6.714184984746731, 50.912939458621722 ], [ 6.714185425109305, 50.9129304731497 ] ] ] ] } },
{ "type": "Feature", "properties": { "gml_id": "DENW41AL30005bxEFL", "identifier": "urn:adv:oid:DENW41AL30005bxEFL", "aktualit_2": "2024-08-20Z", "idflurst": "DENW41AL30005bxE", "flaeche": 505.0, "flstkennz_": "05468200800397______", "flstnrzae": "397", "flstnrnen": null, "gemarkung": "Horrem", "gemaschl": "054682", "flur": "8", "flurschl": "054682008", "land": "Nordrhein-Westfalen", "landschl": "05", "regbezirk": "Köln", "regbezschl": "053", "kreis": "Rhein-Erft-Kreis", "kreisschl": "05362", "gemeinde": "Kerpen", "gmdschl": "05362032", "abwrecht": "Kein abweichender Rechtszustand", "lagebeztxt": "Höhenweg 44", "tntxt": "Wohnbaufläche;505", "area": 504, "DN": null, "rg area": 112.0, "bldg sum": null, "open area": null, "10%drain A": null, "5%drain A+": null, "10% check": null, "T OPEN A": 185.3, "T DRAIN A": 318.7, "5% drain": 15.9, "area ok": 1, "5% ok": 1, "layer": "RG final", "path": "C:/Users/kanis/Desktop/Thesis/Data/Analysis/Horrem/RG/RG final.shp", "area final": 112.0 }, "geometry": { "type": "MultiPolygon", "coordinates": [ [ [ [ 6.714151592731093, 50.912749928525287 ], [ 6.714152033097125, 50.912740943053187 ], [ 6.714166246288268, 50.912741221448336 ], [ 6.714165805924969, 50.912750206920528 ], [ 6.714208445507946, 50.912751042095863 ], [ 6.714209766572576, 50.912724085678434 ], [ 6.714223979759158, 50.912724364066484 ], [ 6.714224420110851, 50.912715378593894 ], [ 6.714167567376812, 50.912714265031667 ], [ 6.71416844810138, 50.912696294087119 ], [ 6.714140021746644, 50.912695737295984 ], [ 6.714140462114054, 50.91268675182387 ], [ 6.714069396244826, 50.912685359816223 ], [ 6.714069836625672, 50.912676374344535 ], [ 6.713998770775748, 50.912674982294085 ], [ 6.71399833038124, 50.912683967765339 ], [ 6.713984117209199, 50.912683689349983 ], [ 6.713984557606439, 50.912674703878814 ], [ 6.713927704931464, 50.912673590200434 ], [ 6.713928145339409, 50.912664604729613 ], [ 6.713913932173962, 50.912664326305787 ], [ 6.71391128970652, 50.912718239129916 ], [ 6.713982355617982, 50.912719631234438 ], [ 6.713981915219613, 50.912728616705515 ], [ 6.714067194337209, 50.912730287174412 ], [ 6.71406675395501, 50.912739272646 ], [ 6.714137819906209, 50.912740664656312 ], [ 6.714137379537444, 50.912749650128326 ], [ 6.714151592731093, 50.912749928525287 ] ], [ [ 6.713983236414042, 50.912701660292242 ], [ 6.713969023236762, 50.912701381874975 ], [ 6.713969463637187, 50.912692396403934 ], [ 6.713997889986506, 50.912692953236565 ], [ 6.713997009196362, 50.912710924178974 ], [ 6.713982796016126, 50.912710645763354 ], [ 6.713983236414042, 50.912701660292242 ] ] ] ] } },
{ "type": "Feature", "properties": { "gml_id": "DENW41AL30005cakFL", "identifier": "urn:adv:oid:DENW41AL30005cakFL", "aktualit_2": "2024-08-20Z", "idflurst": "DENW41AL30005cak", "flaeche": 873.0, "flstkennz_": "05468200800415______", "flstnrzae": "415", "flstnrnen": null, "gemarkung": "Horrem", "gemaschl": "054682", "flur": "8", "flurschl": "054682008", "land": "Nordrhein-Westfalen", "landschl": "05", "regbezirk": "Köln", "regbezschl": "053", "kreis": "Rhein-Erft-Kreis", "kreisschl": "05362", "gemeinde": "Kerpen", "gmdschl": "05362032", "abwrecht": "Kein abweichender Rechtszustand", "lagebeztxt": "Höhenweg 38", "tntxt": "Wohnbaufläche;873", "area": 887, "DN": null, "rg area": 468.1, "bldg sum": null, "open area": null, "10%drain A": null, "5%drain A+": null, "10% check": null, "T OPEN A": 657.1, "T DRAIN A": 229.9, "5% drain": 11.5, "area ok": 1, "5% ok": 1, "layer": "RG final", "path": "C:/Users/kanis/Desktop/Thesis/Data/Analysis/Horrem/RG/RG final.shp", "area final": 468.1 }, "geometry": { "type": "MultiPolygon", "coordinates": [ [ [ [ 6.714319631542416, 50.913094995499854 ], [ 6.714320512220364, 50.913077024554596 ], [ 6.714334725515538, 50.913077302930546 ], [ 6.714336486857796, 50.913041361039468 ], [ 6.714350700142266, 50.913041639413329 ], [ 6.714352021138393, 50.913014682994572 ], [ 6.714309381310251, 50.913013847868598 ], [ 6.71430982165004, 50.913004862395915 ], [ 6.714224542016244, 50.913003192097797 ], [ 6.714224982372201, 50.912994206625633 ], [ 6.714125489495502, 50.912992257866428 ], [ 6.71412592987036, 50.912983272394861 ], [ 6.714026437023845, 50.912981323551563 ], [ 6.714026877417603, 50.912972338080607 ], [ 6.713927384601274, 50.912970389153223 ], [ 6.713927825013934, 50.912961403682857 ], [ 6.713814118973533, 50.912959176234217 ], [ 6.713814559407825, 50.912950190764555 ], [ 6.713700853403727, 50.91294796320598 ], [ 6.713701293859653, 50.912938977736999 ], [ 6.71364444087395, 50.912937863916575 ], [ 6.713644000407095, 50.912946849385193 ], [ 6.713629787158502, 50.912946570925676 ], [ 6.713629346688688, 50.912955556394181 ], [ 6.713615133437587, 50.912955277932852 ], [ 6.713614692964816, 50.912964263401257 ], [ 6.713628906218648, 50.912964541862678 ], [ 6.713628465748383, 50.912973527331154 ], [ 6.713642679005173, 50.912973805790941 ], [ 6.713640917132785, 50.91300974766505 ], [ 6.713655130400731, 50.913010026123459 ], [ 6.713654689934803, 50.913019011592034 ], [ 6.713640476664124, 50.913018733133534 ], [ 6.713640036195237, 50.913027718601995 ], [ 6.713696889290234, 50.913028832425972 ], [ 6.713697329748191, 50.913019846957155 ], [ 6.71372575629158, 50.913020403858589 ], [ 6.713725315839087, 50.913029389327598 ], [ 6.713711102564548, 50.913029110877652 ], [ 6.713710662109097, 50.91303809634654 ], [ 6.713824368333591, 50.913040323898386 ], [ 6.713824808767183, 50.913031338428794 ], [ 6.713839022043527, 50.913031616864899 ], [ 6.713838141181583, 50.913049587804267 ], [ 6.713923420877181, 50.913051258385678 ], [ 6.713922980462265, 50.913060243855874 ], [ 6.714036686757563, 50.913062471201641 ], [ 6.714036246364279, 50.913071456672526 ], [ 6.714135739403641, 50.91307340550992 ], [ 6.714135299029258, 50.913082390981408 ], [ 6.714249005395357, 50.913084618121118 ], [ 6.714248565042609, 50.913093603593303 ], [ 6.714319631542416, 50.913094995499854 ] ], [ [ 6.714308940970239, 50.913022833341259 ], [ 6.714323154248792, 50.91302311171841 ], [ 6.714322273573551, 50.913041082663867 ], [ 6.714308060289533, 50.913040804286545 ], [ 6.714308500629998, 50.913031818813913 ], [ 6.714294287348938, 50.91303154043495 ], [ 6.714295168034655, 50.913013569489813 ], [ 6.714309381310251, 50.913013847868598 ], [ 6.714308940970239, 50.913022833341259 ] ], [ [ 6.714221899875765, 50.913057104930459 ], [ 6.714236113163894, 50.913057383318332 ], [ 6.714235672809091, 50.913066368790467 ], [ 6.714221459518229, 50.913066090402509 ], [ 6.714221899875765, 50.913057104930459 ] ], [ [ 6.714193473300184, 50.91305654814952 ], [ 6.714193913662959, 50.913047562677626 ], [ 6.714222340233075, 50.913048119458395 ], [ 6.714221899875765, 50.913057104930459 ], [ 6.714193473300184, 50.91305654814952 ] ], [ [ 6.71426453974083, 50.913057940088883 ], [ 6.714278753029636, 50.913058218471583 ], [ 6.71427831268303, 50.913067203943974 ], [ 6.714264099391491, 50.91306692556121 ], [ 6.71426453974083, 50.913057940088883 ] ], [ [ 6.714279633722173, 50.913040247526723 ], [ 6.71429384700574, 50.913040525907505 ], [ 6.714292966318668, 50.913058496852543 ], [ 6.714278753029636, 50.913058218471583 ], [ 6.714279633722173, 50.913040247526723 ] ], [ [ 6.713755504175601, 50.912994004345485 ], [ 6.7137839307044, 50.912994561232566 ], [ 6.713783490263515, 50.913003546701965 ], [ 6.71375506372925, 50.913002989814707 ], [ 6.713755504175601, 50.912994004345485 ] ], [ [ 6.713884304405152, 50.912978539342753 ], [ 6.713898517666006, 50.91297881777141 ], [ 6.713897636828628, 50.912996788711695 ], [ 6.71388342356231, 50.912996510282866 ], [ 6.713884304405152, 50.912978539342753 ] ] ] ] } },
{ "type": "Feature", "properties": { "gml_id": "DENW41AL30005fNmFL", "identifier": "urn:adv:oid:DENW41AL30005fNmFL", "aktualit_2": "2024-08-20Z", "idflurst": "DENW41AL30005fNm", "flaeche": 882.0, "flstkennz_": "05468200800414______", "flstnrzae": "414", "flstnrnen": null, "gemarkung": "Horrem", "gemaschl": "054682", "flur": "8", "flurschl": "054682008", "land": "Nordrhein-Westfalen", "landschl": "05", "regbezirk": "Köln", "regbezschl": "053", "kreis": "Rhein-Erft-Kreis", "kreisschl": "05362", "gemeinde": "Kerpen", "gmdschl": "05362032", "abwrecht": "Kein abweichender Rechtszustand", "lagebeztxt": "Höhenweg 36", "tntxt": "Wohnbaufläche;882", "area": 878, "DN": null, "rg area": 373.1, "bldg sum": null, "open area": null, "10%drain A": null, "5%drain A+": null, "10% check": null, "T OPEN A": 541.0, "T DRAIN A": 337.0, "5% drain": 16.9, "area ok": 1, "5% ok": 1, "layer": "RG final", "path": "C:/Users/kanis/Desktop/Thesis/Data/Analysis/Horrem/RG/RG final.shp", "area final": 373.1 }, "geometry": { "type": "MultiPolygon", "coordinates": [ [ [ [ 6.714186427465082, 50.913200315697523 ], [ 6.714187308197628, 50.913182344754262 ], [ 6.714201521523561, 50.913182623146824 ], [ 6.71420240224974, 50.913164652203314 ], [ 6.714216615570432, 50.913164930593979 ], [ 6.714217055930451, 50.913155945122121 ], [ 6.714302335842951, 50.913157615429284 ], [ 6.71430365687247, 50.913130659011983 ], [ 6.714317870183813, 50.913130937390179 ], [ 6.714318310523803, 50.913121951917624 ], [ 6.714233030675526, 50.913120281622959 ], [ 6.714233471031685, 50.91311129615093 ], [ 6.714219257727161, 50.91311101776251 ], [ 6.714218377009154, 50.913128988706418 ], [ 6.714232590319143, 50.913129267095002 ], [ 6.714232149962533, 50.913138252567009 ], [ 6.714217936649812, 50.913137974178341 ], [ 6.714217496290245, 50.913146959650241 ], [ 6.714203282975016, 50.913146681259747 ], [ 6.714202842612491, 50.913155666731541 ], [ 6.714188629294757, 50.913155388339241 ], [ 6.71419083111879, 50.913110460980512 ], [ 6.714133977904758, 50.913109347395775 ], [ 6.714134418279817, 50.913100361924336 ], [ 6.714020711884444, 50.913098134672545 ], [ 6.714021152281137, 50.913089149201809 ], [ 6.713921659216162, 50.913087200266339 ], [ 6.713922099631755, 50.913078214796201 ], [ 6.713808393307184, 50.913075987338352 ], [ 6.713808833744412, 50.913067001868903 ], [ 6.713709340741389, 50.913065052753126 ], [ 6.713709781197518, 50.91305606728428 ], [ 6.713596074943752, 50.913053839620368 ], [ 6.713595634465764, 50.91306282508851 ], [ 6.713581421182327, 50.913062546622641 ], [ 6.713579218775343, 50.913107473962633 ], [ 6.713565005478469, 50.91310719549459 ], [ 6.713563684023373, 50.913134151898127 ], [ 6.71362053724501, 50.913135265760943 ], [ 6.713620096770455, 50.913144251229106 ], [ 6.713733803246424, 50.913146478872449 ], [ 6.713733362793504, 50.913155464341301 ], [ 6.713847069305778, 50.913157691874694 ], [ 6.71384662887449, 50.913166677344236 ], [ 6.713903482146975, 50.913167791069796 ], [ 6.713905684246505, 50.913122863720119 ], [ 6.713962537467953, 50.913123977416234 ], [ 6.713962097059428, 50.913132962886564 ], [ 6.714033163604977, 50.913134354968257 ], [ 6.71403360399984, 50.913125369497493 ], [ 6.714047817306895, 50.913125647908544 ], [ 6.714047376914764, 50.913134633379393 ], [ 6.714075803535016, 50.913135190196513 ], [ 6.714075363148124, 50.913144175667519 ], [ 6.71408957646132, 50.913144454073574 ], [ 6.714088255307488, 50.91317141048679 ], [ 6.714059828664927, 50.913170853672426 ], [ 6.714058947883649, 50.913188824614139 ], [ 6.714172654503029, 50.913191051831511 ], [ 6.714172214133911, 50.913200037303042 ], [ 6.714186427465082, 50.913200315697523 ] ], [ [ 6.714187748563563, 50.913173359282595 ], [ 6.71417353524059, 50.913173080888384 ], [ 6.714174415977248, 50.913155109945201 ], [ 6.714188629294757, 50.913155388339241 ], [ 6.714187748563563, 50.913173359282595 ] ], [ [ 6.71382084485673, 50.913112207654613 ], [ 6.71387769806183, 50.913113321391876 ], [ 6.713877257637137, 50.91312230686168 ], [ 6.713820404421107, 50.913121193124084 ], [ 6.71382084485673, 50.913112207654613 ] ], [ [ 6.713765753439195, 50.913075152013128 ], [ 6.713779966728299, 50.913075430456601 ], [ 6.713779526285381, 50.913084415925852 ], [ 6.713793739577444, 50.913084694367683 ], [ 6.713793299137033, 50.913093679837004 ], [ 6.713764872547669, 50.913093122951445 ], [ 6.713765753439195, 50.913075152013128 ] ] ] ] } },
{ "type": "Feature", "properties": { "gml_id": "DENW41AL30005bT8FL", "identifier": "urn:adv:oid:DENW41AL30005bT8FL", "aktualit_2": "2024-08-20Z", "idflurst": "DENW41AL30005bT8", "flaeche": 488.0, "flstkennz_": "05468202000218______", "flstnrzae": "218", "flstnrnen": null, "gemarkung": "Horrem", "gemaschl": "054682", "flur": "20", "flurschl": "054682020", "land": "Nordrhein-Westfalen", "landschl": "05", "regbezirk": "Köln", "regbezschl": "053", "kreis": "Rhein-Erft-Kreis", "kreisschl": "05362", "gemeinde": "Kerpen", "gmdschl": "05362032", "abwrecht": "Kein abweichender Rechtszustand", "lagebeztxt": "Hebbelstraße 6", "tntxt": "Wohnbaufläche;488", "area": 487, "DN": null, "rg area": 138.0, "bldg sum": null, "open area": null, "10%drain A": null, "5%drain A+": null, "10% check": null, "T OPEN A": 207.6, "T DRAIN A": 279.4, "5% drain": 14.0, "area ok": 1, "5% ok": 1, "layer": "RG final", "path": "C:/Users/kanis/Desktop/Thesis/Data/Analysis/Horrem/RG/RG final.shp", "area final": 138.0 }, "geometry": { "type": "MultiPolygon", "coordinates": [ [ [ [ 6.707617590474489, 50.90964471301973 ], [ 6.70761891519973, 50.909617756711974 ], [ 6.707604703024805, 50.909617477532052 ], [ 6.707608677212896, 50.909536608608676 ], [ 6.707551828613807, 50.909535491874927 ], [ 6.707552270200057, 50.909526506439271 ], [ 6.707466997324604, 50.909524831287307 ], [ 6.707465672516002, 50.909551787592633 ], [ 6.70745146036269, 50.909551508394323 ], [ 6.707447927507941, 50.909623391873744 ], [ 6.707433715333, 50.909623112672996 ], [ 6.707433273722406, 50.909632098107757 ], [ 6.707475910256103, 50.909632935705083 ], [ 6.707475468653477, 50.909641921140107 ], [ 6.707617590474489, 50.90964471301973 ] ] ] ] } },
{ "type": "Feature", "properties": { "gml_id": "DENW41AL30005barFL", "identifier": "urn:adv:oid:DENW41AL30005barFL", "aktualit_2": "2024-08-20Z", "idflurst": "DENW41AL30005bar", "flaeche": 734.0, "flstkennz_": "05468202000221______", "flstnrzae": "221", "flstnrnen": null, "gemarkung": "Horrem", "gemaschl": "054682", "flur": "20", "flurschl": "054682020", "land": "Nordrhein-Westfalen", "landschl": "05", "regbezirk": "Köln", "regbezschl": "053", "kreis": "Rhein-Erft-Kreis", "kreisschl": "05362", "gemeinde": "Kerpen", "gmdschl": "05362032", "abwrecht": "Kein abweichender Rechtszustand", "lagebeztxt": "Heinrich-Heine-Straße 2", "tntxt": "Wohnbaufläche;734", "area": 733, "DN": null, "rg area": 90.0, "bldg sum": null, "open area": null, "10%drain A": null, "5%drain A+": null, "10% check": null, "T OPEN A": 358.7, "T DRAIN A": 374.3, "5% drain": 18.7, "area ok": 1, "5% ok": 1, "layer": "RG final", "path": "C:/Users/kanis/Desktop/Thesis/Data/Analysis/Horrem/RG/RG final.shp", "area final": 90.0 }, "geometry": { "type": "MultiPolygon", "coordinates": [ [ [ [ 6.707390637190749, 50.909631260494855 ], [ 6.707391078809537, 50.909622275060372 ], [ 6.707405290983799, 50.909622554266306 ], [ 6.707408823904111, 50.909550670789017 ], [ 6.707423036056744, 50.909550949992521 ], [ 6.707425685721083, 50.909497037383311 ], [ 6.707383049313034, 50.909496199769237 ], [ 6.707383490931161, 50.909487214334582 ], [ 6.707369278798327, 50.90948693512653 ], [ 6.707371486899224, 50.909442007953416 ], [ 6.707328850543063, 50.9094411703202 ], [ 6.707327525658617, 50.90946812662331 ], [ 6.707341737785307, 50.909468405836371 ], [ 6.707335996631357, 50.909585216482604 ], [ 6.707350208793785, 50.909585495695097 ], [ 6.707348000661126, 50.909630422866414 ], [ 6.707390637190749, 50.909631260494855 ] ], [ [ 6.707342621036366, 50.909450434967482 ], [ 6.707356833157818, 50.909450714178639 ], [ 6.707356391535134, 50.909459699613194 ], [ 6.70734217941095, 50.909459420401937 ], [ 6.707342621036366, 50.909450434967482 ] ] ] ] } },
{ "type": "Feature", "properties": { "gml_id": "DENW41AL30005blLFL", "identifier": "urn:adv:oid:DENW41AL30005blLFL", "aktualit_2": "2024-08-20Z", "idflurst": "DENW41AL30005blL", "flaeche": 480.0, "flstkennz_": "05468202000219______", "flstnrzae": "219", "flstnrnen": null, "gemarkung": "Horrem", "gemaschl": "054682", "flur": "20", "flurschl": "054682020", "land": "Nordrhein-Westfalen", "landschl": "05", "regbezirk": "Köln", "regbezschl": "053", "kreis": "Rhein-Erft-Kreis", "kreisschl": "05362", "gemeinde": "Kerpen", "gmdschl": "05362032", "abwrecht": "Kein abweichender Rechtszustand", "lagebeztxt": "Hebbelstraße 8", "tntxt": "Wohnbaufläche;480", "area": 479, "DN": null, "rg area": 78.0, "bldg sum": null, "open area": null, "10%drain A": null, "5%drain A+": null, "10% check": null, "T OPEN A": 263.8, "T DRAIN A": 215.2, "5% drain": 10.8, "area ok": 1, "5% ok": 1, "layer": "RG final", "path": "C:/Users/kanis/Desktop/Thesis/Data/Analysis/Horrem/RG/RG final.shp", "area final": 78.0 }, "geometry": { "type": "MultiPolygon", "coordinates": [ [ [ [ 6.707638426222696, 50.909510210656563 ], [ 6.70763975092956, 50.909483254347776 ], [ 6.70765396306396, 50.909483533522909 ], [ 6.707654404629729, 50.909474548086529 ], [ 6.707625980366619, 50.909473989734721 ], [ 6.707625538795386, 50.909482975170917 ], [ 6.707597114527719, 50.909482416812033 ], [ 6.707597556104415, 50.909473431376014 ], [ 6.707583343973652, 50.909473152194067 ], [ 6.707586876600937, 50.909401268705977 ], [ 6.707530028167564, 50.909400151963737 ], [ 6.707530469755883, 50.909391166527996 ], [ 6.707516257650838, 50.909390887338198 ], [ 6.707514049693321, 50.909435814516236 ], [ 6.707499837574842, 50.90943553532427 ], [ 6.707497188001962, 50.909489447936835 ], [ 6.70748297586732, 50.90948916874261 ], [ 6.707482534268316, 50.909498154177882 ], [ 6.70755359495745, 50.909499550132182 ], [ 6.707553153371879, 50.909508535567909 ], [ 6.707638426222696, 50.909510210656563 ] ], [ [ 6.707513166508728, 50.909453785387342 ], [ 6.707555802881911, 50.909454622953412 ], [ 6.707555361297471, 50.909463608389196 ], [ 6.707512724916094, 50.909462770822863 ], [ 6.707513166508728, 50.909453785387342 ] ] ] ] } },
{ "type": "Feature", "properties": { "gml_id": "DENW41AL30005ebsFL", "identifier": "urn:adv:oid:DENW41AL30005ebsFL", "aktualit_2": "2024-08-20Z", "idflurst": "DENW41AL30005ebs", "flaeche": 583.0, "flstkennz_": "05468202000220______", "flstnrzae": "220", "flstnrnen": null, "gemarkung": "Horrem", "gemaschl": "054682", "flur": "20", "flurschl": "054682020", "land": "Nordrhein-Westfalen", "landschl": "05", "regbezirk": "Köln", "regbezschl": "053", "kreis": "Rhein-Erft-Kreis", "kreisschl": "05362", "gemeinde": "Kerpen", "gmdschl": "05362032", "abwrecht": "Kein abweichender Rechtszustand", "lagebeztxt": "Hebbelstraße 10", "tntxt": "Wohnbaufläche;583", "area": 580, "DN": null, "rg area": 77.0, "bldg sum": null, "open area": null, "10%drain A": null, "5%drain A+": null, "10% check": null, "T OPEN A": 303.6, "T DRAIN A": 276.4, "5% drain": 13.8, "area ok": 1, "5% ok": 1, "layer": "RG final", "path": "C:/Users/kanis/Desktop/Thesis/Data/Analysis/Horrem/RG/RG final.shp", "area final": 77.0 }, "geometry": { "type": "MultiPolygon", "coordinates": [ [ [ [ 6.707573989231947, 50.909374033214966 ], [ 6.707574872390611, 50.909356062342852 ], [ 6.707589084485634, 50.909356341525381 ], [ 6.707589967637929, 50.909338370653025 ], [ 6.707618391817729, 50.90933892901252 ], [ 6.707618833388073, 50.909329943576154 ], [ 6.707604621300792, 50.909329664397355 ], [ 6.707607712305991, 50.909266766342846 ], [ 6.707621924374149, 50.90926704552102 ], [ 6.707622807510992, 50.909249074647981 ], [ 6.70755174719978, 50.909247678740691 ], [ 6.707551305617812, 50.909256664176766 ], [ 6.707537093553519, 50.909256384990037 ], [ 6.707535768798064, 50.909283341297929 ], [ 6.7075215567258, 50.909283062109203 ], [ 6.707519348781859, 50.909327989288251 ], [ 6.707505136696163, 50.909327710097337 ], [ 6.707503370326011, 50.909363651839911 ], [ 6.707517582422634, 50.909363931031173 ], [ 6.7075184656027, 50.90934596015974 ], [ 6.707532677694086, 50.909346239349098 ], [ 6.707531352931843, 50.909373195656492 ], [ 6.707573989231947, 50.909374033214966 ] ] ] ] } },
{ "type": "Feature", "properties": { "gml_id": "DENW41AL30005blLFL", "identifier": "urn:adv:oid:DENW41AL30005blLFL", "aktualit_2": "2024-08-20Z", "idflurst": "DENW41AL30005blL", "flaeche": 480.0, "flstkennz_": "05468202000219______", "flstnrzae": "219", "flstnrnen": null, "gemarkung": "Horrem", "gemaschl": "054682", "flur": "20", "flurschl": "054682020", "land": "Nordrhein-Westfalen", "landschl": "05", "regbezirk": "Köln", "regbezschl": "053", "kreis": "Rhein-Erft-Kreis", "kreisschl": "05362", "gemeinde": "Kerpen", "gmdschl": "05362032", "abwrecht": "Kein abweichender Rechtszustand", "lagebeztxt": "Hebbelstraße 8", "tntxt": "Wohnbaufläche;480", "area": 479, "DN": null, "rg area": 11.0, "bldg sum": null, "open area": null, "10%drain A": null, "5%drain A+": null, "10% check": null, "T OPEN A": 263.8, "T DRAIN A": 215.2, "5% drain": 10.8, "area ok": 1, "5% ok": 1, "layer": "RG final", "path": "C:/Users/kanis/Desktop/Thesis/Data/Analysis/Horrem/RG/RG final.shp", "area final": 11.0 }, "geometry": { "type": "MultiPolygon", "coordinates": [ [ [ [ 6.707895127863819, 50.909497264673398 ], [ 6.707896893940684, 50.909461322921807 ], [ 6.707911106070961, 50.909461602065548 ], [ 6.70791243061804, 50.909434645751404 ], [ 6.707898218495957, 50.909434366607925 ], [ 6.707898660013929, 50.909425381169939 ], [ 6.707884447894806, 50.909425102024827 ], [ 6.70788091572284, 50.909496985527575 ], [ 6.707895127863819, 50.909497264673398 ] ] ] ] } },
{ "type": "Feature", "properties": { "gml_id": "DENW41AL30005UvvFL", "identifier": "urn:adv:oid:DENW41AL30005UvvFL", "aktualit_2": "2024-08-20Z", "idflurst": "DENW41AL30005Uvv", "flaeche": 797.0, "flstkennz_": "05468200800059______", "flstnrzae": "59", "flstnrnen": null, "gemarkung": "Horrem", "gemaschl": "054682", "flur": "8", "flurschl": "054682008", "land": "Nordrhein-Westfalen", "landschl": "05", "regbezirk": "Köln", "regbezschl": "053", "kreis": "Rhein-Erft-Kreis", "kreisschl": "05362", "gemeinde": "Kerpen", "gmdschl": "05362032", "abwrecht": "Kein abweichender Rechtszustand", "lagebeztxt": "Höhenweg 34", "tntxt": "Wohnbaufläche;797", "area": 798, "DN": null, "rg area": 93.0, "bldg sum": null, "open area": null, "10%drain A": null, "5%drain A+": null, "10% check": null, "T OPEN A": 521.0, "T DRAIN A": 277.0, "5% drain": 13.9, "area ok": 1, "5% ok": 1, "layer": "RG final", "path": "C:/Users/kanis/Desktop/Thesis/Data/Analysis/Horrem/RG/RG final.shp", "area final": 93.0 }, "geometry": { "type": "MultiPolygon", "coordinates": [ [ [ [ 6.714098064795657, 50.913261543601891 ], [ 6.714098945564152, 50.91324357265993 ], [ 6.714113158907856, 50.913243851063498 ], [ 6.714112278144825, 50.913261822005637 ], [ 6.714140704843841, 50.913262378807943 ], [ 6.714141145220005, 50.913253393336696 ], [ 6.714126931873117, 50.913253114936502 ], [ 6.714127812630232, 50.913235143994136 ], [ 6.714142025971654, 50.913235422394166 ], [ 6.714141585595943, 50.913244407865442 ], [ 6.714184225629764, 50.913245243055393 ], [ 6.714184665997279, 50.913236257583854 ], [ 6.714198879339605, 50.913236535976957 ], [ 6.714199319704163, 50.913227550505319 ], [ 6.714156679686057, 50.91322671532108 ], [ 6.714157120058586, 50.913217729849684 ], [ 6.714057626710037, 50.913215781026558 ], [ 6.714058067101464, 50.913206795555773 ], [ 6.713958573783102, 50.913204846648547 ], [ 6.713958133372546, 50.913213832118721 ], [ 6.713943920039521, 50.913213553696401 ], [ 6.713944800865873, 50.913195582756209 ], [ 6.713916374211431, 50.913195025906738 ], [ 6.713915493374149, 50.913212996846575 ], [ 6.713887066709681, 50.91321243998982 ], [ 6.713886185860567, 50.913230410929238 ], [ 6.713900399198152, 50.913230689358642 ], [ 6.713899518353601, 50.913248660298166 ], [ 6.714027438451219, 50.913251166086695 ], [ 6.714026998053195, 50.913260151557225 ], [ 6.714098064795657, 50.913261543601891 ] ] ] ] } },
{ "type": "Feature", "properties": { "gml_id": "DENW41AL30005Tu9FL", "identifier": "urn:adv:oid:DENW41AL30005Tu9FL", "aktualit_2": "2024-08-20Z", "idflurst": "DENW41AL30005Tu9", "flaeche": 1326.0, "flstkennz_": "05468201900385______", "flstnrzae": "385", "flstnrnen": null, "gemarkung": "Horrem", "gemaschl": "054682", "flur": "19", "flurschl": "054682019", "land": "Nordrhein-Westfalen", "landschl": "05", "regbezirk": "Köln", "regbezschl": "053", "kreis": "Rhein-Erft-Kreis", "kreisschl": "05362", "gemeinde": "Kerpen", "gmdschl": "05362032", "abwrecht": "Kein abweichender Rechtszustand", "lagebeztxt": "Hebbelstraße 7, 9, 11", "tntxt": "Wohnbaufläche;1326", "area": 1325, "DN": null, "rg area": 229.0, "bldg sum": null, "open area": null, "10%drain A": null, "5%drain A+": null, "10% check": null, "T OPEN A": 520.4, "T DRAIN A": 804.6, "5% drain": 40.2, "area ok": 1, "5% ok": 1, "layer": "RG final", "path": "C:/Users/kanis/Desktop/Thesis/Data/Analysis/Horrem/RG/RG final.shp", "area final": 229.0 }, "geometry": { "type": "MultiPolygon", "coordinates": [ [ [ [ 6.708366249333043, 50.909173735109277 ], [ 6.708367132180355, 50.90915576422659 ], [ 6.708381344222259, 50.909156043311896 ], [ 6.708382227063203, 50.909138072428959 ], [ 6.708396439099869, 50.909138351512361 ], [ 6.708400853263695, 50.909048497095824 ], [ 6.708415065273272, 50.909048776176618 ], [ 6.708417272333044, 50.909003848967259 ], [ 6.708431484329187, 50.909004128045865 ], [ 6.708435898404448, 50.908914273625051 ], [ 6.708450110373502, 50.908914552701042 ], [ 6.708454524398826, 50.908824698277662 ], [ 6.708468736340789, 50.908824977351038 ], [ 6.70847006053578, 50.908798021023436 ], [ 6.708484272469774, 50.908798300094816 ], [ 6.70848515525984, 50.908780329209485 ], [ 6.708499367188597, 50.90878060827896 ], [ 6.708500249972295, 50.90876263739338 ], [ 6.708471826125935, 50.908762079253059 ], [ 6.708472267522908, 50.908753093810425 ], [ 6.708443843682915, 50.908752535663368 ], [ 6.708444285085127, 50.90874355022089 ], [ 6.708415861251503, 50.90874299206709 ], [ 6.70841630265895, 50.908734006624769 ], [ 6.708402090745209, 50.908733727545375 ], [ 6.70840164933503, 50.908742712987596 ], [ 6.708387437418783, 50.908742433906376 ], [ 6.708386996005647, 50.908751419348505 ], [ 6.708372784086895, 50.908751140265466 ], [ 6.708371901254478, 50.908769111149468 ], [ 6.708386113178694, 50.908769390232685 ], [ 6.708385230350836, 50.908787361116815 ], [ 6.708399442280741, 50.908787640198476 ], [ 6.708399000869204, 50.908796625640605 ], [ 6.708384788936567, 50.908796346558844 ], [ 6.708384347522072, 50.908805332000867 ], [ 6.708398559457441, 50.908805611082705 ], [ 6.708395910982115, 50.908859523735003 ], [ 6.708381699030356, 50.908859244652625 ], [ 6.708380816197975, 50.908877215536414 ], [ 6.708366604240979, 50.908876936452138 ], [ 6.708364838562574, 50.908912878219155 ], [ 6.708350626594878, 50.90891259913279 ], [ 6.708348860901928, 50.908948540899182 ], [ 6.708363072880551, 50.908948819985902 ], [ 6.708361748616657, 50.90897577631079 ], [ 6.708347536629839, 50.908975497223814 ], [ 6.708347095205357, 50.908984482665318 ], [ 6.708361307194907, 50.908984761752386 ], [ 6.708360424350728, 50.909002732635535 ], [ 6.708346212355715, 50.909002453548283 ], [ 6.708345770930555, 50.909011438989737 ], [ 6.708359982928299, 50.909011718077075 ], [ 6.708356451540726, 50.909083601608849 ], [ 6.708342239521127, 50.9090833225208 ], [ 6.708341356666509, 50.909101293403396 ], [ 6.708327144641672, 50.909101014313435 ], [ 6.708326261780686, 50.909118985195789 ], [ 6.708340473810984, 50.909119264285927 ], [ 6.708339149526002, 50.9091462206096 ], [ 6.708353361564723, 50.909146499698281 ], [ 6.7083520372859, 50.909173456022067 ], [ 6.708366249333043, 50.909173735109277 ] ] ] ] } },
{ "type": "Feature", "properties": { "gml_id": "DENW41AL30005h8MFL", "identifier": "urn:adv:oid:DENW41AL30005h8MFL", "aktualit_2": "2024-08-20Z", "idflurst": "DENW41AL30005h8M", "flaeche": 549.0, "flstkennz_": "05468201900384______", "flstnrzae": "384", "flstnrnen": null, "gemarkung": "Horrem", "gemaschl": "054682", "flur": "19", "flurschl": "054682019", "land": "Nordrhein-Westfalen", "landschl": "05", "regbezirk": "Köln", "regbezschl": "053", "kreis": "Rhein-Erft-Kreis", "kreisschl": "05362", "gemeinde": "Kerpen", "gmdschl": "05362032", "abwrecht": "Kein abweichender Rechtszustand", "lagebeztxt": "Merodestraße 20", "tntxt": "Wohnbaufläche;549", "area": 549, "DN": null, "rg area": 38.0, "bldg sum": null, "open area": null, "10%drain A": null, "5%drain A+": null, "10% check": null, "T OPEN A": 267.2, "T DRAIN A": 281.8, "5% drain": 14.1, "area ok": 1, "5% ok": 1, "layer": "RG final", "path": "C:/Users/kanis/Desktop/Thesis/Data/Analysis/Horrem/RG/RG final.shp", "area final": 38.0 }, "geometry": { "type": "MultiPolygon", "coordinates": [ [ [ [ 6.708529556591427, 50.908745224640789 ], [ 6.708529997977021, 50.908736239197758 ], [ 6.708544209892798, 50.908736518261613 ], [ 6.708545975421988, 50.908700576488989 ], [ 6.708503339708116, 50.90869973929334 ], [ 6.708503781098042, 50.908690753850415 ], [ 6.708489569196602, 50.908690474781828 ], [ 6.708489127803944, 50.908699460224661 ], [ 6.708474915899998, 50.908699181154255 ], [ 6.708475357295389, 50.908690195711507 ], [ 6.70844693349364, 50.908689637565701 ], [ 6.708447374894267, 50.908680652123103 ], [ 6.708404739201535, 50.908679814891684 ], [ 6.70840341497439, 50.908706771218604 ], [ 6.708431838785708, 50.908707329375147 ], [ 6.708431397381672, 50.908716314817596 ], [ 6.708459821199358, 50.908716872967403 ], [ 6.708459379800558, 50.908725858410016 ], [ 6.708487803624611, 50.908726416553087 ], [ 6.708487362231049, 50.908735401995855 ], [ 6.708515786061471, 50.908735960132184 ], [ 6.708515344673146, 50.90874494557513 ], [ 6.708529556591427, 50.908745224640789 ] ] ] ] } },
{ "type": "Feature", "properties": { "gml_id": "DENW41AL30005h8MFL", "identifier": "urn:adv:oid:DENW41AL30005h8MFL", "aktualit_2": "2024-08-20Z", "idflurst": "DENW41AL30005h8M", "flaeche": 549.0, "flstkennz_": "05468201900384______", "flstnrzae": "384", "flstnrnen": null, "gemarkung": "Horrem", "gemaschl": "054682", "flur": "19", "flurschl": "054682019", "land": "Nordrhein-Westfalen", "landschl": "05", "regbezirk": "Köln", "regbezschl": "053", "kreis": "Rhein-Erft-Kreis", "kreisschl": "05362", "gemeinde": "Kerpen", "gmdschl": "05362032", "abwrecht": "Kein abweichender Rechtszustand", "lagebeztxt": "Merodestraße 20", "tntxt": "Wohnbaufläche;549", "area": 549, "DN": null, "rg area": 61.0, "bldg sum": null, "open area": null, "10%drain A": null, "5%drain A+": null, "10% check": null, "T OPEN A": 267.2, "T DRAIN A": 281.8, "5% drain": 14.1, "area ok": 1, "5% ok": 1, "layer": "RG final", "path": "C:/Users/kanis/Desktop/Thesis/Data/Analysis/Horrem/RG/RG final.shp", "area final": 61.0 }, "geometry": { "type": "MultiPolygon", "coordinates": [ [ [ [ 6.708361662093822, 50.908687963086763 ], [ 6.70836254492763, 50.908669992202618 ], [ 6.708319909247165, 50.908669154940348 ], [ 6.708320350671925, 50.908660169498532 ], [ 6.70830613878162, 50.908659890407741 ], [ 6.708306580208886, 50.908650904965981 ], [ 6.70829236832154, 50.908650625873541 ], [ 6.708293692610172, 50.908623669548469 ], [ 6.708307904489324, 50.908623948640624 ], [ 6.708309670193407, 50.908588006873252 ], [ 6.708323882061859, 50.90858828596334 ], [ 6.708326089173216, 50.908543358753292 ], [ 6.708283453609517, 50.908542521479191 ], [ 6.708283012179503, 50.908551506920972 ], [ 6.708268800322656, 50.908551227826052 ], [ 6.708266151721433, 50.908605140475821 ], [ 6.708251939848424, 50.908604861378642 ], [ 6.708248408345604, 50.908676744910018 ], [ 6.70831946782218, 50.908678140382158 ], [ 6.708319026396968, 50.908687125823953 ], [ 6.708361662093822, 50.908687963086763 ] ], [ [ 6.708297224036574, 50.908551786014151 ], [ 6.708296782609065, 50.908560771456003 ], [ 6.708282570749262, 50.908560492362724 ], [ 6.708283012179503, 50.908551506920972 ], [ 6.708297224036574, 50.908551786014151 ] ] ] ] } },
{ "type": "Feature", "properties": { "gml_id": "DENW41AL30005WDyFL", "identifier": "urn:adv:oid:DENW41AL30005WDyFL", "aktualit_2": "2024-08-20Z", "idflurst": "DENW41AL30005WDy", "flaeche": 611.0, "flstkennz_": "05468202000051______", "flstnrzae": "51", "flstnrnen": null, "gemarkung": "Horrem", "gemaschl": "054682", "flur": "20", "flurschl": "054682020", "land": "Nordrhein-Westfalen", "landschl": "05", "regbezirk": "Köln", "regbezschl": "053", "kreis": "Rhein-Erft-Kreis", "kreisschl": "05362", "gemeinde": "Kerpen", "gmdschl": "05362032", "abwrecht": "Kein abweichender Rechtszustand", "lagebeztxt": "Hauptstraße 228", "tntxt": "Wohnbaufläche;611", "area": 610, "DN": null, "rg area": 21.0, "bldg sum": null, "open area": null, "10%drain A": null, "5%drain A+": null, "10% check": null, "T OPEN A": 236.9, "T DRAIN A": 373.1, "5% drain": 18.7, "area ok": 1, "5% ok": 1, "layer": "RG final", "path": "C:/Users/kanis/Desktop/Thesis/Data/Analysis/Horrem/RG/RG final.shp", "area final": 21.0 }, "geometry": { "type": "MultiPolygon", "coordinates": [ [ [ [ 6.711276405568241, 50.909878422000645 ], [ 6.711276846442803, 50.909869436542131 ], [ 6.711305271019274, 50.909869994008254 ], [ 6.711306593625212, 50.909843037632072 ], [ 6.711292381345059, 50.909842758900147 ], [ 6.711291940473908, 50.909851744358804 ], [ 6.711220879062872, 50.909850350672784 ], [ 6.711220438177835, 50.909859336130978 ], [ 6.711206225893574, 50.909859057388502 ], [ 6.711205785005578, 50.909868042846597 ], [ 6.711148935859867, 50.909866927859035 ], [ 6.711148494960717, 50.909875913316753 ], [ 6.711276405568241, 50.909878422000645 ] ], [ [ 6.711248421867236, 50.909868879069109 ], [ 6.711248862747035, 50.909859893610744 ], [ 6.711277287317138, 50.909860451083603 ], [ 6.711276846442803, 50.909869436542131 ], [ 6.711248421867236, 50.909868879069109 ] ] ] ] } },
{ "type": "Feature", "properties": { "gml_id": "DENW41AL30005WDyFL", "identifier": "urn:adv:oid:DENW41AL30005WDyFL", "aktualit_2": "2024-08-20Z", "idflurst": "DENW41AL30005WDy", "flaeche": 611.0, "flstkennz_": "05468202000051______", "flstnrzae": "51", "flstnrnen": null, "gemarkung": "Horrem", "gemaschl": "054682", "flur": "20", "flurschl": "054682020", "land": "Nordrhein-Westfalen", "landschl": "05", "regbezirk": "Köln", "regbezschl": "053", "kreis": "Rhein-Erft-Kreis", "kreisschl": "05362", "gemeinde": "Kerpen", "gmdschl": "05362032", "abwrecht": "Kein abweichender Rechtszustand", "lagebeztxt": "Hauptstraße 228", "tntxt": "Wohnbaufläche;611", "area": 610, "DN": null, "rg area": 127.0, "bldg sum": null, "open area": null, "10%drain A": null, "5%drain A+": null, "10% check": null, "T OPEN A": 236.9, "T DRAIN A": 373.1, "5% drain": 18.7, "area ok": 1, "5% ok": 1, "layer": "RG final", "path": "C:/Users/kanis/Desktop/Thesis/Data/Analysis/Horrem/RG/RG final.shp", "area final": 127.0 }, "geometry": { "type": "MultiPolygon", "coordinates": [ [ [ [ 6.711120070383753, 50.909875355812424 ], [ 6.711120511288365, 50.909866370354884 ], [ 6.711148935859867, 50.909866927859035 ], [ 6.711149376758788, 50.909857942401302 ], [ 6.711135164475656, 50.909857663650179 ], [ 6.71113736898054, 50.909812736361701 ], [ 6.710995246298246, 50.909809948759822 ], [ 6.710994805370402, 50.909818934216659 ], [ 6.711023229910517, 50.909819491751037 ], [ 6.71102146621874, 50.909855433578961 ], [ 6.711007253937641, 50.90985515481227 ], [ 6.7110068130114, 50.909864140269121 ], [ 6.710992600727796, 50.909863861500625 ], [ 6.71099304165677, 50.909854876043866 ], [ 6.71095040481551, 50.909854039728252 ], [ 6.710950845752452, 50.909845054271749 ], [ 6.710936633475215, 50.909844775496516 ], [ 6.710937074414664, 50.90983579004007 ], [ 6.710922862140386, 50.909835511263196 ], [ 6.710923744024069, 50.909817540350453 ], [ 6.710980593100683, 50.909818655446884 ], [ 6.710981034031259, 50.909809669990125 ], [ 6.710838911373819, 50.909806882198083 ], [ 6.710838470415927, 50.909815867653947 ], [ 6.710824258148693, 50.909815588865143 ], [ 6.710824699109319, 50.909806603409365 ], [ 6.710810486845044, 50.909806324618927 ], [ 6.710809163954292, 50.909833280985936 ], [ 6.710823376226763, 50.909833559776644 ], [ 6.710822935265459, 50.909842545232365 ], [ 6.710837147540889, 50.909842824021432 ], [ 6.71083670658209, 50.909851809477232 ], [ 6.710822494303931, 50.909851530688073 ], [ 6.710821612380193, 50.909869501599445 ], [ 6.711120070383753, 50.909875355812424 ] ], [ [ 6.711035678500063, 50.909855712343912 ], [ 6.711035237579285, 50.909864697800934 ], [ 6.71102102529523, 50.909864419035898 ], [ 6.71102146621874, 50.909855433578961 ], [ 6.711035678500063, 50.909855712343912 ] ] ] ] } },
{ "type": "Feature", "properties": { "gml_id": "DENW41AL30005ezPFL", "identifier": "urn:adv:oid:DENW41AL30005ezPFL", "aktualit_2": "2024-08-20Z", "idflurst": "DENW41AL30005ezP", "flaeche": 505.0, "flstkennz_": "05468200800398______", "flstnrzae": "398", "flstnrnen": null, "gemarkung": "Horrem", "gemaschl": "054682", "flur": "8", "flurschl": "054682008", "land": "Nordrhein-Westfalen", "landschl": "05", "regbezirk": "Köln", "regbezschl": "053", "kreis": "Rhein-Erft-Kreis", "kreisschl": "05362", "gemeinde": "Kerpen", "gmdschl": "05362032", "abwrecht": "Kein abweichender Rechtszustand", "lagebeztxt": "Höhenweg 46", "tntxt": "Wohnbaufläche;505", "area": 504, "DN": null, "rg area": 168.0, "bldg sum": null, "open area": null, "10%drain A": null, "5%drain A+": null, "10% check": null, "T OPEN A": 286.7, "T DRAIN A": 217.3, "5% drain": 10.9, "area ok": 1, "5% ok": 1, "layer": "RG final", "path": "C:/Users/kanis/Desktop/Thesis/Data/Analysis/Horrem/RG/RG final.shp", "area final": 168.0 }, "geometry": { "type": "MultiPolygon", "coordinates": [ [ [ [ 6.714367872933499, 50.912691205957884 ], [ 6.714370514870917, 50.912637293116347 ], [ 6.714313662226216, 50.91263617962646 ], [ 6.714314102559259, 50.912627194153167 ], [ 6.714228823615371, 50.912625523867007 ], [ 6.714229263964581, 50.912616538394232 ], [ 6.714158198197875, 50.912615146441993 ], [ 6.714158638560521, 50.912606160969638 ], [ 6.71408757281312, 50.912604768974624 ], [ 6.714088013189202, 50.912595783502702 ], [ 6.714016947461103, 50.912594391464893 ], [ 6.714017387850622, 50.91258540599339 ], [ 6.713946322141828, 50.912584013912806 ], [ 6.713945441335242, 50.912601984854902 ], [ 6.713931228188694, 50.912601706433428 ], [ 6.713929466561885, 50.912637648317052 ], [ 6.71397210603499, 50.912638483577382 ], [ 6.713972546433834, 50.912629498106234 ], [ 6.7140009727449, 50.912630054937623 ], [ 6.714001413138054, 50.912621069466276 ], [ 6.714015626291194, 50.912621347879281 ], [ 6.714016507071359, 50.912603376936367 ], [ 6.71403072021926, 50.912603655347482 ], [ 6.714030279832023, 50.912612640819034 ], [ 6.714044492982882, 50.912612919228501 ], [ 6.714042731442603, 50.91264886111491 ], [ 6.714071157766856, 50.912649417929366 ], [ 6.714070717386687, 50.91265840340111 ], [ 6.714155996381256, 50.912660073803501 ], [ 6.714155556017255, 50.912669059275764 ], [ 6.714226621865931, 50.912670451230667 ], [ 6.714227502566384, 50.912652480285246 ], [ 6.714241715731331, 50.912652758670859 ], [ 6.714241275383951, 50.912661744143662 ], [ 6.714255488551856, 50.912662022527641 ], [ 6.714254607861881, 50.912679993473368 ], [ 6.714297247383345, 50.912680828615457 ], [ 6.714296807046217, 50.912689814088559 ], [ 6.714367872933499, 50.912691205957884 ] ] ] ] } },
{ "type": "Feature", "properties": { "gml_id": "DENW41AL30005hi3FL", "identifier": "urn:adv:oid:DENW41AL30005hi3FL", "aktualit_2": "2024-08-20Z", "idflurst": "DENW41AL30005hi3", "flaeche": 656.0, "flstkennz_": "05468202000050______", "flstnrzae": "50", "flstnrnen": null, "gemarkung": "Horrem", "gemaschl": "054682", "flur": "20", "flurschl": "054682020", "land": "Nordrhein-Westfalen", "landschl": "05", "regbezirk": "Köln", "regbezschl": "053", "kreis": "Rhein-Erft-Kreis", "kreisschl": "05362", "gemeinde": "Kerpen", "gmdschl": "05362032", "abwrecht": "Kein abweichender Rechtszustand", "lagebeztxt": "Hauptstraße 226", "tntxt": "Fläche gemischter Nutzung(funktion:Gebäude- und Freifläche Mischnutzung mit Wohnen);656", "area": 651, "DN": null, "rg area": 207.0, "bldg sum": null, "open area": null, "10%drain A": null, "5%drain A+": null, "10% check": null, "T OPEN A": 337.6, "T DRAIN A": 313.4, "5% drain": 15.7, "area ok": 1, "5% ok": 1, "layer": "RG final", "path": "C:/Users/kanis/Desktop/Thesis/Data/Analysis/Horrem/RG/RG final.shp", "area final": 207.0 }, "geometry": { "type": "MultiPolygon", "coordinates": [ [ [ [ 6.71120093522272, 50.909966882884483 ], [ 6.711201817003455, 50.909948911968648 ], [ 6.711187604692101, 50.90994863322355 ], [ 6.711188045584862, 50.909939647765704 ], [ 6.711202257893483, 50.90993992651071 ], [ 6.711203139672863, 50.909921955594776 ], [ 6.711231564279857, 50.909922513079252 ], [ 6.711232005163745, 50.909913527621086 ], [ 6.711246217464849, 50.909913806360628 ], [ 6.711246658345778, 50.909904820902362 ], [ 6.710791864909931, 50.909895900381997 ], [ 6.71078877812674, 50.909958798569676 ], [ 6.71120093522272, 50.909966882884483 ] ] ] ] } },
{ "type": "Feature", "properties": { "gml_id": "DENW41AL30005aY7FL", "identifier": "urn:adv:oid:DENW41AL30005aY7FL", "aktualit_2": "2024-08-20Z", "idflurst": "DENW41AL30005aY7", "flaeche": 498.0, "flstkennz_": "05468201900334______", "flstnrzae": "334", "flstnrnen": null, "gemarkung": "Horrem", "gemaschl": "054682", "flur": "19", "flurschl": "054682019", "land": "Nordrhein-Westfalen", "landschl": "05", "regbezirk": "Köln", "regbezschl": "053", "kreis": "Rhein-Erft-Kreis", "kreisschl": "05362", "gemeinde": "Kerpen", "gmdschl": "05362032", "abwrecht": "Kein abweichender Rechtszustand", "lagebeztxt": "Heinrich-Heine-Straße 1", "tntxt": "Wohnbaufläche;498", "area": 499, "DN": null, "rg area": 113.0, "bldg sum": null, "open area": null, "10%drain A": null, "5%drain A+": null, "10% check": null, "T OPEN A": 145.4, "T DRAIN A": 353.6, "5% drain": 17.7, "area ok": 1, "5% ok": 1, "layer": "RG final", "path": "C:/Users/kanis/Desktop/Thesis/Data/Analysis/Horrem/RG/RG final.shp", "area final": 108.4 }, "geometry": { "type": "MultiPolygon", "coordinates": [ [ [ [ 6.70793318158975, 50.909012330143604 ], [ 6.707947393583667, 50.909012609281177 ], [ 6.70794827658719, 50.908994638403257 ], [ 6.708005124543262, 50.908995754935532 ], [ 6.708005566033758, 50.908986769496195 ], [ 6.70801977802061, 50.908987048624844 ], [ 6.708021102482543, 50.908960092306451 ], [ 6.708006890503887, 50.908959813178051 ], [ 6.708007331993477, 50.90895082773865 ], [ 6.708021543969402, 50.908951106866951 ], [ 6.708024634371078, 50.908888208790003 ], [ 6.708010422414275, 50.908887929662335 ], [ 6.708010863902055, 50.908878944222778 ], [ 6.70799665194821, 50.908878665093468 ], [ 6.707996210457697, 50.908887650532925 ], [ 6.707981998501347, 50.908887371401782 ], [ 6.70798243999459, 50.908878385962424 ], [ 6.707939804135091, 50.908877548558912 ], [ 6.707940245636303, 50.908868563119789 ], [ 6.70792603368632, 50.908868283981924 ], [ 6.707925592182376, 50.908877269420941 ], [ 6.707911380229888, 50.908876990281243 ], [ 6.707912263243013, 50.908859019403359 ], [ 6.707898051296215, 50.908858740262119 ], [ 6.707894960727193, 50.908921638333808 ], [ 6.707937596625634, 50.908922475754224 ], [ 6.707938038127977, 50.908913490315193 ], [ 6.707952250091845, 50.908913769451786 ], [ 6.70795269159123, 50.908904784012641 ], [ 6.70798111551418, 50.908905342280455 ], [ 6.707980674020258, 50.908914327719785 ], [ 6.707994885984804, 50.908914606851177 ], [ 6.707994444493386, 50.908923592290563 ], [ 6.707966020559057, 50.908923034025854 ], [ 6.707964254569272, 50.908958975782518 ], [ 6.707950042591521, 50.908958696647211 ], [ 6.707949601090777, 50.908967682086249 ], [ 6.70793538911052, 50.908967402949116 ], [ 6.707935830613995, 50.908958417510178 ], [ 6.707907406659622, 50.908957859230924 ], [ 6.707907848168334, 50.908948873792134 ], [ 6.707893636194219, 50.908948594650006 ], [ 6.707894519216429, 50.908930623772555 ], [ 6.707880307248003, 50.908930344628885 ], [ 6.707876333616348, 50.909011213576058 ], [ 6.707862359122957, 50.909010939094728 ], [ 6.707932938745939, 50.909017272464283 ], [ 6.70793318158975, 50.909012330143604 ] ] ] ] } },
{ "type": "Feature", "properties": { "gml_id": "DENW41AL30005ZjYFL", "identifier": "urn:adv:oid:DENW41AL30005ZjYFL", "aktualit_2": "2024-08-20Z", "idflurst": "DENW41AL30005ZjY", "flaeche": 266.0, "flstkennz_": "05468200800523______", "flstnrzae": "523", "flstnrnen": null, "gemarkung": "Horrem", "gemaschl": "054682", "flur": "8", "flurschl": "054682008", "land": "Nordrhein-Westfalen", "landschl": "05", "regbezirk": "Köln", "regbezschl": "053", "kreis": "Rhein-Erft-Kreis", "kreisschl": "05362", "gemeinde": "Kerpen", "gmdschl": "05362032", "abwrecht": "Kein abweichender Rechtszustand", "lagebeztxt": "Höhenweg 58", "tntxt": "Wohnbaufläche;266", "area": 263, "DN": null, "rg area": 17.0, "bldg sum": null, "open area": null, "10%drain A": null, "5%drain A+": null, "10% check": null, "T OPEN A": 109.4, "T DRAIN A": 153.6, "5% drain": 7.7, "area ok": 1, "5% ok": 1, "layer": "RG final", "path": "C:/Users/kanis/Desktop/Thesis/Data/Analysis/Horrem/RG/RG final.shp", "area final": 17.0 }, "geometry": { "type": "MultiPolygon", "coordinates": [ [ [ [ 6.714842379285305, 50.912007952859319 ], [ 6.714843259727866, 50.911989981904149 ], [ 6.714829046758814, 50.911989703594337 ], [ 6.714829486982487, 50.911980718116808 ], [ 6.714815274016393, 50.911980439805362 ], [ 6.714814393563355, 50.911998410760233 ], [ 6.714800180592022, 50.911998132446882 ], [ 6.714800620821386, 50.911989146969539 ], [ 6.71478640785301, 50.911988868654547 ], [ 6.714786848084882, 50.911979883177281 ], [ 6.714772635119464, 50.911979604860655 ], [ 6.714773075353841, 50.91197061938346 ], [ 6.714758862391381, 50.911970341065192 ], [ 6.714758422154271, 50.911979326542287 ], [ 6.714744209189305, 50.911979048222193 ], [ 6.714743768949238, 50.911988033699188 ], [ 6.714729555981765, 50.911987755377282 ], [ 6.71472911573874, 50.911996740854171 ], [ 6.714771754650032, 50.911997575814986 ], [ 6.714771314414978, 50.912006561292117 ], [ 6.714842379285305, 50.912007952859319 ] ] ] ] } },
{ "type": "Feature", "properties": { "gml_id": "DENW41AL30005ebgFL", "identifier": "urn:adv:oid:DENW41AL30005ebgFL", "aktualit_2": "2024-08-20Z", "idflurst": "DENW41AL30005ebg", "flaeche": 322.0, "flstkennz_": "05468201900383______", "flstnrzae": "383", "flstnrnen": null, "gemarkung": "Horrem", "gemaschl": "054682", "flur": "19", "flurschl": "054682019", "land": "Nordrhein-Westfalen", "landschl": "05", "regbezirk": "Köln", "regbezschl": "053", "kreis": "Rhein-Erft-Kreis", "kreisschl": "05362", "gemeinde": "Kerpen", "gmdschl": "05362032", "abwrecht": "Kein abweichender Rechtszustand", "lagebeztxt": "Fischbachstraße 6", "tntxt": "Wohnbaufläche;322", "area": 323, "DN": null, "rg area": 9.0, "bldg sum": null, "open area": null, "10%drain A": null, "5%drain A+": null, "10% check": null, "T OPEN A": 185.1, "T DRAIN A": 137.9, "5% drain": 6.9, "area ok": 1, "5% ok": 1, "layer": "RG final", "path": "C:/Users/kanis/Desktop/Thesis/Data/Analysis/Horrem/RG/RG final.shp", "area final": 9.0 }, "geometry": { "type": "MultiPolygon", "coordinates": [ [ [ [ 6.710032782670264, 50.909710119424176 ], [ 6.710033223781613, 50.909701133973201 ], [ 6.710090072681074, 50.909702249501393 ], [ 6.710090513781269, 50.909693264050055 ], [ 6.710076301558797, 50.909692985170686 ], [ 6.710076742661498, 50.909683999719412 ], [ 6.710034106003634, 50.909683163071215 ], [ 6.710033664892737, 50.909692148522211 ], [ 6.710019452671168, 50.909691869635935 ], [ 6.710018570443232, 50.909709840537722 ], [ 6.710032782670264, 50.909710119424176 ] ] ] ] } },
{ "type": "Feature", "properties": { "gml_id": "DENW41AL30005cuZFL", "identifier": "urn:adv:oid:DENW41AL30005cuZFL", "aktualit_2": "2024-08-20Z", "idflurst": "DENW41AL30005cuZ", "flaeche": 566.0, "flstkennz_": "05468200800072______", "flstnrzae": "72", "flstnrnen": null, "gemarkung": "Horrem", "gemaschl": "054682", "flur": "8", "flurschl": "054682008", "land": "Nordrhein-Westfalen", "landschl": "05", "regbezirk": "Köln", "regbezschl": "053", "kreis": "Rhein-Erft-Kreis", "kreisschl": "05362", "gemeinde": "Kerpen", "gmdschl": "05362032", "abwrecht": "Kein abweichender Rechtszustand", "lagebeztxt": "Höhenweg 50", "tntxt": "Wohnbaufläche;566", "area": 571, "DN": null, "rg area": 182.0, "bldg sum": null, "open area": null, "10%drain A": null, "5%drain A+": null, "10% check": null, "T OPEN A": 293.8, "T DRAIN A": 277.2, "5% drain": 13.9, "area ok": 1, "5% ok": 1, "layer": "RG final", "path": "C:/Users/kanis/Desktop/Thesis/Data/Analysis/Horrem/RG/RG final.shp", "area final": 182.0 }, "geometry": { "type": "MultiPolygon", "coordinates": [ [ [ [ 6.714369071038306, 50.912376436006426 ], [ 6.714369511356608, 50.912367450532393 ], [ 6.714426363676141, 50.912368563990881 ], [ 6.714427244290208, 50.912350593042042 ], [ 6.714455670440399, 50.912351149760553 ], [ 6.714456110741631, 50.912342164285924 ], [ 6.714441897669154, 50.912341885927624 ], [ 6.714442337972891, 50.912332900453073 ], [ 6.714456551042635, 50.912333178811295 ], [ 6.714456991343415, 50.912324193336623 ], [ 6.714385926010615, 50.912322801528695 ], [ 6.714386366324828, 50.912313816054471 ], [ 6.714301087949308, 50.912312145828416 ], [ 6.714301528279692, 50.912303160354696 ], [ 6.714230462986624, 50.912301768452551 ], [ 6.714230903330443, 50.912292782979264 ], [ 6.714159838056679, 50.912291391034337 ], [ 6.714160278413932, 50.91228240556147 ], [ 6.714075000109258, 50.912280735171024 ], [ 6.71407544048268, 50.912271749698675 ], [ 6.714047014388391, 50.91227119288822 ], [ 6.714045693251053, 50.912298149304675 ], [ 6.71403148019605, 50.91229787089658 ], [ 6.714029718665511, 50.91233381278461 ], [ 6.714072357863983, 50.912334648004766 ], [ 6.71407191748898, 50.912343633477015 ], [ 6.714142982837942, 50.912345025476455 ], [ 6.714142542476376, 50.912354010949116 ], [ 6.714170968623004, 50.912354567736976 ], [ 6.714171849334984, 50.912336596791278 ], [ 6.714186062403172, 50.91233687518244 ], [ 6.71418650275609, 50.912327889709488 ], [ 6.714214928887681, 50.912328446486434 ], [ 6.714214488540226, 50.912337431959564 ], [ 6.714228701609091, 50.91233771034554 ], [ 6.714227380573573, 50.912364666765129 ], [ 6.714284232884078, 50.912365780292781 ], [ 6.714283792549383, 50.912374765766288 ], [ 6.714369071038306, 50.912376436006426 ] ], [ [ 6.714341525521736, 50.912357908318874 ], [ 6.714355738598097, 50.91235818668946 ], [ 6.714355298277289, 50.912367172163435 ], [ 6.714341085198195, 50.912366893792765 ], [ 6.714341525521736, 50.912357908318874 ] ] ] ] } },
{ "type": "Feature", "properties": { "gml_id": "DENW41AL30005ZnlFL", "identifier": "urn:adv:oid:DENW41AL30005ZnlFL", "aktualit_2": "2024-08-20Z", "idflurst": "DENW41AL30005Znl", "flaeche": 734.0, "flstkennz_": "05468200800079______", "flstnrzae": "79", "flstnrnen": null, "gemarkung": "Horrem", "gemaschl": "054682", "flur": "8", "flurschl": "054682008", "land": "Nordrhein-Westfalen", "landschl": "05", "regbezirk": "Köln", "regbezschl": "053", "kreis": "Rhein-Erft-Kreis", "kreisschl": "05362", "gemeinde": "Kerpen", "gmdschl": "05362032", "abwrecht": "Kein abweichender Rechtszustand", "lagebeztxt": "Mühlengraben 9", "tntxt": "Wohnbaufläche;734", "area": 738, "DN": null, "rg area": 147.0, "bldg sum": null, "open area": null, "10%drain A": null, "5%drain A+": null, "10% check": null, "T OPEN A": 252.6, "T DRAIN A": 485.4, "5% drain": 24.3, "area ok": 1, "5% ok": 1, "layer": "RG final", "path": "C:/Users/kanis/Desktop/Thesis/Data/Analysis/Horrem/RG/RG final.shp", "area final": 147.0 }, "geometry": { "type": "MultiPolygon", "coordinates": [ [ [ [ 6.713919657492212, 50.912547515184784 ], [ 6.713921859527535, 50.912502587829792 ], [ 6.713936072643802, 50.912502866252026 ], [ 6.713938715062349, 50.91244895342497 ], [ 6.713952928162445, 50.912449231844938 ], [ 6.713955570556473, 50.91239531901676 ], [ 6.713969783640404, 50.912395597434468 ], [ 6.713970224035886, 50.912386611962951 ], [ 6.713941797873717, 50.912386055125978 ], [ 6.713940476670199, 50.91241301153994 ], [ 6.71391205049254, 50.912412454695506 ], [ 6.713911610085451, 50.912421440166618 ], [ 6.713897396994227, 50.912421161741719 ], [ 6.713896956584181, 50.912430147212724 ], [ 6.713882743490451, 50.912429868786006 ], [ 6.713882303077446, 50.912438854256912 ], [ 6.713868089981209, 50.912438575828382 ], [ 6.713868530396947, 50.912429590357561 ], [ 6.713811678025187, 50.912428476626509 ], [ 6.713812999303832, 50.912401520215049 ], [ 6.713798786219653, 50.91240124177822 ], [ 6.713796584073789, 50.912446169130135 ], [ 6.713782370976174, 50.912445890691139 ], [ 6.71377928794336, 50.912508788982485 ], [ 6.713765074826844, 50.912508510541159 ], [ 6.71376419395283, 50.912526481481208 ], [ 6.713778407074809, 50.912526759922727 ], [ 6.713777966640196, 50.912535745392816 ], [ 6.713863245393207, 50.91253741600616 ], [ 6.71386280497476, 50.912546401476781 ], [ 6.713919657492212, 50.912547515184784 ] ] ] ] } },
{ "type": "Feature", "properties": { "gml_id": "DENW41AL30005ZjwFL", "identifier": "urn:adv:oid:DENW41AL30005ZjwFL", "aktualit_2": "2024-08-20Z", "idflurst": "DENW41AL30005Zjw", "flaeche": 271.0, "flstkennz_": "054682020001600017__", "flstnrzae": "160", "flstnrnen": "17", "gemarkung": "Horrem", "gemaschl": "054682", "flur": "20", "flurschl": "054682020", "land": "Nordrhein-Westfalen", "landschl": "05", "regbezirk": "Köln", "regbezschl": "053", "kreis": "Rhein-Erft-Kreis", "kreisschl": "05362", "gemeinde": "Kerpen", "gmdschl": "05362032", "abwrecht": "Kein abweichender Rechtszustand", "lagebeztxt": "Adenauerstraße 17", "tntxt": "Wohnbaufläche;271", "area": 271, "DN": null, "rg area": 43.0, "bldg sum": null, "open area": null, "10%drain A": null, "5%drain A+": null, "10% check": null, "T OPEN A": 70.5, "T DRAIN A": 200.5, "5% drain": 10.0, "area ok": 1, "5% ok": 1, "layer": "RG final", "path": "C:/Users/kanis/Desktop/Thesis/Data/Analysis/Horrem/RG/RG final.shp", "area final": 43.0 }, "geometry": { "type": "MultiPolygon", "coordinates": [ [ [ [ 6.707587005003962, 50.911424945773703 ], [ 6.707588329830839, 50.911397989474793 ], [ 6.707602542547821, 50.911398268663653 ], [ 6.707602984153596, 50.911389283230569 ], [ 6.70761719686807, 50.911389562417618 ], [ 6.707618080073478, 50.911371591551195 ], [ 6.707646505492177, 50.911372149919771 ], [ 6.707646063895051, 50.911381135353153 ], [ 6.707660276607473, 50.911381414534929 ], [ 6.707659835012852, 50.911390399968404 ], [ 6.707674047728231, 50.911390679148546 ], [ 6.70767493091178, 50.911372708281419 ], [ 6.707660718201866, 50.911372429101455 ], [ 6.707662926170441, 50.911327501933791 ], [ 6.707677138866697, 50.9113277811133 ], [ 6.707677580457, 50.911318795679634 ], [ 6.707649155070182, 50.911318237319051 ], [ 6.707648713474412, 50.91132722275254 ], [ 6.707620288083034, 50.911326664384859 ], [ 6.707620729684265, 50.911317678951548 ], [ 6.707592304299257, 50.911317120577138 ], [ 6.707589654655683, 50.911371033175719 ], [ 6.707575441947125, 50.911370753985388 ], [ 6.707572792279012, 50.911424666582839 ], [ 6.707587005003962, 50.911424945773703 ] ] ] ] } },
{ "type": "Feature", "properties": { "gml_id": "DENW41AL30005YdbFL", "identifier": "urn:adv:oid:DENW41AL30005YdbFL", "aktualit_2": "2024-08-20Z", "idflurst": "DENW41AL30005Ydb", "flaeche": 458.0, "flstkennz_": "05468201900237______", "flstnrzae": "237", "flstnrnen": null, "gemarkung": "Horrem", "gemaschl": "054682", "flur": "19", "flurschl": "054682019", "land": "Nordrhein-Westfalen", "landschl": "05", "regbezirk": "Köln", "regbezschl": "053", "kreis": "Rhein-Erft-Kreis", "kreisschl": "05362", "gemeinde": "Kerpen", "gmdschl": "05362032", "abwrecht": "Kein abweichender Rechtszustand", "lagebeztxt": "Grabenweg 3", "tntxt": "Wohnbaufläche;458", "area": 457, "DN": null, "rg area": 65.0, "bldg sum": null, "open area": null, "10%drain A": null, "5%drain A+": null, "10% check": null, "T OPEN A": 126.8, "T DRAIN A": 330.2, "5% drain": 16.5, "area ok": 1, "5% ok": 1, "layer": "RG final", "path": "C:/Users/kanis/Desktop/Thesis/Data/Analysis/Horrem/RG/RG final.shp", "area final": 65.0 }, "geometry": { "type": "MultiPolygon", "coordinates": [ [ [ [ 6.708955833290851, 50.909913834244605 ], [ 6.70895627461274, 50.909904848800721 ], [ 6.708984699164696, 50.909905406832024 ], [ 6.70898425784827, 50.9099143922761 ], [ 6.709026894686094, 50.909915229310378 ], [ 6.709028218610109, 50.909888272977319 ], [ 6.709042430881641, 50.90988855198502 ], [ 6.709042872186462, 50.909879566540539 ], [ 6.709028659917663, 50.909879287532917 ], [ 6.709030866452032, 50.909834360310732 ], [ 6.708945592925939, 50.909832686231404 ], [ 6.708945151603126, 50.909841671675352 ], [ 6.708930939346836, 50.909841392655991 ], [ 6.708929615368846, 50.909868348987438 ], [ 6.708915403104586, 50.909868069966087 ], [ 6.708913637786504, 50.909904011740764 ], [ 6.70892785006169, 50.909904290762483 ], [ 6.708927408734336, 50.909913276206183 ], [ 6.708955833290851, 50.909913834244605 ] ] ] ] } },
{ "type": "Feature", "properties": { "gml_id": "DENW41AL30005dEXFL", "identifier": "urn:adv:oid:DENW41AL30005dEXFL", "aktualit_2": "2024-08-20Z", "idflurst": "DENW41AL30005dEX", "flaeche": 1249.0, "flstkennz_": "05468202000437______", "flstnrzae": "437", "flstnrnen": null, "gemarkung": "Horrem", "gemaschl": "054682", "flur": "20", "flurschl": "054682020", "land": "Nordrhein-Westfalen", "landschl": "05", "regbezirk": "Köln", "regbezschl": "053", "kreis": "Rhein-Erft-Kreis", "kreisschl": "05362", "gemeinde": "Kerpen", "gmdschl": "05362032", "abwrecht": "Kein abweichender Rechtszustand", "lagebeztxt": "An der Malzmühle 3, 5", "tntxt": "Wohnbaufläche;1249", "area": 1250, "DN": null, "rg area": 256.0, "bldg sum": null, "open area": null, "10%drain A": null, "5%drain A+": null, "10% check": null, "T OPEN A": 536.9, "T DRAIN A": 713.1, "5% drain": 35.7, "area ok": 1, "5% ok": 1, "layer": "RG final", "path": "C:/Users/kanis/Desktop/Thesis/Data/Analysis/Horrem/RG/RG final.shp", "area final": 256.0 }, "geometry": { "type": "MultiPolygon", "coordinates": [ [ [ [ 6.711163017796153, 50.910739632202045 ], [ 6.711163899615751, 50.910721661289081 ], [ 6.711149687069448, 50.910721382536359 ], [ 6.711154537091131, 50.910622542514858 ], [ 6.711140324575108, 50.910622263761375 ], [ 6.711142529135039, 50.910577336478653 ], [ 6.711128316632902, 50.910577057723884 ], [ 6.711129198460757, 50.910559086810856 ], [ 6.71114341095743, 50.91055936556544 ], [ 6.711145174599501, 50.91052342373883 ], [ 6.711130962113756, 50.910523144984595 ], [ 6.711131403026441, 50.910514159527992 ], [ 6.711074553096646, 50.910513044494124 ], [ 6.711074994020032, 50.910504059037869 ], [ 6.71106078154088, 50.910503780275164 ], [ 6.711061222466773, 50.910494794818966 ], [ 6.71104700999058, 50.910494516054619 ], [ 6.711047891847151, 50.910476545142345 ], [ 6.711033679376647, 50.91047626637647 ], [ 6.711032356583255, 50.91050322274458 ], [ 6.711018144104781, 50.910502943976688 ], [ 6.71101858503887, 50.910493958520753 ], [ 6.710961735138161, 50.910492843432273 ], [ 6.710961294193145, 50.910501828887867 ], [ 6.710932869238682, 50.910501271333075 ], [ 6.710933310189163, 50.910492285877666 ], [ 6.710904885241068, 50.910491728316131 ], [ 6.710905326196787, 50.9104827428609 ], [ 6.710848476314238, 50.910481627717452 ], [ 6.710848035347592, 50.910490613172335 ], [ 6.710833822874788, 50.910490334382061 ], [ 6.710833381905183, 50.910499319836845 ], [ 6.710748107056711, 50.910497647058371 ], [ 6.71074546113599, 50.910551559783478 ], [ 6.710830736082812, 50.91055323256515 ], [ 6.710831177053773, 50.910544247110465 ], [ 6.710845389542968, 50.91054452590128 ], [ 6.710845830510971, 50.910535540446489 ], [ 6.710916892946681, 50.910536934374136 ], [ 6.710916451992339, 50.910545919829374 ], [ 6.710944876973669, 50.9105464773885 ], [ 6.710944436024564, 50.910555462843895 ], [ 6.710987073506451, 50.91055629916989 ], [ 6.71098751444736, 50.910547313714233 ], [ 6.71100172693904, 50.910547592486026 ], [ 6.711001286000864, 50.910556577941769 ], [ 6.711072348476322, 50.910557971775219 ], [ 6.711071466626612, 50.91057594268753 ], [ 6.711085679127845, 50.910576221449219 ], [ 6.711083915436641, 50.910612163274017 ], [ 6.711098127949028, 50.910612442034314 ], [ 6.711097246107533, 50.910630412946787 ], [ 6.711111458625611, 50.910630691705542 ], [ 6.71110925403158, 50.910675618986893 ], [ 6.711123466563544, 50.910675897744362 ], [ 6.711122143812609, 50.910702854113218 ], [ 6.71110793127245, 50.910702575355486 ], [ 6.71110749035229, 50.910711560811649 ], [ 6.711093277809624, 50.910711282052098 ], [ 6.711094600577628, 50.910684325683818 ], [ 6.711080388043384, 50.910684046922796 ], [ 6.71107950619281, 50.910702017834822 ], [ 6.711065293653329, 50.910701739071911 ], [ 6.711064852724971, 50.91071072452781 ], [ 6.711050640182983, 50.910710445763065 ], [ 6.711050199251668, 50.910719431218851 ], [ 6.71099334907505, 50.910718316142244 ], [ 6.710992467189884, 50.910736287053084 ], [ 6.711163017796153, 50.910739632202045 ] ], [ [ 6.710804075003974, 50.91051673316008 ], [ 6.710818287484523, 50.910517011954077 ], [ 6.710817846511508, 50.910525997408712 ], [ 6.710803634028228, 50.910525718614622 ], [ 6.710804075003974, 50.91051673316008 ] ] ] ] } },
{ "type": "Feature", "properties": { "gml_id": "DENW41AL30005bosFL", "identifier": "urn:adv:oid:DENW41AL30005bosFL", "aktualit_2": "2024-08-20Z", "idflurst": "DENW41AL30005bos", "flaeche": 927.0, "flstkennz_": "054682020000350002__", "flstnrzae": "35", "flstnrnen": "2", "gemarkung": "Horrem", "gemaschl": "054682", "flur": "20", "flurschl": "054682020", "land": "Nordrhein-Westfalen", "landschl": "05", "regbezirk": "Köln", "regbezschl": "053", "kreis": "Rhein-Erft-Kreis", "kreisschl": "05362", "gemeinde": "Kerpen", "gmdschl": "05362032", "abwrecht": "Kein abweichender Rechtszustand", "lagebeztxt": "Hauptstraße 212", "tntxt": "Fläche gemischter Nutzung(funktion:Gebäude- und Freifläche Mischnutzung mit Wohnen);927", "area": 930, "DN": null, "rg area": 98.0, "bldg sum": null, "open area": null, "10%drain A": null, "5%drain A+": null, "10% check": null, "T OPEN A": 605.6, "T DRAIN A": 324.4, "5% drain": 16.2, "area ok": 1, "5% ok": 1, "layer": "RG final", "path": "C:/Users/kanis/Desktop/Thesis/Data/Analysis/Horrem/RG/RG final.shp", "area final": 98.0 }, "geometry": { "type": "MultiPolygon", "coordinates": [ [ [ [ 6.711225158778364, 50.910632921713351 ], [ 6.711225599674636, 50.910623936256322 ], [ 6.711239812192014, 50.91062421499943 ], [ 6.71124025308533, 50.910615229542287 ], [ 6.711254465600202, 50.910615508283584 ], [ 6.71125402470962, 50.910624493740812 ], [ 6.711282449745507, 50.910625051218375 ], [ 6.71128553593659, 50.910562153016237 ], [ 6.71129974843575, 50.910562431751799 ], [ 6.711300189316555, 50.910553446294195 ], [ 6.711314401813207, 50.910553725027938 ], [ 6.711314842691054, 50.910544739570234 ], [ 6.711329055185201, 50.910545018302166 ], [ 6.71133037780919, 50.910518061928663 ], [ 6.711174040476159, 50.910514995785235 ], [ 6.71117359957167, 50.9105239812421 ], [ 6.711187812058093, 50.910524259991149 ], [ 6.711182962123854, 50.910623100016629 ], [ 6.711197174640556, 50.910623378764917 ], [ 6.711196733738819, 50.910632364221769 ], [ 6.711225158778364, 50.910632921713351 ] ] ] ] } },
{ "type": "Feature", "properties": { "gml_id": "DENW41AL30005ebsFL", "identifier": "urn:adv:oid:DENW41AL30005ebsFL", "aktualit_2": "2024-08-20Z", "idflurst": "DENW41AL30005ebs", "flaeche": 583.0, "flstkennz_": "05468202000220______", "flstnrzae": "220", "flstnrnen": null, "gemarkung": "Horrem", "gemaschl": "054682", "flur": "20", "flurschl": "054682020", "land": "Nordrhein-Westfalen", "landschl": "05", "regbezirk": "Köln", "regbezschl": "053", "kreis": "Rhein-Erft-Kreis", "kreisschl": "05362", "gemeinde": "Kerpen", "gmdschl": "05362032", "abwrecht": "Kein abweichender Rechtszustand", "lagebeztxt": "Hebbelstraße 10", "tntxt": "Wohnbaufläche;583", "area": 580, "DN": null, "rg area": 24.0, "bldg sum": null, "open area": null, "10%drain A": null, "5%drain A+": null, "10% check": null, "T OPEN A": 303.6, "T DRAIN A": 276.4, "5% drain": 13.8, "area ok": 1, "5% ok": 1, "layer": "RG final", "path": "C:/Users/kanis/Desktop/Thesis/Data/Analysis/Horrem/RG/RG final.shp", "area final": 24.0 }, "geometry": { "type": "MultiPolygon", "coordinates": [ [ [ [ 6.707930616344779, 50.909354055949024 ], [ 6.707933265404218, 50.909300143318859 ], [ 6.707947477485775, 50.909300422457548 ], [ 6.707947918992158, 50.909291437019036 ], [ 6.707933706913332, 50.909291157880439 ], [ 6.707934589930884, 50.909273187003549 ], [ 6.707920377857747, 50.909272907863411 ], [ 6.707920819368915, 50.909263922425019 ], [ 6.707849759020285, 50.909262526698818 ], [ 6.707849317495459, 50.909271512136755 ], [ 6.707891953712153, 50.909272349577932 ], [ 6.707891512195295, 50.909281335016118 ], [ 6.707905724270711, 50.909281614159802 ], [ 6.707902633665496, 50.909344512227264 ], [ 6.707916845760259, 50.909344791369854 ], [ 6.707916404247056, 50.909353776808075 ], [ 6.707930616344779, 50.909354055949024 ] ] ] ] } },
{ "type": "Feature", "properties": { "gml_id": "DENW41AL30005iHtFL", "identifier": "urn:adv:oid:DENW41AL30005iHtFL", "aktualit_2": "2025-01-17Z", "idflurst": "DENW41AL30005iHt", "flaeche": 490.0, "flstkennz_": "05468202100464______", "flstnrzae": "464", "flstnrnen": null, "gemarkung": "Horrem", "gemaschl": "054682", "flur": "21", "flurschl": "054682021", "land": "Nordrhein-Westfalen", "landschl": "05", "regbezirk": "Köln", "regbezschl": "053", "kreis": "Rhein-Erft-Kreis", "kreisschl": "05362", "gemeinde": "Kerpen", "gmdschl": "05362032", "abwrecht": "Kein abweichender Rechtszustand", "lagebeztxt": "Sistenichstraße 30", "tntxt": "Wohnbaufläche;490", "area": 484, "DN": null, "rg area": 74.0, "bldg sum": null, "open area": null, "10%drain A": null, "5%drain A+": null, "10% check": null, "T OPEN A": 134.8, "T DRAIN A": 349.2, "5% drain": 17.5, "area ok": 1, "5% ok": 1, "layer": "RG final", "path": "C:/Users/kanis/Desktop/Thesis/Data/Analysis/Horrem/RG/RG final.shp", "area final": 74.0 }, "geometry": { "type": "MultiPolygon", "coordinates": [ [ [ [ 6.70865454742278, 50.912282363171173 ], [ 6.7086549888399, 50.912273377732831 ], [ 6.708669201834083, 50.912273656795293 ], [ 6.708668760419696, 50.91228264223372 ], [ 6.708682973416838, 50.912282921294533 ], [ 6.708683414828493, 50.912273935856021 ], [ 6.708711840817991, 50.912274493972291 ], [ 6.7087113994118, 50.912283479410974 ], [ 6.70875403840594, 50.912284316572674 ], [ 6.708754479803934, 50.912275331133721 ], [ 6.708782905795695, 50.912275889232681 ], [ 6.708784229971928, 50.912248932915176 ], [ 6.708770016984133, 50.912248653866818 ], [ 6.708770458378489, 50.912239668427709 ], [ 6.70875624539365, 50.91223938937771 ], [ 6.708756686790515, 50.912230403938665 ], [ 6.708785112754954, 50.912230962036752 ], [ 6.708785995537073, 50.912212991158263 ], [ 6.708672291728466, 50.912210758725841 ], [ 6.708672733141045, 50.912201773287286 ], [ 6.708644307196619, 50.912201215162071 ], [ 6.70864033442609, 50.912282084106899 ], [ 6.70865454742278, 50.912282363171173 ] ] ] ] } },
{ "type": "Feature", "properties": { "gml_id": "DENW41AL30005gjKFL", "identifier": "urn:adv:oid:DENW41AL30005gjKFL", "aktualit_2": "2024-08-20Z", "idflurst": "DENW41AL30005gjK", "flaeche": 332.0, "flstkennz_": "054682021002210053__", "flstnrzae": "221", "flstnrnen": "53", "gemarkung": "Horrem", "gemaschl": "054682", "flur": "21", "flurschl": "054682021", "land": "Nordrhein-Westfalen", "landschl": "05", "regbezirk": "Köln", "regbezschl": "053", "kreis": "Rhein-Erft-Kreis", "kreisschl": "05362", "gemeinde": "Kerpen", "gmdschl": "05362032", "abwrecht": "Kein abweichender Rechtszustand", "lagebeztxt": "Adenauerstraße 8", "tntxt": "Wohnbaufläche;332", "area": 332, "DN": null, "rg area": 31.0, "bldg sum": null, "open area": null, "10%drain A": null, "5%drain A+": null, "10% check": null, "T OPEN A": 88.0, "T DRAIN A": 244.0, "5% drain": 12.2, "area ok": 1, "5% ok": 1, "layer": "RG final", "path": "C:/Users/kanis/Desktop/Thesis/Data/Analysis/Horrem/RG/RG final.shp", "area final": 31.0 }, "geometry": { "type": "MultiPolygon", "coordinates": [ [ [ [ 6.708343100220193, 50.911961453975266 ], [ 6.708343541692235, 50.911952468538388 ], [ 6.708357754585589, 50.911952747637507 ], [ 6.708358637523532, 50.911934776763523 ], [ 6.708372850411647, 50.911935055860724 ], [ 6.708374174808668, 50.911908099549365 ], [ 6.708317323290351, 50.911906983151248 ], [ 6.708317764766501, 50.911897997714433 ], [ 6.708289339014165, 50.911897439505182 ], [ 6.70828889753255, 50.911906424941797 ], [ 6.708303110411337, 50.911906704047382 ], [ 6.708302668932229, 50.911915689484083 ], [ 6.70828845605071, 50.911915410378398 ], [ 6.708287131603831, 50.911942366688116 ], [ 6.708301344493547, 50.911942645794056 ], [ 6.708300461533295, 50.911960616667301 ], [ 6.708343100220193, 50.911961453975266 ] ] ] ] } },
{ "type": "Feature", "properties": { "gml_id": "DENW41AL30005bosFL", "identifier": "urn:adv:oid:DENW41AL30005bosFL", "aktualit_2": "2024-08-20Z", "idflurst": "DENW41AL30005bos", "flaeche": 927.0, "flstkennz_": "054682020000350002__", "flstnrzae": "35", "flstnrnen": "2", "gemarkung": "Horrem", "gemaschl": "054682", "flur": "20", "flurschl": "054682020", "land": "Nordrhein-Westfalen", "landschl": "05", "regbezirk": "Köln", "regbezschl": "053", "kreis": "Rhein-Erft-Kreis", "kreisschl": "05362", "gemeinde": "Kerpen", "gmdschl": "05362032", "abwrecht": "Kein abweichender Rechtszustand", "lagebeztxt": "Hauptstraße 212", "tntxt": "Fläche gemischter Nutzung(funktion:Gebäude- und Freifläche Mischnutzung mit Wohnen);927", "area": 930, "DN": null, "rg area": 228.0, "bldg sum": null, "open area": null, "10%drain A": null, "5%drain A+": null, "10% check": null, "T OPEN A": 605.6, "T DRAIN A": 324.4, "5% drain": 16.2, "area ok": 1, "5% ok": 1, "layer": "RG final", "path": "C:/Users/kanis/Desktop/Thesis/Data/Analysis/Horrem/RG/RG final.shp", "area final": 228.0 }, "geometry": { "type": "MultiPolygon", "coordinates": [ [ [ [ 6.711248293111488, 50.910741304683164 ], [ 6.711248734005008, 50.910732319226163 ], [ 6.711262946555624, 50.910732597966877 ], [ 6.711263387446185, 50.910723612509763 ], [ 6.711277599994293, 50.910723891248658 ], [ 6.711276718218408, 50.910741862163036 ], [ 6.711333568434958, 50.910742977102046 ], [ 6.711334009312086, 50.910733991644506 ], [ 6.711390859521323, 50.910735106555506 ], [ 6.711390418655124, 50.910744092013388 ], [ 6.711603607012937, 50.910748272684557 ], [ 6.711611101010944, 50.910595519875471 ], [ 6.711596888498619, 50.910595241177674 ], [ 6.711595125199915, 50.910631183015191 ], [ 6.711538275109163, 50.910630068205286 ], [ 6.7115373934366, 50.910648039123224 ], [ 6.711523180909013, 50.910647760416254 ], [ 6.71152274006966, 50.910656745875109 ], [ 6.711423252363749, 50.910654794877239 ], [ 6.711422811505048, 50.910663780335454 ], [ 6.711437024036518, 50.910664059054717 ], [ 6.711435701467252, 50.910691015429535 ], [ 6.711506764168971, 50.910692409001214 ], [ 6.711505882482317, 50.910710379918577 ], [ 6.711491669936057, 50.910710101207513 ], [ 6.711490788243036, 50.910728072124627 ], [ 6.711476575691539, 50.91072779341166 ], [ 6.711477016540893, 50.910718807953209 ], [ 6.71144859144404, 50.91071825052228 ], [ 6.711448150589221, 50.910727235980552 ], [ 6.711433938038401, 50.910726957262412 ], [ 6.711434378895952, 50.910717971804218 ], [ 6.711334891065663, 50.910716020729389 ], [ 6.711335331942113, 50.910707035271798 ], [ 6.711349544485887, 50.910707314001876 ], [ 6.711349985359379, 50.910698328544186 ], [ 6.711335772818336, 50.910698049814194 ], [ 6.711336213694335, 50.910689064356568 ], [ 6.711350426232645, 50.910689343086474 ], [ 6.711350867105685, 50.910680357628749 ], [ 6.711365079641489, 50.910680636356815 ], [ 6.711363757029888, 50.910707592730219 ], [ 6.711377969574114, 50.910707871456836 ], [ 6.711378410442141, 50.910698885998961 ], [ 6.711406835525808, 50.910699443446831 ], [ 6.711407276388146, 50.910690457988764 ], [ 6.711393063848933, 50.910690179265785 ], [ 6.711393945578394, 50.910672208349787 ], [ 6.711351307978498, 50.910671372170995 ], [ 6.711351748851087, 50.910662386713241 ], [ 6.711337536320973, 50.910662107983612 ], [ 6.711337977196068, 50.910653122525922 ], [ 6.71130955214198, 50.910652565061653 ], [ 6.711309111261421, 50.910661550519166 ], [ 6.711266473673789, 50.910660714309529 ], [ 6.711266914562543, 50.910651728852287 ], [ 6.711210064459793, 50.910650613882247 ], [ 6.711209182660203, 50.910668584796014 ], [ 6.711237607722055, 50.910669142284839 ], [ 6.711237166827384, 50.910678127741882 ], [ 6.71125137936138, 50.91067840648379 ], [ 6.711250938469218, 50.91068739194089 ], [ 6.711265151006172, 50.910687670681156 ], [ 6.711264710116514, 50.910696656138342 ], [ 6.711278922656427, 50.91069693487696 ], [ 6.711278040881897, 50.910714905791444 ], [ 6.711263828336521, 50.910714627052634 ], [ 6.71126426922663, 50.910705641595491 ], [ 6.711235844142019, 50.91070508411287 ], [ 6.711236285037367, 50.910696098655897 ], [ 6.711207859959123, 50.910695541166533 ], [ 6.711208741760069, 50.910677570252865 ], [ 6.711194529226749, 50.91067729150577 ], [ 6.711192765613027, 50.910713233332672 ], [ 6.711206978157273, 50.910713512080122 ], [ 6.711205655452805, 50.910740468450392 ], [ 6.711248293111488, 50.910741304683164 ] ], [ [ 6.71126603278481, 50.910669699766743 ], [ 6.711251820253319, 50.910669421026661 ], [ 6.711252261145031, 50.910660435569525 ], [ 6.711266473673789, 50.910660714309529 ], [ 6.71126603278481, 50.910669699766743 ] ], [ [ 6.711280245316527, 50.910669978505119 ], [ 6.711279804430053, 50.910678963962418 ], [ 6.711265591895605, 50.910678685223964 ], [ 6.71126603278481, 50.910669699766743 ], [ 6.711280245316527, 50.910669978505119 ] ] ] ] } }
]
}
