{
"type": "FeatureCollection",
"name": "rainwater cistern suitability",
"crs": { "type": "name", "properties": { "name": "urn:ogc:def:crs:OGC:1.3:CRS84" } },
"features": [
{ "type": "Feature", "properties": { "fid": 159796.0, "oid": "DENW41AL30008MYnBL", "aktualit": "2024-08-20", "gebnutzbez": "Gebäude", "funktion": "Gebäude zum Parken", "gfkzshh": "31001_2460", "rellage": null, "name": null, "anzahlgs": null, "gmdschl": "05362032", "lagebeztxt": null, "bld area": 33, "flstkennz_": "05468200800873______", "area": 664 }, "geometry": { "type": "MultiPolygon", "coordinates": [ [ [ [ 6.713384812146432, 50.913762923350383 ], [ 6.713458687858051, 50.91377465107044 ], [ 6.713480210183203, 50.913720451602238 ], [ 6.713407228678716, 50.913708768398045 ], [ 6.713400081892736, 50.91372598697577 ], [ 6.713384812146432, 50.913762923350383 ] ] ] ] } },
{ "type": "Feature", "properties": { "fid": 273140.0, "oid": "DENW41AL30008K6iBL", "aktualit": "2024-08-20", "gebnutzbez": "Gebäude", "funktion": "Wohngebäude", "gfkzshh": "31001_1000", "rellage": null, "name": null, "anzahlgs": null, "gmdschl": "05362032", "lagebeztxt": "Kirschkaul 7", "bld area": 221, "flstkennz_": "05468200800873______", "area": 664 }, "geometry": { "type": "MultiPolygon", "coordinates": [ [ [ [ 6.713438728212572, 50.913824833808647 ], [ 6.713715631123261, 50.913869248280619 ], [ 6.713735402312156, 50.91381942156908 ], [ 6.713757100949269, 50.913764811777732 ], [ 6.713757570400269, 50.913763651741881 ], [ 6.71375234708297, 50.913762820893076 ], [ 6.713747155692006, 50.913775850572691 ], [ 6.713546751228115, 50.91374394374472 ], [ 6.713551928897951, 50.913730904810713 ], [ 6.713480566049859, 50.913719577153124 ], [ 6.713480210183203, 50.913720451602238 ], [ 6.713458687858051, 50.91377465107044 ], [ 6.713438728212572, 50.913824833808647 ] ] ] ] } },
{ "type": "Feature", "properties": { "fid": 273479.0, "oid": "DENW41AL30008KUkBL", "aktualit": "2024-08-20", "gebnutzbez": "Gebäude", "funktion": "Gebäude zum Parken", "gfkzshh": "31001_2460", "rellage": null, "name": null, "anzahlgs": null, "gmdschl": "05362032", "lagebeztxt": null, "bld area": 22, "flstkennz_": "05468200800873______", "area": 664 }, "geometry": { "type": "MultiPolygon", "coordinates": [ [ [ [ 6.713735402312156, 50.91381942156908 ], [ 6.713783573332584, 50.913827011894547 ], [ 6.713804948970898, 50.913772314820235 ], [ 6.713757100949269, 50.913764811777732 ], [ 6.713735402312156, 50.91381942156908 ] ] ] ] } },
{ "type": "Feature", "properties": { "fid": 275144.0, "oid": "DENW41AL30008MNVBL", "aktualit": "2024-08-20", "gebnutzbez": "Gebäude", "funktion": "Gebäude zum Parken", "gfkzshh": "31001_2460", "rellage": null, "name": null, "anzahlgs": null, "gmdschl": "05362032", "lagebeztxt": null, "bld area": 22, "flstkennz_": "05468200800504______", "area": 35 }, "geometry": { "type": "MultiPolygon", "coordinates": [ [ [ [ 6.714241302708386, 50.914016620038225 ], [ 6.714249754821396, 50.913993935951908 ], [ 6.714164298210931, 50.913981325334973 ], [ 6.714155954076979, 50.91400395863262 ], [ 6.714241302708386, 50.914016620038225 ] ] ] ] } },
{ "type": "Feature", "properties": { "fid": 275519.0, "oid": "DENW41AL30008Mn0BL", "aktualit": "2024-08-20", "gebnutzbez": "Gebäude", "funktion": "Gebäude zur Freizeitgestaltung", "gfkzshh": "31001_1310", "rellage": null, "name": null, "anzahlgs": null, "gmdschl": "05362032", "lagebeztxt": null, "bld area": 75, "flstkennz_": "05468200800505______", "area": 636 }, "geometry": { "type": "MultiPolygon", "coordinates": [ [ [ [ 6.713792156964248, 50.913884094692463 ], [ 6.713819544831525, 50.913889308149919 ], [ 6.713808118110319, 50.913923603644243 ], [ 6.713807840720416, 50.91392519915938 ], [ 6.713808247342639, 50.913926772097881 ], [ 6.713809328608463, 50.913928223341145 ], [ 6.713810990748946, 50.913929434128995 ], [ 6.713813110246662, 50.91393031210071 ], [ 6.713815518741234, 50.913930808987665 ], [ 6.713940925935074, 50.913947467309058 ], [ 6.713948088096628, 50.913923836210351 ], [ 6.713987872544727, 50.913929535301222 ], [ 6.713993809035518, 50.913912913574194 ], [ 6.713966359474861, 50.913908958122896 ], [ 6.71397173827931, 50.913893845474888 ], [ 6.713854778341236, 50.913876974911751 ], [ 6.713857809847655, 50.913868534876308 ], [ 6.713832973972615, 50.913864954381644 ], [ 6.713832745032931, 50.913865561495328 ], [ 6.713809137370055, 50.913862175943748 ], [ 6.713802066499865, 50.913879009285935 ], [ 6.713792156964248, 50.913884094692463 ] ] ] ] } },
{ "type": "Feature", "properties": { "fid": 63160.0, "oid": "DENW41AL30008OZsBL", "aktualit": "2024-08-20", "gebnutzbez": "Gebäude", "funktion": "Wohngebäude", "gfkzshh": "31001_1000", "rellage": null, "name": null, "anzahlgs": null, "gmdschl": "05362032", "lagebeztxt": "Höhenweg 22", "bld area": 164, "flstkennz_": "05468200800505______", "area": 636 }, "geometry": { "type": "MultiPolygon", "coordinates": [ [ [ [ 6.713973392863358, 50.913969518235689 ], [ 6.714025194144224, 50.913976774836897 ], [ 6.714029066786694, 50.913965976832124 ], [ 6.714138067053462, 50.913981827878551 ], [ 6.714167028121816, 50.913902401648002 ], [ 6.7141829761291, 50.913904737689911 ], [ 6.714200268855058, 50.913858154197207 ], [ 6.714051851573478, 50.913836080696314 ], [ 6.714029105372478, 50.913895814643212 ], [ 6.71400157714353, 50.913891722747756 ], [ 6.713993809035518, 50.913912913574194 ], [ 6.713987872544727, 50.913929535301222 ], [ 6.71397952999615, 50.913952576652214 ], [ 6.713977288979462, 50.913958531816341 ], [ 6.713973392863358, 50.913969518235689 ] ] ] ] } },
{ "type": "Feature", "properties": { "fid": 275144.0, "oid": "DENW41AL30008MNVBL", "aktualit": "2024-08-20", "gebnutzbez": "Gebäude", "funktion": "Gebäude zum Parken", "gfkzshh": "31001_2460", "rellage": null, "name": null, "anzahlgs": null, "gmdschl": "05362032", "lagebeztxt": null, "bld area": 22, "flstkennz_": "05468200800505______", "area": 636 }, "geometry": { "type": "MultiPolygon", "coordinates": [ [ [ [ 6.714241302708386, 50.914016620038225 ], [ 6.714249754821396, 50.913993935951908 ], [ 6.714164298210931, 50.913981325334973 ], [ 6.714155954076979, 50.91400395863262 ], [ 6.714241302708386, 50.914016620038225 ] ] ] ] } },
{ "type": "Feature", "properties": { "fid": 62464.0, "oid": "DENW41AL30008NaaBL", "aktualit": "2024-08-20", "gebnutzbez": "Gebäude", "funktion": "Gebäude zum Parken", "gfkzshh": "31001_2460", "rellage": null, "name": null, "anzahlgs": null, "gmdschl": "05362032", "lagebeztxt": null, "bld area": 16, "flstkennz_": "05468200800758______", "area": 418 }, "geometry": { "type": "MultiPolygon", "coordinates": [ [ [ [ 6.714127843936596, 50.913540467211966 ], [ 6.714209778942447, 50.913549150418454 ], [ 6.714215601193472, 50.913525277200698 ], [ 6.714135761557032, 50.913513900835021 ], [ 6.714127843936596, 50.913540467211966 ] ] ] ] } },
{ "type": "Feature", "properties": { "fid": 273677.0, "oid": "DENW41AL30008KivBL", "aktualit": "2024-08-20", "gebnutzbez": "Gebäude", "funktion": "Wohngebäude", "gfkzshh": "31001_1000", "rellage": null, "name": null, "anzahlgs": null, "gmdschl": "05362032", "lagebeztxt": "Höhenweg 28", "bld area": 78, "flstkennz_": "05468200800758______", "area": 418 }, "geometry": { "type": "MultiPolygon", "coordinates": [ [ [ [ 6.714232844277748, 50.91353079553064 ], [ 6.71436344042009, 50.913541708874625 ], [ 6.714379852256958, 50.913467514214837 ], [ 6.714249125829088, 50.913455779873175 ], [ 6.714233473734837, 50.913527821819358 ], [ 6.714232844277748, 50.91353079553064 ] ] ] ] } },
{ "type": "Feature", "properties": { "fid": 160306.0, "oid": "DENW41AL30008NZBBL", "aktualit": "2024-08-20", "gebnutzbez": "Gebäude", "funktion": "Gebäude zum Parken", "gfkzshh": "31001_2460", "rellage": null, "name": null, "anzahlgs": null, "gmdschl": "05362032", "lagebeztxt": null, "bld area": 40, "flstkennz_": "05468200800719______", "area": 612 }, "geometry": { "type": "MultiPolygon", "coordinates": [ [ [ [ 6.713820782126911, 50.913600522947782 ], [ 6.71387551298392, 50.913609536893055 ], [ 6.713882485697513, 50.913588609309294 ], [ 6.713906190239955, 50.913517741480995 ], [ 6.713852318567575, 50.913512099178625 ], [ 6.71383049179851, 50.913569908376601 ], [ 6.713832821160313, 50.913570277795792 ], [ 6.713820782126911, 50.913600522947782 ] ] ] ] } },
{ "type": "Feature", "properties": { "fid": 158735.0, "oid": "DENW41AL30008KQnBL", "aktualit": "2024-08-20", "gebnutzbez": "Gebäude", "funktion": "Wohngebäude", "gfkzshh": "31001_1000", "rellage": null, "name": null, "anzahlgs": null, "gmdschl": "05362032", "lagebeztxt": "Kirschkaul 8", "bld area": 104, "flstkennz_": "05468200800719______", "area": 612 }, "geometry": { "type": "MultiPolygon", "coordinates": [ [ [ [ 6.713644604975993, 50.913635701173654 ], [ 6.71379731823773, 50.913659802082563 ], [ 6.713820782126911, 50.913600522947782 ], [ 6.713832821160313, 50.913570277795792 ], [ 6.71383049179851, 50.913569908376601 ], [ 6.713773085787824, 50.913560904961471 ], [ 6.713767867440352, 50.91357419494291 ], [ 6.713681946743136, 50.913560621499855 ], [ 6.713687160708645, 50.913547421377196 ], [ 6.713679861696884, 50.913546271042932 ], [ 6.713644604975993, 50.913635701173654 ] ] ] ] } },
{ "type": "Feature", "properties": { "fid": 276125.0, "oid": "DENW41AL30008NSuBL", "aktualit": "2024-08-20", "gebnutzbez": "Gebäude", "funktion": "Gebäude zum Parken", "gfkzshh": "31001_2460", "rellage": null, "name": null, "anzahlgs": null, "gmdschl": "05362032", "lagebeztxt": null, "bld area": 17, "flstkennz_": "05468200800044______", "area": 314 }, "geometry": { "type": "MultiPolygon", "coordinates": [ [ [ [ 6.714266704733412, 50.913581888627057 ], [ 6.714343624402641, 50.913593918246917 ], [ 6.714344725125795, 50.913594101698735 ], [ 6.714355387589458, 50.913567553090246 ], [ 6.714277980910184, 50.913557042935665 ], [ 6.714266704733412, 50.913581888627057 ] ] ] ] } },
{ "type": "Feature", "properties": { "fid": 276312.0, "oid": "DENW41AL30008NfIBL", "aktualit": "2024-08-20", "gebnutzbez": "Gebäude", "funktion": "Wohngebäude", "gfkzshh": "31001_1000", "rellage": null, "name": null, "anzahlgs": null, "gmdschl": "05362032", "lagebeztxt": "Höhenweg 26", "bld area": 94, "flstkennz_": "05468200800044______", "area": 314 }, "geometry": { "type": "MultiPolygon", "coordinates": [ [ [ [ 6.714120738962538, 50.913591963153394 ], [ 6.714138255868269, 50.913594797625741 ], [ 6.714127666103741, 50.913621311662716 ], [ 6.714157618841337, 50.913625280130574 ], [ 6.714236234628868, 50.913635796058145 ], [ 6.714319972097311, 50.913650378640156 ], [ 6.714343624402641, 50.913593918246917 ], [ 6.714266704733412, 50.913581888627057 ], [ 6.714209735270376, 50.913572974924655 ], [ 6.714209215706046, 50.913574286880376 ], [ 6.71413281848083, 50.913562339357341 ], [ 6.714120738962538, 50.913591963153394 ] ] ] ] } },
{ "type": "Feature", "properties": { "fid": 160272.0, "oid": "DENW41AL30008NVIBL", "aktualit": "2024-08-20", "gebnutzbez": "Gebäude", "funktion": "Wohngebäude", "gfkzshh": "31001_1000", "rellage": null, "name": null, "anzahlgs": null, "gmdschl": "05362032", "lagebeztxt": null, "bld area": 66, "flstkennz_": "05468200800043______", "area": 419 }, "geometry": { "type": "MultiPolygon", "coordinates": [ [ [ [ 6.713898735218804, 50.913629491002332 ], [ 6.71411855773062, 50.91365969094619 ], [ 6.714131202459027, 50.913623179749408 ], [ 6.713911574894371, 50.913592488971652 ], [ 6.713898735218804, 50.913629491002332 ] ] ] ] } },
{ "type": "Feature", "properties": { "fid": 274448.0, "oid": "DENW41AL30008LZpBL", "aktualit": "2024-08-20", "gebnutzbez": "Gebäude", "funktion": "Wohngebäude", "gfkzshh": "31001_1000", "rellage": null, "name": null, "anzahlgs": null, "gmdschl": "05362032", "lagebeztxt": "Höhenweg 24", "bld area": 134, "flstkennz_": "05468200800043______", "area": 419 }, "geometry": { "type": "MultiPolygon", "coordinates": [ [ [ [ 6.714126940105275, 50.91370201945815 ], [ 6.714158860125242, 50.913707069774063 ], [ 6.714148423929676, 50.913733352974035 ], [ 6.714281072952445, 50.913754353021531 ], [ 6.714319972097311, 50.913650378640156 ], [ 6.714236234628868, 50.913635796058145 ], [ 6.714157618841337, 50.913625280130574 ], [ 6.714126940105275, 50.91370201945815 ] ] ] ] } },
{ "type": "Feature", "properties": { "fid": 272464.0, "oid": "DENW41AL30008JLuBL", "aktualit": "2024-08-20", "gebnutzbez": "Gebäude", "funktion": "Wohngebäude", "gfkzshh": "31001_1000", "rellage": null, "name": null, "anzahlgs": null, "gmdschl": "05362032", "lagebeztxt": "Sistenichstraße 17", "bld area": 58, "flstkennz_": "05468202100436______", "area": 176 }, "geometry": { "type": "MultiPolygon", "coordinates": [ [ [ [ 6.708833728252911, 50.913265707866877 ], [ 6.708957441800036, 50.913298527708392 ], [ 6.708973924549285, 50.913273748747507 ], [ 6.708992468195717, 50.913246114141153 ], [ 6.708883081228057, 50.913217640935066 ], [ 6.70887436285997, 50.913230906964294 ], [ 6.708859263663851, 50.913226940936148 ], [ 6.708833728252911, 50.913265707866877 ] ] ] ] } },
{ "type": "Feature", "properties": { "fid": 276732.0, "oid": "DENW41AL30008O87BL", "aktualit": "2024-08-20", "gebnutzbez": "Gebäude", "funktion": "Gebäude zur Freizeitgestaltung", "gfkzshh": "31001_1310", "rellage": null, "name": null, "anzahlgs": null, "gmdschl": "05362032", "lagebeztxt": null, "bld area": 22, "flstkennz_": "05468202100436______", "area": 176 }, "geometry": { "type": "MultiPolygon", "coordinates": [ [ [ [ 6.708957441800036, 50.913298527708392 ], [ 6.70898304855936, 50.913305227345482 ], [ 6.709052316657365, 50.913323541040647 ], [ 6.709060644532065, 50.91331156248372 ], [ 6.709069386966527, 50.913298674665761 ], [ 6.709058964711073, 50.913295942726322 ], [ 6.708973924549285, 50.913273748747507 ], [ 6.708957441800036, 50.913298527708392 ] ] ] ] } },
{ "type": "Feature", "properties": { "fid": 274884.0, "oid": "DENW41AL30008M4zBL", "aktualit": "2024-08-20", "gebnutzbez": "Gebäude", "funktion": "Gebäude zur Freizeitgestaltung", "gfkzshh": "31001_1310", "rellage": null, "name": null, "anzahlgs": null, "gmdschl": "05362032", "lagebeztxt": null, "bld area": 14, "flstkennz_": "05468202100435______", "area": 231 }, "geometry": { "type": "MultiPolygon", "coordinates": [ [ [ [ 6.709058964711073, 50.913295942726322 ], [ 6.709069386966527, 50.913298674665761 ], [ 6.709060644532065, 50.91331156248372 ], [ 6.709094457532483, 50.913320635739971 ], [ 6.709120133940662, 50.913284497799701 ], [ 6.709075691950275, 50.913271978020234 ], [ 6.709058964711073, 50.913295942726322 ] ] ] ] } },
{ "type": "Feature", "properties": { "fid": 271925.0, "oid": "DENW41AL2000JAYWBL", "aktualit": "2024-08-20", "gebnutzbez": "Gebäude", "funktion": "Wohngebäude", "gfkzshh": "31001_1000", "rellage": null, "name": null, "anzahlgs": null, "gmdschl": "05362032", "lagebeztxt": "Merkurweg 14", "bld area": 68, "flstkennz_": "05468202100435______", "area": 231 }, "geometry": { "type": "MultiPolygon", "coordinates": [ [ [ [ 6.709223457185109, 50.913430062906379 ], [ 6.709341345096909, 50.913460717326203 ], [ 6.70938294390085, 50.913398458190066 ], [ 6.709265586331699, 50.91336743646891 ], [ 6.709223457185109, 50.913430062906379 ] ] ] ] } },
{ "type": "Feature", "properties": { "fid": 273958.0, "oid": "DENW41AL30008L2cBL", "aktualit": "2024-08-20", "gebnutzbez": "Gebäude", "funktion": "Wohngebäude", "gfkzshh": "31001_1000", "rellage": null, "name": null, "anzahlgs": null, "gmdschl": "05362032", "lagebeztxt": "Merkurweg 16", "bld area": 73, "flstkennz_": "05468202100435______", "area": 231 }, "geometry": { "type": "MultiPolygon", "coordinates": [ [ [ [ 6.70925940491783, 50.913364679861672 ], [ 6.709377615809557, 50.913395997155355 ], [ 6.709384202434562, 50.913397745376081 ], [ 6.70939824282205, 50.913376632982747 ], [ 6.709424895810402, 50.913336538751693 ], [ 6.709299483281495, 50.913303542154686 ], [ 6.709298115030137, 50.9133056199178 ], [ 6.709277428798091, 50.91331054737504 ], [ 6.709270041523277, 50.913321914822838 ], [ 6.709279380952023, 50.913334527996163 ], [ 6.70925940491783, 50.913364679861672 ] ] ] ] } },
{ "type": "Feature", "properties": { "fid": 62041.0, "oid": "DENW41AL30008MzdBL", "aktualit": "2024-08-20", "gebnutzbez": "Gebäude", "funktion": "Wohngebäude", "gfkzshh": "31001_1000", "rellage": null, "name": null, "anzahlgs": null, "gmdschl": "05362032", "lagebeztxt": "Sistenichstraße 15", "bld area": 57, "flstkennz_": "05468202100467______", "area": 181 }, "geometry": { "type": "MultiPolygon", "coordinates": [ [ [ [ 6.708807905360115, 50.913320172853105 ], [ 6.708922662158078, 50.913350550368925 ], [ 6.708941978766799, 50.913321662776653 ], [ 6.708957441800036, 50.913298527708392 ], [ 6.708833728252911, 50.913265707866877 ], [ 6.708823867930136, 50.913263121850072 ], [ 6.708815120227022, 50.913276405287228 ], [ 6.708833491850108, 50.913281236042835 ], [ 6.708807905360115, 50.913320172853105 ] ] ] ] } },
{ "type": "Feature", "properties": { "fid": 276101.0, "oid": "DENW41AL30008NREBL", "aktualit": "2024-08-20", "gebnutzbez": "Gebäude", "funktion": "Gebäude für Land- und Forstwirtschaft", "gfkzshh": "31001_2700", "rellage": null, "name": null, "anzahlgs": null, "gmdschl": "05362032", "lagebeztxt": null, "bld area": 15, "flstkennz_": "05468202100467______", "area": 181 }, "geometry": { "type": "MultiPolygon", "coordinates": [ [ [ [ 6.708967941752095, 50.913328351422095 ], [ 6.709036673212679, 50.913346294827136 ], [ 6.709052316657365, 50.913323541040647 ], [ 6.70898304855936, 50.913305227345482 ], [ 6.708967941752095, 50.913328351422095 ] ] ] ] } },
{ "type": "Feature", "properties": { "fid": 60084.0, "oid": "DENW41AL30008KBSBL", "aktualit": "2024-08-20", "gebnutzbez": "Gebäude", "funktion": "Wohngebäude", "gfkzshh": "31001_1000", "rellage": null, "name": null, "anzahlgs": null, "gmdschl": "05362032", "lagebeztxt": "Sistenichstraße 13", "bld area": 54, "flstkennz_": "05468202100029______", "area": 355 }, "geometry": { "type": "MultiPolygon", "coordinates": [ [ [ [ 6.708757731621204, 50.913366119019003 ], [ 6.708766286895832, 50.91336833764295 ], [ 6.708889567727939, 50.913400123731094 ], [ 6.70890389648835, 50.913378648298917 ], [ 6.708922662158078, 50.913350550368925 ], [ 6.708807905360115, 50.913320172853105 ], [ 6.708782472877841, 50.913358869840671 ], [ 6.708765435604929, 50.913354389062647 ], [ 6.708757731621204, 50.913366119019003 ] ] ] ] } },
{ "type": "Feature", "properties": { "fid": 63083.0, "oid": "DENW41AL30008OSeBL", "aktualit": "2024-08-20", "gebnutzbez": "Gebäude", "funktion": "Gebäude für Land- und Forstwirtschaft", "gfkzshh": "31001_2700", "rellage": null, "name": null, "anzahlgs": null, "gmdschl": "05362032", "lagebeztxt": null, "bld area": 16, "flstkennz_": "05468202100029______", "area": 355 }, "geometry": { "type": "MultiPolygon", "coordinates": [ [ [ [ 6.708889567727939, 50.913400123731094 ], [ 6.7089348085609, 50.913413180921509 ], [ 6.708969808294574, 50.913423293844843 ], [ 6.708984433913489, 50.913400987779212 ], [ 6.70890389648835, 50.913378648298917 ], [ 6.708889567727939, 50.913400123731094 ] ] ] ] } },
{ "type": "Feature", "properties": { "fid": 61096.0, "oid": "DENW41AL30008LdKBL", "aktualit": "2024-08-20", "gebnutzbez": "Gebäude", "funktion": "Gebäude zur Freizeitgestaltung", "gfkzshh": "31001_1310", "rellage": null, "name": null, "anzahlgs": null, "gmdschl": "05362032", "lagebeztxt": null, "bld area": 32, "flstkennz_": "05468202100428______", "area": 256 }, "geometry": { "type": "MultiPolygon", "coordinates": [ [ [ [ 6.709043555068235, 50.913176936043691 ], [ 6.709165877703942, 50.913203603375798 ], [ 6.709181945801296, 50.913175677304473 ], [ 6.709126549777749, 50.913161116715372 ], [ 6.709064651167501, 50.91314483649294 ], [ 6.709043555068235, 50.913176936043691 ] ] ] ] } },
{ "type": "Feature", "properties": { "fid": 158863.0, "oid": "DENW41AL30008KfmBL", "aktualit": "2024-08-20", "gebnutzbez": "Gebäude", "funktion": "Wohngebäude", "gfkzshh": "31001_1000", "rellage": null, "name": null, "anzahlgs": null, "gmdschl": "05362032", "lagebeztxt": "Sistenichstraße 19", "bld area": 67, "flstkennz_": "05468202100428______", "area": 256 }, "geometry": { "type": "MultiPolygon", "coordinates": [ [ [ [ 6.708904840020728, 50.913156413526423 ], [ 6.708945123451036, 50.913166989952998 ], [ 6.708943492817993, 50.913169485283944 ], [ 6.708933815074611, 50.913166947831179 ], [ 6.708922295845902, 50.913184521018131 ], [ 6.708943786599185, 50.913190150507688 ], [ 6.708948662521236, 50.913182700177536 ], [ 6.709026393251035, 50.913203086775432 ], [ 6.709043555068235, 50.913176936043691 ], [ 6.709064651167501, 50.91314483649294 ], [ 6.708934841427491, 50.913110718855179 ], [ 6.708904840020728, 50.913156413526423 ] ] ] ] } },
{ "type": "Feature", "properties": { "fid": 158886.0, "oid": "DENW41AL30008KiaBL", "aktualit": "2024-08-20", "gebnutzbez": "Gebäude", "funktion": "Wohngebäude", "gfkzshh": "31001_1000", "rellage": null, "name": null, "anzahlgs": null, "gmdschl": "05362032", "lagebeztxt": null, "bld area": 39, "flstkennz_": "05468200800083______", "area": 242 }, "geometry": { "type": "MultiPolygon", "coordinates": [ [ [ [ 6.711155286703177, 50.914968408079716 ], [ 6.711234264706241, 50.914993899302218 ], [ 6.711271684946567, 50.914947764929799 ], [ 6.711178870422774, 50.914918656561625 ], [ 6.711155286703177, 50.914968408079716 ] ] ] ] } },
{ "type": "Feature", "properties": { "fid": 273172.0, "oid": "DENW41AL30008K8yBL", "aktualit": "2024-08-20", "gebnutzbez": "Gebäude", "funktion": "Gemischt genutztes Gebäude mit Wohnen", "gfkzshh": "31001_1100", "rellage": null, "name": null, "anzahlgs": null, "gmdschl": "05362032", "lagebeztxt": "Mittelstraße 2", "bld area": 152, "flstkennz_": "05468200800083______", "area": 242 }, "geometry": { "type": "MultiPolygon", "coordinates": [ [ [ [ 6.711234264706241, 50.914993899302218 ], [ 6.711393976206708, 50.91504564453281 ], [ 6.711472329372713, 50.914949631061454 ], [ 6.711345827218961, 50.914907990003677 ], [ 6.711312769739163, 50.91489711542166 ], [ 6.711271684946567, 50.914947764929799 ], [ 6.711234264706241, 50.914993899302218 ] ] ] ] } },
{ "type": "Feature", "properties": { "fid": 159111.0, "oid": "DENW41AL30008LA7BL", "aktualit": "2024-08-20", "gebnutzbez": "Gebäude", "funktion": "Gemischt genutztes Gebäude mit Wohnen", "gfkzshh": "31001_1100", "rellage": null, "name": null, "anzahlgs": null, "gmdschl": "05362032", "lagebeztxt": "Mittelstraße 4", "bld area": 100, "flstkennz_": "05468200800084______", "area": 221 }, "geometry": { "type": "MultiPolygon", "coordinates": [ [ [ [ 6.711345827218961, 50.914907990003677 ], [ 6.711472329372713, 50.914949631061454 ], [ 6.711538346848352, 50.914870437449352 ], [ 6.711495352743692, 50.91485620214619 ], [ 6.711416911211581, 50.914830217950239 ], [ 6.711410807030181, 50.914828200490398 ], [ 6.711345827218961, 50.914907990003677 ] ] ] ] } },
{ "type": "Feature", "properties": { "fid": 63390.0, "oid": "DENW41AL30008OstBL", "aktualit": "2024-08-20", "gebnutzbez": "Gebäude", "funktion": "Gemischt genutztes Gebäude mit Wohnen", "gfkzshh": "31001_1100", "rellage": null, "name": null, "anzahlgs": null, "gmdschl": "05362032", "lagebeztxt": "Bahnhofstraße 18", "bld area": 130, "flstkennz_": "05468200800308______", "area": 390 }, "geometry": { "type": "MultiPolygon", "coordinates": [ [ [ [ 6.71093393799553, 50.914880223669201 ], [ 6.711098098494673, 50.914946824885234 ], [ 6.711123968064441, 50.914940946453072 ], [ 6.711167540168668, 50.91484976440492 ], [ 6.711083864340493, 50.91483419142768 ], [ 6.711041112764591, 50.914833280973063 ], [ 6.711026986489468, 50.914846872806486 ], [ 6.710985473757183, 50.914829707310652 ], [ 6.71093393799553, 50.914880223669201 ] ] ] ] } },
{ "type": "Feature", "properties": { "fid": 273048.0, "oid": "DENW41AL30008K02BL", "aktualit": "2024-08-20", "gebnutzbez": "Gebäude", "funktion": "Gemischt genutztes Gebäude mit Wohnen", "gfkzshh": "31001_1100", "rellage": null, "name": null, "anzahlgs": null, "gmdschl": "05362032", "lagebeztxt": "Bahnhofstraße 16", "bld area": 129, "flstkennz_": "05468200800308______", "area": 390 }, "geometry": { "type": "MultiPolygon", "coordinates": [ [ [ [ 6.710831071224693, 50.914838523983221 ], [ 6.71093393799553, 50.914880223669201 ], [ 6.710985473757183, 50.914829707310652 ], [ 6.710997396289347, 50.914818113918656 ], [ 6.711034646323244, 50.91478153700929 ], [ 6.71103708223904, 50.914779156379637 ], [ 6.711036232397319, 50.914778788941334 ], [ 6.710968767789164, 50.914750339495939 ], [ 6.711003961474724, 50.914715655993959 ], [ 6.710969992635611, 50.91470190331421 ], [ 6.710913819740027, 50.914757329429506 ], [ 6.710831071224693, 50.914838523983221 ] ] ] ] } },
{ "type": "Feature", "properties": { "fid": 61344.0, "oid": "DENW41AL30008LyjBL", "aktualit": "2024-08-20", "gebnutzbez": "Gebäude", "funktion": "Gebäude zum Parken", "gfkzshh": "31001_2460", "rellage": null, "name": null, "anzahlgs": null, "gmdschl": "05362032", "lagebeztxt": null, "bld area": 24, "flstkennz_": "05468202000399______", "area": 478 }, "geometry": { "type": "MultiPolygon", "coordinates": [ [ [ [ 6.706067404424783, 50.911357885704085 ], [ 6.706116022330785, 50.911363545281397 ], [ 6.706132227668349, 50.9113027668295 ], [ 6.706083779491541, 50.911297128582987 ], [ 6.706072017467691, 50.911340743666813 ], [ 6.706067404424783, 50.911357885704085 ] ] ] ] } },
{ "type": "Feature", "properties": { "fid": 158390.0, "oid": "DENW41AL30008JkFBL", "aktualit": "2024-08-20", "gebnutzbez": "Gebäude", "funktion": "Wohngebäude", "gfkzshh": "31001_1000", "rellage": null, "name": null, "anzahlgs": null, "gmdschl": "05362032", "lagebeztxt": null, "bld area": 45, "flstkennz_": "05468202000399______", "area": 478 }, "geometry": { "type": "MultiPolygon", "coordinates": [ [ [ [ 6.705832476667126, 50.911286000610609 ], [ 6.705907417757268, 50.911288966855864 ], [ 6.705917333962375, 50.911214330792696 ], [ 6.705839893775772, 50.911211270453528 ], [ 6.705832476667126, 50.911286000610609 ] ] ] ] } },
{ "type": "Feature", "properties": { "fid": 276585.0, "oid": "DENW41AL30008NyWBL", "aktualit": "2024-08-20", "gebnutzbez": "Gebäude", "funktion": "Wohngebäude", "gfkzshh": "31001_1000", "rellage": null, "name": null, "anzahlgs": null, "gmdschl": "05362032", "lagebeztxt": "Adenauerstraße 29", "bld area": 94, "flstkennz_": "05468202000399______", "area": 478 }, "geometry": { "type": "MultiPolygon", "coordinates": [ [ [ [ 6.705877497967447, 50.911388213307973 ], [ 6.706054125696183, 50.911407173238089 ], [ 6.706067404424783, 50.911357885704085 ], [ 6.706072017467691, 50.911340743666813 ], [ 6.705896202313746, 50.911321754765176 ], [ 6.705877497967447, 50.911388213307973 ] ] ] ] } },
{ "type": "Feature", "properties": { "fid": 60870.0, "oid": "DENW41AL30008LJ3BL", "aktualit": "2024-08-20", "gebnutzbez": "Gebäude", "funktion": "Gebäude zum Parken", "gfkzshh": "31001_2460", "rellage": null, "name": null, "anzahlgs": null, "gmdschl": "05362032", "lagebeztxt": null, "bld area": 15, "flstkennz_": "05468202000449______", "area": 4094 }, "geometry": { "type": "MultiPolygon", "coordinates": [ [ [ [ 6.705846444899248, 50.91115877470029 ], [ 6.705922667645519, 50.911161999979619 ], [ 6.705924847046629, 50.911136778366476 ], [ 6.705849062722818, 50.911133606677637 ], [ 6.705846444899248, 50.91115877470029 ] ] ] ] } },
{ "type": "Feature", "properties": { "fid": 158506.0, "oid": "DENW41AL30008JxlBL", "aktualit": "2024-08-20", "gebnutzbez": "Gebäude", "funktion": "Gebäude zum Parken", "gfkzshh": "31001_2460", "rellage": null, "name": null, "anzahlgs": null, "gmdschl": "05362032", "lagebeztxt": null, "bld area": 15, "flstkennz_": "05468202000449______", "area": 4094 }, "geometry": { "type": "MultiPolygon", "coordinates": [ [ [ [ 6.705849062722818, 50.911133606677637 ], [ 6.705924847046629, 50.911136778366476 ], [ 6.705927011348479, 50.911111574444625 ], [ 6.705851644092427, 50.911108312020644 ], [ 6.705849062722818, 50.911133606677637 ] ] ] ] } },
{ "type": "Feature", "properties": { "fid": 160092.0, "oid": "DENW41AL30008N8sBL", "aktualit": "2024-08-20", "gebnutzbez": "Gebäude", "funktion": "Gebäude zum Parken", "gfkzshh": "31001_2460", "rellage": null, "name": null, "anzahlgs": null, "gmdschl": "05362032", "lagebeztxt": null, "bld area": 15, "flstkennz_": "05468202000449______", "area": 4094 }, "geometry": { "type": "MultiPolygon", "coordinates": [ [ [ [ 6.705843889296762, 50.911184123828235 ], [ 6.70592050201232, 50.911187230857415 ], [ 6.705922667645519, 50.911161999979619 ], [ 6.705846444899248, 50.91115877470029 ], [ 6.705843889296762, 50.911184123828235 ] ] ] ] } },
{ "type": "Feature", "properties": { "fid": 160162.0, "oid": "DENW41AL30008NI3BL", "aktualit": "2024-08-20", "gebnutzbez": "Gebäude", "funktion": "Gebäude zum Parken", "gfkzshh": "31001_2460", "rellage": null, "name": null, "anzahlgs": null, "gmdschl": "05362032", "lagebeztxt": null, "bld area": 15, "flstkennz_": "05468202000449______", "area": 4094 }, "geometry": { "type": "MultiPolygon", "coordinates": [ [ [ [ 6.706073894371917, 50.910569841399422 ], [ 6.706149309081718, 50.910574435746859 ], [ 6.706153134314913, 50.910549300443648 ], [ 6.706077719645218, 50.910544706099181 ], [ 6.706073894371917, 50.910569841399422 ] ] ] ] } },
{ "type": "Feature", "properties": { "fid": 273173.0, "oid": "DENW41AL30008K91BL", "aktualit": "2024-08-20", "gebnutzbez": "Gebäude", "funktion": "Gebäude zum Parken", "gfkzshh": "31001_2460", "rellage": null, "name": null, "anzahlgs": null, "gmdschl": "05362032", "lagebeztxt": null, "bld area": 15, "flstkennz_": "05468202000449______", "area": 4094 }, "geometry": { "type": "MultiPolygon", "coordinates": [ [ [ [ 6.706077719645218, 50.910544706099181 ], [ 6.706153134314913, 50.910549300443648 ], [ 6.706157038928688, 50.910523708000895 ], [ 6.706081610529276, 50.910519104394666 ], [ 6.706077719645218, 50.910544706099181 ] ] ] ] } },
{ "type": "Feature", "properties": { "fid": 273549.0, "oid": "DENW41AL30008KZjBL", "aktualit": "2024-08-20", "gebnutzbez": "Gebäude", "funktion": "Gebäude zum Parken", "gfkzshh": "31001_2460", "rellage": null, "name": null, "anzahlgs": null, "gmdschl": "05362032", "lagebeztxt": null, "bld area": 15, "flstkennz_": "05468202000449______", "area": 4094 }, "geometry": { "type": "MultiPolygon", "coordinates": [ [ [ [ 6.705851644092427, 50.911108312020644 ], [ 6.705927011348479, 50.911111574444625 ], [ 6.705929217259389, 50.91108581370576 ], [ 6.705854289309604, 50.911082586901379 ], [ 6.705851644092427, 50.911108312020644 ] ] ] ] } },
{ "type": "Feature", "properties": { "fid": 275192.0, "oid": "DENW41AL30008MQuBL", "aktualit": "2024-08-20", "gebnutzbez": "Gebäude", "funktion": "Gebäude zum Parken", "gfkzshh": "31001_2460", "rellage": null, "name": null, "anzahlgs": null, "gmdschl": "05362032", "lagebeztxt": null, "bld area": 15, "flstkennz_": "05468202000449______", "area": 4094 }, "geometry": { "type": "MultiPolygon", "coordinates": [ [ [ [ 6.705841392097895, 50.911208574693148 ], [ 6.705918372243413, 50.911212021728709 ], [ 6.70592050201232, 50.911187230857415 ], [ 6.705843889296762, 50.911184123828235 ], [ 6.705841392097895, 50.911208574693148 ] ] ] ] } },
{ "type": "Feature", "properties": { "fid": 275588.0, "oid": "DENW41AL30008MrtBL", "aktualit": "2024-08-20", "gebnutzbez": "Gebäude", "funktion": "Wohngebäude", "gfkzshh": "31001_1000", "rellage": null, "name": null, "anzahlgs": null, "gmdschl": "05362032", "lagebeztxt": "Thomas-Mann-Straße 3, 4", "bld area": 431, "flstkennz_": "05468202000449______", "area": 4094 }, "geometry": { "type": "MultiPolygon", "coordinates": [ [ [ [ 6.705961279722349, 50.910631746721734 ], [ 6.705985081866555, 50.910999947822397 ], [ 6.706134525787825, 50.910995681133407 ], [ 6.706110716791743, 50.910627884671193 ], [ 6.705961279722349, 50.910631746721734 ] ] ] ] } },
{ "type": "Feature", "properties": { "fid": 275788.0, "oid": "DENW41AL30008N5RBL", "aktualit": "2024-08-20", "gebnutzbez": "Gebäude", "funktion": "Gebäude zum Parken", "gfkzshh": "31001_2460", "rellage": null, "name": null, "anzahlgs": null, "gmdschl": "05362032", "lagebeztxt": null, "bld area": 15, "flstkennz_": "05468202000449______", "area": 4094 }, "geometry": { "type": "MultiPolygon", "coordinates": [ [ [ [ 6.706070003478495, 50.910595443103361 ], [ 6.706145404458561, 50.910600028189037 ], [ 6.706149309081718, 50.910574435746859 ], [ 6.706073894371917, 50.910569841399422 ], [ 6.706070003478495, 50.910595443103361 ] ] ] ] } },
{ "type": "Feature", "properties": { "fid": 276976.0, "oid": "DENW41AL30008ONmBL", "aktualit": "2024-08-20", "gebnutzbez": "Gebäude", "funktion": "Wohngebäude", "gfkzshh": "31001_1000", "rellage": null, "name": null, "anzahlgs": null, "gmdschl": "05362032", "lagebeztxt": "Thomas-Mann-Straße 5, 6", "bld area": 429, "flstkennz_": "05468202000449______", "area": 4094 }, "geometry": { "type": "MultiPolygon", "coordinates": [ [ [ [ 6.705988614834896, 50.910464705789096 ], [ 6.706131885996185, 50.910491329467639 ], [ 6.706295751065335, 50.910138788274871 ], [ 6.706152763800994, 50.910112197352355 ], [ 6.705988614834896, 50.910464705789096 ] ] ] ] } },
{ "type": "Feature", "properties": { "fid": 61495.0, "oid": "DENW41AL30008MCfBL", "aktualit": "2024-08-20", "gebnutzbez": "Gebäude", "funktion": "Wohngebäude", "gfkzshh": "31001_1000", "rellage": null, "name": null, "anzahlgs": null, "gmdschl": "05362032", "lagebeztxt": "Adenauerstraße 27", "bld area": 63, "flstkennz_": "05468202000302______", "area": 301 }, "geometry": { "type": "MultiPolygon", "coordinates": [ [ [ [ 6.706142746878037, 50.911418071218307 ], [ 6.706243671748233, 50.911428725280935 ], [ 6.706257035195142, 50.911378000334402 ], [ 6.706264218921057, 50.911350529614559 ], [ 6.706260822015274, 50.911350175036745 ], [ 6.706163434573543, 50.911339914307057 ], [ 6.706142746878037, 50.911418071218307 ] ] ] ] } },
{ "type": "Feature", "properties": { "fid": 274534.0, "oid": "DENW41AL30008LgDBL", "aktualit": "2024-08-20", "gebnutzbez": "Gebäude", "funktion": "Gebäude zum Parken", "gfkzshh": "31001_2460", "rellage": null, "name": null, "anzahlgs": null, "gmdschl": "05362032", "lagebeztxt": null, "bld area": 17, "flstkennz_": "05468202000302______", "area": 301 }, "geometry": { "type": "MultiPolygon", "coordinates": [ [ [ [ 6.706257035195142, 50.911378000334402 ], [ 6.706299014639988, 50.911382396097643 ], [ 6.706311925782264, 50.911333056342038 ], [ 6.706266505954296, 50.911328323139116 ], [ 6.706260822015274, 50.911350175036745 ], [ 6.706264218921057, 50.911350529614559 ], [ 6.706257035195142, 50.911378000334402 ] ] ] ] } },
{ "type": "Feature", "properties": { "fid": 60891.0, "oid": "DENW41AL30008LL2BL", "aktualit": "2024-08-20", "gebnutzbez": "Gebäude", "funktion": "Wohngebäude", "gfkzshh": "31001_1000", "rellage": null, "name": null, "anzahlgs": null, "gmdschl": "05362032", "lagebeztxt": "Merkurweg 24", "bld area": 133, "flstkennz_": "05468202100461______", "area": 270 }, "geometry": { "type": "MultiPolygon", "coordinates": [ [ [ [ 6.709404170010482, 50.91304012702328 ], [ 6.709454971206045, 50.913053518004297 ], [ 6.709578990191985, 50.9130861992776 ], [ 6.709615669426089, 50.913029950502114 ], [ 6.709622229347701, 50.913031662209285 ], [ 6.709623859057194, 50.913029184839154 ], [ 6.709612328101787, 50.913026143378261 ], [ 6.709620521494974, 50.913013712437667 ], [ 6.709632038234663, 50.913016753618777 ], [ 6.70963368215632, 50.913014276527427 ], [ 6.70962715110439, 50.913012556393383 ], [ 6.709633560296355, 50.913002851624903 ], [ 6.709556309779584, 50.912982537814329 ], [ 6.709460490984244, 50.912957344467188 ], [ 6.709404170010482, 50.91304012702328 ] ] ] ] } },
{ "type": "Feature", "properties": { "fid": 159117.0, "oid": "DENW41AL30008LAMBL", "aktualit": "2024-08-20", "gebnutzbez": "Gebäude", "funktion": "Gebäude zum Parken", "gfkzshh": "31001_2460", "rellage": null, "name": null, "anzahlgs": null, "gmdschl": "05362032", "lagebeztxt": null, "bld area": 54, "flstkennz_": "05468202100461______", "area": 270 }, "geometry": { "type": "MultiPolygon", "coordinates": [ [ [ [ 6.709539932550578, 50.912977944185727 ], [ 6.709618798251897, 50.912998973258745 ], [ 6.709668104513197, 50.912924021709053 ], [ 6.709589084427348, 50.912903241473359 ], [ 6.709539932550578, 50.912977944185727 ] ] ] ] } },
{ "type": "Feature", "properties": { "fid": 62337.0, "oid": "DENW41AL30008NQBBL", "aktualit": "2024-08-20", "gebnutzbez": "Gebäude", "funktion": "Wohngebäude", "gfkzshh": "31001_1000", "rellage": null, "name": null, "anzahlgs": null, "gmdschl": "05362032", "lagebeztxt": null, "bld area": 8, "flstkennz_": "05468202100437______", "area": 259 }, "geometry": { "type": "MultiPolygon", "coordinates": [ [ [ [ 6.7091363537744, 50.913035373730786 ], [ 6.709165554872068, 50.913043043296518 ], [ 6.709176022466472, 50.913026312876603 ], [ 6.709180221910464, 50.913027420638585 ], [ 6.70918801251503, 50.913016240995475 ], [ 6.709154667517241, 50.913007491745127 ], [ 6.7091363537744, 50.913035373730786 ] ] ] ] } },
{ "type": "Feature", "properties": { "fid": 62994.0, "oid": "DENW41AL30008OKjBL", "aktualit": "2024-08-20", "gebnutzbez": "Gebäude", "funktion": "Wohngebäude", "gfkzshh": "31001_1000", "rellage": null, "name": null, "anzahlgs": null, "gmdschl": "05362032", "lagebeztxt": null, "bld area": 51, "flstkennz_": "05468202100437______", "area": 259 }, "geometry": { "type": "MultiPolygon", "coordinates": [ [ [ [ 6.709119699938253, 50.913060742966707 ], [ 6.709262490472538, 50.913098218166027 ], [ 6.709290047121454, 50.913056234952535 ], [ 6.709180221910464, 50.913027420638585 ], [ 6.709176022466472, 50.913026312876603 ], [ 6.709165554872068, 50.913043043296518 ], [ 6.7091363537744, 50.913035373730786 ], [ 6.709119699938253, 50.913060742966707 ] ] ] ] } },
{ "type": "Feature", "properties": { "fid": 274575.0, "oid": "DENW41AL30008LjKBL", "aktualit": "2024-08-20", "gebnutzbez": "Gebäude", "funktion": "Wohngebäude", "gfkzshh": "31001_1000", "rellage": null, "name": null, "anzahlgs": null, "gmdschl": "05362032", "lagebeztxt": "Sistenichstraße 23", "bld area": 68, "flstkennz_": "05468202100437______", "area": 259 }, "geometry": { "type": "MultiPolygon", "coordinates": [ [ [ [ 6.708989134355735, 50.913027824754302 ], [ 6.709118945674019, 50.913061906387881 ], [ 6.709119699938253, 50.913060742966707 ], [ 6.7091363537744, 50.913035373730786 ], [ 6.709154667517241, 50.913007491745127 ], [ 6.709157805333787, 50.91300269652438 ], [ 6.709079978561917, 50.912982532978873 ], [ 6.709084303042895, 50.912975881287323 ], [ 6.709062655141695, 50.912970266726212 ], [ 6.709051465474222, 50.912987504619366 ], [ 6.709060765168112, 50.912989917717873 ], [ 6.70905914920227, 50.912992404344244 ], [ 6.709019273222596, 50.912981934889842 ], [ 6.708989134355735, 50.913027824754302 ] ] ] ] } },
{ "type": "Feature", "properties": { "fid": 60891.0, "oid": "DENW41AL30008LL2BL", "aktualit": "2024-08-20", "gebnutzbez": "Gebäude", "funktion": "Wohngebäude", "gfkzshh": "31001_1000", "rellage": null, "name": null, "anzahlgs": null, "gmdschl": "05362032", "lagebeztxt": "Merkurweg 24", "bld area": 133, "flstkennz_": "05468202100438______", "area": 243 }, "geometry": { "type": "MultiPolygon", "coordinates": [ [ [ [ 6.709404170010482, 50.91304012702328 ], [ 6.709454971206045, 50.913053518004297 ], [ 6.709578990191985, 50.9130861992776 ], [ 6.709615669426089, 50.913029950502114 ], [ 6.709622229347701, 50.913031662209285 ], [ 6.709623859057194, 50.913029184839154 ], [ 6.709612328101787, 50.913026143378261 ], [ 6.709620521494974, 50.913013712437667 ], [ 6.709632038234663, 50.913016753618777 ], [ 6.70963368215632, 50.913014276527427 ], [ 6.70962715110439, 50.913012556393383 ], [ 6.709633560296355, 50.913002851624903 ], [ 6.709556309779584, 50.912982537814329 ], [ 6.709460490984244, 50.912957344467188 ], [ 6.709404170010482, 50.91304012702328 ] ] ] ] } },
{ "type": "Feature", "properties": { "fid": 274114.0, "oid": "DENW41AL30008LCiBL", "aktualit": "2024-11-06", "gebnutzbez": "Gebäude", "funktion": "Wohngebäude", "gfkzshh": "31001_1000", "rellage": null, "name": null, "anzahlgs": null, "gmdschl": "05362032", "lagebeztxt": "Merkurweg 22", "bld area": 86, "flstkennz_": "05468202100438______", "area": 243 }, "geometry": { "type": "MultiPolygon", "coordinates": [ [ [ [ 6.709401154981533, 50.913135702144849 ], [ 6.709534922547151, 50.913170931261639 ], [ 6.709536674797778, 50.913168276415732 ], [ 6.709526786910497, 50.913165671929242 ], [ 6.70957724730646, 50.913088953243083 ], [ 6.709587134298067, 50.913091575696022 ], [ 6.709588929182374, 50.913088921686089 ], [ 6.709578990191985, 50.9130861992776 ], [ 6.709454971206045, 50.913053518004297 ], [ 6.709453203418265, 50.91305619952638 ], [ 6.709464552245653, 50.913059183463702 ], [ 6.709413984263712, 50.913136061884643 ], [ 6.709402845972401, 50.913133136039519 ], [ 6.709401154981533, 50.913135702144849 ] ] ] ] } },
{ "type": "Feature", "properties": { "fid": 59920.0, "oid": "DENW41AL30008JwvBL", "aktualit": "2024-08-20", "gebnutzbez": "Gebäude", "funktion": "Gebäude für Land- und Forstwirtschaft", "gfkzshh": "31001_2700", "rellage": null, "name": null, "anzahlgs": null, "gmdschl": "05362032", "lagebeztxt": null, "bld area": 3, "flstkennz_": "05468202100033______", "area": 505 }, "geometry": { "type": "MultiPolygon", "coordinates": [ [ [ [ 6.709059619638131, 50.91313894551746 ], [ 6.709080182904961, 50.913144340916162 ], [ 6.709089502739251, 50.913130124309895 ], [ 6.709068939477504, 50.913124728912891 ], [ 6.709059619638131, 50.91313894551746 ] ] ] ] } },
{ "type": "Feature", "properties": { "fid": 275543.0, "oid": "DENW41AL30008Mp1BL", "aktualit": "2024-08-20", "gebnutzbez": "Gebäude", "funktion": "Wohngebäude", "gfkzshh": "31001_1000", "rellage": null, "name": null, "anzahlgs": null, "gmdschl": "05362032", "lagebeztxt": "Sistenichstraße 21", "bld area": 84, "flstkennz_": "05468202100033______", "area": 505 }, "geometry": { "type": "MultiPolygon", "coordinates": [ [ [ [ 6.708934841427491, 50.913110718855179 ], [ 6.709064651167501, 50.91314483649294 ], [ 6.709065559042259, 50.913143442240909 ], [ 6.709054012559721, 50.913140427402332 ], [ 6.709106883208173, 50.913059259177821 ], [ 6.709118668651394, 50.913062332666826 ], [ 6.709118945674019, 50.913061906387881 ], [ 6.708989134355735, 50.913027824754302 ], [ 6.708988395184789, 50.913028970482735 ], [ 6.708999673790983, 50.913031935098807 ], [ 6.708975502893927, 50.913068705173998 ], [ 6.708959505127878, 50.913064496665548 ], [ 6.708950509787143, 50.913078188979995 ], [ 6.708966521770238, 50.913082397768733 ], [ 6.708946887118947, 50.913112259478908 ], [ 6.708935748864024, 50.913109333589638 ], [ 6.708934841427491, 50.913110718855179 ] ] ] ] } },
{ "type": "Feature", "properties": { "fid": 61716.0, "oid": "DENW41AL30008MWMBL", "aktualit": "2024-08-20", "gebnutzbez": "Gebäude", "funktion": "Wohngebäude", "gfkzshh": "31001_1000", "rellage": null, "name": null, "anzahlgs": null, "gmdschl": "05362032", "lagebeztxt": null, "bld area": 35, "flstkennz_": "054682021001580003__", "area": 238 }, "geometry": { "type": "MultiPolygon", "coordinates": [ [ [ [ 6.705121346877262, 50.912432375692013 ], [ 6.705188840422971, 50.91245286935807 ], [ 6.705193984981255, 50.912454427566729 ], [ 6.705231787656552, 50.912403490760845 ], [ 6.705227357797654, 50.912402153471994 ], [ 6.705159149612474, 50.912381438910266 ], [ 6.705121346877262, 50.912432375692013 ] ] ] ] } },
{ "type": "Feature", "properties": { "fid": 275290.0, "oid": "DENW41AL30008MYTBL", "aktualit": "2024-08-20", "gebnutzbez": "Gebäude", "funktion": "Wohngebäude", "gfkzshh": "31001_1000", "rellage": null, "name": null, "anzahlgs": null, "gmdschl": "05362032", "lagebeztxt": "Wiesenstraße 46", "bld area": 44, "flstkennz_": "054682021001580003__", "area": 238 }, "geometry": { "type": "MultiPolygon", "coordinates": [ [ [ [ 6.705190066461257, 50.912339756562424 ], [ 6.70525846518284, 50.912360645741209 ], [ 6.70530849856678, 50.91229533398073 ], [ 6.705238663899027, 50.912274137777217 ], [ 6.705190066461257, 50.912339756562424 ] ] ] ] } },
{ "type": "Feature", "properties": { "fid": 272912.0, "oid": "DENW41AL30008Jr6BL", "aktualit": "2024-08-20", "gebnutzbez": "Gebäude", "funktion": "Wohngebäude", "gfkzshh": "31001_1000", "rellage": null, "name": null, "anzahlgs": null, "gmdschl": "05362032", "lagebeztxt": "Am Kalkofen 43", "bld area": 128, "flstkennz_": "05468202100430______", "area": 375 }, "geometry": { "type": "MultiPolygon", "coordinates": [ [ [ [ 6.704861869894637, 50.912586954300956 ], [ 6.704977896721852, 50.912630177314753 ], [ 6.704977311020989, 50.91263080437821 ], [ 6.70498058436649, 50.912638297885856 ], [ 6.704996628619141, 50.912644153780022 ], [ 6.705008568911526, 50.912642337936738 ], [ 6.705009079125526, 50.91264179932972 ], [ 6.705010057239693, 50.912642160341079 ], [ 6.705067091635809, 50.912578857136161 ], [ 6.705073668365394, 50.91257154833955 ], [ 6.705036822552902, 50.912557926205601 ], [ 6.705044183523536, 50.912550003245322 ], [ 6.70504076101398, 50.91254872173576 ], [ 6.705011408296654, 50.912537792280638 ], [ 6.705015163605999, 50.912533755822864 ], [ 6.705011645154559, 50.91252459358563 ], [ 6.704961470959958, 50.912506014390758 ], [ 6.704947028895241, 50.912508365645962 ], [ 6.704943259369156, 50.912512401821985 ], [ 6.704933437832017, 50.912508745937153 ], [ 6.704917591146858, 50.912526053751961 ], [ 6.704910813224496, 50.912523572991759 ], [ 6.704900297799685, 50.912525344894256 ], [ 6.704892027874285, 50.912534392221488 ], [ 6.704895041570317, 50.912540801332177 ], [ 6.704901833265181, 50.91254329135824 ], [ 6.704861869894637, 50.912586954300956 ] ] ] ] } },
{ "type": "Feature", "properties": { "fid": 273139.0, "oid": "DENW41AL30008K6hBL", "aktualit": "2024-08-20", "gebnutzbez": "Gebäude", "funktion": "Wohngebäude", "gfkzshh": "31001_1000", "rellage": null, "name": null, "anzahlgs": null, "gmdschl": "05362032", "lagebeztxt": null, "bld area": 16, "flstkennz_": "05468202100430______", "area": 375 }, "geometry": { "type": "MultiPolygon", "coordinates": [ [ [ [ 6.705036822552902, 50.912557926205601 ], [ 6.705073668365394, 50.91257154833955 ], [ 6.705080786826052, 50.912563638596261 ], [ 6.705108974680792, 50.912532317782869 ], [ 6.705070084356553, 50.912518322672291 ], [ 6.70504076101398, 50.91254872173576 ], [ 6.705044183523536, 50.912550003245322 ], [ 6.705036822552902, 50.912557926205601 ] ] ] ] } },
{ "type": "Feature", "properties": { "fid": 62342.0, "oid": "DENW41AL30008NQLBL", "aktualit": "2024-08-20", "gebnutzbez": "Gebäude", "funktion": "Wohngebäude", "gfkzshh": "31001_1000", "rellage": null, "name": null, "anzahlgs": null, "gmdschl": "05362032", "lagebeztxt": null, "bld area": 31, "flstkennz_": "05468202100440______", "area": 342 }, "geometry": { "type": "MultiPolygon", "coordinates": [ [ [ [ 6.705070611086934, 50.912303481737368 ], [ 6.70511929145126, 50.912318298955704 ], [ 6.705168378017999, 50.912252860705728 ], [ 6.705118924392742, 50.912237857413338 ], [ 6.705070611086934, 50.912303481737368 ] ] ] ] } },
{ "type": "Feature", "properties": { "fid": 159162.0, "oid": "DENW41AL30008LFnBL", "aktualit": "2024-08-20", "gebnutzbez": "Gebäude", "funktion": "Wohngebäude", "gfkzshh": "31001_1000", "rellage": null, "name": null, "anzahlgs": null, "gmdschl": "05362032", "lagebeztxt": "Wiesenstraße 48", "bld area": 44, "flstkennz_": "05468202100440______", "area": 342 }, "geometry": { "type": "MultiPolygon", "coordinates": [ [ [ [ 6.70511929145126, 50.912318298955704 ], [ 6.705126720433956, 50.912320558659999 ], [ 6.705171857117461, 50.912334244865939 ], [ 6.705190066461257, 50.912339756562424 ], [ 6.705238663899027, 50.912274137777217 ], [ 6.705168378017999, 50.912252860705728 ], [ 6.70511929145126, 50.912318298955704 ] ] ] ] } },
{ "type": "Feature", "properties": { "fid": 159786.0, "oid": "DENW41AL30008MXsBL", "aktualit": "2024-08-20", "gebnutzbez": "Gebäude", "funktion": "Wohngebäude", "gfkzshh": "31001_1000", "rellage": null, "name": null, "anzahlgs": null, "gmdschl": "05362032", "lagebeztxt": null, "bld area": 16, "flstkennz_": "05468202100440______", "area": 342 }, "geometry": { "type": "MultiPolygon", "coordinates": [ [ [ [ 6.705098638146295, 50.91235841127736 ], [ 6.705143774857481, 50.91237209749444 ], [ 6.705171781189596, 50.912334342308078 ], [ 6.705171857117461, 50.912334244865939 ], [ 6.705126720433956, 50.912320558659999 ], [ 6.705126462013718, 50.912320895354426 ], [ 6.705098638146295, 50.91235841127736 ] ] ] ] } },
{ "type": "Feature", "properties": { "fid": 159773.0, "oid": "DENW41AL30008MW9BL", "aktualit": "2024-08-20", "gebnutzbez": "Gebäude", "funktion": "Gebäude zum Parken", "gfkzshh": "31001_2460", "rellage": null, "name": null, "anzahlgs": null, "gmdschl": "05362032", "lagebeztxt": null, "bld area": 15, "flstkennz_": "05468202100440______", "area": 342 }, "geometry": { "type": "MultiPolygon", "coordinates": [ [ [ [ 6.705014364299126, 50.91231869093923 ], [ 6.705050172224413, 50.912329693373962 ], [ 6.705083661466187, 50.912285174531185 ], [ 6.705047170460277, 50.912274176661704 ], [ 6.705014364299126, 50.91231869093923 ] ] ] ] } },
{ "type": "Feature", "properties": { "fid": 60647.0, "oid": "DENW41AL30008Kz2BL", "aktualit": "2024-08-20", "gebnutzbez": "Gebäude", "funktion": "Gebäude für Land- und Forstwirtschaft", "gfkzshh": "31001_2700", "rellage": null, "name": null, "anzahlgs": null, "gmdschl": "05362032", "lagebeztxt": null, "bld area": 4, "flstkennz_": "05468202100026______", "area": 522 }, "geometry": { "type": "MultiPolygon", "coordinates": [ [ [ [ 6.708731558235892, 50.913637676778905 ], [ 6.708751909362585, 50.913643050080644 ], [ 6.708767046663619, 50.913620178465251 ], [ 6.708746681773007, 50.913614795901772 ], [ 6.708731558235892, 50.913637676778905 ] ] ] ] } },
{ "type": "Feature", "properties": { "fid": 272611.0, "oid": "DENW41AL30008JWWBL", "aktualit": "2024-08-20", "gebnutzbez": "Gebäude", "funktion": "Wohngebäude", "gfkzshh": "31001_1000", "rellage": null, "name": null, "anzahlgs": null, "gmdschl": "05362032", "lagebeztxt": "Merkurweg 8", "bld area": 51, "flstkennz_": "05468202100026______", "area": 522 }, "geometry": { "type": "MultiPolygon", "coordinates": [ [ [ [ 6.709343663455599, 50.913607834931952 ], [ 6.70927632339274, 50.913589702633132 ], [ 6.709225113896639, 50.913673250998329 ], [ 6.709292642553288, 50.913691355380685 ], [ 6.709292797701645, 50.913691101729917 ], [ 6.709343663455599, 50.913607834931952 ] ] ] ] } },
{ "type": "Feature", "properties": { "fid": 273498.0, "oid": "DENW41AL30008KWFBL", "aktualit": "2024-08-20", "gebnutzbez": "Gebäude", "funktion": "Wohngebäude", "gfkzshh": "31001_1000", "rellage": null, "name": null, "anzahlgs": null, "gmdschl": "05362032", "lagebeztxt": "Sistenichstraße 7", "bld area": 86, "flstkennz_": "05468202100026______", "area": 522 }, "geometry": { "type": "MultiPolygon", "coordinates": [ [ [ [ 6.708608311756568, 50.913608076769982 ], [ 6.708737724201546, 50.913642195954957 ], [ 6.708737800565677, 50.913642089525005 ], [ 6.708725989225258, 50.913638961525514 ], [ 6.708780155157813, 50.913557225267652 ], [ 6.708791952709541, 50.913560343997005 ], [ 6.708792706107506, 50.913559198549123 ], [ 6.708663068641839, 50.913525030034897 ], [ 6.708662114575739, 50.913526495329734 ], [ 6.708669980040821, 50.913528565505167 ], [ 6.708645766858642, 50.913565316694374 ], [ 6.70862934785064, 50.913560991941857 ], [ 6.708620324327962, 50.913574674683673 ], [ 6.70863672912647, 50.913578999158446 ], [ 6.708616929752983, 50.91360901947337 ], [ 6.70860906427692, 50.913606949294248 ], [ 6.708608311756568, 50.913608076769982 ] ] ] ] } },
{ "type": "Feature", "properties": { "fid": 273553.0, "oid": "DENW41AL30008KZrBL", "aktualit": "2024-08-20", "gebnutzbez": "Gebäude", "funktion": "Wohngebäude", "gfkzshh": "31001_1000", "rellage": null, "name": null, "anzahlgs": null, "gmdschl": "05362032", "lagebeztxt": "Sistenichstraße 5", "bld area": 67, "flstkennz_": "05468202100025______", "area": 442 }, "geometry": { "type": "MultiPolygon", "coordinates": [ [ [ [ 6.70857834827707, 50.913653565238505 ], [ 6.708618265509579, 50.913663783814584 ], [ 6.708616691253188, 50.913666289242038 ], [ 6.708606768266572, 50.913663818900503 ], [ 6.708595846192053, 50.913681394786352 ], [ 6.708616827567832, 50.913686681551177 ], [ 6.708620834277392, 50.913680419377897 ], [ 6.708699108350583, 50.913700475080219 ], [ 6.708737724201546, 50.913642195954957 ], [ 6.708608311756568, 50.913608076769982 ], [ 6.70857834827707, 50.913653565238505 ] ] ] ] } },
{ "type": "Feature", "properties": { "fid": 275024.0, "oid": "DENW41AL30008MF2BL", "aktualit": "2024-08-20", "gebnutzbez": "Gebäude", "funktion": "Gebäude zur Freizeitgestaltung", "gfkzshh": "31001_1310", "rellage": null, "name": null, "anzahlgs": null, "gmdschl": "05362032", "lagebeztxt": null, "bld area": 19, "flstkennz_": "05468202100025______", "area": 442 }, "geometry": { "type": "MultiPolygon", "coordinates": [ [ [ [ 6.708775872884503, 50.913690442799393 ], [ 6.708838653869683, 50.913707019310166 ], [ 6.708860135358392, 50.91367461256894 ], [ 6.708860182412655, 50.913674523551691 ], [ 6.708797415234824, 50.91365795631738 ], [ 6.708797384600931, 50.913658000686468 ], [ 6.708775872884503, 50.913690442799393 ] ] ] ] } },
{ "type": "Feature", "properties": { "fid": 275830.0, "oid": "DENW41AL30008N8BBL", "aktualit": "2024-08-20", "gebnutzbez": "Gebäude", "funktion": "Wohngebäude", "gfkzshh": "31001_1000", "rellage": null, "name": null, "anzahlgs": null, "gmdschl": "05362032", "lagebeztxt": "Sistenichstraße 1", "bld area": 71, "flstkennz_": "05468202100378______", "area": 310 }, "geometry": { "type": "MultiPolygon", "coordinates": [ [ [ [ 6.708533913452374, 50.913892826328834 ], [ 6.708634299686085, 50.913919486200818 ], [ 6.708665209243527, 50.913872118538485 ], [ 6.708671055778331, 50.913863158279419 ], [ 6.708642147442514, 50.913855602271056 ], [ 6.70865948373112, 50.913829095256759 ], [ 6.708544074333791, 50.91379865970638 ], [ 6.708543105603187, 50.913800133706424 ], [ 6.708588285103081, 50.913812128520092 ], [ 6.70857203325293, 50.913836543202613 ], [ 6.708570446555041, 50.913836116307451 ], [ 6.708566135689651, 50.913842777241584 ], [ 6.708550709856275, 50.91383879576739 ], [ 6.708542902354184, 50.913850892435285 ], [ 6.708558342404302, 50.913854874189639 ], [ 6.708533913452374, 50.913892826328834 ] ] ] ] } },
{ "type": "Feature", "properties": { "fid": 62037.0, "oid": "DENW41AL30008Mz5BL", "aktualit": "2024-08-20", "gebnutzbez": "Gebäude", "funktion": "Wohngebäude", "gfkzshh": "31001_1000", "rellage": null, "name": null, "anzahlgs": null, "gmdschl": "05362032", "lagebeztxt": null, "bld area": 24, "flstkennz_": "05468202100378______", "area": 310 }, "geometry": { "type": "MultiPolygon", "coordinates": [ [ [ [ 6.708642147442514, 50.913855602271056 ], [ 6.708671055778331, 50.913863158279419 ], [ 6.708665209243527, 50.913872118538485 ], [ 6.708717787888459, 50.913885832544231 ], [ 6.708740819702773, 50.913850542173762 ], [ 6.708696479248665, 50.913838842710618 ], [ 6.70865948373112, 50.913829095256759 ], [ 6.708642147442514, 50.913855602271056 ] ] ] ] } },
{ "type": "Feature", "properties": { "fid": 158721.0, "oid": "DENW41AL30008KOjBL", "aktualit": "2024-08-20", "gebnutzbez": "Gebäude", "funktion": "Wohngebäude", "gfkzshh": "31001_1000", "rellage": null, "name": null, "anzahlgs": null, "gmdschl": "05362032", "lagebeztxt": "Am Kalkofen 3 a", "bld area": 115, "flstkennz_": "05468202100377______", "area": 341 }, "geometry": { "type": "MultiPolygon", "coordinates": [ [ [ [ 6.708704343141378, 50.914012097616272 ], [ 6.708840868228704, 50.914064506423408 ], [ 6.70891611207201, 50.913985522383129 ], [ 6.708780034012101, 50.913933284332884 ], [ 6.708704343141378, 50.914012097616272 ] ] ] ] } },
{ "type": "Feature", "properties": { "fid": 273264.0, "oid": "DENW41AL30008KFkBL", "aktualit": "2024-08-20", "gebnutzbez": "Gebäude", "funktion": "Wohngebäude", "gfkzshh": "31001_1000", "rellage": null, "name": null, "anzahlgs": null, "gmdschl": "05362032", "lagebeztxt": null, "bld area": 60, "flstkennz_": "05468202100377______", "area": 341 }, "geometry": { "type": "MultiPolygon", "coordinates": [ [ [ [ 6.708633305816794, 50.913984601981795 ], [ 6.708704343141378, 50.914012097616272 ], [ 6.708780034012101, 50.913933284332884 ], [ 6.708709362425501, 50.9139061646827 ], [ 6.708633305816794, 50.913984601981795 ] ] ] ] } },
{ "type": "Feature", "properties": { "fid": 61175.0, "oid": "DENW41AL30008LkEBL", "aktualit": "2024-08-20", "gebnutzbez": "Gebäude", "funktion": "Wohngebäude", "gfkzshh": "31001_1000", "rellage": null, "name": null, "anzahlgs": null, "gmdschl": "05362032", "lagebeztxt": null, "bld area": 16, "flstkennz_": "05468202100023______", "area": 444 }, "geometry": { "type": "MultiPolygon", "coordinates": [ [ [ [ 6.70865948373112, 50.913829095256759 ], [ 6.708696479248665, 50.913838842710618 ], [ 6.708713159383028, 50.913813528015559 ], [ 6.708695714617784, 50.913808940292995 ], [ 6.708723475086681, 50.913766592455048 ], [ 6.70870381463031, 50.913761349632573 ], [ 6.70865948373112, 50.913829095256759 ] ] ] ] } },
{ "type": "Feature", "properties": { "fid": 276330.0, "oid": "DENW41AL30008NgaBL", "aktualit": "2024-08-20", "gebnutzbez": "Gebäude", "funktion": "Wohngebäude", "gfkzshh": "31001_1000", "rellage": null, "name": null, "anzahlgs": null, "gmdschl": "05362032", "lagebeztxt": "Sistenichstraße 3", "bld area": 70, "flstkennz_": "05468202100023______", "area": 444 }, "geometry": { "type": "MultiPolygon", "coordinates": [ [ [ [ 6.708544074333791, 50.91379865970638 ], [ 6.70865948373112, 50.913829095256759 ], [ 6.70870381463031, 50.913761349632573 ], [ 6.708629949797665, 50.913741605359661 ], [ 6.708634096437606, 50.913735390903902 ], [ 6.708612818234543, 50.913729774526558 ], [ 6.708601499406968, 50.913747027829174 ], [ 6.708609140581157, 50.913749030645818 ], [ 6.708607524563819, 50.913751517264984 ], [ 6.708579636143556, 50.913744053218892 ], [ 6.708544074333791, 50.91379865970638 ] ] ] ] } },
{ "type": "Feature", "properties": { "fid": 61236.0, "oid": "DENW41AL30008Lp0BL", "aktualit": "2024-08-20", "gebnutzbez": "Gebäude", "funktion": "Gebäude zum Parken", "gfkzshh": "31001_2460", "rellage": null, "name": null, "anzahlgs": null, "gmdschl": "05362032", "lagebeztxt": null, "bld area": 31, "flstkennz_": "05468202100023______", "area": 444 }, "geometry": { "type": "MultiPolygon", "coordinates": [ [ [ [ 6.708795321416937, 50.913817290718342 ], [ 6.708864458916469, 50.913836249530533 ], [ 6.708897107522814, 50.91378880802047 ], [ 6.708828046443235, 50.913769742798216 ], [ 6.708795321416937, 50.913817290718342 ] ] ] ] } },
{ "type": "Feature", "properties": { "fid": 59814.0, "oid": "DENW41AL30008JoaBL", "aktualit": "2024-08-20", "gebnutzbez": "Gebäude", "funktion": "Wohngebäude", "gfkzshh": "31001_1000", "rellage": null, "name": null, "anzahlgs": null, "gmdschl": "05362032", "lagebeztxt": null, "bld area": 50, "flstkennz_": "05468200800350______", "area": 311 }, "geometry": { "type": "MultiPolygon", "coordinates": [ [ [ [ 6.709230252354165, 50.914113199448437 ], [ 6.709293853237959, 50.914137139983573 ], [ 6.709324627063254, 50.914149301448525 ], [ 6.709348330150664, 50.914123800726493 ], [ 6.709318614941611, 50.914112100757634 ], [ 6.709353579001762, 50.914076603769168 ], [ 6.709288813525259, 50.914051174367991 ], [ 6.709231993807455, 50.914111344870278 ], [ 6.709230252354165, 50.914113199448437 ] ] ] ] } },
{ "type": "Feature", "properties": { "fid": 61283.0, "oid": "DENW41AL30008LtOBL", "aktualit": "2024-08-20", "gebnutzbez": "Gebäude", "funktion": "Gebäude zur Freizeitgestaltung", "gfkzshh": "31001_1310", "rellage": null, "name": null, "anzahlgs": null, "gmdschl": "05362032", "lagebeztxt": null, "bld area": 11, "flstkennz_": "05468200800350______", "area": 311 }, "geometry": { "type": "MultiPolygon", "coordinates": [ [ [ [ 6.709300839537745, 50.914241986449944 ], [ 6.709327548676651, 50.914252323273757 ], [ 6.709332988177046, 50.914245855353435 ], [ 6.709366281345327, 50.914206143307126 ], [ 6.709345187597116, 50.914199082635911 ], [ 6.709300839537745, 50.914241986449944 ] ] ] ] } },
{ "type": "Feature", "properties": { "fid": 62813.0, "oid": "DENW41AL30008O5YBL", "aktualit": "2024-08-20", "gebnutzbez": "Gebäude", "funktion": "Wohngebäude", "gfkzshh": "31001_1000", "rellage": null, "name": null, "anzahlgs": null, "gmdschl": "05362032", "lagebeztxt": "Am Kalkofen 1", "bld area": 75, "flstkennz_": "05468200800350______", "area": 311 }, "geometry": { "type": "MultiPolygon", "coordinates": [ [ [ [ 6.709288813525259, 50.914051174367991 ], [ 6.709353579001762, 50.914076603769168 ], [ 6.709444983009771, 50.914112359551332 ], [ 6.709497419091702, 50.914049899355071 ], [ 6.709351981037999, 50.914026870996011 ], [ 6.709316984437798, 50.914021318263146 ], [ 6.709288813525259, 50.914051174367991 ] ] ] ] } },
{ "type": "Feature", "properties": { "fid": 273436.0, "oid": "DENW41AL30008KS7BL", "aktualit": "2024-08-20", "gebnutzbez": "Gebäude", "funktion": "Gebäude zur Freizeitgestaltung", "gfkzshh": "31001_1310", "rellage": null, "name": null, "anzahlgs": null, "gmdschl": "05362032", "lagebeztxt": null, "bld area": 37, "flstkennz_": "05468200800350______", "area": 311 }, "geometry": { "type": "MultiPolygon", "coordinates": [ [ [ [ 6.709160059378175, 50.914187551937516 ], [ 6.709251106601862, 50.91422275222677 ], [ 6.709251692707975, 50.914222116156097 ], [ 6.709271818063512, 50.914200808426429 ], [ 6.709241436552763, 50.914189059383133 ], [ 6.709265163565552, 50.914165969566675 ], [ 6.709202682972693, 50.914142392782708 ], [ 6.709160059378175, 50.914187551937516 ] ] ] ] } },
{ "type": "Feature", "properties": { "fid": 159901.0, "oid": "DENW41AL30008MlGBL", "aktualit": "2024-08-20", "gebnutzbez": "Gebäude", "funktion": "Gebäude zum Parken", "gfkzshh": "31001_2460", "rellage": null, "name": null, "anzahlgs": null, "gmdschl": "05362032", "lagebeztxt": null, "bld area": 41, "flstkennz_": "05468200800345______", "area": 342 }, "geometry": { "type": "MultiPolygon", "coordinates": [ [ [ [ 6.709528218272946, 50.914127016667358 ], [ 6.709529084559137, 50.914124731179569 ], [ 6.709485091046349, 50.914120153163616 ], [ 6.709507011742606, 50.91409241387197 ], [ 6.709535791151382, 50.914055958993202 ], [ 6.709497419091702, 50.914049899355071 ], [ 6.709444983009771, 50.914112359551332 ], [ 6.70944079652164, 50.914117359049222 ], [ 6.709528218272946, 50.914127016667358 ] ] ] ] } },
{ "type": "Feature", "properties": { "fid": 159517.0, "oid": "DENW41AL30008LzyBL", "aktualit": "2024-08-20", "gebnutzbez": "Gebäude", "funktion": "Gebäude für Wirtschaft oder Gewerbe", "gfkzshh": "31001_2000", "rellage": null, "name": null, "anzahlgs": null, "gmdschl": "05362032", "lagebeztxt": null, "bld area": 93, "flstkennz_": "05468200800345______", "area": 342 }, "geometry": { "type": "MultiPolygon", "coordinates": [ [ [ [ 6.709541979597136, 50.914191837422685 ], [ 6.709697258052284, 50.914201360643517 ], [ 6.709732335901774, 50.91420352407922 ], [ 6.709738448225856, 50.914169736270217 ], [ 6.709745524036514, 50.914170216907294 ], [ 6.709749137983184, 50.914147613700329 ], [ 6.709742584013077, 50.914146936440105 ], [ 6.70960591721024, 50.914132732860239 ], [ 6.709553204749275, 50.914127237241665 ], [ 6.709541979597136, 50.914191837422685 ] ] ] ] } },
{ "type": "Feature", "properties": { "fid": 275640.0, "oid": "DENW41AL30008MvFBL", "aktualit": "2024-08-20", "gebnutzbez": "Gebäude", "funktion": "Gemischt genutztes Gebäude mit Wohnen", "gfkzshh": "31001_1100", "rellage": null, "name": null, "anzahlgs": null, "gmdschl": "05362032", "lagebeztxt": "Hauptstraße 160", "bld area": 132, "flstkennz_": "05468200800345______", "area": 342 }, "geometry": { "type": "MultiPolygon", "coordinates": [ [ [ [ 6.709732335901774, 50.91420352407922 ], [ 6.709844920201499, 50.914210401414131 ], [ 6.71001703981434, 50.914248694043401 ], [ 6.71004734191582, 50.914195998591445 ], [ 6.709919054044211, 50.91416529372313 ], [ 6.709894721491032, 50.914162765581466 ], [ 6.709749137983184, 50.914147613700329 ], [ 6.709745524036514, 50.914170216907294 ], [ 6.709738448225856, 50.914169736270217 ], [ 6.709732335901774, 50.91420352407922 ] ] ] ] } },
{ "type": "Feature", "properties": { "fid": 271925.0, "oid": "DENW41AL2000JAYWBL", "aktualit": "2024-08-20", "gebnutzbez": "Gebäude", "funktion": "Wohngebäude", "gfkzshh": "31001_1000", "rellage": null, "name": null, "anzahlgs": null, "gmdschl": "05362032", "lagebeztxt": "Merkurweg 14", "bld area": 68, "flstkennz_": "05468202100466______", "area": 180 }, "geometry": { "type": "MultiPolygon", "coordinates": [ [ [ [ 6.709223457185109, 50.913430062906379 ], [ 6.709341345096909, 50.913460717326203 ], [ 6.70938294390085, 50.913398458190066 ], [ 6.709265586331699, 50.91336743646891 ], [ 6.709223457185109, 50.913430062906379 ] ] ] ] } },
{ "type": "Feature", "properties": { "fid": 59408.0, "oid": "DENW41AL30008JGABL", "aktualit": "2024-08-20", "gebnutzbez": "Gebäude", "funktion": "Gebäude für Wirtschaft oder Gewerbe", "gfkzshh": "31001_2000", "rellage": null, "name": null, "anzahlgs": null, "gmdschl": "05362032", "lagebeztxt": "Sistenichstraße 59", "bld area": 90, "flstkennz_": "05468202000452______", "area": 546 }, "geometry": { "type": "MultiPolygon", "coordinates": [ [ [ [ 6.709622934659256, 50.910990122283778 ], [ 6.709771442110242, 50.910997965605304 ], [ 6.709789150779492, 50.910998897753245 ], [ 6.70982517749827, 50.911000809976265 ], [ 6.709832999260683, 50.910944363568618 ], [ 6.709629198572753, 50.910933537384061 ], [ 6.709622934659256, 50.910990122283778 ] ] ] ] } },
{ "type": "Feature", "properties": { "fid": 59972.0, "oid": "DENW41AL30008K19BL", "aktualit": "2024-08-20", "gebnutzbez": "Gebäude", "funktion": "Wohngebäude", "gfkzshh": "31001_1000", "rellage": null, "name": null, "anzahlgs": null, "gmdschl": "05362032", "lagebeztxt": "Sistenichstraße 57", "bld area": 179, "flstkennz_": "05468202000452______", "area": 546 }, "geometry": { "type": "MultiPolygon", "coordinates": [ [ [ [ 6.709605580739565, 50.911107415597925 ], [ 6.709809251177042, 50.911118302221084 ], [ 6.709809773068091, 50.911114337068469 ], [ 6.709819648750867, 50.911114863656692 ], [ 6.709823963374885, 50.911080590846865 ], [ 6.709814344409204, 50.911080051308716 ], [ 6.709819712300489, 50.911039683177144 ], [ 6.709784132856079, 50.911037932630151 ], [ 6.709789150779492, 50.910998897753245 ], [ 6.709771442110242, 50.910997965605304 ], [ 6.709622934659256, 50.910990122283778 ], [ 6.709605580739565, 50.911107415597925 ] ] ] ] } },
{ "type": "Feature", "properties": { "fid": 160789.0, "oid": "DENW41AL30008OWtBL", "aktualit": "2024-08-20", "gebnutzbez": "Gebäude", "funktion": "Gebäude für Wirtschaft oder Gewerbe", "gfkzshh": "31001_2000", "rellage": null, "name": null, "anzahlgs": null, "gmdschl": "05362032", "lagebeztxt": null, "bld area": 80, "flstkennz_": "05468202000452______", "area": 546 }, "geometry": { "type": "MultiPolygon", "coordinates": [ [ [ [ 6.709632451468477, 50.910903140220334 ], [ 6.709629198572753, 50.910933537384061 ], [ 6.709832999260683, 50.910944363568618 ], [ 6.709840186930002, 50.910892428751531 ], [ 6.709802337995018, 50.910890543730808 ], [ 6.709802066951239, 50.910892876879103 ], [ 6.709682705480644, 50.910888591653205 ], [ 6.709683023644192, 50.910885009249185 ], [ 6.709635160242477, 50.910883107514259 ], [ 6.709632451468477, 50.910903140220334 ] ] ] ] } },
{ "type": "Feature", "properties": { "fid": 158552.0, "oid": "DENW41AL30008K3DBL", "aktualit": "2024-08-20", "gebnutzbez": "Gebäude", "funktion": "Wohngebäude", "gfkzshh": "31001_1000", "rellage": null, "name": null, "anzahlgs": null, "gmdschl": "05362032", "lagebeztxt": "Sistenichstraße 61", "bld area": 121, "flstkennz_": "05468202000446______", "area": 338 }, "geometry": { "type": "MultiPolygon", "coordinates": [ [ [ [ 6.709646987060244, 50.910791455843054 ], [ 6.709635160242477, 50.910883107514259 ], [ 6.709683023644192, 50.910885009249185 ], [ 6.709682705480644, 50.910888591653205 ], [ 6.709802066951239, 50.910892876879103 ], [ 6.709802337995018, 50.910890543730808 ], [ 6.709802549731401, 50.910888839005999 ], [ 6.709805247916459, 50.91088893692767 ], [ 6.70981453447834, 50.910811059330427 ], [ 6.70976925783108, 50.910809208414129 ], [ 6.709770855674284, 50.910795208966846 ], [ 6.709715016546982, 50.910793169059069 ], [ 6.709646987060244, 50.910791455843054 ] ] ] ] } },
{ "type": "Feature", "properties": { "fid": 62500.0, "oid": "DENW41AL30008NdgBL", "aktualit": "2024-08-20", "gebnutzbez": "Gebäude", "funktion": "Gebäude zum Parken", "gfkzshh": "31001_2460", "rellage": null, "name": null, "anzahlgs": null, "gmdschl": "05362032", "lagebeztxt": null, "bld area": 27, "flstkennz_": "05468201900252______", "area": 822 }, "geometry": { "type": "MultiPolygon", "coordinates": [ [ [ [ 6.707232855346652, 50.909032768510336 ], [ 6.707283539002924, 50.909037451869338 ], [ 6.707298795624245, 50.908970745480147 ], [ 6.707248318673175, 50.908966488911645 ], [ 6.707232855346652, 50.909032768510336 ] ] ] ] } },
{ "type": "Feature", "properties": { "fid": 272441.0, "oid": "DENW41AL30008JJvBL", "aktualit": "2024-08-20", "gebnutzbez": "Gebäude", "funktion": "Wohngebäude", "gfkzshh": "31001_1000", "rellage": null, "name": null, "anzahlgs": null, "gmdschl": "05362032", "lagebeztxt": "Heinrich-Heine-Straße 7", "bld area": 87, "flstkennz_": "05468201900252______", "area": 822 }, "geometry": { "type": "MultiPolygon", "coordinates": [ [ [ [ 6.707043355264047, 50.909058222136387 ], [ 6.707197135210293, 50.909072117487419 ], [ 6.707213660908248, 50.908999275076503 ], [ 6.707208434352419, 50.908998812624631 ], [ 6.707207976591419, 50.909000890264736 ], [ 6.707064591445137, 50.908988242485961 ], [ 6.707065067399384, 50.908986084256853 ], [ 6.707059770670178, 50.908985602431258 ], [ 6.707043355264047, 50.909058222136387 ] ] ] ] } },
{ "type": "Feature", "properties": { "fid": 61382.0, "oid": "DENW41AL30008M2XBL", "aktualit": "2024-08-20", "gebnutzbez": "Gebäude", "funktion": "Wohngebäude", "gfkzshh": "31001_1000", "rellage": null, "name": null, "anzahlgs": null, "gmdschl": "05362032", "lagebeztxt": "Heinrich-Heine-Straße 5", "bld area": 95, "flstkennz_": "05468201900303______", "area": 342 }, "geometry": { "type": "MultiPolygon", "coordinates": [ [ [ [ 6.707447532846018, 50.909111268455284 ], [ 6.707564853751584, 50.909122243511497 ], [ 6.707588651768306, 50.909020960625952 ], [ 6.707471132142509, 50.909009981687994 ], [ 6.707447532846018, 50.909111268455284 ] ] ] ] } },
{ "type": "Feature", "properties": { "fid": 272529.0, "oid": "DENW41AL30008JQgBL", "aktualit": "2024-08-20", "gebnutzbez": "Gebäude", "funktion": "Gebäude zum Parken", "gfkzshh": "31001_2460", "rellage": null, "name": null, "anzahlgs": null, "gmdschl": "05362032", "lagebeztxt": null, "bld area": 16, "flstkennz_": "05468201900303______", "area": 342 }, "geometry": { "type": "MultiPolygon", "coordinates": [ [ [ [ 6.707431249788653, 50.908995086431553 ], [ 6.707476754361357, 50.908999209262021 ], [ 6.707487014245036, 50.908954278367155 ], [ 6.707441439538346, 50.908950136174354 ], [ 6.707431249788653, 50.908995086431553 ] ] ] ] } },
{ "type": "Feature", "properties": { "fid": 62557.0, "oid": "DENW41AL30008NixBL", "aktualit": "2024-08-20", "gebnutzbez": "Gebäude", "funktion": "Wohngebäude", "gfkzshh": "31001_1000", "rellage": null, "name": null, "anzahlgs": null, "gmdschl": "05362032", "lagebeztxt": "Merodestraße 30", "bld area": 63, "flstkennz_": "05468201900166______", "area": 375 }, "geometry": { "type": "MultiPolygon", "coordinates": [ [ [ [ 6.707305982877677, 50.90853159628471 ], [ 6.707401358077067, 50.908541294911473 ], [ 6.707425342988651, 50.908460234485474 ], [ 6.707329796804964, 50.90844996588887 ], [ 6.707305982877677, 50.90853159628471 ] ] ] ] } },
{ "type": "Feature", "properties": { "fid": 160675.0, "oid": "DENW41AL30008OIeBL", "aktualit": "2024-08-20", "gebnutzbez": "Gebäude", "funktion": "Gebäude für Wirtschaft oder Gewerbe", "gfkzshh": "31001_2000", "rellage": null, "name": null, "anzahlgs": null, "gmdschl": "05362032", "lagebeztxt": null, "bld area": 29, "flstkennz_": "05468201900301______", "area": 433 }, "geometry": { "type": "MultiPolygon", "coordinates": [ [ [ [ 6.70737628025164, 50.908626066417256 ], [ 6.707424622822251, 50.90863177402462 ], [ 6.707443132088295, 50.908569214841279 ], [ 6.70741791423372, 50.908566237051019 ], [ 6.70742459986722, 50.908543667255671 ], [ 6.707401358077067, 50.908541294911473 ], [ 6.70737628025164, 50.908626066417256 ] ] ] ] } },
{ "type": "Feature", "properties": { "fid": 272800.0, "oid": "DENW41AL30008JjZBL", "aktualit": "2024-08-20", "gebnutzbez": "Gebäude", "funktion": "Wohngebäude", "gfkzshh": "31001_1000", "rellage": null, "name": null, "anzahlgs": null, "gmdschl": "05362032", "lagebeztxt": "Merodestraße 28", "bld area": 62, "flstkennz_": "05468201900301______", "area": 433 }, "geometry": { "type": "MultiPolygon", "coordinates": [ [ [ [ 6.707401358077067, 50.908541294911473 ], [ 6.70742459986722, 50.908543667255671 ], [ 6.70749644996477, 50.90855096990613 ], [ 6.707520027152902, 50.908470387134187 ], [ 6.707425342988651, 50.908460234485474 ], [ 6.707401358077067, 50.908541294911473 ] ] ] ] } },
{ "type": "Feature", "properties": { "fid": 60582.0, "oid": "DENW41AL30008KsyBL", "aktualit": "2024-08-20", "gebnutzbez": "Gebäude", "funktion": "Gebäude zum Parken", "gfkzshh": "31001_2460", "rellage": null, "name": null, "anzahlgs": null, "gmdschl": "05362032", "lagebeztxt": null, "bld area": 34, "flstkennz_": "05468201900360______", "area": 409 }, "geometry": { "type": "MultiPolygon", "coordinates": [ [ [ [ 6.707278100700212, 50.909087028495485 ], [ 6.707320782456027, 50.909090987997985 ], [ 6.707342452836508, 50.908997982911508 ], [ 6.707294773323814, 50.908993538481099 ], [ 6.707278100700212, 50.909087028495485 ] ] ] ] } },
{ "type": "Feature", "properties": { "fid": 272529.0, "oid": "DENW41AL30008JQgBL", "aktualit": "2024-08-20", "gebnutzbez": "Gebäude", "funktion": "Gebäude zum Parken", "gfkzshh": "31001_2460", "rellage": null, "name": null, "anzahlgs": null, "gmdschl": "05362032", "lagebeztxt": null, "bld area": 16, "flstkennz_": "05468201900360______", "area": 409 }, "geometry": { "type": "MultiPolygon", "coordinates": [ [ [ [ 6.707431249788653, 50.908995086431553 ], [ 6.707476754361357, 50.908999209262021 ], [ 6.707487014245036, 50.908954278367155 ], [ 6.707441439538346, 50.908950136174354 ], [ 6.707431249788653, 50.908995086431553 ] ] ] ] } },
{ "type": "Feature", "properties": { "fid": 272905.0, "oid": "DENW41AL30008JqZBL", "aktualit": "2024-08-20", "gebnutzbez": "Gebäude", "funktion": "Wohngebäude", "gfkzshh": "31001_1000", "rellage": null, "name": null, "anzahlgs": null, "gmdschl": "05362032", "lagebeztxt": "Heinrich-Heine-Straße 5 a", "bld area": 104, "flstkennz_": "05468201900360______", "area": 409 }, "geometry": { "type": "MultiPolygon", "coordinates": [ [ [ [ 6.707318852385098, 50.909099287620279 ], [ 6.707447532846018, 50.909111268455284 ], [ 6.707471132142509, 50.909009981687994 ], [ 6.707342452836508, 50.908997982911508 ], [ 6.707320782456027, 50.909090987997985 ], [ 6.707318852385098, 50.909099287620279 ] ] ] ] } },
{ "type": "Feature", "properties": { "fid": 275789.0, "oid": "DENW41AL30008N5YBL", "aktualit": "2024-08-20", "gebnutzbez": "Gebäude", "funktion": "Gebäude für Land- und Forstwirtschaft", "gfkzshh": "31001_2700", "rellage": null, "name": null, "anzahlgs": null, "gmdschl": "05362032", "lagebeztxt": null, "bld area": 21, "flstkennz_": "05468201900234______", "area": 664 }, "geometry": { "type": "MultiPolygon", "coordinates": [ [ [ [ 6.707539047281053, 50.908664610863134 ], [ 6.707587316400976, 50.908669498495584 ], [ 6.707601105936024, 50.908616713114256 ], [ 6.707552458005768, 50.908611719110404 ], [ 6.707539047281053, 50.908664610863134 ] ] ] ] } },
{ "type": "Feature", "properties": { "fid": 59280.0, "oid": "DENW41AL2t00007lBL", "aktualit": "2024-08-20", "gebnutzbez": "Gebäude", "funktion": "Gebäude zum Parken", "gfkzshh": "31001_2460", "rellage": null, "name": null, "anzahlgs": null, "gmdschl": "05362032", "lagebeztxt": null, "bld area": 22, "flstkennz_": "05468201900234______", "area": 664 }, "geometry": { "type": "MultiPolygon", "coordinates": [ [ [ [ 6.707689251055243, 50.908570326103892 ], [ 6.707726666927251, 50.908574325927866 ], [ 6.707731217323153, 50.908554097613212 ], [ 6.70774375872046, 50.908498337629922 ], [ 6.707708960340363, 50.908495207690649 ], [ 6.707689251055243, 50.908570326103892 ] ] ] ] } },
{ "type": "Feature", "properties": { "fid": 61352.0, "oid": "DENW41AL30008LzKBL", "aktualit": "2024-08-20", "gebnutzbez": "Gebäude", "funktion": "Wohngebäude", "gfkzshh": "31001_1000", "rellage": null, "name": null, "anzahlgs": null, "gmdschl": "05362032", "lagebeztxt": "Merodestraße 26", "bld area": 78, "flstkennz_": "05468201900234______", "area": 664 }, "geometry": { "type": "MultiPolygon", "coordinates": [ [ [ [ 6.70756521490457, 50.908557078648464 ], [ 6.707689251055243, 50.908570326103892 ], [ 6.707708960340363, 50.908495207690649 ], [ 6.707709729602974, 50.908492290720979 ], [ 6.707586205556326, 50.908478468728433 ], [ 6.70756521490457, 50.908557078648464 ] ] ] ] } },
{ "type": "Feature", "properties": { "fid": 160051.0, "oid": "DENW41AL30008N3dBL", "aktualit": "2024-08-20", "gebnutzbez": "Gebäude", "funktion": "Gemischt genutztes Gebäude mit Wohnen", "gfkzshh": "31001_1100", "rellage": null, "name": null, "anzahlgs": null, "gmdschl": "05362032", "lagebeztxt": "Bahnhofstraße 2", "bld area": 152, "flstkennz_": "05468200800293______", "area": 156 }, "geometry": { "type": "MultiPolygon", "coordinates": [ [ [ [ 6.710194099320391, 50.914466596595133 ], [ 6.710186406858999, 50.914501567624448 ], [ 6.710198677217209, 50.914539979341512 ], [ 6.710228941067445, 50.914580794755281 ], [ 6.710259786310058, 50.914606871243357 ], [ 6.710340634908987, 50.914528742777414 ], [ 6.71032660678332, 50.914522945172941 ], [ 6.710328715021133, 50.914520863928288 ], [ 6.710330178692527, 50.914518581161303 ], [ 6.71033095206859, 50.914516158933544 ], [ 6.710330988097047, 50.914513686262843 ], [ 6.710330310352972, 50.914511262546874 ], [ 6.710328929962259, 50.914508950962578 ], [ 6.710326898927335, 50.914506851465326 ], [ 6.710324285669931, 50.914505019362096 ], [ 6.710346255530612, 50.914464680146466 ], [ 6.710212878031458, 50.914433300130035 ], [ 6.710194099320391, 50.914466596595133 ] ] ] ] } },
{ "type": "Feature", "properties": { "fid": 63393.0, "oid": "DENW41AL30008OtcBL", "aktualit": "2024-08-20", "gebnutzbez": "Gebäude", "funktion": "Gemischt genutztes Gebäude mit Wohnen", "gfkzshh": "31001_1100", "rellage": null, "name": null, "anzahlgs": null, "gmdschl": "05362032", "lagebeztxt": "Hauptstraße 157", "bld area": 75, "flstkennz_": "05468200800290______", "area": 164 }, "geometry": { "type": "MultiPolygon", "coordinates": [ [ [ [ 6.710212878031458, 50.914433300130035 ], [ 6.710346255530612, 50.914464680146466 ], [ 6.710383030955531, 50.914400680112564 ], [ 6.710249703161233, 50.914370029634206 ], [ 6.710212878031458, 50.914433300130035 ] ] ] ] } },
{ "type": "Feature", "properties": { "fid": 273372.0, "oid": "DENW41AL30008KNCBL", "aktualit": "2024-08-20", "gebnutzbez": "Gebäude", "funktion": "Gemischt genutztes Gebäude mit Wohnen", "gfkzshh": "31001_1100", "rellage": null, "name": null, "anzahlgs": null, "gmdschl": "05362032", "lagebeztxt": "Bahnhofstraße 4", "bld area": 77, "flstkennz_": "05468200800295______", "area": 125 }, "geometry": { "type": "MultiPolygon", "coordinates": [ [ [ [ 6.710259786310058, 50.914606871243357 ], [ 6.710342900361552, 50.914640538918569 ], [ 6.710429534448364, 50.914556425900699 ], [ 6.710346788271856, 50.914522801480175 ], [ 6.710340634908987, 50.914528742777414 ], [ 6.710259786310058, 50.914606871243357 ] ] ] ] } },
{ "type": "Feature", "properties": { "fid": 62466.0, "oid": "DENW41AL30008Nb0BL", "aktualit": "2024-08-20", "gebnutzbez": "Gebäude", "funktion": "Gemischt genutztes Gebäude mit Wohnen", "gfkzshh": "31001_1100", "rellage": null, "name": null, "anzahlgs": null, "gmdschl": "05362032", "lagebeztxt": "Bahnhofstraße 6", "bld area": 129, "flstkennz_": "05468200800296______", "area": 246 }, "geometry": { "type": "MultiPolygon", "coordinates": [ [ [ [ 6.710342900361552, 50.914640538918569 ], [ 6.710425468138265, 50.914674033922495 ], [ 6.710511034842307, 50.914591374936613 ], [ 6.710477304787978, 50.914577689754744 ], [ 6.710490293406625, 50.914566117328668 ], [ 6.710495320893206, 50.914565721283807 ], [ 6.710575252890298, 50.914489445448488 ], [ 6.710521325568233, 50.91446724238304 ], [ 6.710489309014629, 50.914498354455411 ], [ 6.710429534448364, 50.914556425900699 ], [ 6.710342900361552, 50.914640538918569 ] ] ] ] } },
{ "type": "Feature", "properties": { "fid": 59748.0, "oid": "DENW41AL30008JjFBL", "aktualit": "2024-08-20", "gebnutzbez": "Gebäude", "funktion": "Gebäude für Wirtschaft oder Gewerbe", "gfkzshh": "31001_2000", "rellage": null, "name": null, "anzahlgs": null, "gmdschl": "05362032", "lagebeztxt": null, "bld area": 20, "flstkennz_": "05468200800296______", "area": 246 }, "geometry": { "type": "MultiPolygon", "coordinates": [ [ [ [ 6.710521325568233, 50.91446724238304 ], [ 6.710575252890298, 50.914489445448488 ], [ 6.71060940534722, 50.914456846256606 ], [ 6.710599642347818, 50.914452850228258 ], [ 6.710554894843971, 50.914434640760092 ], [ 6.710550261887679, 50.914439172839181 ], [ 6.710521325568233, 50.91446724238304 ] ] ] ] } },
{ "type": "Feature", "properties": { "fid": 159219.0, "oid": "DENW41AL30008LMpBL", "aktualit": "2024-08-20", "gebnutzbez": "Gebäude", "funktion": "Gebäude für Wirtschaft oder Gewerbe", "gfkzshh": "31001_2000", "rellage": null, "name": null, "anzahlgs": null, "gmdschl": "05362032", "lagebeztxt": null, "bld area": 26, "flstkennz_": "05468200800296______", "area": 246 }, "geometry": { "type": "MultiPolygon", "coordinates": [ [ [ [ 6.710599642347818, 50.914452850228258 ], [ 6.71060940534722, 50.914456846256606 ], [ 6.710619894668545, 50.914461117361419 ], [ 6.710692412392832, 50.914338205496875 ], [ 6.710673129397079, 50.914323814420598 ], [ 6.710623731291783, 50.914410492883782 ], [ 6.710599642347818, 50.914452850228258 ] ] ] ] } },
{ "type": "Feature", "properties": { "fid": 159464.0, "oid": "DENW41AL30008LtvBL", "aktualit": "2024-08-20", "gebnutzbez": "Gebäude", "funktion": "Gemischt genutztes Gebäude mit Wohnen", "gfkzshh": "31001_1100", "rellage": null, "name": null, "anzahlgs": null, "gmdschl": "05362032", "lagebeztxt": "Bahnhofstraße 8", "bld area": 123, "flstkennz_": "05468200800298______", "area": 180 }, "geometry": { "type": "MultiPolygon", "coordinates": [ [ [ [ 6.710425468138265, 50.914674033922495 ], [ 6.710505303070822, 50.914706395961709 ], [ 6.710682363767862, 50.914532775609317 ], [ 6.710630791220082, 50.914512741395676 ], [ 6.710552199429635, 50.91458925042464 ], [ 6.710554225679802, 50.914592896809161 ], [ 6.710542645452108, 50.914604182078364 ], [ 6.710538586449712, 50.914602528481936 ], [ 6.710511034842307, 50.914591374936613 ], [ 6.710425468138265, 50.914674033922495 ] ] ] ] } },
{ "type": "Feature", "properties": { "fid": 274964.0, "oid": "DENW41AL30008MAoBL", "aktualit": "2024-08-20", "gebnutzbez": "Gebäude", "funktion": "Gebäude für Wirtschaft oder Gewerbe", "gfkzshh": "31001_2000", "rellage": null, "name": null, "anzahlgs": null, "gmdschl": "05362032", "lagebeztxt": null, "bld area": 18, "flstkennz_": "05468200800298______", "area": 180 }, "geometry": { "type": "MultiPolygon", "coordinates": [ [ [ [ 6.710630791220082, 50.914512741395676 ], [ 6.710682363767862, 50.914532775609317 ], [ 6.710715665126294, 50.914500123714696 ], [ 6.710667013120643, 50.914480299706952 ], [ 6.710630791220082, 50.914512741395676 ] ] ] ] } },
{ "type": "Feature", "properties": { "fid": 274839.0, "oid": "DENW41AL30008M15BL", "aktualit": "2024-08-20", "gebnutzbez": "Gebäude", "funktion": "Wohngebäude", "gfkzshh": "31001_1000", "rellage": null, "name": null, "anzahlgs": null, "gmdschl": "05362032", "lagebeztxt": null, "bld area": 35, "flstkennz_": "05468200800551______", "area": 529 }, "geometry": { "type": "MultiPolygon", "coordinates": [ [ [ [ 6.710920469545775, 50.912882576682271 ], [ 6.710908413544007, 50.912868201477167 ], [ 6.710877799957093, 50.912860900383031 ], [ 6.710874731114753, 50.912868062450585 ], [ 6.710868297083857, 50.912866973876383 ], [ 6.710831964483473, 50.912953297117454 ], [ 6.710834591384609, 50.912953690421553 ], [ 6.710869828465849, 50.912958968603931 ], [ 6.710920469545775, 50.912882576682271 ] ] ] ] } },
{ "type": "Feature", "properties": { "fid": 275959.0, "oid": "DENW41AL30008NHUBL", "aktualit": "2024-08-20", "gebnutzbez": "Gebäude", "funktion": "Gemischt genutztes Gebäude mit Wohnen", "gfkzshh": "31001_1100", "rellage": null, "name": null, "anzahlgs": null, "gmdschl": "05362032", "lagebeztxt": "Hauptstraße 190", "bld area": 191, "flstkennz_": "05468200800551______", "area": 529 }, "geometry": { "type": "MultiPolygon", "coordinates": [ [ [ [ 6.710639011325826, 50.912924472484931 ], [ 6.710831964483473, 50.912953297117454 ], [ 6.710868297083857, 50.912866973876383 ], [ 6.710874731114753, 50.912868062450585 ], [ 6.710877799957093, 50.912860900383031 ], [ 6.710889370658619, 50.912834145039348 ], [ 6.710882188726362, 50.912833221677744 ], [ 6.71076817745155, 50.912818960154638 ], [ 6.710734948476076, 50.91281480062483 ], [ 6.71068716956359, 50.912808817670758 ], [ 6.710639011325826, 50.912924472484931 ] ] ] ] } },
{ "type": "Feature", "properties": { "fid": 275237.0, "oid": "DENW41AL30008MUNBL", "aktualit": "2024-08-20", "gebnutzbez": "Gebäude", "funktion": "Wohngebäude", "gfkzshh": "31001_1000", "rellage": null, "name": null, "anzahlgs": null, "gmdschl": "05362032", "lagebeztxt": "Merkurweg 23", "bld area": 124, "flstkennz_": "05468200800637______", "area": 299 }, "geometry": { "type": "MultiPolygon", "coordinates": [ [ [ [ 6.710193980660091, 50.91274710192689 ], [ 6.710085132039683, 50.912733462687875 ], [ 6.710049155988214, 50.912729042194137 ], [ 6.710017443561744, 50.912831636242068 ], [ 6.71016085146881, 50.912853058989704 ], [ 6.710193980660091, 50.91274710192689 ] ] ] ] } },
{ "type": "Feature", "properties": { "fid": 62181.0, "oid": "DENW41AL30008NC6BL", "aktualit": "2024-08-20", "gebnutzbez": "Gebäude", "funktion": "Wohngebäude", "gfkzshh": "31001_1000", "rellage": null, "name": null, "anzahlgs": null, "gmdschl": "05362032", "lagebeztxt": "Merkurweg 25", "bld area": 114, "flstkennz_": "05468200800587______", "area": 252 }, "geometry": { "type": "MultiPolygon", "coordinates": [ [ [ [ 6.710085132039683, 50.912733462687875 ], [ 6.710193980660091, 50.91274710192689 ], [ 6.71026369553067, 50.912755728029907 ], [ 6.710288159174859, 50.912676745119875 ], [ 6.710110765859811, 50.912654412833078 ], [ 6.710085132039683, 50.912733462687875 ] ] ] ] } },
{ "type": "Feature", "properties": { "fid": 273747.0, "oid": "DENW41AL30008KnqBL", "aktualit": "2024-08-20", "gebnutzbez": "Gebäude", "funktion": "Wohngebäude", "gfkzshh": "31001_1000", "rellage": null, "name": null, "anzahlgs": null, "gmdschl": "05362032", "lagebeztxt": "Merkurweg 21", "bld area": 101, "flstkennz_": "05468200800816______", "area": 257 }, "geometry": { "type": "MultiPolygon", "coordinates": [ [ [ [ 6.709994325160935, 50.91289856641459 ], [ 6.710173371171844, 50.912930141260837 ], [ 6.710185522882537, 50.91290228211588 ], [ 6.710203122446146, 50.91285937479941 ], [ 6.710018499672428, 50.912835335553766 ], [ 6.710005098193905, 50.912870392422839 ], [ 6.709994325160935, 50.91289856641459 ] ] ] ] } },
{ "type": "Feature", "properties": { "fid": 59725.0, "oid": "DENW41AL30008JheBL", "aktualit": "2024-08-20", "gebnutzbez": "Gebäude", "funktion": "Gebäude für Wirtschaft oder Gewerbe", "gfkzshh": "31001_2000", "rellage": null, "name": null, "anzahlgs": null, "gmdschl": "05362032", "lagebeztxt": null, "bld area": 7, "flstkennz_": "05468200800347______", "area": 266 }, "geometry": { "type": "MultiPolygon", "coordinates": [ [ [ [ 6.709727289381778, 50.914231252791545 ], [ 6.709732243213056, 50.914203962971172 ], [ 6.709697182665559, 50.914201736916297 ], [ 6.709693251217128, 50.914228776976771 ], [ 6.709727289381778, 50.914231252791545 ] ] ] ] } },
{ "type": "Feature", "properties": { "fid": 60448.0, "oid": "DENW41AL30008Kh9BL", "aktualit": "2024-08-20", "gebnutzbez": "Gebäude", "funktion": "Gemischt genutztes Gebäude mit Wohnen", "gfkzshh": "31001_1100", "rellage": null, "name": null, "anzahlgs": null, "gmdschl": "05362032", "lagebeztxt": "Hauptstraße 158", "bld area": 123, "flstkennz_": "05468200800347______", "area": 266 }, "geometry": { "type": "MultiPolygon", "coordinates": [ [ [ [ 6.709725964127503, 50.914238538987966 ], [ 6.709830998249091, 50.914244746506085 ], [ 6.709808320305185, 50.914285881201749 ], [ 6.709987342270002, 50.914300376023064 ], [ 6.71001703981434, 50.914248694043401 ], [ 6.709844920201499, 50.914210401414131 ], [ 6.709732335901774, 50.91420352407922 ], [ 6.709732243213056, 50.914203962971172 ], [ 6.709727289381778, 50.914231252791545 ], [ 6.709725964127503, 50.914238538987966 ] ] ] ] } },
{ "type": "Feature", "properties": { "fid": 61854.0, "oid": "DENW41AL30008MhuBL", "aktualit": "2024-08-20", "gebnutzbez": "Gebäude", "funktion": "Wohngebäude", "gfkzshh": "31001_1000", "rellage": null, "name": null, "anzahlgs": null, "gmdschl": "05362032", "lagebeztxt": "Grabenweg 7", "bld area": 274, "flstkennz_": "05468201900308______", "area": 1072 }, "geometry": { "type": "MultiPolygon", "coordinates": [ [ [ [ 6.708267985426764, 50.910007511081965 ], [ 6.708432177126925, 50.910013982240919 ], [ 6.708430839507385, 50.910027600037203 ], [ 6.708564773563833, 50.910032892229765 ], [ 6.708576749608221, 50.909911886803393 ], [ 6.708502783203935, 50.909909103292307 ], [ 6.708503259642181, 50.909904327781895 ], [ 6.708279054423607, 50.909895428012227 ], [ 6.708267985426764, 50.910007511081965 ] ] ] ] } },
{ "type": "Feature", "properties": { "fid": 62059.0, "oid": "DENW41AL30008N0sBL", "aktualit": "2024-08-20", "gebnutzbez": "Gebäude", "funktion": "Gebäude zum Parken", "gfkzshh": "31001_2460", "rellage": null, "name": null, "anzahlgs": null, "gmdschl": "05362032", "lagebeztxt": null, "bld area": 116, "flstkennz_": "05468201900308______", "area": 1072 }, "geometry": { "type": "MultiPolygon", "coordinates": [ [ [ [ 6.708219779675931, 50.909775163970785 ], [ 6.708502381484844, 50.909786676591295 ], [ 6.708507768905029, 50.909734346724768 ], [ 6.708224907091076, 50.909722631138628 ], [ 6.708219779675931, 50.909775163970785 ] ] ] ] } },
{ "type": "Feature", "properties": { "fid": 277104.0, "oid": "DENW41AL30008OWeBL", "aktualit": "2024-08-20", "gebnutzbez": "Gebäude", "funktion": "Gebäude zum Parken", "gfkzshh": "31001_2460", "rellage": null, "name": null, "anzahlgs": null, "gmdschl": "05362032", "lagebeztxt": null, "bld area": 33, "flstkennz_": "05468201900308______", "area": 1072 }, "geometry": { "type": "MultiPolygon", "coordinates": [ [ [ [ 6.708139588987378, 50.910025019438685 ], [ 6.70819436708234, 50.910027174512919 ], [ 6.70820202490447, 50.909946593780923 ], [ 6.708151602653346, 50.909944964965646 ], [ 6.708145918399587, 50.910002748411515 ], [ 6.708141800806641, 50.910002586598736 ], [ 6.708139588987378, 50.910025019438685 ] ] ] ] } },
{ "type": "Feature", "properties": { "fid": 277986.0, "oid": "DENW41ALDY00002DBL", "aktualit": "2024-08-20", "gebnutzbez": "Gebäude", "funktion": "Wohngebäude", "gfkzshh": "31001_1000", "rellage": null, "name": null, "anzahlgs": null, "gmdschl": "05362032", "lagebeztxt": "Hebbelstraße 1", "bld area": 90, "flstkennz_": "05468201900394______", "area": 240 }, "geometry": { "type": "MultiPolygon", "coordinates": [ [ [ [ 6.708025067297509, 50.909797207012055 ], [ 6.708039281823166, 50.909797729027467 ], [ 6.708167198002345, 50.909802723607939 ], [ 6.70817518041026, 50.909721906408606 ], [ 6.708033208050415, 50.909716356954213 ], [ 6.708025067297509, 50.909797207012055 ] ] ] ] } },
{ "type": "Feature", "properties": { "fid": 277987.0, "oid": "DENW41ALDY00002HBL", "aktualit": "2024-08-20", "gebnutzbez": "Gebäude", "funktion": "Gebäude zum Parken", "gfkzshh": "31001_2460", "rellage": null, "name": null, "anzahlgs": null, "gmdschl": "05362032", "lagebeztxt": null, "bld area": 27, "flstkennz_": "05468201900394______", "area": 240 }, "geometry": { "type": "MultiPolygon", "coordinates": [ [ [ [ 6.708036867404557, 50.90982457399501 ], [ 6.708164614875873, 50.909829529287954 ], [ 6.708167198002345, 50.909802723607939 ], [ 6.708039281823166, 50.909797729027467 ], [ 6.708036867404557, 50.90982457399501 ] ] ] ] } },
{ "type": "Feature", "properties": { "fid": 277104.0, "oid": "DENW41AL30008OWeBL", "aktualit": "2024-08-20", "gebnutzbez": "Gebäude", "funktion": "Gebäude zum Parken", "gfkzshh": "31001_2460", "rellage": null, "name": null, "anzahlgs": null, "gmdschl": "05362032", "lagebeztxt": null, "bld area": 33, "flstkennz_": "05468201900395______", "area": 517 }, "geometry": { "type": "MultiPolygon", "coordinates": [ [ [ [ 6.708139588987378, 50.910025019438685 ], [ 6.70819436708234, 50.910027174512919 ], [ 6.70820202490447, 50.909946593780923 ], [ 6.708151602653346, 50.909944964965646 ], [ 6.708145918399587, 50.910002748411515 ], [ 6.708141800806641, 50.910002586598736 ], [ 6.708139588987378, 50.910025019438685 ] ] ] ] } },
{ "type": "Feature", "properties": { "fid": 59679.0, "oid": "DENW41AL30008JdiBL", "aktualit": "2024-08-20", "gebnutzbez": "Gebäude", "funktion": "Wohngebäude", "gfkzshh": "31001_1000", "rellage": null, "name": null, "anzahlgs": null, "gmdschl": "05362032", "lagebeztxt": "Grabenweg 9", "bld area": 141, "flstkennz_": "05468201900395______", "area": 517 }, "geometry": { "type": "MultiPolygon", "coordinates": [ [ [ [ 6.708007695470315, 50.909997308543694 ], [ 6.708141800806641, 50.910002586598736 ], [ 6.708145918399587, 50.910002748411515 ], [ 6.708151602653346, 50.909944964965646 ], [ 6.708158722490848, 50.909872729196962 ], [ 6.708020499944412, 50.909867289349172 ], [ 6.708007695470315, 50.909997308543694 ] ] ] ] } },
{ "type": "Feature", "properties": { "fid": 60190.0, "oid": "DENW41AL30008KKKBL", "aktualit": "2024-08-20", "gebnutzbez": "Gebäude", "funktion": "Wohngebäude", "gfkzshh": "31001_1000", "rellage": null, "name": null, "anzahlgs": null, "gmdschl": "05362032", "lagebeztxt": "Am grünen Weg 5", "bld area": 85, "flstkennz_": "05468202100419______", "area": 609 }, "geometry": { "type": "MultiPolygon", "coordinates": [ [ [ [ 6.707160300281819, 50.912132197128706 ], [ 6.707296297039843, 50.912161635470852 ], [ 6.707298831519698, 50.912162170945138 ], [ 6.707336798300937, 50.912092214158889 ], [ 6.707198271218778, 50.912062159520723 ], [ 6.707160300281819, 50.912132197128706 ] ] ] ] } },
{ "type": "Feature", "properties": { "fid": 60563.0, "oid": "DENW41AL30008KrMBL", "aktualit": "2024-08-20", "gebnutzbez": "Gebäude", "funktion": "Gebäude zum Parken", "gfkzshh": "31001_2460", "rellage": null, "name": null, "anzahlgs": null, "gmdschl": "05362032", "lagebeztxt": null, "bld area": 29, "flstkennz_": "05468202100419______", "area": 609 }, "geometry": { "type": "MultiPolygon", "coordinates": [ [ [ [ 6.707281057604869, 50.912188606208133 ], [ 6.707403562612439, 50.912214964205809 ], [ 6.707418098926553, 50.912188114551832 ], [ 6.707298831519698, 50.912162170945138 ], [ 6.707296297039843, 50.912161635470852 ], [ 6.707281057604869, 50.912188606208133 ] ] ] ] } },
{ "type": "Feature", "properties": { "fid": 270017.0, "oid": "DENW41AL2h30000CBL", "aktualit": "2024-08-20", "gebnutzbez": "Sonstiges Bauwerk oder sonstige Einrichtung", "funktion": "Carport", "gfkzshh": "51009_1611", "rellage": null, "name": null, "anzahlgs": null, "gmdschl": "05362032", "lagebeztxt": null, "bld area": 31, "flstkennz_": "05468202100419______", "area": 609 }, "geometry": { "type": "MultiPolygon", "coordinates": [ [ [ [ 6.707053675202542, 50.912083791533476 ], [ 6.707112884075605, 50.912121174133766 ], [ 6.707165906642278, 50.912087606564093 ], [ 6.707106683554671, 50.912050223711255 ], [ 6.707053675202542, 50.912083791533476 ] ] ] ] } },
{ "type": "Feature", "properties": { "fid": 160007.0, "oid": "DENW41AL30008MyNBL", "aktualit": "2024-08-20", "gebnutzbez": "Gebäude", "funktion": "Wohngebäude", "gfkzshh": "31001_1000", "rellage": null, "name": null, "anzahlgs": null, "gmdschl": "05362032", "lagebeztxt": "Herderstraße 10", "bld area": 97, "flstkennz_": "05468202100452______", "area": 619 }, "geometry": { "type": "MultiPolygon", "coordinates": [ [ [ [ 6.707838051229907, 50.912175479443846 ], [ 6.707853121075141, 50.912177718162745 ], [ 6.707847459752794, 50.912208096987861 ], [ 6.707987756800561, 50.912229074581276 ], [ 6.708016432564674, 50.912152459347404 ], [ 6.707855657669296, 50.9121284173224 ], [ 6.707838051229907, 50.912175479443846 ] ] ] ] } },
{ "type": "Feature", "properties": { "fid": 272159.0, "oid": "DENW41AL2h30000JBL", "aktualit": "2024-08-20", "gebnutzbez": "Gebäude", "funktion": "Gebäude zur Freizeitgestaltung", "gfkzshh": "31001_1310", "rellage": null, "name": null, "anzahlgs": null, "gmdschl": "05362032", "lagebeztxt": null, "bld area": 71, "flstkennz_": "05468202100452______", "area": 619 }, "geometry": { "type": "MultiPolygon", "coordinates": [ [ [ [ 6.707604263656898, 50.912232227101697 ], [ 6.707660688854878, 50.91223855205255 ], [ 6.707670397124352, 50.912203989522816 ], [ 6.707798795562816, 50.912218410764375 ], [ 6.707809191028574, 50.912181442306789 ], [ 6.707624353801803, 50.91216068687315 ], [ 6.707604263656898, 50.912232227101697 ] ] ] ] } },
{ "type": "Feature", "properties": { "fid": 276203.0, "oid": "DENW41AL30008NYIBL", "aktualit": "2024-08-20", "gebnutzbez": "Gebäude", "funktion": "Gebäude zum Parken", "gfkzshh": "31001_2460", "rellage": null, "name": null, "anzahlgs": null, "gmdschl": "05362032", "lagebeztxt": null, "bld area": 36, "flstkennz_": "05468202100452______", "area": 619 }, "geometry": { "type": "MultiPolygon", "coordinates": [ [ [ [ 6.707660688854878, 50.91223855205255 ], [ 6.707789073171821, 50.912252973026725 ], [ 6.707798795562816, 50.912218410764375 ], [ 6.707670397124352, 50.912203989522816 ], [ 6.707660688854878, 50.91223855205255 ] ] ] ] } },
{ "type": "Feature", "properties": { "fid": 59239.0, "oid": "DENW41AL2h30000DBL", "aktualit": "2024-08-20", "gebnutzbez": "Gebäude", "funktion": "Wohngebäude", "gfkzshh": "31001_1000", "rellage": null, "name": null, "anzahlgs": null, "gmdschl": "05362032", "lagebeztxt": null, "bld area": 22, "flstkennz_": "05468202100450______", "area": 591 }, "geometry": { "type": "MultiPolygon", "coordinates": [ [ [ [ 6.707087875336683, 50.912241239784628 ], [ 6.707144202599748, 50.912256791015601 ], [ 6.707172983894162, 50.912215102172127 ], [ 6.707117759070218, 50.912197962669715 ], [ 6.707087875336683, 50.912241239784628 ] ] ] ] } },
{ "type": "Feature", "properties": { "fid": 62029.0, "oid": "DENW41AL30008MyIBL", "aktualit": "2024-08-20", "gebnutzbez": "Gebäude", "funktion": "Wohngebäude", "gfkzshh": "31001_1000", "rellage": null, "name": null, "anzahlgs": null, "gmdschl": "05362032", "lagebeztxt": "Am grünen Weg 3", "bld area": 72, "flstkennz_": "05468202100450______", "area": 591 }, "geometry": { "type": "MultiPolygon", "coordinates": [ [ [ [ 6.706959241078624, 50.91223451208176 ], [ 6.707069234877614, 50.912268224619091 ], [ 6.707087875336683, 50.912241239784628 ], [ 6.707117759070218, 50.912197962669715 ], [ 6.707011177543924, 50.912164874857673 ], [ 6.706959241078624, 50.91223451208176 ] ] ] ] } },
{ "type": "Feature", "properties": { "fid": 273190.0, "oid": "DENW41AL30008KAOBL", "aktualit": "2024-08-20", "gebnutzbez": "Gebäude", "funktion": "Gebäude zum Parken", "gfkzshh": "31001_2460", "rellage": null, "name": null, "anzahlgs": null, "gmdschl": "05362032", "lagebeztxt": null, "bld area": 16, "flstkennz_": "05468202100450______", "area": 591 }, "geometry": { "type": "MultiPolygon", "coordinates": [ [ [ [ 6.707123737281629, 50.912184588965879 ], [ 6.707192326501979, 50.912199589609152 ], [ 6.707209770481365, 50.912173210835938 ], [ 6.707141818304163, 50.912158564494945 ], [ 6.707123737281629, 50.912184588965879 ] ] ] ] } },
{ "type": "Feature", "properties": { "fid": 272159.0, "oid": "DENW41AL2h30000JBL", "aktualit": "2024-08-20", "gebnutzbez": "Gebäude", "funktion": "Gebäude zur Freizeitgestaltung", "gfkzshh": "31001_1310", "rellage": null, "name": null, "anzahlgs": null, "gmdschl": "05362032", "lagebeztxt": null, "bld area": 71, "flstkennz_": "05468202100360______", "area": 678 }, "geometry": { "type": "MultiPolygon", "coordinates": [ [ [ [ 6.707604263656898, 50.912232227101697 ], [ 6.707660688854878, 50.91223855205255 ], [ 6.707670397124352, 50.912203989522816 ], [ 6.707798795562816, 50.912218410764375 ], [ 6.707809191028574, 50.912181442306789 ], [ 6.707624353801803, 50.91216068687315 ], [ 6.707604263656898, 50.912232227101697 ] ] ] ] } },
{ "type": "Feature", "properties": { "fid": 62099.0, "oid": "DENW41AL30008N4kBL", "aktualit": "2024-08-20", "gebnutzbez": "Gebäude", "funktion": "Gebäude zum Parken", "gfkzshh": "31001_2460", "rellage": null, "name": null, "anzahlgs": null, "gmdschl": "05362032", "lagebeztxt": null, "bld area": 72, "flstkennz_": "05468202100360______", "area": 678 }, "geometry": { "type": "MultiPolygon", "coordinates": [ [ [ [ 6.707454507178547, 50.912386340372088 ], [ 6.707533803114655, 50.91240755020975 ], [ 6.707599219355511, 50.912307651527968 ], [ 6.707519889469994, 50.912286845801447 ], [ 6.707518732319229, 50.912289548284583 ], [ 6.707454507178547, 50.912386340372088 ] ] ] ] } },
{ "type": "Feature", "properties": { "fid": 160621.0, "oid": "DENW41AL30008OCUBL", "aktualit": "2024-08-20", "gebnutzbez": "Gebäude", "funktion": "Wohngebäude", "gfkzshh": "31001_1000", "rellage": null, "name": null, "anzahlgs": null, "gmdschl": "05362032", "lagebeztxt": "Herderstraße 6, 8", "bld area": 191, "flstkennz_": "05468202100360______", "area": 678 }, "geometry": { "type": "MultiPolygon", "coordinates": [ [ [ [ 6.707683457906557, 50.912417028644356 ], [ 6.707829944388508, 50.912458265803892 ], [ 6.707831964906206, 50.912455364417035 ], [ 6.707830126401466, 50.912454851618563 ], [ 6.707924203777592, 50.912318001284724 ], [ 6.707926043161186, 50.912318496110792 ], [ 6.707928034799066, 50.912315603149167 ], [ 6.707780166642594, 50.912274986546585 ], [ 6.707778404089332, 50.912277560217575 ], [ 6.707780116877598, 50.912278025577073 ], [ 6.707687237395608, 50.912414521575108 ], [ 6.707685538816372, 50.912414056493382 ], [ 6.707683457906557, 50.912417028644356 ] ] ] ] } },
{ "type": "Feature", "properties": { "fid": 274646.0, "oid": "DENW41AL30008LoEBL", "aktualit": "2024-08-20", "gebnutzbez": "Gebäude", "funktion": "Gemischt genutztes Gebäude mit Wohnen", "gfkzshh": "31001_1100", "rellage": null, "name": null, "anzahlgs": null, "gmdschl": "05362032", "lagebeztxt": "Hauptstraße 236", "bld area": 183, "flstkennz_": "054682019000340002__", "area": 732 }, "geometry": { "type": "MultiPolygon", "coordinates": [ [ [ [ 6.711449648461775, 50.909218486302599 ], [ 6.711512448355804, 50.909251682896311 ], [ 6.711506890124698, 50.909286686885622 ], [ 6.711506844067632, 50.909287045746652 ], [ 6.711500519183637, 50.909326657671393 ], [ 6.711652720392492, 50.909336819594465 ], [ 6.711655490186815, 50.909246429184414 ], [ 6.711613388263943, 50.909224260584544 ], [ 6.711627614487453, 50.909213521772841 ], [ 6.711516459037941, 50.909154562247508 ], [ 6.711450903107775, 50.909203931461953 ], [ 6.711449648461775, 50.909218486302599 ] ] ] ] } },
{ "type": "Feature", "properties": { "fid": 159884.0, "oid": "DENW41AL30008MinBL", "aktualit": "2024-08-20", "gebnutzbez": "Gebäude", "funktion": "Gebäude für Wirtschaft oder Gewerbe", "gfkzshh": "31001_2000", "rellage": null, "name": null, "anzahlgs": null, "gmdschl": "05362032", "lagebeztxt": null, "bld area": 38, "flstkennz_": "054682019000340002__", "area": 732 }, "geometry": { "type": "MultiPolygon", "coordinates": [ [ [ [ 6.711492778886356, 50.909396569962233 ], [ 6.711493237553013, 50.909402299207933 ], [ 6.71149502412123, 50.909407928576883 ], [ 6.711498102126574, 50.909413331436447 ], [ 6.711502392027247, 50.90941838930334 ], [ 6.711507799628353, 50.909422992400948 ], [ 6.7115142298532, 50.909427048923575 ], [ 6.711519787759105, 50.909429748217796 ], [ 6.711525792748902, 50.909432033556186 ], [ 6.711532175084169, 50.909433876588785 ], [ 6.711538836161298, 50.909435257393696 ], [ 6.711545720013113, 50.90943615688515 ], [ 6.711552713823776, 50.909436554862594 ], [ 6.711559731879299, 50.909436458639256 ], [ 6.711566689347316, 50.909435857557497 ], [ 6.711569376941783, 50.909359325454069 ], [ 6.711562474039696, 50.909358524525516 ], [ 6.711555461179533, 50.909358225110182 ], [ 6.711548452058153, 50.909358429437653 ], [ 6.711541518176819, 50.909359129915934 ], [ 6.711534759461079, 50.90936031951054 ], [ 6.711528262065181, 50.90936198192275 ], [ 6.711522097931277, 50.909364100575196 ], [ 6.711516353654511, 50.909366650183806 ], [ 6.71150964788916, 50.909370530052826 ], [ 6.711503909200617, 50.90937499551486 ], [ 6.711499270788088, 50.909379941252851 ], [ 6.711495823214525, 50.909385261113648 ], [ 6.71149364283087, 50.909390848665332 ], [ 6.711492778886356, 50.909396569962233 ] ] ] ] } },
{ "type": "Feature", "properties": { "fid": 61567.0, "oid": "DENW41AL30008MJ4BL", "aktualit": "2024-08-20", "gebnutzbez": "Gebäude", "funktion": "Gebäude zur Freizeitgestaltung", "gfkzshh": "31001_1310", "rellage": null, "name": null, "anzahlgs": null, "gmdschl": "05362032", "lagebeztxt": null, "bld area": 22, "flstkennz_": "054682021000470002__", "area": 323 }, "geometry": { "type": "MultiPolygon", "coordinates": [ [ [ [ 6.707442712682975, 50.912616168924231 ], [ 6.707520324628376, 50.912636913969131 ], [ 6.707540124398069, 50.912642204703218 ], [ 6.707556738218179, 50.912617374546912 ], [ 6.707536938898597, 50.912612074830314 ], [ 6.707459326986424, 50.912591329796818 ], [ 6.707442712682975, 50.912616168924231 ] ] ] ] } },
{ "type": "Feature", "properties": { "fid": 277366.0, "oid": "DENW41AL30008OnjBL", "aktualit": "2024-08-20", "gebnutzbez": "Gebäude", "funktion": "Wohngebäude", "gfkzshh": "31001_1000", "rellage": null, "name": null, "anzahlgs": null, "gmdschl": "05362032", "lagebeztxt": "Herderstraße 2", "bld area": 87, "flstkennz_": "054682021000470002__", "area": 323 }, "geometry": { "type": "MultiPolygon", "coordinates": [ [ [ [ 6.707567846152033, 50.912579520696021 ], [ 6.707593180296874, 50.912587123692553 ], [ 6.707568624664334, 50.912621862252941 ], [ 6.707602810262488, 50.912632022559805 ], [ 6.707594767406409, 50.912642828386304 ], [ 6.70763362283626, 50.91265436657249 ], [ 6.707641622604593, 50.912643568891113 ], [ 6.707682850031675, 50.912655765253184 ], [ 6.707733051087306, 50.91258784747852 ], [ 6.707592980405451, 50.912546034688518 ], [ 6.707567846152033, 50.912579520696021 ] ] ] ] } },
{ "type": "Feature", "properties": { "fid": 273429.0, "oid": "DENW41AL30008KRUBL", "aktualit": "2024-08-20", "gebnutzbez": "Gebäude", "funktion": "Gebäude zum Parken", "gfkzshh": "31001_2460", "rellage": null, "name": null, "anzahlgs": null, "gmdschl": "05362032", "lagebeztxt": null, "bld area": 139, "flstkennz_": "05468202100449______", "area": 958 }, "geometry": { "type": "MultiPolygon", "coordinates": [ [ [ [ 6.707158995023359, 50.912365676496428 ], [ 6.707411092606702, 50.912442959841336 ], [ 6.707415998269704, 50.912444459293752 ], [ 6.707454507178547, 50.912386340372088 ], [ 6.707202045144144, 50.912308951023334 ], [ 6.707158995023359, 50.912365676496428 ] ] ] ] } },
{ "type": "Feature", "properties": { "fid": 274655.0, "oid": "DENW41AL30008LoeBL", "aktualit": "2024-08-20", "gebnutzbez": "Gebäude", "funktion": "Wohngebäude", "gfkzshh": "31001_1000", "rellage": null, "name": null, "anzahlgs": null, "gmdschl": "05362032", "lagebeztxt": null, "bld area": 175, "flstkennz_": "05468202100449______", "area": 958 }, "geometry": { "type": "MultiPolygon", "coordinates": [ [ [ [ 6.706976246441084, 50.912683256426845 ], [ 6.707040330258975, 50.912702809587522 ], [ 6.70709674000986, 50.912629006006675 ], [ 6.707140232770405, 50.912642290386593 ], [ 6.70715382446462, 50.912624533236212 ], [ 6.707193700614892, 50.912636721211612 ], [ 6.7071801084903, 50.912654487352164 ], [ 6.707204132275669, 50.912661830841913 ], [ 6.707185205933747, 50.912686525574188 ], [ 6.707199964733017, 50.912691042768422 ], [ 6.707230170060689, 50.912648752302225 ], [ 6.707272051831672, 50.91258569898163 ], [ 6.707240242607004, 50.912577267162369 ], [ 6.707088107765592, 50.912536907635975 ], [ 6.707032685577349, 50.912609435465448 ], [ 6.706976246441084, 50.912683256426845 ] ] ] ] } },
{ "type": "Feature", "properties": { "fid": 274972.0, "oid": "DENW41AL30008MBMBL", "aktualit": "2024-08-20", "gebnutzbez": "Gebäude", "funktion": "Gebäude zum Parken", "gfkzshh": "31001_2460", "rellage": null, "name": null, "anzahlgs": null, "gmdschl": "05362032", "lagebeztxt": null, "bld area": 48, "flstkennz_": "05468202100449______", "area": 958 }, "geometry": { "type": "MultiPolygon", "coordinates": [ [ [ [ 6.707196103352603, 50.912696372362667 ], [ 6.707240106110133, 50.912709702700845 ], [ 6.70727298945156, 50.912660107658112 ], [ 6.707314828978288, 50.912597044498533 ], [ 6.70731979302181, 50.912589542001115 ], [ 6.707277936243244, 50.912576838469342 ], [ 6.707272051831672, 50.91258569898163 ], [ 6.707230170060689, 50.912648752302225 ], [ 6.707199964733017, 50.912691042768422 ], [ 6.707196103352603, 50.912696372362667 ] ] ] ] } },
{ "type": "Feature", "properties": { "fid": 276537.0, "oid": "DENW41AL30008NueBL", "aktualit": "2024-08-20", "gebnutzbez": "Gebäude", "funktion": "Wohngebäude", "gfkzshh": "31001_1000", "rellage": null, "name": null, "anzahlgs": null, "gmdschl": "05362032", "lagebeztxt": "Wiesenstraße 9", "bld area": 87, "flstkennz_": "05468202100449______", "area": 958 }, "geometry": { "type": "MultiPolygon", "coordinates": [ [ [ [ 6.707040330258975, 50.912702809587522 ], [ 6.707147725743663, 50.912735571577969 ], [ 6.707165318772176, 50.912712532553904 ], [ 6.707180078461001, 50.912717031779863 ], [ 6.707199964733017, 50.912691042768422 ], [ 6.707185205933747, 50.912686525574188 ], [ 6.707204132275669, 50.912661830841913 ], [ 6.7071801084903, 50.912654487352164 ], [ 6.707193700614892, 50.912636721211612 ], [ 6.70715382446462, 50.912624533236212 ], [ 6.707140232770405, 50.912642290386593 ], [ 6.70709674000986, 50.912629006006675 ], [ 6.707040330258975, 50.912702809587522 ] ] ] ] } },
{ "type": "Feature", "properties": { "fid": 62170.0, "oid": "DENW41AL30008NBKBL", "aktualit": "2024-08-20", "gebnutzbez": "Gebäude", "funktion": "Wohngebäude", "gfkzshh": "31001_1000", "rellage": null, "name": null, "anzahlgs": null, "gmdschl": "05362032", "lagebeztxt": "Herderstraße 4", "bld area": 88, "flstkennz_": "054682021000470001__", "area": 363 }, "geometry": { "type": "MultiPolygon", "coordinates": [ [ [ [ 6.707592980405451, 50.912546034688518 ], [ 6.707733051087306, 50.91258784747852 ], [ 6.707784479123105, 50.912518118985027 ], [ 6.707743753743688, 50.912506130389637 ], [ 6.70775168239496, 50.912495331303944 ], [ 6.707713898948927, 50.91248427291189 ], [ 6.707705943189655, 50.912495044480316 ], [ 6.707670061293927, 50.912484374195337 ], [ 6.707644523586074, 50.912518544840282 ], [ 6.707619216129022, 50.912510978355293 ], [ 6.707592980405451, 50.912546034688518 ] ] ] ] } },
{ "type": "Feature", "properties": { "fid": 61412.0, "oid": "DENW41AL30008M5gBL", "aktualit": "2024-08-20", "gebnutzbez": "Gebäude", "funktion": "Gebäude zur Freizeitgestaltung", "gfkzshh": "31001_1310", "rellage": null, "name": null, "anzahlgs": null, "gmdschl": "05362032", "lagebeztxt": null, "bld area": 12, "flstkennz_": "05468202100425______", "area": 300 }, "geometry": { "type": "MultiPolygon", "coordinates": [ [ [ [ 6.707498763320571, 50.912665391985854 ], [ 6.70753375677086, 50.912674791182454 ], [ 6.707552930122216, 50.912646224787238 ], [ 6.707519965056921, 50.912637388888804 ], [ 6.707498763320571, 50.912665391985854 ] ] ] ] } },
{ "type": "Feature", "properties": { "fid": 62141.0, "oid": "DENW41AL30008N8OBL", "aktualit": "2024-08-20", "gebnutzbez": "Gebäude", "funktion": "Wohngebäude", "gfkzshh": "31001_1000", "rellage": null, "name": null, "anzahlgs": null, "gmdschl": "05362032", "lagebeztxt": "Wiesenstraße 7", "bld area": 75, "flstkennz_": "05468202100425______", "area": 300 }, "geometry": { "type": "MultiPolygon", "coordinates": [ [ [ [ 6.707390017179937, 50.91280892073889 ], [ 6.707508756146034, 50.912845071162202 ], [ 6.707558578170945, 50.912779664365416 ], [ 6.707556770291137, 50.912779107193799 ], [ 6.707491815529179, 50.912759321351672 ], [ 6.707481064219371, 50.912756052153277 ], [ 6.707439672305228, 50.912743438760089 ], [ 6.707390017179937, 50.91280892073889 ] ] ] ] } },
{ "type": "Feature", "properties": { "fid": 272699.0, "oid": "DENW41AL30008JcrBL", "aktualit": "2024-08-20", "gebnutzbez": "Gebäude", "funktion": "Wohngebäude", "gfkzshh": "31001_1000", "rellage": null, "name": null, "anzahlgs": null, "gmdschl": "05362032", "lagebeztxt": null, "bld area": 53, "flstkennz_": "05468202100425______", "area": 300 }, "geometry": { "type": "MultiPolygon", "coordinates": [ [ [ [ 6.707491815529179, 50.912759321351672 ], [ 6.707556770291137, 50.912779107193799 ], [ 6.707566807230508, 50.912765939114671 ], [ 6.707576539177859, 50.912769107334256 ], [ 6.707618619717715, 50.912711265384637 ], [ 6.707534921255033, 50.91268554402621 ], [ 6.707508189673669, 50.91272055462354 ], [ 6.707518645593338, 50.912723755058089 ], [ 6.707491815529179, 50.912759321351672 ] ] ] ] } },
{ "type": "Feature", "properties": { "fid": 60891.0, "oid": "DENW41AL30008LL2BL", "aktualit": "2024-08-20", "gebnutzbez": "Gebäude", "funktion": "Wohngebäude", "gfkzshh": "31001_1000", "rellage": null, "name": null, "anzahlgs": null, "gmdschl": "05362032", "lagebeztxt": "Merkurweg 24", "bld area": 133, "flstkennz_": "05468202100474______", "area": 255 }, "geometry": { "type": "MultiPolygon", "coordinates": [ [ [ [ 6.709404170010482, 50.91304012702328 ], [ 6.709454971206045, 50.913053518004297 ], [ 6.709578990191985, 50.9130861992776 ], [ 6.709615669426089, 50.913029950502114 ], [ 6.709622229347701, 50.913031662209285 ], [ 6.709623859057194, 50.913029184839154 ], [ 6.709612328101787, 50.913026143378261 ], [ 6.709620521494974, 50.913013712437667 ], [ 6.709632038234663, 50.913016753618777 ], [ 6.70963368215632, 50.913014276527427 ], [ 6.70962715110439, 50.913012556393383 ], [ 6.709633560296355, 50.913002851624903 ], [ 6.709556309779584, 50.912982537814329 ], [ 6.709460490984244, 50.912957344467188 ], [ 6.709404170010482, 50.91304012702328 ] ] ] ] } },
{ "type": "Feature", "properties": { "fid": 159117.0, "oid": "DENW41AL30008LAMBL", "aktualit": "2024-08-20", "gebnutzbez": "Gebäude", "funktion": "Gebäude zum Parken", "gfkzshh": "31001_2460", "rellage": null, "name": null, "anzahlgs": null, "gmdschl": "05362032", "lagebeztxt": null, "bld area": 54, "flstkennz_": "05468202100474______", "area": 255 }, "geometry": { "type": "MultiPolygon", "coordinates": [ [ [ [ 6.709539932550578, 50.912977944185727 ], [ 6.709618798251897, 50.912998973258745 ], [ 6.709668104513197, 50.912924021709053 ], [ 6.709589084427348, 50.912903241473359 ], [ 6.709539932550578, 50.912977944185727 ] ] ] ] } },
{ "type": "Feature", "properties": { "fid": 159149.0, "oid": "DENW41AL30008LEEBL", "aktualit": "2024-08-20", "gebnutzbez": "Gebäude", "funktion": "Wohngebäude", "gfkzshh": "31001_1000", "rellage": null, "name": null, "anzahlgs": null, "gmdschl": "05362032", "lagebeztxt": "Merkurweg 28", "bld area": 103, "flstkennz_": "05468202100474______", "area": 255 }, "geometry": { "type": "MultiPolygon", "coordinates": [ [ [ [ 6.709544359047975, 50.912881722205015 ], [ 6.709679806438755, 50.912917496794257 ], [ 6.709734534455501, 50.912834691840104 ], [ 6.709600562432795, 50.912799297038568 ], [ 6.709544359047975, 50.912881722205015 ] ] ] ] } },
{ "type": "Feature", "properties": { "fid": 61376.0, "oid": "DENW41AL30008M1oBL", "aktualit": "2024-08-20", "gebnutzbez": "Gebäude", "funktion": "Gebäude zum Parken", "gfkzshh": "31001_2460", "rellage": null, "name": null, "anzahlgs": null, "gmdschl": "05362032", "lagebeztxt": null, "bld area": 19, "flstkennz_": "05468202100475______", "area": 244 }, "geometry": { "type": "MultiPolygon", "coordinates": [ [ [ [ 6.709286111377243, 50.912844958157692 ], [ 6.709362817122679, 50.912865639209421 ], [ 6.709380792910232, 50.912838551030681 ], [ 6.709303828807355, 50.91281820669515 ], [ 6.709286111377243, 50.912844958157692 ] ] ] ] } },
{ "type": "Feature", "properties": { "fid": 277455.0, "oid": "DENW41AL30008OtwBL", "aktualit": "2024-08-20", "gebnutzbez": "Gebäude", "funktion": "Wohngebäude", "gfkzshh": "31001_1000", "rellage": null, "name": null, "anzahlgs": null, "gmdschl": "05362032", "lagebeztxt": "Sistenichstraße 27", "bld area": 70, "flstkennz_": "05468202100475______", "area": 244 }, "geometry": { "type": "MultiPolygon", "coordinates": [ [ [ [ 6.709097632045288, 50.912861791906003 ], [ 6.709219333772515, 50.912893843462086 ], [ 6.709260488860333, 50.912831341810183 ], [ 6.709139154419544, 50.912798766853619 ], [ 6.709097632045288, 50.912861791906003 ] ] ] ] } },
{ "type": "Feature", "properties": { "fid": 63416.0, "oid": "DENW41AL30008Ov6BL", "aktualit": "2024-08-20", "gebnutzbez": "Gebäude", "funktion": "Gebäude für Land- und Forstwirtschaft", "gfkzshh": "31001_2700", "rellage": null, "name": null, "anzahlgs": null, "gmdschl": "05362032", "lagebeztxt": null, "bld area": 12, "flstkennz_": "05468202100462______", "area": 229 }, "geometry": { "type": "MultiPolygon", "coordinates": [ [ [ [ 6.709254173163373, 50.912932995116378 ], [ 6.709306574203579, 50.912946831295635 ], [ 6.709323435265691, 50.912921295213145 ], [ 6.709271033366068, 50.91290747701256 ], [ 6.709254173163373, 50.912932995116378 ] ] ] ] } },
{ "type": "Feature", "properties": { "fid": 62547.0, "oid": "DENW41AL30008NhxBL", "aktualit": "2024-08-20", "gebnutzbez": "Gebäude", "funktion": "Wohngebäude", "gfkzshh": "31001_1000", "rellage": null, "name": null, "anzahlgs": null, "gmdschl": "05362032", "lagebeztxt": "Sistenichstraße 25", "bld area": 70, "flstkennz_": "05468202100462______", "area": 229 }, "geometry": { "type": "MultiPolygon", "coordinates": [ [ [ [ 6.709056214345093, 50.912924711069373 ], [ 6.7091779170879, 50.912956744699208 ], [ 6.709219333772515, 50.912893843462086 ], [ 6.709097632045288, 50.912861791906003 ], [ 6.709056214345093, 50.912924711069373 ] ] ] ] } },
{ "type": "Feature", "properties": { "fid": 61195.0, "oid": "DENW41AL30008LlfBL", "aktualit": "2024-08-20", "gebnutzbez": "Gebäude", "funktion": "Gebäude zum Parken", "gfkzshh": "31001_2460", "rellage": null, "name": null, "anzahlgs": null, "gmdschl": "05362032", "lagebeztxt": null, "bld area": 14, "flstkennz_": "05468200800653______", "area": 277 }, "geometry": { "type": "MultiPolygon", "coordinates": [ [ [ [ 6.710477809524377, 50.913393923102227 ], [ 6.710562057078369, 50.913408806212267 ], [ 6.710572988980228, 50.913389854242219 ], [ 6.710486647828467, 50.913374147579745 ], [ 6.710477809524377, 50.913393923102227 ] ] ] ] } },
{ "type": "Feature", "properties": { "fid": 61877.0, "oid": "DENW41AL30008MkHBL", "aktualit": "2024-08-20", "gebnutzbez": "Gebäude", "funktion": "Gebäude für Wirtschaft oder Gewerbe", "gfkzshh": "31001_2000", "rellage": null, "name": null, "anzahlgs": null, "gmdschl": "05362032", "lagebeztxt": null, "bld area": 19, "flstkennz_": "05468200800653______", "area": 277 }, "geometry": { "type": "MultiPolygon", "coordinates": [ [ [ [ 6.710213094677743, 50.913403039088209 ], [ 6.71027712219033, 50.913414512644366 ], [ 6.71029051108409, 50.913381740002023 ], [ 6.710295591276506, 50.913382586186692 ], [ 6.710295755029027, 50.913379540399042 ], [ 6.710228991344988, 50.913367581450267 ], [ 6.710213094677743, 50.913403039088209 ] ] ] ] } },
{ "type": "Feature", "properties": { "fid": 159906.0, "oid": "DENW41AL30008MleBL", "aktualit": "2024-08-20", "gebnutzbez": "Gebäude", "funktion": "Gemischt genutztes Gebäude mit Wohnen", "gfkzshh": "31001_1100", "rellage": null, "name": null, "anzahlgs": null, "gmdschl": "05362032", "lagebeztxt": "Hauptstraße 178", "bld area": 87, "flstkennz_": "05468200800653______", "area": 277 }, "geometry": { "type": "MultiPolygon", "coordinates": [ [ [ [ 6.71027712219033, 50.913414512644366 ], [ 6.710344285056174, 50.91342587679199 ], [ 6.710428193950848, 50.913440123767074 ], [ 6.710533480458686, 50.913457964989142 ], [ 6.710562057078369, 50.913408806212267 ], [ 6.710477809524377, 50.913393923102227 ], [ 6.710457611265255, 50.913390360915578 ], [ 6.710449754742188, 50.913408105042144 ], [ 6.710295591276506, 50.913382586186692 ], [ 6.71029051108409, 50.913381740002023 ], [ 6.71027712219033, 50.913414512644366 ] ] ] ] } },
{ "type": "Feature", "properties": { "fid": 158460.0, "oid": "DENW41AL30008JscBL", "aktualit": "2024-08-20", "gebnutzbez": "Gebäude", "funktion": "Wohngebäude", "gfkzshh": "31001_1000", "rellage": null, "name": null, "anzahlgs": null, "gmdschl": "05362032", "lagebeztxt": "Merkurweg 11", "bld area": 98, "flstkennz_": "05468200800651______", "area": 282 }, "geometry": { "type": "MultiPolygon", "coordinates": [ [ [ [ 6.70966628348967, 50.913383809478475 ], [ 6.709827666750918, 50.913411503517857 ], [ 6.709861374847219, 50.913340140234602 ], [ 6.709700348091158, 50.913311275009129 ], [ 6.70966628348967, 50.913383809478475 ] ] ] ] } },
{ "type": "Feature", "properties": { "fid": 273355.0, "oid": "DENW41AL30008KLTBL", "aktualit": "2024-08-20", "gebnutzbez": "Gebäude", "funktion": "Gemischt genutztes Gebäude mit Wohnen", "gfkzshh": "31001_1100", "rellage": null, "name": null, "anzahlgs": null, "gmdschl": "05362032", "lagebeztxt": "Hauptstraße 176", "bld area": 51, "flstkennz_": "05468200800654______", "area": 265 }, "geometry": { "type": "MultiPolygon", "coordinates": [ [ [ [ 6.710533480458686, 50.913457964989142 ], [ 6.710428193950848, 50.913440123767074 ], [ 6.710412778352309, 50.913467523160065 ], [ 6.710395037084275, 50.913498825333633 ], [ 6.710492794286531, 50.913515574491122 ], [ 6.710533480458686, 50.913457964989142 ] ] ] ] } },
{ "type": "Feature", "properties": { "fid": 275440.0, "oid": "DENW41AL30008MhKBL", "aktualit": "2024-08-20", "gebnutzbez": "Gebäude", "funktion": "Gebäude für Wirtschaft oder Gewerbe", "gfkzshh": "31001_2000", "rellage": null, "name": null, "anzahlgs": null, "gmdschl": "05362032", "lagebeztxt": null, "bld area": 17, "flstkennz_": "05468200800654______", "area": 265 }, "geometry": { "type": "MultiPolygon", "coordinates": [ [ [ [ 6.710335129867548, 50.913449207751029 ], [ 6.710381058508814, 50.913456377741312 ], [ 6.710378726193111, 50.913461575543849 ], [ 6.710412778352309, 50.913467523160065 ], [ 6.710428193950848, 50.913440123767074 ], [ 6.710344285056174, 50.91342587679199 ], [ 6.710335129867548, 50.913449207751029 ] ] ] ] } },
{ "type": "Feature", "properties": { "fid": 159533.0, "oid": "DENW41AL30008M2EBL", "aktualit": "2024-08-20", "gebnutzbez": "Gebäude", "funktion": "Wohngebäude", "gfkzshh": "31001_1000", "rellage": null, "name": null, "anzahlgs": null, "gmdschl": "05362032", "lagebeztxt": "Merkurweg 13", "bld area": 100, "flstkennz_": "05468200800652______", "area": 288 }, "geometry": { "type": "MultiPolygon", "coordinates": [ [ [ [ 6.709700348091158, 50.913311275009129 ], [ 6.709861374847219, 50.913340140234602 ], [ 6.709894496778562, 50.913266804724536 ], [ 6.709733483047773, 50.913237678969594 ], [ 6.709700348091158, 50.913311275009129 ] ] ] ] } },
{ "type": "Feature", "properties": { "fid": 159531.0, "oid": "DENW41AL30008M1UBL", "aktualit": "2024-08-20", "gebnutzbez": "Gebäude", "funktion": "Gemischt genutztes Gebäude mit Wohnen", "gfkzshh": "31001_1100", "rellage": null, "name": null, "anzahlgs": null, "gmdschl": "05362032", "lagebeztxt": "Hauptstraße 180", "bld area": 63, "flstkennz_": "05468200800581______", "area": 553 }, "geometry": { "type": "MultiPolygon", "coordinates": [ [ [ [ 6.710460444975533, 50.913369442264631 ], [ 6.710486647828467, 50.913374147579745 ], [ 6.710572988980228, 50.913389854242219 ], [ 6.710577982134671, 50.913390734683446 ], [ 6.710584803618532, 50.913392046732504 ], [ 6.710598936093041, 50.913360062136178 ], [ 6.710612477696341, 50.913362432408135 ], [ 6.710623930281181, 50.913337509570439 ], [ 6.710568648790067, 50.913327269086516 ], [ 6.71048530642502, 50.91331191805709 ], [ 6.710475515944187, 50.913334570999886 ], [ 6.710460444975533, 50.913369442264631 ] ] ] ] } },
{ "type": "Feature", "properties": { "fid": 274654.0, "oid": "DENW41AL30008LoaBL", "aktualit": "2024-08-20", "gebnutzbez": "Gebäude", "funktion": "Gebäude für Wirtschaft oder Gewerbe", "gfkzshh": "31001_2000", "rellage": null, "name": null, "anzahlgs": null, "gmdschl": "05362032", "lagebeztxt": null, "bld area": 19, "flstkennz_": "05468200800581______", "area": 553 }, "geometry": { "type": "MultiPolygon", "coordinates": [ [ [ [ 6.710327356332255, 50.913345281290376 ], [ 6.710403532479636, 50.913359097751432 ], [ 6.710416090280768, 50.913329051990729 ], [ 6.710340699440107, 50.913315178992249 ], [ 6.710327356332255, 50.913345281290376 ] ] ] ] } },
{ "type": "Feature", "properties": { "fid": 277257.0, "oid": "DENW41AL30008OgjBL", "aktualit": "2024-08-20", "gebnutzbez": "Gebäude", "funktion": "Wohngebäude", "gfkzshh": "31001_1000", "rellage": null, "name": null, "anzahlgs": null, "gmdschl": "05362032", "lagebeztxt": null, "bld area": 17, "flstkennz_": "05468200800581______", "area": 553 }, "geometry": { "type": "MultiPolygon", "coordinates": [ [ [ [ 6.710403532479636, 50.913359097751432 ], [ 6.710460444975533, 50.913369442264631 ], [ 6.710475515944187, 50.913334570999886 ], [ 6.710418201886652, 50.913324002757022 ], [ 6.710416090280768, 50.913329051990729 ], [ 6.710403532479636, 50.913359097751432 ] ] ] ] } },
{ "type": "Feature", "properties": { "fid": 277271.0, "oid": "DENW41AL30008OhSBL", "aktualit": "2024-08-20", "gebnutzbez": "Gebäude", "funktion": "Gebäude zum Parken", "gfkzshh": "31001_2460", "rellage": null, "name": null, "anzahlgs": null, "gmdschl": "05362032", "lagebeztxt": null, "bld area": 6, "flstkennz_": "05468200800581______", "area": 553 }, "geometry": { "type": "MultiPolygon", "coordinates": [ [ [ [ 6.710568648790067, 50.913327269086516 ], [ 6.710623930281181, 50.913337509570439 ], [ 6.710629304031273, 50.91332541898749 ], [ 6.710574277069899, 50.913315210481628 ], [ 6.710568648790067, 50.913327269086516 ] ] ] ] } },
{ "type": "Feature", "properties": { "fid": 61932.0, "oid": "DENW41AL30008MpgBL", "aktualit": "2024-08-20", "gebnutzbez": "Gebäude", "funktion": "Wohngebäude", "gfkzshh": "31001_1000", "rellage": null, "name": null, "anzahlgs": null, "gmdschl": "05362032", "lagebeztxt": "Hauptstraße 240", "bld area": 72, "flstkennz_": "05468201900274______", "area": 682 }, "geometry": { "type": "MultiPolygon", "coordinates": [ [ [ [ 6.711283381749919, 50.909110255341439 ], [ 6.711288898336842, 50.909110606375094 ], [ 6.711284037022609, 50.909145030412596 ], [ 6.711333645031551, 50.909148161913755 ], [ 6.711338241570736, 50.90911362475245 ], [ 6.711381088472725, 50.909116254877468 ], [ 6.711381513952833, 50.909116281209954 ], [ 6.711393206831383, 50.909040906069151 ], [ 6.711393313599527, 50.909040179640442 ], [ 6.711295355184972, 50.909034094230343 ], [ 6.711295234644145, 50.909034811394761 ], [ 6.711283664041484, 50.909108560991797 ], [ 6.711283381749919, 50.909110255341439 ] ] ] ] } },
{ "type": "Feature", "properties": { "fid": 270062.0, "oid": "DENW41AL30008b7lBL", "aktualit": "2024-08-20", "gebnutzbez": "Sonstiges Bauwerk oder sonstige Einrichtung", "funktion": "Carport", "gfkzshh": "51009_1611", "rellage": null, "name": null, "anzahlgs": null, "gmdschl": "05362032", "lagebeztxt": null, "bld area": 23, "flstkennz_": "05468201900274______", "area": 682 }, "geometry": { "type": "MultiPolygon", "coordinates": [ [ [ [ 6.711244105428375, 50.909105887393657 ], [ 6.711283664041484, 50.909108560991797 ], [ 6.711295234644145, 50.909034811394761 ], [ 6.711256260108597, 50.909032122273047 ], [ 6.711244105428375, 50.909105887393657 ] ] ] ] } },
{ "type": "Feature", "properties": { "fid": 62151.0, "oid": "DENW41AL30008N9ABL", "aktualit": "2024-08-20", "gebnutzbez": "Gebäude", "funktion": "Gebäude zum Parken", "gfkzshh": "31001_2460", "rellage": null, "name": null, "anzahlgs": null, "gmdschl": "05362032", "lagebeztxt": null, "bld area": 40, "flstkennz_": "05468201900369______", "area": 873 }, "geometry": { "type": "MultiPolygon", "coordinates": [ [ [ [ 6.710827539253937, 50.909485515575717 ], [ 6.710929790379623, 50.909492270192146 ], [ 6.710935188808923, 50.909459952331503 ], [ 6.710914926372018, 50.909458601502145 ], [ 6.71091856451737, 50.909436934111419 ], [ 6.710836159373971, 50.909431612102715 ], [ 6.710827539253937, 50.909485515575717 ] ] ] ] } },
{ "type": "Feature", "properties": { "fid": 160742.0, "oid": "DENW41AL30008OQzBL", "aktualit": "2024-08-20", "gebnutzbez": "Gebäude", "funktion": "Wohngebäude", "gfkzshh": "31001_1000", "rellage": null, "name": null, "anzahlgs": null, "gmdschl": "05362032", "lagebeztxt": "Merodestraße 4 a", "bld area": 118, "flstkennz_": "05468201900369______", "area": 873 }, "geometry": { "type": "MultiPolygon", "coordinates": [ [ [ [ 6.710914926372018, 50.909458601502145 ], [ 6.710935188808923, 50.909459952331503 ], [ 6.711068845325444, 50.909468842849847 ], [ 6.711084872934546, 50.909372110813017 ], [ 6.710930807323877, 50.909361965542679 ], [ 6.71091856451737, 50.909436934111419 ], [ 6.710914926372018, 50.909458601502145 ] ] ] ] } },
{ "type": "Feature", "properties": { "fid": 158167.0, "oid": "DENW41AL30008JIPBL", "aktualit": "2024-08-20", "gebnutzbez": "Gebäude", "funktion": "Wohngebäude", "gfkzshh": "31001_1000", "rellage": null, "name": null, "anzahlgs": null, "gmdschl": "05362032", "lagebeztxt": "Merodestraße 2", "bld area": 93, "flstkennz_": "05468201900357______", "area": 441 }, "geometry": { "type": "MultiPolygon", "coordinates": [ [ [ [ 6.711072403093823, 50.909048438171126 ], [ 6.711136240653833, 50.90905641786221 ], [ 6.711132449948646, 50.909068440585891 ], [ 6.711184179791459, 50.909075004546082 ], [ 6.711188058842357, 50.90906292059482 ], [ 6.711217142450663, 50.908972623556032 ], [ 6.711096726463896, 50.908957166370314 ], [ 6.711077780462337, 50.909014806750186 ], [ 6.711072403093823, 50.909048438171126 ] ] ] ] } },
{ "type": "Feature", "properties": { "fid": 159479.0, "oid": "DENW41AL30008LvhBL", "aktualit": "2024-08-20", "gebnutzbez": "Gebäude", "funktion": "Gebäude zum Parken", "gfkzshh": "31001_2460", "rellage": null, "name": null, "anzahlgs": null, "gmdschl": "05362032", "lagebeztxt": null, "bld area": 72, "flstkennz_": "05468201900357______", "area": 441 }, "geometry": { "type": "MultiPolygon", "coordinates": [ [ [ [ 6.711052927681511, 50.909202970663785 ], [ 6.711222330367279, 50.909214810666775 ], [ 6.71123117967351, 50.909161154501689 ], [ 6.711062302585074, 50.909149333813438 ], [ 6.711052927681511, 50.909202970663785 ] ] ] ] } },
{ "type": "Feature", "properties": { "fid": 276023.0, "oid": "DENW41AL30008NM2BL", "aktualit": "2024-08-20", "gebnutzbez": "Gebäude", "funktion": "Gebäude für Wirtschaft oder Gewerbe", "gfkzshh": "31001_2000", "rellage": null, "name": null, "anzahlgs": null, "gmdschl": "05362032", "lagebeztxt": null, "bld area": 21, "flstkennz_": "05468201900357______", "area": 441 }, "geometry": { "type": "MultiPolygon", "coordinates": [ [ [ [ 6.711002908706752, 50.909199516188821 ], [ 6.711052927681511, 50.909202970663785 ], [ 6.711062302585074, 50.909149333813438 ], [ 6.711012185946082, 50.90914584145002 ], [ 6.711002908706752, 50.909199516188821 ] ] ] ] } },
{ "type": "Feature", "properties": { "fid": 59721.0, "oid": "DENW41AL30008JhEBL", "aktualit": "2024-08-20", "gebnutzbez": "Gebäude", "funktion": "Gebäude zum Parken", "gfkzshh": "31001_2460", "rellage": null, "name": null, "anzahlgs": null, "gmdschl": "05362032", "lagebeztxt": null, "bld area": 37, "flstkennz_": "05468202000053______", "area": 716 }, "geometry": { "type": "MultiPolygon", "coordinates": [ [ [ [ 6.71123385404402, 50.909708264437356 ], [ 6.711349600241885, 50.909712818970064 ], [ 6.711351599530516, 50.909672069912318 ], [ 6.711237616735287, 50.909667819788979 ], [ 6.71123385404402, 50.909708264437356 ] ] ] ] } },
{ "type": "Feature", "properties": { "fid": 61480.0, "oid": "DENW41AL30008MBJBL", "aktualit": "2024-08-20", "gebnutzbez": "Gebäude", "funktion": "Wohngebäude", "gfkzshh": "31001_1000", "rellage": null, "name": null, "anzahlgs": null, "gmdschl": "05362032", "lagebeztxt": null, "bld area": 25, "flstkennz_": "05468202000053______", "area": 716 }, "geometry": { "type": "MultiPolygon", "coordinates": [ [ [ [ 6.711351599530516, 50.909672069912318 ], [ 6.711349600241885, 50.909712818970064 ], [ 6.711426346201913, 50.909716356726484 ], [ 6.711427640332666, 50.909674901292973 ], [ 6.711351599530516, 50.909672069912318 ] ] ] ] } },
{ "type": "Feature", "properties": { "fid": 274371.0, "oid": "DENW41AL30008LU0BL", "aktualit": "2024-08-20", "gebnutzbez": "Gebäude", "funktion": "Wohngebäude", "gfkzshh": "31001_1000", "rellage": null, "name": null, "anzahlgs": null, "gmdschl": "05362032", "lagebeztxt": "Hauptstraße 232", "bld area": 65, "flstkennz_": "05468202000053______", "area": 716 }, "geometry": { "type": "MultiPolygon", "coordinates": [ [ [ [ 6.711469907066673, 50.909655151664687 ], [ 6.711468898961854, 50.909718324477225 ], [ 6.711597537470454, 50.909724255852019 ], [ 6.71159963681004, 50.90965797448964 ], [ 6.711469907066673, 50.909655151664687 ] ] ] ] } },
{ "type": "Feature", "properties": { "fid": 159956.0, "oid": "DENW41AL30008MsmBL", "aktualit": "2024-08-20", "gebnutzbez": "Gebäude", "funktion": "Wohngebäude", "gfkzshh": "31001_1000", "rellage": null, "name": null, "anzahlgs": null, "gmdschl": "05362032", "lagebeztxt": null, "bld area": 48, "flstkennz_": "05468200800571______", "area": 345 }, "geometry": { "type": "MultiPolygon", "coordinates": [ [ [ [ 6.709014918530682, 50.914005540244972 ], [ 6.709052948523411, 50.914020299618777 ], [ 6.709136770518682, 50.914052839815689 ], [ 6.709173863055507, 50.914014272702715 ], [ 6.70910591454942, 50.913987899294568 ], [ 6.709033465099447, 50.913976403675491 ], [ 6.709014918530682, 50.914005540244972 ] ] ] ] } },
{ "type": "Feature", "properties": { "fid": 160313.0, "oid": "DENW41AL30008Na9BL", "aktualit": "2024-08-20", "gebnutzbez": "Gebäude", "funktion": "Gebäude für Land- und Forstwirtschaft", "gfkzshh": "31001_2700", "rellage": null, "name": null, "anzahlgs": null, "gmdschl": "05362032", "lagebeztxt": null, "bld area": 27, "flstkennz_": "05468200800571______", "area": 345 }, "geometry": { "type": "MultiPolygon", "coordinates": [ [ [ [ 6.709184010929018, 50.914029546017247 ], [ 6.709288813525259, 50.914051174367991 ], [ 6.709316984437798, 50.914021318263146 ], [ 6.709208434505884, 50.91400414940702 ], [ 6.709184010929018, 50.914029546017247 ] ] ] ] } },
{ "type": "Feature", "properties": { "fid": 272388.0, "oid": "DENW41AL30008JGXBL", "aktualit": "2024-08-20", "gebnutzbez": "Gebäude", "funktion": "Wohngebäude", "gfkzshh": "31001_1000", "rellage": null, "name": null, "anzahlgs": null, "gmdschl": "05362032", "lagebeztxt": "Am Kalkofen 3", "bld area": 84, "flstkennz_": "05468200800571______", "area": 345 }, "geometry": { "type": "MultiPolygon", "coordinates": [ [ [ [ 6.709066491808286, 50.91415152860742 ], [ 6.709160059378175, 50.914187551937516 ], [ 6.709202682972693, 50.914142392782708 ], [ 6.709230252354165, 50.914113199448437 ], [ 6.709231993807455, 50.914111344870278 ], [ 6.70918913865609, 50.914095177701483 ], [ 6.709204499222211, 50.914079055990527 ], [ 6.709154807815553, 50.914059849521919 ], [ 6.709099996775473, 50.914116776543658 ], [ 6.709066491808286, 50.91415152860742 ] ] ] ] } },
{ "type": "Feature", "properties": { "fid": 273100.0, "oid": "DENW41AL30008K3tBL", "aktualit": "2024-08-20", "gebnutzbez": "Gebäude", "funktion": "Wohngebäude", "gfkzshh": "31001_1000", "rellage": null, "name": null, "anzahlgs": null, "gmdschl": "05362032", "lagebeztxt": null, "bld area": 86, "flstkennz_": "05468200800571______", "area": 345 }, "geometry": { "type": "MultiPolygon", "coordinates": [ [ [ [ 6.709010573596511, 50.914129618534339 ], [ 6.709012920427007, 50.914130501056619 ], [ 6.709014458135095, 50.914131109319023 ], [ 6.709014846588587, 50.914131258397354 ], [ 6.709014930104462, 50.914131296013245 ], [ 6.709019436693137, 50.914132814544388 ], [ 6.709023702003334, 50.914134031533443 ], [ 6.70902769584232, 50.914134982364139 ], [ 6.709031430658081, 50.91413570325728 ], [ 6.709034933994934, 50.914136212741823 ], [ 6.709039438019284, 50.914136624947247 ], [ 6.709043615042033, 50.914136742921919 ], [ 6.709047590778335, 50.914136614104279 ], [ 6.709051394096626, 50.914136230066944 ], [ 6.709057607272506, 50.914135155820219 ], [ 6.709082001223321, 50.914109785636768 ], [ 6.709099996775473, 50.914116776543658 ], [ 6.709154807815553, 50.914059849521919 ], [ 6.709136770518682, 50.914052839815689 ], [ 6.709052948523411, 50.914020299618777 ], [ 6.709014768332755, 50.914081006810747 ], [ 6.7090015343511, 50.914075557416162 ], [ 6.708983826547185, 50.914093989476399 ], [ 6.70898262277659, 50.91410951664804 ], [ 6.708983249943786, 50.914110941034224 ], [ 6.708984049439236, 50.914112332827038 ], [ 6.708985047924544, 50.914113728526267 ], [ 6.708986244516962, 50.914115146102787 ], [ 6.708988336300956, 50.914117165869683 ], [ 6.708991089501712, 50.914119333532504 ], [ 6.708994782211225, 50.914121780467916 ], [ 6.709000098976968, 50.914124762955034 ], [ 6.709005182850964, 50.914127273176668 ], [ 6.709010154693043, 50.914129457411079 ], [ 6.709010573596511, 50.914129618534339 ] ] ] ] } },
{ "type": "Feature", "properties": { "fid": 62529.0, "oid": "DENW41AL30008NgOBL", "aktualit": "2024-08-20", "gebnutzbez": "Gebäude", "funktion": "Gebäude zum Parken", "gfkzshh": "31001_2460", "rellage": null, "name": null, "anzahlgs": null, "gmdschl": "05362032", "lagebeztxt": null, "bld area": 51, "flstkennz_": "054682021000840003__", "area": 544 }, "geometry": { "type": "MultiPolygon", "coordinates": [ [ [ [ 6.705509945624898, 50.912818560763959 ], [ 6.705595619785744, 50.912850375459485 ], [ 6.705625443854118, 50.912817602664653 ], [ 6.705634501027734, 50.912820892692466 ], [ 6.705654370531894, 50.91279902291096 ], [ 6.705560204763077, 50.912764280114693 ], [ 6.705509945624898, 50.912818560763959 ] ] ] ] } },
{ "type": "Feature", "properties": { "fid": 275299.0, "oid": "DENW41AL30008MYgBL", "aktualit": "2024-08-20", "gebnutzbez": "Gebäude", "funktion": "Wohngebäude", "gfkzshh": "31001_1000", "rellage": null, "name": null, "anzahlgs": null, "gmdschl": "05362032", "lagebeztxt": "Am Kalkofen 35", "bld area": 87, "flstkennz_": "054682021000840003__", "area": 544 }, "geometry": { "type": "MultiPolygon", "coordinates": [ [ [ [ 6.705592430235907, 50.912853901400446 ], [ 6.705717185271346, 50.912899031132071 ], [ 6.705755430523078, 50.912857025017345 ], [ 6.705780109842634, 50.912829925259601 ], [ 6.70577713283059, 50.91282884140626 ], [ 6.705664703361653, 50.912787659630887 ], [ 6.705654370531894, 50.91279902291096 ], [ 6.705634501027734, 50.912820892692466 ], [ 6.705625443854118, 50.912817602664653 ], [ 6.705595619785744, 50.912850375459485 ], [ 6.705592430235907, 50.912853901400446 ] ] ] ] } },
{ "type": "Feature", "properties": { "fid": 276206.0, "oid": "DENW41AL30008NYOBL", "aktualit": "2024-08-20", "gebnutzbez": "Gebäude", "funktion": "Gebäude zum Parken", "gfkzshh": "31001_2460", "rellage": null, "name": null, "anzahlgs": null, "gmdschl": "05362032", "lagebeztxt": null, "bld area": 25, "flstkennz_": "054682021000840003__", "area": 544 }, "geometry": { "type": "MultiPolygon", "coordinates": [ [ [ [ 6.705755430523078, 50.912857025017345 ], [ 6.705804157165105, 50.912874388185685 ], [ 6.705831443679841, 50.912845477891054 ], [ 6.705847938572679, 50.912828002814948 ], [ 6.705795424220256, 50.912808973245497 ], [ 6.70577713283059, 50.91282884140626 ], [ 6.705780109842634, 50.912829925259601 ], [ 6.705755430523078, 50.912857025017345 ] ] ] ] } },
{ "type": "Feature", "properties": { "fid": 276893.0, "oid": "DENW41AL30008OIBBL", "aktualit": "2024-08-20", "gebnutzbez": "Gebäude", "funktion": "Gebäude zum Parken", "gfkzshh": "31001_2460", "rellage": null, "name": null, "anzahlgs": null, "gmdschl": "05362032", "lagebeztxt": null, "bld area": 49, "flstkennz_": "054682021000840003__", "area": 544 }, "geometry": { "type": "MultiPolygon", "coordinates": [ [ [ [ 6.705783639637696, 50.912896128329379 ], [ 6.705876177585527, 50.912931000835727 ], [ 6.705923259346352, 50.912880282197094 ], [ 6.705888008072659, 50.912866916533687 ], [ 6.705831443679841, 50.912845477891054 ], [ 6.705804157165105, 50.912874388185685 ], [ 6.705783639637696, 50.912896128329379 ] ] ] ] } },
{ "type": "Feature", "properties": { "fid": 159239.0, "oid": "DENW41AL30008LPgBL", "aktualit": "2024-08-20", "gebnutzbez": "Gebäude", "funktion": "Gebäude zur Freizeitgestaltung", "gfkzshh": "31001_1310", "rellage": null, "name": null, "anzahlgs": null, "gmdschl": "05362032", "lagebeztxt": null, "bld area": 12, "flstkennz_": "05468202100341______", "area": 226 }, "geometry": { "type": "MultiPolygon", "coordinates": [ [ [ [ 6.705555141618158, 50.912619645241428 ], [ 6.705593652294366, 50.912631240291454 ], [ 6.705618898591002, 50.912597819861631 ], [ 6.705580387935572, 50.912586224820153 ], [ 6.705555141618158, 50.912619645241428 ] ] ] ] } },
{ "type": "Feature", "properties": { "fid": 159451.0, "oid": "DENW41AL30008LsBBL", "aktualit": "2024-08-20", "gebnutzbez": "Gebäude", "funktion": "Wohngebäude", "gfkzshh": "31001_1000", "rellage": null, "name": null, "anzahlgs": null, "gmdschl": "05362032", "lagebeztxt": "Wiesenstraße 38", "bld area": 50, "flstkennz_": "05468202100341______", "area": 226 }, "geometry": { "type": "MultiPolygon", "coordinates": [ [ [ [ 6.705657035582544, 50.9124848391372 ], [ 6.705726571403252, 50.912506047199187 ], [ 6.705746139578732, 50.912480465905475 ], [ 6.705762970758141, 50.912485653612201 ], [ 6.705781699360098, 50.91246152184705 ], [ 6.705764404461163, 50.912456217097308 ], [ 6.705778517869742, 50.912437696866732 ], [ 6.705708610377155, 50.912416526498596 ], [ 6.705657035582544, 50.9124848391372 ] ] ] ] } },
{ "type": "Feature", "properties": { "fid": 160214.0, "oid": "DENW41AL30008NOUBL", "aktualit": "2024-08-20", "gebnutzbez": "Gebäude", "funktion": "Gebäude zum Parken", "gfkzshh": "31001_2460", "rellage": null, "name": null, "anzahlgs": null, "gmdschl": "05362032", "lagebeztxt": null, "bld area": 18, "flstkennz_": "05468202100341______", "area": 226 }, "geometry": { "type": "MultiPolygon", "coordinates": [ [ [ [ 6.705689162939206, 50.912552449886867 ], [ 6.705735769543746, 50.912567208086386 ], [ 6.705767590620776, 50.912526802540953 ], [ 6.705721072929324, 50.912512261960458 ], [ 6.705689162939206, 50.912552449886867 ] ] ] ] } },
{ "type": "Feature", "properties": { "fid": 158180.0, "oid": "DENW41AL30008JKLBL", "aktualit": "2024-08-20", "gebnutzbez": "Gebäude", "funktion": "Gebäude zum Parken", "gfkzshh": "31001_2460", "rellage": null, "name": null, "anzahlgs": null, "gmdschl": "05362032", "lagebeztxt": null, "bld area": 13, "flstkennz_": "054682021000860007__", "area": 257 }, "geometry": { "type": "MultiPolygon", "coordinates": [ [ [ [ 6.70616159325129, 50.912938904719205 ], [ 6.706163354061268, 50.912939550928428 ], [ 6.706196686402587, 50.912951727544502 ], [ 6.706228476550223, 50.912917734067243 ], [ 6.706194599190908, 50.912905357871281 ], [ 6.706193382973249, 50.912904920237089 ], [ 6.70616159325129, 50.912938904719205 ] ] ] ] } },
{ "type": "Feature", "properties": { "fid": 160816.0, "oid": "DENW41AL30008OaXBL", "aktualit": "2024-08-20", "gebnutzbez": "Gebäude", "funktion": "Wohngebäude", "gfkzshh": "31001_1000", "rellage": null, "name": null, "anzahlgs": null, "gmdschl": "05362032", "lagebeztxt": "Am Kalkofen 27", "bld area": 57, "flstkennz_": "054682021000860007__", "area": 257 }, "geometry": { "type": "MultiPolygon", "coordinates": [ [ [ [ 6.706107250917443, 50.913040927033265 ], [ 6.706184243487207, 50.913069350752693 ], [ 6.706250670171521, 50.91299989973777 ], [ 6.706172512120014, 50.912971165341766 ], [ 6.706107250917443, 50.913040927033265 ] ] ] ] } },
{ "type": "Feature", "properties": { "fid": 63003.0, "oid": "DENW41AL30008OLJBL", "aktualit": "2024-08-20", "gebnutzbez": "Gebäude", "funktion": "Gebäude zum Parken", "gfkzshh": "31001_2460", "rellage": null, "name": null, "anzahlgs": null, "gmdschl": "05362032", "lagebeztxt": null, "bld area": 26, "flstkennz_": "05468202100322______", "area": 291 }, "geometry": { "type": "MultiPolygon", "coordinates": [ [ [ [ 6.705954064974369, 50.912644450647015 ], [ 6.705995590045519, 50.912656950265045 ], [ 6.706007071907854, 50.912660404849852 ], [ 6.70603588965918, 50.912629860697706 ], [ 6.706050696076778, 50.912610265770248 ], [ 6.706003651956839, 50.912596011761543 ], [ 6.706000623918245, 50.912595097798828 ], [ 6.705985703739717, 50.91261093094657 ], [ 6.705954064974369, 50.912644450647015 ] ] ] ] } },
{ "type": "Feature", "properties": { "fid": 159350.0, "oid": "DENW41AL30008LfMBL", "aktualit": "2024-08-20", "gebnutzbez": "Gebäude", "funktion": "Wohngebäude", "gfkzshh": "31001_1000", "rellage": null, "name": null, "anzahlgs": null, "gmdschl": "05362032", "lagebeztxt": "Wiesenstraße 34", "bld area": 74, "flstkennz_": "05468202100322______", "area": 291 }, "geometry": { "type": "MultiPolygon", "coordinates": [ [ [ [ 6.705897270873884, 50.912563763326354 ], [ 6.706000623918245, 50.912595097798828 ], [ 6.706003651956839, 50.912596011761543 ], [ 6.706056024853583, 50.912521877485013 ], [ 6.70595289624602, 50.912490610431107 ], [ 6.705903599381006, 50.91255542427588 ], [ 6.705897270873884, 50.912563763326354 ] ] ] ] } },
{ "type": "Feature", "properties": { "fid": 61326.0, "oid": "DENW41AL30008LxIBL", "aktualit": "2024-08-20", "gebnutzbez": "Gebäude", "funktion": "Gebäude zum Parken", "gfkzshh": "31001_2460", "rellage": null, "name": null, "anzahlgs": null, "gmdschl": "05362032", "lagebeztxt": null, "bld area": 23, "flstkennz_": "054682021001700003__", "area": 250 }, "geometry": { "type": "MultiPolygon", "coordinates": [ [ [ [ 6.70573021130131, 50.912576083929224 ], [ 6.705779943118367, 50.912591227338531 ], [ 6.705817211928016, 50.912542456426422 ], [ 6.705767254951035, 50.912527263635646 ], [ 6.70573021130131, 50.912576083929224 ] ] ] ] } },
{ "type": "Feature", "properties": { "fid": 274992.0, "oid": "DENW41AL30008MCyBL", "aktualit": "2024-08-20", "gebnutzbez": "Gebäude", "funktion": "Wohngebäude", "gfkzshh": "31001_1000", "rellage": null, "name": null, "anzahlgs": null, "gmdschl": "05362032", "lagebeztxt": "Wiesenstraße 36", "bld area": 49, "flstkennz_": "054682021001700003__", "area": 250 }, "geometry": { "type": "MultiPolygon", "coordinates": [ [ [ [ 6.705826713442095, 50.912532084129801 ], [ 6.705903599381006, 50.91255542427588 ], [ 6.70595289624602, 50.912490610431107 ], [ 6.705873360365728, 50.912466480706776 ], [ 6.705826713442095, 50.912532084129801 ] ] ] ] } },
{ "type": "Feature", "properties": { "fid": 272746.0, "oid": "DENW41AL30008Jg7BL", "aktualit": "2024-08-20", "gebnutzbez": "Gebäude", "funktion": "Gebäude zur Freizeitgestaltung", "gfkzshh": "31001_1310", "rellage": null, "name": null, "anzahlgs": null, "gmdschl": "05362032", "lagebeztxt": null, "bld area": 7, "flstkennz_": "05468202100442______", "area": 417 }, "geometry": { "type": "MultiPolygon", "coordinates": [ [ [ [ 6.705888008072659, 50.912866916533687 ], [ 6.705923259346352, 50.912880282197094 ], [ 6.705940777139801, 50.91286110034725 ], [ 6.705905242195491, 50.912848295741476 ], [ 6.705888008072659, 50.912866916533687 ] ] ] ] } },
{ "type": "Feature", "properties": { "fid": 276893.0, "oid": "DENW41AL30008OIBBL", "aktualit": "2024-08-20", "gebnutzbez": "Gebäude", "funktion": "Gebäude zum Parken", "gfkzshh": "31001_2460", "rellage": null, "name": null, "anzahlgs": null, "gmdschl": "05362032", "lagebeztxt": null, "bld area": 49, "flstkennz_": "05468202100442______", "area": 417 }, "geometry": { "type": "MultiPolygon", "coordinates": [ [ [ [ 6.705783639637696, 50.912896128329379 ], [ 6.705876177585527, 50.912931000835727 ], [ 6.705923259346352, 50.912880282197094 ], [ 6.705888008072659, 50.912866916533687 ], [ 6.705831443679841, 50.912845477891054 ], [ 6.705804157165105, 50.912874388185685 ], [ 6.705783639637696, 50.912896128329379 ] ] ] ] } },
{ "type": "Feature", "properties": { "fid": 274700.0, "oid": "DENW41AL30008Ls3BL", "aktualit": "2024-08-20", "gebnutzbez": "Gebäude", "funktion": "Wohngebäude", "gfkzshh": "31001_1000", "rellage": null, "name": null, "anzahlgs": null, "gmdschl": "05362032", "lagebeztxt": "Wiesenstraße 32", "bld area": 52, "flstkennz_": "05468202100442______", "area": 417 }, "geometry": { "type": "MultiPolygon", "coordinates": [ [ [ [ 6.70609851210156, 50.912620685454257 ], [ 6.70610034926711, 50.912621225236094 ], [ 6.706177405392564, 50.912643714104419 ], [ 6.706229803755401, 50.912574553994126 ], [ 6.706151543954036, 50.912551663747848 ], [ 6.70609851210156, 50.912620685454257 ] ] ] ] } },
{ "type": "Feature", "properties": { "fid": 276520.0, "oid": "DENW41AL30008NtTBL", "aktualit": "2024-08-20", "gebnutzbez": "Gebäude", "funktion": "Gebäude zum Parken", "gfkzshh": "31001_2460", "rellage": null, "name": null, "anzahlgs": null, "gmdschl": "05362032", "lagebeztxt": null, "bld area": 18, "flstkennz_": "05468202100443______", "area": 364 }, "geometry": { "type": "MultiPolygon", "coordinates": [ [ [ [ 6.705860198759303, 50.912948396119646 ], [ 6.705898226215552, 50.9129623020468 ], [ 6.705940355707445, 50.91291739517888 ], [ 6.705902328716329, 50.912903480280256 ], [ 6.705860198759303, 50.912948396119646 ] ] ] ] } },
{ "type": "Feature", "properties": { "fid": 61525.0, "oid": "DENW41AL30008MFIBL", "aktualit": "2024-08-20", "gebnutzbez": "Gebäude", "funktion": "Wohngebäude", "gfkzshh": "31001_1000", "rellage": null, "name": null, "anzahlgs": null, "gmdschl": "05362032", "lagebeztxt": "Wiesenstraße 30", "bld area": 50, "flstkennz_": "05468202100443______", "area": 364 }, "geometry": { "type": "MultiPolygon", "coordinates": [ [ [ [ 6.706304398548626, 50.912598198001135 ], [ 6.706229803755401, 50.912574553994126 ], [ 6.706177405392564, 50.912643714104419 ], [ 6.706252913687099, 50.912667881379242 ], [ 6.706278814891495, 50.912631838408316 ], [ 6.706304398548626, 50.912598198001135 ] ] ] ] } },
{ "type": "Feature", "properties": { "fid": 63097.0, "oid": "DENW41AL30008OTcBL", "aktualit": "2024-08-20", "gebnutzbez": "Gebäude", "funktion": "Wohngebäude", "gfkzshh": "31001_1000", "rellage": null, "name": null, "anzahlgs": null, "gmdschl": "05362032", "lagebeztxt": "Am Kalkofen 29", "bld area": 40, "flstkennz_": "05468202100471______", "area": 784 }, "geometry": { "type": "MultiPolygon", "coordinates": [ [ [ [ 6.705966738431984, 50.912964710139498 ], [ 6.706077983373715, 50.913006848692234 ], [ 6.706109882418254, 50.912972668511024 ], [ 6.705998794314026, 50.912930524077026 ], [ 6.705966738431984, 50.912964710139498 ] ] ] ] } },
{ "type": "Feature", "properties": { "fid": 158717.0, "oid": "DENW41AL30008KO8BL", "aktualit": "2024-08-20", "gebnutzbez": "Gebäude", "funktion": "Gebäude für Wirtschaft oder Gewerbe", "gfkzshh": "31001_2000", "rellage": null, "name": null, "anzahlgs": null, "gmdschl": "05362032", "lagebeztxt": null, "bld area": 224, "flstkennz_": "05468202100471______", "area": 784 }, "geometry": { "type": "MultiPolygon", "coordinates": [ [ [ [ 6.705998794314026, 50.912930524077026 ], [ 6.706109882418254, 50.912972668511024 ], [ 6.706124742746126, 50.912978303106236 ], [ 6.70616159325129, 50.912938904719205 ], [ 6.706193382973249, 50.912904920237089 ], [ 6.706264364843679, 50.912829047014419 ], [ 6.706281526927021, 50.912810730551314 ], [ 6.706155996700982, 50.912762842985089 ], [ 6.705998794314026, 50.912930524077026 ] ] ] ] } },
{ "type": "Feature", "properties": { "fid": 275589.0, "oid": "DENW41AL30008MrxBL", "aktualit": "2024-08-20", "gebnutzbez": "Gebäude", "funktion": "Wohngebäude", "gfkzshh": "31001_1000", "rellage": null, "name": null, "anzahlgs": null, "gmdschl": "05362032", "lagebeztxt": null, "bld area": 53, "flstkennz_": "05468202100471______", "area": 784 }, "geometry": { "type": "MultiPolygon", "coordinates": [ [ [ [ 6.706264364843679, 50.912829047014419 ], [ 6.706375360609693, 50.912869597424233 ], [ 6.706424223938225, 50.912824876694842 ], [ 6.706342146041869, 50.912794851167533 ], [ 6.706332628625741, 50.91279137226708 ], [ 6.706324946612604, 50.912791940811431 ], [ 6.706317421089956, 50.912793088053881 ], [ 6.706310166646317, 50.912794798258396 ], [ 6.706303297870247, 50.912797055689033 ], [ 6.706296916020988, 50.912799826359624 ], [ 6.706291094815354, 50.912803057754452 ], [ 6.706285950167755, 50.912806707181353 ], [ 6.706281526927021, 50.912810730551314 ], [ 6.706264364843679, 50.912829047014419 ] ] ] ] } },
{ "type": "Feature", "properties": { "fid": 61525.0, "oid": "DENW41AL30008MFIBL", "aktualit": "2024-08-20", "gebnutzbez": "Gebäude", "funktion": "Wohngebäude", "gfkzshh": "31001_1000", "rellage": null, "name": null, "anzahlgs": null, "gmdschl": "05362032", "lagebeztxt": "Wiesenstraße 30", "bld area": 50, "flstkennz_": "05468202100471______", "area": 784 }, "geometry": { "type": "MultiPolygon", "coordinates": [ [ [ [ 6.706304398548626, 50.912598198001135 ], [ 6.706229803755401, 50.912574553994126 ], [ 6.706177405392564, 50.912643714104419 ], [ 6.706252913687099, 50.912667881379242 ], [ 6.706278814891495, 50.912631838408316 ], [ 6.706304398548626, 50.912598198001135 ] ] ] ] } },
{ "type": "Feature", "properties": { "fid": 272079.0, "oid": "DENW41AL2YC00095BL", "aktualit": "2024-08-20", "gebnutzbez": "Gebäude", "funktion": "Wohngebäude", "gfkzshh": "31001_1000", "rellage": null, "name": null, "anzahlgs": null, "gmdschl": "05362032", "lagebeztxt": "Wiesenstraße 28", "bld area": 67, "flstkennz_": "05468202100471______", "area": 784 }, "geometry": { "type": "MultiPolygon", "coordinates": [ [ [ [ 6.706287177001327, 50.912622923386657 ], [ 6.706253292137911, 50.912667996746961 ], [ 6.706243945774211, 50.912680422783758 ], [ 6.706328918688106, 50.912706251068983 ], [ 6.706391799898178, 50.912624983986404 ], [ 6.706308892780972, 50.912599771716806 ], [ 6.706287177001327, 50.912622923386657 ] ] ] ] } },
{ "type": "Feature", "properties": { "fid": 273209.0, "oid": "DENW41AL30008KBtBL", "aktualit": "2024-08-20", "gebnutzbez": "Gebäude", "funktion": "Wohngebäude", "gfkzshh": "31001_1000", "rellage": null, "name": null, "anzahlgs": null, "gmdschl": "05362032", "lagebeztxt": null, "bld area": 69, "flstkennz_": "05468202100471______", "area": 784 }, "geometry": { "type": "MultiPolygon", "coordinates": [ [ [ [ 6.706342146041869, 50.912794851167533 ], [ 6.706424223938225, 50.912824876694842 ], [ 6.70644640576999, 50.912804581224272 ], [ 6.706472491252846, 50.912780701866474 ], [ 6.706483396311847, 50.912770716865552 ], [ 6.706503315836727, 50.91274463868281 ], [ 6.706422003254364, 50.912719592998698 ], [ 6.706342146041869, 50.912794851167533 ] ] ] ] } },
{ "type": "Feature", "properties": { "fid": 273852.0, "oid": "DENW41AL30008KujBL", "aktualit": "2024-08-20", "gebnutzbez": "Gebäude", "funktion": "Wohngebäude", "gfkzshh": "31001_1000", "rellage": null, "name": null, "anzahlgs": null, "gmdschl": "05362032", "lagebeztxt": "Wiesenstraße 26", "bld area": 56, "flstkennz_": "05468202100471______", "area": 784 }, "geometry": { "type": "MultiPolygon", "coordinates": [ [ [ [ 6.706422003254364, 50.912719592998698 ], [ 6.706503315836727, 50.91274463868281 ], [ 6.706557414986547, 50.912673865932305 ], [ 6.706473840331946, 50.912648532987554 ], [ 6.706422003254364, 50.912719592998698 ] ] ] ] } },
{ "type": "Feature", "properties": { "fid": 158197.0, "oid": "DENW41AL30008JMKBL", "aktualit": "2024-08-20", "gebnutzbez": "Gebäude", "funktion": "Gebäude zum Parken", "gfkzshh": "31001_2460", "rellage": null, "name": null, "anzahlgs": null, "gmdschl": "05362032", "lagebeztxt": null, "bld area": 18, "flstkennz_": "05468202000214______", "area": 335 }, "geometry": { "type": "MultiPolygon", "coordinates": [ [ [ [ 6.707391500013649, 50.909941070575833 ], [ 6.707430232228186, 50.909942622967037 ], [ 6.707433562636226, 50.909900910752995 ], [ 6.707435449275174, 50.909883364331407 ], [ 6.707397455705099, 50.909881835446754 ], [ 6.707395204191064, 50.909903332108065 ], [ 6.707391500013649, 50.909941070575833 ] ] ] ] } },
{ "type": "Feature", "properties": { "fid": 276721.0, "oid": "DENW41AL30008O7RBL", "aktualit": "2024-08-20", "gebnutzbez": "Gebäude", "funktion": "Wohngebäude", "gfkzshh": "31001_1000", "rellage": null, "name": null, "anzahlgs": null, "gmdschl": "05362032", "lagebeztxt": "Grabenweg 13", "bld area": 82, "flstkennz_": "05468202000214______", "area": 335 }, "geometry": { "type": "MultiPolygon", "coordinates": [ [ [ [ 6.707266270116227, 50.909985901328199 ], [ 6.707386540851807, 50.909990449748967 ], [ 6.707391500013649, 50.909941070575833 ], [ 6.707395204191064, 50.909903332108065 ], [ 6.707276099366227, 50.909898221983681 ], [ 6.707266270116227, 50.909985901328199 ] ] ] ] } },
{ "type": "Feature", "properties": { "fid": 159361.0, "oid": "DENW41AL30008LgWBL", "aktualit": "2024-08-20", "gebnutzbez": "Gebäude", "funktion": "Gebäude zum Parken", "gfkzshh": "31001_2460", "rellage": null, "name": null, "anzahlgs": null, "gmdschl": "05362032", "lagebeztxt": null, "bld area": 20, "flstkennz_": "05468202000216______", "area": 388 }, "geometry": { "type": "MultiPolygon", "coordinates": [ [ [ [ 6.707518980581486, 50.909907463582087 ], [ 6.707605193604685, 50.909915785818143 ], [ 6.707611054872858, 50.909889440284353 ], [ 6.707605700744311, 50.909888966350927 ], [ 6.707606291183701, 50.909886504569172 ], [ 6.70752581791894, 50.90987891568146 ], [ 6.707518980581486, 50.909907463582087 ] ] ] ] } },
{ "type": "Feature", "properties": { "fid": 275384.0, "oid": "DENW41AL30008MdwBL", "aktualit": "2024-08-20", "gebnutzbez": "Gebäude", "funktion": "Wohngebäude", "gfkzshh": "31001_1000", "rellage": null, "name": null, "anzahlgs": null, "gmdschl": "05362032", "lagebeztxt": "Hebbelstraße 2", "bld area": 85, "flstkennz_": "05468202000216______", "area": 388 }, "geometry": { "type": "MultiPolygon", "coordinates": [ [ [ [ 6.707591482732508, 50.909840172827046 ], [ 6.707616715334312, 50.909842575241207 ], [ 6.707606291183701, 50.909886504569172 ], [ 6.707605700744311, 50.909888966350927 ], [ 6.707611054872858, 50.909889440284353 ], [ 6.707739606591419, 50.90990148121044 ], [ 6.707756912240339, 50.909827520797421 ], [ 6.707640437391507, 50.909816661502369 ], [ 6.707640943519647, 50.909814467887557 ], [ 6.707598488468525, 50.909810512960604 ], [ 6.707591482732508, 50.909840172827046 ] ] ] ] } },
{ "type": "Feature", "properties": { "fid": 274488.0, "oid": "DENW41AL30008LciBL", "aktualit": "2024-08-20", "gebnutzbez": "Gebäude", "funktion": "Wohngebäude", "gfkzshh": "31001_1000", "rellage": null, "name": null, "anzahlgs": null, "gmdschl": "05362032", "lagebeztxt": "Hebbelstraße 2 a", "bld area": 82, "flstkennz_": "05468202000215______", "area": 392 }, "geometry": { "type": "MultiPolygon", "coordinates": [ [ [ [ 6.707565182743329, 50.910010013623705 ], [ 6.70771143480215, 50.910023733411833 ], [ 6.707727886756282, 50.909953830566465 ], [ 6.707581520329123, 50.90994012653897 ], [ 6.707565182743329, 50.910010013623705 ] ] ] ] } },
{ "type": "Feature", "properties": { "fid": 60741.0, "oid": "DENW41AL30008L7SBL", "aktualit": "2024-08-20", "gebnutzbez": "Gebäude", "funktion": "Wohngebäude", "gfkzshh": "31001_1000", "rellage": null, "name": null, "anzahlgs": null, "gmdschl": "05362032", "lagebeztxt": "Grabenweg 15", "bld area": 78, "flstkennz_": "05468202000213______", "area": 488 }, "geometry": { "type": "MultiPolygon", "coordinates": [ [ [ [ 6.707153155615068, 50.909981052674873 ], [ 6.707266270116227, 50.909985901328199 ], [ 6.707276099366227, 50.909898221983681 ], [ 6.707220109824691, 50.9098958268168 ], [ 6.707164688338284, 50.909893451777975 ], [ 6.70716255870845, 50.909893364965477 ], [ 6.707158696652541, 50.90992939144428 ], [ 6.707153155615068, 50.909981052674873 ] ] ] ] } },
{ "type": "Feature", "properties": { "fid": 276721.0, "oid": "DENW41AL30008O7RBL", "aktualit": "2024-08-20", "gebnutzbez": "Gebäude", "funktion": "Wohngebäude", "gfkzshh": "31001_1000", "rellage": null, "name": null, "anzahlgs": null, "gmdschl": "05362032", "lagebeztxt": "Grabenweg 13", "bld area": 82, "flstkennz_": "05468202000213______", "area": 488 }, "geometry": { "type": "MultiPolygon", "coordinates": [ [ [ [ 6.707266270116227, 50.909985901328199 ], [ 6.707386540851807, 50.909990449748967 ], [ 6.707391500013649, 50.909941070575833 ], [ 6.707395204191064, 50.909903332108065 ], [ 6.707276099366227, 50.909898221983681 ], [ 6.707266270116227, 50.909985901328199 ] ] ] ] } },
{ "type": "Feature", "properties": { "fid": 160864.0, "oid": "DENW41AL30008OgeBL", "aktualit": "2024-08-20", "gebnutzbez": "Gebäude", "funktion": "Gebäude zum Parken", "gfkzshh": "31001_2460", "rellage": null, "name": null, "anzahlgs": null, "gmdschl": "05362032", "lagebeztxt": null, "bld area": 32, "flstkennz_": "05468202000213______", "area": 488 }, "geometry": { "type": "MultiPolygon", "coordinates": [ [ [ [ 6.70711840391917, 50.909928329960245 ], [ 6.707158696652541, 50.90992939144428 ], [ 6.70716255870845, 50.909893364965477 ], [ 6.707164688338284, 50.909893451777975 ], [ 6.70716691804734, 50.909869796105482 ], [ 6.707168337947075, 50.909869850985281 ], [ 6.707171715132171, 50.909832690715653 ], [ 6.707128175751335, 50.909831115740474 ], [ 6.707126140077123, 50.909851402433446 ], [ 6.70711840391917, 50.909928329960245 ] ] ] ] } },
{ "type": "Feature", "properties": { "fid": 270530.0, "oid": "DENW41AL11L0002gBL", "aktualit": "2024-08-20", "gebnutzbez": "Gebäude", "funktion": "Wohngebäude", "gfkzshh": "31001_1000", "rellage": null, "name": null, "anzahlgs": null, "gmdschl": "05362032", "lagebeztxt": null, "bld area": 10, "flstkennz_": "05468202000213______", "area": 488 }, "geometry": { "type": "MultiPolygon", "coordinates": [ [ [ [ 6.707164688338284, 50.909893451777975 ], [ 6.707220109824691, 50.9098958268168 ], [ 6.707222357172028, 50.909871811725573 ], [ 6.707168337947075, 50.909869850985281 ], [ 6.70716691804734, 50.909869796105482 ], [ 6.707164688338284, 50.909893451777975 ] ] ] ] } },
{ "type": "Feature", "properties": { "fid": 158722.0, "oid": "DENW41AL30008KOkBL", "aktualit": "2024-08-20", "gebnutzbez": "Gebäude", "funktion": "Wohngebäude", "gfkzshh": "31001_1000", "rellage": null, "name": null, "anzahlgs": null, "gmdschl": "05362032", "lagebeztxt": "Hebbelstraße 4", "bld area": 90, "flstkennz_": "05468202000217______", "area": 568 }, "geometry": { "type": "MultiPolygon", "coordinates": [ [ [ [ 6.707633542940973, 50.90976589822715 ], [ 6.707670942737602, 50.909769376087809 ], [ 6.707670311073401, 50.909772097889288 ], [ 6.70771262838995, 50.909775960143719 ], [ 6.707713281770475, 50.909773085868736 ], [ 6.707768707509597, 50.909778266893383 ], [ 6.707788069220667, 50.909696045297594 ], [ 6.70765304499348, 50.909682851950755 ], [ 6.707633542940973, 50.90976589822715 ] ] ] ] } },
{ "type": "Feature", "properties": { "fid": 61979.0, "oid": "DENW41AL30008MtLBL", "aktualit": "2024-08-20", "gebnutzbez": "Gebäude", "funktion": "Wohngebäude", "gfkzshh": "31001_1000", "rellage": null, "name": null, "anzahlgs": null, "gmdschl": "05362032", "lagebeztxt": "Wiesenstraße 40", "bld area": 50, "flstkennz_": "054682021001610003__", "area": 201 }, "geometry": { "type": "MultiPolygon", "coordinates": [ [ [ [ 6.70558649151693, 50.912463305410796 ], [ 6.705657035582544, 50.9124848391372 ], [ 6.705708610377155, 50.912416526498596 ], [ 6.705638550142068, 50.912395281132234 ], [ 6.705624725745081, 50.912413420281666 ], [ 6.705608018988504, 50.912408306953729 ], [ 6.705589344519838, 50.912432493720594 ], [ 6.705606135234923, 50.912437635684135 ], [ 6.70558649151693, 50.912463305410796 ] ] ] ] } },
{ "type": "Feature", "properties": { "fid": 62501.0, "oid": "DENW41AL30008NdmBL", "aktualit": "2024-08-20", "gebnutzbez": "Gebäude", "funktion": "Gebäude zum Parken", "gfkzshh": "31001_2460", "rellage": null, "name": null, "anzahlgs": null, "gmdschl": "05362032", "lagebeztxt": null, "bld area": 16, "flstkennz_": "054682021001610003__", "area": 201 }, "geometry": { "type": "MultiPolygon", "coordinates": [ [ [ [ 6.705515536070664, 50.912504794269303 ], [ 6.705547324791614, 50.912514503321873 ], [ 6.70558649151693, 50.912463305410796 ], [ 6.70555410006057, 50.912453413630232 ], [ 6.705520361627748, 50.912498377410877 ], [ 6.705515536070664, 50.912504794269303 ] ] ] ] } },
{ "type": "Feature", "properties": { "fid": 63468.0, "oid": "DENW41AL30008P01BL", "aktualit": "2024-08-20", "gebnutzbez": "Gebäude", "funktion": "Wohngebäude", "gfkzshh": "31001_1000", "rellage": null, "name": null, "anzahlgs": null, "gmdschl": "05362032", "lagebeztxt": "Am Kalkofen 37", "bld area": 87, "flstkennz_": "054682021000010005__", "area": 317 }, "geometry": { "type": "MultiPolygon", "coordinates": [ [ [ [ 6.705409961196296, 50.912737257865537 ], [ 6.705509563992208, 50.912773106029526 ], [ 6.705587149294328, 50.912688530828653 ], [ 6.70554953889121, 50.912675118678926 ], [ 6.705495210797199, 50.9126556575712 ], [ 6.705487912244907, 50.91265305867929 ], [ 6.705480623281384, 50.912660965094595 ], [ 6.705409961196296, 50.912737257865537 ] ] ] ] } },
{ "type": "Feature", "properties": { "fid": 275161.0, "oid": "DENW41AL30008MOvBL", "aktualit": "2024-08-20", "gebnutzbez": "Gebäude", "funktion": "Gebäude zum Parken", "gfkzshh": "31001_2460", "rellage": null, "name": null, "anzahlgs": null, "gmdschl": "05362032", "lagebeztxt": null, "bld area": 19, "flstkennz_": "054682021000010005__", "area": 317 }, "geometry": { "type": "MultiPolygon", "coordinates": [ [ [ [ 6.705448911016822, 50.912649989358556 ], [ 6.705480623281384, 50.912660965094595 ], [ 6.705487912244907, 50.91265305867929 ], [ 6.705495210797199, 50.9126556575712 ], [ 6.705513932264688, 50.912634277905283 ], [ 6.705532640827797, 50.912612871000384 ], [ 6.705493766389206, 50.912601151854467 ], [ 6.705492644815298, 50.912600815008872 ], [ 6.705456443748506, 50.912641754956056 ], [ 6.705448911016822, 50.912649989358556 ] ] ] ] } },
{ "type": "Feature", "properties": { "fid": 275790.0, "oid": "DENW41AL30008N5bBL", "aktualit": "2024-08-20", "gebnutzbez": "Gebäude", "funktion": "Wohngebäude", "gfkzshh": "31001_1000", "rellage": null, "name": null, "anzahlgs": null, "gmdschl": "05362032", "lagebeztxt": null, "bld area": 12, "flstkennz_": "054682021000010005__", "area": 317 }, "geometry": { "type": "MultiPolygon", "coordinates": [ [ [ [ 6.705495210797199, 50.9126556575712 ], [ 6.70554953889121, 50.912675118678926 ], [ 6.705565320893441, 50.912657386785 ], [ 6.70556270438535, 50.912651866924129 ], [ 6.705513932264688, 50.912634277905283 ], [ 6.705495210797199, 50.9126556575712 ] ] ] ] } },
{ "type": "Feature", "properties": { "fid": 63253.0, "oid": "DENW41AL30008OhrBL", "aktualit": "2024-08-20", "gebnutzbez": "Gebäude", "funktion": "Gebäude zum Parken", "gfkzshh": "31001_2460", "rellage": null, "name": null, "anzahlgs": null, "gmdschl": "05362032", "lagebeztxt": null, "bld area": 37, "flstkennz_": "054682021001600003__", "area": 239 }, "geometry": { "type": "MultiPolygon", "coordinates": [ [ [ [ 6.705468878938333, 50.912482389994523 ], [ 6.705520361627748, 50.912498377410877 ], [ 6.70555410006057, 50.912453413630232 ], [ 6.705575429149825, 50.912425006859024 ], [ 6.705539150599286, 50.912413734504888 ], [ 6.705522941375816, 50.912408918758231 ], [ 6.705490280653683, 50.912452797444139 ], [ 6.705468878938333, 50.912482389994523 ] ] ] ] } },
{ "type": "Feature", "properties": { "fid": 160286.0, "oid": "DENW41AL30008NX4BL", "aktualit": "2024-08-20", "gebnutzbez": "Gebäude", "funktion": "Wohngebäude", "gfkzshh": "31001_1000", "rellage": null, "name": null, "anzahlgs": null, "gmdschl": "05362032", "lagebeztxt": "Wiesenstraße 42", "bld area": 54, "flstkennz_": "054682021001600003__", "area": 239 }, "geometry": { "type": "MultiPolygon", "coordinates": [ [ [ [ 6.705434047227648, 50.912413655709102 ], [ 6.70546689742468, 50.912423475596057 ], [ 6.70545322178141, 50.912441770550195 ], [ 6.705490280653683, 50.912452797444139 ], [ 6.705522941375816, 50.912408918758231 ], [ 6.705539150599286, 50.912413734504888 ], [ 6.705557823554309, 50.912388711263958 ], [ 6.705541644973523, 50.91238385115178 ], [ 6.70555264808662, 50.912369272174672 ], [ 6.705483008639094, 50.91234815191028 ], [ 6.705434047227648, 50.912413655709102 ] ] ] ] } },
{ "type": "Feature", "properties": { "fid": 159195.0, "oid": "DENW41AL30008LJrBL", "aktualit": "2024-08-20", "gebnutzbez": "Gebäude", "funktion": "Wohngebäude", "gfkzshh": "31001_1000", "rellage": null, "name": null, "anzahlgs": null, "gmdschl": "05362032", "lagebeztxt": null, "bld area": 9, "flstkennz_": "05468200800262______", "area": 425 }, "geometry": { "type": "MultiPolygon", "coordinates": [ [ [ [ 6.711569723749219, 50.912548326481073 ], [ 6.711590565611625, 50.912552683584714 ], [ 6.711601353239269, 50.912532019811721 ], [ 6.711615687276912, 50.912535053082905 ], [ 6.711624732569737, 50.91251829455873 ], [ 6.711589360350617, 50.91251084637414 ], [ 6.711569723749219, 50.912548326481073 ] ] ] ] } },
{ "type": "Feature", "properties": { "fid": 272971.0, "oid": "DENW41AL30008JugBL", "aktualit": "2024-08-20", "gebnutzbez": "Gebäude", "funktion": "Gemischt genutztes Gebäude mit Wohnen", "gfkzshh": "31001_1100", "rellage": null, "name": null, "anzahlgs": null, "gmdschl": "05362032", "lagebeztxt": "Hauptstraße 193", "bld area": 96, "flstkennz_": "05468200800262______", "area": 425 }, "geometry": { "type": "MultiPolygon", "coordinates": [ [ [ [ 6.711412335440662, 50.912561321547749 ], [ 6.711468888878367, 50.912573169542632 ], [ 6.711463330142569, 50.912583817479728 ], [ 6.711496747492851, 50.912590804644601 ], [ 6.711502334648189, 50.912580157263271 ], [ 6.711548017003267, 50.912589723394717 ], [ 6.711569723749219, 50.912548326481073 ], [ 6.711589360350617, 50.91251084637414 ], [ 6.71145390463504, 50.912482484978938 ], [ 6.711412335440662, 50.912561321547749 ] ] ] ] } },
{ "type": "Feature", "properties": { "fid": 158153.0, "oid": "DENW41AL30008JGgBL", "aktualit": "2024-08-20", "gebnutzbez": "Gebäude", "funktion": "Wohngebäude", "gfkzshh": "31001_1000", "rellage": null, "name": null, "anzahlgs": null, "gmdschl": "05362032", "lagebeztxt": "Mittelstraße 6, 8, 10, 12, 14, 16, 18, 20, 22, 24, 26", "bld area": 1869, "flstkennz_": "05468200800832______", "area": 5965 }, "geometry": { "type": "MultiPolygon", "coordinates": [ [ [ [ 6.711570573366636, 50.914798792810089 ], [ 6.711630778364267, 50.914663784718464 ], [ 6.711709633484569, 50.91448299356648 ], [ 6.711881898570803, 50.91409613524138 ], [ 6.711843782553566, 50.914089199975997 ], [ 6.712034896930422, 50.91367795923221 ], [ 6.712226037137512, 50.913266700691324 ], [ 6.712263292254741, 50.913273771859913 ], [ 6.712300922065245, 50.913194309137623 ], [ 6.712338427349706, 50.913114772009273 ], [ 6.712212288020054, 50.913090182783563 ], [ 6.712120783812624, 50.913282112834892 ], [ 6.712083896936198, 50.91327507582227 ], [ 6.711731728399717, 50.914032660556813 ], [ 6.711769739127237, 50.914039710718129 ], [ 6.711762211780043, 50.914056552979133 ], [ 6.711416911211581, 50.914830217950239 ], [ 6.711495352743692, 50.91485620214619 ], [ 6.711539892690255, 50.914867058998958 ], [ 6.711561218326953, 50.914820114255654 ], [ 6.711570573366636, 50.914798792810089 ] ] ] ] } },
{ "type": "Feature", "properties": { "fid": 160826.0, "oid": "DENW41AL30008Oc4BL", "aktualit": "2024-08-20", "gebnutzbez": "Gebäude", "funktion": "Gemischt genutztes Gebäude mit Wohnen", "gfkzshh": "31001_1100", "rellage": null, "name": null, "anzahlgs": null, "gmdschl": "05362032", "lagebeztxt": "Hauptstraße 191", "bld area": 159, "flstkennz_": "05468200800264______", "area": 1693 }, "geometry": { "type": "MultiPolygon", "coordinates": [ [ [ [ 6.711344971071505, 50.912869244650658 ], [ 6.711435336729808, 50.912889031980392 ], [ 6.711478140701899, 50.912898406778964 ], [ 6.711478641817427, 50.912897472225289 ], [ 6.711498748208682, 50.912861440402786 ], [ 6.71150208323069, 50.912862189353845 ], [ 6.711527880878956, 50.912815997867853 ], [ 6.711524545418915, 50.912815257903006 ], [ 6.711545138637127, 50.912778291238475 ], [ 6.711502368917975, 50.912768800212071 ], [ 6.711515508252849, 50.912745151551725 ], [ 6.711467629893664, 50.912734526011263 ], [ 6.711454504310138, 50.91275818393018 ], [ 6.711412367166997, 50.912748849181121 ], [ 6.711391951029658, 50.912785684384161 ], [ 6.711388995361745, 50.912785032810341 ], [ 6.711386084827864, 50.91278636082383 ], [ 6.711382984568226, 50.912787496240433 ], [ 6.711379723009212, 50.912788439617586 ], [ 6.711376343672188, 50.912789173820599 ], [ 6.711372874983555, 50.912789699406893 ], [ 6.711369331597436, 50.912790007669791 ], [ 6.711363881834062, 50.91279263500099 ], [ 6.711359188663413, 50.912795789833318 ], [ 6.711355383972253, 50.912799393806431 ], [ 6.711352572102916, 50.912803350031538 ], [ 6.711350844507372, 50.912807534384811 ], [ 6.711350220689951, 50.912811839319545 ], [ 6.71135072059592, 50.912816148303641 ], [ 6.711352335303279, 50.912820353232846 ], [ 6.711354732121197, 50.91282195621671 ], [ 6.711356879819685, 50.912823707214713 ], [ 6.71135873708188, 50.91282557843433 ], [ 6.711360275922287, 50.912827560332609 ], [ 6.71136151187678, 50.912829626231968 ], [ 6.711362417400751, 50.912831757604032 ], [ 6.711365246475202, 50.912832379713542 ], [ 6.711344971071505, 50.912869244650658 ] ] ] ] } },
{ "type": "Feature", "properties": { "fid": 275590.0, "oid": "DENW41AL30008MryBL", "aktualit": "2024-08-20", "gebnutzbez": "Gebäude", "funktion": "Gebäude für Wirtschaft oder Gewerbe", "gfkzshh": "31001_2000", "rellage": null, "name": null, "anzahlgs": null, "gmdschl": "05362032", "lagebeztxt": null, "bld area": 22, "flstkennz_": "05468200800264______", "area": 1693 }, "geometry": { "type": "MultiPolygon", "coordinates": [ [ [ [ 6.711416363270962, 50.912918790139088 ], [ 6.711494494220364, 50.91293857133806 ], [ 6.711508806588603, 50.912914792782068 ], [ 6.711514993026809, 50.912905560231927 ], [ 6.711478641817427, 50.912897472225289 ], [ 6.711478140701899, 50.912898406778964 ], [ 6.711435336729808, 50.912889031980392 ], [ 6.711416363270962, 50.912918790139088 ] ] ] ] } },
{ "type": "Feature", "properties": { "fid": 276766.0, "oid": "DENW41AL30008OAcBL", "aktualit": "2024-08-20", "gebnutzbez": "Gebäude", "funktion": "Gebäude für Wirtschaft oder Gewerbe", "gfkzshh": "31001_2000", "rellage": null, "name": null, "anzahlgs": null, "gmdschl": "05362032", "lagebeztxt": null, "bld area": 8, "flstkennz_": "05468200800264______", "area": 1693 }, "geometry": { "type": "MultiPolygon", "coordinates": [ [ [ [ 6.711494494220364, 50.91293857133806 ], [ 6.711531508616749, 50.91294793151841 ], [ 6.711544801690573, 50.91292433983449 ], [ 6.711508806588603, 50.912914792782068 ], [ 6.711494494220364, 50.91293857133806 ] ] ] ] } },
{ "type": "Feature", "properties": { "fid": 60626.0, "oid": "DENW41AL30008KwzBL", "aktualit": "2024-08-20", "gebnutzbez": "Gebäude", "funktion": "Wohngebäude", "gfkzshh": "31001_1000", "rellage": null, "name": null, "anzahlgs": null, "gmdschl": "05362032", "lagebeztxt": "Mittelstraße 28", "bld area": 170, "flstkennz_": "05468200800864______", "area": 2308 }, "geometry": { "type": "MultiPolygon", "coordinates": [ [ [ [ 6.712212288020054, 50.913090182783563 ], [ 6.712338427349706, 50.913114772009273 ], [ 6.712413098280738, 50.912957103132264 ], [ 6.712287070284405, 50.912932282320071 ], [ 6.712212288020054, 50.913090182783563 ] ] ] ] } },
{ "type": "Feature", "properties": { "fid": 60452.0, "oid": "DENW41AL30008KhXBL", "aktualit": "2024-08-20", "gebnutzbez": "Gebäude", "funktion": "Wohngebäude", "gfkzshh": "31001_1000", "rellage": null, "name": null, "anzahlgs": null, "gmdschl": "05362032", "lagebeztxt": "Mittelstraße 32", "bld area": 168, "flstkennz_": "05468200800864______", "area": 2308 }, "geometry": { "type": "MultiPolygon", "coordinates": [ [ [ [ 6.712361025239511, 50.9127761554169 ], [ 6.712487137585849, 50.912800698988576 ], [ 6.712561112034897, 50.9126444464261 ], [ 6.712435091956142, 50.912619769828446 ], [ 6.712361025239511, 50.9127761554169 ] ] ] ] } },
{ "type": "Feature", "properties": { "fid": 61163.0, "oid": "DENW41AL30008LjABL", "aktualit": "2024-08-20", "gebnutzbez": "Gebäude", "funktion": "Wohngebäude", "gfkzshh": "31001_1000", "rellage": null, "name": null, "anzahlgs": null, "gmdschl": "05362032", "lagebeztxt": "Mittelstraße 34", "bld area": 170, "flstkennz_": "05468200800864______", "area": 2308 }, "geometry": { "type": "MultiPolygon", "coordinates": [ [ [ [ 6.712435091956142, 50.912619769828446 ], [ 6.712561112034897, 50.9126444464261 ], [ 6.712635863935638, 50.912486545146187 ], [ 6.712607933405443, 50.912481392719684 ], [ 6.712509839943304, 50.912462246301672 ], [ 6.712435091956142, 50.912619769828446 ] ] ] ] } },
{ "type": "Feature", "properties": { "fid": 275190.0, "oid": "DENW41AL30008MQqBL", "aktualit": "2024-08-20", "gebnutzbez": "Gebäude", "funktion": "Wohngebäude", "gfkzshh": "31001_1000", "rellage": null, "name": null, "anzahlgs": null, "gmdschl": "05362032", "lagebeztxt": "Mittelstraße 30", "bld area": 168, "flstkennz_": "05468200800864______", "area": 2308 }, "geometry": { "type": "MultiPolygon", "coordinates": [ [ [ [ 6.712287070284405, 50.912932282320071 ], [ 6.712413098280738, 50.912957103132264 ], [ 6.712487137585849, 50.912800698988576 ], [ 6.712361025239511, 50.9127761554169 ], [ 6.712287070284405, 50.912932282320071 ] ] ] ] } },
{ "type": "Feature", "properties": { "fid": 158562.0, "oid": "DENW41AL30008K4FBL", "aktualit": "2024-08-20", "gebnutzbez": "Gebäude", "funktion": "Wohngebäude", "gfkzshh": "31001_1000", "rellage": null, "name": null, "anzahlgs": null, "gmdschl": "05362032", "lagebeztxt": "Hauptstraße 189", "bld area": 144, "flstkennz_": "05468200800862______", "area": 721 }, "geometry": { "type": "MultiPolygon", "coordinates": [ [ [ [ 6.711243355457063, 50.913058421418675 ], [ 6.711242798804775, 50.913059327899866 ], [ 6.711281969664573, 50.913069971637569 ], [ 6.711312887639538, 50.913078321909232 ], [ 6.711313454535719, 50.913077496575525 ], [ 6.711358015086077, 50.913089927883831 ], [ 6.711412123436842, 50.913008387172944 ], [ 6.711409693644685, 50.913007745912516 ], [ 6.711419036868312, 50.912993907335625 ], [ 6.711360697328383, 50.912978147835773 ], [ 6.711367355718989, 50.912968285967622 ], [ 6.711302233692043, 50.912950711529604 ], [ 6.711285777213996, 50.912974403040756 ], [ 6.711245812696609, 50.912963698767889 ], [ 6.711218104825908, 50.913005031890926 ], [ 6.711224846050469, 50.913006819016147 ], [ 6.711199401373131, 50.913046430230509 ], [ 6.711243355457063, 50.913058421418675 ] ] ] ] } },
{ "type": "Feature", "properties": { "fid": 273665.0, "oid": "DENW41AL30008Ki4BL", "aktualit": "2024-08-20", "gebnutzbez": "Gebäude", "funktion": "Gebäude zum Parken", "gfkzshh": "31001_2460", "rellage": null, "name": null, "anzahlgs": null, "gmdschl": "05362032", "lagebeztxt": null, "bld area": 17, "flstkennz_": "05468200800862______", "area": 721 }, "geometry": { "type": "MultiPolygon", "coordinates": [ [ [ [ 6.711503412082008, 50.912982403581303 ], [ 6.711575451443804, 50.913000788107404 ], [ 6.711594971585605, 50.912975834499214 ], [ 6.711524068430673, 50.912957490253739 ], [ 6.711503412082008, 50.912982403581303 ] ] ] ] } },
{ "type": "Feature", "properties": { "fid": 270395.0, "oid": "DENW41AL10005n0VBL", "aktualit": "2024-08-20", "gebnutzbez": "Gebäude", "funktion": "Wohngebäude", "gfkzshh": "31001_1000", "rellage": null, "name": null, "anzahlgs": null, "gmdschl": "05362032", "lagebeztxt": "Wiesenstraße 14", "bld area": 69, "flstkennz_": "054682021001210011__", "area": 22 }, "geometry": { "type": "MultiPolygon", "coordinates": [ [ [ [ 6.707167434850111, 50.912860067210126 ], [ 6.707164679593594, 50.912859240855937 ], [ 6.707150396600905, 50.912878210146104 ], [ 6.707167434850111, 50.912860067210126 ] ] ], [ [ [ 6.707100362573883, 50.912949035399542 ], [ 6.707174431001919, 50.912971409066429 ], [ 6.707177122389211, 50.91297222644306 ], [ 6.70720461301503, 50.912935674852619 ], [ 6.707246057241711, 50.912882686344801 ], [ 6.707167574592027, 50.912860109037609 ], [ 6.707100362573883, 50.912949035399542 ] ] ] ] } },
{ "type": "Feature", "properties": { "fid": 159249.0, "oid": "DENW41AL30008LRBBL", "aktualit": "2024-08-20", "gebnutzbez": "Gebäude", "funktion": "Wohngebäude", "gfkzshh": "31001_1000", "rellage": null, "name": null, "anzahlgs": null, "gmdschl": "05362032", "lagebeztxt": "Am Kalkofen 17", "bld area": 55, "flstkennz_": "054682021000910007__", "area": 280 }, "geometry": { "type": "MultiPolygon", "coordinates": [ [ [ [ 6.706652728474494, 50.913240523971609 ], [ 6.706740127107423, 50.913272308743501 ], [ 6.706778940055221, 50.91322771415831 ], [ 6.706804270058836, 50.913198657264779 ], [ 6.706796343678706, 50.913195803278249 ], [ 6.706773459171456, 50.913187564694873 ], [ 6.706757341254614, 50.913205479024413 ], [ 6.706702596675285, 50.913185785451326 ], [ 6.706652728474494, 50.913240523971609 ] ] ] ] } },
{ "type": "Feature", "properties": { "fid": 160195.0, "oid": "DENW41AL30008NMOBL", "aktualit": "2024-08-20", "gebnutzbez": "Gebäude", "funktion": "Gebäude zum Parken", "gfkzshh": "31001_2460", "rellage": null, "name": null, "anzahlgs": null, "gmdschl": "05362032", "lagebeztxt": null, "bld area": 20, "flstkennz_": "054682021000910007__", "area": 280 }, "geometry": { "type": "MultiPolygon", "coordinates": [ [ [ [ 6.706778940055221, 50.91322771415831 ], [ 6.706811474386191, 50.913239056450863 ], [ 6.706859454798641, 50.913187986341406 ], [ 6.706816250072094, 50.913173754145291 ], [ 6.706796343678706, 50.913195803278249 ], [ 6.706804270058836, 50.913198657264779 ], [ 6.706778940055221, 50.91322771415831 ] ] ] ] } },
{ "type": "Feature", "properties": { "fid": 61165.0, "oid": "DENW41AL30008LjSBL", "aktualit": "2024-08-20", "gebnutzbez": "Gebäude", "funktion": "Wohngebäude", "gfkzshh": "31001_1000", "rellage": null, "name": null, "anzahlgs": null, "gmdschl": "05362032", "lagebeztxt": "Wiesenstraße 18", "bld area": 44, "flstkennz_": "054682021000930007__", "area": 262 }, "geometry": { "type": "MultiPolygon", "coordinates": [ [ [ [ 6.706920757352167, 50.912864206847182 ], [ 6.706990106833181, 50.912885176638767 ], [ 6.707039741395769, 50.912820126139792 ], [ 6.706969384544358, 50.912798812795607 ], [ 6.706920757352167, 50.912864206847182 ] ] ] ] } },
{ "type": "Feature", "properties": { "fid": 160871.0, "oid": "DENW41AL30008OhfBL", "aktualit": "2024-08-20", "gebnutzbez": "Gebäude", "funktion": "Gebäude zum Parken", "gfkzshh": "31001_2460", "rellage": null, "name": null, "anzahlgs": null, "gmdschl": "05362032", "lagebeztxt": null, "bld area": 18, "flstkennz_": "054682021000930007__", "area": 262 }, "geometry": { "type": "MultiPolygon", "coordinates": [ [ [ [ 6.706816643702147, 50.912912267223199 ], [ 6.706858393891522, 50.912927721020985 ], [ 6.706897438506647, 50.912885640304765 ], [ 6.706855632813784, 50.912870158447767 ], [ 6.706816643702147, 50.912912267223199 ] ] ] ] } },
{ "type": "Feature", "properties": { "fid": 62417.0, "oid": "DENW41AL30008NWXBL", "aktualit": "2024-08-20", "gebnutzbez": "Gebäude", "funktion": "Wohngebäude", "gfkzshh": "31001_1000", "rellage": null, "name": null, "anzahlgs": null, "gmdschl": "05362032", "lagebeztxt": "Am Kalkofen 15", "bld area": 70, "flstkennz_": "054682021000080001__", "area": 508 }, "geometry": { "type": "MultiPolygon", "coordinates": [ [ [ [ 6.706854017185355, 50.913316234385618 ], [ 6.706939036524599, 50.913348961605536 ], [ 6.707011191833536, 50.913271492054477 ], [ 6.706926172139652, 50.913238773873324 ], [ 6.706854017185355, 50.913316234385618 ] ] ] ] } },
{ "type": "Feature", "properties": { "fid": 276000.0, "oid": "DENW41AL30008NJuBL", "aktualit": "2024-08-20", "gebnutzbez": "Gebäude", "funktion": "Gebäude zum Parken", "gfkzshh": "31001_2460", "rellage": null, "name": null, "anzahlgs": null, "gmdschl": "05362032", "lagebeztxt": null, "bld area": 44, "flstkennz_": "054682021000080001__", "area": 508 }, "geometry": { "type": "MultiPolygon", "coordinates": [ [ [ [ 6.706811474386191, 50.913239056450863 ], [ 6.706866207359514, 50.913258120156449 ], [ 6.706912417355354, 50.913208912994087 ], [ 6.706896109813319, 50.91320174804801 ], [ 6.706932951022176, 50.913162529121152 ], [ 6.706895576240616, 50.913149517782017 ], [ 6.706859454798641, 50.913187986341406 ], [ 6.706811474386191, 50.913239056450863 ] ] ] ] } },
{ "type": "Feature", "properties": { "fid": 158493.0, "oid": "DENW41AL30008Jw2BL", "aktualit": "2024-08-20", "gebnutzbez": "Gebäude", "funktion": "Wohngebäude", "gfkzshh": "31001_1000", "rellage": null, "name": null, "anzahlgs": null, "gmdschl": "05362032", "lagebeztxt": "Wiesenstraße 22", "bld area": 67, "flstkennz_": "054682021000950007__", "area": 247 }, "geometry": { "type": "MultiPolygon", "coordinates": [ [ [ [ 6.706620723508149, 50.912785278894589 ], [ 6.706676929094791, 50.912802446894837 ], [ 6.70671774561755, 50.912814896352891 ], [ 6.706739977847295, 50.912785760610447 ], [ 6.706734215773518, 50.912784028442061 ], [ 6.706768341131402, 50.912737830735011 ], [ 6.706677855053089, 50.912710410403818 ], [ 6.70662349144241, 50.912781645705344 ], [ 6.706620723508149, 50.912785278894589 ] ] ] ] } },
{ "type": "Feature", "properties": { "fid": 274937.0, "oid": "DENW41AL30008M8bBL", "aktualit": "2024-08-20", "gebnutzbez": "Gebäude", "funktion": "Wohngebäude", "gfkzshh": "31001_1000", "rellage": null, "name": null, "anzahlgs": null, "gmdschl": "05362032", "lagebeztxt": null, "bld area": 38, "flstkennz_": "054682021000950007__", "area": 247 }, "geometry": { "type": "MultiPolygon", "coordinates": [ [ [ [ 6.706559694239788, 50.912847982678628 ], [ 6.706570361549823, 50.912851223329113 ], [ 6.70662655298267, 50.91286839107493 ], [ 6.706676929094791, 50.912802446894837 ], [ 6.706620723508149, 50.912785278894589 ], [ 6.706603934732055, 50.912807290326867 ], [ 6.706559694239788, 50.912847982678628 ] ] ] ] } },
{ "type": "Feature", "properties": { "fid": 63125.0, "oid": "DENW41AL30008OWVBL", "aktualit": "2024-08-20", "gebnutzbez": "Gebäude", "funktion": "Gebäude zum Parken", "gfkzshh": "31001_2460", "rellage": null, "name": null, "anzahlgs": null, "gmdschl": "05362032", "lagebeztxt": null, "bld area": 18, "flstkennz_": "054682021000900007__", "area": 275 }, "geometry": { "type": "MultiPolygon", "coordinates": [ [ [ [ 6.70661392290924, 50.913112521752815 ], [ 6.706656142242943, 50.91312798484131 ], [ 6.706692682236195, 50.913087950600058 ], [ 6.706650448712542, 50.913072487245678 ], [ 6.70661392290924, 50.913112521752815 ] ] ] ] } },
{ "type": "Feature", "properties": { "fid": 158504.0, "oid": "DENW41AL30008Jx9BL", "aktualit": "2024-08-20", "gebnutzbez": "Gebäude", "funktion": "Wohngebäude", "gfkzshh": "31001_1000", "rellage": null, "name": null, "anzahlgs": null, "gmdschl": "05362032", "lagebeztxt": "Am Kalkofen 19", "bld area": 55, "flstkennz_": "054682021000900007__", "area": 275 }, "geometry": { "type": "MultiPolygon", "coordinates": [ [ [ [ 6.706566553335145, 50.913209320812179 ], [ 6.706652728474494, 50.913240523971609 ], [ 6.706702596675285, 50.913185785451326 ], [ 6.706646480893719, 50.913165624194818 ], [ 6.706662660109481, 50.91314762114385 ], [ 6.706631608990755, 50.913136496832728 ], [ 6.706566553335145, 50.913209320812179 ] ] ] ] } },
{ "type": "Feature", "properties": { "fid": 60817.0, "oid": "DENW41AL30008LESBL", "aktualit": "2024-08-20", "gebnutzbez": "Gebäude", "funktion": "Wohngebäude", "gfkzshh": "31001_1000", "rellage": null, "name": null, "anzahlgs": null, "gmdschl": "05362032", "lagebeztxt": "Am Kalkofen 21", "bld area": 53, "flstkennz_": "054682021000890007__", "area": 271 }, "geometry": { "type": "MultiPolygon", "coordinates": [ [ [ [ 6.70642064629, 50.913156275209694 ], [ 6.706506015568704, 50.913187660511532 ], [ 6.706559863352348, 50.913128665101006 ], [ 6.706474451945009, 50.913097270015811 ], [ 6.70642064629, 50.913156275209694 ] ] ] ] } },
{ "type": "Feature", "properties": { "fid": 63292.0, "oid": "DENW41AL30008OkxBL", "aktualit": "2024-08-20", "gebnutzbez": "Gebäude", "funktion": "Wohngebäude", "gfkzshh": "31001_1000", "rellage": null, "name": null, "anzahlgs": null, "gmdschl": "05362032", "lagebeztxt": "Wiesenstraße 20", "bld area": 63, "flstkennz_": "054682021000940007__", "area": 254 }, "geometry": { "type": "MultiPolygon", "coordinates": [ [ [ [ 6.706767671196785, 50.912850126985106 ], [ 6.706770740581542, 50.912851068722439 ], [ 6.706780092219336, 50.912838822630228 ], [ 6.70685849879171, 50.912862794625283 ], [ 6.706919103094396, 50.912783551168936 ], [ 6.706837617080371, 50.912758844144967 ], [ 6.706800432140788, 50.912807374182883 ], [ 6.706767671196785, 50.912850126985106 ] ] ] ] } },
{ "type": "Feature", "properties": { "fid": 159050.0, "oid": "DENW41AL30008L2FBL", "aktualit": "2024-08-20", "gebnutzbez": "Gebäude", "funktion": "Gebäude zum Parken", "gfkzshh": "31001_2460", "rellage": null, "name": null, "anzahlgs": null, "gmdschl": "05362032", "lagebeztxt": null, "bld area": 22, "flstkennz_": "054682021000940007__", "area": 254 }, "geometry": { "type": "MultiPolygon", "coordinates": [ [ [ [ 6.706715265491118, 50.912852317066111 ], [ 6.706717943091863, 50.912853125188427 ], [ 6.706756436513059, 50.912864791464614 ], [ 6.706756785505221, 50.91286434861717 ], [ 6.706767671196785, 50.912850126985106 ], [ 6.706800432140788, 50.912807374182883 ], [ 6.706761574515025, 50.912795592834762 ], [ 6.70676136396875, 50.912795534732766 ], [ 6.706724445359934, 50.912843854121903 ], [ 6.706715265491118, 50.912852317066111 ] ] ] ] } },
{ "type": "Feature", "properties": { "fid": 59825.0, "oid": "DENW41AL30008JpeBL", "aktualit": "2024-08-20", "gebnutzbez": "Gebäude", "funktion": "Gebäude zum Parken", "gfkzshh": "31001_2460", "rellage": null, "name": null, "anzahlgs": null, "gmdschl": "05362032", "lagebeztxt": null, "bld area": 19, "flstkennz_": "054682021000920007__", "area": 270 }, "geometry": { "type": "MultiPolygon", "coordinates": [ [ [ [ 6.706995407925997, 50.912974709199212 ], [ 6.707038662335353, 50.912990822074669 ], [ 6.707076631890384, 50.912950060298499 ], [ 6.70703916148634, 50.912936102744169 ], [ 6.707033391276242, 50.912933956702034 ], [ 6.706995407925997, 50.912974709199212 ] ] ] ] } },
{ "type": "Feature", "properties": { "fid": 272817.0, "oid": "DENW41AL30008JkuBL", "aktualit": "2024-08-20", "gebnutzbez": "Gebäude", "funktion": "Wohngebäude", "gfkzshh": "31001_1000", "rellage": null, "name": null, "anzahlgs": null, "gmdschl": "05362032", "lagebeztxt": "Wiesenstraße 16", "bld area": 44, "flstkennz_": "054682021000920007__", "area": 270 }, "geometry": { "type": "MultiPolygon", "coordinates": [ [ [ [ 6.706990106833181, 50.912885176638767 ], [ 6.707061090164157, 50.912906772101493 ], [ 6.707109702552917, 50.91284138669608 ], [ 6.707039741395769, 50.912820126139792 ], [ 6.706990106833181, 50.912885176638767 ] ] ] ] } },
{ "type": "Feature", "properties": { "fid": 273471.0, "oid": "DENW41AL30008KU7BL", "aktualit": "2024-08-20", "gebnutzbez": "Gebäude", "funktion": "Wohngebäude", "gfkzshh": "31001_1000", "rellage": null, "name": null, "anzahlgs": null, "gmdschl": "05362032", "lagebeztxt": null, "bld area": 17, "flstkennz_": "054682021000920007__", "area": 270 }, "geometry": { "type": "MultiPolygon", "coordinates": [ [ [ [ 6.706971672654899, 50.912909116508203 ], [ 6.707042951033466, 50.91293107754327 ], [ 6.707061090164157, 50.912906772101493 ], [ 6.706990106833181, 50.912885176638767 ], [ 6.706971672654899, 50.912909116508203 ] ] ] ] } },
{ "type": "Feature", "properties": { "fid": 270395.0, "oid": "DENW41AL10005n0VBL", "aktualit": "2024-08-20", "gebnutzbez": "Gebäude", "funktion": "Wohngebäude", "gfkzshh": "31001_1000", "rellage": null, "name": null, "anzahlgs": null, "gmdschl": "05362032", "lagebeztxt": "Wiesenstraße 14", "bld area": 69, "flstkennz_": "054682021000920007__", "area": 270 }, "geometry": { "type": "MultiPolygon", "coordinates": [ [ [ [ 6.707167434850111, 50.912860067210126 ], [ 6.707164679593594, 50.912859240855937 ], [ 6.707150396600905, 50.912878210146104 ], [ 6.707167434850111, 50.912860067210126 ] ] ], [ [ [ 6.707100362573883, 50.912949035399542 ], [ 6.707174431001919, 50.912971409066429 ], [ 6.707177122389211, 50.91297222644306 ], [ 6.70720461301503, 50.912935674852619 ], [ 6.707246057241711, 50.912882686344801 ], [ 6.707167574592027, 50.912860109037609 ], [ 6.707100362573883, 50.912949035399542 ] ] ] ] } },
{ "type": "Feature", "properties": { "fid": 59853.0, "oid": "DENW41AL30008JrYBL", "aktualit": "2024-08-20", "gebnutzbez": "Gebäude", "funktion": "Gebäude zum Parken", "gfkzshh": "31001_2460", "rellage": null, "name": null, "anzahlgs": null, "gmdschl": "05362032", "lagebeztxt": null, "bld area": 25, "flstkennz_": "05468202000426______", "area": 5588 }, "geometry": { "type": "MultiPolygon", "coordinates": [ [ [ [ 6.708082765455394, 50.911063379536834 ], [ 6.708188950289444, 50.911068891656676 ], [ 6.708193662141632, 50.911040167070198 ], [ 6.708087746548303, 50.911033230178802 ], [ 6.708082765455394, 50.911063379536834 ] ] ] ] } },
{ "type": "Feature", "properties": { "fid": 60716.0, "oid": "DENW41AL30008L4zBL", "aktualit": "2024-08-20", "gebnutzbez": "Gebäude", "funktion": "Gebäude zum Parken", "gfkzshh": "31001_2460", "rellage": null, "name": null, "anzahlgs": null, "gmdschl": "05362032", "lagebeztxt": null, "bld area": 49, "flstkennz_": "05468202000426______", "area": 5588 }, "geometry": { "type": "MultiPolygon", "coordinates": [ [ [ [ 6.707842540888494, 50.910973028505332 ], [ 6.707920989815899, 50.91097871562031 ], [ 6.707935215301274, 50.910899406158954 ], [ 6.707856780275927, 50.910893728319778 ], [ 6.707842540888494, 50.910973028505332 ] ] ] ] } },
{ "type": "Feature", "properties": { "fid": 61139.0, "oid": "DENW41AL30008LhDBL", "aktualit": "2024-08-20", "gebnutzbez": "Gebäude", "funktion": "Wohngebäude", "gfkzshh": "31001_1000", "rellage": null, "name": null, "anzahlgs": null, "gmdschl": "05362032", "lagebeztxt": "Herderstraße 27", "bld area": 297, "flstkennz_": "05468202000426______", "area": 5588 }, "geometry": { "type": "MultiPolygon", "coordinates": [ [ [ [ 6.708299737189394, 50.910575932678704 ], [ 6.708442658087227, 50.910581050710803 ], [ 6.708442854602761, 50.910578788054508 ], [ 6.70845535231162, 50.910579222340687 ], [ 6.708455170892024, 50.910581467305214 ], [ 6.708461973371316, 50.910581708810113 ], [ 6.708462068980053, 50.910580631394581 ], [ 6.70849419244176, 50.910581774839621 ], [ 6.708494096392339, 50.910582861240613 ], [ 6.708500927738484, 50.910583094315946 ], [ 6.708501150823444, 50.910580580346291 ], [ 6.708513820848925, 50.910580982033366 ], [ 6.708513597764646, 50.910583496003063 ], [ 6.708657134356178, 50.910588823731999 ], [ 6.708665933188514, 50.910494558364171 ], [ 6.708604972100078, 50.910492282112074 ], [ 6.708606654766457, 50.910474245988979 ], [ 6.708542610049423, 50.910471900162712 ], [ 6.708542514442847, 50.910472977578358 ], [ 6.708434715185383, 50.910469079991302 ], [ 6.708434810794435, 50.910468002575783 ], [ 6.708369630868186, 50.910465598386388 ], [ 6.708367958350129, 50.910483715652944 ], [ 6.708308215592604, 50.910481544116983 ], [ 6.708299737189394, 50.910575932678704 ] ] ] ] } },
{ "type": "Feature", "properties": { "fid": 62807.0, "oid": "DENW41AL30008O55BL", "aktualit": "2024-08-20", "gebnutzbez": "Gebäude", "funktion": "Gebäude zum Parken", "gfkzshh": "31001_2460", "rellage": null, "name": null, "anzahlgs": null, "gmdschl": "05362032", "lagebeztxt": null, "bld area": 50, "flstkennz_": "05468202000426______", "area": 5588 }, "geometry": { "type": "MultiPolygon", "coordinates": [ [ [ [ 6.70787856632916, 50.910767968889289 ], [ 6.707881387115996, 50.910768177192892 ], [ 6.707957992933076, 50.910773729149241 ], [ 6.707972638917223, 50.91069454486405 ], [ 6.707893070320666, 50.91068878182422 ], [ 6.70787856632916, 50.910767968889289 ] ] ] ] } },
{ "type": "Feature", "properties": { "fid": 158015.0, "oid": "DENW41AL2e30002fBL", "aktualit": "2024-08-20", "gebnutzbez": "Gebäude", "funktion": "Gebäude zur Freizeitgestaltung", "gfkzshh": "31001_1310", "rellage": null, "name": null, "anzahlgs": null, "gmdschl": "05362032", "lagebeztxt": null, "bld area": 26, "flstkennz_": "05468202000426______", "area": 5588 }, "geometry": { "type": "MultiPolygon", "coordinates": [ [ [ [ 6.708917422356892, 50.910491680088917 ], [ 6.708992230278557, 50.910493859257514 ], [ 6.708995516069101, 50.910448683404034 ], [ 6.708921901623257, 50.910446536661908 ], [ 6.708917422356892, 50.910491680088917 ] ] ] ] } },
{ "type": "Feature", "properties": { "fid": 159125.0, "oid": "DENW41AL30008LBXBL", "aktualit": "2024-08-20", "gebnutzbez": "Gebäude", "funktion": "Gebäude zum Parken", "gfkzshh": "31001_2460", "rellage": null, "name": null, "anzahlgs": null, "gmdschl": "05362032", "lagebeztxt": null, "bld area": 80, "flstkennz_": "05468202000426______", "area": 5588 }, "geometry": { "type": "MultiPolygon", "coordinates": [ [ [ [ 6.707793092638319, 50.910813729941886 ], [ 6.707872218050904, 50.910819569317354 ], [ 6.707881387115996, 50.910768177192892 ], [ 6.70787856632916, 50.910767968889289 ], [ 6.707893070320666, 50.91068878182422 ], [ 6.707816765438907, 50.910683186607599 ], [ 6.707793092638319, 50.910813729941886 ] ] ] ] } },
{ "type": "Feature", "properties": { "fid": 159128.0, "oid": "DENW41AL30008LC8BL", "aktualit": "2024-08-20", "gebnutzbez": "Gebäude", "funktion": "Wohngebäude", "gfkzshh": "31001_1000", "rellage": null, "name": null, "anzahlgs": null, "gmdschl": "05362032", "lagebeztxt": "Herderstraße 21, 23", "bld area": 150, "flstkennz_": "05468202000426______", "area": 5588 }, "geometry": { "type": "MultiPolygon", "coordinates": [ [ [ [ 6.708418341333519, 50.910908354470628 ], [ 6.708474193567323, 50.910912122455564 ], [ 6.708580082824414, 50.9109193013213 ], [ 6.708587583623417, 50.910919808365179 ], [ 6.708606904694091, 50.910804802334596 ], [ 6.70843762953407, 50.91079344675488 ], [ 6.708431671441885, 50.910829009383299 ], [ 6.708440434051573, 50.910829604173053 ], [ 6.708431979045599, 50.910880083965552 ], [ 6.708423202214011, 50.910879488895944 ], [ 6.708418341333519, 50.910908354470628 ] ] ] ] } },
{ "type": "Feature", "properties": { "fid": 159190.0, "oid": "DENW41AL30008LJdBL", "aktualit": "2024-08-20", "gebnutzbez": "Gebäude", "funktion": "Wohngebäude", "gfkzshh": "31001_1000", "rellage": null, "name": null, "anzahlgs": null, "gmdschl": "05362032", "lagebeztxt": "Herderstraße 22, 24, 26, 28, 30", "bld area": 320, "flstkennz_": "05468202000426______", "area": 5588 }, "geometry": { "type": "MultiPolygon", "coordinates": [ [ [ [ 6.708083364564761, 50.91103294624871 ], [ 6.708087746548303, 50.911033230178802 ], [ 6.708193662141632, 50.911040167070198 ], [ 6.70825310809568, 50.911044050705826 ], [ 6.708257886824306, 50.911014832754326 ], [ 6.708249108645636, 50.91101426462766 ], [ 6.708257110043623, 50.910964045763208 ], [ 6.708265874441858, 50.91096460462461 ], [ 6.708270544308257, 50.910935285599365 ], [ 6.708218808060887, 50.910932003082934 ], [ 6.708224468308232, 50.910896425621495 ], [ 6.708276232500373, 50.910899717678561 ], [ 6.708280902352453, 50.910870398652428 ], [ 6.708272137530198, 50.910869848777814 ], [ 6.708280134814796, 50.910819422965794 ], [ 6.708288899186243, 50.910819981825142 ], [ 6.708293702316888, 50.910790845297704 ], [ 6.708210111888528, 50.910785282313412 ], [ 6.708209935412976, 50.910786268199566 ], [ 6.708199202128641, 50.910785535756141 ], [ 6.708200434198247, 50.910778121824961 ], [ 6.708125217805444, 50.910773244891026 ], [ 6.708106541922296, 50.910888704232448 ], [ 6.708115037148453, 50.91088923983073 ], [ 6.708109348393698, 50.910924816727579 ], [ 6.708100854044158, 50.910924263157931 ], [ 6.708083364564761, 50.91103294624871 ] ] ] ] } },
{ "type": "Feature", "properties": { "fid": 160669.0, "oid": "DENW41AL30008OIIBL", "aktualit": "2024-08-20", "gebnutzbez": "Gebäude", "funktion": "Wohngebäude", "gfkzshh": "31001_1000", "rellage": null, "name": null, "anzahlgs": null, "gmdschl": "05362032", "lagebeztxt": "Herderstraße 32", "bld area": 202, "flstkennz_": "05468202000426______", "area": 5588 }, "geometry": { "type": "MultiPolygon", "coordinates": [ [ [ [ 6.708030825570423, 50.910662958102684 ], [ 6.708057806337493, 50.910665403746002 ], [ 6.708049259323916, 50.91070327196794 ], [ 6.70810980941898, 50.910708706363224 ], [ 6.708110032948807, 50.910707631460234 ], [ 6.708144078333083, 50.910710485650405 ], [ 6.708143856128496, 50.910711533597166 ], [ 6.708198241903309, 50.910716478126766 ], [ 6.708213752006965, 50.910648652353693 ], [ 6.708212081113245, 50.910648493622489 ], [ 6.708216808788069, 50.910628421676321 ], [ 6.708218493893578, 50.910628580686563 ], [ 6.708234044364541, 50.910560800673593 ], [ 6.708179603240964, 50.910555828090089 ], [ 6.708179365942594, 50.910556893728725 ], [ 6.708145440548192, 50.910553915987016 ], [ 6.708145663634852, 50.910552850069337 ], [ 6.708084718878296, 50.910547344981509 ], [ 6.708076104465307, 50.910585427740671 ], [ 6.708049095759829, 50.910582972558437 ], [ 6.708030825570423, 50.910662958102684 ] ] ] ] } },
{ "type": "Feature", "properties": { "fid": 160673.0, "oid": "DENW41AL30008OIPBL", "aktualit": "2024-08-20", "gebnutzbez": "Gebäude", "funktion": "Gebäude zum Parken", "gfkzshh": "31001_2460", "rellage": null, "name": null, "anzahlgs": null, "gmdschl": "05362032", "lagebeztxt": null, "bld area": 67, "flstkennz_": "05468202000426______", "area": 5588 }, "geometry": { "type": "MultiPolygon", "coordinates": [ [ [ [ 6.7080562268345, 50.910420759961049 ], [ 6.708223097011861, 50.910426600456965 ], [ 6.70822758521636, 50.910374918510549 ], [ 6.708061304197046, 50.910369251484646 ], [ 6.7080562268345, 50.910420759961049 ] ] ] ] } },
{ "type": "Feature", "properties": { "fid": 160982.0, "oid": "DENW41AL30008OuFBL", "aktualit": "2024-08-20", "gebnutzbez": "Gebäude", "funktion": "Gebäude zum Parken", "gfkzshh": "31001_2460", "rellage": null, "name": null, "anzahlgs": null, "gmdschl": "05362032", "lagebeztxt": null, "bld area": 54, "flstkennz_": "05468202000426______", "area": 5588 }, "geometry": { "type": "MultiPolygon", "coordinates": [ [ [ [ 6.708934915223786, 50.910846886007 ], [ 6.709016245616986, 50.910850965045476 ], [ 6.709021654576716, 50.910807746619291 ], [ 6.709026778231024, 50.910766861059457 ], [ 6.708945491062035, 50.910762773881778 ], [ 6.708934915223786, 50.910846886007 ] ] ] ] } },
{ "type": "Feature", "properties": { "fid": 272882.0, "oid": "DENW41AL30008JpGBL", "aktualit": "2024-08-20", "gebnutzbez": "Gebäude", "funktion": "Gebäude zum Parken", "gfkzshh": "31001_2460", "rellage": null, "name": null, "anzahlgs": null, "gmdschl": "05362032", "lagebeztxt": null, "bld area": 24, "flstkennz_": "05468202000426______", "area": 5588 }, "geometry": { "type": "MultiPolygon", "coordinates": [ [ [ [ 6.708469831558281, 50.910942706708362 ], [ 6.708576085301964, 50.910946232132758 ], [ 6.708580082824414, 50.9109193013213 ], [ 6.708474193567323, 50.910912122455564 ], [ 6.708469831558281, 50.910942706708362 ] ] ] ] } },
{ "type": "Feature", "properties": { "fid": 273561.0, "oid": "DENW41AL30008KanBL", "aktualit": "2024-08-20", "gebnutzbez": "Gebäude", "funktion": "Wohngebäude", "gfkzshh": "31001_1000", "rellage": null, "name": null, "anzahlgs": null, "gmdschl": "05362032", "lagebeztxt": "Herderstraße 25", "bld area": 231, "flstkennz_": "05468202000426______", "area": 5588 }, "geometry": { "type": "MultiPolygon", "coordinates": [ [ [ [ 6.708706034564693, 50.910759016981295 ], [ 6.708764427336067, 50.910762034234089 ], [ 6.708764565575935, 50.910760957655384 ], [ 6.708797032657144, 50.910762638414923 ], [ 6.708796893976653, 50.910763723979109 ], [ 6.708884064328236, 50.910768232562603 ], [ 6.708889609875306, 50.910725421557643 ], [ 6.708863825880873, 50.910724096884401 ], [ 6.708867846769367, 50.910692921303657 ], [ 6.708891927010264, 50.910694176550642 ], [ 6.708895464579878, 50.91066704782245 ], [ 6.70887124266913, 50.910665780800613 ], [ 6.708875310245348, 50.910634813000492 ], [ 6.708901093308227, 50.910636155641456 ], [ 6.708906638820053, 50.910593344634393 ], [ 6.708819596704402, 50.91058883858318 ], [ 6.708819458025082, 50.910589924147452 ], [ 6.708787273988436, 50.910588275932803 ], [ 6.708787426439616, 50.910587199633071 ], [ 6.708728722534462, 50.91058414929914 ], [ 6.708717189353299, 50.910672973513101 ], [ 6.708718906418405, 50.910673061190728 ], [ 6.708716400696105, 50.910692214412258 ], [ 6.708714697842813, 50.910692127013625 ], [ 6.708706034564693, 50.910759016981295 ] ] ] ] } },
{ "type": "Feature", "properties": { "fid": 277320.0, "oid": "DENW41AL30008OkoBL", "aktualit": "2024-08-20", "gebnutzbez": "Gebäude", "funktion": "Gebäude zum Parken", "gfkzshh": "31001_2460", "rellage": null, "name": null, "anzahlgs": null, "gmdschl": "05362032", "lagebeztxt": null, "bld area": 51, "flstkennz_": "05468202000426______", "area": 5588 }, "geometry": { "type": "MultiPolygon", "coordinates": [ [ [ [ 6.708749518153669, 50.910903947337864 ], [ 6.708830964533251, 50.910907983811704 ], [ 6.708840844262189, 50.910828489993669 ], [ 6.708759413115424, 50.910824435836645 ], [ 6.708749518153669, 50.910903947337864 ] ] ] ] } },
{ "type": "Feature", "properties": { "fid": 275694.0, "oid": "DENW41AL30008MzMBL", "aktualit": "2024-08-20", "gebnutzbez": "Gebäude", "funktion": "Wohngebäude", "gfkzshh": "31001_1000", "rellage": null, "name": null, "anzahlgs": null, "gmdschl": "05362032", "lagebeztxt": "Sistenichstraße 50", "bld area": 66, "flstkennz_": "05468202000390______", "area": 192 }, "geometry": { "type": "MultiPolygon", "coordinates": [ [ [ [ 6.709225082532364, 50.910761840724163 ], [ 6.709349559366446, 50.910767980679481 ], [ 6.709374622533969, 50.910769210149418 ], [ 6.709381481707084, 50.910713545348152 ], [ 6.7092319418823, 50.910706175933925 ], [ 6.709225082532364, 50.910761840724163 ] ] ] ] } },
{ "type": "Feature", "properties": { "fid": 160164.0, "oid": "DENW41AL30008NKcBL", "aktualit": "2024-08-20", "gebnutzbez": "Gebäude", "funktion": "Wohngebäude", "gfkzshh": "31001_1000", "rellage": null, "name": null, "anzahlgs": null, "gmdschl": "05362032", "lagebeztxt": "Sistenichstraße 48 b", "bld area": 63, "flstkennz_": "05468202000388______", "area": 192 }, "geometry": { "type": "MultiPolygon", "coordinates": [ [ [ [ 6.709193027610086, 50.910872270718016 ], [ 6.709335824486501, 50.910879354923246 ], [ 6.709342701027703, 50.9108236275069 ], [ 6.709199917209003, 50.910816570547553 ], [ 6.709193027610086, 50.910872270718016 ] ] ] ] } },
{ "type": "Feature", "properties": { "fid": 61753.0, "oid": "DENW41AL30008MZbBL", "aktualit": "2024-08-20", "gebnutzbez": "Gebäude", "funktion": "Wohngebäude", "gfkzshh": "31001_1000", "rellage": null, "name": null, "anzahlgs": null, "gmdschl": "05362032", "lagebeztxt": "Sistenichstraße 48 c", "bld area": 63, "flstkennz_": "05468202000389______", "area": 192 }, "geometry": { "type": "MultiPolygon", "coordinates": [ [ [ [ 6.709199917209003, 50.910816570547553 ], [ 6.709342701027703, 50.9108236275069 ], [ 6.709349559366446, 50.910767980679481 ], [ 6.709225082532364, 50.910761840724163 ], [ 6.709206803259026, 50.910760942259515 ], [ 6.709199917209003, 50.910816570547553 ] ] ] ] } },
{ "type": "Feature", "properties": { "fid": 59705.0, "oid": "DENW41AL30008JfsBL", "aktualit": "2024-08-20", "gebnutzbez": "Gebäude", "funktion": "Wohngebäude", "gfkzshh": "31001_1000", "rellage": null, "name": null, "anzahlgs": null, "gmdschl": "05362032", "lagebeztxt": null, "bld area": 37, "flstkennz_": "05468202100027______", "area": 518 }, "geometry": { "type": "MultiPolygon", "coordinates": [ [ [ [ 6.708820368781902, 50.913517388414355 ], [ 6.709071173436061, 50.913582941385911 ], [ 6.709083129436594, 50.913564297466678 ], [ 6.709056069576048, 50.913557344474832 ], [ 6.709055437836126, 50.913558330418738 ], [ 6.708981039063717, 50.91353932239538 ], [ 6.708982426846145, 50.913537137090088 ], [ 6.70896217675929, 50.913539554705373 ], [ 6.70889581762277, 50.913522548248665 ], [ 6.708898492024082, 50.913518499441722 ], [ 6.708831713690427, 50.913500180573401 ], [ 6.708820368781902, 50.913517388414355 ] ] ] ] } },
{ "type": "Feature", "properties": { "fid": 274050.0, "oid": "DENW41AL30008L8RBL", "aktualit": "2024-08-20", "gebnutzbez": "Gebäude", "funktion": "Gebäude zur Freizeitgestaltung", "gfkzshh": "31001_1310", "rellage": null, "name": null, "anzahlgs": null, "gmdschl": "05362032", "lagebeztxt": null, "bld area": 16, "flstkennz_": "05468202100027______", "area": 518 }, "geometry": { "type": "MultiPolygon", "coordinates": [ [ [ [ 6.708981039063717, 50.91353932239538 ], [ 6.709055437836126, 50.913558330418738 ], [ 6.709056069576048, 50.913557344474832 ], [ 6.709070013307214, 50.913534728207516 ], [ 6.708996609233678, 50.913514876286492 ], [ 6.708982426846145, 50.913537137090088 ], [ 6.708981039063717, 50.91353932239538 ] ] ] ] } },
{ "type": "Feature", "properties": { "fid": 274251.0, "oid": "DENW41AL30008LM0BL", "aktualit": "2024-08-20", "gebnutzbez": "Gebäude", "funktion": "Wohngebäude", "gfkzshh": "31001_1000", "rellage": null, "name": null, "anzahlgs": null, "gmdschl": "05362032", "lagebeztxt": "Sistenichstraße 9", "bld area": 67, "flstkennz_": "05468202100027______", "area": 518 }, "geometry": { "type": "MultiPolygon", "coordinates": [ [ [ [ 6.708663068641839, 50.913525030034897 ], [ 6.708792706107506, 50.913559198549123 ], [ 6.708792950736714, 50.913558852581907 ], [ 6.708820368781902, 50.913517388414355 ], [ 6.708831713690427, 50.913500180573401 ], [ 6.708753625547256, 50.913480110619837 ], [ 6.708757562035978, 50.913473829075038 ], [ 6.708736121408806, 50.913468335447817 ], [ 6.708725330618944, 50.913484978536452 ], [ 6.708735153198028, 50.913487464885044 ], [ 6.708733562975074, 50.91349000597701 ], [ 6.708692937844009, 50.913479719575889 ], [ 6.708663068641839, 50.913525030034897 ] ] ] ] } },
{ "type": "Feature", "properties": { "fid": 276290.0, "oid": "DENW41AL30008NdrBL", "aktualit": "2024-08-20", "gebnutzbez": "Gebäude", "funktion": "Wohngebäude", "gfkzshh": "31001_1000", "rellage": null, "name": null, "anzahlgs": null, "gmdschl": "05362032", "lagebeztxt": null, "bld area": 119, "flstkennz_": "05468202100027______", "area": 518 }, "geometry": { "type": "MultiPolygon", "coordinates": [ [ [ [ 6.708792950736714, 50.913558852581907 ], [ 6.709043488785849, 50.913624913040991 ], [ 6.709103006345299, 50.913641020611067 ], [ 6.709131257281809, 50.913599105029022 ], [ 6.709071832638576, 50.913583134208523 ], [ 6.709071173436061, 50.913582941385911 ], [ 6.708820368781902, 50.913517388414355 ], [ 6.708792950736714, 50.913558852581907 ] ] ] ] } },
{ "type": "Feature", "properties": { "fid": 272611.0, "oid": "DENW41AL30008JWWBL", "aktualit": "2024-08-20", "gebnutzbez": "Gebäude", "funktion": "Wohngebäude", "gfkzshh": "31001_1000", "rellage": null, "name": null, "anzahlgs": null, "gmdschl": "05362032", "lagebeztxt": "Merkurweg 8", "bld area": 51, "flstkennz_": "05468202100027______", "area": 518 }, "geometry": { "type": "MultiPolygon", "coordinates": [ [ [ [ 6.709343663455599, 50.913607834931952 ], [ 6.70927632339274, 50.913589702633132 ], [ 6.709225113896639, 50.913673250998329 ], [ 6.709292642553288, 50.913691355380685 ], [ 6.709292797701645, 50.913691101729917 ], [ 6.709343663455599, 50.913607834931952 ] ] ] ] } },
{ "type": "Feature", "properties": { "fid": 59562.0, "oid": "DENW41AL30008JTfBL", "aktualit": "2024-08-20", "gebnutzbez": "Gebäude", "funktion": "Wohngebäude", "gfkzshh": "31001_1000", "rellage": null, "name": null, "anzahlgs": null, "gmdschl": "05362032", "lagebeztxt": null, "bld area": 55, "flstkennz_": "05468200800020______", "area": 929 }, "geometry": { "type": "MultiPolygon", "coordinates": [ [ [ [ 6.712270684515668, 50.915121781217991 ], [ 6.712421174786846, 50.915149518904542 ], [ 6.712441394305619, 50.915106545704468 ], [ 6.712363195089925, 50.915091845499532 ], [ 6.712290715193007, 50.915078309665851 ], [ 6.71228039034691, 50.915100844346803 ], [ 6.712275750201578, 50.915110745828265 ], [ 6.712270684515668, 50.915121781217991 ] ] ] ] } },
{ "type": "Feature", "properties": { "fid": 160759.0, "oid": "DENW41AL30008OTABL", "aktualit": "2024-08-20", "gebnutzbez": "Gebäude", "funktion": "Gebäude zum Parken", "gfkzshh": "31001_2460", "rellage": null, "name": null, "anzahlgs": null, "gmdschl": "05362032", "lagebeztxt": null, "bld area": 55, "flstkennz_": "05468200800020______", "area": 929 }, "geometry": { "type": "MultiPolygon", "coordinates": [ [ [ [ 6.712415645139862, 50.915159861654566 ], [ 6.712542630527357, 50.915183270983391 ], [ 6.71254810712676, 50.915165596999117 ], [ 6.712559382158066, 50.915128618412268 ], [ 6.712478079166889, 50.915113380762271 ], [ 6.712441394305619, 50.915106545704468 ], [ 6.712421174786846, 50.915149518904542 ], [ 6.712415645139862, 50.915159861654566 ] ] ] ] } },
{ "type": "Feature", "properties": { "fid": 276252.0, "oid": "DENW41AL30008NbLBL", "aktualit": "2024-08-20", "gebnutzbez": "Gebäude", "funktion": "Gebäude für Wirtschaft oder Gewerbe", "gfkzshh": "31001_2000", "rellage": null, "name": null, "anzahlgs": null, "gmdschl": "05362032", "lagebeztxt": null, "bld area": 101, "flstkennz_": "05468200800020______", "area": 929 }, "geometry": { "type": "MultiPolygon", "coordinates": [ [ [ [ 6.712290715193007, 50.915078309665851 ], [ 6.712363195089925, 50.915091845499532 ], [ 6.712428282425346, 50.914879304667814 ], [ 6.712386292032451, 50.914871286302301 ], [ 6.712385497160088, 50.914872988593757 ], [ 6.712364537255338, 50.914918294731436 ], [ 6.712340082014505, 50.914971627035818 ], [ 6.712290715193007, 50.915078309665851 ] ] ] ] } },
{ "type": "Feature", "properties": { "fid": 276472.0, "oid": "DENW41AL30008NqKBL", "aktualit": "2024-08-20", "gebnutzbez": "Gebäude", "funktion": "Gemischt genutztes Gebäude mit Wohnen", "gfkzshh": "31001_1100", "rellage": null, "name": null, "anzahlgs": null, "gmdschl": "05362032", "lagebeztxt": "Bahnhofstraße 26, 28", "bld area": 220, "flstkennz_": "05468200800020______", "area": 929 }, "geometry": { "type": "MultiPolygon", "coordinates": [ [ [ [ 6.71222617239851, 50.915218242757746 ], [ 6.712465378212594, 50.915262388841121 ], [ 6.712515534388187, 50.915271592558639 ], [ 6.712542630527357, 50.915183270983391 ], [ 6.712415645139862, 50.915159861654566 ], [ 6.712421174786846, 50.915149518904542 ], [ 6.712270684515668, 50.915121781217991 ], [ 6.712227779798335, 50.915214478759218 ], [ 6.71222617239851, 50.915218242757746 ] ] ] ] } },
{ "type": "Feature", "properties": { "fid": 277163.0, "oid": "DENW41AL30008OaKBL", "aktualit": "2024-08-20", "gebnutzbez": "Gebäude", "funktion": "Gebäude zum Parken", "gfkzshh": "31001_2460", "rellage": null, "name": null, "anzahlgs": null, "gmdschl": "05362032", "lagebeztxt": null, "bld area": 114, "flstkennz_": "05468200800020______", "area": 929 }, "geometry": { "type": "MultiPolygon", "coordinates": [ [ [ [ 6.712510966662904, 50.915005898360427 ], [ 6.712593831222381, 50.915016561618465 ], [ 6.712595197608018, 50.915012199280717 ], [ 6.712602353690114, 50.914988999860135 ], [ 6.71260265713515, 50.914988034445251 ], [ 6.712647953594609, 50.914843649602297 ], [ 6.712561379775022, 50.914841610968914 ], [ 6.712510966662904, 50.915005898360427 ] ] ] ] } },
{ "type": "Feature", "properties": { "fid": 61116.0, "oid": "DENW41AL30008Lf4BL", "aktualit": "2024-08-20", "gebnutzbez": "Gebäude", "funktion": "Gemischt genutztes Gebäude mit Wohnen", "gfkzshh": "31001_1100", "rellage": null, "name": null, "anzahlgs": null, "gmdschl": "05362032", "lagebeztxt": "Bahnhofstraße 22", "bld area": 124, "flstkennz_": "05468200800698______", "area": 282 }, "geometry": { "type": "MultiPolygon", "coordinates": [ [ [ [ 6.711933798671806, 50.915160174244043 ], [ 6.712077420452753, 50.915186680432051 ], [ 6.712125144340827, 50.915083338468044 ], [ 6.711986189729369, 50.915057697330653 ], [ 6.711979804832994, 50.915070100929697 ], [ 6.711933798671806, 50.915160174244043 ] ] ] ] } },
{ "type": "Feature", "properties": { "fid": 158759.0, "oid": "DENW41AL30008KTCBL", "aktualit": "2024-08-20", "gebnutzbez": "Gebäude", "funktion": "Gebäude zum Parken", "gfkzshh": "31001_2460", "rellage": null, "name": null, "anzahlgs": null, "gmdschl": "05362032", "lagebeztxt": null, "bld area": 89, "flstkennz_": "05468200800021______", "area": 426 }, "geometry": { "type": "MultiPolygon", "coordinates": [ [ [ [ 6.712261214234838, 50.914957219454351 ], [ 6.712340082014505, 50.914971627035818 ], [ 6.712364537255338, 50.914918294731436 ], [ 6.712213643603982, 50.914890674975389 ], [ 6.712189136309235, 50.914944195104987 ], [ 6.712261214234838, 50.914957219454351 ] ] ] ] } },
{ "type": "Feature", "properties": { "fid": 59958.0, "oid": "DENW41AL30008K0ABL", "aktualit": "2024-08-20", "gebnutzbez": "Gebäude", "funktion": "Gemischt genutztes Gebäude mit Wohnen", "gfkzshh": "31001_1100", "rellage": null, "name": null, "anzahlgs": null, "gmdschl": "05362032", "lagebeztxt": "Bahnhofstraße 24", "bld area": 132, "flstkennz_": "05468200800021______", "area": 426 }, "geometry": { "type": "MultiPolygon", "coordinates": [ [ [ [ 6.712077420452753, 50.915186680432051 ], [ 6.712227779798335, 50.915214478759218 ], [ 6.712270684515668, 50.915121781217991 ], [ 6.712275750201578, 50.915110745828265 ], [ 6.712125144340827, 50.915083338468044 ], [ 6.712077420452753, 50.915186680432051 ] ] ] ] } },
{ "type": "Feature", "properties": { "fid": 60203.0, "oid": "DENW41AL30008KLYBL", "aktualit": "2024-08-20", "gebnutzbez": "Gebäude", "funktion": "Gebäude zum Parken", "gfkzshh": "31001_2460", "rellage": null, "name": null, "anzahlgs": null, "gmdschl": "05362032", "lagebeztxt": null, "bld area": 87, "flstkennz_": "05468200800021______", "area": 426 }, "geometry": { "type": "MultiPolygon", "coordinates": [ [ [ [ 6.712199872568433, 50.915086134557811 ], [ 6.71228039034691, 50.915100844346803 ], [ 6.712290715193007, 50.915078309665851 ], [ 6.712340082014505, 50.914971627035818 ], [ 6.712261214234838, 50.914957219454351 ], [ 6.712199872568433, 50.915086134557811 ] ] ] ] } },
{ "type": "Feature", "properties": { "fid": 61628.0, "oid": "DENW41AL30008MOSBL", "aktualit": "2024-08-20", "gebnutzbez": "Gebäude", "funktion": "Wohngebäude", "gfkzshh": "31001_1000", "rellage": null, "name": null, "anzahlgs": null, "gmdschl": "05362032", "lagebeztxt": "Herderstraße 14", "bld area": 85, "flstkennz_": "05468202000292______", "area": 246 }, "geometry": { "type": "MultiPolygon", "coordinates": [ [ [ [ 6.708057174967895, 50.911567968028919 ], [ 6.708111645783838, 50.911571781004405 ], [ 6.708143262126342, 50.911573993874889 ], [ 6.708151419603922, 50.911520603165833 ], [ 6.708189501837244, 50.911522960994461 ], [ 6.708197197686248, 50.911473752470378 ], [ 6.708072134085119, 50.91146562106978 ], [ 6.708057909511664, 50.911563152619628 ], [ 6.708057174967895, 50.911567968028919 ] ] ] ] } },
{ "type": "Feature", "properties": { "fid": 62474.0, "oid": "DENW41AL30008NbaBL", "aktualit": "2024-08-20", "gebnutzbez": "Gebäude", "funktion": "Gebäude zum Parken", "gfkzshh": "31001_2460", "rellage": null, "name": null, "anzahlgs": null, "gmdschl": "05362032", "lagebeztxt": null, "bld area": 24, "flstkennz_": "05468202000292______", "area": 246 }, "geometry": { "type": "MultiPolygon", "coordinates": [ [ [ [ 6.708000992288992, 50.911591175680783 ], [ 6.708107592753774, 50.911598386921455 ], [ 6.708111645783838, 50.911571781004405 ], [ 6.708057174967895, 50.911567968028919 ], [ 6.708057909511664, 50.911563152619628 ], [ 6.708006339882217, 50.911559360621993 ], [ 6.708000992288992, 50.911591175680783 ] ] ] ] } },
{ "type": "Feature", "properties": { "fid": 275933.0, "oid": "DENW41AL30008NFwBL", "aktualit": "2024-08-20", "gebnutzbez": "Gebäude", "funktion": "Wohngebäude", "gfkzshh": "31001_1000", "rellage": null, "name": null, "anzahlgs": null, "gmdschl": "05362032", "lagebeztxt": "Herderstraße 16", "bld area": 63, "flstkennz_": "054682020001000017__", "area": 261 }, "geometry": { "type": "MultiPolygon", "coordinates": [ [ [ [ 6.708072134085119, 50.91146562106978 ], [ 6.708197197686248, 50.911473752470378 ], [ 6.708207325567192, 50.911409211783685 ], [ 6.708167925615492, 50.91140674713504 ], [ 6.708167700758632, 50.911407848994308 ], [ 6.708083061476885, 50.911402184381629 ], [ 6.708072134085119, 50.91146562106978 ] ] ] ] } },
{ "type": "Feature", "properties": { "fid": 159204.0, "oid": "DENW41AL30008LKwBL", "aktualit": "2024-08-20", "gebnutzbez": "Gebäude", "funktion": "Wohngebäude", "gfkzshh": "31001_1000", "rellage": null, "name": null, "anzahlgs": null, "gmdschl": "05362032", "lagebeztxt": null, "bld area": 26, "flstkennz_": "054682020001000017__", "area": 261 }, "geometry": { "type": "MultiPolygon", "coordinates": [ [ [ [ 6.708083061476885, 50.911402184381629 ], [ 6.708167700758632, 50.911407848994308 ], [ 6.708167925615492, 50.91140674713504 ], [ 6.708174106051453, 50.911368112903148 ], [ 6.708089691237872, 50.91136280347321 ], [ 6.708083061476885, 50.911402184381629 ] ] ] ] } },
{ "type": "Feature", "properties": { "fid": 59455.0, "oid": "DENW41AL30008JJzBL", "aktualit": "2024-08-20", "gebnutzbez": "Gebäude", "funktion": "Gemischt genutztes Gebäude mit Wohnen", "gfkzshh": "31001_1100", "rellage": null, "name": null, "anzahlgs": null, "gmdschl": "05362032", "lagebeztxt": "Hauptstraße 173", "bld area": 120, "flstkennz_": "05468200800722______", "area": 497 }, "geometry": { "type": "MultiPolygon", "coordinates": [ [ [ [ 6.71058187353908, 50.913837799858939 ], [ 6.71071953977833, 50.913875397572205 ], [ 6.71075270915426, 50.913827453107196 ], [ 6.710763492113351, 50.913811826015831 ], [ 6.710783724851432, 50.913782515386657 ], [ 6.710645752550139, 50.913744201209163 ], [ 6.710643821838828, 50.913747014464171 ], [ 6.71058187353908, 50.913837799858939 ] ] ] ] } },
{ "type": "Feature", "properties": { "fid": 61517.0, "oid": "DENW41AL30008METBL", "aktualit": "2024-08-20", "gebnutzbez": "Gebäude", "funktion": "Gebäude für Wirtschaft oder Gewerbe", "gfkzshh": "31001_2000", "rellage": null, "name": null, "anzahlgs": null, "gmdschl": "05362032", "lagebeztxt": null, "bld area": 43, "flstkennz_": "05468200800722______", "area": 497 }, "geometry": { "type": "MultiPolygon", "coordinates": [ [ [ [ 6.71071953977833, 50.913875397572205 ], [ 6.71076327060098, 50.913887354126892 ], [ 6.710816281028166, 50.913901849144729 ], [ 6.710849436350989, 50.913853319760754 ], [ 6.710774224449837, 50.913833172677883 ], [ 6.71075270915426, 50.913827453107196 ], [ 6.71071953977833, 50.913875397572205 ] ] ] ] } },
{ "type": "Feature", "properties": { "fid": 159004.0, "oid": "DENW41AL30008KwNBL", "aktualit": "2024-08-20", "gebnutzbez": "Gebäude", "funktion": "Gebäude für Wirtschaft oder Gewerbe", "gfkzshh": "31001_2000", "rellage": null, "name": null, "anzahlgs": null, "gmdschl": "05362032", "lagebeztxt": null, "bld area": 3, "flstkennz_": "05468200800722______", "area": 497 }, "geometry": { "type": "MultiPolygon", "coordinates": [ [ [ [ 6.71075270915426, 50.913827453107196 ], [ 6.710774224449837, 50.913833172677883 ], [ 6.710784746709084, 50.913817639405828 ], [ 6.710763492113351, 50.913811826015831 ], [ 6.71075270915426, 50.913827453107196 ] ] ] ] } },
{ "type": "Feature", "properties": { "fid": 272105.0, "oid": "DENW41AL2cv00026BL", "aktualit": "2024-08-20", "gebnutzbez": "Gebäude", "funktion": "Gebäude für Wirtschaft oder Gewerbe", "gfkzshh": "31001_2000", "rellage": null, "name": null, "anzahlgs": null, "gmdschl": "05362032", "lagebeztxt": null, "bld area": 75, "flstkennz_": "05468200800722______", "area": 497 }, "geometry": { "type": "MultiPolygon", "coordinates": [ [ [ [ 6.710774224449837, 50.913833172677883 ], [ 6.710849436350989, 50.913853319760754 ], [ 6.710816281028166, 50.913901849144729 ], [ 6.710881057322148, 50.913919533985819 ], [ 6.710921911060807, 50.913930687535924 ], [ 6.71094316977729, 50.913897574511566 ], [ 6.710973953933706, 50.913905472539042 ], [ 6.710993887489014, 50.913874429138914 ], [ 6.710963117562874, 50.913866531395669 ], [ 6.71095609377712, 50.913877456371786 ], [ 6.710897315571739, 50.913861049463165 ], [ 6.71090412979539, 50.913850336238355 ], [ 6.710784746709084, 50.913817639405828 ], [ 6.710774224449837, 50.913833172677883 ] ] ] ] } },
{ "type": "Feature", "properties": { "fid": 275285.0, "oid": "DENW41AL30008MY5BL", "aktualit": "2024-08-20", "gebnutzbez": "Gebäude", "funktion": "Gebäude für Wirtschaft oder Gewerbe", "gfkzshh": "31001_2000", "rellage": null, "name": null, "anzahlgs": null, "gmdschl": "05362032", "lagebeztxt": null, "bld area": 59, "flstkennz_": "05468200800722______", "area": 497 }, "geometry": { "type": "MultiPolygon", "coordinates": [ [ [ [ 6.710763492113351, 50.913811826015831 ], [ 6.710784746709084, 50.913817639405828 ], [ 6.71090412979539, 50.913850336238355 ], [ 6.710897315571739, 50.913861049463165 ], [ 6.71095609377712, 50.913877456371786 ], [ 6.710963117562874, 50.913866531395669 ], [ 6.710981634541086, 50.913837681755062 ], [ 6.710847588218285, 50.913800245298638 ], [ 6.710783724851432, 50.913782515386657 ], [ 6.710763492113351, 50.913811826015831 ] ] ] ] } },
{ "type": "Feature", "properties": { "fid": 158994.0, "oid": "DENW41AL30008KvUBL", "aktualit": "2024-08-20", "gebnutzbez": "Gebäude", "funktion": "Gemischt genutztes Gebäude mit Wohnen", "gfkzshh": "31001_1100", "rellage": null, "name": null, "anzahlgs": null, "gmdschl": "05362032", "lagebeztxt": "Hauptstraße 169", "bld area": 289, "flstkennz_": "05468200800422______", "area": 1412 }, "geometry": { "type": "MultiPolygon", "coordinates": [ [ [ [ 6.71070420726639, 50.913974436642093 ], [ 6.710522518066921, 50.91392474164202 ], [ 6.710452045489607, 50.914028023431925 ], [ 6.710747828267738, 50.914112110581371 ], [ 6.710749083753586, 50.91411030041273 ], [ 6.710772710208111, 50.91407619954331 ], [ 6.710820560560427, 50.914007128087626 ], [ 6.71070420726639, 50.913974436642093 ] ] ] ] } },
{ "type": "Feature", "properties": { "fid": 62381.0, "oid": "DENW41AL30008NTpBL", "aktualit": "2024-08-20", "gebnutzbez": "Gebäude", "funktion": "Gemischt genutztes Gebäude mit Wohnen", "gfkzshh": "31001_1100", "rellage": null, "name": null, "anzahlgs": null, "gmdschl": "05362032", "lagebeztxt": "Hauptstraße 167", "bld area": 637, "flstkennz_": "05468200800422______", "area": 1412 }, "geometry": { "type": "MultiPolygon", "coordinates": [ [ [ [ 6.710355401721567, 50.914187958220197 ], [ 6.71082055948769, 50.914298752767031 ], [ 6.710839322549501, 50.914266634123791 ], [ 6.710855994747688, 50.914237982163783 ], [ 6.710885859774453, 50.914244899815124 ], [ 6.710907953344626, 50.91420695535335 ], [ 6.710878031484108, 50.914200036592696 ], [ 6.710904197298746, 50.914154778858475 ], [ 6.71077798767385, 50.914120275221528 ], [ 6.710747828267738, 50.914112110581371 ], [ 6.710452045489607, 50.914028023431925 ], [ 6.710372822113903, 50.914159141124344 ], [ 6.710355401721567, 50.914187958220197 ] ] ] ] } },
{ "type": "Feature", "properties": { "fid": 271880.0, "oid": "DENW41AL2000ICBmBL", "aktualit": "2024-08-20", "gebnutzbez": "Gebäude", "funktion": "Gemischt genutztes Gebäude mit Wohnen", "gfkzshh": "31001_1100", "rellage": null, "name": null, "anzahlgs": null, "gmdschl": "05362032", "lagebeztxt": null, "bld area": 10, "flstkennz_": "05468200800422______", "area": 1412 }, "geometry": { "type": "MultiPolygon", "coordinates": [ [ [ [ 6.710747828267738, 50.914112110581371 ], [ 6.71077798767385, 50.914120275221528 ], [ 6.710802416525752, 50.914084319313133 ], [ 6.710772710208111, 50.91407619954331 ], [ 6.710749083753586, 50.91411030041273 ], [ 6.710747828267738, 50.914112110581371 ] ] ] ] } },
{ "type": "Feature", "properties": { "fid": 158994.0, "oid": "DENW41AL30008KvUBL", "aktualit": "2024-08-20", "gebnutzbez": "Gebäude", "funktion": "Gemischt genutztes Gebäude mit Wohnen", "gfkzshh": "31001_1100", "rellage": null, "name": null, "anzahlgs": null, "gmdschl": "05362032", "lagebeztxt": "Hauptstraße 169", "bld area": 289, "flstkennz_": "05468200800772______", "area": 686 }, "geometry": { "type": "MultiPolygon", "coordinates": [ [ [ [ 6.71070420726639, 50.913974436642093 ], [ 6.710522518066921, 50.91392474164202 ], [ 6.710452045489607, 50.914028023431925 ], [ 6.710747828267738, 50.914112110581371 ], [ 6.710749083753586, 50.91411030041273 ], [ 6.710772710208111, 50.91407619954331 ], [ 6.710820560560427, 50.914007128087626 ], [ 6.71070420726639, 50.913974436642093 ] ] ] ] } },
{ "type": "Feature", "properties": { "fid": 61982.0, "oid": "DENW41AL30008MtyBL", "aktualit": "2024-08-20", "gebnutzbez": "Gebäude", "funktion": "Gebäude für Wirtschaft oder Gewerbe", "gfkzshh": "31001_2000", "rellage": null, "name": null, "anzahlgs": null, "gmdschl": "05362032", "lagebeztxt": null, "bld area": 1, "flstkennz_": "05468200800772______", "area": 686 }, "geometry": { "type": "MultiPolygon", "coordinates": [ [ [ [ 6.710945104691687, 50.914041086547449 ], [ 6.710891226586566, 50.914026396054368 ], [ 6.710890499193539, 50.91402746850865 ], [ 6.711016624155418, 50.914061664565452 ], [ 6.711017241046744, 50.914060755312015 ], [ 6.710945104691687, 50.914041086547449 ] ] ] ] } },
{ "type": "Feature", "properties": { "fid": 271880.0, "oid": "DENW41AL2000ICBmBL", "aktualit": "2024-08-20", "gebnutzbez": "Gebäude", "funktion": "Gemischt genutztes Gebäude mit Wohnen", "gfkzshh": "31001_1100", "rellage": null, "name": null, "anzahlgs": null, "gmdschl": "05362032", "lagebeztxt": null, "bld area": 10, "flstkennz_": "05468200800772______", "area": 686 }, "geometry": { "type": "MultiPolygon", "coordinates": [ [ [ [ 6.710747828267738, 50.914112110581371 ], [ 6.71077798767385, 50.914120275221528 ], [ 6.710802416525752, 50.914084319313133 ], [ 6.710772710208111, 50.91407619954331 ], [ 6.710749083753586, 50.91411030041273 ], [ 6.710747828267738, 50.914112110581371 ] ] ] ] } },
{ "type": "Feature", "properties": { "fid": 271881.0, "oid": "DENW41AL2000ICBqBL", "aktualit": "2024-08-20", "gebnutzbez": "Gebäude", "funktion": "Gebäude zum Parken", "gfkzshh": "31001_2460", "rellage": null, "name": null, "anzahlgs": null, "gmdschl": "05362032", "lagebeztxt": null, "bld area": 68, "flstkennz_": "05468200800772______", "area": 686 }, "geometry": { "type": "MultiPolygon", "coordinates": [ [ [ [ 6.711187321786745, 50.914191271650544 ], [ 6.711203470577249, 50.91416777199003 ], [ 6.711219562937763, 50.914144262226507 ], [ 6.711235087038358, 50.914121118792515 ], [ 6.711163270808767, 50.914101830317641 ], [ 6.711093182613475, 50.914203680967461 ], [ 6.711164764442257, 50.914223265891714 ], [ 6.711187321786745, 50.914191271650544 ] ] ] ] } },
{ "type": "Feature", "properties": { "fid": 271882.0, "oid": "DENW41AL2000ICByBL", "aktualit": "2024-08-20", "gebnutzbez": "Gebäude", "funktion": "Gemischt genutztes Gebäude mit Wohnen", "gfkzshh": "31001_1100", "rellage": null, "name": null, "anzahlgs": null, "gmdschl": "05362032", "lagebeztxt": null, "bld area": 101, "flstkennz_": "05468200800772______", "area": 686 }, "geometry": { "type": "MultiPolygon", "coordinates": [ [ [ [ 6.710820560560427, 50.914007128087626 ], [ 6.710772710208111, 50.91407619954331 ], [ 6.710802416525752, 50.914084319313133 ], [ 6.710813519966192, 50.914067960987694 ], [ 6.710982904816932, 50.914114149330707 ], [ 6.71101824250032, 50.914062316900328 ], [ 6.711016291612479, 50.914062062777489 ], [ 6.711016624155418, 50.914061664565452 ], [ 6.710890499193539, 50.91402746850865 ], [ 6.710891226586566, 50.914026396054368 ], [ 6.710820560560427, 50.914007128087626 ] ] ] ] } },
{ "type": "Feature", "properties": { "fid": 62381.0, "oid": "DENW41AL30008NTpBL", "aktualit": "2024-08-20", "gebnutzbez": "Gebäude", "funktion": "Gemischt genutztes Gebäude mit Wohnen", "gfkzshh": "31001_1100", "rellage": null, "name": null, "anzahlgs": null, "gmdschl": "05362032", "lagebeztxt": "Hauptstraße 167", "bld area": 637, "flstkennz_": "05468200800421______", "area": 192 }, "geometry": { "type": "MultiPolygon", "coordinates": [ [ [ [ 6.710355401721567, 50.914187958220197 ], [ 6.71082055948769, 50.914298752767031 ], [ 6.710839322549501, 50.914266634123791 ], [ 6.710855994747688, 50.914237982163783 ], [ 6.710885859774453, 50.914244899815124 ], [ 6.710907953344626, 50.91420695535335 ], [ 6.710878031484108, 50.914200036592696 ], [ 6.710904197298746, 50.914154778858475 ], [ 6.71077798767385, 50.914120275221528 ], [ 6.710747828267738, 50.914112110581371 ], [ 6.710452045489607, 50.914028023431925 ], [ 6.710372822113903, 50.914159141124344 ], [ 6.710355401721567, 50.914187958220197 ] ] ] ] } },
{ "type": "Feature", "properties": { "fid": 63115.0, "oid": "DENW41AL30008OVvBL", "aktualit": "2024-08-20", "gebnutzbez": "Gebäude", "funktion": "Gebäude zum Parken", "gfkzshh": "31001_2460", "rellage": null, "name": null, "anzahlgs": null, "gmdschl": "05362032", "lagebeztxt": null, "bld area": 27, "flstkennz_": "05468202000210______", "area": 492 }, "geometry": { "type": "MultiPolygon", "coordinates": [ [ [ [ 6.706768693308024, 50.909912563179986 ], [ 6.706806388418435, 50.909914086404541 ], [ 6.706812748917906, 50.90984952574717 ], [ 6.706815637962438, 50.909821143139943 ], [ 6.70677812768561, 50.90981962355 ], [ 6.706774260575902, 50.909857772529243 ], [ 6.706768693308024, 50.909912563179986 ] ] ] ] } },
{ "type": "Feature", "properties": { "fid": 160589.0, "oid": "DENW41AL30008O9UBL", "aktualit": "2024-08-20", "gebnutzbez": "Gebäude", "funktion": "Wohngebäude", "gfkzshh": "31001_1000", "rellage": null, "name": null, "anzahlgs": null, "gmdschl": "05362032", "lagebeztxt": "Grabenweg 21", "bld area": 102, "flstkennz_": "05468202000210______", "area": 492 }, "geometry": { "type": "MultiPolygon", "coordinates": [ [ [ [ 6.706645004575758, 50.909962784044204 ], [ 6.70676311453961, 50.909967587451 ], [ 6.706768693308024, 50.909912563179986 ], [ 6.706774260575902, 50.909857772529243 ], [ 6.706656019002244, 50.909853047492426 ], [ 6.70665490220776, 50.909863899425531 ], [ 6.706645004575758, 50.909962784044204 ] ] ] ] } },
{ "type": "Feature", "properties": { "fid": 159147.0, "oid": "DENW41AL30008LEABL", "aktualit": "2024-08-20", "gebnutzbez": "Gebäude", "funktion": "Wohngebäude", "gfkzshh": "31001_1000", "rellage": null, "name": null, "anzahlgs": null, "gmdschl": "05362032", "lagebeztxt": "Heinrich-Heine-Straße 6", "bld area": 108, "flstkennz_": "05468202000223______", "area": 768 }, "geometry": { "type": "MultiPolygon", "coordinates": [ [ [ [ 6.706880387456986, 50.909337147213435 ], [ 6.70700655591815, 50.909348728399792 ], [ 6.707031293629318, 50.909242247501922 ], [ 6.706904961529307, 50.909230528213122 ], [ 6.706880387456986, 50.909337147213435 ] ] ] ] } },
{ "type": "Feature", "properties": { "fid": 159795.0, "oid": "DENW41AL30008MYlBL", "aktualit": "2024-08-20", "gebnutzbez": "Gebäude", "funktion": "Wohngebäude", "gfkzshh": "31001_1000", "rellage": null, "name": null, "anzahlgs": null, "gmdschl": "05362032", "lagebeztxt": "Heinrich-Heine-Straße 8", "bld area": 90, "flstkennz_": "05468202000224______", "area": 779 }, "geometry": { "type": "MultiPolygon", "coordinates": [ [ [ [ 6.706680007094334, 50.909302044963958 ], [ 6.706683519760347, 50.909302356834971 ], [ 6.706808461339379, 50.909313716255873 ], [ 6.706820270614461, 50.909262169215069 ], [ 6.706815087995078, 50.909261680626791 ], [ 6.706824024808447, 50.909224000024516 ], [ 6.706700482794848, 50.909212245399004 ], [ 6.706685432881848, 50.909278200270585 ], [ 6.706680007094334, 50.909302044963958 ] ] ] ] } },
{ "type": "Feature", "properties": { "fid": 277139.0, "oid": "DENW41AL30008OZ3BL", "aktualit": "2024-08-20", "gebnutzbez": "Gebäude", "funktion": "Gebäude zum Parken", "gfkzshh": "31001_2460", "rellage": null, "name": null, "anzahlgs": null, "gmdschl": "05362032", "lagebeztxt": null, "bld area": 19, "flstkennz_": "05468202000224______", "area": 779 }, "geometry": { "type": "MultiPolygon", "coordinates": [ [ [ [ 6.706628691452796, 50.909323521789666 ], [ 6.70667820193696, 50.909328056436891 ], [ 6.706683519760347, 50.909302356834971 ], [ 6.706680007094334, 50.909302044963958 ], [ 6.706685432881848, 50.909278200270585 ], [ 6.706639986884629, 50.909274617930684 ], [ 6.706628691452796, 50.909323521789666 ] ] ] ] } },
{ "type": "Feature", "properties": { "fid": 276668.0, "oid": "DENW41AL30008O3yBL", "aktualit": "2024-08-20", "gebnutzbez": "Gebäude", "funktion": "Wohngebäude", "gfkzshh": "31001_1000", "rellage": null, "name": null, "anzahlgs": null, "gmdschl": "05362032", "lagebeztxt": "Grabenweg 23", "bld area": 99, "flstkennz_": "05468202000430______", "area": 538 }, "geometry": { "type": "MultiPolygon", "coordinates": [ [ [ [ 6.706518116760156, 50.909957700077065 ], [ 6.706645004575758, 50.909962784044204 ], [ 6.70665490220776, 50.909863899425531 ], [ 6.70652818557303, 50.909858522025836 ], [ 6.706523570856012, 50.909903770647141 ], [ 6.706518116760156, 50.909957700077065 ] ] ] ] } },
{ "type": "Feature", "properties": { "fid": 160736.0, "oid": "DENW41AL30008OQKBL", "aktualit": "2024-08-20", "gebnutzbez": "Gebäude", "funktion": "Gebäude zum Parken", "gfkzshh": "31001_2460", "rellage": null, "name": null, "anzahlgs": null, "gmdschl": "05362032", "lagebeztxt": null, "bld area": 19, "flstkennz_": "05468202000430______", "area": 538 }, "geometry": { "type": "MultiPolygon", "coordinates": [ [ [ [ 6.706480466642123, 50.909902024100568 ], [ 6.706523570856012, 50.909903770647141 ], [ 6.70652818557303, 50.909858522025836 ], [ 6.706529230677083, 50.909848550107718 ], [ 6.706486142935093, 50.909846758916053 ], [ 6.706480466642123, 50.909902024100568 ] ] ] ] } },
{ "type": "Feature", "properties": { "fid": 61379.0, "oid": "DENW41AL30008M2DBL", "aktualit": "2024-08-20", "gebnutzbez": "Gebäude", "funktion": "Gebäude zum Parken", "gfkzshh": "31001_2460", "rellage": null, "name": null, "anzahlgs": null, "gmdschl": "05362032", "lagebeztxt": null, "bld area": 17, "flstkennz_": "05468202000283______", "area": 749 }, "geometry": { "type": "MultiPolygon", "coordinates": [ [ [ [ 6.706583579287163, 50.909319514271225 ], [ 6.706587092395519, 50.909319817159712 ], [ 6.706628691452796, 50.909323521789666 ], [ 6.706639986884629, 50.909274617930684 ], [ 6.706598721815427, 50.909270775962348 ], [ 6.70659510800385, 50.909286120849728 ], [ 6.706591580244137, 50.90928582666762 ], [ 6.706583579287163, 50.909319514271225 ] ] ] ] } },
{ "type": "Feature", "properties": { "fid": 63195.0, "oid": "DENW41AL30008OcPBL", "aktualit": "2024-08-20", "gebnutzbez": "Gebäude", "funktion": "Wohngebäude", "gfkzshh": "31001_1000", "rellage": null, "name": null, "anzahlgs": null, "gmdschl": "05362032", "lagebeztxt": "Heinrich-Heine-Straße 10", "bld area": 76, "flstkennz_": "05468202000283______", "area": 749 }, "geometry": { "type": "MultiPolygon", "coordinates": [ [ [ [ 6.706473796525835, 50.909275291243404 ], [ 6.706591580244137, 50.90928582666762 ], [ 6.70659510800385, 50.909286120849728 ], [ 6.706598721815427, 50.909270775962348 ], [ 6.70660389316037, 50.909248635153247 ], [ 6.706593018063064, 50.909247611960737 ], [ 6.706603534384064, 50.909203270796091 ], [ 6.706492338994597, 50.909192702971552 ], [ 6.706473796525835, 50.909275291243404 ] ] ] ] } },
{ "type": "Feature", "properties": { "fid": 160874.0, "oid": "DENW41AL30008OhmBL", "aktualit": "2024-08-20", "gebnutzbez": "Gebäude", "funktion": "Gebäude zum Parken", "gfkzshh": "31001_2460", "rellage": null, "name": null, "anzahlgs": null, "gmdschl": "05362032", "lagebeztxt": null, "bld area": 17, "flstkennz_": "05468202000283______", "area": 749 }, "geometry": { "type": "MultiPolygon", "coordinates": [ [ [ [ 6.706572132526134, 50.909367443786799 ], [ 6.706617469555375, 50.909371797504676 ], [ 6.706628691452796, 50.909323521789666 ], [ 6.706587092395519, 50.909319817159712 ], [ 6.706583579287163, 50.909319514271225 ], [ 6.706572132526134, 50.909367443786799 ] ] ] ] } },
{ "type": "Feature", "properties": { "fid": 59901.0, "oid": "DENW41AL30008JvfBL", "aktualit": "2024-08-20", "gebnutzbez": "Gebäude", "funktion": "Wohngebäude", "gfkzshh": "31001_1000", "rellage": null, "name": null, "anzahlgs": null, "gmdschl": "05362032", "lagebeztxt": "Merodestraße 40", "bld area": 95, "flstkennz_": "05468201900331______", "area": 347 }, "geometry": { "type": "MultiPolygon", "coordinates": [ [ [ [ 6.706582754898718, 50.908467944505681 ], [ 6.70670311087131, 50.90847907003041 ], [ 6.706704512982349, 50.908479196519473 ], [ 6.706725743799452, 50.908381550926798 ], [ 6.70660411335265, 50.908370022624233 ], [ 6.706582754898718, 50.908467944505681 ] ] ] ] } },
{ "type": "Feature", "properties": { "fid": 160840.0, "oid": "DENW41AL30008OdnBL", "aktualit": "2024-08-20", "gebnutzbez": "Gebäude", "funktion": "Wohngebäude", "gfkzshh": "31001_1000", "rellage": null, "name": null, "anzahlgs": null, "gmdschl": "05362032", "lagebeztxt": null, "bld area": 17, "flstkennz_": "05468201900331______", "area": 347 }, "geometry": { "type": "MultiPolygon", "coordinates": [ [ [ [ 6.706697240978242, 50.908505874056452 ], [ 6.706778713988523, 50.908513042468677 ], [ 6.706784489730656, 50.908486416470971 ], [ 6.706704512982349, 50.908479196519473 ], [ 6.70670311087131, 50.90847907003041 ], [ 6.706697240978242, 50.908505874056452 ] ] ] ] } },
{ "type": "Feature", "properties": { "fid": 160877.0, "oid": "DENW41AL30008OiNBL", "aktualit": "2024-08-20", "gebnutzbez": "Gebäude", "funktion": "Gebäude zum Parken", "gfkzshh": "31001_2460", "rellage": null, "name": null, "anzahlgs": null, "gmdschl": "05362032", "lagebeztxt": null, "bld area": 19, "flstkennz_": "05468201900331______", "area": 347 }, "geometry": { "type": "MultiPolygon", "coordinates": [ [ [ [ 6.706451995712645, 50.908674487786008 ], [ 6.706536294928474, 50.90868175688194 ], [ 6.706541897478701, 50.908652869969778 ], [ 6.706493529608286, 50.908648546592055 ], [ 6.706458518034451, 50.908645412089903 ], [ 6.706451995712645, 50.908674487786008 ] ] ] ] } },
{ "type": "Feature", "properties": { "fid": 160877.0, "oid": "DENW41AL30008OiNBL", "aktualit": "2024-08-20", "gebnutzbez": "Gebäude", "funktion": "Gebäude zum Parken", "gfkzshh": "31001_2460", "rellage": null, "name": null, "anzahlgs": null, "gmdschl": "05362032", "lagebeztxt": null, "bld area": 19, "flstkennz_": "05468201900322______", "area": 405 }, "geometry": { "type": "MultiPolygon", "coordinates": [ [ [ [ 6.706451995712645, 50.908674487786008 ], [ 6.706536294928474, 50.90868175688194 ], [ 6.706541897478701, 50.908652869969778 ], [ 6.706493529608286, 50.908648546592055 ], [ 6.706458518034451, 50.908645412089903 ], [ 6.706451995712645, 50.908674487786008 ] ] ] ] } },
{ "type": "Feature", "properties": { "fid": 158842.0, "oid": "DENW41AL30008KcqBL", "aktualit": "2024-08-20", "gebnutzbez": "Gebäude", "funktion": "Wohngebäude", "gfkzshh": "31001_1000", "rellage": null, "name": null, "anzahlgs": null, "gmdschl": "05362032", "lagebeztxt": "Rote-Kreuz-Straße 36", "bld area": 123, "flstkennz_": "05468201900322______", "area": 405 }, "geometry": { "type": "MultiPolygon", "coordinates": [ [ [ [ 6.706366116587274, 50.908637147239311 ], [ 6.706458518034451, 50.908645412089903 ], [ 6.706493529608286, 50.908648546592055 ], [ 6.706519652053144, 50.908527225732755 ], [ 6.706392403270287, 50.90851596454587 ], [ 6.706366116587274, 50.908637147239311 ] ] ] ] } },
{ "type": "Feature", "properties": { "fid": 158485.0, "oid": "DENW41AL30008JvFBL", "aktualit": "2024-08-20", "gebnutzbez": "Gebäude", "funktion": "Gebäude zum Parken", "gfkzshh": "31001_2460", "rellage": null, "name": null, "anzahlgs": null, "gmdschl": "05362032", "lagebeztxt": null, "bld area": 19, "flstkennz_": "054682021002180053__", "area": 320 }, "geometry": { "type": "MultiPolygon", "coordinates": [ [ [ [ 6.70881242874071, 50.911870951633212 ], [ 6.708864686394428, 50.91187493666132 ], [ 6.708871918761414, 50.911827041133705 ], [ 6.708821497003684, 50.911823622804903 ], [ 6.708816307858781, 50.911854829407993 ], [ 6.708815740226813, 50.911854800275435 ], [ 6.70881242874071, 50.911870951633212 ] ] ] ] } },
{ "type": "Feature", "properties": { "fid": 275303.0, "oid": "DENW41AL30008MZHBL", "aktualit": "2024-08-20", "gebnutzbez": "Gebäude", "funktion": "Wohngebäude", "gfkzshh": "31001_1000", "rellage": null, "name": null, "anzahlgs": null, "gmdschl": "05362032", "lagebeztxt": "Adenauerstraße 2", "bld area": 67, "flstkennz_": "054682021002180053__", "area": 320 }, "geometry": { "type": "MultiPolygon", "coordinates": [ [ [ [ 6.70871699072699, 50.911849065965946 ], [ 6.708815740226813, 50.911854800275435 ], [ 6.708816307858781, 50.911854829407993 ], [ 6.708821497003684, 50.911823622804903 ], [ 6.708827557264078, 50.911787135775796 ], [ 6.708832764769722, 50.911763664463422 ], [ 6.708780771285174, 50.911760386146881 ], [ 6.708778805774571, 50.911772885340731 ], [ 6.708730967818978, 50.911769868471211 ], [ 6.70871699072699, 50.911849065965946 ] ] ] ] } },
{ "type": "Feature", "properties": { "fid": 158216.0, "oid": "DENW41AL30008JOgBL", "aktualit": "2024-08-20", "gebnutzbez": "Gebäude", "funktion": "Wohngebäude", "gfkzshh": "31001_1000", "rellage": null, "name": null, "anzahlgs": null, "gmdschl": "05362032", "lagebeztxt": "Sistenichstraße 40", "bld area": 68, "flstkennz_": "054682021002160053__", "area": 300 }, "geometry": { "type": "MultiPolygon", "coordinates": [ [ [ [ 6.709122919351362, 50.911846422180659 ], [ 6.709247994249639, 50.91185405799181 ], [ 6.709252710734237, 50.911823489668983 ], [ 6.70927252506399, 50.91182471506086 ], [ 6.709277667623166, 50.911791843615497 ], [ 6.70913264836382, 50.911782737029242 ], [ 6.709122919351362, 50.911846422180659 ] ] ] ] } },
{ "type": "Feature", "properties": { "fid": 160841.0, "oid": "DENW41AL30008OdpBL", "aktualit": "2024-08-20", "gebnutzbez": "Gebäude", "funktion": "Wohngebäude", "gfkzshh": "31001_1000", "rellage": null, "name": null, "anzahlgs": null, "gmdschl": "05362032", "lagebeztxt": "Sistenichstraße 38", "bld area": 67, "flstkennz_": "054682021002160053__", "area": 300 }, "geometry": { "type": "MultiPolygon", "coordinates": [ [ [ [ 6.709113192335053, 50.911909486776771 ], [ 6.709258032952378, 50.911918472954504 ], [ 6.709263150638816, 50.911885529069025 ], [ 6.709243237234704, 50.911884292736865 ], [ 6.709247994249639, 50.91185405799181 ], [ 6.709122919351362, 50.911846422180659 ], [ 6.709113192335053, 50.911909486776771 ] ] ] ] } },
{ "type": "Feature", "properties": { "fid": 160772.0, "oid": "DENW41AL30008OV4BL", "aktualit": "2024-08-20", "gebnutzbez": "Gebäude", "funktion": "Wohngebäude", "gfkzshh": "31001_1000", "rellage": null, "name": null, "anzahlgs": null, "gmdschl": "05362032", "lagebeztxt": "Sistenichstraße 36", "bld area": 67, "flstkennz_": "054682021002150053__", "area": 301 }, "geometry": { "type": "MultiPolygon", "coordinates": [ [ [ [ 6.709095737919325, 50.912024736375621 ], [ 6.70921999918093, 50.912032437188195 ], [ 6.70922506361767, 50.912002316408334 ], [ 6.709244959328181, 50.912003624348763 ], [ 6.709250212103446, 50.911970827021506 ], [ 6.709105312176945, 50.91196159683011 ], [ 6.709095737919325, 50.912024736375621 ] ] ] ] } },
{ "type": "Feature", "properties": { "fid": 64070.0, "oid": "DENW41ALvN00002gBL", "aktualit": "2024-08-20", "gebnutzbez": "Gebäude", "funktion": "Gebäude zum Parken", "gfkzshh": "31001_2460", "rellage": null, "name": null, "anzahlgs": null, "gmdschl": "05362032", "lagebeztxt": null, "bld area": 41, "flstkennz_": "054682021002170053__", "area": 303 }, "geometry": { "type": "MultiPolygon", "coordinates": [ [ [ [ 6.708873162969792, 50.911830384385695 ], [ 6.708951018130094, 50.911835447540227 ], [ 6.708961808730852, 50.911768401458737 ], [ 6.708883995877991, 50.911763348135317 ], [ 6.708873162969792, 50.911830384385695 ] ] ] ] } },
{ "type": "Feature", "properties": { "fid": 158216.0, "oid": "DENW41AL30008JOgBL", "aktualit": "2024-08-20", "gebnutzbez": "Gebäude", "funktion": "Wohngebäude", "gfkzshh": "31001_1000", "rellage": null, "name": null, "anzahlgs": null, "gmdschl": "05362032", "lagebeztxt": "Sistenichstraße 40", "bld area": 68, "flstkennz_": "054682021002170053__", "area": 303 }, "geometry": { "type": "MultiPolygon", "coordinates": [ [ [ [ 6.709122919351362, 50.911846422180659 ], [ 6.709247994249639, 50.91185405799181 ], [ 6.709252710734237, 50.911823489668983 ], [ 6.70927252506399, 50.91182471506086 ], [ 6.709277667623166, 50.911791843615497 ], [ 6.70913264836382, 50.911782737029242 ], [ 6.709122919351362, 50.911846422180659 ] ] ] ] } },
{ "type": "Feature", "properties": { "fid": 272946.0, "oid": "DENW41AL30008Jt2BL", "aktualit": "2024-08-20", "gebnutzbez": "Gebäude", "funktion": "Gebäude zum Parken", "gfkzshh": "31001_2460", "rellage": null, "name": null, "anzahlgs": null, "gmdschl": "05362032", "lagebeztxt": null, "bld area": 16, "flstkennz_": "05468200800756______", "area": 1582 }, "geometry": { "type": "MultiPolygon", "coordinates": [ [ [ [ 6.713395677788347, 50.91395249796804 ], [ 6.71343583658535, 50.913958105647247 ], [ 6.713452169020466, 50.913909650661658 ], [ 6.713412142589965, 50.913903955640308 ], [ 6.713395677788347, 50.91395249796804 ] ] ] ] } },
{ "type": "Feature", "properties": { "fid": 275822.0, "oid": "DENW41AL30008N7WBL", "aktualit": "2024-08-20", "gebnutzbez": "Gebäude", "funktion": "Gebäude zum Parken", "gfkzshh": "31001_2460", "rellage": null, "name": null, "anzahlgs": null, "gmdschl": "05362032", "lagebeztxt": null, "bld area": 16, "flstkennz_": "05468200800756______", "area": 1582 }, "geometry": { "type": "MultiPolygon", "coordinates": [ [ [ [ 6.713476225218296, 50.913963088228897 ], [ 6.713493405126356, 50.913986728534709 ], [ 6.713565121563343, 50.913965603413558 ], [ 6.713547847094193, 50.913942150141814 ], [ 6.713476225218296, 50.913963088228897 ] ] ] ] } },
{ "type": "Feature", "properties": { "fid": 276271.0, "oid": "DENW41AL30008NchBL", "aktualit": "2024-08-20", "gebnutzbez": "Gebäude", "funktion": "Gebäude zum Parken", "gfkzshh": "31001_2460", "rellage": null, "name": null, "anzahlgs": null, "gmdschl": "05362032", "lagebeztxt": null, "bld area": 16, "flstkennz_": "05468200800756______", "area": 1582 }, "geometry": { "type": "MultiPolygon", "coordinates": [ [ [ [ 6.713355802391363, 50.913946913816012 ], [ 6.713395677788347, 50.91395249796804 ], [ 6.713412142589965, 50.913903955640308 ], [ 6.713372228996876, 50.913898280804233 ], [ 6.713355802391363, 50.913946913816012 ] ] ] ] } },
{ "type": "Feature", "properties": { "fid": 276473.0, "oid": "DENW41AL30008NqMBL", "aktualit": "2024-08-20", "gebnutzbez": "Gebäude", "funktion": "Gebäude zum Parken", "gfkzshh": "31001_2460", "rellage": null, "name": null, "anzahlgs": null, "gmdschl": "05362032", "lagebeztxt": null, "bld area": 16, "flstkennz_": "05468200800756______", "area": 1582 }, "geometry": { "type": "MultiPolygon", "coordinates": [ [ [ [ 6.71343583658535, 50.913958105647247 ], [ 6.713475981178879, 50.913963713034271 ], [ 6.713492083074364, 50.913915316485152 ], [ 6.713452169020466, 50.913909650661658 ], [ 6.71343583658535, 50.913958105647247 ] ] ] ] } },
{ "type": "Feature", "properties": { "fid": 62304.0, "oid": "DENW41AL30008NNEBL", "aktualit": "2024-08-20", "gebnutzbez": "Gebäude", "funktion": "Gebäude zum Parken", "gfkzshh": "31001_2460", "rellage": null, "name": null, "anzahlgs": null, "gmdschl": "05362032", "lagebeztxt": null, "bld area": 16, "flstkennz_": "05468200800756______", "area": 1582 }, "geometry": { "type": "MultiPolygon", "coordinates": [ [ [ [ 6.713460388840292, 50.914035378299182 ], [ 6.71352636551027, 50.914045143394063 ], [ 6.713537383385608, 50.914046762338536 ], [ 6.713546759297037, 50.914021510727743 ], [ 6.713480909696803, 50.914011766122009 ], [ 6.713469736804098, 50.914010117152614 ], [ 6.713460388840292, 50.914035378299182 ] ] ] ] } },
{ "type": "Feature", "properties": { "fid": 158689.0, "oid": "DENW41AL30008KKYBL", "aktualit": "2024-08-20", "gebnutzbez": "Gebäude", "funktion": "Gebäude zum Parken", "gfkzshh": "31001_2460", "rellage": null, "name": null, "anzahlgs": null, "gmdschl": "05362032", "lagebeztxt": null, "bld area": 16, "flstkennz_": "05468200800756______", "area": 1582 }, "geometry": { "type": "MultiPolygon", "coordinates": [ [ [ [ 6.71344010375005, 50.914058824204346 ], [ 6.713516920276775, 50.914070357668663 ], [ 6.71352636551027, 50.914045143394063 ], [ 6.713460388840292, 50.914035378299182 ], [ 6.713449441597906, 50.914033769725407 ], [ 6.71344010375005, 50.914058824204346 ] ] ] ] } },
{ "type": "Feature", "properties": { "fid": 160211.0, "oid": "DENW41AL30008NOOBL", "aktualit": "2024-08-20", "gebnutzbez": "Gebäude", "funktion": "Wohngebäude", "gfkzshh": "31001_1000", "rellage": null, "name": null, "anzahlgs": null, "gmdschl": "05362032", "lagebeztxt": "Höhenweg 14", "bld area": 436, "flstkennz_": "05468200800756______", "area": 1582 }, "geometry": { "type": "MultiPolygon", "coordinates": [ [ [ [ 6.713364773468162, 50.914271470690402 ], [ 6.713380608729199, 50.914273786644038 ], [ 6.713370282959481, 50.914302158570031 ], [ 6.713438300584563, 50.914312089619045 ], [ 6.713440255886433, 50.914306740465541 ], [ 6.713480785986792, 50.914312616230688 ], [ 6.713476861618158, 50.914323305275126 ], [ 6.713541610037154, 50.91433288439972 ], [ 6.713553794939455, 50.914299961894457 ], [ 6.71355796197937, 50.914300574186989 ], [ 6.713567536250677, 50.914274759833383 ], [ 6.713563397640224, 50.914274148098187 ], [ 6.713583881704659, 50.914219073833287 ], [ 6.713622652983115, 50.914203653047174 ], [ 6.713618476489337, 50.914199460921331 ], [ 6.713631116009204, 50.914194411025299 ], [ 6.713681840886718, 50.914201862547522 ], [ 6.713703635617082, 50.914142685649146 ], [ 6.713725275648958, 50.914145870780253 ], [ 6.713741231630005, 50.914102768863543 ], [ 6.713674350885916, 50.914092869256123 ], [ 6.713670875539825, 50.914102235977559 ], [ 6.713655210346178, 50.914108350863238 ], [ 6.713608073363796, 50.914101428320301 ], [ 6.713611225687203, 50.914092846752609 ], [ 6.713515115028162, 50.914078740773988 ], [ 6.713454786745118, 50.914069841845873 ], [ 6.71344539435735, 50.914095138097181 ], [ 6.713441648583228, 50.914104796318775 ], [ 6.713426902212977, 50.91410290644221 ], [ 6.713422584742517, 50.914114649086422 ], [ 6.713374737750259, 50.91424437783779 ], [ 6.713364773468162, 50.914271470690402 ] ] ] ] } },
{ "type": "Feature", "properties": { "fid": 275098.0, "oid": "DENW41AL30008MKXBL", "aktualit": "2024-08-20", "gebnutzbez": "Gebäude", "funktion": "Gebäude zum Parken", "gfkzshh": "31001_2460", "rellage": null, "name": null, "anzahlgs": null, "gmdschl": "05362032", "lagebeztxt": null, "bld area": 16, "flstkennz_": "05468200800756______", "area": 1582 }, "geometry": { "type": "MultiPolygon", "coordinates": [ [ [ [ 6.713480909696803, 50.914011766122009 ], [ 6.713546759297037, 50.914021510727743 ], [ 6.713557889114193, 50.914023167839879 ], [ 6.713567317899201, 50.913997998210235 ], [ 6.713490514810086, 50.913986483029767 ], [ 6.713480909696803, 50.914011766122009 ] ] ] ] } },
{ "type": "Feature", "properties": { "fid": 60191.0, "oid": "DENW41AL30008KKLBL", "aktualit": "2024-08-20", "gebnutzbez": "Gebäude", "funktion": "Wohngebäude", "gfkzshh": "31001_1000", "rellage": null, "name": null, "anzahlgs": null, "gmdschl": "05362032", "lagebeztxt": "Höhenweg 12, 16, 18", "bld area": 391, "flstkennz_": "05468200800755______", "area": 1155 }, "geometry": { "type": "MultiPolygon", "coordinates": [ [ [ [ 6.713792972813986, 50.914249118087639 ], [ 6.713801516572773, 50.914250418715817 ], [ 6.713793925004107, 50.91427032683147 ], [ 6.713821010610096, 50.914274455073958 ], [ 6.713817618120054, 50.914283292770882 ], [ 6.713862524655497, 50.91429015354619 ], [ 6.713865884746292, 50.914281396160206 ], [ 6.713896979737497, 50.914286160560223 ], [ 6.71389362097346, 50.914294890990774 ], [ 6.713938539543652, 50.914301796942873 ], [ 6.713941898740289, 50.914293057525484 ], [ 6.713963348356152, 50.914296355805 ], [ 6.714025230338089, 50.914272402486858 ], [ 6.714048101386328, 50.914296046256162 ], [ 6.71410714107799, 50.914273188464783 ], [ 6.714084394409904, 50.914249619096182 ], [ 6.714145806899483, 50.914225953323687 ], [ 6.714158734495996, 50.914192091930722 ], [ 6.714176160059936, 50.914194762712796 ], [ 6.714205899479032, 50.914116583911081 ], [ 6.714188511738956, 50.914114012809137 ], [ 6.714032411660685, 50.914090763482243 ], [ 6.714011791013401, 50.914146024023665 ], [ 6.713914174724247, 50.914182948366538 ], [ 6.713831779641842, 50.914170568368014 ], [ 6.713815277232098, 50.914214370125443 ], [ 6.71380670461174, 50.91421307792691 ], [ 6.713792972813986, 50.914249118087639 ] ] ] ] } },
{ "type": "Feature", "properties": { "fid": 59865.0, "oid": "DENW41AL30008JsZBL", "aktualit": "2024-08-20", "gebnutzbez": "Gebäude", "funktion": "Gebäude zum Parken", "gfkzshh": "31001_2460", "rellage": null, "name": null, "anzahlgs": null, "gmdschl": "05362032", "lagebeztxt": null, "bld area": 18, "flstkennz_": "05468200800755______", "area": 1155 }, "geometry": { "type": "MultiPolygon", "coordinates": [ [ [ [ 6.714055578568576, 50.914445838266921 ], [ 6.714084971010951, 50.914396926694835 ], [ 6.714045035282553, 50.914387339227638 ], [ 6.714014847077483, 50.914437510577834 ], [ 6.714020679224301, 50.914438912455651 ], [ 6.714055578568576, 50.914445838266921 ] ] ] ] } },
{ "type": "Feature", "properties": { "fid": 275845.0, "oid": "DENW41AL30008N9QBL", "aktualit": "2024-08-20", "gebnutzbez": "Gebäude", "funktion": "Gebäude zum Parken", "gfkzshh": "31001_2460", "rellage": null, "name": null, "anzahlgs": null, "gmdschl": "05362032", "lagebeztxt": null, "bld area": 18, "flstkennz_": "05468200800755______", "area": 1155 }, "geometry": { "type": "MultiPolygon", "coordinates": [ [ [ [ 6.713935187042666, 50.91441837569986 ], [ 6.713975024158567, 50.91442794328475 ], [ 6.714005127998332, 50.9143777523038 ], [ 6.713965333119092, 50.91436819455032 ], [ 6.713935187042666, 50.91441837569986 ] ] ] ] } },
{ "type": "Feature", "properties": { "fid": 276618.0, "oid": "DENW41AL30008O0hBL", "aktualit": "2024-08-20", "gebnutzbez": "Gebäude", "funktion": "Gebäude zum Parken", "gfkzshh": "31001_2460", "rellage": null, "name": null, "anzahlgs": null, "gmdschl": "05362032", "lagebeztxt": null, "bld area": 18, "flstkennz_": "05468200800755______", "area": 1155 }, "geometry": { "type": "MultiPolygon", "coordinates": [ [ [ [ 6.713975024158567, 50.91442794328475 ], [ 6.714014847077483, 50.914437510577834 ], [ 6.714045035282553, 50.914387339227638 ], [ 6.714005127998332, 50.9143777523038 ], [ 6.713975024158567, 50.91442794328475 ] ] ] ] } },
{ "type": "Feature", "properties": { "fid": 63006.0, "oid": "DENW41AL30008OLpBL", "aktualit": "2024-08-20", "gebnutzbez": "Gebäude", "funktion": "Wohngebäude", "gfkzshh": "31001_1000", "rellage": null, "name": null, "anzahlgs": null, "gmdschl": "05362032", "lagebeztxt": "Kirschkaul 1, 3, 5", "bld area": 495, "flstkennz_": "05468200800839______", "area": 2258 }, "geometry": { "type": "MultiPolygon", "coordinates": [ [ [ [ 6.712477819988202, 50.913666270344414 ], [ 6.712497132131022, 50.913673691266702 ], [ 6.712691621263772, 50.913748448775088 ], [ 6.712721141099936, 50.913717727884872 ], [ 6.712935625299764, 50.913799919247971 ], [ 6.71296513255982, 50.913769162074217 ], [ 6.713178956451521, 50.913851196138999 ], [ 6.71324813169848, 50.913779177784697 ], [ 6.713034449701209, 50.913697155619253 ], [ 6.713005000268527, 50.91372789595529 ], [ 6.712790095153554, 50.913645588538962 ], [ 6.712760659368278, 50.913676338075952 ], [ 6.712546330633583, 50.913594185407391 ], [ 6.712477819988202, 50.913666270344414 ] ] ] ] } },
{ "type": "Feature", "properties": { "fid": 159976.0, "oid": "DENW41AL30008MunBL", "aktualit": "2024-08-20", "gebnutzbez": "Gebäude", "funktion": "Gebäude zum Parken", "gfkzshh": "31001_2460", "rellage": null, "name": null, "anzahlgs": null, "gmdschl": "05362032", "lagebeztxt": null, "bld area": 75, "flstkennz_": "05468200800839______", "area": 2258 }, "geometry": { "type": "MultiPolygon", "coordinates": [ [ [ [ 6.712365596198079, 50.913786651119068 ], [ 6.71243351478612, 50.913800322364899 ], [ 6.712497132131022, 50.913673691266702 ], [ 6.71242785428201, 50.913659309861096 ], [ 6.712365596198079, 50.913786651119068 ] ] ] ] } },
{ "type": "Feature", "properties": { "fid": 63855.0, "oid": "DENW41ALEW00003nBL", "aktualit": "2024-08-20", "gebnutzbez": "Gebäude", "funktion": "Gebäude zum Parken", "gfkzshh": "31001_2460", "rellage": null, "name": null, "anzahlgs": null, "gmdschl": "05362032", "lagebeztxt": null, "bld area": 270, "flstkennz_": "05468200800706______", "area": 5783 }, "geometry": { "type": "MultiPolygon", "coordinates": [ [ [ [ 6.712260724261014, 50.914495596790971 ], [ 6.71273336568491, 50.91458681529457 ], [ 6.712905226543317, 50.914598835799943 ], [ 6.712929532880801, 50.914548522478185 ], [ 6.712893547004082, 50.914546009430218 ], [ 6.712749930455197, 50.914535963535045 ], [ 6.7123327350183, 50.914455446679192 ], [ 6.712284604268691, 50.914446156662812 ], [ 6.712260724261014, 50.914495596790971 ] ] ] ] } },
{ "type": "Feature", "properties": { "fid": 158747.0, "oid": "DENW41AL30008KRqBL", "aktualit": "2024-08-20", "gebnutzbez": "Gebäude", "funktion": "Wohngebäude", "gfkzshh": "31001_1000", "rellage": null, "name": null, "anzahlgs": null, "gmdschl": "05362032", "lagebeztxt": "Mittelstraße 9 a, 11", "bld area": 727, "flstkennz_": "05468200800706______", "area": 5783 }, "geometry": { "type": "MultiPolygon", "coordinates": [ [ [ [ 6.712127521036908, 50.914259067012061 ], [ 6.712290703871607, 50.914290480468992 ], [ 6.712325206221406, 50.914297128890979 ], [ 6.712326236767991, 50.914294972520672 ], [ 6.712641932910737, 50.914355763721979 ], [ 6.712640888604239, 50.914357910831178 ], [ 6.712674869998505, 50.914364450003241 ], [ 6.712675899649259, 50.914362311600591 ], [ 6.712815616631374, 50.914389199062555 ], [ 6.712826864047843, 50.914365540165122 ], [ 6.712847261585078, 50.914369402647566 ], [ 6.712891347504192, 50.914276656076566 ], [ 6.712870954409739, 50.914272703747642 ], [ 6.712762727489319, 50.914251811993111 ], [ 6.71264839728579, 50.914229757198925 ], [ 6.712654129602358, 50.914217889413237 ], [ 6.712435898187411, 50.91417580972503 ], [ 6.712430180916226, 50.914187659807126 ], [ 6.71234725230805, 50.914171661665804 ], [ 6.712184087144843, 50.914140185672665 ], [ 6.712127521036908, 50.914259067012061 ] ] ] ] } },
{ "type": "Feature", "properties": { "fid": 272345.0, "oid": "DENW41AL30008JEGBL", "aktualit": "2024-08-20", "gebnutzbez": "Gebäude", "funktion": "Wohngebäude", "gfkzshh": "31001_1000", "rellage": null, "name": null, "anzahlgs": null, "gmdschl": "05362032", "lagebeztxt": "Mittelstraße 13 a", "bld area": 218, "flstkennz_": "05468200800706______", "area": 5783 }, "geometry": { "type": "MultiPolygon", "coordinates": [ [ [ [ 6.712184087144843, 50.914140185672665 ], [ 6.71234725230805, 50.914171661665804 ], [ 6.712420211352371, 50.914018474277405 ], [ 6.712330203263907, 50.914000916283015 ], [ 6.712333322427348, 50.91399446569951 ], [ 6.71226005345559, 50.913980518624967 ], [ 6.712184087144843, 50.914140185672665 ] ] ] ] } },
{ "type": "Feature", "properties": { "fid": 274503.0, "oid": "DENW41AL30008LdsBL", "aktualit": "2024-08-20", "gebnutzbez": "Gebäude", "funktion": "Wohngebäude", "gfkzshh": "31001_1000", "rellage": null, "name": null, "anzahlgs": null, "gmdschl": "05362032", "lagebeztxt": "Mittelstraße 9", "bld area": 352, "flstkennz_": "05468200800706______", "area": 5783 }, "geometry": { "type": "MultiPolygon", "coordinates": [ [ [ [ 6.712012993672645, 50.914495668999564 ], [ 6.712171975199212, 50.914519643076744 ], [ 6.712179573251052, 50.914520790372691 ], [ 6.712197453696627, 50.914483734443415 ], [ 6.712219722258484, 50.914488029454787 ], [ 6.712252941301035, 50.914419327170478 ], [ 6.712230969052024, 50.914415082944402 ], [ 6.712241198777223, 50.914393904510554 ], [ 6.712263185230987, 50.914398149013209 ], [ 6.712296535480772, 50.914329089524571 ], [ 6.712274224345823, 50.914324793692742 ], [ 6.712290703871607, 50.914290480468992 ], [ 6.712127521036908, 50.914259067012061 ], [ 6.712111002288989, 50.914293307491917 ], [ 6.712012993672645, 50.914495668999564 ] ] ] ] } },
{ "type": "Feature", "properties": { "fid": 278023.0, "oid": "DENW41ALEW00003tBL", "aktualit": "2024-08-20", "gebnutzbez": "Gebäude", "funktion": "Gebäude zum Parken", "gfkzshh": "31001_2460", "rellage": null, "name": null, "anzahlgs": null, "gmdschl": "05362032", "lagebeztxt": null, "bld area": 230, "flstkennz_": "05468200800706______", "area": 5783 }, "geometry": { "type": "MultiPolygon", "coordinates": [ [ [ [ 6.712309514333151, 50.914394569144072 ], [ 6.71285355516826, 50.914499562645418 ], [ 6.712877420339829, 50.914450122109294 ], [ 6.712333394234223, 50.914345129003785 ], [ 6.712309514333151, 50.914394569144072 ] ] ] ] } },
{ "type": "Feature", "properties": { "fid": 160664.0, "oid": "DENW41AL30008OHTBL", "aktualit": "2024-08-20", "gebnutzbez": "Gebäude", "funktion": "Wohngebäude", "gfkzshh": "31001_1000", "rellage": null, "name": null, "anzahlgs": null, "gmdschl": "05362032", "lagebeztxt": "Mittelstraße 13", "bld area": 234, "flstkennz_": "05468200800706______", "area": 5783 }, "geometry": { "type": "MultiPolygon", "coordinates": [ [ [ [ 6.712857340047209, 50.914114563542022 ], [ 6.713018493328207, 50.914145585436174 ], [ 6.713044976871944, 50.91415067342399 ], [ 6.713073013046142, 50.914092761198184 ], [ 6.713100255288693, 50.914098043923218 ], [ 6.713112870478403, 50.914072019371631 ], [ 6.713085641581835, 50.914066754899153 ], [ 6.713113746842693, 50.914008592182633 ], [ 6.712925874626895, 50.913972360870773 ], [ 6.712857340047209, 50.914114563542022 ] ] ] ] } },
{ "type": "Feature", "properties": { "fid": 160998.0, "oid": "DENW41AL30008OwUBL", "aktualit": "2024-08-20", "gebnutzbez": "Gebäude", "funktion": "Wohngebäude", "gfkzshh": "31001_1000", "rellage": null, "name": null, "anzahlgs": null, "gmdschl": "05362032", "lagebeztxt": "Mittelstraße 11 a", "bld area": 238, "flstkennz_": "05468200800706______", "area": 5783 }, "geometry": { "type": "MultiPolygon", "coordinates": [ [ [ [ 6.712762727489319, 50.914251811993111 ], [ 6.712870954409739, 50.914272703747642 ], [ 6.712891347504192, 50.914276656076566 ], [ 6.71294968208882, 50.914287917647776 ], [ 6.712977863575342, 50.914229657522604 ], [ 6.713022288228278, 50.914238218057683 ], [ 6.713034737458478, 50.91421238813242 ], [ 6.712990383895682, 50.914203828995042 ], [ 6.713018493328207, 50.914145585436174 ], [ 6.712857340047209, 50.914114563542022 ], [ 6.712830741955659, 50.914109491254543 ], [ 6.712762727489319, 50.914251811993111 ] ] ] ] } },
{ "type": "Feature", "properties": { "fid": 59777.0, "oid": "DENW41AL30008JlpBL", "aktualit": "2024-08-20", "gebnutzbez": "Gebäude", "funktion": "Gebäude zum Parken", "gfkzshh": "31001_2460", "rellage": null, "name": null, "anzahlgs": null, "gmdschl": "05362032", "lagebeztxt": null, "bld area": 16, "flstkennz_": "05468202000222______", "area": 745 }, "geometry": { "type": "MultiPolygon", "coordinates": [ [ [ [ 6.707065993600629, 50.909306139921625 ], [ 6.707104748428746, 50.909309536661766 ], [ 6.707116220987516, 50.909257308418972 ], [ 6.707077466201714, 50.909253911683159 ], [ 6.707065993600629, 50.909306139921625 ] ] ] ] } },
{ "type": "Feature", "properties": { "fid": 160905.0, "oid": "DENW41AL30008OlcBL", "aktualit": "2024-08-20", "gebnutzbez": "Gebäude", "funktion": "Wohngebäude", "gfkzshh": "31001_1000", "rellage": null, "name": null, "anzahlgs": null, "gmdschl": "05362032", "lagebeztxt": "Heinrich-Heine-Straße 4", "bld area": 102, "flstkennz_": "05468202000222______", "area": 745 }, "geometry": { "type": "MultiPolygon", "coordinates": [ [ [ [ 6.707097128755712, 50.909342710131099 ], [ 6.707163652018438, 50.909349008904123 ], [ 6.707162353580732, 50.909357770639403 ], [ 6.707229920258003, 50.909364548574658 ], [ 6.707252764035906, 50.909265621452882 ], [ 6.70711841597161, 50.909252881472781 ], [ 6.707097128755712, 50.909342710131099 ] ] ] ] } },
{ "type": "Feature", "properties": { "fid": 62669.0, "oid": "DENW41AL30008NsuBL", "aktualit": "2024-08-20", "gebnutzbez": "Gebäude", "funktion": "Gebäude zum Parken", "gfkzshh": "31001_2460", "rellage": null, "name": null, "anzahlgs": null, "gmdschl": "05362032", "lagebeztxt": null, "bld area": 27, "flstkennz_": "05468202000212______", "area": 492 }, "geometry": { "type": "MultiPolygon", "coordinates": [ [ [ [ 6.707076609244825, 50.90988199857641 ], [ 6.707080300896402, 50.90988214306379 ], [ 6.707075939931694, 50.9099260026019 ], [ 6.70711840391917, 50.909928329960245 ], [ 6.707126140077123, 50.909851402433446 ], [ 6.707079780837063, 50.909849601148018 ], [ 6.707076609244825, 50.90988199857641 ] ] ] ] } },
{ "type": "Feature", "properties": { "fid": 160864.0, "oid": "DENW41AL30008OgeBL", "aktualit": "2024-08-20", "gebnutzbez": "Gebäude", "funktion": "Gebäude zum Parken", "gfkzshh": "31001_2460", "rellage": null, "name": null, "anzahlgs": null, "gmdschl": "05362032", "lagebeztxt": null, "bld area": 32, "flstkennz_": "05468202000212______", "area": 492 }, "geometry": { "type": "MultiPolygon", "coordinates": [ [ [ [ 6.70711840391917, 50.909928329960245 ], [ 6.707158696652541, 50.90992939144428 ], [ 6.70716255870845, 50.909893364965477 ], [ 6.707164688338284, 50.909893451777975 ], [ 6.70716691804734, 50.909869796105482 ], [ 6.707168337947075, 50.909869850985281 ], [ 6.707171715132171, 50.909832690715653 ], [ 6.707128175751335, 50.909831115740474 ], [ 6.707126140077123, 50.909851402433446 ], [ 6.70711840391917, 50.909928329960245 ] ] ] ] } },
{ "type": "Feature", "properties": { "fid": 274476.0, "oid": "DENW41AL30008LbrBL", "aktualit": "2024-08-20", "gebnutzbez": "Gebäude", "funktion": "Wohngebäude", "gfkzshh": "31001_1000", "rellage": null, "name": null, "anzahlgs": null, "gmdschl": "05362032", "lagebeztxt": "Grabenweg 17", "bld area": 86, "flstkennz_": "05468202000212______", "area": 492 }, "geometry": { "type": "MultiPolygon", "coordinates": [ [ [ [ 6.706957016237365, 50.909973349363149 ], [ 6.707070806542448, 50.909977761779899 ], [ 6.707075939931694, 50.9099260026019 ], [ 6.707080300896402, 50.90988214306379 ], [ 6.707076609244825, 50.90988199857641 ], [ 6.706966314060159, 50.909877681822465 ], [ 6.706957016237365, 50.909973349363149 ] ] ] ] } },
{ "type": "Feature", "properties": { "fid": 275797.0, "oid": "DENW41AL30008N61BL", "aktualit": "2024-08-20", "gebnutzbez": "Gebäude", "funktion": "Gebäude zum Parken", "gfkzshh": "31001_2460", "rellage": null, "name": null, "anzahlgs": null, "gmdschl": "05362032", "lagebeztxt": null, "bld area": 23, "flstkennz_": "05468202000211______", "area": 490 }, "geometry": { "type": "MultiPolygon", "coordinates": [ [ [ [ 6.706806388418435, 50.909914086404541 ], [ 6.706849167544543, 50.909915790466009 ], [ 6.706853268945336, 50.909873742644777 ], [ 6.706859231462538, 50.909873994720847 ], [ 6.706861297270605, 50.909851361161046 ], [ 6.706812748917906, 50.90984952574717 ], [ 6.706806388418435, 50.909914086404541 ] ] ] ] } },
{ "type": "Feature", "properties": { "fid": 62315.0, "oid": "DENW41AL30008NOKBL", "aktualit": "2024-08-20", "gebnutzbez": "Gebäude", "funktion": "Wohngebäude", "gfkzshh": "31001_1000", "rellage": null, "name": null, "anzahlgs": null, "gmdschl": "05362032", "lagebeztxt": "Grabenweg 19", "bld area": 85, "flstkennz_": "05468202000211______", "area": 490 }, "geometry": { "type": "MultiPolygon", "coordinates": [ [ [ [ 6.706844140478911, 50.909969143682623 ], [ 6.706957016237365, 50.909973349363149 ], [ 6.706966314060159, 50.909877681822465 ], [ 6.706859231462538, 50.909873994720847 ], [ 6.706853268945336, 50.909873742644777 ], [ 6.706849167544543, 50.909915790466009 ], [ 6.706844140478911, 50.909969143682623 ] ] ] ] } },
{ "type": "Feature", "properties": { "fid": 60636.0, "oid": "DENW41AL30008KxvBL", "aktualit": "2024-08-20", "gebnutzbez": "Gebäude", "funktion": "Wohngebäude", "gfkzshh": "31001_1000", "rellage": null, "name": null, "anzahlgs": null, "gmdschl": "05362032", "lagebeztxt": "Wiesenstraße 24", "bld area": 82, "flstkennz_": "054682021000960007__", "area": 240 }, "geometry": { "type": "MultiPolygon", "coordinates": [ [ [ [ 6.706503315836727, 50.91274463868281 ], [ 6.706589141953347, 50.912771059167092 ], [ 6.70662349144241, 50.912781645705344 ], [ 6.706677855053089, 50.912710410403818 ], [ 6.706643932955004, 50.912700102103329 ], [ 6.706557414986547, 50.912673865932305 ], [ 6.706503315836727, 50.91274463868281 ] ] ] ] } },
{ "type": "Feature", "properties": { "fid": 62985.0, "oid": "DENW41AL30008OK7BL", "aktualit": "2024-08-20", "gebnutzbez": "Gebäude", "funktion": "Gebäude für Land- und Forstwirtschaft", "gfkzshh": "31001_2700", "rellage": null, "name": null, "anzahlgs": null, "gmdschl": "05362032", "lagebeztxt": null, "bld area": 11, "flstkennz_": "054682021000960007__", "area": 240 }, "geometry": { "type": "MultiPolygon", "coordinates": [ [ [ [ 6.70644640576999, 50.912804581224272 ], [ 6.706487394197221, 50.912822502559102 ], [ 6.70651354940986, 50.912798651544975 ], [ 6.706472491252846, 50.912780701866474 ], [ 6.70644640576999, 50.912804581224272 ] ] ] ] } },
{ "type": "Feature", "properties": { "fid": 159913.0, "oid": "DENW41AL30008MmTBL", "aktualit": "2024-08-20", "gebnutzbez": "Gebäude", "funktion": "Wohngebäude", "gfkzshh": "31001_1000", "rellage": null, "name": null, "anzahlgs": null, "gmdschl": "05362032", "lagebeztxt": "Am Kalkofen 25", "bld area": 68, "flstkennz_": "054682021000870007__", "area": 280 }, "geometry": { "type": "MultiPolygon", "coordinates": [ [ [ [ 6.706184243487207, 50.913069350752693 ], [ 6.70627715236639, 50.913103636615418 ], [ 6.706341363252753, 50.913033242588277 ], [ 6.706301285148045, 50.913018505021192 ], [ 6.706250670171521, 50.91299989973777 ], [ 6.706184243487207, 50.913069350752693 ] ] ] ] } },
{ "type": "Feature", "properties": { "fid": 273261.0, "oid": "DENW41AL30008KFdBL", "aktualit": "2024-08-20", "gebnutzbez": "Gebäude", "funktion": "Gebäude zum Parken", "gfkzshh": "31001_2460", "rellage": null, "name": null, "anzahlgs": null, "gmdschl": "05362032", "lagebeztxt": null, "bld area": 23, "flstkennz_": "054682021000870007__", "area": 280 }, "geometry": { "type": "MultiPolygon", "coordinates": [ [ [ [ 6.706360148962609, 50.912982489297427 ], [ 6.706409471301509, 50.913000475517251 ], [ 6.706439907248907, 50.9129671119384 ], [ 6.706450358052058, 50.912955660967505 ], [ 6.706401021530486, 50.912937674485917 ], [ 6.706360148962609, 50.912982489297427 ] ] ] ] } },
{ "type": "Feature", "properties": { "fid": 275749.0, "oid": "DENW41AL30008N2kBL", "aktualit": "2024-08-20", "gebnutzbez": "Gebäude", "funktion": "Wohngebäude", "gfkzshh": "31001_1000", "rellage": null, "name": null, "anzahlgs": null, "gmdschl": "05362032", "lagebeztxt": null, "bld area": 14, "flstkennz_": "054682021000870007__", "area": 280 }, "geometry": { "type": "MultiPolygon", "coordinates": [ [ [ [ 6.706250670171521, 50.91299989973777 ], [ 6.706301285148045, 50.913018505021192 ], [ 6.706327155941207, 50.91299147353817 ], [ 6.706276540982983, 50.912972868266131 ], [ 6.706250670171521, 50.91299989973777 ] ] ] ] } },
{ "type": "Feature", "properties": { "fid": 159664.0, "oid": "DENW41AL30008MIiBL", "aktualit": "2024-08-20", "gebnutzbez": "Gebäude", "funktion": "Wohngebäude", "gfkzshh": "31001_1000", "rellage": null, "name": null, "anzahlgs": null, "gmdschl": "05362032", "lagebeztxt": "Am Kalkofen 23", "bld area": 54, "flstkennz_": "054682021000880007__", "area": 271 }, "geometry": { "type": "MultiPolygon", "coordinates": [ [ [ [ 6.706333586490578, 50.913124263007631 ], [ 6.70642064629, 50.913156275209694 ], [ 6.706474451945009, 50.913097270015811 ], [ 6.70638732247572, 50.913065229501548 ], [ 6.706333586490578, 50.913124263007631 ] ] ] ] } },
{ "type": "Feature", "properties": { "fid": 273528.0, "oid": "DENW41AL30008KYNBL", "aktualit": "2024-08-20", "gebnutzbez": "Gebäude", "funktion": "Gebäude zum Parken", "gfkzshh": "31001_2460", "rellage": null, "name": null, "anzahlgs": null, "gmdschl": "05362032", "lagebeztxt": null, "bld area": 19, "flstkennz_": "054682021000880007__", "area": 271 }, "geometry": { "type": "MultiPolygon", "coordinates": [ [ [ [ 6.706394132094014, 50.913017307820859 ], [ 6.706430552647474, 50.913030624356693 ], [ 6.70644593581167, 50.913013765929932 ], [ 6.706476341990354, 50.912980428739026 ], [ 6.706439907248907, 50.9129671119384 ], [ 6.706409471301509, 50.913000475517251 ], [ 6.706394132094014, 50.913017307820859 ] ] ] ] } },
{ "type": "Feature", "properties": { "fid": 61872.0, "oid": "DENW41AL30008Mk8BL", "aktualit": "2024-08-20", "gebnutzbez": "Gebäude", "funktion": "Wohngebäude", "gfkzshh": "31001_1000", "rellage": null, "name": null, "anzahlgs": null, "gmdschl": "05362032", "lagebeztxt": "Adenauerstraße 14", "bld area": 112, "flstkennz_": "05468202100339______", "area": 417 }, "geometry": { "type": "MultiPolygon", "coordinates": [ [ [ [ 6.707669169674949, 50.911777096103215 ], [ 6.707669463465317, 50.9117809603461 ], [ 6.707670914677781, 50.911784721406605 ], [ 6.707673473526841, 50.911788234401044 ], [ 6.707677046705218, 50.911791371579007 ], [ 6.707681511155053, 50.911794031588045 ], [ 6.707686702063048, 50.91179609426726 ], [ 6.707692423540513, 50.911797492810024 ], [ 6.707698464602626, 50.911798178101421 ], [ 6.707702089759978, 50.911798231320866 ], [ 6.707705712185902, 50.91179805063976 ], [ 6.707709275028986, 50.911797634941394 ], [ 6.707712749863496, 50.911796983667415 ], [ 6.707716107380522, 50.911796114230349 ], [ 6.707719291170259, 50.911795016528096 ], [ 6.707756307637762, 50.911797353562449 ], [ 6.707756474330386, 50.911796277543807 ], [ 6.707766033913358, 50.911796870049059 ], [ 6.707762546700724, 50.911819484690888 ], [ 6.707814556585424, 50.911822718813013 ], [ 6.707818109538542, 50.911800213390329 ], [ 6.707819541944556, 50.911800304483862 ], [ 6.707830803290745, 50.911736739467401 ], [ 6.70782374340951, 50.91173623204196 ], [ 6.707828596866319, 50.911709264103266 ], [ 6.707714947529128, 50.9117018961634 ], [ 6.707709936473771, 50.91173091165863 ], [ 6.707673966429385, 50.911728415281786 ], [ 6.707669169674949, 50.911777096103215 ] ] ] ] } },
{ "type": "Feature", "properties": { "fid": 276394.0, "oid": "DENW41AL30008NkmBL", "aktualit": "2024-08-20", "gebnutzbez": "Gebäude", "funktion": "Gebäude für Land- und Forstwirtschaft", "gfkzshh": "31001_2700", "rellage": null, "name": null, "anzahlgs": null, "gmdschl": "05362032", "lagebeztxt": null, "bld area": 8, "flstkennz_": "05468202100339______", "area": 417 }, "geometry": { "type": "MultiPolygon", "coordinates": [ [ [ [ 6.707637935293895, 50.911927475635792 ], [ 6.707680692180124, 50.911930249241067 ], [ 6.707684200279241, 50.911907500100391 ], [ 6.707641639302532, 50.911904793303286 ], [ 6.707637935293895, 50.911927475635792 ] ] ] ] } },
{ "type": "Feature", "properties": { "fid": 274515.0, "oid": "DENW41AL30008LepBL", "aktualit": "2024-08-20", "gebnutzbez": "Gebäude", "funktion": "Gebäude für Land- und Forstwirtschaft", "gfkzshh": "31001_2700", "rellage": null, "name": null, "anzahlgs": null, "gmdschl": "05362032", "lagebeztxt": null, "bld area": 40, "flstkennz_": "05468202100373______", "area": 254 }, "geometry": { "type": "MultiPolygon", "coordinates": [ [ [ [ 6.70783151760345, 50.911959879301747 ], [ 6.707849777000367, 50.911961191317388 ], [ 6.707841505356901, 50.912006763883646 ], [ 6.707877221725877, 50.912009794871175 ], [ 6.707883834049793, 50.91197830146524 ], [ 6.707926381588657, 50.911981862349577 ], [ 6.707928730094273, 50.911970548919136 ], [ 6.707960001254668, 50.911973132810296 ], [ 6.707963988426883, 50.911948738155814 ], [ 6.707837449437631, 50.91194049658818 ], [ 6.707835039429234, 50.911940323334626 ], [ 6.70783151760345, 50.911959879301747 ] ] ] ] } },
{ "type": "Feature", "properties": { "fid": 275849.0, "oid": "DENW41AL30008N9bBL", "aktualit": "2024-08-20", "gebnutzbez": "Gebäude", "funktion": "Wohngebäude", "gfkzshh": "31001_1000", "rellage": null, "name": null, "anzahlgs": null, "gmdschl": "05362032", "lagebeztxt": "Herderstraße 12", "bld area": 58, "flstkennz_": "05468202100373______", "area": 254 }, "geometry": { "type": "MultiPolygon", "coordinates": [ [ [ [ 6.707877221725877, 50.912009794871175 ], [ 6.70802229786537, 50.912020648989049 ], [ 6.708032512335945, 50.911953195930366 ], [ 6.707980226419282, 50.91194978559723 ], [ 6.707963988426883, 50.911948738155814 ], [ 6.707960001254668, 50.911973132810296 ], [ 6.707928730094273, 50.911970548919136 ], [ 6.707926381588657, 50.911981862349577 ], [ 6.707883834049793, 50.91197830146524 ], [ 6.707877221725877, 50.912009794871175 ] ] ] ] } },
{ "type": "Feature", "properties": { "fid": 159843.0, "oid": "DENW41AL30008MdhBL", "aktualit": "2024-08-20", "gebnutzbez": "Gebäude", "funktion": "Wohngebäude", "gfkzshh": "31001_1000", "rellage": null, "name": null, "anzahlgs": null, "gmdschl": "05362032", "lagebeztxt": "Adenauerstraße 12", "bld area": 96, "flstkennz_": "05468202100336______", "area": 298 }, "geometry": { "type": "MultiPolygon", "coordinates": [ [ [ [ 6.70789934030925, 50.911818510923005 ], [ 6.707918522541391, 50.911833467125426 ], [ 6.707943810714403, 50.911835339899973 ], [ 6.707941870777448, 50.911846445496842 ], [ 6.707992796639748, 50.911850027006743 ], [ 6.707995513814233, 50.911825130720331 ], [ 6.707999843576031, 50.91179984338212 ], [ 6.708003096992558, 50.911799934261708 ], [ 6.708014994800312, 50.911721964176031 ], [ 6.707965496622407, 50.91171857260904 ], [ 6.707967490498899, 50.911706658601425 ], [ 6.707923947151731, 50.911703680777045 ], [ 6.707921981689924, 50.911715595342073 ], [ 6.70792121596401, 50.911715544326221 ], [ 6.707907118569828, 50.9117919511976 ], [ 6.707903554211855, 50.911793266282935 ], [ 6.70789934030925, 50.911818510923005 ] ] ] ] } },
{ "type": "Feature", "properties": { "fid": 275916.0, "oid": "DENW41AL30008NEeBL", "aktualit": "2024-08-20", "gebnutzbez": "Gebäude", "funktion": "Gebäude zum Parken", "gfkzshh": "31001_2460", "rellage": null, "name": null, "anzahlgs": null, "gmdschl": "05362032", "lagebeztxt": null, "bld area": 32, "flstkennz_": "054682021002680053__", "area": 300 }, "geometry": { "type": "MultiPolygon", "coordinates": [ [ [ [ 6.707981013343112, 50.911949405311894 ], [ 6.708060797123421, 50.911954596879546 ], [ 6.708067721136234, 50.911903439474287 ], [ 6.707988817315851, 50.911898292175628 ], [ 6.707981013343112, 50.911949405311894 ] ] ] ] } },
{ "type": "Feature", "properties": { "fid": 159843.0, "oid": "DENW41AL30008MdhBL", "aktualit": "2024-08-20", "gebnutzbez": "Gebäude", "funktion": "Wohngebäude", "gfkzshh": "31001_1000", "rellage": null, "name": null, "anzahlgs": null, "gmdschl": "05362032", "lagebeztxt": "Adenauerstraße 12", "bld area": 96, "flstkennz_": "054682021002680053__", "area": 300 }, "geometry": { "type": "MultiPolygon", "coordinates": [ [ [ [ 6.70789934030925, 50.911818510923005 ], [ 6.707918522541391, 50.911833467125426 ], [ 6.707943810714403, 50.911835339899973 ], [ 6.707941870777448, 50.911846445496842 ], [ 6.707992796639748, 50.911850027006743 ], [ 6.707995513814233, 50.911825130720331 ], [ 6.707999843576031, 50.91179984338212 ], [ 6.708003096992558, 50.911799934261708 ], [ 6.708014994800312, 50.911721964176031 ], [ 6.707965496622407, 50.91171857260904 ], [ 6.707967490498899, 50.911706658601425 ], [ 6.707923947151731, 50.911703680777045 ], [ 6.707921981689924, 50.911715595342073 ], [ 6.70792121596401, 50.911715544326221 ], [ 6.707907118569828, 50.9117919511976 ], [ 6.707903554211855, 50.911793266282935 ], [ 6.70789934030925, 50.911818510923005 ] ] ] ] } },
{ "type": "Feature", "properties": { "fid": 277371.0, "oid": "DENW41AL30008OnsBL", "aktualit": "2024-08-20", "gebnutzbez": "Gebäude", "funktion": "Wohngebäude", "gfkzshh": "31001_1000", "rellage": null, "name": null, "anzahlgs": null, "gmdschl": "05362032", "lagebeztxt": "Adenauerstraße 10", "bld area": 68, "flstkennz_": "054682021002680053__", "area": 300 }, "geometry": { "type": "MultiPolygon", "coordinates": [ [ [ [ 6.708003096992558, 50.911799934261708 ], [ 6.708103788648938, 50.911807542117174 ], [ 6.708117811681013, 50.911716428399423 ], [ 6.708065629842564, 50.911712642394242 ], [ 6.708064095468614, 50.911725338920959 ], [ 6.708014994800312, 50.911721964176031 ], [ 6.708003096992558, 50.911799934261708 ] ] ] ] } },
{ "type": "Feature", "properties": { "fid": 274846.0, "oid": "DENW41AL30008M1rBL", "aktualit": "2024-08-20", "gebnutzbez": "Gebäude", "funktion": "Gebäude zum Parken", "gfkzshh": "31001_2460", "rellage": null, "name": null, "anzahlgs": null, "gmdschl": "05362032", "lagebeztxt": null, "bld area": 30, "flstkennz_": "054682021002790052__", "area": 426 }, "geometry": { "type": "MultiPolygon", "coordinates": [ [ [ [ 6.707460360240845, 50.911881715061952 ], [ 6.70751613577599, 50.911885329091419 ], [ 6.707526863567624, 50.911818155978025 ], [ 6.707471088111643, 50.911814541954683 ], [ 6.707460360240845, 50.911881715061952 ] ] ] ] } },
{ "type": "Feature", "properties": { "fid": 60389.0, "oid": "DENW41AL30008KcBBL", "aktualit": "2024-08-20", "gebnutzbez": "Gebäude", "funktion": "Wohngebäude", "gfkzshh": "31001_1000", "rellage": null, "name": null, "anzahlgs": null, "gmdschl": "05362032", "lagebeztxt": "Adenauerstraße 16", "bld area": 87, "flstkennz_": "054682021002790052__", "area": 426 }, "geometry": { "type": "MultiPolygon", "coordinates": [ [ [ [ 6.70751036863025, 50.911781234925336 ], [ 6.707564194683719, 50.911784855607017 ], [ 6.707562907116925, 50.911792817081604 ], [ 6.707620023420035, 50.911796358464692 ], [ 6.707621232405694, 50.911788548345775 ], [ 6.707625685520886, 50.911788833690004 ], [ 6.7076407943464, 50.9116970667937 ], [ 6.707526072769745, 50.911689227901796 ], [ 6.70751036863025, 50.911781234925336 ] ] ] ] } },
{ "type": "Feature", "properties": { "fid": 272162.0, "oid": "DENW41AL2h30000oBL", "aktualit": "2024-08-20", "gebnutzbez": "Gebäude", "funktion": "Wohngebäude", "gfkzshh": "31001_1000", "rellage": null, "name": null, "anzahlgs": null, "gmdschl": "05362032", "lagebeztxt": "Herderstraße 12 a", "bld area": 108, "flstkennz_": "05468202100372______", "area": 291 }, "geometry": { "type": "MultiPolygon", "coordinates": [ [ [ [ 6.707813690132996, 50.912078602121028 ], [ 6.707937590649647, 50.912097117124951 ], [ 6.707941058790857, 50.912076336902359 ], [ 6.708013200916022, 50.912080703856674 ], [ 6.70802229786537, 50.912020648989049 ], [ 6.707877221725877, 50.912009794871175 ], [ 6.707836398066823, 50.912006762504404 ], [ 6.707813690132996, 50.912078602121028 ] ] ] ] } },
{ "type": "Feature", "properties": { "fid": 61261.0, "oid": "DENW41AL30008LrDBL", "aktualit": "2024-08-20", "gebnutzbez": "Gebäude", "funktion": "Gemischt genutztes Gebäude mit Wohnen", "gfkzshh": "31001_1100", "rellage": null, "name": null, "anzahlgs": null, "gmdschl": "05362032", "lagebeztxt": "Bahnhofstraße 20", "bld area": 257, "flstkennz_": "05468200800025______", "area": 385 }, "geometry": { "type": "MultiPolygon", "coordinates": [ [ [ [ 6.711662200007479, 50.915109311892721 ], [ 6.711933798671806, 50.915160174244043 ], [ 6.711979804832994, 50.915070100929697 ], [ 6.711873309564257, 50.915052453204453 ], [ 6.711879810546818, 50.915036814011941 ], [ 6.711823756884522, 50.915027476399302 ], [ 6.711837555528582, 50.914994459790329 ], [ 6.711726764062441, 50.914975936214681 ], [ 6.711662200007479, 50.915109311892721 ] ] ] ] } },
{ "type": "Feature", "properties": { "fid": 62569.0, "oid": "DENW41AL30008NjrBL", "aktualit": "2024-08-20", "gebnutzbez": "Gebäude", "funktion": "Gebäude für Wirtschaft oder Gewerbe", "gfkzshh": "31001_2000", "rellage": null, "name": null, "anzahlgs": null, "gmdschl": "05362032", "lagebeztxt": null, "bld area": 72, "flstkennz_": "05468200800858______", "area": 456 }, "geometry": { "type": "MultiPolygon", "coordinates": [ [ [ [ 6.712154020639929, 50.914831997884065 ], [ 6.712223796776676, 50.914833644571033 ], [ 6.712351994437251, 50.914836670273225 ], [ 6.712353085516792, 50.914794122598671 ], [ 6.712353170692145, 50.914790355741566 ], [ 6.712156946601358, 50.914785402860851 ], [ 6.712154020639929, 50.914831997884065 ] ] ] ] } },
{ "type": "Feature", "properties": { "fid": 159209.0, "oid": "DENW41AL30008LLlBL", "aktualit": "2024-08-20", "gebnutzbez": "Gebäude", "funktion": "Gemischt genutztes Gebäude mit Wohnen", "gfkzshh": "31001_1100", "rellage": null, "name": null, "anzahlgs": null, "gmdschl": "05362032", "lagebeztxt": "Mittelstraße 3", "bld area": 58, "flstkennz_": "05468200800858______", "area": 456 }, "geometry": { "type": "MultiPolygon", "coordinates": [ [ [ [ 6.711989099279553, 50.914827865240547 ], [ 6.712101013716238, 50.914830742866364 ], [ 6.712107027649901, 50.914784136429233 ], [ 6.712109612690384, 50.914765083644077 ], [ 6.712000212055889, 50.914761140041264 ], [ 6.711989099279553, 50.914827865240547 ] ] ] ] } },
{ "type": "Feature", "properties": { "fid": 160365.0, "oid": "DENW41AL30008NfcBL", "aktualit": "2024-08-20", "gebnutzbez": "Gebäude", "funktion": "Wohngebäude", "gfkzshh": "31001_1000", "rellage": null, "name": null, "anzahlgs": null, "gmdschl": "05362032", "lagebeztxt": null, "bld area": 19, "flstkennz_": "05468200800858______", "area": 456 }, "geometry": { "type": "MultiPolygon", "coordinates": [ [ [ [ 6.712101013716238, 50.914830742866364 ], [ 6.712102434656169, 50.914830779717185 ], [ 6.712154020639929, 50.914831997884065 ], [ 6.712156946601358, 50.914785402860851 ], [ 6.712107027649901, 50.914784136429233 ], [ 6.712101013716238, 50.914830742866364 ] ] ] ] } },
{ "type": "Feature", "properties": { "fid": 274921.0, "oid": "DENW41AL30008M7KBL", "aktualit": "2024-08-20", "gebnutzbez": "Gebäude", "funktion": "Gebäude zur Freizeitgestaltung", "gfkzshh": "31001_1310", "rellage": null, "name": null, "anzahlgs": null, "gmdschl": "05362032", "lagebeztxt": null, "bld area": 25, "flstkennz_": "05468200800858______", "area": 456 }, "geometry": { "type": "MultiPolygon", "coordinates": [ [ [ [ 6.712353085516792, 50.914794122598671 ], [ 6.712351994437251, 50.914836670273225 ], [ 6.712427313097322, 50.914838443472554 ], [ 6.712431308352737, 50.914797598644135 ], [ 6.712353085516792, 50.914794122598671 ] ] ] ] } },
{ "type": "Feature", "properties": { "fid": 159955.0, "oid": "DENW41AL30008MslBL", "aktualit": "2024-08-20", "gebnutzbez": "Gebäude", "funktion": "Wohngebäude", "gfkzshh": "31001_1000", "rellage": null, "name": null, "anzahlgs": null, "gmdschl": "05362032", "lagebeztxt": "Mittelstraße 1", "bld area": 161, "flstkennz_": "05468200800028______", "area": 340 }, "geometry": { "type": "MultiPolygon", "coordinates": [ [ [ [ 6.711750695256701, 50.914926607748441 ], [ 6.71176694575526, 50.914941943899585 ], [ 6.711982593319737, 50.914941629946519 ], [ 6.711981154599717, 50.914845382883541 ], [ 6.711790035711572, 50.914845350089692 ], [ 6.711773480420257, 50.914879545060046 ], [ 6.711750695256701, 50.914926607748441 ] ] ] ] } },
{ "type": "Feature", "properties": { "fid": 61350.0, "oid": "DENW41AL30008LzIBL", "aktualit": "2024-08-20", "gebnutzbez": "Gebäude", "funktion": "Gebäude zur Freizeitgestaltung", "gfkzshh": "31001_1310", "rellage": null, "name": null, "anzahlgs": null, "gmdschl": "05362032", "lagebeztxt": null, "bld area": 11, "flstkennz_": "05468200800057______", "area": 917 }, "geometry": { "type": "MultiPolygon", "coordinates": [ [ [ [ 6.714104701790193, 50.913442823709644 ], [ 6.714155538430053, 50.913447399109756 ], [ 6.714166643868429, 50.913448390124032 ], [ 6.714171820525993, 50.913426078229783 ], [ 6.714109875272818, 50.91342028690331 ], [ 6.714104701790193, 50.913442823709644 ] ] ] ] } },
{ "type": "Feature", "properties": { "fid": 276946.0, "oid": "DENW41AL30008OLZBL", "aktualit": "2024-08-20", "gebnutzbez": "Gebäude", "funktion": "Wohngebäude", "gfkzshh": "31001_1000", "rellage": null, "name": null, "anzahlgs": null, "gmdschl": "05362032", "lagebeztxt": "Höhenweg 30", "bld area": 83, "flstkennz_": "05468200800057______", "area": 917 }, "geometry": { "type": "MultiPolygon", "coordinates": [ [ [ [ 6.714227849507404, 50.91345388811667 ], [ 6.714249125829088, 50.913455779873175 ], [ 6.714379852256958, 50.913467514214837 ], [ 6.714396176238393, 50.91339365960733 ], [ 6.71426502693721, 50.913382429663571 ], [ 6.714257222744414, 50.913418585977745 ], [ 6.714236101025207, 50.913416733227074 ], [ 6.714227849507404, 50.91345388811667 ] ] ] ] } },
{ "type": "Feature", "properties": { "fid": 59279.0, "oid": "DENW41AL2t00007fBL", "aktualit": "2024-08-20", "gebnutzbez": "Gebäude", "funktion": "Gebäude zum Parken", "gfkzshh": "31001_2460", "rellage": null, "name": null, "anzahlgs": null, "gmdschl": "05362032", "lagebeztxt": null, "bld area": 19, "flstkennz_": "05468201900396______", "area": 470 }, "geometry": { "type": "MultiPolygon", "coordinates": [ [ [ [ 6.707731217323153, 50.908554097613212 ], [ 6.707773451363274, 50.908557895259015 ], [ 6.707786230889814, 50.908501051661489 ], [ 6.707743996899822, 50.908497254020929 ], [ 6.70774375872046, 50.908498337629922 ], [ 6.707731217323153, 50.908554097613212 ] ] ] ] } },
{ "type": "Feature", "properties": { "fid": 61546.0, "oid": "DENW41AL30008MHIBL", "aktualit": "2024-08-20", "gebnutzbez": "Gebäude", "funktion": "Wohngebäude", "gfkzshh": "31001_1000", "rellage": null, "name": null, "anzahlgs": null, "gmdschl": "05362032", "lagebeztxt": "Merodestraße 24", "bld area": 78, "flstkennz_": "05468201900396______", "area": 470 }, "geometry": { "type": "MultiPolygon", "coordinates": [ [ [ [ 6.707818355656358, 50.908591596793904 ], [ 6.707936922302739, 50.908602092283445 ], [ 6.707938875471996, 50.908592740793893 ], [ 6.707955128744671, 50.908519335296084 ], [ 6.707837066781986, 50.90850870583072 ], [ 6.707818355656358, 50.908591596793904 ] ] ] ] } },
{ "type": "Feature", "properties": { "fid": 158825.0, "oid": "DENW41AL30008KavBL", "aktualit": "2024-08-20", "gebnutzbez": "Gebäude", "funktion": "Wohngebäude", "gfkzshh": "31001_1000", "rellage": null, "name": null, "anzahlgs": null, "gmdschl": "05362032", "lagebeztxt": "Merodestraße 22", "bld area": 76, "flstkennz_": "05468201900396______", "area": 470 }, "geometry": { "type": "MultiPolygon", "coordinates": [ [ [ [ 6.707938875471996, 50.908592740793893 ], [ 6.708067686565805, 50.908607538676144 ], [ 6.708083806353126, 50.908533950658004 ], [ 6.707955128744671, 50.908519335296084 ], [ 6.707938875471996, 50.908592740793893 ] ] ] ] } },
{ "type": "Feature", "properties": { "fid": 161075.0, "oid": "DENW41AL3000AKcUBL", "aktualit": "2024-08-20", "gebnutzbez": "Gebäude", "funktion": "Gebäude zum Parken", "gfkzshh": "31001_2460", "rellage": null, "name": null, "anzahlgs": null, "gmdschl": "05362032", "lagebeztxt": null, "bld area": 52, "flstkennz_": "05468202100307______", "area": 532 }, "geometry": { "type": "MultiPolygon", "coordinates": [ [ [ [ 6.705660294009011, 50.912180281717973 ], [ 6.705680969471482, 50.912186561350744 ], [ 6.705716275517934, 50.912197355843489 ], [ 6.705789720861104, 50.912100026419779 ], [ 6.705733882080527, 50.912083233952025 ], [ 6.705660294009011, 50.912180281717973 ] ] ] ] } },
{ "type": "Feature", "properties": { "fid": 274478.0, "oid": "DENW41AL30008LbtBL", "aktualit": "2024-08-20", "gebnutzbez": "Gebäude", "funktion": "Wohngebäude", "gfkzshh": "31001_1000", "rellage": null, "name": null, "anzahlgs": null, "gmdschl": "05362032", "lagebeztxt": "Wiesenstraße 25", "bld area": 76, "flstkennz_": "05468202100307______", "area": 532 }, "geometry": { "type": "MultiPolygon", "coordinates": [ [ [ [ 6.705517803167849, 50.912228216020495 ], [ 6.705624195222274, 50.912260509996528 ], [ 6.705680969471482, 50.912186561350744 ], [ 6.705660294009011, 50.912180281717973 ], [ 6.705574116030637, 50.912154105454206 ], [ 6.705517803167849, 50.912228216020495 ] ] ] ] } },
{ "type": "Feature", "properties": { "fid": 59896.0, "oid": "DENW41AL30008Jv4BL", "aktualit": "2024-08-20", "gebnutzbez": "Gebäude", "funktion": "Wohngebäude", "gfkzshh": "31001_1000", "rellage": null, "name": null, "anzahlgs": null, "gmdschl": "05362032", "lagebeztxt": "Wiesenstraße 29", "bld area": 92, "flstkennz_": "05468202100309______", "area": 598 }, "geometry": { "type": "MultiPolygon", "coordinates": [ [ [ [ 6.705237818328659, 50.912130548175718 ], [ 6.705346004421546, 50.912165117219551 ], [ 6.705366257152384, 50.912139792289089 ], [ 6.705385529454843, 50.912145963437887 ], [ 6.705404869705418, 50.912121834764072 ], [ 6.705385766196951, 50.912115702913731 ], [ 6.705411726802195, 50.912083375865357 ], [ 6.705410718502424, 50.912083050240206 ], [ 6.705308386759573, 50.912049783592501 ], [ 6.705303625105472, 50.912048250905833 ], [ 6.705237818328659, 50.912130548175718 ] ] ] ] } },
{ "type": "Feature", "properties": { "fid": 60118.0, "oid": "DENW41AL30008KEQBL", "aktualit": "2024-08-20", "gebnutzbez": "Gebäude", "funktion": "Wohngebäude", "gfkzshh": "31001_1000", "rellage": null, "name": null, "anzahlgs": null, "gmdschl": "05362032", "lagebeztxt": null, "bld area": 45, "flstkennz_": "05468202100309______", "area": 598 }, "geometry": { "type": "MultiPolygon", "coordinates": [ [ [ [ 6.705308386759573, 50.912049783592501 ], [ 6.705410718502424, 50.912083050240206 ], [ 6.705447036774166, 50.912037984314665 ], [ 6.705427205716625, 50.912031604318962 ], [ 6.705349645399375, 50.912006667626187 ], [ 6.705344730058846, 50.912005077954618 ], [ 6.705308386759573, 50.912049783592501 ] ] ] ] } },
{ "type": "Feature", "properties": { "fid": 160064.0, "oid": "DENW41AL30008N5kBL", "aktualit": "2024-08-20", "gebnutzbez": "Gebäude", "funktion": "Gebäude zum Parken", "gfkzshh": "31001_2460", "rellage": null, "name": null, "anzahlgs": null, "gmdschl": "05362032", "lagebeztxt": null, "bld area": 16, "flstkennz_": "05468202100368______", "area": 164 }, "geometry": { "type": "MultiPolygon", "coordinates": [ [ [ [ 6.70552756314865, 50.911810307732885 ], [ 6.705606793563802, 50.911827317357542 ], [ 6.705622601462828, 50.911809630935437 ], [ 6.705548643706614, 50.911785790528945 ], [ 6.70552756314865, 50.911810307732885 ] ] ] ] } },
{ "type": "Feature", "properties": { "fid": 273860.0, "oid": "DENW41AL30008KvaBL", "aktualit": "2024-08-20", "gebnutzbez": "Gebäude", "funktion": "Wohngebäude", "gfkzshh": "31001_1000", "rellage": null, "name": null, "anzahlgs": null, "gmdschl": "05362032", "lagebeztxt": "Rote-Kreuz-Straße 22", "bld area": 54, "flstkennz_": "05468202100368______", "area": 164 }, "geometry": { "type": "MultiPolygon", "coordinates": [ [ [ [ 6.705544330692907, 50.911784392590235 ], [ 6.705548643706614, 50.911785790528945 ], [ 6.705622601462828, 50.911809630935437 ], [ 6.705653326939075, 50.911819543911953 ], [ 6.705690413955715, 50.911774169237546 ], [ 6.705649136020202, 50.911760711992457 ], [ 6.705657298819975, 50.911750655166003 ], [ 6.705612008209386, 50.911736057712602 ], [ 6.705603902695816, 50.911746106668133 ], [ 6.705581328903806, 50.911738800345098 ], [ 6.705544330692907, 50.911784392590235 ] ] ] ] } },
{ "type": "Feature", "properties": { "fid": 59498.0, "oid": "DENW41AL30008JNwBL", "aktualit": "2024-08-20", "gebnutzbez": "Gebäude", "funktion": "Gebäude zum Parken", "gfkzshh": "31001_2460", "rellage": null, "name": null, "anzahlgs": null, "gmdschl": "05362032", "lagebeztxt": null, "bld area": 20, "flstkennz_": "05468202100308______", "area": 517 }, "geometry": { "type": "MultiPolygon", "coordinates": [ [ [ [ 6.70543282165662, 50.912111204681572 ], [ 6.705466548048893, 50.912121428544971 ], [ 6.705514392195196, 50.912058385139417 ], [ 6.705480581443813, 50.912048141642657 ], [ 6.70543282165662, 50.912111204681572 ] ] ] ] } },
{ "type": "Feature", "properties": { "fid": 160090.0, "oid": "DENW41AL30008N8aBL", "aktualit": "2024-08-20", "gebnutzbez": "Gebäude", "funktion": "Wohngebäude", "gfkzshh": "31001_1000", "rellage": null, "name": null, "anzahlgs": null, "gmdschl": "05362032", "lagebeztxt": "Wiesenstraße 27", "bld area": 77, "flstkennz_": "05468202100308______", "area": 517 }, "geometry": { "type": "MultiPolygon", "coordinates": [ [ [ [ 6.705410260389594, 50.912195602514863 ], [ 6.705517803167849, 50.912228216020495 ], [ 6.705574116030637, 50.912154105454206 ], [ 6.705466548048893, 50.912121428544971 ], [ 6.705410260389594, 50.912195602514863 ] ] ] ] } },
{ "type": "Feature", "properties": { "fid": 160727.0, "oid": "DENW41AL30008OOqBL", "aktualit": "2024-08-20", "gebnutzbez": "Gebäude", "funktion": "Wohngebäude", "gfkzshh": "31001_1000", "rellage": null, "name": null, "anzahlgs": null, "gmdschl": "05362032", "lagebeztxt": null, "bld area": 20, "flstkennz_": "054682021002720045__", "area": 397 }, "geometry": { "type": "MultiPolygon", "coordinates": [ [ [ [ 6.708072791009598, 50.912576765872586 ], [ 6.708099894263375, 50.912585716642013 ], [ 6.708160155524402, 50.912512824649617 ], [ 6.708132911936007, 50.912503835161466 ], [ 6.708072791009598, 50.912576765872586 ] ] ] ] } },
{ "type": "Feature", "properties": { "fid": 275605.0, "oid": "DENW41AL30008Mt5BL", "aktualit": "2024-08-20", "gebnutzbez": "Gebäude", "funktion": "Wohngebäude", "gfkzshh": "31001_1000", "rellage": null, "name": null, "anzahlgs": null, "gmdschl": "05362032", "lagebeztxt": "Herderstraße 1", "bld area": 86, "flstkennz_": "054682021002720045__", "area": 397 }, "geometry": { "type": "MultiPolygon", "coordinates": [ [ [ [ 6.707957994915852, 50.912541736776141 ], [ 6.708071610419246, 50.912578208725797 ], [ 6.708072791009598, 50.912576765872586 ], [ 6.708132911936007, 50.912503835161466 ], [ 6.708134092522526, 50.912502392307573 ], [ 6.708017571340654, 50.912465413645222 ], [ 6.707957994915852, 50.912541736776141 ] ] ] ] } },
{ "type": "Feature", "properties": { "fid": 59981.0, "oid": "DENW41AL30008K21BL", "aktualit": "2024-08-20", "gebnutzbez": "Gebäude", "funktion": "Gebäude zum Parken", "gfkzshh": "31001_2460", "rellage": null, "name": null, "anzahlgs": null, "gmdschl": "05362032", "lagebeztxt": null, "bld area": 13, "flstkennz_": "054682021000800040__", "area": 502 }, "geometry": { "type": "MultiPolygon", "coordinates": [ [ [ [ 6.708640659867568, 50.91269942596427 ], [ 6.708697137680878, 50.912714250870479 ], [ 6.708713729907066, 50.912688979418441 ], [ 6.70865726633168, 50.912674154799596 ], [ 6.708640659867568, 50.91269942596427 ] ] ] ] } },
{ "type": "Feature", "properties": { "fid": 60515.0, "oid": "DENW41AL30008KmmBL", "aktualit": "2024-08-20", "gebnutzbez": "Gebäude", "funktion": "Wohngebäude", "gfkzshh": "31001_1000", "rellage": null, "name": null, "anzahlgs": null, "gmdschl": "05362032", "lagebeztxt": "Sistenichstraße 20", "bld area": 69, "flstkennz_": "054682021000800040__", "area": 502 }, "geometry": { "type": "MultiPolygon", "coordinates": [ [ [ [ 6.708688621429411, 50.912778427487041 ], [ 6.708810593578828, 50.91281046679466 ], [ 6.708851247877685, 50.912748612020934 ], [ 6.7087300789452, 50.912716732430418 ], [ 6.708688621429411, 50.912778427487041 ] ] ] ] } },
{ "type": "Feature", "properties": { "fid": 275113.0, "oid": "DENW41AL30008MLTBL", "aktualit": "2024-08-20", "gebnutzbez": "Gebäude", "funktion": "Wohngebäude", "gfkzshh": "31001_1000", "rellage": null, "name": null, "anzahlgs": null, "gmdschl": "05362032", "lagebeztxt": "Sistenichstraße 18", "bld area": 70, "flstkennz_": "054682021000800040__", "area": 502 }, "geometry": { "type": "MultiPolygon", "coordinates": [ [ [ [ 6.708646638177057, 50.912840975640641 ], [ 6.708769383796498, 50.912873201064734 ], [ 6.708810593578828, 50.91281046679466 ], [ 6.708688621429411, 50.912778427487041 ], [ 6.708646638177057, 50.912840975640641 ] ] ] ] } },
{ "type": "Feature", "properties": { "fid": 159729.0, "oid": "DENW41AL30008MQSBL", "aktualit": "2024-08-20", "gebnutzbez": "Gebäude", "funktion": "Wohngebäude", "gfkzshh": "31001_1000", "rellage": null, "name": null, "anzahlgs": null, "gmdschl": "05362032", "lagebeztxt": "Wiesenstraße 1", "bld area": 68, "flstkennz_": "05468202100043______", "area": 439 }, "geometry": { "type": "MultiPolygon", "coordinates": [ [ [ [ 6.708134164712596, 50.91302612947247 ], [ 6.708222662421144, 50.913054957665935 ], [ 6.708258824467249, 50.913010715273785 ], [ 6.708289840491474, 50.912972757630605 ], [ 6.708234511157483, 50.912955112945475 ], [ 6.70822485733783, 50.912967146353104 ], [ 6.708191094406313, 50.912956194056726 ], [ 6.708134164712596, 50.91302612947247 ] ] ] ] } },
{ "type": "Feature", "properties": { "fid": 276220.0, "oid": "DENW41AL30008NZLBL", "aktualit": "2024-08-20", "gebnutzbez": "Gebäude", "funktion": "Gebäude zum Parken", "gfkzshh": "31001_2460", "rellage": null, "name": null, "anzahlgs": null, "gmdschl": "05362032", "lagebeztxt": null, "bld area": 14, "flstkennz_": "05468202100043______", "area": 439 }, "geometry": { "type": "MultiPolygon", "coordinates": [ [ [ [ 6.70832674213068, 50.912984515519632 ], [ 6.708289840491474, 50.912972757630605 ], [ 6.708258824467249, 50.913010715273785 ], [ 6.708259413033675, 50.913010897719865 ], [ 6.708295797123803, 50.913022511046627 ], [ 6.70832674213068, 50.912984515519632 ] ] ] ] } },
{ "type": "Feature", "properties": { "fid": 159110.0, "oid": "DENW41AL30008LA6BL", "aktualit": "2024-08-20", "gebnutzbez": "Gebäude", "funktion": "Wohngebäude", "gfkzshh": "31001_1000", "rellage": null, "name": null, "anzahlgs": null, "gmdschl": "05362032", "lagebeztxt": "Wiesenstraße 3", "bld area": 71, "flstkennz_": "05468202100044______", "area": 426 }, "geometry": { "type": "MultiPolygon", "coordinates": [ [ [ [ 6.707964177126504, 50.912971497624731 ], [ 6.708063813403443, 50.913003818557804 ], [ 6.708122069351337, 50.912932083418426 ], [ 6.708031448982647, 50.912902161147571 ], [ 6.708021719183433, 50.91289894803807 ], [ 6.707988852748129, 50.912940394958682 ], [ 6.707964177126504, 50.912971497624731 ] ] ] ] } },
{ "type": "Feature", "properties": { "fid": 159380.0, "oid": "DENW41AL30008Lj0BL", "aktualit": "2024-08-20", "gebnutzbez": "Gebäude", "funktion": "Gebäude zum Parken", "gfkzshh": "31001_2460", "rellage": null, "name": null, "anzahlgs": null, "gmdschl": "05362032", "lagebeztxt": null, "bld area": 34, "flstkennz_": "05468202100044______", "area": 426 }, "geometry": { "type": "MultiPolygon", "coordinates": [ [ [ [ 6.707956351942538, 50.912930105963412 ], [ 6.707988852748129, 50.912940394958682 ], [ 6.708021719183433, 50.91289894803807 ], [ 6.708031448982647, 50.912902161147571 ], [ 6.708042945548849, 50.912888239207795 ], [ 6.708071974424793, 50.912853084731829 ], [ 6.708073245599812, 50.912851535728386 ], [ 6.708062108621012, 50.912848007174809 ], [ 6.708032003872062, 50.912838466797439 ], [ 6.708002051895249, 50.91287474538543 ], [ 6.707956351942538, 50.912930105963412 ] ] ] ] } },
{ "type": "Feature", "properties": { "fid": 60515.0, "oid": "DENW41AL30008KmmBL", "aktualit": "2024-08-20", "gebnutzbez": "Gebäude", "funktion": "Wohngebäude", "gfkzshh": "31001_1000", "rellage": null, "name": null, "anzahlgs": null, "gmdschl": "05362032", "lagebeztxt": "Sistenichstraße 20", "bld area": 69, "flstkennz_": "054682021000810040__", "area": 509 }, "geometry": { "type": "MultiPolygon", "coordinates": [ [ [ [ 6.708688621429411, 50.912778427487041 ], [ 6.708810593578828, 50.91281046679466 ], [ 6.708851247877685, 50.912748612020934 ], [ 6.7087300789452, 50.912716732430418 ], [ 6.708688621429411, 50.912778427487041 ] ] ] ] } },
{ "type": "Feature", "properties": { "fid": 275113.0, "oid": "DENW41AL30008MLTBL", "aktualit": "2024-08-20", "gebnutzbez": "Gebäude", "funktion": "Wohngebäude", "gfkzshh": "31001_1000", "rellage": null, "name": null, "anzahlgs": null, "gmdschl": "05362032", "lagebeztxt": "Sistenichstraße 18", "bld area": 70, "flstkennz_": "054682021000810040__", "area": 509 }, "geometry": { "type": "MultiPolygon", "coordinates": [ [ [ [ 6.708646638177057, 50.912840975640641 ], [ 6.708769383796498, 50.912873201064734 ], [ 6.708810593578828, 50.91281046679466 ], [ 6.708688621429411, 50.912778427487041 ], [ 6.708646638177057, 50.912840975640641 ] ] ] ] } },
{ "type": "Feature", "properties": { "fid": 159608.0, "oid": "DENW41AL30008MBfBL", "aktualit": "2024-08-20", "gebnutzbez": "Gebäude", "funktion": "Gebäude für Land- und Forstwirtschaft", "gfkzshh": "31001_2700", "rellage": null, "name": null, "anzahlgs": null, "gmdschl": "05362032", "lagebeztxt": null, "bld area": 21, "flstkennz_": "054682021001840045__", "area": 852 }, "geometry": { "type": "MultiPolygon", "coordinates": [ [ [ [ 6.707965132103477, 50.912862606759077 ], [ 6.708002051895249, 50.91287474538543 ], [ 6.708032003872062, 50.912838466797439 ], [ 6.708049536626409, 50.912817225280278 ], [ 6.708012435628287, 50.912805011156927 ], [ 6.707965132103477, 50.912862606759077 ] ] ] ] } },
{ "type": "Feature", "properties": { "fid": 275211.0, "oid": "DENW41AL30008MSQBL", "aktualit": "2024-08-20", "gebnutzbez": "Gebäude", "funktion": "Wohngebäude", "gfkzshh": "31001_1000", "rellage": null, "name": null, "anzahlgs": null, "gmdschl": "05362032", "lagebeztxt": "Wiesenstraße 5", "bld area": 65, "flstkennz_": "054682021001840045__", "area": 852 }, "geometry": { "type": "MultiPolygon", "coordinates": [ [ [ [ 6.707805672758123, 50.91291827829707 ], [ 6.707855475793227, 50.912934888251584 ], [ 6.707862188286374, 50.912926835456453 ], [ 6.70790717487312, 50.912941866760917 ], [ 6.707958635549307, 50.912876977663124 ], [ 6.707923914475759, 50.912865259959482 ], [ 6.707864492685136, 50.912845205245155 ], [ 6.707805672758123, 50.91291827829707 ] ] ] ] } },
{ "type": "Feature", "properties": { "fid": 275931.0, "oid": "DENW41AL30008NFkBL", "aktualit": "2024-08-20", "gebnutzbez": "Gebäude", "funktion": "Wohngebäude", "gfkzshh": "31001_1000", "rellage": null, "name": null, "anzahlgs": null, "gmdschl": "05362032", "lagebeztxt": null, "bld area": 25, "flstkennz_": "054682021001840045__", "area": 852 }, "geometry": { "type": "MultiPolygon", "coordinates": [ [ [ [ 6.707864492685136, 50.912845205245155 ], [ 6.707923914475759, 50.912865259959482 ], [ 6.7079245196525, 50.912864525334747 ], [ 6.707957536334831, 50.912823495111518 ], [ 6.707899402320753, 50.912803870441657 ], [ 6.707898114581824, 50.912803440414699 ], [ 6.707864492685136, 50.912845205245155 ] ] ] ] } },
{ "type": "Feature", "properties": { "fid": 158653.0, "oid": "DENW41AL30008KGDBL", "aktualit": "2024-08-20", "gebnutzbez": "Gebäude", "funktion": "Gebäude zum Parken", "gfkzshh": "31001_2460", "rellage": null, "name": null, "anzahlgs": null, "gmdschl": "05362032", "lagebeztxt": null, "bld area": 36, "flstkennz_": "054682021001840045__", "area": 852 }, "geometry": { "type": "MultiPolygon", "coordinates": [ [ [ [ 6.707690066689102, 50.912864111564843 ], [ 6.70778258500665, 50.912892173625913 ], [ 6.707813576056957, 50.912851256555435 ], [ 6.707721155967584, 50.912823223430102 ], [ 6.707721043587183, 50.912823194240374 ], [ 6.707690066689102, 50.912864111564843 ] ] ] ] } },
{ "type": "Feature", "properties": { "fid": 63015.0, "oid": "DENW41AL30008OMcBL", "aktualit": "2024-08-20", "gebnutzbez": "Gebäude", "funktion": "Wohngebäude", "gfkzshh": "31001_1000", "rellage": null, "name": null, "anzahlgs": null, "gmdschl": "05362032", "lagebeztxt": "Adenauerstraße 21", "bld area": 72, "flstkennz_": "054682020001620017__", "area": 273 }, "geometry": { "type": "MultiPolygon", "coordinates": [ [ [ [ 6.707269782805779, 50.91154449653741 ], [ 6.707367395908004, 50.911550758393581 ], [ 6.707379912693316, 50.911455873612141 ], [ 6.707285141891493, 50.911449676599723 ], [ 6.707269782805779, 50.91154449653741 ] ] ] ] } },
{ "type": "Feature", "properties": { "fid": 63039.0, "oid": "DENW41AL30008OOYBL", "aktualit": "2024-08-20", "gebnutzbez": "Gebäude", "funktion": "Wohngebäude", "gfkzshh": "31001_1000", "rellage": null, "name": null, "anzahlgs": null, "gmdschl": "05362032", "lagebeztxt": "Adenauerstraße 23", "bld area": 77, "flstkennz_": "054682020001630017__", "area": 280 }, "geometry": { "type": "MultiPolygon", "coordinates": [ [ [ [ 6.707166369524503, 50.911537859812725 ], [ 6.707208546389412, 50.911540559239263 ], [ 6.707269782805779, 50.91154449653741 ], [ 6.707285141891493, 50.911449676599723 ], [ 6.707183889593523, 50.911443073350213 ], [ 6.707166369524503, 50.911537859812725 ] ] ] ] } },
{ "type": "Feature", "properties": { "fid": 158923.0, "oid": "DENW41AL30008KmbBL", "aktualit": "2024-08-20", "gebnutzbez": "Gebäude", "funktion": "Gebäude zum Parken", "gfkzshh": "31001_2460", "rellage": null, "name": null, "anzahlgs": null, "gmdschl": "05362032", "lagebeztxt": null, "bld area": 48, "flstkennz_": "054682020001630017__", "area": 280 }, "geometry": { "type": "MultiPolygon", "coordinates": [ [ [ [ 6.707220523329868, 50.91134986761908 ], [ 6.707299803081759, 50.911354582119053 ], [ 6.707312054707383, 50.911278696683169 ], [ 6.707232849237833, 50.911273920691272 ], [ 6.707220523329868, 50.91134986761908 ] ] ] ] } },
{ "type": "Feature", "properties": { "fid": 60742.0, "oid": "DENW41AL30008L7YBL", "aktualit": "2024-08-20", "gebnutzbez": "Gebäude", "funktion": "Gebäude zum Parken", "gfkzshh": "31001_2460", "rellage": null, "name": null, "anzahlgs": null, "gmdschl": "05362032", "lagebeztxt": null, "bld area": 53, "flstkennz_": "05468202100017______", "area": 546 }, "geometry": { "type": "MultiPolygon", "coordinates": [ [ [ [ 6.707624637331373, 50.913450851967127 ], [ 6.707624219795875, 50.913451299276964 ], [ 6.707624231047794, 50.913451302685843 ], [ 6.707646382719635, 50.913457089302625 ], [ 6.707666035695546, 50.91346190044127 ], [ 6.707676044750446, 50.91346435456596 ], [ 6.707732037700787, 50.913382240940521 ], [ 6.707669928400099, 50.913366198679455 ], [ 6.707598675643935, 50.913443560442346 ], [ 6.707624637331373, 50.913450851967127 ] ] ] ] } },
{ "type": "Feature", "properties": { "fid": 158767.0, "oid": "DENW41AL30008KUBBL", "aktualit": "2024-08-20", "gebnutzbez": "Gebäude", "funktion": "Gebäude zum Parken", "gfkzshh": "31001_2460", "rellage": null, "name": null, "anzahlgs": null, "gmdschl": "05362032", "lagebeztxt": null, "bld area": 57, "flstkennz_": "05468202100017______", "area": 546 }, "geometry": { "type": "MultiPolygon", "coordinates": [ [ [ [ 6.707617415948425, 50.913532358602509 ], [ 6.707704320223391, 50.913555120838637 ], [ 6.707752313839957, 50.913485531765964 ], [ 6.707752971824823, 50.913484591314955 ], [ 6.707676044750446, 50.91346435456596 ], [ 6.707666035695546, 50.91346190044127 ], [ 6.707617415948425, 50.913532358602509 ] ] ] ] } },
{ "type": "Feature", "properties": { "fid": 272160.0, "oid": "DENW41AL2h30000KBL", "aktualit": "2024-08-20", "gebnutzbez": "Gebäude", "funktion": "Wohngebäude", "gfkzshh": "31001_1000", "rellage": null, "name": null, "anzahlgs": null, "gmdschl": "05362032", "lagebeztxt": null, "bld area": 25, "flstkennz_": "05468202100017______", "area": 546 }, "geometry": { "type": "MultiPolygon", "coordinates": [ [ [ [ 6.708052283641718, 50.913563286264996 ], [ 6.708075824001908, 50.913569477824737 ], [ 6.70816640436173, 50.913593292266931 ], [ 6.708191950750511, 50.913554606641789 ], [ 6.708135799004306, 50.913539787901961 ], [ 6.7081169707168, 50.913568280219074 ], [ 6.708059077714883, 50.913552995529074 ], [ 6.708052945154165, 50.913562273928775 ], [ 6.708052283641718, 50.913563286264996 ] ] ] ] } },
{ "type": "Feature", "properties": { "fid": 272161.0, "oid": "DENW41AL2h30000RBL", "aktualit": "2024-08-20", "gebnutzbez": "Gebäude", "funktion": "Gebäude zur Freizeitgestaltung", "gfkzshh": "31001_1310", "rellage": null, "name": null, "anzahlgs": null, "gmdschl": "05362032", "lagebeztxt": null, "bld area": 52, "flstkennz_": "05468202100017______", "area": 546 }, "geometry": { "type": "MultiPolygon", "coordinates": [ [ [ [ 6.708059077714883, 50.913552995529074 ], [ 6.7081169707168, 50.913568280219074 ], [ 6.708135799004306, 50.913539787901961 ], [ 6.708191950750511, 50.913554606641789 ], [ 6.70819816008946, 50.913545212819379 ], [ 6.708209764962451, 50.913527641384363 ], [ 6.708220954717706, 50.913510700377543 ], [ 6.708130518828973, 50.913486843843266 ], [ 6.708107001367051, 50.913522457341195 ], [ 6.708074925213846, 50.913528995697703 ], [ 6.708059077714883, 50.913552995529074 ] ] ] ] } },
{ "type": "Feature", "properties": { "fid": 275736.0, "oid": "DENW41AL30008N1uBL", "aktualit": "2024-08-20", "gebnutzbez": "Gebäude", "funktion": "Wohngebäude", "gfkzshh": "31001_1000", "rellage": null, "name": null, "anzahlgs": null, "gmdschl": "05362032", "lagebeztxt": "Sistenichstraße 8", "bld area": 67, "flstkennz_": "05468202100017______", "area": 546 }, "geometry": { "type": "MultiPolygon", "coordinates": [ [ [ [ 6.70816640436173, 50.913593292266931 ], [ 6.708276099666938, 50.913622158942196 ], [ 6.708311600021728, 50.91356793807352 ], [ 6.708297442468194, 50.913564206322889 ], [ 6.708300164420225, 50.913560059527917 ], [ 6.708309181684859, 50.913562431163115 ], [ 6.708319342736945, 50.91354702592632 ], [ 6.708295550486844, 50.913540748522493 ], [ 6.708290168735445, 50.913548935403405 ], [ 6.708209764962451, 50.913527641384363 ], [ 6.70819816008946, 50.913545212819379 ], [ 6.708191950750511, 50.913554606641789 ], [ 6.70816640436173, 50.913593292266931 ] ] ] ] } },
{ "type": "Feature", "properties": { "fid": 62478.0, "oid": "DENW41AL30008NbyBL", "aktualit": "2024-08-20", "gebnutzbez": "Gebäude", "funktion": "Wohngebäude", "gfkzshh": "31001_1000", "rellage": null, "name": null, "anzahlgs": null, "gmdschl": "05362032", "lagebeztxt": null, "bld area": 33, "flstkennz_": "05468202100444______", "area": 343 }, "geometry": { "type": "MultiPolygon", "coordinates": [ [ [ [ 6.707587580701744, 50.913141032632183 ], [ 6.707654588482194, 50.913160741819794 ], [ 6.707684532350418, 50.913120874512174 ], [ 6.707675798503924, 50.913118238571663 ], [ 6.707684870195173, 50.913106184780013 ], [ 6.707625302830921, 50.913088798335778 ], [ 6.707592201996032, 50.91313239912769 ], [ 6.707587580701744, 50.913141032632183 ] ] ] ] } },
{ "type": "Feature", "properties": { "fid": 158941.0, "oid": "DENW41AL30008KpdBL", "aktualit": "2024-08-20", "gebnutzbez": "Gebäude", "funktion": "Gebäude zum Parken", "gfkzshh": "31001_2460", "rellage": null, "name": null, "anzahlgs": null, "gmdschl": "05362032", "lagebeztxt": null, "bld area": 29, "flstkennz_": "05468202100444______", "area": 343 }, "geometry": { "type": "MultiPolygon", "coordinates": [ [ [ [ 6.70766226243995, 50.913228941959048 ], [ 6.707690004979694, 50.913237338749582 ], [ 6.70773957110572, 50.913171063417479 ], [ 6.707769020700522, 50.913131699044094 ], [ 6.707739876756077, 50.913122870010618 ], [ 6.70766226243995, 50.913228941959048 ] ] ] ] } },
{ "type": "Feature", "properties": { "fid": 277430.0, "oid": "DENW41AL30008OrsBL", "aktualit": "2024-08-20", "gebnutzbez": "Gebäude", "funktion": "Wohngebäude", "gfkzshh": "31001_1000", "rellage": null, "name": null, "anzahlgs": null, "gmdschl": "05362032", "lagebeztxt": "Wiesenstraße 6", "bld area": 80, "flstkennz_": "05468202100444______", "area": 343 }, "geometry": { "type": "MultiPolygon", "coordinates": [ [ [ [ 6.707625302830921, 50.913088798335778 ], [ 6.707684870195173, 50.913106184780013 ], [ 6.70769381193917, 50.913108932732747 ], [ 6.707739876756077, 50.913122870010618 ], [ 6.70779404952501, 50.913048833285671 ], [ 6.707680845669238, 50.913015256267997 ], [ 6.707628664327325, 50.913084376307246 ], [ 6.707625302830921, 50.913088798335778 ] ] ] ] } },
{ "type": "Feature", "properties": { "fid": 63789.0, "oid": "DENW41AL980000DjBL", "aktualit": "2024-08-20", "gebnutzbez": "Gebäude", "funktion": "Gebäude zum Parken", "gfkzshh": "31001_2460", "rellage": null, "name": null, "anzahlgs": null, "gmdschl": "05362032", "lagebeztxt": null, "bld area": 36, "flstkennz_": "05468202100445______", "area": 515 }, "geometry": { "type": "MultiPolygon", "coordinates": [ [ [ [ 6.708250542022916, 50.913517172545241 ], [ 6.708329283103258, 50.913537849269161 ], [ 6.70836216847223, 50.913487912192949 ], [ 6.708283161821531, 50.913467140334447 ], [ 6.708250542022916, 50.913517172545241 ] ] ] ] } },
{ "type": "Feature", "properties": { "fid": 132950.0, "oid": "DENW41AL30008L5PBL", "aktualit": "2024-08-20", "gebnutzbez": "Gebäude", "funktion": "Wohngebäude", "gfkzshh": "31001_1000", "rellage": null, "name": null, "anzahlgs": null, "gmdschl": "05362032", "lagebeztxt": "Sistenichstraße 10", "bld area": 53, "flstkennz_": "05468202100445______", "area": 515 }, "geometry": { "type": "MultiPolygon", "coordinates": [ [ [ [ 6.708273505263121, 50.91343116316358 ], [ 6.70838186376314, 50.913460012484748 ], [ 6.708417440047306, 50.913406557574064 ], [ 6.708308774778951, 50.91337787314896 ], [ 6.708273505263121, 50.91343116316358 ] ] ] ] } },
{ "type": "Feature", "properties": { "fid": 59469.0, "oid": "DENW41AL30008JLEBL", "aktualit": "2024-08-20", "gebnutzbez": "Gebäude", "funktion": "Gebäude zum Parken", "gfkzshh": "31001_2460", "rellage": null, "name": null, "anzahlgs": null, "gmdschl": "05362032", "lagebeztxt": null, "bld area": 21, "flstkennz_": "05468202100013______", "area": 456 }, "geometry": { "type": "MultiPolygon", "coordinates": [ [ [ [ 6.707992949577078, 50.913315610547109 ], [ 6.708038429986808, 50.913330444631555 ], [ 6.708075625163789, 50.91328487346987 ], [ 6.708029262594963, 50.913269752251232 ], [ 6.707992949577078, 50.913315610547109 ] ] ] ] } },
{ "type": "Feature", "properties": { "fid": 59238.0, "oid": "DENW41AL2h300005BL", "aktualit": "2024-08-20", "gebnutzbez": "Gebäude", "funktion": "Wohngebäude", "gfkzshh": "31001_1000", "rellage": null, "name": null, "anzahlgs": null, "gmdschl": "05362032", "lagebeztxt": null, "bld area": 28, "flstkennz_": "05468202100013______", "area": 456 }, "geometry": { "type": "MultiPolygon", "coordinates": [ [ [ [ 6.70791471268131, 50.913233153993346 ], [ 6.707927083790116, 50.913248048365567 ], [ 6.707946936635206, 50.913254581256972 ], [ 6.707973102520339, 50.913253952908818 ], [ 6.707986879076608, 50.913249222758445 ], [ 6.707999045407969, 50.913253230234105 ], [ 6.708020561052831, 50.913227084210718 ], [ 6.707941023556621, 50.913200914221136 ], [ 6.70791471268131, 50.913233153993346 ] ] ] ] } },
{ "type": "Feature", "properties": { "fid": 62606.0, "oid": "DENW41AL30008NnKBL", "aktualit": "2024-08-20", "gebnutzbez": "Gebäude", "funktion": "Wohngebäude", "gfkzshh": "31001_1000", "rellage": null, "name": null, "anzahlgs": null, "gmdschl": "05362032", "lagebeztxt": "Wiesenstraße 2 a", "bld area": 75, "flstkennz_": "05468202100013______", "area": 456 }, "geometry": { "type": "MultiPolygon", "coordinates": [ [ [ [ 6.707941023556621, 50.913200914221136 ], [ 6.708020561052831, 50.913227084210718 ], [ 6.708037263602123, 50.913232583852576 ], [ 6.708029195151163, 50.91324246281264 ], [ 6.708064134060893, 50.913253807008012 ], [ 6.708089254883009, 50.913222910935154 ], [ 6.708073054294735, 50.913217619029197 ], [ 6.708104660777536, 50.9131792323195 ], [ 6.707989618523738, 50.913141365289867 ], [ 6.707941023556621, 50.913200914221136 ] ] ] ] } },
{ "type": "Feature", "properties": { "fid": 60742.0, "oid": "DENW41AL30008L7YBL", "aktualit": "2024-08-20", "gebnutzbez": "Gebäude", "funktion": "Gebäude zum Parken", "gfkzshh": "31001_2460", "rellage": null, "name": null, "anzahlgs": null, "gmdschl": "05362032", "lagebeztxt": null, "bld area": 53, "flstkennz_": "054682021000080008__", "area": 230 }, "geometry": { "type": "MultiPolygon", "coordinates": [ [ [ [ 6.707624637331373, 50.913450851967127 ], [ 6.707624219795875, 50.913451299276964 ], [ 6.707624231047794, 50.913451302685843 ], [ 6.707646382719635, 50.913457089302625 ], [ 6.707666035695546, 50.91346190044127 ], [ 6.707676044750446, 50.91346435456596 ], [ 6.707732037700787, 50.913382240940521 ], [ 6.707669928400099, 50.913366198679455 ], [ 6.707598675643935, 50.913443560442346 ], [ 6.707624637331373, 50.913450851967127 ] ] ] ] } },
{ "type": "Feature", "properties": { "fid": 61884.0, "oid": "DENW41AL30008MkrBL", "aktualit": "2024-08-20", "gebnutzbez": "Gebäude", "funktion": "Gebäude für Land- und Forstwirtschaft", "gfkzshh": "31001_2700", "rellage": null, "name": null, "anzahlgs": null, "gmdschl": "05362032", "lagebeztxt": null, "bld area": 22, "flstkennz_": "054682021000080008__", "area": 230 }, "geometry": { "type": "MultiPolygon", "coordinates": [ [ [ [ 6.707487229731421, 50.913454088891754 ], [ 6.707543800218171, 50.913476012520725 ], [ 6.707585055353323, 50.91343410991314 ], [ 6.707566650317478, 50.913427065754277 ], [ 6.707557344730885, 50.913436929374676 ], [ 6.707517338638448, 50.91342186985807 ], [ 6.707487229731421, 50.913454088891754 ] ] ] ] } },
{ "type": "Feature", "properties": { "fid": 276614.0, "oid": "DENW41AL30008O0MBL", "aktualit": "2024-08-20", "gebnutzbez": "Gebäude", "funktion": "Wohngebäude", "gfkzshh": "31001_1000", "rellage": null, "name": null, "anzahlgs": null, "gmdschl": "05362032", "lagebeztxt": "Am Kalkofen 5", "bld area": 49, "flstkennz_": "054682021000080008__", "area": 230 }, "geometry": { "type": "MultiPolygon", "coordinates": [ [ [ [ 6.707392868759399, 50.913555244693605 ], [ 6.707467667573541, 50.913584047179242 ], [ 6.70752499485442, 50.913522556364072 ], [ 6.707450854172075, 50.91349310127945 ], [ 6.707392868759399, 50.913555244693605 ] ] ] ] } },
{ "type": "Feature", "properties": { "fid": 272813.0, "oid": "DENW41AL30008JkkBL", "aktualit": "2024-08-20", "gebnutzbez": "Gebäude", "funktion": "Gebäude zum Parken", "gfkzshh": "31001_2460", "rellage": null, "name": null, "anzahlgs": null, "gmdschl": "05362032", "lagebeztxt": null, "bld area": 14, "flstkennz_": "05468202100335______", "area": 402 }, "geometry": { "type": "MultiPolygon", "coordinates": [ [ [ [ 6.70773957110572, 50.913171063417479 ], [ 6.707769425742995, 50.913179906410093 ], [ 6.707787985307724, 50.913157461901804 ], [ 6.707807376924665, 50.913134008405358 ], [ 6.707775217063022, 50.913123438245826 ], [ 6.707769020700522, 50.913131699044094 ], [ 6.70773957110572, 50.913171063417479 ] ] ] ] } },
{ "type": "Feature", "properties": { "fid": 273010.0, "oid": "DENW41AL30008JxCBL", "aktualit": "2024-08-20", "gebnutzbez": "Gebäude", "funktion": "Wohngebäude", "gfkzshh": "31001_1000", "rellage": null, "name": null, "anzahlgs": null, "gmdschl": "05362032", "lagebeztxt": "Wiesenstraße 4", "bld area": 71, "flstkennz_": "05468202100335______", "area": 402 }, "geometry": { "type": "MultiPolygon", "coordinates": [ [ [ [ 6.707787985307724, 50.913157461901804 ], [ 6.707897083580256, 50.913193530489345 ], [ 6.707951139677076, 50.913128233671905 ], [ 6.707841985542441, 50.913092146048442 ], [ 6.707807376924665, 50.913134008405358 ], [ 6.707787985307724, 50.913157461901804 ] ] ] ] } },
{ "type": "Feature", "properties": { "fid": 59787.0, "oid": "DENW41AL30008JmOBL", "aktualit": "2024-08-20", "gebnutzbez": "Gebäude", "funktion": "Gebäude zum Parken", "gfkzshh": "31001_2460", "rellage": null, "name": null, "anzahlgs": null, "gmdschl": "05362032", "lagebeztxt": null, "bld area": 20, "flstkennz_": "05468202100422______", "area": 243 }, "geometry": { "type": "MultiPolygon", "coordinates": [ [ [ [ 6.709303828807355, 50.91281820669515 ], [ 6.709380792910232, 50.912838551030681 ], [ 6.709398879200698, 50.912811240165539 ], [ 6.709322726682767, 50.912789724550173 ], [ 6.709303828807355, 50.91281820669515 ] ] ] ] } },
{ "type": "Feature", "properties": { "fid": 61113.0, "oid": "DENW41AL30008LevBL", "aktualit": "2024-08-20", "gebnutzbez": "Gebäude", "funktion": "Gebäude zur Freizeitgestaltung", "gfkzshh": "31001_1310", "rellage": null, "name": null, "anzahlgs": null, "gmdschl": "05362032", "lagebeztxt": null, "bld area": 10, "flstkennz_": "05468202100422______", "area": 243 }, "geometry": { "type": "MultiPolygon", "coordinates": [ [ [ [ 6.709370280138648, 50.912764952798682 ], [ 6.709416878951389, 50.91277728995054 ], [ 6.70943190731678, 50.912754595993931 ], [ 6.709385321852926, 50.912742277098147 ], [ 6.709370280138648, 50.912764952798682 ] ] ] ] } },
{ "type": "Feature", "properties": { "fid": 275623.0, "oid": "DENW41AL30008MuCBL", "aktualit": "2024-08-20", "gebnutzbez": "Gebäude", "funktion": "Wohngebäude", "gfkzshh": "31001_1000", "rellage": null, "name": null, "anzahlgs": null, "gmdschl": "05362032", "lagebeztxt": "Sistenichstraße 29", "bld area": 73, "flstkennz_": "05468202100422______", "area": 243 }, "geometry": { "type": "MultiPolygon", "coordinates": [ [ [ [ 6.709163206288583, 50.912760069670092 ], [ 6.709285703919658, 50.912792712405036 ], [ 6.709313513272399, 50.912749924676433 ], [ 6.709328302261516, 50.912727181063659 ], [ 6.709206369855354, 50.912694909231497 ], [ 6.709163206288583, 50.912760069670092 ] ] ] ] } },
{ "type": "Feature", "properties": { "fid": 272980.0, "oid": "DENW41AL30008JvPBL", "aktualit": "2024-08-20", "gebnutzbez": "Gebäude", "funktion": "Wohngebäude", "gfkzshh": "31001_1000", "rellage": null, "name": null, "anzahlgs": null, "gmdschl": "05362032", "lagebeztxt": null, "bld area": 12, "flstkennz_": "05468202100422______", "area": 243 }, "geometry": { "type": "MultiPolygon", "coordinates": [ [ [ [ 6.709313513272399, 50.912749924676433 ], [ 6.709370280138648, 50.912764952798682 ], [ 6.709385321852926, 50.912742277098147 ], [ 6.709373750551173, 50.912739189850519 ], [ 6.709328302261516, 50.912727181063659 ], [ 6.709313513272399, 50.912749924676433 ] ] ] ] } },
{ "type": "Feature", "properties": { "fid": 159149.0, "oid": "DENW41AL30008LEEBL", "aktualit": "2024-08-20", "gebnutzbez": "Gebäude", "funktion": "Wohngebäude", "gfkzshh": "31001_1000", "rellage": null, "name": null, "anzahlgs": null, "gmdschl": "05362032", "lagebeztxt": "Merkurweg 28", "bld area": 103, "flstkennz_": "05468202100421______", "area": 252 }, "geometry": { "type": "MultiPolygon", "coordinates": [ [ [ [ 6.709544359047975, 50.912881722205015 ], [ 6.709679806438755, 50.912917496794257 ], [ 6.709734534455501, 50.912834691840104 ], [ 6.709600562432795, 50.912799297038568 ], [ 6.709544359047975, 50.912881722205015 ] ] ] ] } },
{ "type": "Feature", "properties": { "fid": 59487.0, "oid": "DENW41AL30008JN1BL", "aktualit": "2024-08-20", "gebnutzbez": "Gebäude", "funktion": "Wohngebäude", "gfkzshh": "31001_1000", "rellage": null, "name": null, "anzahlgs": null, "gmdschl": "05362032", "lagebeztxt": "Adenauerstraße 28", "bld area": 212, "flstkennz_": "05468202100371______", "area": 858 }, "geometry": { "type": "MultiPolygon", "coordinates": [ [ [ [ 6.705809050417019, 50.911624896842987 ], [ 6.70609608736229, 50.911651162809214 ], [ 6.706117315707073, 50.911558545012625 ], [ 6.705830279758421, 50.911532270120055 ], [ 6.705825046629074, 50.911555075241203 ], [ 6.705814084353249, 50.911602960235427 ], [ 6.705809050417019, 50.911624896842987 ] ] ] ] } },
{ "type": "Feature", "properties": { "fid": 273386.0, "oid": "DENW41AL30008KOcBL", "aktualit": "2024-08-20", "gebnutzbez": "Gebäude", "funktion": "Gebäude zum Parken", "gfkzshh": "31001_2460", "rellage": null, "name": null, "anzahlgs": null, "gmdschl": "05362032", "lagebeztxt": null, "bld area": 19, "flstkennz_": "05468202100371______", "area": 858 }, "geometry": { "type": "MultiPolygon", "coordinates": [ [ [ [ 6.70576371400001, 50.911598795080693 ], [ 6.705814084353249, 50.911602960235427 ], [ 6.705825046629074, 50.911555075241203 ], [ 6.705774676768241, 50.911550901106388 ], [ 6.70576371400001, 50.911598795080693 ] ] ] ] } },
{ "type": "Feature", "properties": { "fid": 60077.0, "oid": "DENW41AL30008KAmBL", "aktualit": "2024-08-20", "gebnutzbez": "Gebäude", "funktion": "Wohngebäude", "gfkzshh": "31001_1000", "rellage": null, "name": null, "anzahlgs": null, "gmdschl": "05362032", "lagebeztxt": "Rote-Kreuz-Straße 24", "bld area": 111, "flstkennz_": "05468202100447______", "area": 658 }, "geometry": { "type": "MultiPolygon", "coordinates": [ [ [ [ 6.705816577134214, 50.911844123332394 ], [ 6.706023050022971, 50.91188890748321 ], [ 6.706056434736677, 50.911827396439534 ], [ 6.705849918561992, 50.911782629483113 ], [ 6.705816577134214, 50.911844123332394 ] ] ] ] } },
{ "type": "Feature", "properties": { "fid": 61981.0, "oid": "DENW41AL30008MtcBL", "aktualit": "2024-08-20", "gebnutzbez": "Gebäude", "funktion": "Wohngebäude", "gfkzshh": "31001_1000", "rellage": null, "name": null, "anzahlgs": null, "gmdschl": "05362032", "lagebeztxt": null, "bld area": 30, "flstkennz_": "05468202000352______", "area": 666 }, "geometry": { "type": "MultiPolygon", "coordinates": [ [ [ [ 6.709927583937654, 50.910608068315625 ], [ 6.709925795854002, 50.910653471449287 ], [ 6.710011438257942, 50.910655197010414 ], [ 6.710012214965173, 50.9106098190003 ], [ 6.709927583937654, 50.910608068315625 ] ] ] ] } },
{ "type": "Feature", "properties": { "fid": 159066.0, "oid": "DENW41AL30008L4WBL", "aktualit": "2024-08-20", "gebnutzbez": "Gebäude", "funktion": "Gebäude zum Parken", "gfkzshh": "31001_2460", "rellage": null, "name": null, "anzahlgs": null, "gmdschl": "05362032", "lagebeztxt": null, "bld area": 37, "flstkennz_": "05468202000352______", "area": 666 }, "geometry": { "type": "MultiPolygon", "coordinates": [ [ [ [ 6.709925795854002, 50.910653471449287 ], [ 6.70992363954042, 50.910708113297289 ], [ 6.710008975103521, 50.910709715914805 ], [ 6.710011438257942, 50.910655197010414 ], [ 6.709925795854002, 50.910653471449287 ] ] ] ] } },
{ "type": "Feature", "properties": { "fid": 159271.0, "oid": "DENW41AL30008LTZBL", "aktualit": "2024-08-20", "gebnutzbez": "Gebäude", "funktion": "Wohngebäude", "gfkzshh": "31001_1000", "rellage": null, "name": null, "anzahlgs": null, "gmdschl": "05362032", "lagebeztxt": "An der Malzmühle 15", "bld area": 162, "flstkennz_": "05468202000352______", "area": 666 }, "geometry": { "type": "MultiPolygon", "coordinates": [ [ [ [ 6.709680705334066, 50.910703624587335 ], [ 6.70992363954042, 50.910708113297289 ], [ 6.709925795854002, 50.910653471449287 ], [ 6.709927583937654, 50.910608068315625 ], [ 6.709922509193037, 50.910607986718418 ], [ 6.709921547358878, 50.91062583913191 ], [ 6.709784021341854, 50.910622969385905 ], [ 6.709784969016023, 50.910605116695322 ], [ 6.709704630625858, 50.910603441097223 ], [ 6.709700734582709, 50.910662797687934 ], [ 6.7096835582714, 50.910662325678906 ], [ 6.709680705334066, 50.910703624587335 ] ] ] ] } },
{ "type": "Feature", "properties": { "fid": 275935.0, "oid": "DENW41AL30008NG3BL", "aktualit": "2024-08-20", "gebnutzbez": "Gebäude", "funktion": "Gebäude zum Parken", "gfkzshh": "31001_2460", "rellage": null, "name": null, "anzahlgs": null, "gmdschl": "05362032", "lagebeztxt": null, "bld area": 31, "flstkennz_": "05468202000383______", "area": 614 }, "geometry": { "type": "MultiPolygon", "coordinates": [ [ [ [ 6.710068671174363, 50.910656338064904 ], [ 6.710067193603751, 50.910710777374511 ], [ 6.710139712562637, 50.91071206544315 ], [ 6.71014019720438, 50.910666258979539 ], [ 6.710138066208687, 50.910666199177193 ], [ 6.71013854245353, 50.910657367316325 ], [ 6.710068671174363, 50.910656338064904 ] ] ] ] } },
{ "type": "Feature", "properties": { "fid": 62867.0, "oid": "DENW41AL30008OAGBL", "aktualit": "2024-08-20", "gebnutzbez": "Gebäude", "funktion": "Wohngebäude", "gfkzshh": "31001_1000", "rellage": null, "name": null, "anzahlgs": null, "gmdschl": "05362032", "lagebeztxt": "An der Malzmühle 13", "bld area": 143, "flstkennz_": "05468202000383______", "area": 614 }, "geometry": { "type": "MultiPolygon", "coordinates": [ [ [ [ 6.710138066208687, 50.910666199177193 ], [ 6.71014019720438, 50.910666258979539 ], [ 6.710189561352853, 50.910667434450581 ], [ 6.710187866034013, 50.910696173329129 ], [ 6.710324079559569, 50.910699412586396 ], [ 6.710325569493476, 50.910666451441379 ], [ 6.710333372608761, 50.910666595546331 ], [ 6.710335194661267, 50.910629476646584 ], [ 6.710303983548528, 50.91062887326806 ], [ 6.710305943629332, 50.910590102161187 ], [ 6.710142104615956, 50.910586833484174 ], [ 6.71013854245353, 50.910657367316325 ], [ 6.710138066208687, 50.910666199177193 ] ] ] ] } },
{ "type": "Feature", "properties": { "fid": 57546.0, "oid": "DENW41AL2000Jo0XBL", "aktualit": "2024-08-20", "gebnutzbez": "Sonstiges Bauwerk oder sonstige Einrichtung", "funktion": "Carport", "gfkzshh": "51009_1611", "rellage": null, "name": null, "anzahlgs": null, "gmdschl": "05362032", "lagebeztxt": null, "bld area": 27, "flstkennz_": "05468202000311______", "area": 341 }, "geometry": { "type": "MultiPolygon", "coordinates": [ [ [ [ 6.709834050024878, 50.910466311488406 ], [ 6.70996457565289, 50.91046948451843 ], [ 6.709964700044528, 50.910453621356474 ], [ 6.709965979234707, 50.910443213295608 ], [ 6.709835480876723, 50.910440355595519 ], [ 6.709834050024878, 50.910466311488406 ] ] ] ] } },
{ "type": "Feature", "properties": { "fid": 157928.0, "oid": "DENW41AL2000Jo0gBL", "aktualit": "2024-08-20", "gebnutzbez": "Gebäude", "funktion": "Gebäude zur Freizeitgestaltung", "gfkzshh": "31001_1310", "rellage": null, "name": null, "anzahlgs": null, "gmdschl": "05362032", "lagebeztxt": null, "bld area": 6, "flstkennz_": "05468202000311______", "area": 341 }, "geometry": { "type": "MultiPolygon", "coordinates": [ [ [ [ 6.709964700044528, 50.910453621356474 ], [ 6.70996457565289, 50.91046948451843 ], [ 6.710013582951578, 50.910470680045123 ], [ 6.710014511164255, 50.910454670762689 ], [ 6.709964700044528, 50.910453621356474 ] ] ] ] } },
{ "type": "Feature", "properties": { "fid": 157927.0, "oid": "DENW41AL2000Jo0bBL", "aktualit": "2024-08-20", "gebnutzbez": "Gebäude", "funktion": "Wohngebäude", "gfkzshh": "31001_1000", "rellage": null, "name": null, "anzahlgs": null, "gmdschl": "05362032", "lagebeztxt": "Sistenichstraße 63a", "bld area": 78, "flstkennz_": "05468202000311______", "area": 341 }, "geometry": { "type": "MultiPolygon", "coordinates": [ [ [ [ 6.7097700826954, 50.910438919269446 ], [ 6.709835480876723, 50.910440355595519 ], [ 6.709965979234707, 50.910443213295608 ], [ 6.709968962907902, 50.910392581063832 ], [ 6.709773372100472, 50.910388149135535 ], [ 6.7097700826954, 50.910438919269446 ] ] ] ] } },
{ "type": "Feature", "properties": { "fid": 62085.0, "oid": "DENW41AL30008N3UBL", "aktualit": "2024-08-20", "gebnutzbez": "Gebäude", "funktion": "Wohngebäude", "gfkzshh": "31001_1000", "rellage": null, "name": null, "anzahlgs": null, "gmdschl": "05362032", "lagebeztxt": "Sistenichstraße 37", "bld area": 93, "flstkennz_": "05468202100395______", "area": 934 }, "geometry": { "type": "MultiPolygon", "coordinates": [ [ [ [ 6.709461622672414, 50.912428198587371 ], [ 6.709553540599985, 50.912451687449057 ], [ 6.709583202402587, 50.912459240037464 ], [ 6.709635783829739, 50.912374944946016 ], [ 6.70951485464275, 50.912344276081498 ], [ 6.709461622672414, 50.912428198587371 ] ] ] ] } },
{ "type": "Feature", "properties": { "fid": 159276.0, "oid": "DENW41AL30008LUFBL", "aktualit": "2024-08-20", "gebnutzbez": "Gebäude", "funktion": "Gebäude zum Parken", "gfkzshh": "31001_2460", "rellage": null, "name": null, "anzahlgs": null, "gmdschl": "05362032", "lagebeztxt": null, "bld area": 23, "flstkennz_": "05468202100395______", "area": 934 }, "geometry": { "type": "MultiPolygon", "coordinates": [ [ [ [ 6.709444527865587, 50.912455313064449 ], [ 6.70953620598, 50.91247876125604 ], [ 6.709553540599985, 50.912451687449057 ], [ 6.709461622672414, 50.912428198587371 ], [ 6.709444527865587, 50.912455313064449 ] ] ] ] } },
{ "type": "Feature", "properties": { "fid": 160418.0, "oid": "DENW41AL30008NmnBL", "aktualit": "2024-08-20", "gebnutzbez": "Gebäude", "funktion": "Wohngebäude", "gfkzshh": "31001_1000", "rellage": null, "name": null, "anzahlgs": null, "gmdschl": "05362032", "lagebeztxt": "Merkurweg 34", "bld area": 101, "flstkennz_": "05468202100395______", "area": 934 }, "geometry": { "type": "MultiPolygon", "coordinates": [ [ [ [ 6.70967717158941, 50.912620297898009 ], [ 6.709680354275122, 50.912625307116883 ], [ 6.709833025046468, 50.912665233050213 ], [ 6.709888356803281, 50.912580551110857 ], [ 6.709772711188259, 50.912550336972771 ], [ 6.709752192572632, 50.912581701471801 ], [ 6.709738666842545, 50.912578144187741 ], [ 6.709715113734197, 50.912613649374627 ], [ 6.709693528508302, 50.9126079192364 ], [ 6.709683815972314, 50.912610148037224 ], [ 6.70967717158941, 50.912620297898009 ] ] ] ] } },
{ "type": "Feature", "properties": { "fid": 60595.0, "oid": "DENW41AL30008KuEBL", "aktualit": "2024-08-20", "gebnutzbez": "Gebäude", "funktion": "Wohngebäude", "gfkzshh": "31001_1000", "rellage": null, "name": null, "anzahlgs": null, "gmdschl": "05362032", "lagebeztxt": "Sistenichstraße 35", "bld area": 79, "flstkennz_": "05468202100418______", "area": 201 }, "geometry": { "type": "MultiPolygon", "coordinates": [ [ [ [ 6.709318150435594, 50.912530073879296 ], [ 6.709434953406933, 50.912561048703253 ], [ 6.709439910614742, 50.912562369199598 ], [ 6.709486110259848, 50.912491574982553 ], [ 6.709364710944219, 50.912459466674328 ], [ 6.709318150435594, 50.912530073879296 ] ] ] ] } },
{ "type": "Feature", "properties": { "fid": 160418.0, "oid": "DENW41AL30008NmnBL", "aktualit": "2024-08-20", "gebnutzbez": "Gebäude", "funktion": "Wohngebäude", "gfkzshh": "31001_1000", "rellage": null, "name": null, "anzahlgs": null, "gmdschl": "05362032", "lagebeztxt": "Merkurweg 34", "bld area": 101, "flstkennz_": "05468202100423______", "area": 304 }, "geometry": { "type": "MultiPolygon", "coordinates": [ [ [ [ 6.70967717158941, 50.912620297898009 ], [ 6.709680354275122, 50.912625307116883 ], [ 6.709833025046468, 50.912665233050213 ], [ 6.709888356803281, 50.912580551110857 ], [ 6.709772711188259, 50.912550336972771 ], [ 6.709752192572632, 50.912581701471801 ], [ 6.709738666842545, 50.912578144187741 ], [ 6.709715113734197, 50.912613649374627 ], [ 6.709693528508302, 50.9126079192364 ], [ 6.709683815972314, 50.912610148037224 ], [ 6.70967717158941, 50.912620297898009 ] ] ] ] } },
{ "type": "Feature", "properties": { "fid": 62795.0, "oid": "DENW41AL30008O4CBL", "aktualit": "2024-08-20", "gebnutzbez": "Gebäude", "funktion": "Wohngebäude", "gfkzshh": "31001_1000", "rellage": null, "name": null, "anzahlgs": null, "gmdschl": "05362032", "lagebeztxt": "Merkurweg 27", "bld area": 169, "flstkennz_": "05468200800658______", "area": 37 }, "geometry": { "type": "MultiPolygon", "coordinates": [ [ [ [ 6.710319482529736, 50.912679430306198 ], [ 6.710338830767032, 50.91261828918794 ], [ 6.710347344968786, 50.912591383952758 ], [ 6.710138571187478, 50.91256591975349 ], [ 6.710128022338512, 50.912599128044157 ], [ 6.710110636053157, 50.91265386080665 ], [ 6.710319482529736, 50.912679430306198 ] ] ] ] } },
{ "type": "Feature", "properties": { "fid": 59195.0, "oid": "DENW41AL2cv0001zBL", "aktualit": "2024-08-20", "gebnutzbez": "Gebäude", "funktion": "Gebäude für Wirtschaft oder Gewerbe", "gfkzshh": "31001_2000", "rellage": null, "name": null, "anzahlgs": null, "gmdschl": "05362032", "lagebeztxt": null, "bld area": 205, "flstkennz_": "05468200800660______", "area": 1827 }, "geometry": { "type": "MultiPolygon", "coordinates": [ [ [ [ 6.710404933730238, 50.91258775506742 ], [ 6.710495543794141, 50.912599066488937 ], [ 6.71054113001826, 50.912604790648345 ], [ 6.710594694903691, 50.912436662412446 ], [ 6.710518917881688, 50.912427207040658 ], [ 6.71052801436681, 50.912398109694202 ], [ 6.71046206520778, 50.912389872418139 ], [ 6.710421804640929, 50.912529543447874 ], [ 6.710404933730238, 50.91258775506742 ] ] ] ] } },
{ "type": "Feature", "properties": { "fid": 59196.0, "oid": "DENW41AL2cv00024BL", "aktualit": "2024-08-20", "gebnutzbez": "Gebäude", "funktion": "Gebäude für Wirtschaft oder Gewerbe", "gfkzshh": "31001_2000", "rellage": null, "name": null, "anzahlgs": null, "gmdschl": "05362032", "lagebeztxt": null, "bld area": 114, "flstkennz_": "05468200800660______", "area": 1827 }, "geometry": { "type": "MultiPolygon", "coordinates": [ [ [ [ 6.710920188503132, 50.912477539780824 ], [ 6.711129943702964, 50.912503716455035 ], [ 6.711180639154775, 50.91240445348685 ], [ 6.711116944019041, 50.912391448944888 ], [ 6.711086521546716, 50.912450995817494 ], [ 6.710942240457443, 50.912426220262411 ], [ 6.710920188503132, 50.912477539780824 ] ] ] ] } },
{ "type": "Feature", "properties": { "fid": 62852.0, "oid": "DENW41AL30008O95BL", "aktualit": "2024-08-20", "gebnutzbez": "Gebäude", "funktion": "Gemischt genutztes Gebäude mit Wohnen", "gfkzshh": "31001_1100", "rellage": null, "name": null, "anzahlgs": null, "gmdschl": "05362032", "lagebeztxt": "Hauptstraße 196", "bld area": 575, "flstkennz_": "05468200800660______", "area": 1827 }, "geometry": { "type": "MultiPolygon", "coordinates": [ [ [ [ 6.710629039559393, 50.912615761175104 ], [ 6.710825377500394, 50.91264023612483 ], [ 6.711012704222735, 50.912663670562196 ], [ 6.71104863371686, 50.912668170792209 ], [ 6.711098943452741, 50.912510096856565 ], [ 6.711126841691661, 50.912513585103305 ], [ 6.711129943702964, 50.912503716455035 ], [ 6.710920188503132, 50.912477539780824 ], [ 6.710682676631651, 50.912447895146158 ], [ 6.710629039559393, 50.912615761175104 ] ] ] ] } },
{ "type": "Feature", "properties": { "fid": 160378.0, "oid": "DENW41AL30008NhgBL", "aktualit": "2024-08-20", "gebnutzbez": "Gebäude", "funktion": "Gebäude zum Parken", "gfkzshh": "31001_2460", "rellage": null, "name": null, "anzahlgs": null, "gmdschl": "05362032", "lagebeztxt": null, "bld area": 106, "flstkennz_": "05468200800660______", "area": 1827 }, "geometry": { "type": "MultiPolygon", "coordinates": [ [ [ [ 6.710340485383987, 50.912520249049848 ], [ 6.710421804640929, 50.912529543447874 ], [ 6.71046206520778, 50.912389872418139 ], [ 6.710468991991634, 50.912365850153357 ], [ 6.71038852226211, 50.912356644406302 ], [ 6.710361364624809, 50.912452258544306 ], [ 6.710351813109083, 50.912486275719061 ], [ 6.710350131457135, 50.912486044855122 ], [ 6.710340485383987, 50.912520249049848 ] ] ] ] } },
{ "type": "Feature", "properties": { "fid": 275131.0, "oid": "DENW41AL30008MMuBL", "aktualit": "2024-08-20", "gebnutzbez": "Gebäude", "funktion": "Gebäude für Wirtschaft oder Gewerbe", "gfkzshh": "31001_2000", "rellage": null, "name": null, "anzahlgs": null, "gmdschl": "05362032", "lagebeztxt": null, "bld area": 120, "flstkennz_": "05468200800660______", "area": 1827 }, "geometry": { "type": "MultiPolygon", "coordinates": [ [ [ [ 6.71054113001826, 50.912604790648345 ], [ 6.710629039559393, 50.912615761175104 ], [ 6.710682676631651, 50.912447895146158 ], [ 6.710594694903691, 50.912436662412446 ], [ 6.71054113001826, 50.912604790648345 ] ] ] ] } },
{ "type": "Feature", "properties": { "fid": 62795.0, "oid": "DENW41AL30008O4CBL", "aktualit": "2024-08-20", "gebnutzbez": "Gebäude", "funktion": "Wohngebäude", "gfkzshh": "31001_1000", "rellage": null, "name": null, "anzahlgs": null, "gmdschl": "05362032", "lagebeztxt": "Merkurweg 27", "bld area": 169, "flstkennz_": "05468200800657______", "area": 315 }, "geometry": { "type": "MultiPolygon", "coordinates": [ [ [ [ 6.710319482529736, 50.912679430306198 ], [ 6.710338830767032, 50.91261828918794 ], [ 6.710347344968786, 50.912591383952758 ], [ 6.710138571187478, 50.91256591975349 ], [ 6.710128022338512, 50.912599128044157 ], [ 6.710110636053157, 50.91265386080665 ], [ 6.710319482529736, 50.912679430306198 ] ] ] ] } },
{ "type": "Feature", "properties": { "fid": 275473.0, "oid": "DENW41AL30008MjhBL", "aktualit": "2024-08-20", "gebnutzbez": "Gebäude", "funktion": "Wohngebäude", "gfkzshh": "31001_1000", "rellage": null, "name": null, "anzahlgs": null, "gmdschl": "05362032", "lagebeztxt": "Merkurweg 29", "bld area": 121, "flstkennz_": "05468200800659______", "area": 399 }, "geometry": { "type": "MultiPolygon", "coordinates": [ [ [ [ 6.710148901761052, 50.912555722321116 ], [ 6.710324139967075, 50.912577607534708 ], [ 6.710340485383987, 50.912520249049848 ], [ 6.710350131457135, 50.912486044855122 ], [ 6.710346354650818, 50.91248560199665 ], [ 6.710344424711473, 50.912491877991712 ], [ 6.710231067465641, 50.91247793456759 ], [ 6.710233011632611, 50.912471658853434 ], [ 6.710187023202666, 50.912466016621607 ], [ 6.710176524671379, 50.912500195083275 ], [ 6.710164925970767, 50.912498825250083 ], [ 6.710148901761052, 50.912555722321116 ] ] ] ] } },
{ "type": "Feature", "properties": { "fid": 62670.0, "oid": "DENW41AL30008NswBL", "aktualit": "2024-08-20", "gebnutzbez": "Gebäude", "funktion": "Gebäude zur Freizeitgestaltung", "gfkzshh": "31001_1310", "rellage": null, "name": null, "anzahlgs": null, "gmdschl": "05362032", "lagebeztxt": null, "bld area": 57, "flstkennz_": "05468200800659______", "area": 399 }, "geometry": { "type": "MultiPolygon", "coordinates": [ [ [ [ 6.710281736331137, 50.912442718463268 ], [ 6.710361364624809, 50.912452258544306 ], [ 6.71038852226211, 50.912356644406302 ], [ 6.710356256268791, 50.912358088997081 ], [ 6.710305227887765, 50.91236092830264 ], [ 6.710281736331137, 50.912442718463268 ] ] ] ] } },
{ "type": "Feature", "properties": { "fid": 59584.0, "oid": "DENW41AL30008JVaBL", "aktualit": "2024-08-20", "gebnutzbez": "Gebäude", "funktion": "Gemischt genutztes Gebäude mit Wohnen", "gfkzshh": "31001_1100", "rellage": null, "name": null, "anzahlgs": null, "gmdschl": "05362032", "lagebeztxt": "Hauptstraße 194", "bld area": 153, "flstkennz_": "05468200800662______", "area": 392 }, "geometry": { "type": "MultiPolygon", "coordinates": [ [ [ [ 6.710982646921206, 50.912760702991676 ], [ 6.71101001923925, 50.912672288212732 ], [ 6.711003004800053, 50.912671431102318 ], [ 6.710822507681885, 50.912649448271033 ], [ 6.71079501395463, 50.912737703212571 ], [ 6.710975703094166, 50.912759856258845 ], [ 6.710982646921206, 50.912760702991676 ] ] ] ] } },
{ "type": "Feature", "properties": { "fid": 60850.0, "oid": "DENW41AL30008LHBBL", "aktualit": "2024-08-20", "gebnutzbez": "Gebäude", "funktion": "Wohngebäude", "gfkzshh": "31001_1000", "rellage": null, "name": null, "anzahlgs": null, "gmdschl": "05362032", "lagebeztxt": "Merodestraße 4", "bld area": 81, "flstkennz_": "05468201900356______", "area": 431 }, "geometry": { "type": "MultiPolygon", "coordinates": [ [ [ [ 6.710959125341499, 50.909034200147204 ], [ 6.711072403093823, 50.909048438171126 ], [ 6.711077780462337, 50.909014806750186 ], [ 6.711096726463896, 50.908957166370314 ], [ 6.710987829851097, 50.90894323016245 ], [ 6.710959125341499, 50.909034200147204 ] ] ] ] } },
{ "type": "Feature", "properties": { "fid": 276023.0, "oid": "DENW41AL30008NM2BL", "aktualit": "2024-08-20", "gebnutzbez": "Gebäude", "funktion": "Gebäude für Wirtschaft oder Gewerbe", "gfkzshh": "31001_2000", "rellage": null, "name": null, "anzahlgs": null, "gmdschl": "05362032", "lagebeztxt": null, "bld area": 21, "flstkennz_": "05468201900356______", "area": 431 }, "geometry": { "type": "MultiPolygon", "coordinates": [ [ [ [ 6.711002908706752, 50.909199516188821 ], [ 6.711052927681511, 50.909202970663785 ], [ 6.711062302585074, 50.909149333813438 ], [ 6.711012185946082, 50.90914584145002 ], [ 6.711002908706752, 50.909199516188821 ] ] ] ] } },
{ "type": "Feature", "properties": { "fid": 274344.0, "oid": "DENW41AL30008LS9BL", "aktualit": "2024-08-20", "gebnutzbez": "Gebäude", "funktion": "Wohngebäude", "gfkzshh": "31001_1000", "rellage": null, "name": null, "anzahlgs": null, "gmdschl": "05362032", "lagebeztxt": "Sistenichstraße 75 a", "bld area": 81, "flstkennz_": "05468201900380______", "area": 350 }, "geometry": { "type": "MultiPolygon", "coordinates": [ [ [ [ 6.710293538822393, 50.909304187264645 ], [ 6.710292206892048, 50.909337987967724 ], [ 6.710324465309517, 50.90933868385676 ], [ 6.710324030777146, 50.909347246714979 ], [ 6.710395395223593, 50.909348826780544 ], [ 6.71040298754566, 50.909310076228429 ], [ 6.710424674342202, 50.909310519705592 ], [ 6.710426243182723, 50.909278846258836 ], [ 6.710409086631396, 50.909278851428596 ], [ 6.71041656224405, 50.909240449355714 ], [ 6.710328036672981, 50.909239261116582 ], [ 6.710325780700634, 50.909304639988072 ], [ 6.710293538822393, 50.909304187264645 ] ] ] ] } },
{ "type": "Feature", "properties": { "fid": 61647.0, "oid": "DENW41AL30008MQ3BL", "aktualit": "2024-08-20", "gebnutzbez": "Gebäude", "funktion": "Wohngebäude", "gfkzshh": "31001_1000", "rellage": null, "name": null, "anzahlgs": null, "gmdschl": "05362032", "lagebeztxt": "Merodestraße 6", "bld area": 72, "flstkennz_": "05468201900388______", "area": 501 }, "geometry": { "type": "MultiPolygon", "coordinates": [ [ [ [ 6.710760747109246, 50.908998559575146 ], [ 6.710763720168019, 50.908998851743767 ], [ 6.710778899008792, 50.909000300748232 ], [ 6.710873595360269, 50.909009371607276 ], [ 6.710892593004475, 50.908930101445101 ], [ 6.710779688091668, 50.908919288318472 ], [ 6.71076117462584, 50.908996805116708 ], [ 6.710760747109246, 50.908998559575146 ] ] ] ] } },
{ "type": "Feature", "properties": { "fid": 274865.0, "oid": "DENW41AL30008M3FBL", "aktualit": "2024-08-20", "gebnutzbez": "Gebäude", "funktion": "Gebäude zum Parken", "gfkzshh": "31001_2460", "rellage": null, "name": null, "anzahlgs": null, "gmdschl": "05362032", "lagebeztxt": null, "bld area": 93, "flstkennz_": "05468201900388______", "area": 501 }, "geometry": { "type": "MultiPolygon", "coordinates": [ [ [ [ 6.710543825488016, 50.90931263249346 ], [ 6.710612804544901, 50.909318176999804 ], [ 6.710619945865798, 50.90928571346155 ], [ 6.710626612705981, 50.909255381211842 ], [ 6.710590546219511, 50.909252856847772 ], [ 6.71059815491896, 50.909213189205985 ], [ 6.710609804616526, 50.909214083314907 ], [ 6.710611434155025, 50.909214214218437 ], [ 6.710637104124445, 50.909090886947531 ], [ 6.710635151682011, 50.90909066876268 ], [ 6.710588035789251, 50.90908632667967 ], [ 6.710572068173778, 50.909167904765326 ], [ 6.710558157651443, 50.909239161994279 ], [ 6.710543825488016, 50.90931263249346 ] ] ] ] } },
{ "type": "Feature", "properties": { "fid": 60743.0, "oid": "DENW41AL30008L7aBL", "aktualit": "2024-08-20", "gebnutzbez": "Gebäude", "funktion": "Gebäude zur Freizeitgestaltung", "gfkzshh": "31001_1310", "rellage": null, "name": null, "anzahlgs": null, "gmdschl": "05362032", "lagebeztxt": null, "bld area": 11, "flstkennz_": "05468201900388______", "area": 501 }, "geometry": { "type": "MultiPolygon", "coordinates": [ [ [ [ 6.710590546219511, 50.909252856847772 ], [ 6.710626612705981, 50.909255381211842 ], [ 6.710626780303929, 50.909254575030168 ], [ 6.710627440050787, 50.909250117901991 ], [ 6.710633460760811, 50.909218747647913 ], [ 6.710609258845368, 50.909216797822282 ], [ 6.710609635254485, 50.909214925438377 ], [ 6.710609804616526, 50.909214083314907 ], [ 6.71059815491896, 50.909213189205985 ], [ 6.710590546219511, 50.909252856847772 ] ] ] ] } },
{ "type": "Feature", "properties": { "fid": 158753.0, "oid": "DENW41AL30008KSOBL", "aktualit": "2024-08-20", "gebnutzbez": "Gebäude", "funktion": "Wohngebäude", "gfkzshh": "31001_1000", "rellage": null, "name": null, "anzahlgs": null, "gmdschl": "05362032", "lagebeztxt": null, "bld area": 52, "flstkennz_": "05468201900388______", "area": 501 }, "geometry": { "type": "MultiPolygon", "coordinates": [ [ [ [ 6.710681764719478, 50.909099749850249 ], [ 6.710742085899452, 50.909105754023926 ], [ 6.710759231141565, 50.909016985743961 ], [ 6.710761589163702, 50.909008649493217 ], [ 6.710763720168019, 50.908998851743767 ], [ 6.710760747109246, 50.908998559575146 ], [ 6.71076117462584, 50.908996805116708 ], [ 6.710702803716354, 50.908990776252182 ], [ 6.710682804857447, 50.909095947759702 ], [ 6.710681764719478, 50.909099749850249 ] ] ] ] } },
{ "type": "Feature", "properties": { "fid": 273381.0, "oid": "DENW41AL30008KNxBL", "aktualit": "2024-08-20", "gebnutzbez": "Gebäude", "funktion": "Wohngebäude", "gfkzshh": "31001_1000", "rellage": null, "name": null, "anzahlgs": null, "gmdschl": "05362032", "lagebeztxt": "Merodestraße 8", "bld area": 76, "flstkennz_": "05468201900388______", "area": 501 }, "geometry": { "type": "MultiPolygon", "coordinates": [ [ [ [ 6.710643172804589, 50.908984623704676 ], [ 6.710702803716354, 50.908990776252182 ], [ 6.71076117462584, 50.908996805116708 ], [ 6.710779688091668, 50.908919288318472 ], [ 6.710780389739859, 50.908916585862166 ], [ 6.710664698193442, 50.908903712273492 ], [ 6.710643172804589, 50.908984623704676 ] ] ] ] } },
{ "type": "Feature", "properties": { "fid": 273890.0, "oid": "DENW41AL30008KxZBL", "aktualit": "2024-08-20", "gebnutzbez": "Gebäude", "funktion": "Gebäude für Wirtschaft oder Gewerbe", "gfkzshh": "31001_2000", "rellage": null, "name": null, "anzahlgs": null, "gmdschl": "05362032", "lagebeztxt": null, "bld area": 70, "flstkennz_": "05468201900347______", "area": 827 }, "geometry": { "type": "MultiPolygon", "coordinates": [ [ [ [ 6.710015575829257, 50.909444257745584 ], [ 6.710013389092768, 50.909498943977283 ], [ 6.710176631135896, 50.909501544577786 ], [ 6.710178831893459, 50.90944685861944 ], [ 6.710015575829257, 50.909444257745584 ] ] ] ] } },
{ "type": "Feature", "properties": { "fid": 275832.0, "oid": "DENW41AL30008N8DBL", "aktualit": "2024-08-20", "gebnutzbez": "Gebäude", "funktion": "Wohngebäude", "gfkzshh": "31001_1000", "rellage": null, "name": null, "anzahlgs": null, "gmdschl": "05362032", "lagebeztxt": "Sistenichstraße 71", "bld area": 291, "flstkennz_": "05468201900347______", "area": 827 }, "geometry": { "type": "MultiPolygon", "coordinates": [ [ [ [ 6.709805682325347, 50.90929630502233 ], [ 6.709796187488273, 50.909539535213021 ], [ 6.709948366844515, 50.909542035949961 ], [ 6.709956995984231, 50.909343372554844 ], [ 6.709955020059168, 50.909343342774093 ], [ 6.709956720103471, 50.909297991868875 ], [ 6.709955042193328, 50.909297976930361 ], [ 6.709805682325347, 50.90929630502233 ] ] ] ] } },
{ "type": "Feature", "properties": { "fid": 160445.0, "oid": "DENW41AL30008NqTBL", "aktualit": "2024-08-20", "gebnutzbez": "Gebäude", "funktion": "Wohngebäude", "gfkzshh": "31001_1000", "rellage": null, "name": null, "anzahlgs": null, "gmdschl": "05362032", "lagebeztxt": "Sistenichstraße 71 a", "bld area": 54, "flstkennz_": "05468201900378______", "area": 231 }, "geometry": { "type": "MultiPolygon", "coordinates": [ [ [ [ 6.710429994053358, 50.909573413885916 ], [ 6.710498705794984, 50.90957803581361 ], [ 6.710517869875966, 50.909463799892322 ], [ 6.710515746431704, 50.909463587344831 ], [ 6.710512890817546, 50.909480611129354 ], [ 6.710451830409414, 50.909476616011275 ], [ 6.710454702462804, 50.909459547580084 ], [ 6.710449172071125, 50.909459187242277 ], [ 6.710446300015742, 50.909476255673297 ], [ 6.710433152857772, 50.909554561254133 ], [ 6.710429994053358, 50.909573413885916 ] ] ] ] } },
{ "type": "Feature", "properties": { "fid": 275670.0, "oid": "DENW41AL30008MxxBL", "aktualit": "2024-08-20", "gebnutzbez": "Gebäude", "funktion": "Wohngebäude", "gfkzshh": "31001_1000", "rellage": null, "name": null, "anzahlgs": null, "gmdschl": "05362032", "lagebeztxt": "Sistenichstraße 71 b", "bld area": 51, "flstkennz_": "05468201900377______", "area": 108 }, "geometry": { "type": "MultiPolygon", "coordinates": [ [ [ [ 6.710498705794984, 50.90957803581361 ], [ 6.710564463079315, 50.90958227595123 ], [ 6.710583783776422, 50.909468034098701 ], [ 6.710581469840537, 50.909467934738679 ], [ 6.71057861601401, 50.909484922583289 ], [ 6.710517414353908, 50.909480906740285 ], [ 6.710520284178596, 50.909463883234473 ], [ 6.710517869875966, 50.909463799892322 ], [ 6.710498705794984, 50.90957803581361 ] ] ] ] } },
{ "type": "Feature", "properties": { "fid": 62040.0, "oid": "DENW41AL30008MzcBL", "aktualit": "2024-08-20", "gebnutzbez": "Gebäude", "funktion": "Wohngebäude", "gfkzshh": "31001_1000", "rellage": null, "name": null, "anzahlgs": null, "gmdschl": "05362032", "lagebeztxt": "Sistenichstraße 73, 75", "bld area": 264, "flstkennz_": "05468201900351______", "area": 627 }, "geometry": { "type": "MultiPolygon", "coordinates": [ [ [ [ 6.709956667130225, 50.909240536470406 ], [ 6.709955042193328, 50.909297976930361 ], [ 6.709956720103471, 50.909297991868875 ], [ 6.709955020059168, 50.909343342774093 ], [ 6.709956995984231, 50.909343372554844 ], [ 6.710291846942813, 50.909346480336374 ], [ 6.710292206892048, 50.909337987967724 ], [ 6.710293538822393, 50.909304187264645 ], [ 6.710295658459246, 50.909243905377217 ], [ 6.710291393509756, 50.90924384867796 ], [ 6.710291212239408, 50.909250149990392 ], [ 6.710205461639839, 50.909249231963969 ], [ 6.710205624298966, 50.909243020227478 ], [ 6.710127405239398, 50.909242267911779 ], [ 6.71012725678195, 50.909248479926916 ], [ 6.710066695744272, 50.909247939146667 ], [ 6.710066829115498, 50.90924174482376 ], [ 6.709956667130225, 50.909240536470406 ] ] ] ] } },
{ "type": "Feature", "properties": { "fid": 274344.0, "oid": "DENW41AL30008LS9BL", "aktualit": "2024-08-20", "gebnutzbez": "Gebäude", "funktion": "Wohngebäude", "gfkzshh": "31001_1000", "rellage": null, "name": null, "anzahlgs": null, "gmdschl": "05362032", "lagebeztxt": "Sistenichstraße 75 a", "bld area": 81, "flstkennz_": "05468201900351______", "area": 627 }, "geometry": { "type": "MultiPolygon", "coordinates": [ [ [ [ 6.710293538822393, 50.909304187264645 ], [ 6.710292206892048, 50.909337987967724 ], [ 6.710324465309517, 50.90933868385676 ], [ 6.710324030777146, 50.909347246714979 ], [ 6.710395395223593, 50.909348826780544 ], [ 6.71040298754566, 50.909310076228429 ], [ 6.710424674342202, 50.909310519705592 ], [ 6.710426243182723, 50.909278846258836 ], [ 6.710409086631396, 50.909278851428596 ], [ 6.71041656224405, 50.909240449355714 ], [ 6.710328036672981, 50.909239261116582 ], [ 6.710325780700634, 50.909304639988072 ], [ 6.710293538822393, 50.909304187264645 ] ] ] ] } },
{ "type": "Feature", "properties": { "fid": 273914.0, "oid": "DENW41AL30008LAiBL", "aktualit": "2024-08-20", "gebnutzbez": "Gebäude", "funktion": "Gebäude zum Parken", "gfkzshh": "31001_2460", "rellage": null, "name": null, "anzahlgs": null, "gmdschl": "05362032", "lagebeztxt": null, "bld area": 119, "flstkennz_": "05468201900351______", "area": 627 }, "geometry": { "type": "MultiPolygon", "coordinates": [ [ [ [ 6.710151088822293, 50.909148420423129 ], [ 6.710430994562344, 50.909156826488342 ], [ 6.710441358837404, 50.909103335011437 ], [ 6.710155275588299, 50.90909471781309 ], [ 6.710151088822293, 50.909148420423129 ] ] ] ] } },
{ "type": "Feature", "properties": { "fid": 60035.0, "oid": "DENW41AL30008K6uBL", "aktualit": "2024-08-20", "gebnutzbez": "Gebäude", "funktion": "Wohngebäude", "gfkzshh": "31001_1000", "rellage": null, "name": null, "anzahlgs": null, "gmdschl": "05362032", "lagebeztxt": "Am Kalkofen 41", "bld area": 82, "flstkennz_": "05468202100441______", "area": 292 }, "geometry": { "type": "MultiPolygon", "coordinates": [ [ [ [ 6.705010057239693, 50.912642160341079 ], [ 6.705136008191291, 50.91268753907449 ], [ 6.705182708950536, 50.912636768266573 ], [ 6.705192914889417, 50.91262567235561 ], [ 6.705067091635809, 50.912578857136161 ], [ 6.705010057239693, 50.912642160341079 ] ] ] ] } },
{ "type": "Feature", "properties": { "fid": 277350.0, "oid": "DENW41AL30008OmlBL", "aktualit": "2024-08-20", "gebnutzbez": "Gebäude", "funktion": "Gebäude zum Parken", "gfkzshh": "31001_2460", "rellage": null, "name": null, "anzahlgs": null, "gmdschl": "05362032", "lagebeztxt": null, "bld area": 19, "flstkennz_": "05468202100441______", "area": 292 }, "geometry": { "type": "MultiPolygon", "coordinates": [ [ [ [ 6.705136008191291, 50.91268753907449 ], [ 6.705172521354508, 50.912700695935115 ], [ 6.705218900492416, 50.912649810859257 ], [ 6.705182708950536, 50.912636768266573 ], [ 6.705136008191291, 50.91268753907449 ] ] ] ] } },
{ "type": "Feature", "properties": { "fid": 159453.0, "oid": "DENW41AL30008LsDBL", "aktualit": "2024-08-20", "gebnutzbez": "Gebäude", "funktion": "Gebäude zum Parken", "gfkzshh": "31001_2460", "rellage": null, "name": null, "anzahlgs": null, "gmdschl": "05362032", "lagebeztxt": null, "bld area": 25, "flstkennz_": "054682021001590003__", "area": 239 }, "geometry": { "type": "MultiPolygon", "coordinates": [ [ [ [ 6.705298481994942, 50.912394539922012 ], [ 6.705298706308447, 50.912394607291489 ], [ 6.705334621300228, 50.9124051710318 ], [ 6.705370494553648, 50.912415715952051 ], [ 6.705371153723841, 50.912415908795197 ], [ 6.705383983069552, 50.91239862253866 ], [ 6.705363920992172, 50.912392597755485 ], [ 6.705382918959738, 50.912366753474437 ], [ 6.705366426393613, 50.912361914146359 ], [ 6.705330511427303, 50.912351350416081 ], [ 6.705298481994942, 50.912394539922012 ] ] ] ] } },
{ "type": "Feature", "properties": { "fid": 159514.0, "oid": "DENW41AL30008LzSBL", "aktualit": "2024-08-20", "gebnutzbez": "Gebäude", "funktion": "Wohngebäude", "gfkzshh": "31001_1000", "rellage": null, "name": null, "anzahlgs": null, "gmdschl": "05362032", "lagebeztxt": "Wiesenstraße 44", "bld area": 48, "flstkennz_": "054682021001590003__", "area": 239 }, "geometry": { "type": "MultiPolygon", "coordinates": [ [ [ [ 6.705363920992172, 50.912392597755485 ], [ 6.705383983069552, 50.91239862253866 ], [ 6.705434047227648, 50.912413655709102 ], [ 6.705483008639094, 50.91234815191028 ], [ 6.705412425826988, 50.91232683317304 ], [ 6.705400519576441, 50.912342707519443 ], [ 6.705384127391794, 50.91233785217932 ], [ 6.705366426393613, 50.912361914146359 ], [ 6.705382918959738, 50.912366753474437 ], [ 6.705363920992172, 50.912392597755485 ] ] ] ] } },
{ "type": "Feature", "properties": { "fid": 275161.0, "oid": "DENW41AL30008MOvBL", "aktualit": "2024-08-20", "gebnutzbez": "Gebäude", "funktion": "Gebäude zum Parken", "gfkzshh": "31001_2460", "rellage": null, "name": null, "anzahlgs": null, "gmdschl": "05362032", "lagebeztxt": null, "bld area": 19, "flstkennz_": "054682021000010004__", "area": 325 }, "geometry": { "type": "MultiPolygon", "coordinates": [ [ [ [ 6.705448911016822, 50.912649989358556 ], [ 6.705480623281384, 50.912660965094595 ], [ 6.705487912244907, 50.91265305867929 ], [ 6.705495210797199, 50.9126556575712 ], [ 6.705513932264688, 50.912634277905283 ], [ 6.705532640827797, 50.912612871000384 ], [ 6.705493766389206, 50.912601151854467 ], [ 6.705492644815298, 50.912600815008872 ], [ 6.705456443748506, 50.912641754956056 ], [ 6.705448911016822, 50.912649989358556 ] ] ] ] } },
{ "type": "Feature", "properties": { "fid": 158526.0, "oid": "DENW41AL30008JzuBL", "aktualit": "2024-08-20", "gebnutzbez": "Gebäude", "funktion": "Gebäude zum Parken", "gfkzshh": "31001_2460", "rellage": null, "name": null, "anzahlgs": null, "gmdschl": "05362032", "lagebeztxt": null, "bld area": 19, "flstkennz_": "054682021000010004__", "area": 325 }, "geometry": { "type": "MultiPolygon", "coordinates": [ [ [ [ 6.705375133288381, 50.91267567395716 ], [ 6.70541271130291, 50.912689454285101 ], [ 6.705448911016822, 50.912649989358556 ], [ 6.705456443748506, 50.912641754956056 ], [ 6.705415669450865, 50.912627300196881 ], [ 6.705390599649226, 50.912654527112842 ], [ 6.705393578409173, 50.912655575034144 ], [ 6.705375133288381, 50.91267567395716 ] ] ] ] } },
{ "type": "Feature", "properties": { "fid": 275049.0, "oid": "DENW41AL30008MH1BL", "aktualit": "2024-08-20", "gebnutzbez": "Gebäude", "funktion": "Wohngebäude", "gfkzshh": "31001_1000", "rellage": null, "name": null, "anzahlgs": null, "gmdschl": "05362032", "lagebeztxt": "Am Kalkofen 39", "bld area": 97, "flstkennz_": "054682021000010004__", "area": 325 }, "geometry": { "type": "MultiPolygon", "coordinates": [ [ [ [ 6.705208096872117, 50.912715561215371 ], [ 6.705306540417111, 50.912750388412732 ], [ 6.705375133288381, 50.91267567395716 ], [ 6.705393578409173, 50.912655575034144 ], [ 6.705390599649226, 50.912654527112842 ], [ 6.70529501275709, 50.912620340772953 ], [ 6.705208096872117, 50.912715561215371 ] ] ] ] } },
{ "type": "Feature", "properties": { "fid": 273013.0, "oid": "DENW41AL30008JxLBL", "aktualit": "2024-08-20", "gebnutzbez": "Gebäude", "funktion": "Wohngebäude", "gfkzshh": "31001_1000", "rellage": null, "name": null, "anzahlgs": null, "gmdschl": "05362032", "lagebeztxt": "Friedrich-Ebert-Platz 3", "bld area": 121, "flstkennz_": "05468202000421______", "area": 324 }, "geometry": { "type": "MultiPolygon", "coordinates": [ [ [ [ 6.710485267679624, 50.911241879535112 ], [ 6.710662405745815, 50.911251335721175 ], [ 6.71067406137765, 50.911164582392068 ], [ 6.710497392655614, 50.911155135429347 ], [ 6.710485267679624, 50.911241879535112 ] ] ] ] } },
{ "type": "Feature", "properties": { "fid": 273348.0, "oid": "DENW41AL30008KLCBL", "aktualit": "2024-08-20", "gebnutzbez": "Gebäude", "funktion": "Gebäude zum Parken", "gfkzshh": "31001_2460", "rellage": null, "name": null, "anzahlgs": null, "gmdschl": "05362032", "lagebeztxt": null, "bld area": 79, "flstkennz_": "05468202000421______", "area": 324 }, "geometry": { "type": "MultiPolygon", "coordinates": [ [ [ [ 6.71019647233742, 50.911138996072701 ], [ 6.710194871442713, 50.911186966198152 ], [ 6.710403482678047, 50.911198065648364 ], [ 6.710409831812497, 50.911150449508732 ], [ 6.71019647233742, 50.911138996072701 ] ] ] ] } },
{ "type": "Feature", "properties": { "fid": 60583.0, "oid": "DENW41AL30008KszBL", "aktualit": "2024-08-20", "gebnutzbez": "Gebäude", "funktion": "Wohngebäude", "gfkzshh": "31001_1000", "rellage": null, "name": null, "anzahlgs": null, "gmdschl": "05362032", "lagebeztxt": "Friedrich-Ebert-Platz 2", "bld area": 238, "flstkennz_": "05468202000329______", "area": 1315 }, "geometry": { "type": "MultiPolygon", "coordinates": [ [ [ [ 6.710497392655614, 50.911155135429347 ], [ 6.71067406137765, 50.911164582392068 ], [ 6.710697046409349, 50.910993371818975 ], [ 6.710520279281641, 50.910983913961871 ], [ 6.710497392655614, 50.911155135429347 ] ] ] ] } },
{ "type": "Feature", "properties": { "fid": 63069.0, "oid": "DENW41AL30008ORHBL", "aktualit": "2024-08-20", "gebnutzbez": "Gebäude", "funktion": "Gebäude zum Parken", "gfkzshh": "31001_2460", "rellage": null, "name": null, "anzahlgs": null, "gmdschl": "05362032", "lagebeztxt": null, "bld area": 96, "flstkennz_": "05468202000329______", "area": 1315 }, "geometry": { "type": "MultiPolygon", "coordinates": [ [ [ [ 6.71019647233742, 50.911138996072701 ], [ 6.710409831812497, 50.911150449508732 ], [ 6.710423708868328, 50.911151189462089 ], [ 6.710426696222101, 50.911096995633606 ], [ 6.710200072959469, 50.911085066116264 ], [ 6.71019647233742, 50.911138996072701 ] ] ] ] } },
{ "type": "Feature", "properties": { "fid": 62608.0, "oid": "DENW41AL30008NnNBL", "aktualit": "2024-08-20", "gebnutzbez": "Gebäude", "funktion": "Wohngebäude", "gfkzshh": "31001_1000", "rellage": null, "name": null, "anzahlgs": null, "gmdschl": "05362032", "lagebeztxt": "Friedrich-Ebert-Platz 1", "bld area": 238, "flstkennz_": "05468202000329______", "area": 1315 }, "geometry": { "type": "MultiPolygon", "coordinates": [ [ [ [ 6.710520279281641, 50.910983913961871 ], [ 6.710697046409349, 50.910993371818975 ], [ 6.710697356960019, 50.910991102402662 ], [ 6.710719501317231, 50.910821943974426 ], [ 6.71054320340617, 50.910812504346225 ], [ 6.710520279281641, 50.910983913961871 ] ] ] ] } },
{ "type": "Feature", "properties": { "fid": 158685.0, "oid": "DENW41AL30008KK1BL", "aktualit": "2024-08-20", "gebnutzbez": "Gebäude", "funktion": "Gebäude zum Parken", "gfkzshh": "31001_2460", "rellage": null, "name": null, "anzahlgs": null, "gmdschl": "05362032", "lagebeztxt": null, "bld area": 189, "flstkennz_": "05468202000329______", "area": 1315 }, "geometry": { "type": "MultiPolygon", "coordinates": [ [ [ [ 6.710204683912997, 50.910995485363095 ], [ 6.710431596531074, 50.911006728005461 ], [ 6.710437481648327, 50.91090016439118 ], [ 6.710210773569416, 50.910889402457549 ], [ 6.710210490241881, 50.910893435251509 ], [ 6.710206490297492, 50.910964194338973 ], [ 6.710204683912997, 50.910995485363095 ] ] ] ] } },
{ "type": "Feature", "properties": { "fid": 159812.0, "oid": "DENW41AL30008MaSBL", "aktualit": "2024-08-20", "gebnutzbez": "Gebäude", "funktion": "Wohngebäude", "gfkzshh": "31001_1000", "rellage": null, "name": null, "anzahlgs": null, "gmdschl": "05362032", "lagebeztxt": "Friedrich-Ebert-Platz 4", "bld area": 280, "flstkennz_": "05468202000318______", "area": 327 }, "geometry": { "type": "MultiPolygon", "coordinates": [ [ [ [ 6.710459674218719, 50.911443025234476 ], [ 6.71063529315743, 50.911452433664401 ], [ 6.710650444460983, 50.911340547436673 ], [ 6.710662405745815, 50.911251335721175 ], [ 6.710485267679624, 50.911241879535112 ], [ 6.710459674218719, 50.911443025234476 ] ] ] ] } },
{ "type": "Feature", "properties": { "fid": 160578.0, "oid": "DENW41AL30008O7tBL", "aktualit": "2024-08-20", "gebnutzbez": "Gebäude", "funktion": "Gebäude zum Parken", "gfkzshh": "31001_2460", "rellage": null, "name": null, "anzahlgs": null, "gmdschl": "05362032", "lagebeztxt": null, "bld area": 46, "flstkennz_": "05468202000318______", "area": 327 }, "geometry": { "type": "MultiPolygon", "coordinates": [ [ [ [ 6.710191337244143, 50.911267942729722 ], [ 6.71018970183823, 50.911313717615585 ], [ 6.710189600922161, 50.911316063096777 ], [ 6.710310622271622, 50.911322493977863 ], [ 6.710315854010941, 50.911274747990554 ], [ 6.710191337244143, 50.911267942729722 ] ] ] ] } },
{ "type": "Feature", "properties": { "fid": 158562.0, "oid": "DENW41AL30008K4FBL", "aktualit": "2024-08-20", "gebnutzbez": "Gebäude", "funktion": "Wohngebäude", "gfkzshh": "31001_1000", "rellage": null, "name": null, "anzahlgs": null, "gmdschl": "05362032", "lagebeztxt": "Hauptstraße 189", "bld area": 144, "flstkennz_": "05468200800861______", "area": 86 }, "geometry": { "type": "MultiPolygon", "coordinates": [ [ [ [ 6.711243355457063, 50.913058421418675 ], [ 6.711242798804775, 50.913059327899866 ], [ 6.711281969664573, 50.913069971637569 ], [ 6.711312887639538, 50.913078321909232 ], [ 6.711313454535719, 50.913077496575525 ], [ 6.711358015086077, 50.913089927883831 ], [ 6.711412123436842, 50.913008387172944 ], [ 6.711409693644685, 50.913007745912516 ], [ 6.711419036868312, 50.912993907335625 ], [ 6.711360697328383, 50.912978147835773 ], [ 6.711367355718989, 50.912968285967622 ], [ 6.711302233692043, 50.912950711529604 ], [ 6.711285777213996, 50.912974403040756 ], [ 6.711245812696609, 50.912963698767889 ], [ 6.711218104825908, 50.913005031890926 ], [ 6.711224846050469, 50.913006819016147 ], [ 6.711199401373131, 50.913046430230509 ], [ 6.711243355457063, 50.913058421418675 ] ] ] ] } },
{ "type": "Feature", "properties": { "fid": 161081.0, "oid": "DENW41AL32H000CrBL", "aktualit": "2024-08-20", "gebnutzbez": "Gebäude", "funktion": "Wohngebäude", "gfkzshh": "31001_1000", "rellage": null, "name": null, "anzahlgs": null, "gmdschl": "05362032", "lagebeztxt": "Hauptstraße 187", "bld area": 206, "flstkennz_": "05468200800861______", "area": 86 }, "geometry": { "type": "MultiPolygon", "coordinates": [ [ [ [ 6.711174633449425, 50.913191031757677 ], [ 6.711176824250683, 50.91318784584282 ], [ 6.711287179097957, 50.913217496109318 ], [ 6.711303170081682, 50.913221848069206 ], [ 6.711323280364837, 50.913192121217712 ], [ 6.711354803868012, 50.913200600276056 ], [ 6.711384613382476, 50.913156448212753 ], [ 6.711248255190815, 50.913119479528355 ], [ 6.711256858558955, 50.913106725478265 ], [ 6.711171696203706, 50.913083615337932 ], [ 6.711162867094817, 50.913096533815953 ], [ 6.71112795578172, 50.913087223761067 ], [ 6.711085424793187, 50.913149977885581 ], [ 6.711075753414939, 50.913164412604814 ], [ 6.711174633449425, 50.913191031757677 ] ] ] ] } },
{ "type": "Feature", "properties": { "fid": 160236.0, "oid": "DENW41AL30008NRIBL", "aktualit": "2024-08-20", "gebnutzbez": "Gebäude", "funktion": "Gebäude zum Parken", "gfkzshh": "31001_2460", "rellage": null, "name": null, "anzahlgs": null, "gmdschl": "05362032", "lagebeztxt": null, "bld area": 26, "flstkennz_": "05468200800030______", "area": 466 }, "geometry": { "type": "MultiPolygon", "coordinates": [ [ [ [ 6.712255416964342, 50.914727351593889 ], [ 6.712317345941419, 50.914736696243729 ], [ 6.712336522147352, 50.914685985672584 ], [ 6.712274594114633, 50.914676623062739 ], [ 6.712255416964342, 50.914727351593889 ] ] ] ] } },
{ "type": "Feature", "properties": { "fid": 275631.0, "oid": "DENW41AL30008MusBL", "aktualit": "2024-08-20", "gebnutzbez": "Gebäude", "funktion": "Wohngebäude", "gfkzshh": "31001_1000", "rellage": null, "name": null, "anzahlgs": null, "gmdschl": "05362032", "lagebeztxt": "Mittelstraße 5", "bld area": 116, "flstkennz_": "05468200800030______", "area": 466 }, "geometry": { "type": "MultiPolygon", "coordinates": [ [ [ [ 6.712083646889777, 50.914708253558018 ], [ 6.712109834283926, 50.914650647089346 ], [ 6.711952910308045, 50.914620975035966 ], [ 6.711925551480064, 50.914678675426984 ], [ 6.711913407823213, 50.914704061523217 ], [ 6.712076039987271, 50.914724977354702 ], [ 6.712083646889777, 50.914708253558018 ] ] ] ] } },
{ "type": "Feature", "properties": { "fid": 59944.0, "oid": "DENW41AL30008JzABL", "aktualit": "2024-08-20", "gebnutzbez": "Gebäude", "funktion": "Gebäude zur Freizeitgestaltung", "gfkzshh": "31001_1310", "rellage": null, "name": null, "anzahlgs": null, "gmdschl": "05362032", "lagebeztxt": null, "bld area": 110, "flstkennz_": "05468200800274______", "area": 755 }, "geometry": { "type": "MultiPolygon", "coordinates": [ [ [ [ 6.711419290927608, 50.913851598711432 ], [ 6.711608588462411, 50.913903402214672 ], [ 6.711653229080239, 50.91380751004008 ], [ 6.711574611843786, 50.913786010545515 ], [ 6.711550482995673, 50.913835004945319 ], [ 6.711449660434561, 50.913807349685804 ], [ 6.711419290927608, 50.913851598711432 ] ] ] ] } },
{ "type": "Feature", "properties": { "fid": 159369.0, "oid": "DENW41AL30008LhYBL", "aktualit": "2024-08-20", "gebnutzbez": "Gebäude", "funktion": "Gebäude für Wirtschaft oder Gewerbe", "gfkzshh": "31001_2000", "rellage": null, "name": null, "anzahlgs": null, "gmdschl": "05362032", "lagebeztxt": null, "bld area": 96, "flstkennz_": "05468200800274______", "area": 755 }, "geometry": { "type": "MultiPolygon", "coordinates": [ [ [ [ 6.71118479214613, 50.913787368968627 ], [ 6.711185311430598, 50.913787514064573 ], [ 6.711292622372143, 50.913816888756983 ], [ 6.711419290927608, 50.913851598711432 ], [ 6.711449660434561, 50.913807349685804 ], [ 6.711215897402518, 50.913743206384922 ], [ 6.71118479214613, 50.913787368968627 ] ] ] ] } },
{ "type": "Feature", "properties": { "fid": 275530.0, "oid": "DENW41AL30008MnsBL", "aktualit": "2024-08-20", "gebnutzbez": "Gebäude", "funktion": "Gebäude für Wirtschaft oder Gewerbe", "gfkzshh": "31001_2000", "rellage": null, "name": null, "anzahlgs": null, "gmdschl": "05362032", "lagebeztxt": null, "bld area": 64, "flstkennz_": "05468200800274______", "area": 755 }, "geometry": { "type": "MultiPolygon", "coordinates": [ [ [ [ 6.711054402797979, 50.913751659386485 ], [ 6.71118479214613, 50.913787368968627 ], [ 6.711215897402518, 50.913743206384922 ], [ 6.711221681495612, 50.913734928328175 ], [ 6.711092832607714, 50.913699141070452 ], [ 6.711054402797979, 50.913751659386485 ] ] ] ] } },
{ "type": "Feature", "properties": { "fid": 61128.0, "oid": "DENW41AL30008LgPBL", "aktualit": "2024-08-20", "gebnutzbez": "Gebäude", "funktion": "Gemischt genutztes Gebäude mit Wohnen", "gfkzshh": "31001_1100", "rellage": null, "name": null, "anzahlgs": null, "gmdschl": "05362032", "lagebeztxt": "Hauptstraße 177", "bld area": 143, "flstkennz_": "05468200800274______", "area": 755 }, "geometry": { "type": "MultiPolygon", "coordinates": [ [ [ [ 6.710704880238938, 50.913657542707035 ], [ 6.710894404459146, 50.913709333840153 ], [ 6.710935762647096, 50.913720641187318 ], [ 6.710936619017775, 50.913719425792905 ], [ 6.710943708218826, 50.91370890683546 ], [ 6.710961323554656, 50.913682773718989 ], [ 6.710854030023562, 50.913655953383802 ], [ 6.710892604762176, 50.913599615482099 ], [ 6.710767772790271, 50.913565480619731 ], [ 6.710705784547199, 50.913656220325464 ], [ 6.710704880238938, 50.913657542707035 ] ] ] ] } },
{ "type": "Feature", "properties": { "fid": 159466.0, "oid": "DENW41AL30008LtyBL", "aktualit": "2024-08-20", "gebnutzbez": "Gebäude", "funktion": "Gebäude für Land- und Forstwirtschaft", "gfkzshh": "31001_2700", "rellage": null, "name": null, "anzahlgs": null, "gmdschl": "05362032", "lagebeztxt": null, "bld area": 3, "flstkennz_": "05468200800274______", "area": 755 }, "geometry": { "type": "MultiPolygon", "coordinates": [ [ [ [ 6.710936619017775, 50.913719425792905 ], [ 6.710969244937206, 50.913728349299099 ], [ 6.710977029404712, 50.913716998531399 ], [ 6.710943708218826, 50.91370890683546 ], [ 6.710936619017775, 50.913719425792905 ] ] ] ] } },
{ "type": "Feature", "properties": { "fid": 273111.0, "oid": "DENW41AL30008K4pBL", "aktualit": "2024-08-20", "gebnutzbez": "Gebäude", "funktion": "Gebäude für Wirtschaft oder Gewerbe", "gfkzshh": "31001_2000", "rellage": null, "name": null, "anzahlgs": null, "gmdschl": "05362032", "lagebeztxt": null, "bld area": 67, "flstkennz_": "05468200800274______", "area": 755 }, "geometry": { "type": "MultiPolygon", "coordinates": [ [ [ [ 6.710854030023562, 50.913655953383802 ], [ 6.710961323554656, 50.913682773718989 ], [ 6.710971310320727, 50.913668003419666 ], [ 6.711006818657638, 50.913677622033312 ], [ 6.711033555499089, 50.913638113705645 ], [ 6.711005463239196, 50.913630448373439 ], [ 6.710892604762176, 50.913599615482099 ], [ 6.710854030023562, 50.913655953383802 ] ] ] ] } },
{ "type": "Feature", "properties": { "fid": 277003.0, "oid": "DENW41AL30008OPYBL", "aktualit": "2024-08-20", "gebnutzbez": "Gebäude", "funktion": "Gebäude für Wirtschaft oder Gewerbe", "gfkzshh": "31001_2000", "rellage": null, "name": null, "anzahlgs": null, "gmdschl": "05362032", "lagebeztxt": null, "bld area": 40, "flstkennz_": "05468200800274______", "area": 755 }, "geometry": { "type": "MultiPolygon", "coordinates": [ [ [ [ 6.710969244937206, 50.913728349299099 ], [ 6.711054402797979, 50.913751659386485 ], [ 6.711092832607714, 50.913699141070452 ], [ 6.711019380190065, 50.913680251851154 ], [ 6.711010587975791, 50.913693003923591 ], [ 6.711006938341429, 50.913691996953276 ], [ 6.711004900663046, 50.913694961015786 ], [ 6.710994246273908, 50.913692026827526 ], [ 6.710977029404712, 50.913716998531399 ], [ 6.710969244937206, 50.913728349299099 ] ] ] ] } },
{ "type": "Feature", "properties": { "fid": 278318.0, "oid": "DENW41ALtj0000UCBL", "aktualit": "2024-08-20", "gebnutzbez": "Gebäude", "funktion": "Gebäude zum Parken", "gfkzshh": "31001_2460", "rellage": null, "name": null, "anzahlgs": null, "gmdschl": "05362032", "lagebeztxt": null, "bld area": 34, "flstkennz_": "05468200800266______", "area": 972 }, "geometry": { "type": "MultiPolygon", "coordinates": [ [ [ [ 6.71115955238287, 50.913264388669027 ], [ 6.711193259229076, 50.913273603137917 ], [ 6.711260823733895, 50.913290119260481 ], [ 6.711283284280126, 50.913253378139864 ], [ 6.711181702713223, 50.913228172135149 ], [ 6.71115955238287, 50.913264388669027 ] ] ] ] } },
{ "type": "Feature", "properties": { "fid": 158287.0, "oid": "DENW41AL30008JXeBL", "aktualit": "2024-08-20", "gebnutzbez": "Gebäude", "funktion": "Wohngebäude", "gfkzshh": "31001_1000", "rellage": null, "name": null, "anzahlgs": null, "gmdschl": "05362032", "lagebeztxt": "Hauptstraße 185", "bld area": 121, "flstkennz_": "05468200800266______", "area": 972 }, "geometry": { "type": "MultiPolygon", "coordinates": [ [ [ [ 6.710980555714526, 50.913320185016374 ], [ 6.711119982995579, 50.913358401425839 ], [ 6.711143814854341, 50.913323000365857 ], [ 6.711157730506504, 50.913326736019791 ], [ 6.711193259229076, 50.913273603137917 ], [ 6.71115955238287, 50.913264388669027 ], [ 6.711040209266843, 50.91323177381728 ], [ 6.710980555714526, 50.913320185016374 ] ] ] ] } },
{ "type": "Feature", "properties": { "fid": 273201.0, "oid": "DENW41AL30008KAyBL", "aktualit": "2024-08-20", "gebnutzbez": "Gebäude", "funktion": "Wohngebäude", "gfkzshh": "31001_1000", "rellage": null, "name": null, "anzahlgs": null, "gmdschl": "05362032", "lagebeztxt": null, "bld area": 66, "flstkennz_": "05468200800275______", "area": 768 }, "geometry": { "type": "MultiPolygon", "coordinates": [ [ [ [ 6.711125986019174, 50.913878216270895 ], [ 6.711232848469136, 50.913907456303143 ], [ 6.711276745780635, 50.913840933414193 ], [ 6.711170186242869, 50.913811321609757 ], [ 6.711141734441283, 50.913854465925283 ], [ 6.711125986019174, 50.913878216270895 ] ] ] ] } },
{ "type": "Feature", "properties": { "fid": 275025.0, "oid": "DENW41AL30008MF5BL", "aktualit": "2024-08-20", "gebnutzbez": "Gebäude", "funktion": "Gebäude für Wirtschaft oder Gewerbe", "gfkzshh": "31001_2000", "rellage": null, "name": null, "anzahlgs": null, "gmdschl": "05362032", "lagebeztxt": null, "bld area": 24, "flstkennz_": "05468200800275______", "area": 768 }, "geometry": { "type": "MultiPolygon", "coordinates": [ [ [ [ 6.711170186242869, 50.913811321609757 ], [ 6.711276745780635, 50.913840933414193 ], [ 6.711292622372143, 50.913816888756983 ], [ 6.711185311430598, 50.913787514064573 ], [ 6.711170186242869, 50.913811321609757 ] ] ] ] } },
{ "type": "Feature", "properties": { "fid": 59455.0, "oid": "DENW41AL30008JJzBL", "aktualit": "2024-08-20", "gebnutzbez": "Gebäude", "funktion": "Gemischt genutztes Gebäude mit Wohnen", "gfkzshh": "31001_1100", "rellage": null, "name": null, "anzahlgs": null, "gmdschl": "05362032", "lagebeztxt": "Hauptstraße 173", "bld area": 120, "flstkennz_": "05468200800275______", "area": 768 }, "geometry": { "type": "MultiPolygon", "coordinates": [ [ [ [ 6.71058187353908, 50.913837799858939 ], [ 6.71071953977833, 50.913875397572205 ], [ 6.71075270915426, 50.913827453107196 ], [ 6.710763492113351, 50.913811826015831 ], [ 6.710783724851432, 50.913782515386657 ], [ 6.710645752550139, 50.913744201209163 ], [ 6.710643821838828, 50.913747014464171 ], [ 6.71058187353908, 50.913837799858939 ] ] ] ] } },
{ "type": "Feature", "properties": { "fid": 61190.0, "oid": "DENW41AL30008LlXBL", "aktualit": "2024-08-20", "gebnutzbez": "Gebäude", "funktion": "Gemischt genutztes Gebäude mit Wohnen", "gfkzshh": "31001_1100", "rellage": null, "name": null, "anzahlgs": null, "gmdschl": "05362032", "lagebeztxt": "Hauptstraße 175", "bld area": 160, "flstkennz_": "05468200800275______", "area": 768 }, "geometry": { "type": "MultiPolygon", "coordinates": [ [ [ [ 6.710645752550139, 50.913744201209163 ], [ 6.710783724851432, 50.913782515386657 ], [ 6.710847588218285, 50.913800245298638 ], [ 6.710885394405251, 50.913745655167922 ], [ 6.710877637647679, 50.913733540864918 ], [ 6.710894404459146, 50.913709333840153 ], [ 6.710704880238938, 50.913657542707035 ], [ 6.71068832390483, 50.913681807798746 ], [ 6.710645752550139, 50.913744201209163 ] ] ] ] } },
{ "type": "Feature", "properties": { "fid": 62645.0, "oid": "DENW41AL30008NqpBL", "aktualit": "2024-08-20", "gebnutzbez": "Gebäude", "funktion": "Wohngebäude", "gfkzshh": "31001_1000", "rellage": null, "name": null, "anzahlgs": null, "gmdschl": "05362032", "lagebeztxt": null, "bld area": 61, "flstkennz_": "05468200800275______", "area": 768 }, "geometry": { "type": "MultiPolygon", "coordinates": [ [ [ [ 6.71098703207261, 50.913840180053825 ], [ 6.711125986019174, 50.913878216270895 ], [ 6.711141734441283, 50.913854465925283 ], [ 6.71107890799613, 50.9138379257463 ], [ 6.711109243418323, 50.913794377678443 ], [ 6.711032932238238, 50.913773147898247 ], [ 6.711025733307938, 50.913783583761855 ], [ 6.710987598984205, 50.913839354721986 ], [ 6.71098703207261, 50.913840180053825 ] ] ] ] } },
{ "type": "Feature", "properties": { "fid": 275285.0, "oid": "DENW41AL30008MY5BL", "aktualit": "2024-08-20", "gebnutzbez": "Gebäude", "funktion": "Gebäude für Wirtschaft oder Gewerbe", "gfkzshh": "31001_2000", "rellage": null, "name": null, "anzahlgs": null, "gmdschl": "05362032", "lagebeztxt": null, "bld area": 59, "flstkennz_": "05468200800275______", "area": 768 }, "geometry": { "type": "MultiPolygon", "coordinates": [ [ [ [ 6.710763492113351, 50.913811826015831 ], [ 6.710784746709084, 50.913817639405828 ], [ 6.71090412979539, 50.913850336238355 ], [ 6.710897315571739, 50.913861049463165 ], [ 6.71095609377712, 50.913877456371786 ], [ 6.710963117562874, 50.913866531395669 ], [ 6.710981634541086, 50.913837681755062 ], [ 6.710847588218285, 50.913800245298638 ], [ 6.710783724851432, 50.913782515386657 ], [ 6.710763492113351, 50.913811826015831 ] ] ] ] } },
{ "type": "Feature", "properties": { "fid": 277131.0, "oid": "DENW41AL30008OYNBL", "aktualit": "2024-08-20", "gebnutzbez": "Gebäude", "funktion": "Gemischt genutztes Gebäude mit Wohnen", "gfkzshh": "31001_1100", "rellage": null, "name": null, "anzahlgs": null, "gmdschl": "05362032", "lagebeztxt": null, "bld area": 72, "flstkennz_": "05468200800275______", "area": 768 }, "geometry": { "type": "MultiPolygon", "coordinates": [ [ [ [ 6.710847588218285, 50.913800245298638 ], [ 6.710981634541086, 50.913837681755062 ], [ 6.710987598984205, 50.913839354721986 ], [ 6.711025733307938, 50.913783583761855 ], [ 6.710885394405251, 50.913745655167922 ], [ 6.710847588218285, 50.913800245298638 ] ] ] ] } },
{ "type": "Feature", "properties": { "fid": 61128.0, "oid": "DENW41AL30008LgPBL", "aktualit": "2024-08-20", "gebnutzbez": "Gebäude", "funktion": "Gemischt genutztes Gebäude mit Wohnen", "gfkzshh": "31001_1100", "rellage": null, "name": null, "anzahlgs": null, "gmdschl": "05362032", "lagebeztxt": "Hauptstraße 177", "bld area": 143, "flstkennz_": "05468200800275______", "area": 768 }, "geometry": { "type": "MultiPolygon", "coordinates": [ [ [ [ 6.710704880238938, 50.913657542707035 ], [ 6.710894404459146, 50.913709333840153 ], [ 6.710935762647096, 50.913720641187318 ], [ 6.710936619017775, 50.913719425792905 ], [ 6.710943708218826, 50.91370890683546 ], [ 6.710961323554656, 50.913682773718989 ], [ 6.710854030023562, 50.913655953383802 ], [ 6.710892604762176, 50.913599615482099 ], [ 6.710767772790271, 50.913565480619731 ], [ 6.710705784547199, 50.913656220325464 ], [ 6.710704880238938, 50.913657542707035 ] ] ] ] } },
{ "type": "Feature", "properties": { "fid": 59690.0, "oid": "DENW41AL30008JeXBL", "aktualit": "2024-08-20", "gebnutzbez": "Gebäude", "funktion": "Wohngebäude", "gfkzshh": "31001_1000", "rellage": null, "name": null, "anzahlgs": null, "gmdschl": "05362032", "lagebeztxt": "Mittelstraße 7", "bld area": 124, "flstkennz_": "05468200800513______", "area": 373 }, "geometry": { "type": "MultiPolygon", "coordinates": [ [ [ [ 6.711952910308045, 50.914620975035966 ], [ 6.712109834283926, 50.914650647089346 ], [ 6.712152695145223, 50.914560287191506 ], [ 6.711996055716699, 50.914530620772233 ], [ 6.711982128500133, 50.914527982275068 ], [ 6.711969892247271, 50.914553807272682 ], [ 6.711983508972927, 50.914556394713429 ], [ 6.711952910308045, 50.914620975035966 ] ] ] ] } },
{ "type": "Feature", "properties": { "fid": 159659.0, "oid": "DENW41AL30008MHoBL", "aktualit": "2024-08-20", "gebnutzbez": "Gebäude", "funktion": "Gebäude zum Parken", "gfkzshh": "31001_2460", "rellage": null, "name": null, "anzahlgs": null, "gmdschl": "05362032", "lagebeztxt": null, "bld area": 50, "flstkennz_": "05468200800513______", "area": 373 }, "geometry": { "type": "MultiPolygon", "coordinates": [ [ [ [ 6.711996055716699, 50.914530620772233 ], [ 6.712152695145223, 50.914560287191506 ], [ 6.712171975199212, 50.914519643076744 ], [ 6.712012993672645, 50.914495668999564 ], [ 6.711996055716699, 50.914530620772233 ] ] ] ] } },
{ "type": "Feature", "properties": { "fid": 61778.0, "oid": "DENW41AL30008MbVBL", "aktualit": "2024-08-20", "gebnutzbez": "Gebäude", "funktion": "Gemischt genutztes Gebäude mit Wohnen", "gfkzshh": "31001_1100", "rellage": null, "name": null, "anzahlgs": null, "gmdschl": "05362032", "lagebeztxt": "Hauptstraße 183", "bld area": 155, "flstkennz_": "05468200800268______", "area": 645 }, "geometry": { "type": "MultiPolygon", "coordinates": [ [ [ [ 6.710922580405089, 50.913402225303834 ], [ 6.710951260655844, 50.913410082072431 ], [ 6.711063767794248, 50.913440818078648 ], [ 6.711188328726122, 50.913474965297993 ], [ 6.711216075456065, 50.913434586319568 ], [ 6.711092109366163, 50.91340049576641 ], [ 6.711120980237461, 50.913358663825548 ], [ 6.711119982995579, 50.913358401425839 ], [ 6.710980555714526, 50.913320185016374 ], [ 6.710922580405089, 50.913402225303834 ] ] ] ] } },
{ "type": "Feature", "properties": { "fid": 61080.0, "oid": "DENW41AL30008LbUBL", "aktualit": "2024-08-20", "gebnutzbez": "Gebäude", "funktion": "Wohngebäude", "gfkzshh": "31001_1000", "rellage": null, "name": null, "anzahlgs": null, "gmdschl": "05362032", "lagebeztxt": null, "bld area": 12, "flstkennz_": "05468200800270______", "area": 659 }, "geometry": { "type": "MultiPolygon", "coordinates": [ [ [ [ 6.711038050044515, 50.913531747686754 ], [ 6.711070983698338, 50.913540776136408 ], [ 6.711097721829072, 50.913501528648332 ], [ 6.711065124467948, 50.913492605737027 ], [ 6.711038050044515, 50.913531747686754 ] ] ] ] } },
{ "type": "Feature", "properties": { "fid": 272106.0, "oid": "DENW41AL2cv0002GBL", "aktualit": "2024-08-20", "gebnutzbez": "Gebäude", "funktion": "Wohngebäude", "gfkzshh": "31001_1000", "rellage": null, "name": null, "anzahlgs": null, "gmdschl": "05362032", "lagebeztxt": null, "bld area": 90, "flstkennz_": "05468200800270______", "area": 659 }, "geometry": { "type": "MultiPolygon", "coordinates": [ [ [ [ 6.711034165558278, 50.913482185955672 ], [ 6.711066411878684, 50.913490724238365 ], [ 6.711065124467948, 50.913492605737027 ], [ 6.711097721829072, 50.913501528648332 ], [ 6.711070983698338, 50.913540776136408 ], [ 6.711155215093509, 50.913563825140827 ], [ 6.711211674563225, 50.913481359271557 ], [ 6.711188328726122, 50.913474965297993 ], [ 6.711063767794248, 50.913440818078648 ], [ 6.711034165558278, 50.913482185955672 ] ] ] ] } },
{ "type": "Feature", "properties": { "fid": 276800.0, "oid": "DENW41AL30008OChBL", "aktualit": "2024-08-20", "gebnutzbez": "Gebäude", "funktion": "Wohngebäude", "gfkzshh": "31001_1000", "rellage": null, "name": null, "anzahlgs": null, "gmdschl": "05362032", "lagebeztxt": "Hauptstraße 181", "bld area": 113, "flstkennz_": "05468200800270______", "area": 659 }, "geometry": { "type": "MultiPolygon", "coordinates": [ [ [ [ 6.710855422674477, 50.913481773963078 ], [ 6.711038050044515, 50.913531747686754 ], [ 6.711065124467948, 50.913492605737027 ], [ 6.711066411878684, 50.913490724238365 ], [ 6.711034165558278, 50.913482185955672 ], [ 6.711063767794248, 50.913440818078648 ], [ 6.710951260655844, 50.913410082072431 ], [ 6.710924379067233, 50.913450801746578 ], [ 6.710884900913607, 50.913439747128791 ], [ 6.710855422674477, 50.913481773963078 ] ] ] ] } },
{ "type": "Feature", "properties": { "fid": 161081.0, "oid": "DENW41AL32H000CrBL", "aktualit": "2024-08-20", "gebnutzbez": "Gebäude", "funktion": "Wohngebäude", "gfkzshh": "31001_1000", "rellage": null, "name": null, "anzahlgs": null, "gmdschl": "05362032", "lagebeztxt": "Hauptstraße 187", "bld area": 206, "flstkennz_": "05468200800846______", "area": 557 }, "geometry": { "type": "MultiPolygon", "coordinates": [ [ [ [ 6.711174633449425, 50.913191031757677 ], [ 6.711176824250683, 50.91318784584282 ], [ 6.711287179097957, 50.913217496109318 ], [ 6.711303170081682, 50.913221848069206 ], [ 6.711323280364837, 50.913192121217712 ], [ 6.711354803868012, 50.913200600276056 ], [ 6.711384613382476, 50.913156448212753 ], [ 6.711248255190815, 50.913119479528355 ], [ 6.711256858558955, 50.913106725478265 ], [ 6.711171696203706, 50.913083615337932 ], [ 6.711162867094817, 50.913096533815953 ], [ 6.71112795578172, 50.913087223761067 ], [ 6.711085424793187, 50.913149977885581 ], [ 6.711075753414939, 50.913164412604814 ], [ 6.711174633449425, 50.913191031757677 ] ] ] ] } },
{ "type": "Feature", "properties": { "fid": 278318.0, "oid": "DENW41ALtj0000UCBL", "aktualit": "2024-08-20", "gebnutzbez": "Gebäude", "funktion": "Gebäude zum Parken", "gfkzshh": "31001_2460", "rellage": null, "name": null, "anzahlgs": null, "gmdschl": "05362032", "lagebeztxt": null, "bld area": 34, "flstkennz_": "05468200800846______", "area": 557 }, "geometry": { "type": "MultiPolygon", "coordinates": [ [ [ [ 6.71115955238287, 50.913264388669027 ], [ 6.711193259229076, 50.913273603137917 ], [ 6.711260823733895, 50.913290119260481 ], [ 6.711283284280126, 50.913253378139864 ], [ 6.711181702713223, 50.913228172135149 ], [ 6.71115955238287, 50.913264388669027 ] ] ] ] } },
{ "type": "Feature", "properties": { "fid": 158829.0, "oid": "DENW41AL30008Kb2BL", "aktualit": "2024-08-20", "gebnutzbez": "Gebäude", "funktion": "Gebäude für Wirtschaft oder Gewerbe", "gfkzshh": "31001_2000", "rellage": null, "name": null, "anzahlgs": null, "gmdschl": "05362032", "lagebeztxt": null, "bld area": 72, "flstkennz_": "05468200800272______", "area": 738 }, "geometry": { "type": "MultiPolygon", "coordinates": [ [ [ [ 6.711320608520214, 50.913662909973382 ], [ 6.71149285450867, 50.913709918193938 ], [ 6.711523798685746, 50.913664682073275 ], [ 6.711351643842747, 50.913617558761366 ], [ 6.711320608520214, 50.913662909973382 ] ] ] ] } },
{ "type": "Feature", "properties": { "fid": 273185.0, "oid": "DENW41AL30008K9qBL", "aktualit": "2024-08-20", "gebnutzbez": "Gebäude", "funktion": "Gebäude zur Freizeitgestaltung", "gfkzshh": "31001_1310", "rellage": null, "name": null, "anzahlgs": null, "gmdschl": "05362032", "lagebeztxt": null, "bld area": 108, "flstkennz_": "05468200800272______", "area": 738 }, "geometry": { "type": "MultiPolygon", "coordinates": [ [ [ [ 6.71149285450867, 50.913709918193938 ], [ 6.711597965704254, 50.913738601893769 ], [ 6.711574611843786, 50.913786010545515 ], [ 6.711653229080239, 50.91380751004008 ], [ 6.711697639660414, 50.913712242924682 ], [ 6.711523798685746, 50.913664682073275 ], [ 6.71149285450867, 50.913709918193938 ] ] ] ] } },
{ "type": "Feature", "properties": { "fid": 273738.0, "oid": "DENW41AL30008Kn0BL", "aktualit": "2024-08-20", "gebnutzbez": "Gebäude", "funktion": "Gemischt genutztes Gebäude mit Wohnen", "gfkzshh": "31001_1100", "rellage": null, "name": null, "anzahlgs": null, "gmdschl": "05362032", "lagebeztxt": "Hauptstraße 179", "bld area": 151, "flstkennz_": "05468200800272______", "area": 738 }, "geometry": { "type": "MultiPolygon", "coordinates": [ [ [ [ 6.711043262995546, 50.913604971969569 ], [ 6.711309528830065, 50.913679079935918 ], [ 6.711320608520214, 50.913662909973382 ], [ 6.711351643842747, 50.913617558761366 ], [ 6.711155215093509, 50.913563825140827 ], [ 6.711084657780911, 50.913544507060521 ], [ 6.711043262995546, 50.913604971969569 ] ] ] ] } },
{ "type": "Feature", "properties": { "fid": 274352.0, "oid": "DENW41AL30008LSdBL", "aktualit": "2024-08-20", "gebnutzbez": "Gebäude", "funktion": "Wohngebäude", "gfkzshh": "31001_1000", "rellage": null, "name": null, "anzahlgs": null, "gmdschl": "05362032", "lagebeztxt": null, "bld area": 135, "flstkennz_": "05468200800272______", "area": 738 }, "geometry": { "type": "MultiPolygon", "coordinates": [ [ [ [ 6.710767772790271, 50.913565480619731 ], [ 6.710892604762176, 50.913599615482099 ], [ 6.711005463239196, 50.913630448373439 ], [ 6.711047296642237, 50.91356916462319 ], [ 6.710809544737056, 50.913504294682092 ], [ 6.710767772790271, 50.913565480619731 ] ] ] ] } },
{ "type": "Feature", "properties": { "fid": 272106.0, "oid": "DENW41AL2cv0002GBL", "aktualit": "2024-08-20", "gebnutzbez": "Gebäude", "funktion": "Wohngebäude", "gfkzshh": "31001_1000", "rellage": null, "name": null, "anzahlgs": null, "gmdschl": "05362032", "lagebeztxt": null, "bld area": 90, "flstkennz_": "05468200800272______", "area": 738 }, "geometry": { "type": "MultiPolygon", "coordinates": [ [ [ [ 6.711034165558278, 50.913482185955672 ], [ 6.711066411878684, 50.913490724238365 ], [ 6.711065124467948, 50.913492605737027 ], [ 6.711097721829072, 50.913501528648332 ], [ 6.711070983698338, 50.913540776136408 ], [ 6.711155215093509, 50.913563825140827 ], [ 6.711211674563225, 50.913481359271557 ], [ 6.711188328726122, 50.913474965297993 ], [ 6.711063767794248, 50.913440818078648 ], [ 6.711034165558278, 50.913482185955672 ] ] ] ] } },
{ "type": "Feature", "properties": { "fid": 61647.0, "oid": "DENW41AL30008MQ3BL", "aktualit": "2024-08-20", "gebnutzbez": "Gebäude", "funktion": "Wohngebäude", "gfkzshh": "31001_1000", "rellage": null, "name": null, "anzahlgs": null, "gmdschl": "05362032", "lagebeztxt": "Merodestraße 6", "bld area": 72, "flstkennz_": "05468201900306______", "area": 262 }, "geometry": { "type": "MultiPolygon", "coordinates": [ [ [ [ 6.710760747109246, 50.908998559575146 ], [ 6.710763720168019, 50.908998851743767 ], [ 6.710778899008792, 50.909000300748232 ], [ 6.710873595360269, 50.909009371607276 ], [ 6.710892593004475, 50.908930101445101 ], [ 6.710779688091668, 50.908919288318472 ], [ 6.71076117462584, 50.908996805116708 ], [ 6.710760747109246, 50.908998559575146 ] ] ] ] } },
{ "type": "Feature", "properties": { "fid": 275364.0, "oid": "DENW41AL30008McvBL", "aktualit": "2024-08-20", "gebnutzbez": "Gebäude", "funktion": "Wohngebäude", "gfkzshh": "31001_1000", "rellage": null, "name": null, "anzahlgs": null, "gmdschl": "05362032", "lagebeztxt": null, "bld area": 1, "flstkennz_": "05468201900306______", "area": 262 }, "geometry": { "type": "MultiPolygon", "coordinates": [ [ [ [ 6.710761589163702, 50.909008649493217 ], [ 6.710776768007578, 50.909010098498008 ], [ 6.710778899008792, 50.909000300748232 ], [ 6.710763720168019, 50.908998851743767 ], [ 6.710761589163702, 50.909008649493217 ] ] ] ] } },
{ "type": "Feature", "properties": { "fid": 58049.0, "oid": "DENW41AL1jG00009BL", "aktualit": "2024-08-20", "gebnutzbez": "Gebäude", "funktion": "Gebäude zum Parken", "gfkzshh": "31001_2460", "rellage": null, "name": null, "anzahlgs": null, "gmdschl": "05362032", "lagebeztxt": null, "bld area": 19, "flstkennz_": "05468201900339______", "area": 345 }, "geometry": { "type": "MultiPolygon", "coordinates": [ [ [ [ 6.710565244178467, 50.908976223392308 ], [ 6.710609619044065, 50.908979891118271 ], [ 6.710622613672092, 50.908927872296935 ], [ 6.710578432230095, 50.90892345286521 ], [ 6.710565244178467, 50.908976223392308 ] ] ] ] } },
{ "type": "Feature", "properties": { "fid": 61359.0, "oid": "DENW41AL30008M03BL", "aktualit": "2024-08-20", "gebnutzbez": "Gebäude", "funktion": "Wohngebäude", "gfkzshh": "31001_1000", "rellage": null, "name": null, "anzahlgs": null, "gmdschl": "05362032", "lagebeztxt": "Merodestraße 10", "bld area": 62, "flstkennz_": "05468201900339______", "area": 345 }, "geometry": { "type": "MultiPolygon", "coordinates": [ [ [ [ 6.710468836887824, 50.908967523449384 ], [ 6.710565244178467, 50.908976223392308 ], [ 6.710578432230095, 50.90892345286521 ], [ 6.710585301212828, 50.908895957725939 ], [ 6.710488131828842, 50.908886847106054 ], [ 6.710481834058424, 50.908913427053704 ], [ 6.710468836887824, 50.908967523449384 ] ] ] ] } },
{ "type": "Feature", "properties": { "fid": 274865.0, "oid": "DENW41AL30008M3FBL", "aktualit": "2024-08-20", "gebnutzbez": "Gebäude", "funktion": "Gebäude zum Parken", "gfkzshh": "31001_2460", "rellage": null, "name": null, "anzahlgs": null, "gmdschl": "05362032", "lagebeztxt": null, "bld area": 93, "flstkennz_": "05468201900398______", "area": 393 }, "geometry": { "type": "MultiPolygon", "coordinates": [ [ [ [ 6.710543825488016, 50.90931263249346 ], [ 6.710612804544901, 50.909318176999804 ], [ 6.710619945865798, 50.90928571346155 ], [ 6.710626612705981, 50.909255381211842 ], [ 6.710590546219511, 50.909252856847772 ], [ 6.71059815491896, 50.909213189205985 ], [ 6.710609804616526, 50.909214083314907 ], [ 6.710611434155025, 50.909214214218437 ], [ 6.710637104124445, 50.909090886947531 ], [ 6.710635151682011, 50.90909066876268 ], [ 6.710588035789251, 50.90908632667967 ], [ 6.710572068173778, 50.909167904765326 ], [ 6.710558157651443, 50.909239161994279 ], [ 6.710543825488016, 50.90931263249346 ] ] ] ] } },
{ "type": "Feature", "properties": { "fid": 60743.0, "oid": "DENW41AL30008L7aBL", "aktualit": "2024-08-20", "gebnutzbez": "Gebäude", "funktion": "Gebäude zur Freizeitgestaltung", "gfkzshh": "31001_1310", "rellage": null, "name": null, "anzahlgs": null, "gmdschl": "05362032", "lagebeztxt": null, "bld area": 11, "flstkennz_": "05468201900398______", "area": 393 }, "geometry": { "type": "MultiPolygon", "coordinates": [ [ [ [ 6.710590546219511, 50.909252856847772 ], [ 6.710626612705981, 50.909255381211842 ], [ 6.710626780303929, 50.909254575030168 ], [ 6.710627440050787, 50.909250117901991 ], [ 6.710633460760811, 50.909218747647913 ], [ 6.710609258845368, 50.909216797822282 ], [ 6.710609635254485, 50.909214925438377 ], [ 6.710609804616526, 50.909214083314907 ], [ 6.71059815491896, 50.909213189205985 ], [ 6.710590546219511, 50.909252856847772 ] ] ] ] } },
{ "type": "Feature", "properties": { "fid": 275685.0, "oid": "DENW41AL30008MynBL", "aktualit": "2024-08-20", "gebnutzbez": "Gebäude", "funktion": "Wohngebäude", "gfkzshh": "31001_1000", "rellage": null, "name": null, "anzahlgs": null, "gmdschl": "05362032", "lagebeztxt": "Merodestraße 6 a", "bld area": 104, "flstkennz_": "05468201900398______", "area": 393 }, "geometry": { "type": "MultiPolygon", "coordinates": [ [ [ [ 6.710609258845368, 50.909216797822282 ], [ 6.710633460760811, 50.909218747647913 ], [ 6.710718324696953, 50.909225557094196 ], [ 6.710742795179063, 50.90910579492013 ], [ 6.710742085899452, 50.909105754023926 ], [ 6.710681764719478, 50.909099749850249 ], [ 6.710682804857447, 50.909095947759702 ], [ 6.710637104124445, 50.909090886947531 ], [ 6.710611434155025, 50.909214214218437 ], [ 6.710609804616526, 50.909214083314907 ], [ 6.710609635254485, 50.909214925438377 ], [ 6.710609258845368, 50.909216797822282 ] ] ] ] } },
{ "type": "Feature", "properties": { "fid": 63119.0, "oid": "DENW41AL30008OW1BL", "aktualit": "2024-08-20", "gebnutzbez": "Gebäude", "funktion": "Wohngebäude", "gfkzshh": "31001_1000", "rellage": null, "name": null, "anzahlgs": null, "gmdschl": "05362032", "lagebeztxt": "Sistenichstraße 71 c", "bld area": 51, "flstkennz_": "05468201900376______", "area": 108 }, "geometry": { "type": "MultiPolygon", "coordinates": [ [ [ [ 6.710564463079315, 50.90958227595123 ], [ 6.710630203077632, 50.909586578671323 ], [ 6.710649695044106, 50.909472322180719 ], [ 6.710647334943429, 50.909472293869214 ], [ 6.710644483345471, 50.909489236788438 ], [ 6.710583139551288, 50.909485218191683 ], [ 6.710586007147351, 50.909468239611229 ], [ 6.710583783776422, 50.909468034098701 ], [ 6.710564463079315, 50.90958227595123 ] ] ] ] } },
{ "type": "Feature", "properties": { "fid": 160627.0, "oid": "DENW41AL30008OD5BL", "aktualit": "2024-08-20", "gebnutzbez": "Gebäude", "funktion": "Wohngebäude", "gfkzshh": "31001_1000", "rellage": null, "name": null, "anzahlgs": null, "gmdschl": "05362032", "lagebeztxt": "Sistenichstraße 71 d", "bld area": 54, "flstkennz_": "05468201900375______", "area": 297 }, "geometry": { "type": "MultiPolygon", "coordinates": [ [ [ [ 6.710630203077632, 50.909586578671323 ], [ 6.710699081880792, 50.909591275710902 ], [ 6.710702284096656, 50.909572405935997 ], [ 6.71071558307392, 50.909493896441809 ], [ 6.710718432441568, 50.909476998447808 ], [ 6.710712916257545, 50.90947663840123 ], [ 6.71071006688793, 50.90949353639509 ], [ 6.710649006442678, 50.909489541379763 ], [ 6.710651858480007, 50.909472589474937 ], [ 6.710649695044106, 50.909472322180719 ], [ 6.710630203077632, 50.909586578671323 ] ] ] ] } },
{ "type": "Feature", "properties": { "fid": 62795.0, "oid": "DENW41AL30008O4CBL", "aktualit": "2024-08-20", "gebnutzbez": "Gebäude", "funktion": "Wohngebäude", "gfkzshh": "31001_1000", "rellage": null, "name": null, "anzahlgs": null, "gmdschl": "05362032", "lagebeztxt": "Merkurweg 27", "bld area": 169, "flstkennz_": "05468200800656______", "area": 4 }, "geometry": { "type": "MultiPolygon", "coordinates": [ [ [ [ 6.710319482529736, 50.912679430306198 ], [ 6.710338830767032, 50.91261828918794 ], [ 6.710347344968786, 50.912591383952758 ], [ 6.710138571187478, 50.91256591975349 ], [ 6.710128022338512, 50.912599128044157 ], [ 6.710110636053157, 50.91265386080665 ], [ 6.710319482529736, 50.912679430306198 ] ] ] ] } },
{ "type": "Feature", "properties": { "fid": 159862.0, "oid": "DENW41AL30008MgJBL", "aktualit": "2024-08-20", "gebnutzbez": "Gebäude", "funktion": "Gemischt genutztes Gebäude mit Wohnen", "gfkzshh": "31001_1100", "rellage": null, "name": null, "anzahlgs": null, "gmdschl": "05362032", "lagebeztxt": "Hauptstraße 188", "bld area": 323, "flstkennz_": "05468200800817______", "area": 352 }, "geometry": { "type": "MultiPolygon", "coordinates": [ [ [ [ 6.710332065720123, 50.912959544700541 ], [ 6.710427354946289, 50.912976407394268 ], [ 6.710568230326561, 50.913001323626553 ], [ 6.710598584331696, 50.913006667989052 ], [ 6.710796624289071, 50.913041717451421 ], [ 6.710799036232032, 50.913042142516097 ], [ 6.710834591384609, 50.912953690421553 ], [ 6.710831964483473, 50.912953297117454 ], [ 6.710639011325826, 50.912924472484931 ], [ 6.710482850478229, 50.91290112723123 ], [ 6.710362590364348, 50.912883163065594 ], [ 6.710332065720123, 50.912959544700541 ] ] ] ] } },
{ "type": "Feature", "properties": { "fid": 60383.0, "oid": "DENW41AL30008KbQBL", "aktualit": "2024-08-20", "gebnutzbez": "Gebäude", "funktion": "Wohngebäude", "gfkzshh": "31001_1000", "rellage": null, "name": null, "anzahlgs": null, "gmdschl": "05362032", "lagebeztxt": null, "bld area": 125, "flstkennz_": "05468200800584______", "area": 941 }, "geometry": { "type": "MultiPolygon", "coordinates": [ [ [ [ 6.710220596951339, 50.913001293831904 ], [ 6.710281106585086, 50.91301138522747 ], [ 6.710301201547328, 50.913014729560935 ], [ 6.710274959141487, 50.913077488187049 ], [ 6.710309268610684, 50.91308340490788 ], [ 6.710376348475865, 50.913095001258895 ], [ 6.710427354946289, 50.912976407394268 ], [ 6.710332065720123, 50.912959544700541 ], [ 6.710315381608242, 50.912956564098685 ], [ 6.710304717579272, 50.912954699954724 ], [ 6.710292038267161, 50.912985193025911 ], [ 6.71023149847372, 50.912975137020403 ], [ 6.710220596951339, 50.913001293831904 ] ] ] ] } },
{ "type": "Feature", "properties": { "fid": 276035.0, "oid": "DENW41AL30008NMvBL", "aktualit": "2024-08-20", "gebnutzbez": "Gebäude", "funktion": "Gebäude zum Parken", "gfkzshh": "31001_2460", "rellage": null, "name": null, "anzahlgs": null, "gmdschl": "05362032", "lagebeztxt": null, "bld area": 69, "flstkennz_": "05468200800584______", "area": 941 }, "geometry": { "type": "MultiPolygon", "coordinates": [ [ [ [ 6.710037960901925, 50.912964306118411 ], [ 6.710200545099619, 50.91299272475689 ], [ 6.710221746581621, 50.912942521941417 ], [ 6.710059057757773, 50.912914209207436 ], [ 6.710037960901925, 50.912964306118411 ] ] ] ] } },
{ "type": "Feature", "properties": { "fid": 158323.0, "oid": "DENW41AL30008JcIBL", "aktualit": "2024-08-20", "gebnutzbez": "Gebäude", "funktion": "Gemischt genutztes Gebäude mit Wohnen", "gfkzshh": "31001_1100", "rellage": null, "name": null, "anzahlgs": null, "gmdschl": "05362032", "lagebeztxt": "Hauptstraße 186", "bld area": 202, "flstkennz_": "05468200800584______", "area": 941 }, "geometry": { "type": "MultiPolygon", "coordinates": [ [ [ [ 6.710734954958937, 50.913144236709144 ], [ 6.710767478233779, 50.913066545064588 ], [ 6.710786845930029, 50.913069826354807 ], [ 6.71079911719352, 50.91305805915507 ], [ 6.710805455630958, 50.913043239801013 ], [ 6.710799036232032, 50.913042142516097 ], [ 6.710796624289071, 50.913041717451421 ], [ 6.710598584331696, 50.913006667989052 ], [ 6.710568230326561, 50.913001323626553 ], [ 6.71055604587912, 50.913028984297171 ], [ 6.710572496347179, 50.913031798386868 ], [ 6.710535170062405, 50.913122410218755 ], [ 6.710729907181659, 50.913156063868342 ], [ 6.710734954958937, 50.913144236709144 ] ] ] ] } },
{ "type": "Feature", "properties": { "fid": 273142.0, "oid": "DENW41AL30008K6kBL", "aktualit": "2024-08-20", "gebnutzbez": "Gebäude", "funktion": "Gebäude für Wirtschaft oder Gewerbe", "gfkzshh": "31001_2000", "rellage": null, "name": null, "anzahlgs": null, "gmdschl": "05362032", "lagebeztxt": null, "bld area": 153, "flstkennz_": "05468200800584______", "area": 941 }, "geometry": { "type": "MultiPolygon", "coordinates": [ [ [ [ 6.710376348475865, 50.913095001258895 ], [ 6.710510396808983, 50.913118146688511 ], [ 6.710535170062405, 50.913122410218755 ], [ 6.710572496347179, 50.913031798386868 ], [ 6.71055604587912, 50.913028984297171 ], [ 6.710568230326561, 50.913001323626553 ], [ 6.710427354946289, 50.912976407394268 ], [ 6.710376348475865, 50.913095001258895 ] ] ] ] } },
{ "type": "Feature", "properties": { "fid": 274759.0, "oid": "DENW41AL30008LvxBL", "aktualit": "2024-08-20", "gebnutzbez": "Gebäude", "funktion": "Gebäude für Wirtschaft oder Gewerbe", "gfkzshh": "31001_2000", "rellage": null, "name": null, "anzahlgs": null, "gmdschl": "05362032", "lagebeztxt": null, "bld area": 148, "flstkennz_": "05468200800583______", "area": 700 }, "geometry": { "type": "MultiPolygon", "coordinates": [ [ [ [ 6.710273625608279, 50.913172754534443 ], [ 6.710322191511893, 50.913181550261939 ], [ 6.710464404675898, 50.913207338307956 ], [ 6.710480161878545, 50.913167470790505 ], [ 6.710490680203152, 50.913169116201047 ], [ 6.710510396808983, 50.913118146688511 ], [ 6.710376348475865, 50.913095001258895 ], [ 6.710309268610684, 50.91308340490788 ], [ 6.710273625608279, 50.913172754534443 ] ] ] ] } },
{ "type": "Feature", "properties": { "fid": 276224.0, "oid": "DENW41AL30008NZRBL", "aktualit": "2024-08-20", "gebnutzbez": "Gebäude", "funktion": "Gemischt genutztes Gebäude mit Wohnen", "gfkzshh": "31001_1100", "rellage": null, "name": null, "anzahlgs": null, "gmdschl": "05362032", "lagebeztxt": "Hauptstraße 184", "bld area": 168, "flstkennz_": "05468200800583______", "area": 700 }, "geometry": { "type": "MultiPolygon", "coordinates": [ [ [ [ 6.710729907181659, 50.913156063868342 ], [ 6.710535170062405, 50.913122410218755 ], [ 6.710510396808983, 50.913118146688511 ], [ 6.710490680203152, 50.913169116201047 ], [ 6.710480161878545, 50.913167470790505 ], [ 6.710464404675898, 50.913207338307956 ], [ 6.710566219741137, 50.913225749980391 ], [ 6.710683713952069, 50.913247041452621 ], [ 6.710703506501795, 50.913196550086361 ], [ 6.710712316058509, 50.913197937103909 ], [ 6.710729907181659, 50.913156063868342 ] ] ] ] } },
{ "type": "Feature", "properties": { "fid": 62942.0, "oid": "DENW41AL30008OGaBL", "aktualit": "2024-08-20", "gebnutzbez": "Gebäude", "funktion": "Gemischt genutztes Gebäude mit Wohnen", "gfkzshh": "31001_1100", "rellage": null, "name": null, "anzahlgs": null, "gmdschl": "05362032", "lagebeztxt": "Merkurweg 17", "bld area": 119, "flstkennz_": "05468200800583______", "area": 700 }, "geometry": { "type": "MultiPolygon", "coordinates": [ [ [ [ 6.709849972041022, 50.91309544776594 ], [ 6.710013254477847, 50.91312558924443 ], [ 6.71002626611538, 50.913094706983273 ], [ 6.71004990564065, 50.913038606936944 ], [ 6.709885739743176, 50.913010237997199 ], [ 6.709862091213051, 50.913066517717027 ], [ 6.709849972041022, 50.91309544776594 ] ] ] ] } },
{ "type": "Feature", "properties": { "fid": 61609.0, "oid": "DENW41AL30008MNBBL", "aktualit": "2024-08-20", "gebnutzbez": "Gebäude", "funktion": "Wohngebäude", "gfkzshh": "31001_1000", "rellage": null, "name": null, "anzahlgs": null, "gmdschl": "05362032", "lagebeztxt": null, "bld area": 100, "flstkennz_": "05468200800582______", "area": 639 }, "geometry": { "type": "MultiPolygon", "coordinates": [ [ [ [ 6.710299661711113, 50.913233597805345 ], [ 6.710467828388324, 50.913263375771713 ], [ 6.710472384222283, 50.913253166904688 ], [ 6.710547719817101, 50.913266714947085 ], [ 6.710566219741137, 50.913225749980391 ], [ 6.710464404675898, 50.913207338307956 ], [ 6.710322191511893, 50.913181550261939 ], [ 6.710299661711113, 50.913233597805345 ] ] ] ] } },
{ "type": "Feature", "properties": { "fid": 158339.0, "oid": "DENW41AL30008JeNBL", "aktualit": "2024-08-20", "gebnutzbez": "Gebäude", "funktion": "Gebäude für Wirtschaft oder Gewerbe", "gfkzshh": "31001_2000", "rellage": null, "name": null, "anzahlgs": null, "gmdschl": "05362032", "lagebeztxt": null, "bld area": 259, "flstkennz_": "05468200800582______", "area": 639 }, "geometry": { "type": "MultiPolygon", "coordinates": [ [ [ [ 6.709903417406185, 50.913191753106183 ], [ 6.710287222472881, 50.913262386706222 ], [ 6.710299661711113, 50.913233597805345 ], [ 6.710322191511893, 50.913181550261939 ], [ 6.710273625608279, 50.913172754534443 ], [ 6.710013254477847, 50.91312558924443 ], [ 6.709940646111989, 50.913112427152782 ], [ 6.709903417406185, 50.913191753106183 ] ] ] ] } },
{ "type": "Feature", "properties": { "fid": 277269.0, "oid": "DENW41AL30008OhQBL", "aktualit": "2024-08-20", "gebnutzbez": "Gebäude", "funktion": "Gemischt genutztes Gebäude mit Wohnen", "gfkzshh": "31001_1100", "rellage": null, "name": null, "anzahlgs": null, "gmdschl": "05362032", "lagebeztxt": "Hauptstraße 182", "bld area": 55, "flstkennz_": "05468200800582______", "area": 639 }, "geometry": { "type": "MultiPolygon", "coordinates": [ [ [ [ 6.710541085929285, 50.913281290159361 ], [ 6.710654835687881, 50.913301770684434 ], [ 6.710662008651389, 50.913284327928565 ], [ 6.710666485165437, 50.913285009355029 ], [ 6.710683982240806, 50.91324708269201 ], [ 6.710683713952069, 50.913247041452621 ], [ 6.710566219741137, 50.913225749980391 ], [ 6.710547719817101, 50.913266714947085 ], [ 6.710543112878746, 50.913276805891059 ], [ 6.710541085929285, 50.913281290159361 ] ] ] ] } },
{ "type": "Feature", "properties": { "fid": 272409.0, "oid": "DENW41AL30008JI7BL", "aktualit": "2024-08-20", "gebnutzbez": "Gebäude", "funktion": "Gebäude zum Parken", "gfkzshh": "31001_2460", "rellage": null, "name": null, "anzahlgs": null, "gmdschl": "05362032", "lagebeztxt": null, "bld area": 33, "flstkennz_": "05468202000312______", "area": 761 }, "geometry": { "type": "MultiPolygon", "coordinates": [ [ [ [ 6.708075253766101, 50.910226060423362 ], [ 6.70814913174712, 50.910228626607186 ], [ 6.708154053864447, 50.910170720266002 ], [ 6.7080808971879, 50.910167952392214 ], [ 6.708075253766101, 50.910226060423362 ] ] ] ] } },
{ "type": "Feature", "properties": { "fid": 273150.0, "oid": "DENW41AL30008K7KBL", "aktualit": "2024-08-20", "gebnutzbez": "Gebäude", "funktion": "Wohngebäude", "gfkzshh": "31001_1000", "rellage": null, "name": null, "anzahlgs": null, "gmdschl": "05362032", "lagebeztxt": "Grabenweg 10, 12", "bld area": 220, "flstkennz_": "05468202000312______", "area": 761 }, "geometry": { "type": "MultiPolygon", "coordinates": [ [ [ [ 6.708145076944307, 50.910277277055052 ], [ 6.708430713160076, 50.91028789604561 ], [ 6.708435417029342, 50.910237900224935 ], [ 6.708440858817112, 50.910181281242018 ], [ 6.708440968196146, 50.910180213090953 ], [ 6.708435728693045, 50.910180011270029 ], [ 6.708434502914665, 50.910193379427206 ], [ 6.70822754199153, 50.910185852508157 ], [ 6.708228752733608, 50.910172502045683 ], [ 6.708154126878663, 50.910169813294949 ], [ 6.708154053864447, 50.910170720266002 ], [ 6.70814913174712, 50.910228626607186 ], [ 6.708145076944307, 50.910277277055052 ] ] ] ] } },
{ "type": "Feature", "properties": { "fid": 277529.0, "oid": "DENW41AL30008OytBL", "aktualit": "2024-08-20", "gebnutzbez": "Gebäude", "funktion": "Gebäude zum Parken", "gfkzshh": "31001_2460", "rellage": null, "name": null, "anzahlgs": null, "gmdschl": "05362032", "lagebeztxt": null, "bld area": 32, "flstkennz_": "05468202000312______", "area": 761 }, "geometry": { "type": "MultiPolygon", "coordinates": [ [ [ [ 6.708435417029342, 50.910237900224935 ], [ 6.708508502607553, 50.910240090856419 ], [ 6.708513800946452, 50.910183783847735 ], [ 6.708440858817112, 50.910181281242018 ], [ 6.708435417029342, 50.910237900224935 ] ] ] ] } },
{ "type": "Feature", "properties": { "fid": 158693.0, "oid": "DENW41AL30008KKhBL", "aktualit": "2024-08-20", "gebnutzbez": "Gebäude", "funktion": "Wohngebäude", "gfkzshh": "31001_1000", "rellage": null, "name": null, "anzahlgs": null, "gmdschl": "05362032", "lagebeztxt": "Grabenweg 16, 18", "bld area": 323, "flstkennz_": "05468202000268______", "area": 1692 }, "geometry": { "type": "MultiPolygon", "coordinates": [ [ [ [ 6.707432559618828, 50.91038444136516 ], [ 6.70749596775408, 50.910387000149626 ], [ 6.707496182942876, 50.910384647920289 ], [ 6.707576192141167, 50.910387802604355 ], [ 6.707575967601517, 50.910390055714906 ], [ 6.70778737749645, 50.910398255789083 ], [ 6.707787619770802, 50.910395931073666 ], [ 6.707867344766314, 50.910399079975363 ], [ 6.707867135336134, 50.910401315394928 ], [ 6.707935981141893, 50.910404097666621 ], [ 6.707943840269587, 50.910326668844469 ], [ 6.707877165982669, 50.910323992186939 ], [ 6.707877985679728, 50.910315706724425 ], [ 6.707788786461217, 50.910312263806517 ], [ 6.70778805318204, 50.910319948360637 ], [ 6.707741976365855, 50.910318179871588 ], [ 6.70774272783902, 50.910310414728102 ], [ 6.707638679269204, 50.910306338239863 ], [ 6.707637913566439, 50.910314103103296 ], [ 6.707592122777728, 50.91031230419707 ], [ 6.707592874275684, 50.910304539054856 ], [ 6.70749207728053, 50.91030058926755 ], [ 6.707491315528004, 50.910308273260824 ], [ 6.707440515730492, 50.910306214000684 ], [ 6.707432559618828, 50.91038444136516 ] ] ] ] } },
{ "type": "Feature", "properties": { "fid": 60825.0, "oid": "DENW41AL30008LEtBL", "aktualit": "2024-08-20", "gebnutzbez": "Gebäude", "funktion": "Gebäude zum Parken", "gfkzshh": "31001_2460", "rellage": null, "name": null, "anzahlgs": null, "gmdschl": "05362032", "lagebeztxt": null, "bld area": 16, "flstkennz_": "05468202000268______", "area": 1692 }, "geometry": { "type": "MultiPolygon", "coordinates": [ [ [ [ 6.707432150228201, 50.910448345463202 ], [ 6.707508264198613, 50.910450578224541 ], [ 6.707510166236153, 50.91042461361949 ], [ 6.70743436401741, 50.91042211716023 ], [ 6.707432150228201, 50.910448345463202 ] ] ] ] } },
{ "type": "Feature", "properties": { "fid": 61090.0, "oid": "DENW41AL30008LcGBL", "aktualit": "2024-08-20", "gebnutzbez": "Gebäude", "funktion": "Gebäude zum Parken", "gfkzshh": "31001_2460", "rellage": null, "name": null, "anzahlgs": null, "gmdschl": "05362032", "lagebeztxt": null, "bld area": 15, "flstkennz_": "05468202000268______", "area": 1692 }, "geometry": { "type": "MultiPolygon", "coordinates": [ [ [ [ 6.70743436401741, 50.91042211716023 ], [ 6.707510166236153, 50.91042461361949 ], [ 6.707512252590852, 50.910398661629252 ], [ 6.707436554758802, 50.910396068286552 ], [ 6.70743436401741, 50.91042211716023 ] ] ] ] } },
{ "type": "Feature", "properties": { "fid": 62110.0, "oid": "DENW41AL30008N5jBL", "aktualit": "2024-08-20", "gebnutzbez": "Gebäude", "funktion": "Gebäude zum Parken", "gfkzshh": "31001_2460", "rellage": null, "name": null, "anzahlgs": null, "gmdschl": "05362032", "lagebeztxt": null, "bld area": 15, "flstkennz_": "05468202000268______", "area": 1692 }, "geometry": { "type": "MultiPolygon", "coordinates": [ [ [ [ 6.707599528412197, 50.910214009145555 ], [ 6.707639138937354, 50.910215641677802 ], [ 6.707644023760435, 50.910168059858783 ], [ 6.707604398179897, 50.910166445020373 ], [ 6.707599528412197, 50.910214009145555 ] ] ] ] } },
{ "type": "Feature", "properties": { "fid": 63166.0, "oid": "DENW41AL30008OZzBL", "aktualit": "2024-08-20", "gebnutzbez": "Gebäude", "funktion": "Gebäude zum Parken", "gfkzshh": "31001_2460", "rellage": null, "name": null, "anzahlgs": null, "gmdschl": "05362032", "lagebeztxt": null, "bld area": 15, "flstkennz_": "05468202000268______", "area": 1692 }, "geometry": { "type": "MultiPolygon", "coordinates": [ [ [ [ 6.707520165247963, 50.910210741248868 ], [ 6.707559917448655, 50.910212385585311 ], [ 6.707564785931689, 50.910164848418617 ], [ 6.707525060871109, 50.910163231599036 ], [ 6.707520165247963, 50.910210741248868 ] ] ] ] } },
{ "type": "Feature", "properties": { "fid": 63349.0, "oid": "DENW41AL30008OpGBL", "aktualit": "2024-08-20", "gebnutzbez": "Gebäude", "funktion": "Wohngebäude", "gfkzshh": "31001_1000", "rellage": null, "name": null, "anzahlgs": null, "gmdschl": "05362032", "lagebeztxt": "Grabenweg 14", "bld area": 153, "flstkennz_": "05468202000268______", "area": 1692 }, "geometry": { "type": "MultiPolygon", "coordinates": [ [ [ [ 6.707877165982669, 50.910323992186939 ], [ 6.707943840269587, 50.910326668844469 ], [ 6.708004470239642, 50.910329019887612 ], [ 6.708019600031633, 50.9101736829817 ], [ 6.707903126444809, 50.910168859027678 ], [ 6.707899862447899, 50.910200831935228 ], [ 6.707889072096168, 50.910200395147001 ], [ 6.707877985679728, 50.910315706724425 ], [ 6.707877165982669, 50.910323992186939 ] ] ] ] } },
{ "type": "Feature", "properties": { "fid": 63401.0, "oid": "DENW41AL30008Ou2BL", "aktualit": "2024-08-20", "gebnutzbez": "Gebäude", "funktion": "Gebäude zum Parken", "gfkzshh": "31001_2460", "rellage": null, "name": null, "anzahlgs": null, "gmdschl": "05362032", "lagebeztxt": null, "bld area": 15, "flstkennz_": "05468202000268______", "area": 1692 }, "geometry": { "type": "MultiPolygon", "coordinates": [ [ [ [ 6.707479844997973, 50.910209076745566 ], [ 6.707520165247963, 50.910210741248868 ], [ 6.707525060871109, 50.910163231599036 ], [ 6.707484753991027, 50.910161585348 ], [ 6.707479844997973, 50.910209076745566 ] ] ] ] } },
{ "type": "Feature", "properties": { "fid": 159925.0, "oid": "DENW41AL30008MndBL", "aktualit": "2024-08-20", "gebnutzbez": "Gebäude", "funktion": "Gebäude zum Parken", "gfkzshh": "31001_2460", "rellage": null, "name": null, "anzahlgs": null, "gmdschl": "05362032", "lagebeztxt": null, "bld area": 15, "flstkennz_": "05468202000268______", "area": 1692 }, "geometry": { "type": "MultiPolygon", "coordinates": [ [ [ [ 6.707639138937354, 50.910215641677802 ], [ 6.707678763678076, 50.910217274475805 ], [ 6.707683635573382, 50.910169665419154 ], [ 6.707644023760435, 50.910168059858783 ], [ 6.707639138937354, 50.910215641677802 ] ] ] ] } },
{ "type": "Feature", "properties": { "fid": 160461.0, "oid": "DENW41AL30008NsIBL", "aktualit": "2024-08-20", "gebnutzbez": "Gebäude", "funktion": "Gebäude zum Parken", "gfkzshh": "31001_2460", "rellage": null, "name": null, "anzahlgs": null, "gmdschl": "05362032", "lagebeztxt": null, "bld area": 15, "flstkennz_": "05468202000268______", "area": 1692 }, "geometry": { "type": "MultiPolygon", "coordinates": [ [ [ [ 6.707559917448655, 50.910212385585311 ], [ 6.707599528412197, 50.910214009145555 ], [ 6.707604398179897, 50.910166445020373 ], [ 6.707564785931689, 50.910164848418617 ], [ 6.707559917448655, 50.910212385585311 ] ] ] ] } },
{ "type": "Feature", "properties": { "fid": 274033.0, "oid": "DENW41AL30008L7JBL", "aktualit": "2024-08-20", "gebnutzbez": "Gebäude", "funktion": "Gebäude zum Parken", "gfkzshh": "31001_2460", "rellage": null, "name": null, "anzahlgs": null, "gmdschl": "05362032", "lagebeztxt": null, "bld area": 15, "flstkennz_": "05468202000268______", "area": 1692 }, "geometry": { "type": "MultiPolygon", "coordinates": [ [ [ [ 6.707718388422007, 50.910218907260422 ], [ 6.707758851698387, 50.910220556502296 ], [ 6.707763683083243, 50.910172901676574 ], [ 6.707723233618709, 50.910171261701493 ], [ 6.707718388422007, 50.910218907260422 ] ] ] ] } },
{ "type": "Feature", "properties": { "fid": 277499.0, "oid": "DENW41AL30008Ox0BL", "aktualit": "2024-08-20", "gebnutzbez": "Gebäude", "funktion": "Gebäude zum Parken", "gfkzshh": "31001_2460", "rellage": null, "name": null, "anzahlgs": null, "gmdschl": "05362032", "lagebeztxt": null, "bld area": 15, "flstkennz_": "05468202000268______", "area": 1692 }, "geometry": { "type": "MultiPolygon", "coordinates": [ [ [ [ 6.707678763678076, 50.910217274475805 ], [ 6.707718388422007, 50.910218907260422 ], [ 6.707723233618709, 50.910171261701493 ], [ 6.707683635573382, 50.910169665419154 ], [ 6.707678763678076, 50.910217274475805 ] ] ] ] } },
{ "type": "Feature", "properties": { "fid": 272832.0, "oid": "DENW41AL30008JpdBL", "aktualit": "2024-08-20", "gebnutzbez": "Gebäude", "funktion": "Gebäude zum Parken", "gfkzshh": "31001_2460", "rellage": null, "name": null, "anzahlgs": null, "gmdschl": "05362032", "lagebeztxt": null, "bld area": 31, "flstkennz_": "05468202100473______", "area": 759 }, "geometry": { "type": "MultiPolygon", "coordinates": [ [ [ [ 6.708742352465281, 50.912044349258416 ], [ 6.70883735422989, 50.912050216829243 ], [ 6.708844338785148, 50.912009394799895 ], [ 6.708749337543859, 50.912003518250337 ], [ 6.708742352465281, 50.912044349258416 ] ] ] ] } },
{ "type": "Feature", "properties": { "fid": 272774.0, "oid": "DENW41AL30008JhtBL", "aktualit": "2024-08-20", "gebnutzbez": "Gebäude", "funktion": "Gebäude für Wirtschaft oder Gewerbe", "gfkzshh": "31001_2000", "rellage": null, "name": null, "anzahlgs": null, "gmdschl": "05362032", "lagebeztxt": null, "bld area": 100, "flstkennz_": "05468202100473______", "area": 759 }, "geometry": { "type": "MultiPolygon", "coordinates": [ [ [ [ 6.708394771896052, 50.912178614998531 ], [ 6.708399299209169, 50.912178838811194 ], [ 6.708557883202984, 50.912186962468397 ], [ 6.708561424212002, 50.912134866184587 ], [ 6.708492079243148, 50.912130608459442 ], [ 6.708491483182184, 50.912130578767091 ], [ 6.708499377011393, 50.912083127966959 ], [ 6.708411551082286, 50.912077724817287 ], [ 6.708394771896052, 50.912178614998531 ] ] ] ] } },
{ "type": "Feature", "properties": { "fid": 276310.0, "oid": "DENW41AL30008NfFBL", "aktualit": "2024-08-20", "gebnutzbez": "Gebäude", "funktion": "Wohngebäude", "gfkzshh": "31001_1000", "rellage": null, "name": null, "anzahlgs": null, "gmdschl": "05362032", "lagebeztxt": "Herderstraße 7", "bld area": 127, "flstkennz_": "05468202100473______", "area": 759 }, "geometry": { "type": "MultiPolygon", "coordinates": [ [ [ [ 6.708275811911021, 50.912069384015595 ], [ 6.708411551082286, 50.912077724817287 ], [ 6.708499377011393, 50.912083127966959 ], [ 6.708511349173603, 50.912011158367484 ], [ 6.708286811313381, 50.911997530245586 ], [ 6.708275811911021, 50.912069384015595 ] ] ] ] } },
{ "type": "Feature", "properties": { "fid": 276750.0, "oid": "DENW41AL30008O9LBL", "aktualit": "2024-08-20", "gebnutzbez": "Gebäude", "funktion": "Gebäude zur Freizeitgestaltung", "gfkzshh": "31001_1310", "rellage": null, "name": null, "anzahlgs": null, "gmdschl": "05362032", "lagebeztxt": null, "bld area": 24, "flstkennz_": "05468202100473______", "area": 759 }, "geometry": { "type": "MultiPolygon", "coordinates": [ [ [ [ 6.708745583471303, 50.912107452379843 ], [ 6.708827094183579, 50.912110221935912 ], [ 6.708833262538456, 50.912074141764769 ], [ 6.708752146496112, 50.912069131435011 ], [ 6.708746075186541, 50.912104682855428 ], [ 6.708745583471303, 50.912107452379843 ] ] ] ] } },
{ "type": "Feature", "properties": { "fid": 60890.0, "oid": "DENW41AL30008LL0BL", "aktualit": "2024-08-20", "gebnutzbez": "Gebäude", "funktion": "Wohngebäude", "gfkzshh": "31001_1000", "rellage": null, "name": null, "anzahlgs": null, "gmdschl": "05362032", "lagebeztxt": "Adenauerstraße 4", "bld area": 68, "flstkennz_": "054682021002190053__", "area": 324 }, "geometry": { "type": "MultiPolygon", "coordinates": [ [ [ [ 6.708617264010451, 50.911842952621022 ], [ 6.708626880909059, 50.911843537186847 ], [ 6.70871699072699, 50.911849065965946 ], [ 6.708730967818978, 50.911769868471211 ], [ 6.708682846054804, 50.911766837015556 ], [ 6.708684826245005, 50.911754329117244 ], [ 6.708632676883612, 50.911751038679931 ], [ 6.708619074192884, 50.911832168254108 ], [ 6.708617264010451, 50.911842952621022 ] ] ] ] } },
{ "type": "Feature", "properties": { "fid": 160005.0, "oid": "DENW41AL30008MyLBL", "aktualit": "2024-08-20", "gebnutzbez": "Gebäude", "funktion": "Gebäude zum Parken", "gfkzshh": "31001_2460", "rellage": null, "name": null, "anzahlgs": null, "gmdschl": "05362032", "lagebeztxt": null, "bld area": 27, "flstkennz_": "054682021002190053__", "area": 324 }, "geometry": { "type": "MultiPolygon", "coordinates": [ [ [ [ 6.70855750254455, 50.911886012216399 ], [ 6.708619086926808, 50.911890117528316 ], [ 6.708626880909059, 50.911843537186847 ], [ 6.708617264010451, 50.911842952621022 ], [ 6.708619074192884, 50.911832168254108 ], [ 6.708567168755782, 50.911827965178659 ], [ 6.70855750254455, 50.911886012216399 ] ] ] ] } },
{ "type": "Feature", "properties": { "fid": 160351.0, "oid": "DENW41AL30008NdlBL", "aktualit": "2024-08-20", "gebnutzbez": "Gebäude", "funktion": "Wohngebäude", "gfkzshh": "31001_1000", "rellage": null, "name": null, "anzahlgs": null, "gmdschl": "05362032", "lagebeztxt": "Adenauerstraße 6", "bld area": 69, "flstkennz_": "054682021002200053__", "area": 324 }, "geometry": { "type": "MultiPolygon", "coordinates": [ [ [ [ 6.708413458180884, 50.911829839733521 ], [ 6.708514093577203, 50.911835989083841 ], [ 6.708530111976652, 50.911743916156752 ], [ 6.708477758276444, 50.911740441755562 ], [ 6.708475673244378, 50.911753055521345 ], [ 6.708426585755142, 50.911749411385713 ], [ 6.708413458180884, 50.911829839733521 ] ] ] ] } },
{ "type": "Feature", "properties": { "fid": 63330.0, "oid": "DENW41AL30008Oo0BL", "aktualit": "2024-08-20", "gebnutzbez": "Gebäude", "funktion": "Gemischt genutztes Gebäude mit Wohnen", "gfkzshh": "31001_1100", "rellage": null, "name": null, "anzahlgs": null, "gmdschl": "05362032", "lagebeztxt": "Hauptstraße 222", "bld area": 165, "flstkennz_": "05468202000046______", "area": 476 }, "geometry": { "type": "MultiPolygon", "coordinates": [ [ [ [ 6.711272999519021, 50.910063525832705 ], [ 6.711270017165072, 50.910130977092429 ], [ 6.711582435932854, 50.910135314084783 ], [ 6.711584301672239, 50.910067706012235 ], [ 6.711583590613849, 50.910067701062779 ], [ 6.711399883079956, 50.910065231747829 ], [ 6.711272999519021, 50.910063525832705 ] ] ] ] } },
{ "type": "Feature", "properties": { "fid": 273506.0, "oid": "DENW41AL30008KWnBL", "aktualit": "2024-08-20", "gebnutzbez": "Gebäude", "funktion": "Gemischt genutztes Gebäude mit Wohnen", "gfkzshh": "31001_1100", "rellage": null, "name": null, "anzahlgs": null, "gmdschl": "05362032", "lagebeztxt": "Hauptstraße 220", "bld area": 217, "flstkennz_": "05468202000043______", "area": 585 }, "geometry": { "type": "MultiPolygon", "coordinates": [ [ [ [ 6.711270017165072, 50.910130977092429 ], [ 6.711266291656954, 50.91021531369914 ], [ 6.711579897115268, 50.910227660732723 ], [ 6.711582435932854, 50.910135314084783 ], [ 6.711270017165072, 50.910130977092429 ] ] ] ] } },
{ "type": "Feature", "properties": { "fid": 157187.0, "oid": "DENW41AL1H4000C8BL", "aktualit": "2024-08-20", "gebnutzbez": "Gebäude", "funktion": "Gebäude zum Parken", "gfkzshh": "31001_2460", "rellage": null, "name": null, "anzahlgs": null, "gmdschl": "05362032", "lagebeztxt": null, "bld area": 60, "flstkennz_": "05468202000043______", "area": 585 }, "geometry": { "type": "MultiPolygon", "coordinates": [ [ [ [ 6.710881624530427, 50.910199251447672 ], [ 6.71087880692055, 50.910256956321554 ], [ 6.711012413795495, 50.910262266260929 ], [ 6.711015375128305, 50.910204528227581 ], [ 6.710881624530427, 50.910199251447672 ] ] ] ] } },
{ "type": "Feature", "properties": { "fid": 64064.0, "oid": "DENW41ALqP0000PCBL", "aktualit": "2024-08-20", "gebnutzbez": "Gebäude", "funktion": "Gebäude zum Parken", "gfkzshh": "31001_2460", "rellage": null, "name": null, "anzahlgs": null, "gmdschl": "05362032", "lagebeztxt": null, "bld area": 27, "flstkennz_": "05468201900399______", "area": 454 }, "geometry": { "type": "MultiPolygon", "coordinates": [ [ [ [ 6.710663698237679, 50.910087308056177 ], [ 6.710702827882134, 50.910089172954983 ], [ 6.710700625742769, 50.910109114657729 ], [ 6.710747065069293, 50.910111320806742 ], [ 6.710753207815934, 50.910061811833437 ], [ 6.710667614462643, 50.910057659363588 ], [ 6.710663698237679, 50.910087308056177 ] ] ] ] } },
{ "type": "Feature", "properties": { "fid": 60543.0, "oid": "DENW41AL30008KpWBL", "aktualit": "2024-08-20", "gebnutzbez": "Gebäude", "funktion": "Gebäude zum Parken", "gfkzshh": "31001_2460", "rellage": null, "name": null, "anzahlgs": null, "gmdschl": "05362032", "lagebeztxt": null, "bld area": 20, "flstkennz_": "05468201900399______", "area": 454 }, "geometry": { "type": "MultiPolygon", "coordinates": [ [ [ [ 6.710408872331886, 50.910095611021397 ], [ 6.710459411498805, 50.910098050622331 ], [ 6.71046540208245, 50.91004816991839 ], [ 6.710414862528055, 50.910045739306199 ], [ 6.710408872331886, 50.910095611021397 ] ] ] ] } },
{ "type": "Feature", "properties": { "fid": 64063.0, "oid": "DENW41ALqP0000P8BL", "aktualit": "2024-08-20", "gebnutzbez": "Gebäude", "funktion": "Wohngebäude", "gfkzshh": "31001_1000", "rellage": null, "name": null, "anzahlgs": null, "gmdschl": "05362032", "lagebeztxt": "Fischbachstraße 3 a", "bld area": 134, "flstkennz_": "05468201900399______", "area": 454 }, "geometry": { "type": "MultiPolygon", "coordinates": [ [ [ [ 6.710510921520541, 50.910174908490596 ], [ 6.710691408926269, 50.910183575930844 ], [ 6.710700625742769, 50.910109114657729 ], [ 6.710702827882134, 50.910089172954983 ], [ 6.710663698237679, 50.910087308056177 ], [ 6.710522528686098, 50.910080446263549 ], [ 6.710510921520541, 50.910174908490596 ] ] ] ] } },
{ "type": "Feature", "properties": { "fid": 157187.0, "oid": "DENW41AL1H4000C8BL", "aktualit": "2024-08-20", "gebnutzbez": "Gebäude", "funktion": "Gebäude zum Parken", "gfkzshh": "31001_2460", "rellage": null, "name": null, "anzahlgs": null, "gmdschl": "05362032", "lagebeztxt": null, "bld area": 60, "flstkennz_": "05468202000439______", "area": 978 }, "geometry": { "type": "MultiPolygon", "coordinates": [ [ [ [ 6.710881624530427, 50.910199251447672 ], [ 6.71087880692055, 50.910256956321554 ], [ 6.711012413795495, 50.910262266260929 ], [ 6.711015375128305, 50.910204528227581 ], [ 6.710881624530427, 50.910199251447672 ] ] ] ] } },
{ "type": "Feature", "properties": { "fid": 60027.0, "oid": "DENW41AL30008K6UBL", "aktualit": "2024-08-20", "gebnutzbez": "Gebäude", "funktion": "Wohngebäude", "gfkzshh": "31001_1000", "rellage": null, "name": null, "anzahlgs": null, "gmdschl": "05362032", "lagebeztxt": null, "bld area": 20, "flstkennz_": "05468202000439______", "area": 978 }, "geometry": { "type": "MultiPolygon", "coordinates": [ [ [ [ 6.711438478702152, 50.910313137641943 ], [ 6.711526532277622, 50.910314999320214 ], [ 6.711528034936021, 50.910286400553787 ], [ 6.711440082769951, 50.910284792699919 ], [ 6.711439157591377, 50.910300460274335 ], [ 6.711438478702152, 50.910313137641943 ] ] ] ] } },
{ "type": "Feature", "properties": { "fid": 160564.0, "oid": "DENW41AL30008O6EBL", "aktualit": "2024-08-20", "gebnutzbez": "Gebäude", "funktion": "Wohngebäude", "gfkzshh": "31001_1000", "rellage": null, "name": null, "anzahlgs": null, "gmdschl": "05362032", "lagebeztxt": null, "bld area": 17, "flstkennz_": "05468202000439______", "area": 978 }, "geometry": { "type": "MultiPolygon", "coordinates": [ [ [ [ 6.711440082769951, 50.910284792699919 ], [ 6.711528034936021, 50.910286400553787 ], [ 6.711529359601691, 50.91026171972625 ], [ 6.711441450454886, 50.910259815911253 ], [ 6.711440082769951, 50.910284792699919 ] ] ] ] } },
{ "type": "Feature", "properties": { "fid": 272779.0, "oid": "DENW41AL30008JiKBL", "aktualit": "2024-08-20", "gebnutzbez": "Gebäude", "funktion": "Gebäude für Wirtschaft oder Gewerbe", "gfkzshh": "31001_2000", "rellage": null, "name": null, "anzahlgs": null, "gmdschl": "05362032", "lagebeztxt": null, "bld area": 77, "flstkennz_": "05468202000439______", "area": 978 }, "geometry": { "type": "MultiPolygon", "coordinates": [ [ [ [ 6.711169121526372, 50.910343003985034 ], [ 6.711294097823173, 50.910345904795093 ], [ 6.711294562717744, 50.910337009749234 ], [ 6.71129749236005, 50.9102822301505 ], [ 6.71129831545349, 50.910266614539381 ], [ 6.711174905378762, 50.910263690486182 ], [ 6.711174086395424, 50.910276032323218 ], [ 6.711171705149986, 50.910307455991834 ], [ 6.711169121526372, 50.910343003985034 ] ] ] ] } },
{ "type": "Feature", "properties": { "fid": 273202.0, "oid": "DENW41AL30008KAzBL", "aktualit": "2024-08-20", "gebnutzbez": "Gebäude", "funktion": "Wohngebäude", "gfkzshh": "31001_1000", "rellage": null, "name": null, "anzahlgs": null, "gmdschl": "05362032", "lagebeztxt": "Hauptstraße 218", "bld area": 48, "flstkennz_": "05468202000439______", "area": 978 }, "geometry": { "type": "MultiPolygon", "coordinates": [ [ [ [ 6.711526532277622, 50.910314999320214 ], [ 6.711642328962214, 50.910317395956838 ], [ 6.711645836024754, 50.910265047088586 ], [ 6.711529359601691, 50.91026171972625 ], [ 6.711528034936021, 50.910286400553787 ], [ 6.711526532277622, 50.910314999320214 ] ] ] ] } },
{ "type": "Feature", "properties": { "fid": 273267.0, "oid": "DENW41AL30008KFsBL", "aktualit": "2024-08-20", "gebnutzbez": "Gebäude", "funktion": "Gebäude für Wirtschaft oder Gewerbe", "gfkzshh": "31001_2000", "rellage": null, "name": null, "anzahlgs": null, "gmdschl": "05362032", "lagebeztxt": null, "bld area": 37, "flstkennz_": "05468202000439______", "area": 978 }, "geometry": { "type": "MultiPolygon", "coordinates": [ [ [ [ 6.711022228994291, 50.910302869293339 ], [ 6.71115785553562, 50.910307031457684 ], [ 6.711171705149986, 50.910307455991834 ], [ 6.711174086395424, 50.910276032323218 ], [ 6.711024637882962, 50.910271464157489 ], [ 6.711022228994291, 50.910302869293339 ] ] ] ] } },
{ "type": "Feature", "properties": { "fid": 273986.0, "oid": "DENW41AL30008L4JBL", "aktualit": "2024-08-20", "gebnutzbez": "Gebäude", "funktion": "Gebäude für Land- und Forstwirtschaft", "gfkzshh": "31001_2700", "rellage": null, "name": null, "anzahlgs": null, "gmdschl": "05362032", "lagebeztxt": null, "bld area": 3, "flstkennz_": "05468202000439______", "area": 978 }, "geometry": { "type": "MultiPolygon", "coordinates": [ [ [ [ 6.711414595499674, 50.910284382812975 ], [ 6.711414004692762, 50.910299904044848 ], [ 6.711439157591377, 50.910300460274335 ], [ 6.711440082769951, 50.910284792699919 ], [ 6.711414595499674, 50.910284382812975 ] ] ] ] } },
{ "type": "Feature", "properties": { "fid": 274221.0, "oid": "DENW41AL30008LK9BL", "aktualit": "2024-08-20", "gebnutzbez": "Gebäude", "funktion": "Gebäude für Wirtschaft oder Gewerbe", "gfkzshh": "31001_2000", "rellage": null, "name": null, "anzahlgs": null, "gmdschl": "05362032", "lagebeztxt": null, "bld area": 50, "flstkennz_": "05468202000439______", "area": 978 }, "geometry": { "type": "MultiPolygon", "coordinates": [ [ [ [ 6.711294562717744, 50.910337009749234 ], [ 6.711412420135223, 50.910339159217649 ], [ 6.711413001434243, 50.910325571531835 ], [ 6.711413422638557, 50.910312637275979 ], [ 6.711414004692762, 50.910299904044848 ], [ 6.711414595499674, 50.910284382812975 ], [ 6.71129749236005, 50.9102822301505 ], [ 6.711294562717744, 50.910337009749234 ] ] ] ] } },
{ "type": "Feature", "properties": { "fid": 276523.0, "oid": "DENW41AL30008NtXBL", "aktualit": "2024-08-20", "gebnutzbez": "Gebäude", "funktion": "Gebäude für Land- und Forstwirtschaft", "gfkzshh": "31001_2700", "rellage": null, "name": null, "anzahlgs": null, "gmdschl": "05362032", "lagebeztxt": null, "bld area": 2, "flstkennz_": "05468202000439______", "area": 978 }, "geometry": { "type": "MultiPolygon", "coordinates": [ [ [ [ 6.711414004692762, 50.910299904044848 ], [ 6.711413422638557, 50.910312637275979 ], [ 6.711438478702152, 50.910313137641943 ], [ 6.711439157591377, 50.910300460274335 ], [ 6.711414004692762, 50.910299904044848 ] ] ] ] } },
{ "type": "Feature", "properties": { "fid": 159932.0, "oid": "DENW41AL30008MpPBL", "aktualit": "2024-08-20", "gebnutzbez": "Gebäude", "funktion": "Gemischt genutztes Gebäude mit Wohnen", "gfkzshh": "31001_1100", "rellage": null, "name": null, "anzahlgs": null, "gmdschl": "05362032", "lagebeztxt": "Bahnhofstraße 12", "bld area": 233, "flstkennz_": "05468200800300______", "area": 300 }, "geometry": { "type": "MultiPolygon", "coordinates": [ [ [ [ 6.710909708145674, 50.914546588988216 ], [ 6.710821595203904, 50.914510701055164 ], [ 6.710805172431336, 50.914536587719866 ], [ 6.710595543978567, 50.914742991440384 ], [ 6.710687000456802, 50.9147800424102 ], [ 6.710769586145584, 50.914698979674554 ], [ 6.710807645257504, 50.914661573261967 ], [ 6.710868226971214, 50.914602123372809 ], [ 6.710896940602733, 50.914573950441159 ], [ 6.710909708145674, 50.914546588988216 ] ] ] ] } },
{ "type": "Feature", "properties": { "fid": 59956.0, "oid": "DENW41AL30008JzwBL", "aktualit": "2024-08-20", "gebnutzbez": "Gebäude", "funktion": "Gemischt genutztes Gebäude mit Wohnen", "gfkzshh": "31001_1100", "rellage": null, "name": null, "anzahlgs": null, "gmdschl": "05362032", "lagebeztxt": "Hauptstraße 159", "bld area": 115, "flstkennz_": "05468200800289______", "area": 393 }, "geometry": { "type": "MultiPolygon", "coordinates": [ [ [ [ 6.710249703161233, 50.914370029634206 ], [ 6.710383030955531, 50.914400680112564 ], [ 6.710399826501175, 50.914404589279229 ], [ 6.710412300405956, 50.914382924377101 ], [ 6.710449286817955, 50.914318101004696 ], [ 6.710299538317079, 50.914284025463004 ], [ 6.710249703161233, 50.914370029634206 ] ] ] ] } },
{ "type": "Feature", "properties": { "fid": 60771.0, "oid": "DENW41AL30008L9vBL", "aktualit": "2024-08-20", "gebnutzbez": "Gebäude", "funktion": "Gebäude für Wirtschaft oder Gewerbe", "gfkzshh": "31001_2000", "rellage": null, "name": null, "anzahlgs": null, "gmdschl": "05362032", "lagebeztxt": null, "bld area": 64, "flstkennz_": "05468200800289______", "area": 393 }, "geometry": { "type": "MultiPolygon", "coordinates": [ [ [ [ 6.710399826501175, 50.914404589279229 ], [ 6.710550261887679, 50.914439172839181 ], [ 6.710554894843971, 50.914434640760092 ], [ 6.710599642347818, 50.914452850228258 ], [ 6.710623731291783, 50.914410492883782 ], [ 6.710575569724378, 50.914399519658119 ], [ 6.710572206622728, 50.91439876113639 ], [ 6.71056927377521, 50.914404019114009 ], [ 6.710540437130083, 50.914397598244122 ], [ 6.710543538681067, 50.914392091742023 ], [ 6.71046531310916, 50.914374196828305 ], [ 6.710440156818458, 50.914386996575963 ], [ 6.710439018649275, 50.914389024901332 ], [ 6.710412300405956, 50.914382924377101 ], [ 6.710399826501175, 50.914404589279229 ] ] ] ] } },
{ "type": "Feature", "properties": { "fid": 159158.0, "oid": "DENW41AL30008LFjBL", "aktualit": "2024-08-20", "gebnutzbez": "Gebäude", "funktion": "Gebäude für Land- und Forstwirtschaft", "gfkzshh": "31001_2700", "rellage": null, "name": null, "anzahlgs": null, "gmdschl": "05362032", "lagebeztxt": null, "bld area": 37, "flstkennz_": "05468200800289______", "area": 393 }, "geometry": { "type": "MultiPolygon", "coordinates": [ [ [ [ 6.710575569724378, 50.914399519658119 ], [ 6.710623731291783, 50.914410492883782 ], [ 6.710673129397079, 50.914323814420598 ], [ 6.710624999862073, 50.91431276989028 ], [ 6.710575569724378, 50.914399519658119 ] ] ] ] } },
{ "type": "Feature", "properties": { "fid": 159964.0, "oid": "DENW41AL30008MtXBL", "aktualit": "2024-08-20", "gebnutzbez": "Gebäude", "funktion": "Gemischt genutztes Gebäude mit Wohnen", "gfkzshh": "31001_1100", "rellage": null, "name": null, "anzahlgs": null, "gmdschl": "05362032", "lagebeztxt": "Bahnhofstraße 10", "bld area": 226, "flstkennz_": "05468200800299______", "area": 284 }, "geometry": { "type": "MultiPolygon", "coordinates": [ [ [ [ 6.710595543978567, 50.914742991440384 ], [ 6.710805172431336, 50.914536587719866 ], [ 6.710821595203904, 50.914510701055164 ], [ 6.710742564380885, 50.914478480921709 ], [ 6.710736719705416, 50.914484221430477 ], [ 6.710734744918972, 50.914486157958812 ], [ 6.710734624818869, 50.914486320932468 ], [ 6.71072238777954, 50.91450287287163 ], [ 6.710719095977592, 50.914501531136374 ], [ 6.710715665126294, 50.914500123714696 ], [ 6.710682363767862, 50.914532775609317 ], [ 6.710505303070822, 50.914706395961709 ], [ 6.710595543978567, 50.914742991440384 ] ] ] ] } },
{ "type": "Feature", "properties": { "fid": 63420.0, "oid": "DENW41AL30008OvqBL", "aktualit": "2024-08-20", "gebnutzbez": "Gebäude", "funktion": "Gebäude zum Parken", "gfkzshh": "31001_2460", "rellage": null, "name": null, "anzahlgs": null, "gmdschl": "05362032", "lagebeztxt": null, "bld area": 30, "flstkennz_": "05468202100448______", "area": 566 }, "geometry": { "type": "MultiPolygon", "coordinates": [ [ [ [ 6.706781875836755, 50.911902346227563 ], [ 6.706868361296191, 50.911914748666703 ], [ 6.706883407214922, 50.911876090832372 ], [ 6.706904219138786, 50.911879305938918 ], [ 6.706905016287248, 50.911877270945809 ], [ 6.706823765998652, 50.911864584658723 ], [ 6.706797405637869, 50.911862528678256 ], [ 6.706788013811016, 50.911886592240712 ], [ 6.706781875836755, 50.911902346227563 ] ] ] ] } },
{ "type": "Feature", "properties": { "fid": 276375.0, "oid": "DENW41AL30008NjOBL", "aktualit": "2024-08-20", "gebnutzbez": "Gebäude", "funktion": "Wohngebäude", "gfkzshh": "31001_1000", "rellage": null, "name": null, "anzahlgs": null, "gmdschl": "05362032", "lagebeztxt": "Am grünen Weg 8 a", "bld area": 104, "flstkennz_": "05468202100448______", "area": 566 }, "geometry": { "type": "MultiPolygon", "coordinates": [ [ [ [ 6.706633530993307, 50.911942359961749 ], [ 6.706827072012834, 50.911972408031573 ], [ 6.706854538361234, 50.91191435113106 ], [ 6.706888334696022, 50.911919683162012 ], [ 6.70688913140417, 50.911917657154483 ], [ 6.706868361296191, 50.911914748666703 ], [ 6.706781875836755, 50.911902346227563 ], [ 6.706788013811016, 50.911886592240712 ], [ 6.706687613805292, 50.911871317005833 ], [ 6.706669195119551, 50.911916069500442 ], [ 6.706645250472766, 50.911912334089237 ], [ 6.706633530993307, 50.911942359961749 ] ] ] ] } },
{ "type": "Feature", "properties": { "fid": 61900.0, "oid": "DENW41AL30008MmmBL", "aktualit": "2024-08-20", "gebnutzbez": "Gebäude", "funktion": "Wohngebäude", "gfkzshh": "31001_1000", "rellage": null, "name": null, "anzahlgs": null, "gmdschl": "05362032", "lagebeztxt": "Adenauerstraße 24, 26", "bld area": 184, "flstkennz_": "05468202100434______", "area": 785 }, "geometry": { "type": "MultiPolygon", "coordinates": [ [ [ [ 6.706183598753359, 50.911636036970371 ], [ 6.706521198257478, 50.91166430305838 ], [ 6.706535608151102, 50.911595763330872 ], [ 6.706198567406022, 50.91156742731679 ], [ 6.706183598753359, 50.911636036970371 ] ] ] ] } },
{ "type": "Feature", "properties": { "fid": 59109.0, "oid": "DENW41AL2Ah000GWBL", "aktualit": "2024-08-20", "gebnutzbez": "Gebäude", "funktion": "Wohngebäude", "gfkzshh": "31001_1000", "rellage": null, "name": null, "anzahlgs": null, "gmdschl": "05362032", "lagebeztxt": "Am grünen Weg 8", "bld area": 121, "flstkennz_": "05468202100460______", "area": 492 }, "geometry": { "type": "MultiPolygon", "coordinates": [ [ [ [ 6.70663100623886, 50.912019749618118 ], [ 6.706793987662541, 50.91205444974517 ], [ 6.706794312121954, 50.912053637657088 ], [ 6.706820302645819, 50.912059167089915 ], [ 6.7068482009509, 50.912006793961353 ], [ 6.706815914719061, 50.911999971588784 ], [ 6.706826950799768, 50.911972558549557 ], [ 6.706659700524179, 50.911946561820763 ], [ 6.70663100623886, 50.912019749618118 ] ] ] ] } },
{ "type": "Feature", "properties": { "fid": 276375.0, "oid": "DENW41AL30008NjOBL", "aktualit": "2024-08-20", "gebnutzbez": "Gebäude", "funktion": "Wohngebäude", "gfkzshh": "31001_1000", "rellage": null, "name": null, "anzahlgs": null, "gmdschl": "05362032", "lagebeztxt": "Am grünen Weg 8 a", "bld area": 104, "flstkennz_": "05468202100460______", "area": 492 }, "geometry": { "type": "MultiPolygon", "coordinates": [ [ [ [ 6.706633530993307, 50.911942359961749 ], [ 6.706827072012834, 50.911972408031573 ], [ 6.706854538361234, 50.91191435113106 ], [ 6.706888334696022, 50.911919683162012 ], [ 6.70688913140417, 50.911917657154483 ], [ 6.706868361296191, 50.911914748666703 ], [ 6.706781875836755, 50.911902346227563 ], [ 6.706788013811016, 50.911886592240712 ], [ 6.706687613805292, 50.911871317005833 ], [ 6.706669195119551, 50.911916069500442 ], [ 6.706645250472766, 50.911912334089237 ], [ 6.706633530993307, 50.911942359961749 ] ] ] ] } },
{ "type": "Feature", "properties": { "fid": 59986.0, "oid": "DENW41AL30008K2UBL", "aktualit": "2024-08-20", "gebnutzbez": "Gebäude", "funktion": "Wohngebäude", "gfkzshh": "31001_1000", "rellage": null, "name": null, "anzahlgs": null, "gmdschl": "05362032", "lagebeztxt": "Adenauerstraße 22", "bld area": 107, "flstkennz_": "054682021000520002__", "area": 751 }, "geometry": { "type": "MultiPolygon", "coordinates": [ [ [ [ 6.706768433849663, 50.911711613852937 ], [ 6.706805374270227, 50.911714048630756 ], [ 6.706962167390656, 50.911724126977568 ], [ 6.706976124418647, 50.911643661108613 ], [ 6.706818483657054, 50.91163346718713 ], [ 6.706817708554681, 50.911638236821894 ], [ 6.706809443532102, 50.911688864142477 ], [ 6.706772631046359, 50.911686431879808 ], [ 6.706768433849663, 50.911711613852937 ] ] ] ] } },
{ "type": "Feature", "properties": { "fid": 62233.0, "oid": "DENW41AL30008NGkBL", "aktualit": "2024-08-20", "gebnutzbez": "Gebäude", "funktion": "Gebäude zum Parken", "gfkzshh": "31001_2460", "rellage": null, "name": null, "anzahlgs": null, "gmdschl": "05362032", "lagebeztxt": null, "bld area": 15, "flstkennz_": "054682021000520002__", "area": 751 }, "geometry": { "type": "MultiPolygon", "coordinates": [ [ [ [ 6.706772631046359, 50.911686431879808 ], [ 6.706809443532102, 50.911688864142477 ], [ 6.706817708554681, 50.911638236821894 ], [ 6.706780995155997, 50.911635815502784 ], [ 6.706772631046359, 50.911686431879808 ] ] ] ] } },
{ "type": "Feature", "properties": { "fid": 275926.0, "oid": "DENW41AL30008NFPBL", "aktualit": "2024-08-20", "gebnutzbez": "Gebäude", "funktion": "Gebäude zum Parken", "gfkzshh": "31001_2460", "rellage": null, "name": null, "anzahlgs": null, "gmdschl": "05362032", "lagebeztxt": null, "bld area": 18, "flstkennz_": "05468202000365______", "area": 306 }, "geometry": { "type": "MultiPolygon", "coordinates": [ [ [ [ 6.70746520387002, 50.910507555446536 ], [ 6.707549928204035, 50.910513770831145 ], [ 6.707554780425052, 50.910487117668403 ], [ 6.70747005260564, 50.910480974171392 ], [ 6.70746520387002, 50.910507555446536 ] ] ] ] } },
{ "type": "Feature", "properties": { "fid": 276251.0, "oid": "DENW41AL30008NbJBL", "aktualit": "2024-08-20", "gebnutzbez": "Gebäude", "funktion": "Wohngebäude", "gfkzshh": "31001_1000", "rellage": null, "name": null, "anzahlgs": null, "gmdschl": "05362032", "lagebeztxt": "Am grünen Weg 29", "bld area": 67, "flstkennz_": "05468202000365______", "area": 306 }, "geometry": { "type": "MultiPolygon", "coordinates": [ [ [ [ 6.707388006624676, 50.910572514354165 ], [ 6.707537165539571, 50.910583278428426 ], [ 6.707547409989612, 50.910526510986017 ], [ 6.707398235274078, 50.910515782589599 ], [ 6.707388006624676, 50.910572514354165 ] ] ] ] } },
{ "type": "Feature", "properties": { "fid": 272981.0, "oid": "DENW41AL30008JvQBL", "aktualit": "2024-08-20", "gebnutzbez": "Gebäude", "funktion": "Wohngebäude", "gfkzshh": "31001_1000", "rellage": null, "name": null, "anzahlgs": null, "gmdschl": "05362032", "lagebeztxt": "Am grünen Weg 27", "bld area": 65, "flstkennz_": "05468202000364______", "area": 177 }, "geometry": { "type": "MultiPolygon", "coordinates": [ [ [ [ 6.7073770091905, 50.910627809945076 ], [ 6.707398473006574, 50.910629328893556 ], [ 6.707526268649439, 50.910638558019059 ], [ 6.707537165539571, 50.910583278428426 ], [ 6.707388006624676, 50.910572514354165 ], [ 6.7073770091905, 50.910627809945076 ] ] ] ] } },
{ "type": "Feature", "properties": { "fid": 277343.0, "oid": "DENW41AL30008Om8BL", "aktualit": "2024-08-20", "gebnutzbez": "Gebäude", "funktion": "Wohngebäude", "gfkzshh": "31001_1000", "rellage": null, "name": null, "anzahlgs": null, "gmdschl": "05362032", "lagebeztxt": "Sistenichstraße 48 a", "bld area": 64, "flstkennz_": "05468202000387______", "area": 323 }, "geometry": { "type": "MultiPolygon", "coordinates": [ [ [ [ 6.709185928881229, 50.910929621698088 ], [ 6.709328754356781, 50.910936706472157 ], [ 6.709335824486501, 50.910879354923246 ], [ 6.709193027610086, 50.910872270718016 ], [ 6.709185928881229, 50.910929621698088 ] ] ] ] } },
{ "type": "Feature", "properties": { "fid": 62179.0, "oid": "DENW41AL30008NByBL", "aktualit": "2024-08-20", "gebnutzbez": "Gebäude", "funktion": "Wohngebäude", "gfkzshh": "31001_1000", "rellage": null, "name": null, "anzahlgs": null, "gmdschl": "05362032", "lagebeztxt": "Sistenichstraße 54", "bld area": 67, "flstkennz_": "05468202000190______", "area": 440 }, "geometry": { "type": "MultiPolygon", "coordinates": [ [ [ [ 6.709309589174261, 50.910379397214861 ], [ 6.709331064239037, 50.910380106559217 ], [ 6.70932841570021, 50.910412892055589 ], [ 6.709453398206454, 50.910417117093438 ], [ 6.709458752443127, 50.91035443432618 ], [ 6.709377772809784, 50.910351630644463 ], [ 6.709312177731429, 50.910349281791056 ], [ 6.709311958662989, 50.910351714893942 ], [ 6.709309589174261, 50.910379397214861 ] ] ] ] } },
{ "type": "Feature", "properties": { "fid": 62341.0, "oid": "DENW41AL30008NQKBL", "aktualit": "2024-08-20", "gebnutzbez": "Gebäude", "funktion": "Gebäude zum Parken", "gfkzshh": "31001_2460", "rellage": null, "name": null, "anzahlgs": null, "gmdschl": "05362032", "lagebeztxt": null, "bld area": 37, "flstkennz_": "05468202000190______", "area": 440 }, "geometry": { "type": "MultiPolygon", "coordinates": [ [ [ [ 6.709232487768724, 50.910348895755781 ], [ 6.709311958662989, 50.910351714893942 ], [ 6.709312177731429, 50.910349281791056 ], [ 6.709377772809784, 50.910351630644463 ], [ 6.709381700119619, 50.910322063155149 ], [ 6.709308952252062, 50.910318206797136 ], [ 6.709236588574158, 50.910314348941057 ], [ 6.709232487768724, 50.910348895755781 ] ] ] ] } },
{ "type": "Feature", "properties": { "fid": 158014.0, "oid": "DENW41AL2e30002bBL", "aktualit": "2024-08-20", "gebnutzbez": "Gebäude", "funktion": "Gebäude zur Freizeitgestaltung", "gfkzshh": "31001_1310", "rellage": null, "name": null, "anzahlgs": null, "gmdschl": "05362032", "lagebeztxt": null, "bld area": 30, "flstkennz_": "05468202000190______", "area": 440 }, "geometry": { "type": "MultiPolygon", "coordinates": [ [ [ [ 6.709053120174369, 50.910371295701765 ], [ 6.709135822970898, 50.910375221722425 ], [ 6.709141236759049, 50.910329583968753 ], [ 6.709058534042739, 50.91032565795296 ], [ 6.709053120174369, 50.910371295701765 ] ] ] ] } },
{ "type": "Feature", "properties": { "fid": 274664.0, "oid": "DENW41AL30008LpPBL", "aktualit": "2024-08-20", "gebnutzbez": "Gebäude", "funktion": "Gebäude für Wirtschaft oder Gewerbe", "gfkzshh": "31001_2000", "rellage": null, "name": null, "anzahlgs": null, "gmdschl": "05362032", "lagebeztxt": null, "bld area": 98, "flstkennz_": "05468202000273______", "area": 437 }, "geometry": { "type": "MultiPolygon", "coordinates": [ [ [ [ 6.708886070086249, 50.911158948953791 ], [ 6.708960307404445, 50.911163788182712 ], [ 6.709002779874512, 50.911166546729952 ], [ 6.709020185369442, 50.911060110395198 ], [ 6.708903802292578, 50.911052528042831 ], [ 6.70889935543474, 50.911079342112856 ], [ 6.708886070086249, 50.911158948953791 ] ] ] ] } },
{ "type": "Feature", "properties": { "fid": 60921.0, "oid": "DENW41AL30008LN6BL", "aktualit": "2024-08-20", "gebnutzbez": "Gebäude", "funktion": "Wohngebäude", "gfkzshh": "31001_1000", "rellage": null, "name": null, "anzahlgs": null, "gmdschl": "05362032", "lagebeztxt": "Sistenichstraße 46", "bld area": 68, "flstkennz_": "05468202000273______", "area": 437 }, "geometry": { "type": "MultiPolygon", "coordinates": [ [ [ [ 6.709230954145534, 50.911150663266874 ], [ 6.709354853473016, 50.911158734599908 ], [ 6.709366121377062, 50.911082532854167 ], [ 6.709266496472575, 50.911076116252232 ], [ 6.709265661016044, 50.911076036894059 ], [ 6.709258610569203, 50.911113286997278 ], [ 6.709236838285366, 50.911111960208409 ], [ 6.709230954145534, 50.911150663266874 ] ] ] ] } },
{ "type": "Feature", "properties": { "fid": 273927.0, "oid": "DENW41AL30008KzzBL", "aktualit": "2024-08-20", "gebnutzbez": "Gebäude", "funktion": "Gebäude zum Parken", "gfkzshh": "31001_2460", "rellage": null, "name": null, "anzahlgs": null, "gmdschl": "05362032", "lagebeztxt": null, "bld area": 16, "flstkennz_": "05468202000273______", "area": 437 }, "geometry": { "type": "MultiPolygon", "coordinates": [ [ [ [ 6.709076211838707, 50.911110156187561 ], [ 6.70912106713827, 50.911113060404332 ], [ 6.709128502241918, 50.911067111564854 ], [ 6.709083631890637, 50.911064225043383 ], [ 6.709076211838707, 50.911110156187561 ] ] ] ] } },
{ "type": "Feature", "properties": { "fid": 276470.0, "oid": "DENW41AL30008NqoBL", "aktualit": "2024-08-20", "gebnutzbez": "Gebäude", "funktion": "Wohngebäude", "gfkzshh": "31001_1000", "rellage": null, "name": null, "anzahlgs": null, "gmdschl": "05362032", "lagebeztxt": "Sistenichstraße 50 a", "bld area": 66, "flstkennz_": "05468202000391______", "area": 192 }, "geometry": { "type": "MultiPolygon", "coordinates": [ [ [ [ 6.7092319418823, 50.910706175933925 ], [ 6.709381481707084, 50.910713545348152 ], [ 6.709388344832939, 50.910657799676756 ], [ 6.709238788325052, 50.910650483907247 ], [ 6.7092319418823, 50.910706175933925 ] ] ] ] } },
{ "type": "Feature", "properties": { "fid": 274380.0, "oid": "DENW41AL30008LUxBL", "aktualit": "2024-08-20", "gebnutzbez": "Gebäude", "funktion": "Wohngebäude", "gfkzshh": "31001_1000", "rellage": null, "name": null, "anzahlgs": null, "gmdschl": "05362032", "lagebeztxt": "Herderstraße 17", "bld area": 83, "flstkennz_": "05468202000255______", "area": 414 }, "geometry": { "type": "MultiPolygon", "coordinates": [ [ [ [ 6.708369233804908, 50.911119705051973 ], [ 6.708520322977135, 50.911129732265913 ], [ 6.70852668925322, 50.91109136249419 ], [ 6.708503672031776, 50.911089894199662 ], [ 6.708509217240543, 50.911053469021581 ], [ 6.708381651426111, 50.911045036977285 ], [ 6.708369233804908, 50.911119705051973 ] ] ] ] } },
{ "type": "Feature", "properties": { "fid": 61148.0, "oid": "DENW41AL30008LhwBL", "aktualit": "2024-08-20", "gebnutzbez": "Gebäude", "funktion": "Wohngebäude", "gfkzshh": "31001_1000", "rellage": null, "name": null, "anzahlgs": null, "gmdschl": "05362032", "lagebeztxt": "Herderstraße 19", "bld area": 75, "flstkennz_": "054682020001420013__", "area": 453 }, "geometry": { "type": "MultiPolygon", "coordinates": [ [ [ [ 6.708381651426111, 50.911045036977285 ], [ 6.708509217240543, 50.911053469021581 ], [ 6.708521362103304, 50.910979425164562 ], [ 6.708393931109685, 50.910971148679401 ], [ 6.708381651426111, 50.911045036977285 ] ] ] ] } },
{ "type": "Feature", "properties": { "fid": 60823.0, "oid": "DENW41AL30008LErBL", "aktualit": "2024-08-20", "gebnutzbez": "Gebäude", "funktion": "Wohngebäude", "gfkzshh": "31001_1000", "rellage": null, "name": null, "anzahlgs": null, "gmdschl": "05362032", "lagebeztxt": "Am grünen Weg 15", "bld area": 67, "flstkennz_": "05468202000406______", "area": 361 }, "geometry": { "type": "MultiPolygon", "coordinates": [ [ [ [ 6.707311799459056, 50.910961172655348 ], [ 6.707383801438603, 50.910966328739853 ], [ 6.707461333978382, 50.910971845261784 ], [ 6.70747141433373, 50.910915236498425 ], [ 6.707321953705489, 50.910904511390612 ], [ 6.707311799459056, 50.910961172655348 ] ] ] ] } },
{ "type": "Feature", "properties": { "fid": 160288.0, "oid": "DENW41AL30008NfTBL", "aktualit": "2024-08-20", "gebnutzbez": "Gebäude", "funktion": "Gebäude zum Parken", "gfkzshh": "31001_2460", "rellage": null, "name": null, "anzahlgs": null, "gmdschl": "05362032", "lagebeztxt": null, "bld area": 16, "flstkennz_": "05468202000406______", "area": 361 }, "geometry": { "type": "MultiPolygon", "coordinates": [ [ [ [ 6.707379246322373, 50.9109918544737 ], [ 6.707456821541629, 50.9109973718368 ], [ 6.707461333978382, 50.910971845261784 ], [ 6.707383801438603, 50.910966328739853 ], [ 6.707379246322373, 50.9109918544737 ] ] ] ] } },
{ "type": "Feature", "properties": { "fid": 274151.0, "oid": "DENW41AL30008LFHBL", "aktualit": "2024-08-20", "gebnutzbez": "Gebäude", "funktion": "Wohngebäude", "gfkzshh": "31001_1000", "rellage": null, "name": null, "anzahlgs": null, "gmdschl": "05362032", "lagebeztxt": "Sistenichstraße 48", "bld area": 66, "flstkennz_": "054682020001410013__", "area": 420 }, "geometry": { "type": "MultiPolygon", "coordinates": [ [ [ [ 6.709247940961874, 50.911037967779123 ], [ 6.70927236302936, 50.911039508473401 ], [ 6.709266496472575, 50.911076116252232 ], [ 6.709366121377062, 50.911082532854167 ], [ 6.709377725725204, 50.911004403977792 ], [ 6.709278094715712, 50.910997825370863 ], [ 6.709275210829914, 50.911015703010051 ], [ 6.709251653979233, 50.911014215276438 ], [ 6.709247940961874, 50.911037967779123 ] ] ] ] } },
{ "type": "Feature", "properties": { "fid": 161010.0, "oid": "DENW41AL30008OxiBL", "aktualit": "2024-08-20", "gebnutzbez": "Gebäude", "funktion": "Wohngebäude", "gfkzshh": "31001_1000", "rellage": null, "name": null, "anzahlgs": null, "gmdschl": "05362032", "lagebeztxt": "Am grünen Weg 17", "bld area": 66, "flstkennz_": "05468202000407______", "area": 192 }, "geometry": { "type": "MultiPolygon", "coordinates": [ [ [ [ 6.707321953705489, 50.910904511390612 ], [ 6.70747141433373, 50.910915236498425 ], [ 6.707481180984158, 50.910859799799468 ], [ 6.707331863980921, 50.910849050542261 ], [ 6.707321953705489, 50.910904511390612 ] ] ] ] } },
{ "type": "Feature", "properties": { "fid": 159873.0, "oid": "DENW41AL30008MhkBL", "aktualit": "2024-08-20", "gebnutzbez": "Gebäude", "funktion": "Gebäude zum Parken", "gfkzshh": "31001_2460", "rellage": null, "name": null, "anzahlgs": null, "gmdschl": "05362032", "lagebeztxt": null, "bld area": 32, "flstkennz_": "05468202000431______", "area": 753 }, "geometry": { "type": "MultiPolygon", "coordinates": [ [ [ [ 6.708508502607553, 50.910240090856419 ], [ 6.708581898305565, 50.910242629307447 ], [ 6.708586835067845, 50.9101864411139 ], [ 6.708513800946452, 50.910183783847735 ], [ 6.708508502607553, 50.910240090856419 ] ] ] ] } },
{ "type": "Feature", "properties": { "fid": 61505.0, "oid": "DENW41AL30008MDNBL", "aktualit": "2024-08-20", "gebnutzbez": "Gebäude", "funktion": "Gebäude zum Parken", "gfkzshh": "31001_2460", "rellage": null, "name": null, "anzahlgs": null, "gmdschl": "05362032", "lagebeztxt": null, "bld area": 32, "flstkennz_": "05468202000431______", "area": 753 }, "geometry": { "type": "MultiPolygon", "coordinates": [ [ [ [ 6.708866951825289, 50.910253523600289 ], [ 6.708939651785437, 50.91025661479533 ], [ 6.708945014220669, 50.910199571512166 ], [ 6.708872496992267, 50.910196816689385 ], [ 6.708866951825289, 50.910253523600289 ] ] ] ] } },
{ "type": "Feature", "properties": { "fid": 273354.0, "oid": "DENW41AL30008KLRBL", "aktualit": "2024-08-20", "gebnutzbez": "Gebäude", "funktion": "Wohngebäude", "gfkzshh": "31001_1000", "rellage": null, "name": null, "anzahlgs": null, "gmdschl": "05362032", "lagebeztxt": "Grabenweg 6, 8", "bld area": 219, "flstkennz_": "05468202000431______", "area": 753 }, "geometry": { "type": "MultiPolygon", "coordinates": [ [ [ [ 6.708577391975467, 50.910293240611047 ], [ 6.708862127565888, 50.910303373165853 ], [ 6.708866951825289, 50.910253523600289 ], [ 6.708872496992267, 50.910196816689385 ], [ 6.708872566020503, 50.910195990586701 ], [ 6.708865465576212, 50.910195734261364 ], [ 6.708864222618518, 50.910209165043675 ], [ 6.708660757772681, 50.910201707532472 ], [ 6.7086619856935, 50.910188294444893 ], [ 6.70858693561561, 50.910185552671479 ], [ 6.708586835067845, 50.9101864411139 ], [ 6.708581898305565, 50.910242629307447 ], [ 6.708577391975467, 50.910293240611047 ] ] ] ] } },
{ "type": "Feature", "properties": { "fid": 60997.0, "oid": "DENW41AL30008LTmBL", "aktualit": "2024-08-20", "gebnutzbez": "Gebäude", "funktion": "Wohngebäude", "gfkzshh": "31001_1000", "rellage": null, "name": null, "anzahlgs": null, "gmdschl": "05362032", "lagebeztxt": "Am grünen Weg 23", "bld area": 65, "flstkennz_": "05468202000362______", "area": 178 }, "geometry": { "type": "MultiPolygon", "coordinates": [ [ [ [ 6.707378896960992, 50.910740201441108 ], [ 6.707500895880454, 50.910748992924376 ], [ 6.707528042637518, 50.910750956269027 ], [ 6.707538062797058, 50.910695569515227 ], [ 6.707388903523644, 50.91068480543764 ], [ 6.707378896960992, 50.910740201441108 ] ] ] ] } },
{ "type": "Feature", "properties": { "fid": 60634.0, "oid": "DENW41AL30008KxrBL", "aktualit": "2024-08-20", "gebnutzbez": "Gebäude", "funktion": "Wohngebäude", "gfkzshh": "31001_1000", "rellage": null, "name": null, "anzahlgs": null, "gmdschl": "05362032", "lagebeztxt": "Sistenichstraße 50 b", "bld area": 66, "flstkennz_": "05468202000392______", "area": 192 }, "geometry": { "type": "MultiPolygon", "coordinates": [ [ [ [ 6.709238788325052, 50.910650483907247 ], [ 6.709388344832939, 50.910657799676756 ], [ 6.709395233276484, 50.910602117460307 ], [ 6.709245592111843, 50.910594791042527 ], [ 6.709238788325052, 50.910650483907247 ] ] ] ] } },
{ "type": "Feature", "properties": { "fid": 63011.0, "oid": "DENW41AL30008OLwBL", "aktualit": "2024-08-20", "gebnutzbez": "Gebäude", "funktion": "Wohngebäude", "gfkzshh": "31001_1000", "rellage": null, "name": null, "anzahlgs": null, "gmdschl": "05362032", "lagebeztxt": "Am grünen Weg 21", "bld area": 66, "flstkennz_": "05468202000361______", "area": 179 }, "geometry": { "type": "MultiPolygon", "coordinates": [ [ [ [ 6.707341741389143, 50.910793678988163 ], [ 6.70749102979314, 50.910804427672161 ], [ 6.707500895880454, 50.910748992924376 ], [ 6.707378896960992, 50.910740201441108 ], [ 6.707351651171626, 50.910738227121968 ], [ 6.707341741389143, 50.910793678988163 ] ] ] ] } },
{ "type": "Feature", "properties": { "fid": 276401.0, "oid": "DENW41AL30008NlRBL", "aktualit": "2024-08-20", "gebnutzbez": "Gebäude", "funktion": "Wohngebäude", "gfkzshh": "31001_1000", "rellage": null, "name": null, "anzahlgs": null, "gmdschl": "05362032", "lagebeztxt": "Am grünen Weg 25", "bld area": 66, "flstkennz_": "05468202000363______", "area": 178 }, "geometry": { "type": "MultiPolygon", "coordinates": [ [ [ [ 6.707388903523644, 50.91068480543764 ], [ 6.707538062797058, 50.910695569515227 ], [ 6.707547731592991, 50.910640094911074 ], [ 6.707526268649439, 50.910638558019059 ], [ 6.707398473006574, 50.910629328893556 ], [ 6.707388903523644, 50.91068480543764 ] ] ] ] } },
{ "type": "Feature", "properties": { "fid": 158015.0, "oid": "DENW41AL2e30002fBL", "aktualit": "2024-08-20", "gebnutzbez": "Gebäude", "funktion": "Gebäude zur Freizeitgestaltung", "gfkzshh": "31001_1310", "rellage": null, "name": null, "anzahlgs": null, "gmdschl": "05362032", "lagebeztxt": null, "bld area": 26, "flstkennz_": "05468202000432______", "area": 426 }, "geometry": { "type": "MultiPolygon", "coordinates": [ [ [ [ 6.708917422356892, 50.910491680088917 ], [ 6.708992230278557, 50.910493859257514 ], [ 6.708995516069101, 50.910448683404034 ], [ 6.708921901623257, 50.910446536661908 ], [ 6.708917422356892, 50.910491680088917 ] ] ] ] } },
{ "type": "Feature", "properties": { "fid": 160155.0, "oid": "DENW41AL30008NH9BL", "aktualit": "2024-08-20", "gebnutzbez": "Gebäude", "funktion": "Wohngebäude", "gfkzshh": "31001_1000", "rellage": null, "name": null, "anzahlgs": null, "gmdschl": "05362032", "lagebeztxt": "Sistenichstraße 52", "bld area": 65, "flstkennz_": "05468202000432______", "area": 426 }, "geometry": { "type": "MultiPolygon", "coordinates": [ [ [ [ 6.709323433984042, 50.910475806982369 ], [ 6.709347278601926, 50.910476643782118 ], [ 6.709346496688631, 50.910485613546804 ], [ 6.709351367589925, 50.910485790103166 ], [ 6.709386901123381, 50.910487018225908 ], [ 6.709387668375245, 50.910478057167332 ], [ 6.709448708059866, 50.910480181652986 ], [ 6.709453398206454, 50.910417117093438 ], [ 6.70932841570021, 50.910412892055589 ], [ 6.70932360159012, 50.910473552751498 ], [ 6.709323433984042, 50.910475806982369 ] ] ] ] } },
{ "type": "Feature", "properties": { "fid": 160938.0, "oid": "DENW41AL30008OoxBL", "aktualit": "2024-08-20", "gebnutzbez": "Gebäude", "funktion": "Gebäude zum Parken", "gfkzshh": "31001_2460", "rellage": null, "name": null, "anzahlgs": null, "gmdschl": "05362032", "lagebeztxt": null, "bld area": 26, "flstkennz_": "05468202000432______", "area": 426 }, "geometry": { "type": "MultiPolygon", "coordinates": [ [ [ [ 6.7092522365012, 50.910505843835281 ], [ 6.709286757780722, 50.910506827265728 ], [ 6.709349264818156, 50.910508620841917 ], [ 6.709351367589925, 50.910485790103166 ], [ 6.709346496688631, 50.910485613546804 ], [ 6.709347278601926, 50.910476643782118 ], [ 6.709323433984042, 50.910475806982369 ], [ 6.70932360159012, 50.910473552751498 ], [ 6.709292837275318, 50.910472544142792 ], [ 6.709292897471366, 50.910471897748685 ], [ 6.709254860263364, 50.910470377610473 ], [ 6.709252567307781, 50.91050142522829 ], [ 6.7092522365012, 50.910505843835281 ] ] ] ] } },
{ "type": "Feature", "properties": { "fid": 158475.0, "oid": "DENW41AL30008JuDBL", "aktualit": "2024-08-20", "gebnutzbez": "Gebäude", "funktion": "Wohngebäude", "gfkzshh": "31001_1000", "rellage": null, "name": null, "anzahlgs": null, "gmdschl": "05362032", "lagebeztxt": "Am grünen Weg 19", "bld area": 66, "flstkennz_": "05468202000360______", "area": 180 }, "geometry": { "type": "MultiPolygon", "coordinates": [ [ [ [ 6.707331863980921, 50.910849050542261 ], [ 6.707481180984158, 50.910859799799468 ], [ 6.70749102979314, 50.910804427672161 ], [ 6.707341741389143, 50.910793678988163 ], [ 6.707331863980921, 50.910849050542261 ] ] ] ] } },
{ "type": "Feature", "properties": { "fid": 273531.0, "oid": "DENW41AL30008KYSBL", "aktualit": "2024-08-20", "gebnutzbez": "Gebäude", "funktion": "Wohngebäude", "gfkzshh": "31001_1000", "rellage": null, "name": null, "anzahlgs": null, "gmdschl": "05362032", "lagebeztxt": "Sistenichstraße 50 c", "bld area": 67, "flstkennz_": "05468202000414______", "area": 315 }, "geometry": { "type": "MultiPolygon", "coordinates": [ [ [ [ 6.709245592111843, 50.910594791042527 ], [ 6.709395233276484, 50.910602117460307 ], [ 6.709401965271606, 50.910546144360907 ], [ 6.709402080899833, 50.910545238225716 ], [ 6.709283232881372, 50.910539496623301 ], [ 6.709252477699425, 50.910538011495838 ], [ 6.709245592111843, 50.910594791042527 ] ] ] ] } },
{ "type": "Feature", "properties": { "fid": 159840.0, "oid": "DENW41AL30008MfaBL", "aktualit": "2024-08-20", "gebnutzbez": "Gebäude", "funktion": "Gebäude zum Parken", "gfkzshh": "31001_2460", "rellage": null, "name": null, "anzahlgs": null, "gmdschl": "05362032", "lagebeztxt": null, "bld area": 34, "flstkennz_": "05468202000414______", "area": 315 }, "geometry": { "type": "MultiPolygon", "coordinates": [ [ [ [ 6.709283232881372, 50.910539496623301 ], [ 6.709402080899833, 50.910545238225716 ], [ 6.709401965271606, 50.910546144360907 ], [ 6.709410339159817, 50.910546542571936 ], [ 6.70941447761738, 50.910510647375766 ], [ 6.709349264818156, 50.910508620841917 ], [ 6.709286757780722, 50.910506827265728 ], [ 6.709283232881372, 50.910539496623301 ] ] ] ] } },
{ "type": "Feature", "properties": { "fid": 60524.0, "oid": "DENW41AL30008Ko0BL", "aktualit": "2024-08-20", "gebnutzbez": "Gebäude", "funktion": "Wohngebäude", "gfkzshh": "31001_1000", "rellage": null, "name": null, "anzahlgs": null, "gmdschl": "05362032", "lagebeztxt": "Sistenichstraße 62", "bld area": 73, "flstkennz_": "05468201900129______", "area": 449 }, "geometry": { "type": "MultiPolygon", "coordinates": [ [ [ [ 6.709370641891258, 50.909657010677712 ], [ 6.709367424370493, 50.909728036949772 ], [ 6.70949923754949, 50.909729571877925 ], [ 6.709503044723086, 50.909658701082719 ], [ 6.709498267656953, 50.909658643297256 ], [ 6.709400810337839, 50.909657395974357 ], [ 6.709370641891258, 50.909657010677712 ] ] ] ] } },
{ "type": "Feature", "properties": { "fid": 275457.0, "oid": "DENW41AL30008MiPBL", "aktualit": "2024-08-20", "gebnutzbez": "Gebäude", "funktion": "Gebäude zum Parken", "gfkzshh": "31001_2460", "rellage": null, "name": null, "anzahlgs": null, "gmdschl": "05362032", "lagebeztxt": null, "bld area": 24, "flstkennz_": "05468201900129______", "area": 449 }, "geometry": { "type": "MultiPolygon", "coordinates": [ [ [ [ 6.709401667425036, 50.909625456732677 ], [ 6.709400810337839, 50.909657395974357 ], [ 6.709498267656953, 50.909658643297256 ], [ 6.709499121054399, 50.909626488124317 ], [ 6.709401667425036, 50.909625456732677 ] ] ] ] } },
{ "type": "Feature", "properties": { "fid": 158244.0, "oid": "DENW41AL30008JURBL", "aktualit": "2024-08-20", "gebnutzbez": "Gebäude", "funktion": "Gebäude zum Parken", "gfkzshh": "31001_2460", "rellage": null, "name": null, "anzahlgs": null, "gmdschl": "05362032", "lagebeztxt": null, "bld area": 18, "flstkennz_": "05468201900230______", "area": 381 }, "geometry": { "type": "MultiPolygon", "coordinates": [ [ [ [ 6.709096565930013, 50.910065719348538 ], [ 6.709139205830392, 50.910067365870603 ], [ 6.709139637453361, 50.910062922260359 ], [ 6.709135647761452, 50.910062762993512 ], [ 6.709141073318946, 50.910006746268863 ], [ 6.70910259591481, 50.910005217437032 ], [ 6.709096565930013, 50.910065719348538 ] ] ] ] } },
{ "type": "Feature", "properties": { "fid": 160031.0, "oid": "DENW41AL30008N0tBL", "aktualit": "2024-08-20", "gebnutzbez": "Gebäude", "funktion": "Gebäude zum Parken", "gfkzshh": "31001_2460", "rellage": null, "name": null, "anzahlgs": null, "gmdschl": "05362032", "lagebeztxt": null, "bld area": 21, "flstkennz_": "05468201900230______", "area": 381 }, "geometry": { "type": "MultiPolygon", "coordinates": [ [ [ [ 6.709309615231502, 50.910068030731821 ], [ 6.709308861720059, 50.910094962286571 ], [ 6.709408107962637, 50.910096010946816 ], [ 6.709408842350892, 50.910069177951627 ], [ 6.709364480907925, 50.910068693953015 ], [ 6.709309615231502, 50.910068030731821 ] ] ] ] } },
{ "type": "Feature", "properties": { "fid": 275735.0, "oid": "DENW41AL30008N1tBL", "aktualit": "2024-08-20", "gebnutzbez": "Gebäude", "funktion": "Wohngebäude", "gfkzshh": "31001_1000", "rellage": null, "name": null, "anzahlgs": null, "gmdschl": "05362032", "lagebeztxt": "Grabenweg 1", "bld area": 105, "flstkennz_": "05468201900230______", "area": 381 }, "geometry": { "type": "MultiPolygon", "coordinates": [ [ [ [ 6.709135647761452, 50.910062762993512 ], [ 6.709139637453361, 50.910062922260359 ], [ 6.709273166087444, 50.910067782956347 ], [ 6.709283630702108, 50.909966220044439 ], [ 6.709225686450138, 50.90996422818337 ], [ 6.709225034092579, 50.909971428651971 ], [ 6.709144778996233, 50.909968369203071 ], [ 6.709141073318946, 50.910006746268863 ], [ 6.709135647761452, 50.910062762993512 ] ] ] ] } },
{ "type": "Feature", "properties": { "fid": 275140.0, "oid": "DENW41AL30008MNOBL", "aktualit": "2024-08-20", "gebnutzbez": "Gebäude", "funktion": "Gebäude zum Parken", "gfkzshh": "31001_2460", "rellage": null, "name": null, "anzahlgs": null, "gmdschl": "05362032", "lagebeztxt": null, "bld area": 19, "flstkennz_": "05468201900140______", "area": 444 }, "geometry": { "type": "MultiPolygon", "coordinates": [ [ [ [ 6.709424970559903, 50.909795201226764 ], [ 6.709495877923723, 50.909795963397016 ], [ 6.709496867316112, 50.909761328520275 ], [ 6.709426715459569, 50.909760536208928 ], [ 6.709424970559903, 50.909795201226764 ] ] ] ] } },
{ "type": "Feature", "properties": { "fid": 158972.0, "oid": "DENW41AL30008KtIBL", "aktualit": "2024-08-20", "gebnutzbez": "Gebäude", "funktion": "Wohngebäude", "gfkzshh": "31001_1000", "rellage": null, "name": null, "anzahlgs": null, "gmdschl": "05362032", "lagebeztxt": "Sistenichstraße 60", "bld area": 75, "flstkennz_": "05468201900140______", "area": 444 }, "geometry": { "type": "MultiPolygon", "coordinates": [ [ [ [ 6.709356468158089, 50.909794423260983 ], [ 6.709354488882245, 50.909862829568993 ], [ 6.709495202409899, 50.909864476242603 ], [ 6.709497242740745, 50.909795981190875 ], [ 6.709495877923723, 50.909795963397016 ], [ 6.709424970559903, 50.909795201226764 ], [ 6.709356468158089, 50.909794423260983 ] ] ] ] } },
{ "type": "Feature", "properties": { "fid": 274103.0, "oid": "DENW41AL30008LC2BL", "aktualit": "2024-08-20", "gebnutzbez": "Gebäude", "funktion": "Gebäude zum Parken", "gfkzshh": "31001_2460", "rellage": null, "name": null, "anzahlgs": null, "gmdschl": "05362032", "lagebeztxt": null, "bld area": 21, "flstkennz_": "05468201900140______", "area": 444 }, "geometry": { "type": "MultiPolygon", "coordinates": [ [ [ [ 6.709420440487443, 50.909890350913869 ], [ 6.709419342397455, 50.909921404001445 ], [ 6.70950425929635, 50.909922522092899 ], [ 6.709505237013422, 50.909891601553902 ], [ 6.709420440487443, 50.909890350913869 ] ] ] ] } },
{ "type": "Feature", "properties": { "fid": 160031.0, "oid": "DENW41AL30008N0tBL", "aktualit": "2024-08-20", "gebnutzbez": "Gebäude", "funktion": "Gebäude zum Parken", "gfkzshh": "31001_2460", "rellage": null, "name": null, "anzahlgs": null, "gmdschl": "05362032", "lagebeztxt": null, "bld area": 21, "flstkennz_": "05468201900229______", "area": 428 }, "geometry": { "type": "MultiPolygon", "coordinates": [ [ [ [ 6.709309615231502, 50.910068030731821 ], [ 6.709308861720059, 50.910094962286571 ], [ 6.709408107962637, 50.910096010946816 ], [ 6.709408842350892, 50.910069177951627 ], [ 6.709364480907925, 50.910068693953015 ], [ 6.709309615231502, 50.910068030731821 ] ] ] ] } },
{ "type": "Feature", "properties": { "fid": 274103.0, "oid": "DENW41AL30008LC2BL", "aktualit": "2024-08-20", "gebnutzbez": "Gebäude", "funktion": "Gebäude zum Parken", "gfkzshh": "31001_2460", "rellage": null, "name": null, "anzahlgs": null, "gmdschl": "05362032", "lagebeztxt": null, "bld area": 21, "flstkennz_": "05468201900229______", "area": 428 }, "geometry": { "type": "MultiPolygon", "coordinates": [ [ [ [ 6.709420440487443, 50.909890350913869 ], [ 6.709419342397455, 50.909921404001445 ], [ 6.70950425929635, 50.909922522092899 ], [ 6.709505237013422, 50.909891601553902 ], [ 6.709420440487443, 50.909890350913869 ] ] ] ] } },
{ "type": "Feature", "properties": { "fid": 276483.0, "oid": "DENW41AL30008Nr9BL", "aktualit": "2024-08-20", "gebnutzbez": "Gebäude", "funktion": "Wohngebäude", "gfkzshh": "31001_1000", "rellage": null, "name": null, "anzahlgs": null, "gmdschl": "05362032", "lagebeztxt": "Sistenichstraße 58", "bld area": 91, "flstkennz_": "05468201900229______", "area": 428 }, "geometry": { "type": "MultiPolygon", "coordinates": [ [ [ [ 6.709365665797089, 50.910024286320763 ], [ 6.709364480907925, 50.910068693953015 ], [ 6.709408842350892, 50.910069177951627 ], [ 6.709490536848748, 50.910070160848321 ], [ 6.709492424219675, 50.909970884961545 ], [ 6.709417938620358, 50.909969980603961 ], [ 6.709382989785037, 50.909969600416694 ], [ 6.709381611531438, 50.910021712203843 ], [ 6.709365665797089, 50.910024286320763 ] ] ] ] } },
{ "type": "Feature", "properties": { "fid": 158648.0, "oid": "DENW41AL30008KFJBL", "aktualit": "2024-08-20", "gebnutzbez": "Gebäude", "funktion": "Wohngebäude", "gfkzshh": "31001_1000", "rellage": null, "name": null, "anzahlgs": null, "gmdschl": "05362032", "lagebeztxt": null, "bld area": 35, "flstkennz_": "05468202100406______", "area": 375 }, "geometry": { "type": "MultiPolygon", "coordinates": [ [ [ [ 6.706444350660449, 50.912244594664735 ], [ 6.706547215579148, 50.912275433381375 ], [ 6.706547733724254, 50.912274733029648 ], [ 6.706574424956276, 50.912239973689196 ], [ 6.706472056149903, 50.912208883917039 ], [ 6.706444350660449, 50.912244594664735 ] ] ] ] } },
{ "type": "Feature", "properties": { "fid": 272935.0, "oid": "DENW41AL30008JsPBL", "aktualit": "2024-08-20", "gebnutzbez": "Gebäude", "funktion": "Gebäude zum Parken", "gfkzshh": "31001_2460", "rellage": null, "name": null, "anzahlgs": null, "gmdschl": "05362032", "lagebeztxt": null, "bld area": 25, "flstkennz_": "05468202100406______", "area": 375 }, "geometry": { "type": "MultiPolygon", "coordinates": [ [ [ [ 6.706379995019245, 50.912315354661793 ], [ 6.706466815190468, 50.912341794780517 ], [ 6.706489808358653, 50.912311648710762 ], [ 6.706403831287208, 50.912285423049155 ], [ 6.706379995019245, 50.912315354661793 ] ] ] ] } },
{ "type": "Feature", "properties": { "fid": 275184.0, "oid": "DENW41AL30008MQUBL", "aktualit": "2024-08-20", "gebnutzbez": "Gebäude", "funktion": "Wohngebäude", "gfkzshh": "31001_1000", "rellage": null, "name": null, "anzahlgs": null, "gmdschl": "05362032", "lagebeztxt": "Am grünen Weg 2", "bld area": 95, "flstkennz_": "05468202100406______", "area": 375 }, "geometry": { "type": "MultiPolygon", "coordinates": [ [ [ [ 6.706539757187146, 50.912329611217551 ], [ 6.706599460146312, 50.912347684444278 ], [ 6.70660265296961, 50.91234351096481 ], [ 6.706654828814766, 50.912359583453785 ], [ 6.706714275430108, 50.912282466941591 ], [ 6.706574424956276, 50.912239973689196 ], [ 6.706547733724254, 50.912274733029648 ], [ 6.706547215579148, 50.912275433381375 ], [ 6.706575451709349, 50.912283903102356 ], [ 6.706539757187146, 50.912329611217551 ] ] ] ] } },
{ "type": "Feature", "properties": { "fid": 274087.0, "oid": "DENW41AL30008LB6BL", "aktualit": "2024-08-20", "gebnutzbez": "Gebäude", "funktion": "Gebäude zum Parken", "gfkzshh": "31001_2460", "rellage": null, "name": null, "anzahlgs": null, "gmdschl": "05362032", "lagebeztxt": null, "bld area": 37, "flstkennz_": "05468202100361______", "area": 563 }, "geometry": { "type": "MultiPolygon", "coordinates": [ [ [ [ 6.70652165547199, 50.912419700221015 ], [ 6.706598215574167, 50.912443015516615 ], [ 6.706636083668531, 50.912393320738197 ], [ 6.706559537840392, 50.91237000574737 ], [ 6.70652165547199, 50.912419700221015 ] ] ] ] } },
{ "type": "Feature", "properties": { "fid": 276113.0, "oid": "DENW41AL30008NS8BL", "aktualit": "2024-08-20", "gebnutzbez": "Gebäude", "funktion": "Wohngebäude", "gfkzshh": "31001_1000", "rellage": null, "name": null, "anzahlgs": null, "gmdschl": "05362032", "lagebeztxt": "Wiesenstraße 15, 17", "bld area": 232, "flstkennz_": "05468202100361______", "area": 563 }, "geometry": { "type": "MultiPolygon", "coordinates": [ [ [ [ 6.706238131693193, 50.912451498399761 ], [ 6.706338824021381, 50.912481970806809 ], [ 6.7063366475089, 50.912484860108336 ], [ 6.706436091288943, 50.91251468729763 ], [ 6.706438343280471, 50.912511709536624 ], [ 6.706516879693708, 50.912535630354498 ], [ 6.706581787779069, 50.91245045459145 ], [ 6.706302867763937, 50.912366067572293 ], [ 6.706300829334944, 50.912368752722678 ], [ 6.706260238331253, 50.912422315307353 ], [ 6.706238131693193, 50.912451498399761 ] ] ] ] } },
{ "type": "Feature", "properties": { "fid": 159602.0, "oid": "DENW41AL30008MAkBL", "aktualit": "2024-08-20", "gebnutzbez": "Gebäude", "funktion": "Gebäude zum Parken", "gfkzshh": "31001_2460", "rellage": null, "name": null, "anzahlgs": null, "gmdschl": "05362032", "lagebeztxt": null, "bld area": 22, "flstkennz_": "05468202100361______", "area": 563 }, "geometry": { "type": "MultiPolygon", "coordinates": [ [ [ [ 6.706216869605926, 50.91240941078626 ], [ 6.706260238331253, 50.912422315307353 ], [ 6.706300829334944, 50.912368752722678 ], [ 6.706257744465249, 50.91235586278961 ], [ 6.706216869605926, 50.91240941078626 ] ] ] ] } },
{ "type": "Feature", "properties": { "fid": 275858.0, "oid": "DENW41AL30008NAeBL", "aktualit": "2024-08-20", "gebnutzbez": "Gebäude", "funktion": "Wohngebäude", "gfkzshh": "31001_1000", "rellage": null, "name": null, "anzahlgs": null, "gmdschl": "05362032", "lagebeztxt": "Am grünen Weg 4", "bld area": 75, "flstkennz_": "054682021000500003__", "area": 529 }, "geometry": { "type": "MultiPolygon", "coordinates": [ [ [ [ 6.706574424956276, 50.912239973689196 ], [ 6.706714275430108, 50.912282466941591 ], [ 6.706760834066816, 50.912221232572655 ], [ 6.706657485286387, 50.912189817906935 ], [ 6.706641669999827, 50.912210553324009 ], [ 6.70660543803611, 50.91219948908185 ], [ 6.706574424956276, 50.912239973689196 ] ] ] ] } },
{ "type": "Feature", "properties": { "fid": 277033.0, "oid": "DENW41AL30008ORWBL", "aktualit": "2024-08-20", "gebnutzbez": "Gebäude", "funktion": "Gebäude zum Parken", "gfkzshh": "31001_2460", "rellage": null, "name": null, "anzahlgs": null, "gmdschl": "05362032", "lagebeztxt": null, "bld area": 22, "flstkennz_": "054682021000500003__", "area": 529 }, "geometry": { "type": "MultiPolygon", "coordinates": [ [ [ [ 6.706527339179464, 50.91214469115063 ], [ 6.706624967971541, 50.912174383579831 ], [ 6.706642763033516, 50.912150997832526 ], [ 6.706637745048909, 50.912149469157526 ], [ 6.70656289066238, 50.912126772022148 ], [ 6.706545088546571, 50.912121367478619 ], [ 6.706527339179464, 50.91214469115063 ] ] ] ] } },
{ "type": "Feature", "properties": { "fid": 61394.0, "oid": "DENW41AL30008M3jBL", "aktualit": "2024-08-20", "gebnutzbez": "Gebäude", "funktion": "Gebäude zum Parken", "gfkzshh": "31001_2460", "rellage": null, "name": null, "anzahlgs": null, "gmdschl": "05362032", "lagebeztxt": null, "bld area": 36, "flstkennz_": "05468202100310______", "area": 679 }, "geometry": { "type": "MultiPolygon", "coordinates": [ [ [ [ 6.70615528655716, 50.912391093544215 ], [ 6.706216869605926, 50.91240941078626 ], [ 6.706257744465249, 50.91235586278961 ], [ 6.706263039230052, 50.912348870506285 ], [ 6.706201459262264, 50.912330202578389 ], [ 6.70615528655716, 50.912391093544215 ] ] ] ] } },
{ "type": "Feature", "properties": { "fid": 62104.0, "oid": "DENW41AL30008N58BL", "aktualit": "2024-08-20", "gebnutzbez": "Gebäude", "funktion": "Wohngebäude", "gfkzshh": "31001_1000", "rellage": null, "name": null, "anzahlgs": null, "gmdschl": "05362032", "lagebeztxt": "Wiesenstraße 19", "bld area": 146, "flstkennz_": "05468202100310______", "area": 679 }, "geometry": { "type": "MultiPolygon", "coordinates": [ [ [ [ 6.705974437755304, 50.912375441599025 ], [ 6.70613127597408, 50.912422829496464 ], [ 6.70615528655716, 50.912391093544215 ], [ 6.706201459262264, 50.912330202578389 ], [ 6.706210208394429, 50.912318637234492 ], [ 6.706204067950464, 50.912316789672971 ], [ 6.706198145817345, 50.912324678027417 ], [ 6.706052548962776, 50.912281009894443 ], [ 6.706058654485705, 50.912272864322901 ], [ 6.706052246659096, 50.912270957532805 ], [ 6.705974437755304, 50.912375441599025 ] ] ] ] } },
{ "type": "Feature", "properties": { "fid": 62586.0, "oid": "DENW41AL30008NlFBL", "aktualit": "2024-08-20", "gebnutzbez": "Gebäude", "funktion": "Gebäude zum Parken", "gfkzshh": "31001_2460", "rellage": null, "name": null, "anzahlgs": null, "gmdschl": "05362032", "lagebeztxt": null, "bld area": 57, "flstkennz_": "05468200800390______", "area": 335 }, "geometry": { "type": "MultiPolygon", "coordinates": [ [ [ [ 6.712876715822508, 50.915089120878918 ], [ 6.71302004155658, 50.915115287320788 ], [ 6.713038216959522, 50.915068145673111 ], [ 6.712893857597898, 50.915041590237941 ], [ 6.712876715822508, 50.915089120878918 ] ] ] ] } },
{ "type": "Feature", "properties": { "fid": 159189.0, "oid": "DENW41AL30008LJbBL", "aktualit": "2024-08-20", "gebnutzbez": "Gebäude", "funktion": "Gemischt genutztes Gebäude mit Wohnen", "gfkzshh": "31001_1100", "rellage": null, "name": null, "anzahlgs": null, "gmdschl": "05362032", "lagebeztxt": "Bahnhofstraße 34", "bld area": 122, "flstkennz_": "05468200800390______", "area": 335 }, "geometry": { "type": "MultiPolygon", "coordinates": [ [ [ [ 6.712795043180576, 50.915315538575712 ], [ 6.712935009920242, 50.91533536140701 ], [ 6.71297409610522, 50.915225922724822 ], [ 6.712934196979872, 50.91522022104833 ], [ 6.712932615647503, 50.915224615153775 ], [ 6.712833624625922, 50.915210596088265 ], [ 6.71283293210927, 50.915210501569383 ], [ 6.712795043180576, 50.915315538575712 ] ] ] ] } },
{ "type": "Feature", "properties": { "fid": 274781.0, "oid": "DENW41AL30008Lx8BL", "aktualit": "2024-08-20", "gebnutzbez": "Gebäude", "funktion": "Gebäude für Wirtschaft oder Gewerbe", "gfkzshh": "31001_2000", "rellage": null, "name": null, "anzahlgs": null, "gmdschl": "05362032", "lagebeztxt": null, "bld area": 31, "flstkennz_": "05468200800390______", "area": 335 }, "geometry": { "type": "MultiPolygon", "coordinates": [ [ [ [ 6.712729478634732, 50.915195801348922 ], [ 6.71283293210927, 50.915210501569383 ], [ 6.712833624625922, 50.915210596088265 ], [ 6.7128452450973, 50.915173822115534 ], [ 6.712752659079296, 50.91516149347823 ], [ 6.712738932999366, 50.915167223524826 ], [ 6.712729478634732, 50.915195801348922 ] ] ] ] } },
{ "type": "Feature", "properties": { "fid": 273847.0, "oid": "DENW41AL30008KuMBL", "aktualit": "2024-08-20", "gebnutzbez": "Gebäude", "funktion": "Gebäude zum Parken", "gfkzshh": "31001_2460", "rellage": null, "name": null, "anzahlgs": null, "gmdschl": "05362032", "lagebeztxt": null, "bld area": 26, "flstkennz_": "05468200800033______", "area": 1125 }, "geometry": { "type": "MultiPolygon", "coordinates": [ [ [ [ 6.713725012604632, 50.914719509068043 ], [ 6.7137441456012, 50.91473582142941 ], [ 6.71377403133233, 50.914735075771851 ], [ 6.713802077959797, 50.914733826385906 ], [ 6.713824040984397, 50.914704306298702 ], [ 6.713747033474183, 50.914684746570494 ], [ 6.713725012604632, 50.914719509068043 ] ] ] ] } },
{ "type": "Feature", "properties": { "fid": 276988.0, "oid": "DENW41AL30008OOOBL", "aktualit": "2024-08-20", "gebnutzbez": "Gebäude", "funktion": "Wohngebäude", "gfkzshh": "31001_1000", "rellage": null, "name": null, "anzahlgs": null, "gmdschl": "05362032", "lagebeztxt": "Höhenweg 6", "bld area": 78, "flstkennz_": "05468200800033______", "area": 1125 }, "geometry": { "type": "MultiPolygon", "coordinates": [ [ [ [ 6.713771390383877, 50.914681563131388 ], [ 6.71390022789841, 50.914716807524236 ], [ 6.713917616131005, 50.914691218164585 ], [ 6.71392112597304, 50.914692177333883 ], [ 6.713947612975663, 50.914653373995932 ], [ 6.713814970273929, 50.914617974164642 ], [ 6.713771390383877, 50.914681563131388 ] ] ] ] } },
{ "type": "Feature", "properties": { "fid": 276954.0, "oid": "DENW41AL30008OM2BL", "aktualit": "2024-08-20", "gebnutzbez": "Gebäude", "funktion": "Gebäude zum Parken", "gfkzshh": "31001_2460", "rellage": null, "name": null, "anzahlgs": null, "gmdschl": "05362032", "lagebeztxt": null, "bld area": 16, "flstkennz_": "05468200800395______", "area": 1289 }, "geometry": { "type": "MultiPolygon", "coordinates": [ [ [ [ 6.712939255911852, 50.914646469861452 ], [ 6.713015011889053, 50.91465179492743 ], [ 6.713018575099446, 50.914624972405448 ], [ 6.712942870405725, 50.914620053080846 ], [ 6.712939255911852, 50.914646469861452 ] ] ] ] } },
{ "type": "Feature", "properties": { "fid": 158467.0, "oid": "DENW41AL30008JtXBL", "aktualit": "2024-08-20", "gebnutzbez": "Gebäude", "funktion": "Wohngebäude", "gfkzshh": "31001_1000", "rellage": null, "name": null, "anzahlgs": null, "gmdschl": "05362032", "lagebeztxt": "Bahnhofstraße 34 a", "bld area": 132, "flstkennz_": "05468200800395______", "area": 1289 }, "geometry": { "type": "MultiPolygon", "coordinates": [ [ [ [ 6.712725932065948, 50.914744192216361 ], [ 6.712730494916229, 50.914744857266228 ], [ 6.712731476860034, 50.914742241241022 ], [ 6.712916780415312, 50.914769986040618 ], [ 6.712915864589759, 50.914772414487032 ], [ 6.712920693982817, 50.914773156705742 ], [ 6.71295941430914, 50.914672039386076 ], [ 6.712954979826924, 50.914671367866696 ], [ 6.712953833287565, 50.914674439367033 ], [ 6.712875953414736, 50.914662812746471 ], [ 6.712877114172654, 50.914659741525504 ], [ 6.712872694347294, 50.914659061296113 ], [ 6.712861957299691, 50.914687398135676 ], [ 6.712757707227454, 50.914671558057698 ], [ 6.712758736656665, 50.914668844027865 ], [ 6.712753764698845, 50.914668108002324 ], [ 6.712725932065948, 50.914744192216361 ] ] ] ] } },
{ "type": "Feature", "properties": { "fid": 277326.0, "oid": "DENW41AL30008OlJBL", "aktualit": "2024-08-20", "gebnutzbez": "Gebäude", "funktion": "Gebäude zum Parken", "gfkzshh": "31001_2460", "rellage": null, "name": null, "anzahlgs": null, "gmdschl": "05362032", "lagebeztxt": null, "bld area": 19, "flstkennz_": "05468200800018______", "area": 318 }, "geometry": { "type": "MultiPolygon", "coordinates": [ [ [ [ 6.71377403133233, 50.914735075771851 ], [ 6.713775201059184, 50.91475387835834 ], [ 6.713777355697053, 50.914756942583963 ], [ 6.713780335497888, 50.914759717175279 ], [ 6.713784059583642, 50.914762110606887 ], [ 6.713788389340052, 50.914764048210486 ], [ 6.713793199485635, 50.914765473567186 ], [ 6.71379832209742, 50.914766329422761 ], [ 6.713803615918123, 50.914766595021753 ], [ 6.71380889660855, 50.914766257758906 ], [ 6.713856611837958, 50.914764880998732 ], [ 6.713852557596807, 50.914733232303668 ], [ 6.71377403133233, 50.914735075771851 ] ] ] ] } },
{ "type": "Feature", "properties": { "fid": 277166.0, "oid": "DENW41AL30008OamBL", "aktualit": "2024-08-20", "gebnutzbez": "Gebäude", "funktion": "Wohngebäude", "gfkzshh": "31001_1000", "rellage": null, "name": null, "anzahlgs": null, "gmdschl": "05362032", "lagebeztxt": "Höhenweg 4", "bld area": 93, "flstkennz_": "05468200800018______", "area": 318 }, "geometry": { "type": "MultiPolygon", "coordinates": [ [ [ [ 6.713630608408636, 50.914847309489922 ], [ 6.713740288007282, 50.914890264417586 ], [ 6.713823690358927, 50.91480375613726 ], [ 6.713757463952455, 50.914778165712896 ], [ 6.713736843761214, 50.914799446520682 ], [ 6.713692127379456, 50.914780861125301 ], [ 6.713630608408636, 50.914847309489922 ] ] ] ] } },
{ "type": "Feature", "properties": { "fid": 158949.0, "oid": "DENW41AL30008KqgBL", "aktualit": "2024-08-20", "gebnutzbez": "Gebäude", "funktion": "Wohngebäude", "gfkzshh": "31001_1000", "rellage": null, "name": null, "anzahlgs": null, "gmdschl": "05362032", "lagebeztxt": "Bahnhofstraße 36", "bld area": 143, "flstkennz_": "05468200800499______", "area": 2211 }, "geometry": { "type": "MultiPolygon", "coordinates": [ [ [ [ 6.712935009920242, 50.91533536140701 ], [ 6.712935010474343, 50.915335640234836 ], [ 6.713134875395275, 50.915365333937977 ], [ 6.713165692508978, 50.915277705733544 ], [ 6.712968681972256, 50.915248418787449 ], [ 6.712935009920242, 50.91533536140701 ] ] ] ] } },
{ "type": "Feature", "properties": { "fid": 276980.0, "oid": "DENW41AL30008ONtBL", "aktualit": "2024-08-20", "gebnutzbez": "Gebäude", "funktion": "Wohngebäude", "gfkzshh": "31001_1000", "rellage": null, "name": null, "anzahlgs": null, "gmdschl": "05362032", "lagebeztxt": "Höhenweg 2, 2 a, 2 b", "bld area": 595, "flstkennz_": "05468200800499______", "area": 2211 }, "geometry": { "type": "MultiPolygon", "coordinates": [ [ [ [ 6.713168030305739, 50.915236702490851 ], [ 6.713178719477749, 50.915240968284323 ], [ 6.713296052904087, 50.91528742839909 ], [ 6.713410452423484, 50.91517057908564 ], [ 6.713429752792273, 50.915178836066914 ], [ 6.713573658073362, 50.915031256252654 ], [ 6.713593326859905, 50.915038962791243 ], [ 6.713740288007282, 50.914890264417586 ], [ 6.713630608408636, 50.914847309489922 ], [ 6.713630262108631, 50.914847698445634 ], [ 6.713611360619209, 50.914840303750211 ], [ 6.713610910857795, 50.914840771625769 ], [ 6.713603931691469, 50.914838026605537 ], [ 6.713459230470407, 50.914985024233999 ], [ 6.713446637319435, 50.914980127551132 ], [ 6.713445213872993, 50.914981592681571 ], [ 6.713438806010427, 50.914979092691581 ], [ 6.713295673939538, 50.915124825714933 ], [ 6.713282578760936, 50.915119721307676 ], [ 6.713168030305739, 50.915236702490851 ] ] ] ] } },
{ "type": "Feature", "properties": { "fid": 62068.0, "oid": "DENW41AL30008N1lBL", "aktualit": "2024-08-20", "gebnutzbez": "Gebäude", "funktion": "Gebäude zum Parken", "gfkzshh": "31001_2460", "rellage": null, "name": null, "anzahlgs": null, "gmdschl": "05362032", "lagebeztxt": null, "bld area": 11, "flstkennz_": "054682021000080006__", "area": 361 }, "geometry": { "type": "MultiPolygon", "coordinates": [ [ [ [ 6.707365306914064, 50.913387745658959 ], [ 6.707394708670858, 50.913398567547127 ], [ 6.707426239701476, 50.913364334812243 ], [ 6.707396837958432, 50.913353512932154 ], [ 6.707365306914064, 50.913387745658959 ] ] ] ] } },
{ "type": "Feature", "properties": { "fid": 59712.0, "oid": "DENW41AL30008JgcBL", "aktualit": "2024-08-20", "gebnutzbez": "Gebäude", "funktion": "Wohngebäude", "gfkzshh": "31001_1000", "rellage": null, "name": null, "anzahlgs": null, "gmdschl": "05362032", "lagebeztxt": "Am Kalkofen 9", "bld area": 62, "flstkennz_": "054682021000080006__", "area": 361 }, "geometry": { "type": "MultiPolygon", "coordinates": [ [ [ [ 6.707197350219291, 50.913444310749057 ], [ 6.707281539717039, 50.913478010763441 ], [ 6.70734079967656, 50.91341656700061 ], [ 6.707288964762344, 50.913395266958922 ], [ 6.707303952296428, 50.913379506923611 ], [ 6.707271704424143, 50.913367252999151 ], [ 6.707197350219291, 50.913444310749057 ] ] ] ] } },
{ "type": "Feature", "properties": { "fid": 159450.0, "oid": "DENW41AL30008Ls9BL", "aktualit": "2024-08-20", "gebnutzbez": "Gebäude", "funktion": "Gebäude zum Parken", "gfkzshh": "31001_2460", "rellage": null, "name": null, "anzahlgs": null, "gmdschl": "05362032", "lagebeztxt": null, "bld area": 14, "flstkennz_": "054682021000080005__", "area": 256 }, "geometry": { "type": "MultiPolygon", "coordinates": [ [ [ [ 6.707076284139457, 50.91339585533153 ], [ 6.7070774986114, 50.913396328898465 ], [ 6.707109798600788, 50.913409258458664 ], [ 6.707148970136041, 50.913370966672211 ], [ 6.707114887313748, 50.913358128012085 ], [ 6.707113713715398, 50.913357691225016 ], [ 6.707076284139457, 50.91339585533153 ] ] ] ] } },
{ "type": "Feature", "properties": { "fid": 273189.0, "oid": "DENW41AL30008KANBL", "aktualit": "2024-08-20", "gebnutzbez": "Gebäude", "funktion": "Wohngebäude", "gfkzshh": "31001_1000", "rellage": null, "name": null, "anzahlgs": null, "gmdschl": "05362032", "lagebeztxt": "Am Kalkofen 11", "bld area": 61, "flstkennz_": "054682021000080005__", "area": 256 }, "geometry": { "type": "MultiPolygon", "coordinates": [ [ [ [ 6.707109798600788, 50.913409258458664 ], [ 6.707197350219291, 50.913444310749057 ], [ 6.707271704424143, 50.913367252999151 ], [ 6.707232192860007, 50.913352266057849 ], [ 6.707213212548047, 50.913372264810462 ], [ 6.707165948662427, 50.913354355355125 ], [ 6.707148970136041, 50.913370966672211 ], [ 6.707109798600788, 50.913409258458664 ] ] ] ] } },
{ "type": "Feature", "properties": { "fid": 61106.0, "oid": "DENW41AL30008LeFBL", "aktualit": "2024-08-20", "gebnutzbez": "Gebäude", "funktion": "Gebäude zum Parken", "gfkzshh": "31001_2460", "rellage": null, "name": null, "anzahlgs": null, "gmdschl": "05362032", "lagebeztxt": null, "bld area": 21, "flstkennz_": "054682021000080002__", "area": 511 }, "geometry": { "type": "MultiPolygon", "coordinates": [ [ [ [ 6.707036189133021, 50.913386370247203 ], [ 6.707072045759239, 50.913400170174548 ], [ 6.707076284139457, 50.91339585533153 ], [ 6.707113713715398, 50.913357691225016 ], [ 6.707114887313748, 50.913358128012085 ], [ 6.707125657076789, 50.913347132953895 ], [ 6.707087957448821, 50.913332622274154 ], [ 6.707086700338504, 50.913332147869568 ], [ 6.707037059888738, 50.913385442974793 ], [ 6.707036189133021, 50.913386370247203 ] ] ] ] } },
{ "type": "Feature", "properties": { "fid": 159188.0, "oid": "DENW41AL30008LIyBL", "aktualit": "2024-08-20", "gebnutzbez": "Gebäude", "funktion": "Wohngebäude", "gfkzshh": "31001_1000", "rellage": null, "name": null, "anzahlgs": null, "gmdschl": "05362032", "lagebeztxt": "Am Kalkofen 13", "bld area": 80, "flstkennz_": "054682021000080002__", "area": 511 }, "geometry": { "type": "MultiPolygon", "coordinates": [ [ [ [ 6.706939036524599, 50.913348961605536 ], [ 6.706939581124665, 50.913349170176694 ], [ 6.707036189133021, 50.913386370247203 ], [ 6.707037059888738, 50.913385442974793 ], [ 6.707086700338504, 50.913332147869568 ], [ 6.707108344342421, 50.913308900635194 ], [ 6.70701353725699, 50.913272401572307 ], [ 6.707011191833536, 50.913271492054477 ], [ 6.706939036524599, 50.913348961605536 ] ] ] ] } },
{ "type": "Feature", "properties": { "fid": 159450.0, "oid": "DENW41AL30008Ls9BL", "aktualit": "2024-08-20", "gebnutzbez": "Gebäude", "funktion": "Gebäude zum Parken", "gfkzshh": "31001_2460", "rellage": null, "name": null, "anzahlgs": null, "gmdschl": "05362032", "lagebeztxt": null, "bld area": 14, "flstkennz_": "054682021000080002__", "area": 511 }, "geometry": { "type": "MultiPolygon", "coordinates": [ [ [ [ 6.707076284139457, 50.91339585533153 ], [ 6.7070774986114, 50.913396328898465 ], [ 6.707109798600788, 50.913409258458664 ], [ 6.707148970136041, 50.913370966672211 ], [ 6.707114887313748, 50.913358128012085 ], [ 6.707113713715398, 50.913357691225016 ], [ 6.707076284139457, 50.91339585533153 ] ] ] ] } },
{ "type": "Feature", "properties": { "fid": 160246.0, "oid": "DENW41AL30008NSQBL", "aktualit": "2024-08-20", "gebnutzbez": "Gebäude", "funktion": "Gebäude zur Freizeitgestaltung", "gfkzshh": "31001_1310", "rellage": null, "name": null, "anzahlgs": null, "gmdschl": "05362032", "lagebeztxt": null, "bld area": 24, "flstkennz_": "054682021000080002__", "area": 511 }, "geometry": { "type": "MultiPolygon", "coordinates": [ [ [ [ 6.707285598939991, 50.913154347676247 ], [ 6.707362999702489, 50.913176221927159 ], [ 6.707386843435556, 50.913144977125789 ], [ 6.707353636461203, 50.91313487196048 ], [ 6.70730739316449, 50.913120805105507 ], [ 6.707298245402678, 50.913134404360186 ], [ 6.707298905474642, 50.91313457922179 ], [ 6.707285598939991, 50.913154347676247 ] ] ] ] } },
{ "type": "Feature", "properties": { "fid": 62582.0, "oid": "DENW41AL30008Nl7BL", "aktualit": "2024-08-20", "gebnutzbez": "Gebäude", "funktion": "Gebäude zum Parken", "gfkzshh": "31001_2460", "rellage": null, "name": null, "anzahlgs": null, "gmdschl": "05362032", "lagebeztxt": null, "bld area": 19, "flstkennz_": "054682021000080007__", "area": 321 }, "geometry": { "type": "MultiPolygon", "coordinates": [ [ [ [ 6.70738128740042, 50.913413144159144 ], [ 6.707410651113109, 50.913424450977402 ], [ 6.707420177798019, 50.913414142006665 ], [ 6.707434553770405, 50.913419506088488 ], [ 6.707454421097913, 50.913398247562519 ], [ 6.707442141794633, 50.913393644199807 ], [ 6.707458282283908, 50.913376134955598 ], [ 6.707426239701476, 50.913364334812243 ], [ 6.707394708670858, 50.913398567547127 ], [ 6.70738128740042, 50.913413144159144 ] ] ] ] } },
{ "type": "Feature", "properties": { "fid": 159407.0, "oid": "DENW41AL30008LluBL", "aktualit": "2024-08-20", "gebnutzbez": "Gebäude", "funktion": "Gebäude für Land- und Forstwirtschaft", "gfkzshh": "31001_2700", "rellage": null, "name": null, "anzahlgs": null, "gmdschl": "05362032", "lagebeztxt": null, "bld area": 23, "flstkennz_": "054682021000080007__", "area": 321 }, "geometry": { "type": "MultiPolygon", "coordinates": [ [ [ [ 6.707410651113109, 50.913424450977402 ], [ 6.707487229731421, 50.913454088891754 ], [ 6.707517338638448, 50.91342186985807 ], [ 6.707454421097913, 50.913398247562519 ], [ 6.707434553770405, 50.913419506088488 ], [ 6.707420177798019, 50.913414142006665 ], [ 6.707410651113109, 50.913424450977402 ] ] ] ] } },
{ "type": "Feature", "properties": { "fid": 159615.0, "oid": "DENW41AL30008MCKBL", "aktualit": "2024-08-20", "gebnutzbez": "Gebäude", "funktion": "Wohngebäude", "gfkzshh": "31001_1000", "rellage": null, "name": null, "anzahlgs": null, "gmdschl": "05362032", "lagebeztxt": "Am Kalkofen 7", "bld area": 50, "flstkennz_": "054682021000080007__", "area": 321 }, "geometry": { "type": "MultiPolygon", "coordinates": [ [ [ [ 6.707317595176497, 50.913526261944114 ], [ 6.707392868759399, 50.913555244693605 ], [ 6.707450854172075, 50.91349310127945 ], [ 6.707375344969125, 50.913463124586301 ], [ 6.707317595176497, 50.913526261944114 ] ] ] ] } },
{ "type": "Feature", "properties": { "fid": 277563.0, "oid": "DENW41AL30008P15BL", "aktualit": "2024-08-20", "gebnutzbez": "Gebäude", "funktion": "Wohngebäude", "gfkzshh": "31001_1000", "rellage": null, "name": null, "anzahlgs": null, "gmdschl": "05362032", "lagebeztxt": "Wiesenstraße 10 a", "bld area": 58, "flstkennz_": "05468202100314______", "area": 110 }, "geometry": { "type": "MultiPolygon", "coordinates": [ [ [ [ 6.70735345946128, 50.913031094489213 ], [ 6.70741783288028, 50.913049978568587 ], [ 6.707488662808225, 50.912956320281864 ], [ 6.707424586037682, 50.912936902421905 ], [ 6.707371537282314, 50.913007165548308 ], [ 6.70735345946128, 50.913031094489213 ] ] ] ] } },
{ "type": "Feature", "properties": { "fid": 60924.0, "oid": "DENW41AL30008LNoBL", "aktualit": "2024-08-20", "gebnutzbez": "Gebäude", "funktion": "Wohngebäude", "gfkzshh": "31001_1000", "rellage": null, "name": null, "anzahlgs": null, "gmdschl": "05362032", "lagebeztxt": "Wiesenstraße 12", "bld area": 60, "flstkennz_": "05468202100472______", "area": 240 }, "geometry": { "type": "MultiPolygon", "coordinates": [ [ [ [ 6.707282828291246, 50.91297975362253 ], [ 6.707301803528158, 50.912985612814111 ], [ 6.707371537282314, 50.913007165548308 ], [ 6.707424586037682, 50.912936902421905 ], [ 6.707335768458293, 50.912909965089852 ], [ 6.707282828291246, 50.91297975362253 ] ] ] ] } },
{ "type": "Feature", "properties": { "fid": 272709.0, "oid": "DENW41AL30008JdUBL", "aktualit": "2024-08-20", "gebnutzbez": "Gebäude", "funktion": "Gebäude zum Parken", "gfkzshh": "31001_2460", "rellage": null, "name": null, "anzahlgs": null, "gmdschl": "05362032", "lagebeztxt": null, "bld area": 25, "flstkennz_": "05468202100472______", "area": 240 }, "geometry": { "type": "MultiPolygon", "coordinates": [ [ [ [ 6.707274331656202, 50.913022362665636 ], [ 6.707343780303848, 50.913043927803024 ], [ 6.70735345946128, 50.913031094489213 ], [ 6.707371537282314, 50.913007165548308 ], [ 6.707301803528158, 50.912985612814111 ], [ 6.707274331656202, 50.913022362665636 ] ] ] ] } },
{ "type": "Feature", "properties": { "fid": 277327.0, "oid": "DENW41AL30008OlKBL", "aktualit": "2024-08-20", "gebnutzbez": "Gebäude", "funktion": "Wohngebäude", "gfkzshh": "31001_1000", "rellage": null, "name": null, "anzahlgs": null, "gmdschl": "05362032", "lagebeztxt": "Wiesenstraße 10", "bld area": 56, "flstkennz_": "05468202100315______", "area": 107 }, "geometry": { "type": "MultiPolygon", "coordinates": [ [ [ [ 6.70741783288028, 50.913049978568587 ], [ 6.70747994167162, 50.913069204871483 ], [ 6.707501106119985, 50.913041235233464 ], [ 6.707550494911852, 50.912975963835727 ], [ 6.707488662808225, 50.912956320281864 ], [ 6.70741783288028, 50.913049978568587 ] ] ] ] } },
{ "type": "Feature", "properties": { "fid": 62478.0, "oid": "DENW41AL30008NbyBL", "aktualit": "2024-08-20", "gebnutzbez": "Gebäude", "funktion": "Wohngebäude", "gfkzshh": "31001_1000", "rellage": null, "name": null, "anzahlgs": null, "gmdschl": "05362032", "lagebeztxt": null, "bld area": 33, "flstkennz_": "05468202100334______", "area": 266 }, "geometry": { "type": "MultiPolygon", "coordinates": [ [ [ [ 6.707587580701744, 50.913141032632183 ], [ 6.707654588482194, 50.913160741819794 ], [ 6.707684532350418, 50.913120874512174 ], [ 6.707675798503924, 50.913118238571663 ], [ 6.707684870195173, 50.913106184780013 ], [ 6.707625302830921, 50.913088798335778 ], [ 6.707592201996032, 50.91313239912769 ], [ 6.707587580701744, 50.913141032632183 ] ] ] ] } },
{ "type": "Feature", "properties": { "fid": 160694.0, "oid": "DENW41AL30008ONKBL", "aktualit": "2024-08-20", "gebnutzbez": "Gebäude", "funktion": "Wohngebäude", "gfkzshh": "31001_1000", "rellage": null, "name": null, "anzahlgs": null, "gmdschl": "05362032", "lagebeztxt": "Wiesenstraße 8", "bld area": 105, "flstkennz_": "05468202100334______", "area": 266 }, "geometry": { "type": "MultiPolygon", "coordinates": [ [ [ [ 6.707461318276555, 50.913094103468758 ], [ 6.707554305697254, 50.913121311489036 ], [ 6.707590394097896, 50.913073371275949 ], [ 6.707611284096237, 50.91304577397969 ], [ 6.707643035965585, 50.913003855564746 ], [ 6.707550494911852, 50.912975963835727 ], [ 6.707501106119985, 50.913041235233464 ], [ 6.707461318276555, 50.913094103468758 ] ] ] ] } },
{ "type": "Feature", "properties": { "fid": 271913.0, "oid": "DENW41AL2000Iz1LBL", "aktualit": "2024-08-20", "gebnutzbez": "Gebäude", "funktion": "Gebäude zum Parken", "gfkzshh": "31001_2460", "rellage": null, "name": null, "anzahlgs": null, "gmdschl": "05362032", "lagebeztxt": null, "bld area": 17, "flstkennz_": "05468202100334______", "area": 266 }, "geometry": { "type": "MultiPolygon", "coordinates": [ [ [ [ 6.707554305697254, 50.913121311489036 ], [ 6.707592201996032, 50.91313239912769 ], [ 6.707625302830921, 50.913088798335778 ], [ 6.707628664327325, 50.913084376307246 ], [ 6.707603454817589, 50.913077126539186 ], [ 6.707590394097896, 50.913073371275949 ], [ 6.707554305697254, 50.913121311489036 ] ] ] ] } },
{ "type": "Feature", "properties": { "fid": 271914.0, "oid": "DENW41AL2000Iz1TBL", "aktualit": "2024-08-20", "gebnutzbez": "Gebäude", "funktion": "Gebäude zur Freizeitgestaltung", "gfkzshh": "31001_1310", "rellage": null, "name": null, "anzahlgs": null, "gmdschl": "05362032", "lagebeztxt": null, "bld area": 3, "flstkennz_": "05468202100334______", "area": 266 }, "geometry": { "type": "MultiPolygon", "coordinates": [ [ [ [ 6.707590394097896, 50.913073371275949 ], [ 6.707603454817589, 50.913077126539186 ], [ 6.707624236043308, 50.913049715980208 ], [ 6.707611284096237, 50.91304577397969 ], [ 6.707590394097896, 50.913073371275949 ] ] ] ] } },
{ "type": "Feature", "properties": { "fid": 277430.0, "oid": "DENW41AL30008OrsBL", "aktualit": "2024-08-20", "gebnutzbez": "Gebäude", "funktion": "Wohngebäude", "gfkzshh": "31001_1000", "rellage": null, "name": null, "anzahlgs": null, "gmdschl": "05362032", "lagebeztxt": "Wiesenstraße 6", "bld area": 80, "flstkennz_": "05468202100334______", "area": 266 }, "geometry": { "type": "MultiPolygon", "coordinates": [ [ [ [ 6.707625302830921, 50.913088798335778 ], [ 6.707684870195173, 50.913106184780013 ], [ 6.70769381193917, 50.913108932732747 ], [ 6.707739876756077, 50.913122870010618 ], [ 6.70779404952501, 50.913048833285671 ], [ 6.707680845669238, 50.913015256267997 ], [ 6.707628664327325, 50.913084376307246 ], [ 6.707625302830921, 50.913088798335778 ] ] ] ] } },
{ "type": "Feature", "properties": { "fid": 63204.0, "oid": "DENW41AL30008OdDBL", "aktualit": "2024-08-20", "gebnutzbez": "Gebäude", "funktion": "Wohngebäude", "gfkzshh": "31001_1000", "rellage": null, "name": null, "anzahlgs": null, "gmdschl": "05362032", "lagebeztxt": "Sistenichstraße 77", "bld area": 86, "flstkennz_": "05468201900161______", "area": 355 }, "geometry": { "type": "MultiPolygon", "coordinates": [ [ [ [ 6.709807872080598, 50.909172310255833 ], [ 6.709880964081251, 50.909173178030365 ], [ 6.709933142642422, 50.909173788258222 ], [ 6.709933322563761, 50.909171282432922 ], [ 6.709936212064596, 50.909134157494783 ], [ 6.709939435374968, 50.909092551047223 ], [ 6.709939689251122, 50.909089408091511 ], [ 6.709877994013302, 50.909088503178431 ], [ 6.70987820140289, 50.909083119777698 ], [ 6.709814728347979, 50.909082206924872 ], [ 6.709807872080598, 50.909172310255833 ] ] ] ] } },
{ "type": "Feature", "properties": { "fid": 119843.0, "oid": "DENW41AL30008NNJBL", "aktualit": "2024-08-20", "gebnutzbez": "Gebäude", "funktion": "Wohngebäude", "gfkzshh": "31001_1000", "rellage": null, "name": null, "anzahlgs": null, "gmdschl": "05362032", "lagebeztxt": null, "bld area": 21, "flstkennz_": "05468201900161______", "area": 355 }, "geometry": { "type": "MultiPolygon", "coordinates": [ [ [ [ 6.709936212064596, 50.909134157494783 ], [ 6.71000187776586, 50.90913619260084 ], [ 6.710005115229953, 50.909094586429603 ], [ 6.709939435374968, 50.909092551047223 ], [ 6.709936212064596, 50.909134157494783 ] ] ] ] } },
{ "type": "Feature", "properties": { "fid": 158805.0, "oid": "DENW41AL30008KYrBL", "aktualit": "2024-08-20", "gebnutzbez": "Gebäude", "funktion": "Gebäude zum Parken", "gfkzshh": "31001_2460", "rellage": null, "name": null, "anzahlgs": null, "gmdschl": "05362032", "lagebeztxt": null, "bld area": 21, "flstkennz_": "05468201900161______", "area": 355 }, "geometry": { "type": "MultiPolygon", "coordinates": [ [ [ [ 6.709879182923078, 50.909204532512369 ], [ 6.709963949705457, 50.909205494432037 ], [ 6.709965381543801, 50.909172271313935 ], [ 6.709933322563761, 50.909171282432922 ], [ 6.709933142642422, 50.909173788258222 ], [ 6.709880964081251, 50.909173178030365 ], [ 6.709879182923078, 50.909204532512369 ] ] ] ] } },
{ "type": "Feature", "properties": { "fid": 62040.0, "oid": "DENW41AL30008MzcBL", "aktualit": "2024-08-20", "gebnutzbez": "Gebäude", "funktion": "Wohngebäude", "gfkzshh": "31001_1000", "rellage": null, "name": null, "anzahlgs": null, "gmdschl": "05362032", "lagebeztxt": "Sistenichstraße 73, 75", "bld area": 264, "flstkennz_": "05468201900159______", "area": 330 }, "geometry": { "type": "MultiPolygon", "coordinates": [ [ [ [ 6.709956667130225, 50.909240536470406 ], [ 6.709955042193328, 50.909297976930361 ], [ 6.709956720103471, 50.909297991868875 ], [ 6.709955020059168, 50.909343342774093 ], [ 6.709956995984231, 50.909343372554844 ], [ 6.710291846942813, 50.909346480336374 ], [ 6.710292206892048, 50.909337987967724 ], [ 6.710293538822393, 50.909304187264645 ], [ 6.710295658459246, 50.909243905377217 ], [ 6.710291393509756, 50.90924384867796 ], [ 6.710291212239408, 50.909250149990392 ], [ 6.710205461639839, 50.909249231963969 ], [ 6.710205624298966, 50.909243020227478 ], [ 6.710127405239398, 50.909242267911779 ], [ 6.71012725678195, 50.909248479926916 ], [ 6.710066695744272, 50.909247939146667 ], [ 6.710066829115498, 50.90924174482376 ], [ 6.709956667130225, 50.909240536470406 ] ] ] ] } },
{ "type": "Feature", "properties": { "fid": 275832.0, "oid": "DENW41AL30008N8DBL", "aktualit": "2024-08-20", "gebnutzbez": "Gebäude", "funktion": "Wohngebäude", "gfkzshh": "31001_1000", "rellage": null, "name": null, "anzahlgs": null, "gmdschl": "05362032", "lagebeztxt": "Sistenichstraße 71", "bld area": 291, "flstkennz_": "05468201900159______", "area": 330 }, "geometry": { "type": "MultiPolygon", "coordinates": [ [ [ [ 6.709805682325347, 50.90929630502233 ], [ 6.709796187488273, 50.909539535213021 ], [ 6.709948366844515, 50.909542035949961 ], [ 6.709956995984231, 50.909343372554844 ], [ 6.709955020059168, 50.909343342774093 ], [ 6.709956720103471, 50.909297991868875 ], [ 6.709955042193328, 50.909297976930361 ], [ 6.709805682325347, 50.90929630502233 ] ] ] ] } },
{ "type": "Feature", "properties": { "fid": 276220.0, "oid": "DENW41AL30008NZLBL", "aktualit": "2024-08-20", "gebnutzbez": "Gebäude", "funktion": "Gebäude zum Parken", "gfkzshh": "31001_2460", "rellage": null, "name": null, "anzahlgs": null, "gmdschl": "05362032", "lagebeztxt": null, "bld area": 14, "flstkennz_": "05468202100042______", "area": 487 }, "geometry": { "type": "MultiPolygon", "coordinates": [ [ [ [ 6.70832674213068, 50.912984515519632 ], [ 6.708289840491474, 50.912972757630605 ], [ 6.708258824467249, 50.913010715273785 ], [ 6.708259413033675, 50.913010897719865 ], [ 6.708295797123803, 50.913022511046627 ], [ 6.70832674213068, 50.912984515519632 ] ] ] ] } },
{ "type": "Feature", "properties": { "fid": 275026.0, "oid": "DENW41AL30008MF7BL", "aktualit": "2024-09-20", "gebnutzbez": "Gebäude", "funktion": "Gebäude zum Parken", "gfkzshh": "31001_2460", "rellage": null, "name": null, "anzahlgs": null, "gmdschl": "05362032", "lagebeztxt": null, "bld area": 37, "flstkennz_": "05468202100042______", "area": 487 }, "geometry": { "type": "MultiPolygon", "coordinates": [ [ [ [ 6.708615005302162, 50.913036127956843 ], [ 6.708632062087452, 50.913010255299071 ], [ 6.708519784532414, 50.912980690668853 ], [ 6.708521733523781, 50.912977796860062 ], [ 6.70848331599054, 50.912967760593375 ], [ 6.708464423001459, 50.912996710394864 ], [ 6.70856112711082, 50.913022032047188 ], [ 6.708615005302162, 50.913036127956843 ] ] ] ] } },
{ "type": "Feature", "properties": { "fid": 64046.0, "oid": "DENW41ALee0000d6BL", "aktualit": "2024-08-20", "gebnutzbez": "Gebäude", "funktion": "Wohngebäude", "gfkzshh": "31001_1000", "rellage": null, "name": null, "anzahlgs": null, "gmdschl": "05362032", "lagebeztxt": "Hebbelstraße 5", "bld area": 195, "flstkennz_": "05468201900318______", "area": 645 }, "geometry": { "type": "MultiPolygon", "coordinates": [ [ [ [ 6.708061879604635, 50.909584490794586 ], [ 6.708262937910005, 50.909593098326553 ], [ 6.708276699012147, 50.909465886062108 ], [ 6.708269376586527, 50.909465517411093 ], [ 6.708268478339979, 50.909472218371008 ], [ 6.708200683287052, 50.909469214080659 ], [ 6.708201438980454, 50.909462519315767 ], [ 6.708075514224868, 50.909457258077772 ], [ 6.708066824187309, 50.909537998417747 ], [ 6.708075655318177, 50.909538351741453 ], [ 6.708071423089808, 50.909580190166238 ], [ 6.708062420080589, 50.909579860448936 ], [ 6.708061879604635, 50.909584490794586 ] ] ] ] } },
{ "type": "Feature", "properties": { "fid": 61528.0, "oid": "DENW41AL30008MFMBL", "aktualit": "2024-08-20", "gebnutzbez": "Gebäude", "funktion": "Gebäude zum Parken", "gfkzshh": "31001_2460", "rellage": null, "name": null, "anzahlgs": null, "gmdschl": "05362032", "lagebeztxt": null, "bld area": 15, "flstkennz_": "05468201900146______", "area": 2489 }, "geometry": { "type": "MultiPolygon", "coordinates": [ [ [ [ 6.708739019742217, 50.909326102718218 ], [ 6.708813358390699, 50.909333453407413 ], [ 6.708818395302282, 50.909307946071124 ], [ 6.708744126871169, 50.9093006147517 ], [ 6.708739019742217, 50.909326102718218 ] ] ] ] } },
{ "type": "Feature", "properties": { "fid": 61992.0, "oid": "DENW41AL30008MuiBL", "aktualit": "2024-08-20", "gebnutzbez": "Gebäude", "funktion": "Wohngebäude", "gfkzshh": "31001_1000", "rellage": null, "name": null, "anzahlgs": null, "gmdschl": "05362032", "lagebeztxt": "Oderstraße 4, 5", "bld area": 285, "flstkennz_": "05468201900146______", "area": 2489 }, "geometry": { "type": "MultiPolygon", "coordinates": [ [ [ [ 6.708175069603171, 50.909356725399668 ], [ 6.70866636256646, 50.909402682046135 ], [ 6.708683372058456, 50.909330082790923 ], [ 6.708192114884508, 50.90928399200186 ], [ 6.708175069603171, 50.909356725399668 ] ] ] ] } },
{ "type": "Feature", "properties": { "fid": 158442.0, "oid": "DENW41AL30008JqdBL", "aktualit": "2024-08-20", "gebnutzbez": "Gebäude", "funktion": "Gebäude zum Parken", "gfkzshh": "31001_2460", "rellage": null, "name": null, "anzahlgs": null, "gmdschl": "05362032", "lagebeztxt": null, "bld area": 15, "flstkennz_": "05468201900146______", "area": 2489 }, "geometry": { "type": "MultiPolygon", "coordinates": [ [ [ [ 6.708753898951956, 50.909251689787162 ], [ 6.7088280411638, 50.909258982646371 ], [ 6.70883289268648, 50.909234353092181 ], [ 6.708758819807747, 50.909227097573478 ], [ 6.708753898951956, 50.909251689787162 ] ] ] ] } },
{ "type": "Feature", "properties": { "fid": 159898.0, "oid": "DENW41AL30008MlABL", "aktualit": "2024-08-20", "gebnutzbez": "Gebäude", "funktion": "Gebäude zum Parken", "gfkzshh": "31001_2460", "rellage": null, "name": null, "anzahlgs": null, "gmdschl": "05362032", "lagebeztxt": null, "bld area": 15, "flstkennz_": "05468201900146______", "area": 2489 }, "geometry": { "type": "MultiPolygon", "coordinates": [ [ [ [ 6.708763782763834, 50.909202227368745 ], [ 6.708837784985092, 50.909209472503228 ], [ 6.708842863531841, 50.909183696159758 ], [ 6.708768931528025, 50.90917647039506 ], [ 6.708763782763834, 50.909202227368745 ] ] ] ] } },
{ "type": "Feature", "properties": { "fid": 273605.0, "oid": "DENW41AL30008KdsBL", "aktualit": "2024-08-20", "gebnutzbez": "Gebäude", "funktion": "Wohngebäude", "gfkzshh": "31001_1000", "rellage": null, "name": null, "anzahlgs": null, "gmdschl": "05362032", "lagebeztxt": "Oderstraße 1", "bld area": 143, "flstkennz_": "05468201900146______", "area": 2489 }, "geometry": { "type": "MultiPolygon", "coordinates": [ [ [ [ 6.708714417992249, 50.908797368655151 ], [ 6.708829548749753, 50.908807741805724 ], [ 6.708864561901945, 50.908652417401399 ], [ 6.708749459500241, 50.908642053833496 ], [ 6.708714417992249, 50.908797368655151 ] ] ] ] } },
{ "type": "Feature", "properties": { "fid": 274971.0, "oid": "DENW41AL30008MCUBL", "aktualit": "2024-08-20", "gebnutzbez": "Gebäude", "funktion": "Wohngebäude", "gfkzshh": "31001_1000", "rellage": null, "name": null, "anzahlgs": null, "gmdschl": "05362032", "lagebeztxt": "Oderstraße 2, 3", "bld area": 288, "flstkennz_": "05468201900146______", "area": 2489 }, "geometry": { "type": "MultiPolygon", "coordinates": [ [ [ [ 6.708592656391448, 50.909160039795786 ], [ 6.708708116300363, 50.909170680352098 ], [ 6.708780117918519, 50.90885864932487 ], [ 6.708664644990368, 50.90884799958458 ], [ 6.708592656391448, 50.909160039795786 ] ] ] ] } },
{ "type": "Feature", "properties": { "fid": 275181.0, "oid": "DENW41AL30008MQDBL", "aktualit": "2024-08-20", "gebnutzbez": "Gebäude", "funktion": "Gebäude zum Parken", "gfkzshh": "31001_2460", "rellage": null, "name": null, "anzahlgs": null, "gmdschl": "05362032", "lagebeztxt": null, "bld area": 14, "flstkennz_": "05468201900146______", "area": 2489 }, "geometry": { "type": "MultiPolygon", "coordinates": [ [ [ [ 6.708749052151614, 50.909275932684331 ], [ 6.708823250808015, 50.909283235648651 ], [ 6.7088280411638, 50.909258982646371 ], [ 6.708753898951956, 50.909251689787162 ], [ 6.708749052151614, 50.909275932684331 ] ] ] ] } },
{ "type": "Feature", "properties": { "fid": 275698.0, "oid": "DENW41AL30008N2IBL", "aktualit": "2024-08-20", "gebnutzbez": "Gebäude", "funktion": "Gebäude zum Parken", "gfkzshh": "31001_2460", "rellage": null, "name": null, "anzahlgs": null, "gmdschl": "05362032", "lagebeztxt": null, "bld area": 15, "flstkennz_": "05468201900146______", "area": 2489 }, "geometry": { "type": "MultiPolygon", "coordinates": [ [ [ [ 6.708744126871169, 50.9093006147517 ], [ 6.708818395302282, 50.909307946071124 ], [ 6.708823250808015, 50.909283235648651 ], [ 6.708749052151614, 50.909275932684331 ], [ 6.708744126871169, 50.9093006147517 ] ] ] ] } },
{ "type": "Feature", "properties": { "fid": 277566.0, "oid": "DENW41AL30008P19BL", "aktualit": "2024-08-20", "gebnutzbez": "Gebäude", "funktion": "Gebäude zum Parken", "gfkzshh": "31001_2460", "rellage": null, "name": null, "anzahlgs": null, "gmdschl": "05362032", "lagebeztxt": null, "bld area": 15, "flstkennz_": "05468201900146______", "area": 2489 }, "geometry": { "type": "MultiPolygon", "coordinates": [ [ [ [ 6.708758819807747, 50.909227097573478 ], [ 6.70883289268648, 50.909234353092181 ], [ 6.708837784985092, 50.909209472503228 ], [ 6.708763782763834, 50.909202227368745 ], [ 6.708758819807747, 50.909227097573478 ] ] ] ] } },
{ "type": "Feature", "properties": { "fid": 62191.0, "oid": "DENW41AL30008NCpBL", "aktualit": "2024-08-20", "gebnutzbez": "Gebäude", "funktion": "Wohngebäude", "gfkzshh": "31001_1000", "rellage": null, "name": null, "anzahlgs": null, "gmdschl": "05362032", "lagebeztxt": "Hebbelstraße 3", "bld area": 265, "flstkennz_": "05468201900320______", "area": 965 }, "geometry": { "type": "MultiPolygon", "coordinates": [ [ [ [ 6.708390041196182, 50.909652563015463 ], [ 6.708702267340556, 50.909665097598001 ], [ 6.708713096144096, 50.909557012151353 ], [ 6.708400736629096, 50.909544600891337 ], [ 6.708390041196182, 50.909652563015463 ] ] ] ] } },
{ "type": "Feature", "properties": { "fid": 62737.0, "oid": "DENW41AL30008Nz4BL", "aktualit": "2025-03-18", "gebnutzbez": "Gebäude", "funktion": "Gebäude zum Parken", "gfkzshh": "31001_2460", "rellage": null, "name": null, "anzahlgs": null, "gmdschl": "05362032", "lagebeztxt": null, "bld area": 67, "flstkennz_": "05468201900320______", "area": 965 }, "geometry": { "type": "MultiPolygon", "coordinates": [ [ [ [ 6.708796417449824, 50.909672855265832 ], [ 6.708964023945123, 50.909679581604372 ], [ 6.708969057211401, 50.909628369030017 ], [ 6.708801351413618, 50.90962164074778 ], [ 6.708796417449824, 50.909672855265832 ] ] ] ] } },
{ "type": "Feature", "properties": { "fid": 271997.0, "oid": "DENW41AL2O30004IBL", "aktualit": "2024-08-20", "gebnutzbez": "Gebäude", "funktion": "Gebäude zum Parken", "gfkzshh": "31001_2460", "rellage": null, "name": null, "anzahlgs": null, "gmdschl": "05362032", "lagebeztxt": null, "bld area": 32, "flstkennz_": "05468201900364______", "area": 809 }, "geometry": { "type": "MultiPolygon", "coordinates": [ [ [ [ 6.709865207340459, 50.91022750881762 ], [ 6.709992854176433, 50.910234249951046 ], [ 6.709996602803796, 50.910202808162751 ], [ 6.709868923657946, 50.910196147345737 ], [ 6.709868797452245, 50.91019726913234 ], [ 6.709865207340459, 50.91022750881762 ] ] ] ] } },
{ "type": "Feature", "properties": { "fid": 273170.0, "oid": "DENW41AL30008K8tBL", "aktualit": "2024-08-20", "gebnutzbez": "Gebäude", "funktion": "Gebäude für Wirtschaft oder Gewerbe", "gfkzshh": "31001_2000", "rellage": null, "name": null, "anzahlgs": null, "gmdschl": "05362032", "lagebeztxt": null, "bld area": 14, "flstkennz_": "05468201900364______", "area": 809 }, "geometry": { "type": "MultiPolygon", "coordinates": [ [ [ [ 6.709868797452245, 50.91019726913234 ], [ 6.709935204762277, 50.91019987645381 ], [ 6.709937730146353, 50.910173357420959 ], [ 6.709871910087912, 50.910170959495382 ], [ 6.709868923657946, 50.910196147345737 ], [ 6.709868797452245, 50.91019726913234 ] ] ] ] } },
{ "type": "Feature", "properties": { "fid": 274899.0, "oid": "DENW41AL30008M61BL", "aktualit": "2024-08-20", "gebnutzbez": "Gebäude", "funktion": "Gebäude zum Parken", "gfkzshh": "31001_2460", "rellage": null, "name": null, "anzahlgs": null, "gmdschl": "05362032", "lagebeztxt": null, "bld area": 28, "flstkennz_": "05468201900364______", "area": 809 }, "geometry": { "type": "MultiPolygon", "coordinates": [ [ [ [ 6.709762704511563, 50.91019310944894 ], [ 6.709868923657946, 50.910196147345737 ], [ 6.709871910087912, 50.910170959495382 ], [ 6.709872829546361, 50.910163242607489 ], [ 6.70976574780375, 50.910158361981523 ], [ 6.709762704511563, 50.91019310944894 ] ] ] ] } },
{ "type": "Feature", "properties": { "fid": 275374.0, "oid": "DENW41AL30008MdKBL", "aktualit": "2024-08-20", "gebnutzbez": "Gebäude", "funktion": "Wohngebäude", "gfkzshh": "31001_1000", "rellage": null, "name": null, "anzahlgs": null, "gmdschl": "05362032", "lagebeztxt": "Fischbachstraße 1", "bld area": 73, "flstkennz_": "05468201900364______", "area": 809 }, "geometry": { "type": "MultiPolygon", "coordinates": [ [ [ [ 6.709849693608884, 50.910022219687932 ], [ 6.70997068465612, 50.910026590700625 ], [ 6.709978706559124, 50.909949542706713 ], [ 6.7098576499428, 50.909945062484937 ], [ 6.709849693608884, 50.910022219687932 ] ] ] ] } },
{ "type": "Feature", "properties": { "fid": 64064.0, "oid": "DENW41ALqP0000PCBL", "aktualit": "2024-08-20", "gebnutzbez": "Gebäude", "funktion": "Gebäude zum Parken", "gfkzshh": "31001_2460", "rellage": null, "name": null, "anzahlgs": null, "gmdschl": "05362032", "lagebeztxt": null, "bld area": 27, "flstkennz_": "05468201900400______", "area": 350 }, "geometry": { "type": "MultiPolygon", "coordinates": [ [ [ [ 6.710663698237679, 50.910087308056177 ], [ 6.710702827882134, 50.910089172954983 ], [ 6.710700625742769, 50.910109114657729 ], [ 6.710747065069293, 50.910111320806742 ], [ 6.710753207815934, 50.910061811833437 ], [ 6.710667614462643, 50.910057659363588 ], [ 6.710663698237679, 50.910087308056177 ] ] ] ] } },
{ "type": "Feature", "properties": { "fid": 158754.0, "oid": "DENW41AL30008KSbBL", "aktualit": "2024-08-20", "gebnutzbez": "Gebäude", "funktion": "Wohngebäude", "gfkzshh": "31001_1000", "rellage": null, "name": null, "anzahlgs": null, "gmdschl": "05362032", "lagebeztxt": "Fischbachstraße 3", "bld area": 71, "flstkennz_": "05468201900400______", "area": 350 }, "geometry": { "type": "MultiPolygon", "coordinates": [ [ [ [ 6.710473220911514, 50.909991183762344 ], [ 6.710593833817396, 50.909996302214736 ], [ 6.710603302695164, 50.909922214649804 ], [ 6.710481142404476, 50.909916454248446 ], [ 6.710473220911514, 50.909991183762344 ] ] ] ] } },
{ "type": "Feature", "properties": { "fid": 274562.0, "oid": "DENW41AL30008LjhBL", "aktualit": "2024-08-20", "gebnutzbez": "Gebäude", "funktion": "Gebäude zum Parken", "gfkzshh": "31001_2460", "rellage": null, "name": null, "anzahlgs": null, "gmdschl": "05362032", "lagebeztxt": null, "bld area": 25, "flstkennz_": "054682019000210006__", "area": 598 }, "geometry": { "type": "MultiPolygon", "coordinates": [ [ [ [ 6.710354290657841, 50.91010220311346 ], [ 6.71040780020963, 50.910104701015996 ], [ 6.710408872331886, 50.910095611021397 ], [ 6.710414862528055, 50.910045739306199 ], [ 6.710361182936395, 50.910043229076152 ], [ 6.710354290657841, 50.91010220311346 ] ] ] ] } },
{ "type": "Feature", "properties": { "fid": 159252.0, "oid": "DENW41AL30008LRRBL", "aktualit": "2024-08-20", "gebnutzbez": "Gebäude", "funktion": "Wohngebäude", "gfkzshh": "31001_1000", "rellage": null, "name": null, "anzahlgs": null, "gmdschl": "05362032", "lagebeztxt": "Fischbachstraße 2", "bld area": 73, "flstkennz_": "054682019000210006__", "area": 598 }, "geometry": { "type": "MultiPolygon", "coordinates": [ [ [ [ 6.710110959635129, 50.910051091040231 ], [ 6.710232169805542, 50.910058245259407 ], [ 6.710242399583441, 50.909981420453789 ], [ 6.710120985344882, 50.909974370168847 ], [ 6.710110959635129, 50.910051091040231 ] ] ] ] } },
{ "type": "Feature", "properties": { "fid": 64061.0, "oid": "DENW41ALpv0000JhBL", "aktualit": "2024-08-20", "gebnutzbez": "Gebäude", "funktion": "Wohngebäude", "gfkzshh": "31001_1000", "rellage": null, "name": null, "anzahlgs": null, "gmdschl": "05362032", "lagebeztxt": "Merkurweg 32", "bld area": 119, "flstkennz_": "05468202100469______", "area": 293 }, "geometry": { "type": "MultiPolygon", "coordinates": [ [ [ [ 6.709620492898371, 50.912706905025026 ], [ 6.709778184242214, 50.912748314653918 ], [ 6.709832125838491, 50.912665871973488 ], [ 6.709674818474775, 50.912624469951346 ], [ 6.709620492898371, 50.912706905025026 ] ] ] ] } },
{ "type": "Feature", "properties": { "fid": 159253.0, "oid": "DENW41AL30008LRTBL", "aktualit": "2024-08-20", "gebnutzbez": "Gebäude", "funktion": "Wohngebäude", "gfkzshh": "31001_1000", "rellage": null, "name": null, "anzahlgs": null, "gmdschl": "05362032", "lagebeztxt": "Sistenichstraße 33", "bld area": 76, "flstkennz_": "05468202100470______", "area": 197 }, "geometry": { "type": "MultiPolygon", "coordinates": [ [ [ [ 6.709260904011983, 50.912592889281363 ], [ 6.709394675567296, 50.912627713916528 ], [ 6.709424964754642, 50.912577590676484 ], [ 6.709434953406933, 50.912561048703253 ], [ 6.709318150435594, 50.912530073879296 ], [ 6.709299929433817, 50.912559549667478 ], [ 6.70928508007258, 50.912555714514291 ], [ 6.709260904011983, 50.912592889281363 ] ] ] ] } },
{ "type": "Feature", "properties": { "fid": 273500.0, "oid": "DENW41AL30008KWMBL", "aktualit": "2024-08-20", "gebnutzbez": "Gebäude", "funktion": "Wohngebäude", "gfkzshh": "31001_1000", "rellage": null, "name": null, "anzahlgs": null, "gmdschl": "05362032", "lagebeztxt": null, "bld area": 8, "flstkennz_": "05468202100470______", "area": 197 }, "geometry": { "type": "MultiPolygon", "coordinates": [ [ [ [ 6.709424964754642, 50.912577590676484 ], [ 6.709467079204964, 50.912595488089039 ], [ 6.709480567709385, 50.912573150649145 ], [ 6.709439910614742, 50.912562369199598 ], [ 6.709434953406933, 50.912561048703253 ], [ 6.709424964754642, 50.912577590676484 ] ] ] ] } },
{ "type": "Feature", "properties": { "fid": 277669.0, "oid": "DENW41AL3000A1kpBL", "aktualit": "2024-08-20", "gebnutzbez": "Gebäude", "funktion": "Wohngebäude", "gfkzshh": "31001_1000", "rellage": null, "name": null, "anzahlgs": null, "gmdschl": "05362032", "lagebeztxt": "Herderstraße 5", "bld area": 104, "flstkennz_": "05468202100465______", "area": 386 }, "geometry": { "type": "MultiPolygon", "coordinates": [ [ [ [ 6.708234192033542, 50.912251938523852 ], [ 6.708375761711499, 50.912258891847152 ], [ 6.708473730926206, 50.912265177746761 ], [ 6.708475312627678, 50.912265415669367 ], [ 6.708482715364063, 50.912209428815856 ], [ 6.708240908844432, 50.912197467211477 ], [ 6.708234192033542, 50.912251938523852 ] ] ] ] } },
{ "type": "Feature", "properties": { "fid": 277670.0, "oid": "DENW41AL3000A1kuBL", "aktualit": "2024-08-20", "gebnutzbez": "Gebäude", "funktion": "Gebäude zum Parken", "gfkzshh": "31001_2460", "rellage": null, "name": null, "anzahlgs": null, "gmdschl": "05362032", "lagebeztxt": null, "bld area": 20, "flstkennz_": "05468202100465______", "area": 386 }, "geometry": { "type": "MultiPolygon", "coordinates": [ [ [ [ 6.708372333959347, 50.912284934425813 ], [ 6.708470771824466, 50.912289790473437 ], [ 6.708473730926206, 50.912265177746761 ], [ 6.708375761711499, 50.912258891847152 ], [ 6.708372333959347, 50.912284934425813 ] ] ] ] } },
{ "type": "Feature", "properties": { "fid": 60865.0, "oid": "DENW41AL30008LIQBL", "aktualit": "2024-08-20", "gebnutzbez": "Gebäude", "funktion": "Wohngebäude", "gfkzshh": "31001_1000", "rellage": null, "name": null, "anzahlgs": null, "gmdschl": "05362032", "lagebeztxt": "Herderstraße 3", "bld area": 82, "flstkennz_": "05468202100323______", "area": 510 }, "geometry": { "type": "MultiPolygon", "coordinates": [ [ [ [ 6.708089516054138, 50.912409246338811 ], [ 6.708212221324183, 50.912446895014803 ], [ 6.70826493401146, 50.912377641247296 ], [ 6.708199745815739, 50.912357689318604 ], [ 6.708142548270888, 50.912340151800414 ], [ 6.708089516054138, 50.912409246338811 ] ] ] ] } },
{ "type": "Feature", "properties": { "fid": 59606.0, "oid": "DENW41AL30008JXFBL", "aktualit": "2024-08-20", "gebnutzbez": "Gebäude", "funktion": "Gebäude zum Parken", "gfkzshh": "31001_2460", "rellage": null, "name": null, "anzahlgs": null, "gmdschl": "05362032", "lagebeztxt": null, "bld area": 15, "flstkennz_": "05468202100323______", "area": 510 }, "geometry": { "type": "MultiPolygon", "coordinates": [ [ [ [ 6.708199745815739, 50.912357689318604 ], [ 6.70826493401146, 50.912377641247296 ], [ 6.708283452506326, 50.912353415021805 ], [ 6.708218482829015, 50.912333359465258 ], [ 6.708199745815739, 50.912357689318604 ] ] ] ] } },
{ "type": "Feature", "properties": { "fid": 60517.0, "oid": "DENW41AL30008Kn5BL", "aktualit": "2024-08-20", "gebnutzbez": "Gebäude", "funktion": "Wohngebäude", "gfkzshh": "31001_1000", "rellage": null, "name": null, "anzahlgs": null, "gmdschl": "05362032", "lagebeztxt": "Sistenichstraße 28", "bld area": 82, "flstkennz_": "05468202100454______", "area": 618 }, "geometry": { "type": "MultiPolygon", "coordinates": [ [ [ [ 6.708906467865333, 50.912450471257117 ], [ 6.709026394226132, 50.912481858582815 ], [ 6.709052606840912, 50.91244319484462 ], [ 6.709070626852515, 50.912440985273271 ], [ 6.709081761198203, 50.912423422504069 ], [ 6.709073012605761, 50.912413267306704 ], [ 6.709074442546475, 50.912411091821916 ], [ 6.708953216147133, 50.912379238311068 ], [ 6.708906467865333, 50.912450471257117 ] ] ] ] } },
{ "type": "Feature", "properties": { "fid": 60689.0, "oid": "DENW41AL30008L2uBL", "aktualit": "2024-08-20", "gebnutzbez": "Gebäude", "funktion": "Gebäude zum Parken", "gfkzshh": "31001_2460", "rellage": null, "name": null, "anzahlgs": null, "gmdschl": "05362032", "lagebeztxt": null, "bld area": 16, "flstkennz_": "05468202100454______", "area": 618 }, "geometry": { "type": "MultiPolygon", "coordinates": [ [ [ [ 6.709104022672378, 50.912322981633139 ], [ 6.709171858494312, 50.912326399898141 ], [ 6.709184658775039, 50.912327055900853 ], [ 6.709189058190186, 50.912327277172103 ], [ 6.709191995123635, 50.912303977133952 ], [ 6.709187609923674, 50.912303756141824 ], [ 6.709106945434894, 50.912299681318643 ], [ 6.709104022672378, 50.912322981633139 ] ] ] ] } },
{ "type": "Feature", "properties": { "fid": 61616.0, "oid": "DENW41AL30008MNKBL", "aktualit": "2024-08-20", "gebnutzbez": "Gebäude", "funktion": "Gebäude zum Parken", "gfkzshh": "31001_2460", "rellage": null, "name": null, "anzahlgs": null, "gmdschl": "05362032", "lagebeztxt": null, "bld area": 24, "flstkennz_": "05468202100454______", "area": 618 }, "geometry": { "type": "MultiPolygon", "coordinates": [ [ [ [ 6.709071804403758, 50.912346336444486 ], [ 6.709150317821739, 50.912366981176781 ], [ 6.709170535358576, 50.912336249451869 ], [ 6.709171858494312, 50.912326399898141 ], [ 6.709104022672378, 50.912322981633139 ], [ 6.709074930128585, 50.912321511117256 ], [ 6.709071804403758, 50.912346336444486 ] ] ] ] } },
{ "type": "Feature", "properties": { "fid": 160902.0, "oid": "DENW41AL30008OlEBL", "aktualit": "2024-08-20", "gebnutzbez": "Gebäude", "funktion": "Wohngebäude", "gfkzshh": "31001_1000", "rellage": null, "name": null, "anzahlgs": null, "gmdschl": "05362032", "lagebeztxt": "Sistenichstraße 26", "bld area": 79, "flstkennz_": "05468202100454______", "area": 618 }, "geometry": { "type": "MultiPolygon", "coordinates": [ [ [ [ 6.708863688225835, 50.912515342320297 ], [ 6.708984246807358, 50.912546895000013 ], [ 6.709006996735244, 50.912512111705986 ], [ 6.709011701792675, 50.912512482889639 ], [ 6.709016413290787, 50.912512143665303 ], [ 6.709020860298335, 50.912511106702446 ], [ 6.709024797662153, 50.91250943914131 ], [ 6.70902799311819, 50.912507235357467 ], [ 6.70903028458516, 50.912504609092544 ], [ 6.709031522429557, 50.912501710308838 ], [ 6.709031655626743, 50.912498708892748 ], [ 6.70903064736518, 50.912495775009567 ], [ 6.709028574537851, 50.912493081056788 ], [ 6.709025558442248, 50.912490764327103 ], [ 6.709021748360544, 50.912488971656714 ], [ 6.709026394226132, 50.912481858582815 ], [ 6.708906467865333, 50.912450471257117 ], [ 6.708886378897708, 50.912445274012867 ], [ 6.708867992222109, 50.912474062931004 ], [ 6.708887406476428, 50.912479094032321 ], [ 6.708863688225835, 50.912515342320297 ] ] ] ] } },
{ "type": "Feature", "properties": { "fid": 159340.0, "oid": "DENW41AL30008Ld9BL", "aktualit": "2025-01-17", "gebnutzbez": "Gebäude", "funktion": "Wohngebäude", "gfkzshh": "31001_1000", "rellage": null, "name": null, "anzahlgs": null, "gmdschl": "05362032", "lagebeztxt": "Sistenichstraße 22", "bld area": 67, "flstkennz_": "054682021000780040__", "area": 484 }, "geometry": { "type": "MultiPolygon", "coordinates": [ [ [ [ 6.708760895138324, 50.912677907306744 ], [ 6.708877655360191, 50.912708594037589 ], [ 6.708917778380703, 50.912645676500432 ], [ 6.708800654131934, 50.91261516254373 ], [ 6.708772780129143, 50.912659837646139 ], [ 6.708760895138324, 50.912677907306744 ] ] ] ] } },
{ "type": "Feature", "properties": { "fid": 273548.0, "oid": "DENW41AL30008KZhBL", "aktualit": "2025-01-17", "gebnutzbez": "Gebäude", "funktion": "Wohngebäude", "gfkzshh": "31001_1000", "rellage": null, "name": null, "anzahlgs": null, "gmdschl": "05362032", "lagebeztxt": "Sistenichstraße 24", "bld area": 94, "flstkennz_": "054682021000780040__", "area": 484 }, "geometry": { "type": "MultiPolygon", "coordinates": [ [ [ [ 6.708753899659955, 50.912602525281578 ], [ 6.708800654131934, 50.91261516254373 ], [ 6.708917778380703, 50.912645676500432 ], [ 6.708938354876045, 50.912614304286741 ], [ 6.708956967501301, 50.912613644358537 ], [ 6.708969690172765, 50.912594448872163 ], [ 6.708957508190917, 50.912585548396706 ], [ 6.708959185765228, 50.912582676234642 ], [ 6.708842287199899, 50.912551914914239 ], [ 6.708835095662145, 50.912562773514523 ], [ 6.708788137835374, 50.912550222214342 ], [ 6.708753899659955, 50.912602525281578 ] ] ] ] } },
{ "type": "Feature", "properties": { "fid": 59981.0, "oid": "DENW41AL30008K21BL", "aktualit": "2024-08-20", "gebnutzbez": "Gebäude", "funktion": "Gebäude zum Parken", "gfkzshh": "31001_2460", "rellage": null, "name": null, "anzahlgs": null, "gmdschl": "05362032", "lagebeztxt": null, "bld area": 13, "flstkennz_": "054682021000790040__", "area": 493 }, "geometry": { "type": "MultiPolygon", "coordinates": [ [ [ [ 6.708640659867568, 50.91269942596427 ], [ 6.708697137680878, 50.912714250870479 ], [ 6.708713729907066, 50.912688979418441 ], [ 6.70865726633168, 50.912674154799596 ], [ 6.708640659867568, 50.91269942596427 ] ] ] ] } },
{ "type": "Feature", "properties": { "fid": 159340.0, "oid": "DENW41AL30008Ld9BL", "aktualit": "2025-01-17", "gebnutzbez": "Gebäude", "funktion": "Wohngebäude", "gfkzshh": "31001_1000", "rellage": null, "name": null, "anzahlgs": null, "gmdschl": "05362032", "lagebeztxt": "Sistenichstraße 22", "bld area": 67, "flstkennz_": "054682021000790040__", "area": 493 }, "geometry": { "type": "MultiPolygon", "coordinates": [ [ [ [ 6.708760895138324, 50.912677907306744 ], [ 6.708877655360191, 50.912708594037589 ], [ 6.708917778380703, 50.912645676500432 ], [ 6.708800654131934, 50.91261516254373 ], [ 6.708772780129143, 50.912659837646139 ], [ 6.708760895138324, 50.912677907306744 ] ] ] ] } },
{ "type": "Feature", "properties": { "fid": 275385.0, "oid": "DENW41AL30008MdyBL", "aktualit": "2024-08-20", "gebnutzbez": "Gebäude", "funktion": "Gebäude zum Parken", "gfkzshh": "31001_2460", "rellage": null, "name": null, "anzahlgs": null, "gmdschl": "05362032", "lagebeztxt": null, "bld area": 21, "flstkennz_": "054682021000790040__", "area": 493 }, "geometry": { "type": "MultiPolygon", "coordinates": [ [ [ [ 6.708603874061963, 50.912659075663875 ], [ 6.708683012366698, 50.912680038776799 ], [ 6.708701962646108, 50.912650496454241 ], [ 6.708622642789191, 50.912629754641735 ], [ 6.708603874061963, 50.912659075663875 ] ] ] ] } },
{ "type": "Feature", "properties": { "fid": 60517.0, "oid": "DENW41AL30008Kn5BL", "aktualit": "2024-08-20", "gebnutzbez": "Gebäude", "funktion": "Wohngebäude", "gfkzshh": "31001_1000", "rellage": null, "name": null, "anzahlgs": null, "gmdschl": "05362032", "lagebeztxt": "Sistenichstraße 28", "bld area": 82, "flstkennz_": "05468202100039______", "area": 481 }, "geometry": { "type": "MultiPolygon", "coordinates": [ [ [ [ 6.708906467865333, 50.912450471257117 ], [ 6.709026394226132, 50.912481858582815 ], [ 6.709052606840912, 50.91244319484462 ], [ 6.709070626852515, 50.912440985273271 ], [ 6.709081761198203, 50.912423422504069 ], [ 6.709073012605761, 50.912413267306704 ], [ 6.709074442546475, 50.912411091821916 ], [ 6.708953216147133, 50.912379238311068 ], [ 6.708906467865333, 50.912450471257117 ] ] ] ] } },
{ "type": "Feature", "properties": { "fid": 160902.0, "oid": "DENW41AL30008OlEBL", "aktualit": "2024-08-20", "gebnutzbez": "Gebäude", "funktion": "Wohngebäude", "gfkzshh": "31001_1000", "rellage": null, "name": null, "anzahlgs": null, "gmdschl": "05362032", "lagebeztxt": "Sistenichstraße 26", "bld area": 79, "flstkennz_": "05468202100039______", "area": 481 }, "geometry": { "type": "MultiPolygon", "coordinates": [ [ [ [ 6.708863688225835, 50.912515342320297 ], [ 6.708984246807358, 50.912546895000013 ], [ 6.709006996735244, 50.912512111705986 ], [ 6.709011701792675, 50.912512482889639 ], [ 6.709016413290787, 50.912512143665303 ], [ 6.709020860298335, 50.912511106702446 ], [ 6.709024797662153, 50.91250943914131 ], [ 6.70902799311819, 50.912507235357467 ], [ 6.70903028458516, 50.912504609092544 ], [ 6.709031522429557, 50.912501710308838 ], [ 6.709031655626743, 50.912498708892748 ], [ 6.70903064736518, 50.912495775009567 ], [ 6.709028574537851, 50.912493081056788 ], [ 6.709025558442248, 50.912490764327103 ], [ 6.709021748360544, 50.912488971656714 ], [ 6.709026394226132, 50.912481858582815 ], [ 6.708906467865333, 50.912450471257117 ], [ 6.708886378897708, 50.912445274012867 ], [ 6.708867992222109, 50.912474062931004 ], [ 6.708887406476428, 50.912479094032321 ], [ 6.708863688225835, 50.912515342320297 ] ] ] ] } },
{ "type": "Feature", "properties": { "fid": 62093.0, "oid": "DENW41AL30008N4CBL", "aktualit": "2024-08-20", "gebnutzbez": "Gebäude", "funktion": "Wohngebäude", "gfkzshh": "31001_1000", "rellage": null, "name": null, "anzahlgs": null, "gmdschl": "05362032", "lagebeztxt": "Adenauerstraße 11", "bld area": 56, "flstkennz_": "054682020001590017__", "area": 271 }, "geometry": { "type": "MultiPolygon", "coordinates": [ [ [ [ 6.708594830594306, 50.911629774553084 ], [ 6.708674943012337, 50.911634927186249 ], [ 6.708687541284346, 50.911555126999225 ], [ 6.708658397593195, 50.911553259631077 ], [ 6.708660773268332, 50.911538492983169 ], [ 6.708611392108439, 50.911535328839499 ], [ 6.7085999965285, 50.911606572256822 ], [ 6.708598578339378, 50.911606481451997 ], [ 6.708594830594306, 50.911629774553084 ] ] ] ] } },
{ "type": "Feature", "properties": { "fid": 274688.0, "oid": "DENW41AL30008LrFBL", "aktualit": "2024-08-20", "gebnutzbez": "Gebäude", "funktion": "Gebäude zum Parken", "gfkzshh": "31001_2460", "rellage": null, "name": null, "anzahlgs": null, "gmdschl": "05362032", "lagebeztxt": null, "bld area": 31, "flstkennz_": "054682020001590017__", "area": 271 }, "geometry": { "type": "MultiPolygon", "coordinates": [ [ [ [ 6.708561980735772, 50.911515983684225 ], [ 6.708618569595761, 50.911519541205962 ], [ 6.708629311770791, 50.911451172064986 ], [ 6.708572708779858, 50.911447614270429 ], [ 6.708565007505722, 50.911496651822276 ], [ 6.708561980735772, 50.911515983684225 ] ] ] ] } },
{ "type": "Feature", "properties": { "fid": 273000.0, "oid": "DENW41AL30008JwLBL", "aktualit": "2024-08-20", "gebnutzbez": "Gebäude", "funktion": "Wohngebäude", "gfkzshh": "31001_1000", "rellage": null, "name": null, "anzahlgs": null, "gmdschl": "05362032", "lagebeztxt": "Herderstraße 9", "bld area": 62, "flstkennz_": "05468202000270______", "area": 253 }, "geometry": { "type": "MultiPolygon", "coordinates": [ [ [ [ 6.708300363227234, 50.911544790214286 ], [ 6.708342484650652, 50.911547461159159 ], [ 6.708342702796321, 50.911546206268 ], [ 6.708425425331711, 50.911551509264228 ], [ 6.708435498792776, 50.911488649389767 ], [ 6.708310419208994, 50.911480841719296 ], [ 6.708300363227234, 50.911544790214286 ] ] ] ] } },
{ "type": "Feature", "properties": { "fid": 60506.0, "oid": "DENW41AL30008KloBL", "aktualit": "2024-08-20", "gebnutzbez": "Gebäude", "funktion": "Gebäude zum Parken", "gfkzshh": "31001_2460", "rellage": null, "name": null, "anzahlgs": null, "gmdschl": "05362032", "lagebeztxt": null, "bld area": 30, "flstkennz_": "054682020000980017__", "area": 265 }, "geometry": { "type": "MultiPolygon", "coordinates": [ [ [ [ 6.708486616052216, 50.911491802727774 ], [ 6.708557930790019, 50.911496198075142 ], [ 6.708565007505722, 50.911496651822276 ], [ 6.708572708779858, 50.911447614270429 ], [ 6.708494335151859, 50.91144269357769 ], [ 6.708486634237905, 50.91149172213791 ], [ 6.708486616052216, 50.911491802727774 ] ] ] ] } },
{ "type": "Feature", "properties": { "fid": 62930.0, "oid": "DENW41AL30008OFRBL", "aktualit": "2024-08-20", "gebnutzbez": "Gebäude", "funktion": "Wohngebäude", "gfkzshh": "31001_1000", "rellage": null, "name": null, "anzahlgs": null, "gmdschl": "05362032", "lagebeztxt": "Herderstraße 11", "bld area": 63, "flstkennz_": "054682020000980017__", "area": 265 }, "geometry": { "type": "MultiPolygon", "coordinates": [ [ [ [ 6.708310419208994, 50.911480841719296 ], [ 6.708435498792776, 50.911488649389767 ], [ 6.708445520852225, 50.911424808147075 ], [ 6.708362225173043, 50.91141959284387 ], [ 6.708362423807223, 50.911418445498775 ], [ 6.708358708018055, 50.911418210637791 ], [ 6.708320569891765, 50.911415833778079 ], [ 6.708310419208994, 50.911480841719296 ] ] ] ] } },
{ "type": "Feature", "properties": { "fid": 158013.0, "oid": "DENW41AL2e30002WBL", "aktualit": "2024-08-20", "gebnutzbez": "Gebäude", "funktion": "Wohngebäude", "gfkzshh": "31001_1000", "rellage": null, "name": null, "anzahlgs": null, "gmdschl": "05362032", "lagebeztxt": null, "bld area": 34, "flstkennz_": "054682020000980017__", "area": 265 }, "geometry": { "type": "MultiPolygon", "coordinates": [ [ [ [ 6.708346383103691, 50.91141859819971 ], [ 6.708362225173043, 50.91141959284387 ], [ 6.708445520852225, 50.911424808147075 ], [ 6.708452417202382, 50.911380863448784 ], [ 6.708353265333244, 50.911374653229352 ], [ 6.708346383103691, 50.91141859819971 ] ] ] ] } },
{ "type": "Feature", "properties": { "fid": 60007.0, "oid": "DENW41AL30008K4aBL", "aktualit": "2024-08-20", "gebnutzbez": "Gebäude", "funktion": "Gebäude für Wirtschaft oder Gewerbe", "gfkzshh": "31001_2000", "rellage": null, "name": null, "anzahlgs": null, "gmdschl": "05362032", "lagebeztxt": null, "bld area": 17, "flstkennz_": "05468200800303______", "area": 346 }, "geometry": { "type": "MultiPolygon", "coordinates": [ [ [ [ 6.71090303428856, 50.914655025855808 ], [ 6.710959890992661, 50.914678716260937 ], [ 6.710987613285922, 50.914650739721331 ], [ 6.710930939817882, 50.914627664522335 ], [ 6.71090303428856, 50.914655025855808 ] ] ] ] } },
{ "type": "Feature", "properties": { "fid": 273836.0, "oid": "DENW41AL30008KtlBL", "aktualit": "2024-08-20", "gebnutzbez": "Gebäude", "funktion": "Gebäude für Land- und Forstwirtschaft", "gfkzshh": "31001_2700", "rellage": null, "name": null, "anzahlgs": null, "gmdschl": "05362032", "lagebeztxt": null, "bld area": 20, "flstkennz_": "05468200800303______", "area": 346 }, "geometry": { "type": "MultiPolygon", "coordinates": [ [ [ [ 6.710870301293825, 50.914687113329194 ], [ 6.710928201798029, 50.91471069830628 ], [ 6.710959890992661, 50.914678716260937 ], [ 6.71090303428856, 50.914655025855808 ], [ 6.710870301293825, 50.914687113329194 ] ] ] ] } },
{ "type": "Feature", "properties": { "fid": 60754.0, "oid": "DENW41AL30008L8eBL", "aktualit": "2024-08-20", "gebnutzbez": "Gebäude", "funktion": "Gemischt genutztes Gebäude mit Wohnen", "gfkzshh": "31001_1100", "rellage": null, "name": null, "anzahlgs": null, "gmdschl": "05362032", "lagebeztxt": "Bahnhofstraße 14", "bld area": 129, "flstkennz_": "05468200800303______", "area": 346 }, "geometry": { "type": "MultiPolygon", "coordinates": [ [ [ [ 6.710687000456802, 50.9147800424102 ], [ 6.710739016554061, 50.914801191571023 ], [ 6.710831071224693, 50.914838523983221 ], [ 6.710913819740027, 50.914757329429506 ], [ 6.710769586145584, 50.914698979674554 ], [ 6.710687000456802, 50.9147800424102 ] ] ] ] } },
{ "type": "Feature", "properties": { "fid": 275777.0, "oid": "DENW41AL30008N4YBL", "aktualit": "2024-08-20", "gebnutzbez": "Gebäude", "funktion": "Wohngebäude", "gfkzshh": "31001_1000", "rellage": null, "name": null, "anzahlgs": null, "gmdschl": "05362032", "lagebeztxt": null, "bld area": 41, "flstkennz_": "05468200800303______", "area": 346 }, "geometry": { "type": "MultiPolygon", "coordinates": [ [ [ [ 6.710807645257504, 50.914661573261967 ], [ 6.710870301293825, 50.914687113329194 ], [ 6.71090303428856, 50.914655025855808 ], [ 6.710930939817882, 50.914627664522335 ], [ 6.710868226971214, 50.914602123372809 ], [ 6.710807645257504, 50.914661573261967 ] ] ] ] } },
{ "type": "Feature", "properties": { "fid": 63704.0, "oid": "DENW41AL4000AjstBL", "aktualit": "2024-08-20", "gebnutzbez": "Gebäude", "funktion": "Gebäude zum Parken", "gfkzshh": "31001_2460", "rellage": null, "name": null, "anzahlgs": null, "gmdschl": "05362032", "lagebeztxt": null, "bld area": 67, "flstkennz_": "05468202100306______", "area": 546 }, "geometry": { "type": "MultiPolygon", "coordinates": [ [ [ [ 6.70568107089003, 50.912244368484423 ], [ 6.70571588306212, 50.912255081314512 ], [ 6.705763348106934, 50.912193667284249 ], [ 6.705788968717966, 50.912201510155036 ], [ 6.705796931121019, 50.912190900738892 ], [ 6.705822067919706, 50.912185440798019 ], [ 6.705854715531804, 50.912142686026741 ], [ 6.705776433308557, 50.912118823716661 ], [ 6.705716275517934, 50.912197355843489 ], [ 6.70568107089003, 50.912244368484423 ] ] ] ] } },
{ "type": "Feature", "properties": { "fid": 158533.0, "oid": "DENW41AL30008K0SBL", "aktualit": "2024-08-20", "gebnutzbez": "Gebäude", "funktion": "Wohngebäude", "gfkzshh": "31001_1000", "rellage": null, "name": null, "anzahlgs": null, "gmdschl": "05362032", "lagebeztxt": "Wiesenstraße 23", "bld area": 92, "flstkennz_": "05468202100306______", "area": 546 }, "geometry": { "type": "MultiPolygon", "coordinates": [ [ [ [ 6.70569349456202, 50.91228420480018 ], [ 6.705797642103057, 50.912316436501165 ], [ 6.705799450126952, 50.912314097600131 ], [ 6.705799828573752, 50.912314212969264 ], [ 6.70586608139582, 50.912228038702743 ], [ 6.705865829098301, 50.91222796179013 ], [ 6.705867562072899, 50.912225702359706 ], [ 6.705788968717966, 50.912201510155036 ], [ 6.705763348106934, 50.912193667284249 ], [ 6.70571588306212, 50.912255081314512 ], [ 6.70569349456202, 50.91228420480018 ] ] ] ] } },
{ "type": "Feature", "properties": { "fid": 160650.0, "oid": "DENW41AL30008OFoBL", "aktualit": "2024-08-20", "gebnutzbez": "Gebäude", "funktion": "Wohngebäude", "gfkzshh": "31001_1000", "rellage": null, "name": null, "anzahlgs": null, "gmdschl": "05362032", "lagebeztxt": null, "bld area": 23, "flstkennz_": "05468202100306______", "area": 546 }, "geometry": { "type": "MultiPolygon", "coordinates": [ [ [ [ 6.705866263883987, 50.912227799449212 ], [ 6.70596439605024, 50.9122573764107 ], [ 6.70598277215198, 50.912232886914239 ], [ 6.70588532526904, 50.912202972669014 ], [ 6.705866263883987, 50.912227799449212 ] ] ] ] } },
{ "type": "Feature", "properties": { "fid": 161075.0, "oid": "DENW41AL3000AKcUBL", "aktualit": "2024-08-20", "gebnutzbez": "Gebäude", "funktion": "Gebäude zum Parken", "gfkzshh": "31001_2460", "rellage": null, "name": null, "anzahlgs": null, "gmdschl": "05362032", "lagebeztxt": null, "bld area": 52, "flstkennz_": "05468202100306______", "area": 546 }, "geometry": { "type": "MultiPolygon", "coordinates": [ [ [ [ 6.705660294009011, 50.912180281717973 ], [ 6.705680969471482, 50.912186561350744 ], [ 6.705716275517934, 50.912197355843489 ], [ 6.705789720861104, 50.912100026419779 ], [ 6.705733882080527, 50.912083233952025 ], [ 6.705660294009011, 50.912180281717973 ] ] ] ] } },
{ "type": "Feature", "properties": { "fid": 274611.0, "oid": "DENW41AL30008Lm8BL", "aktualit": "2024-08-20", "gebnutzbez": "Gebäude", "funktion": "Wohngebäude", "gfkzshh": "31001_1000", "rellage": null, "name": null, "anzahlgs": null, "gmdschl": "05362032", "lagebeztxt": "Wiesenstraße 21", "bld area": 87, "flstkennz_": "05468202100306______", "area": 546 }, "geometry": { "type": "MultiPolygon", "coordinates": [ [ [ [ 6.705799828573752, 50.912314212969264 ], [ 6.705903234389281, 50.912345908335091 ], [ 6.705925140132793, 50.912317341949034 ], [ 6.705969820896048, 50.912259021041869 ], [ 6.70596439605024, 50.9122573764107 ], [ 6.705866263883987, 50.912227799449212 ], [ 6.70586608139582, 50.912228038702743 ], [ 6.705799828573752, 50.912314212969264 ] ] ] ] } },
{ "type": "Feature", "properties": { "fid": 160650.0, "oid": "DENW41AL30008OFoBL", "aktualit": "2024-08-20", "gebnutzbez": "Gebäude", "funktion": "Wohngebäude", "gfkzshh": "31001_1000", "rellage": null, "name": null, "anzahlgs": null, "gmdschl": "05362032", "lagebeztxt": null, "bld area": 23, "flstkennz_": "05468202100305______", "area": 547 }, "geometry": { "type": "MultiPolygon", "coordinates": [ [ [ [ 6.705866263883987, 50.912227799449212 ], [ 6.70596439605024, 50.9122573764107 ], [ 6.70598277215198, 50.912232886914239 ], [ 6.70588532526904, 50.912202972669014 ], [ 6.705866263883987, 50.912227799449212 ] ] ] ] } },
{ "type": "Feature", "properties": { "fid": 274611.0, "oid": "DENW41AL30008Lm8BL", "aktualit": "2024-08-20", "gebnutzbez": "Gebäude", "funktion": "Wohngebäude", "gfkzshh": "31001_1000", "rellage": null, "name": null, "anzahlgs": null, "gmdschl": "05362032", "lagebeztxt": "Wiesenstraße 21", "bld area": 87, "flstkennz_": "05468202100305______", "area": 547 }, "geometry": { "type": "MultiPolygon", "coordinates": [ [ [ [ 6.705799828573752, 50.912314212969264 ], [ 6.705903234389281, 50.912345908335091 ], [ 6.705925140132793, 50.912317341949034 ], [ 6.705969820896048, 50.912259021041869 ], [ 6.70596439605024, 50.9122573764107 ], [ 6.705866263883987, 50.912227799449212 ], [ 6.70586608139582, 50.912228038702743 ], [ 6.705799828573752, 50.912314212969264 ] ] ] ] } },
{ "type": "Feature", "properties": { "fid": 159691.0, "oid": "DENW41AL30008MLqBL", "aktualit": "2024-08-20", "gebnutzbez": "Gebäude", "funktion": "Gebäude für Land- und Forstwirtschaft", "gfkzshh": "31001_2700", "rellage": null, "name": null, "anzahlgs": null, "gmdschl": "05362032", "lagebeztxt": null, "bld area": 14, "flstkennz_": "05468202100305______", "area": 547 }, "geometry": { "type": "MultiPolygon", "coordinates": [ [ [ [ 6.706116255589204, 50.912055385747387 ], [ 6.706157795724929, 50.912067858625718 ], [ 6.706184391463094, 50.912032440925394 ], [ 6.706142851351188, 50.912019968056775 ], [ 6.706116255589204, 50.912055385747387 ] ] ] ] } },
{ "type": "Feature", "properties": { "fid": 158224.0, "oid": "DENW41AL30008JPVBL", "aktualit": "2024-08-20", "gebnutzbez": "Gebäude", "funktion": "Gebäude zum Parken", "gfkzshh": "31001_2460", "rellage": null, "name": null, "anzahlgs": null, "gmdschl": "05362032", "lagebeztxt": null, "bld area": 30, "flstkennz_": "05468202100305______", "area": 547 }, "geometry": { "type": "MultiPolygon", "coordinates": [ [ [ [ 6.705925140132793, 50.912317341949034 ], [ 6.705962222588264, 50.9123284680919 ], [ 6.706024368888356, 50.912245657757175 ], [ 6.70598277215198, 50.912232886914239 ], [ 6.70596439605024, 50.9122573764107 ], [ 6.705969820896048, 50.912259021041869 ], [ 6.705925140132793, 50.912317341949034 ] ] ] ] } },
{ "type": "Feature", "properties": { "fid": 272766.0, "oid": "DENW41AL30008JhgBL", "aktualit": "2024-08-20", "gebnutzbez": "Gebäude", "funktion": "Gebäude für Land- und Forstwirtschaft", "gfkzshh": "31001_2700", "rellage": null, "name": null, "anzahlgs": null, "gmdschl": "05362032", "lagebeztxt": null, "bld area": 52, "flstkennz_": "05468202000315______", "area": 336 }, "geometry": { "type": "MultiPolygon", "coordinates": [ [ [ [ 6.706688492305148, 50.911264618676107 ], [ 6.706766954641063, 50.911267725519068 ], [ 6.706765255977436, 50.911293595173049 ], [ 6.706861077504098, 50.911297510765479 ], [ 6.706863513060809, 50.911273724235372 ], [ 6.706890824150788, 50.911274665627062 ], [ 6.706894833341155, 50.911252726827698 ], [ 6.706690548800151, 50.911244782107872 ], [ 6.706688492305148, 50.911264618676107 ] ] ] ] } },
{ "type": "Feature", "properties": { "fid": 272929.0, "oid": "DENW41AL30008JsDBL", "aktualit": "2024-08-20", "gebnutzbez": "Gebäude", "funktion": "Wohngebäude", "gfkzshh": "31001_1000", "rellage": null, "name": null, "anzahlgs": null, "gmdschl": "05362032", "lagebeztxt": null, "bld area": 42, "flstkennz_": "05468202000315______", "area": 336 }, "geometry": { "type": "MultiPolygon", "coordinates": [ [ [ [ 6.706878004447797, 50.911344729666439 ], [ 6.706923721558865, 50.911348047402903 ], [ 6.706932399402296, 50.911300594110877 ], [ 6.706935366046513, 50.911284813777769 ], [ 6.706968547809292, 50.911287300568802 ], [ 6.706974491306308, 50.911255821048272 ], [ 6.706923189089278, 50.911253832644761 ], [ 6.706894833341155, 50.911252726827698 ], [ 6.706890824150788, 50.911274665627062 ], [ 6.706886684103875, 50.911297240436689 ], [ 6.706878004447797, 50.911344729666439 ] ] ] ] } },
{ "type": "Feature", "properties": { "fid": 274649.0, "oid": "DENW41AL30008LoSBL", "aktualit": "2024-08-20", "gebnutzbez": "Gebäude", "funktion": "Gebäude zum Parken", "gfkzshh": "31001_2460", "rellage": null, "name": null, "anzahlgs": null, "gmdschl": "05362032", "lagebeztxt": null, "bld area": 47, "flstkennz_": "05468202000315______", "area": 336 }, "geometry": { "type": "MultiPolygon", "coordinates": [ [ [ [ 6.706682573596131, 50.911340439628148 ], [ 6.706762001638443, 50.911343583439283 ], [ 6.706765255977436, 50.911293595173049 ], [ 6.706766954641063, 50.911267725519068 ], [ 6.706688492305148, 50.911264618676107 ], [ 6.706682573596131, 50.911340439628148 ] ] ] ] } },
{ "type": "Feature", "properties": { "fid": 276978.0, "oid": "DENW41AL30008ONpBL", "aktualit": "2024-08-20", "gebnutzbez": "Gebäude", "funktion": "Wohngebäude", "gfkzshh": "31001_1000", "rellage": null, "name": null, "anzahlgs": null, "gmdschl": "05362032", "lagebeztxt": "Am grünen Weg 10", "bld area": 74, "flstkennz_": "05468202000315______", "area": 336 }, "geometry": { "type": "MultiPolygon", "coordinates": [ [ [ [ 6.706923721558865, 50.911348047402903 ], [ 6.707032974783714, 50.911355977320042 ], [ 6.707050570783127, 50.911258781944483 ], [ 6.706997990743554, 50.911256741484571 ], [ 6.706974491306308, 50.911255821048272 ], [ 6.706968547809292, 50.911287300568802 ], [ 6.706935366046513, 50.911284813777769 ], [ 6.706932399402296, 50.911300594110877 ], [ 6.706923721558865, 50.911348047402903 ] ] ] ] } },
{ "type": "Feature", "properties": { "fid": 160000.0, "oid": "DENW41AL30008MxbBL", "aktualit": "2024-08-20", "gebnutzbez": "Gebäude", "funktion": "Gebäude zum Parken", "gfkzshh": "31001_2460", "rellage": null, "name": null, "anzahlgs": null, "gmdschl": "05362032", "lagebeztxt": null, "bld area": 17, "flstkennz_": "05468202000304______", "area": 314 }, "geometry": { "type": "MultiPolygon", "coordinates": [ [ [ [ 6.706299014639988, 50.911382396097643 ], [ 6.706342041856467, 50.911386893385995 ], [ 6.706349405659755, 50.911358652707165 ], [ 6.70635491120041, 50.911337534816212 ], [ 6.706311925782264, 50.911333056342038 ], [ 6.706299014639988, 50.911382396097643 ] ] ] ] } },
{ "type": "Feature", "properties": { "fid": 160517.0, "oid": "DENW41AL30008NzlBL", "aktualit": "2024-08-20", "gebnutzbez": "Gebäude", "funktion": "Wohngebäude", "gfkzshh": "31001_1000", "rellage": null, "name": null, "anzahlgs": null, "gmdschl": "05362032", "lagebeztxt": "Adenauerstraße 25", "bld area": 61, "flstkennz_": "05468202000304______", "area": 314 }, "geometry": { "type": "MultiPolygon", "coordinates": [ [ [ [ 6.706329102377219, 50.911436520399 ], [ 6.706426922186359, 50.911446672562775 ], [ 6.706447208447434, 50.911368858485204 ], [ 6.706349405659755, 50.911358652707165 ], [ 6.706342041856467, 50.911386893385995 ], [ 6.706329102377219, 50.911436520399 ] ] ] ] } },
{ "type": "Feature", "properties": { "fid": 160521.0, "oid": "DENW41AL30008O0UBL", "aktualit": "2024-08-20", "gebnutzbez": "Gebäude", "funktion": "Wohngebäude", "gfkzshh": "31001_1000", "rellage": null, "name": null, "anzahlgs": null, "gmdschl": "05362032", "lagebeztxt": "Adenauerstraße 23 c", "bld area": 63, "flstkennz_": "05468202000429______", "area": 340 }, "geometry": { "type": "MultiPolygon", "coordinates": [ [ [ [ 6.706506018208521, 50.911455125540222 ], [ 6.70660691217557, 50.911465832644645 ], [ 6.7066182578633, 50.911418233932764 ], [ 6.70662548238566, 50.911387903867251 ], [ 6.706623048845396, 50.91138763119077 ], [ 6.706525765877487, 50.911376689265587 ], [ 6.706516131197677, 50.911414949733775 ], [ 6.706506018208521, 50.911455125540222 ] ] ] ] } },
{ "type": "Feature", "properties": { "fid": 278090.0, "oid": "DENW41ALOc0000AWBL", "aktualit": "2024-08-20", "gebnutzbez": "Gebäude", "funktion": "Gebäude zur Freizeitgestaltung", "gfkzshh": "31001_1310", "rellage": null, "name": null, "anzahlgs": null, "gmdschl": "05362032", "lagebeztxt": null, "bld area": 17, "flstkennz_": "05468202000429______", "area": 340 }, "geometry": { "type": "MultiPolygon", "coordinates": [ [ [ [ 6.706461984118612, 50.911463002407011 ], [ 6.706503150294177, 50.911466869448425 ], [ 6.706506018208521, 50.911455125540222 ], [ 6.706516131197677, 50.911414949733775 ], [ 6.706475600587736, 50.911410888322997 ], [ 6.706461984118612, 50.911463002407011 ] ] ] ] } },
{ "type": "Feature", "properties": { "fid": 275376.0, "oid": "DENW41AL30008MdOBL", "aktualit": "2024-08-20", "gebnutzbez": "Gebäude", "funktion": "Gebäude zum Parken", "gfkzshh": "31001_2460", "rellage": null, "name": null, "anzahlgs": null, "gmdschl": "05362032", "lagebeztxt": null, "bld area": 22, "flstkennz_": "05468202000429______", "area": 340 }, "geometry": { "type": "MultiPolygon", "coordinates": [ [ [ [ 6.7066182578633, 50.911418233932764 ], [ 6.706663403952061, 50.91142361818833 ], [ 6.706678257018984, 50.911366023988329 ], [ 6.70663022588191, 50.911360870853002 ], [ 6.706623048845396, 50.91138763119077 ], [ 6.70662548238566, 50.911387903867251 ], [ 6.7066182578633, 50.911418233932764 ] ] ] ] } },
{ "type": "Feature", "properties": { "fid": 274797.0, "oid": "DENW41AL30008LyEBL", "aktualit": "2024-08-20", "gebnutzbez": "Gebäude", "funktion": "Wohngebäude", "gfkzshh": "31001_1000", "rellage": null, "name": null, "anzahlgs": null, "gmdschl": "05362032", "lagebeztxt": "Thomas-Mann-Straße 1, 2", "bld area": 431, "flstkennz_": "05468202000448______", "area": 2993 }, "geometry": { "type": "MultiPolygon", "coordinates": [ [ [ [ 6.7063449241265, 50.911167133997388 ], [ 6.706487410732533, 50.911195873404701 ], [ 6.706663954549606, 50.910844714166764 ], [ 6.706521759404187, 50.910816142589304 ], [ 6.7063449241265, 50.911167133997388 ] ] ] ] } },
{ "type": "Feature", "properties": { "fid": 275045.0, "oid": "DENW41AL30008MGhBL", "aktualit": "2024-08-20", "gebnutzbez": "Gebäude", "funktion": "Gebäude zum Parken", "gfkzshh": "31001_2460", "rellage": null, "name": null, "anzahlgs": null, "gmdschl": "05362032", "lagebeztxt": null, "bld area": 14, "flstkennz_": "05468202000448______", "area": 2993 }, "geometry": { "type": "MultiPolygon", "coordinates": [ [ [ [ 6.706923189089278, 50.911253832644761 ], [ 6.706974491306308, 50.911255821048272 ], [ 6.706997990743554, 50.911256741484571 ], [ 6.707000320555032, 50.91123307879171 ], [ 6.706925535801526, 50.911230116320574 ], [ 6.706923189089278, 50.911253832644761 ] ] ] ] } },
{ "type": "Feature", "properties": { "fid": 61791.0, "oid": "DENW41AL30008McbBL", "aktualit": "2024-08-20", "gebnutzbez": "Gebäude", "funktion": "Gebäude zum Parken", "gfkzshh": "31001_2460", "rellage": null, "name": null, "anzahlgs": null, "gmdschl": "05362032", "lagebeztxt": null, "bld area": 15, "flstkennz_": "05468202000448______", "area": 2993 }, "geometry": { "type": "MultiPolygon", "coordinates": [ [ [ [ 6.706767240963222, 50.910812809095695 ], [ 6.706768979894661, 50.910860197254053 ], [ 6.706809017212004, 50.910859814776806 ], [ 6.706807445179701, 50.910812214040327 ], [ 6.706767240963222, 50.910812809095695 ] ] ] ] } },
{ "type": "Feature", "properties": { "fid": 62249.0, "oid": "DENW41AL30008NICBL", "aktualit": "2024-08-20", "gebnutzbez": "Gebäude", "funktion": "Gebäude zum Parken", "gfkzshh": "31001_2460", "rellage": null, "name": null, "anzahlgs": null, "gmdschl": "05362032", "lagebeztxt": null, "bld area": 15, "flstkennz_": "05468202000448______", "area": 2993 }, "geometry": { "type": "MultiPolygon", "coordinates": [ [ [ [ 6.706807445179701, 50.910812214040327 ], [ 6.706809017212004, 50.910859814776806 ], [ 6.706849087813396, 50.910859334004648 ], [ 6.706847663166393, 50.910811628235805 ], [ 6.706807445179701, 50.910812214040327 ] ] ] ] } },
{ "type": "Feature", "properties": { "fid": 159902.0, "oid": "DENW41AL30008MlgBL", "aktualit": "2024-08-20", "gebnutzbez": "Gebäude", "funktion": "Gebäude zum Parken", "gfkzshh": "31001_2460", "rellage": null, "name": null, "anzahlgs": null, "gmdschl": "05362032", "lagebeztxt": null, "bld area": 15, "flstkennz_": "05468202000448______", "area": 2993 }, "geometry": { "type": "MultiPolygon", "coordinates": [ [ [ [ 6.706887879385585, 50.910811078359139 ], [ 6.706889113126363, 50.910858906293491 ], [ 6.706930176396626, 50.910858489969705 ], [ 6.706929068240586, 50.910810421662781 ], [ 6.706887879385585, 50.910811078359139 ] ] ] ] } },
{ "type": "Feature", "properties": { "fid": 160341.0, "oid": "DENW41AL30008NcnBL", "aktualit": "2024-08-20", "gebnutzbez": "Gebäude", "funktion": "Gebäude zum Parken", "gfkzshh": "31001_2460", "rellage": null, "name": null, "anzahlgs": null, "gmdschl": "05362032", "lagebeztxt": null, "bld area": 15, "flstkennz_": "05468202000448______", "area": 2993 }, "geometry": { "type": "MultiPolygon", "coordinates": [ [ [ [ 6.706847663166393, 50.910811628235805 ], [ 6.706849087813396, 50.910859334004648 ], [ 6.706889113126363, 50.910858906293491 ], [ 6.706887879385585, 50.910811078359139 ], [ 6.706847663166393, 50.910811628235805 ] ] ] ] } },
{ "type": "Feature", "properties": { "fid": 160999.0, "oid": "DENW41AL30008OwVBL", "aktualit": "2024-08-20", "gebnutzbez": "Gebäude", "funktion": "Gebäude zum Parken", "gfkzshh": "31001_2460", "rellage": null, "name": null, "anzahlgs": null, "gmdschl": "05362032", "lagebeztxt": null, "bld area": 15, "flstkennz_": "05468202000448______", "area": 2993 }, "geometry": { "type": "MultiPolygon", "coordinates": [ [ [ [ 6.706725896209621, 50.910813453677235 ], [ 6.706727786943331, 50.910860646949146 ], [ 6.706768979894661, 50.910860197254053 ], [ 6.706767240963222, 50.910812809095695 ], [ 6.706725896209621, 50.910813453677235 ] ] ] ] } },
{ "type": "Feature", "properties": { "fid": 273888.0, "oid": "DENW41AL30008KxWBL", "aktualit": "2024-08-20", "gebnutzbez": "Gebäude", "funktion": "Wohngebäude", "gfkzshh": "31001_1000", "rellage": null, "name": null, "anzahlgs": null, "gmdschl": "05362032", "lagebeztxt": "Am grünen Weg 12, 14", "bld area": 336, "flstkennz_": "05468202000448______", "area": 2993 }, "geometry": { "type": "MultiPolygon", "coordinates": [ [ [ [ 6.706909321806958, 50.911186626001879 ], [ 6.706929609093978, 50.911188931386512 ], [ 6.707003837872382, 50.911197414308212 ], [ 6.707035639936605, 50.91120105219953 ], [ 6.707129690520309, 50.91087112541976 ], [ 6.707003611769816, 50.910856766979776 ], [ 6.706909321806958, 50.911186626001879 ] ] ] ] } },
{ "type": "Feature", "properties": { "fid": 274236.0, "oid": "DENW41AL30008LNTBL", "aktualit": "2024-08-20", "gebnutzbez": "Gebäude", "funktion": "Gebäude zum Parken", "gfkzshh": "31001_2460", "rellage": null, "name": null, "anzahlgs": null, "gmdschl": "05362032", "lagebeztxt": null, "bld area": 14, "flstkennz_": "05468202000448______", "area": 2993 }, "geometry": { "type": "MultiPolygon", "coordinates": [ [ [ [ 6.706925535801526, 50.911230116320574 ], [ 6.707000320555032, 50.91123307879171 ], [ 6.707002729664347, 50.911208671145822 ], [ 6.706927944066257, 50.91120572664758 ], [ 6.706925535801526, 50.911230116320574 ] ] ] ] } },
{ "type": "Feature", "properties": { "fid": 59865.0, "oid": "DENW41AL30008JsZBL", "aktualit": "2024-08-20", "gebnutzbez": "Gebäude", "funktion": "Gebäude zum Parken", "gfkzshh": "31001_2460", "rellage": null, "name": null, "anzahlgs": null, "gmdschl": "05362032", "lagebeztxt": null, "bld area": 18, "flstkennz_": "05468200800386______", "area": 2 }, "geometry": { "type": "MultiPolygon", "coordinates": [ [ [ [ 6.714055578568576, 50.914445838266921 ], [ 6.714084971010951, 50.914396926694835 ], [ 6.714045035282553, 50.914387339227638 ], [ 6.714014847077483, 50.914437510577834 ], [ 6.714020679224301, 50.914438912455651 ], [ 6.714055578568576, 50.914445838266921 ] ] ] ] } },
{ "type": "Feature", "properties": { "fid": 60285.0, "oid": "DENW41AL30008KSxBL", "aktualit": "2024-08-20", "gebnutzbez": "Gebäude", "funktion": "Wohngebäude", "gfkzshh": "31001_1000", "rellage": null, "name": null, "anzahlgs": null, "gmdschl": "05362032", "lagebeztxt": "Höhenweg 10", "bld area": 116, "flstkennz_": "05468200800724______", "area": 393 }, "geometry": { "type": "MultiPolygon", "coordinates": [ [ [ [ 6.714024147038946, 50.914528461157921 ], [ 6.714070856514449, 50.9144520988254 ], [ 6.7139292850309, 50.914420940327069 ], [ 6.713903962914561, 50.914460072279631 ], [ 6.713894206506771, 50.914457677607139 ], [ 6.713874401280869, 50.914491071462059 ], [ 6.713838809107092, 50.914482558362195 ], [ 6.713820905275211, 50.914512326682178 ], [ 6.71388499549378, 50.914516138675083 ], [ 6.71390503150749, 50.914521773394888 ], [ 6.713918239108458, 50.914500582525498 ], [ 6.714024147038946, 50.914528461157921 ] ] ] ] } },
{ "type": "Feature", "properties": { "fid": 160877.0, "oid": "DENW41AL30008OiNBL", "aktualit": "2024-08-20", "gebnutzbez": "Gebäude", "funktion": "Gebäude zum Parken", "gfkzshh": "31001_2460", "rellage": null, "name": null, "anzahlgs": null, "gmdschl": "05362032", "lagebeztxt": null, "bld area": 19, "flstkennz_": "05468201900224______", "area": 371 }, "geometry": { "type": "MultiPolygon", "coordinates": [ [ [ [ 6.706451995712645, 50.908674487786008 ], [ 6.706536294928474, 50.90868175688194 ], [ 6.706541897478701, 50.908652869969778 ], [ 6.706493529608286, 50.908648546592055 ], [ 6.706458518034451, 50.908645412089903 ], [ 6.706451995712645, 50.908674487786008 ] ] ] ] } },
{ "type": "Feature", "properties": { "fid": 160636.0, "oid": "DENW41AL30008OE1BL", "aktualit": "2024-08-20", "gebnutzbez": "Gebäude", "funktion": "Wohngebäude", "gfkzshh": "31001_1000", "rellage": null, "name": null, "anzahlgs": null, "gmdschl": "05362032", "lagebeztxt": "Rote-Kreuz-Straße 34", "bld area": 107, "flstkennz_": "05468201900224______", "area": 371 }, "geometry": { "type": "MultiPolygon", "coordinates": [ [ [ [ 6.706326772125074, 50.90883062878558 ], [ 6.706331646446693, 50.908831021395279 ], [ 6.706410003347506, 50.90883734632699 ], [ 6.706462713552412, 50.908841602181042 ], [ 6.706470523616088, 50.908803116969594 ], [ 6.706457998276373, 50.908802097306911 ], [ 6.706471516100541, 50.908736058383241 ], [ 6.706347880414023, 50.908725947455778 ], [ 6.706326772125074, 50.90883062878558 ] ] ] ] } },
{ "type": "Feature", "properties": { "fid": 274954.0, "oid": "DENW41AL30008MA2BL", "aktualit": "2024-08-20", "gebnutzbez": "Gebäude", "funktion": "Gebäude zum Parken", "gfkzshh": "31001_2460", "rellage": null, "name": null, "anzahlgs": null, "gmdschl": "05362032", "lagebeztxt": null, "bld area": 17, "flstkennz_": "05468201900224______", "area": 371 }, "geometry": { "type": "MultiPolygon", "coordinates": [ [ [ [ 6.706326179967515, 50.908857716408548 ], [ 6.706404532494232, 50.908864131198754 ], [ 6.706410003347506, 50.90883734632699 ], [ 6.706331646446693, 50.908831021395279 ], [ 6.706326179967515, 50.908857716408548 ] ] ] ] } },
{ "type": "Feature", "properties": { "fid": 160840.0, "oid": "DENW41AL30008OdnBL", "aktualit": "2024-08-20", "gebnutzbez": "Gebäude", "funktion": "Wohngebäude", "gfkzshh": "31001_1000", "rellage": null, "name": null, "anzahlgs": null, "gmdschl": "05362032", "lagebeztxt": null, "bld area": 17, "flstkennz_": "05468201900332______", "area": 346 }, "geometry": { "type": "MultiPolygon", "coordinates": [ [ [ [ 6.706697240978242, 50.908505874056452 ], [ 6.706778713988523, 50.908513042468677 ], [ 6.706784489730656, 50.908486416470971 ], [ 6.706704512982349, 50.908479196519473 ], [ 6.70670311087131, 50.90847907003041 ], [ 6.706697240978242, 50.908505874056452 ] ] ] ] } },
{ "type": "Feature", "properties": { "fid": 277378.0, "oid": "DENW41AL30008OoDBL", "aktualit": "2024-08-20", "gebnutzbez": "Gebäude", "funktion": "Wohngebäude", "gfkzshh": "31001_1000", "rellage": null, "name": null, "anzahlgs": null, "gmdschl": "05362032", "lagebeztxt": "Merodestraße 38", "bld area": 62, "flstkennz_": "05468201900332______", "area": 346 }, "geometry": { "type": "MultiPolygon", "coordinates": [ [ [ [ 6.706704512982349, 50.908479196519473 ], [ 6.706784489730656, 50.908486416470971 ], [ 6.706793847374191, 50.908441908611678 ], [ 6.706805365896181, 50.908388458095907 ], [ 6.706725743799452, 50.908381550926798 ], [ 6.706704512982349, 50.908479196519473 ] ] ] ] } },
{ "type": "Feature", "properties": { "fid": 63031.0, "oid": "DENW41AL30008OO8BL", "aktualit": "2024-08-20", "gebnutzbez": "Gebäude", "funktion": "Gebäude zum Parken", "gfkzshh": "31001_2460", "rellage": null, "name": null, "anzahlgs": null, "gmdschl": "05362032", "lagebeztxt": null, "bld area": 18, "flstkennz_": "05468201900332______", "area": 346 }, "geometry": { "type": "MultiPolygon", "coordinates": [ [ [ [ 6.706793847374191, 50.908441908611678 ], [ 6.706836174005566, 50.908445555517787 ], [ 6.706847210604337, 50.908392068545808 ], [ 6.706805365896181, 50.908388458095907 ], [ 6.706793847374191, 50.908441908611678 ] ] ] ] } },
{ "type": "Feature", "properties": { "fid": 60508.0, "oid": "DENW41AL30008KluBL", "aktualit": "2024-08-20", "gebnutzbez": "Gebäude", "funktion": "Wohngebäude", "gfkzshh": "31001_1000", "rellage": null, "name": null, "anzahlgs": null, "gmdschl": "05362032", "lagebeztxt": "Heinrich-Heine-Straße 13", "bld area": 61, "flstkennz_": "05468201900328______", "area": 349 }, "geometry": { "type": "MultiPolygon", "coordinates": [ [ [ [ 6.706588288700313, 50.909012790680634 ], [ 6.706667871496989, 50.909019940004626 ], [ 6.706679603948455, 50.908966484713829 ], [ 6.706689078088257, 50.908923373241478 ], [ 6.706609368428095, 50.908916203449401 ], [ 6.706588288700313, 50.909012790680634 ] ] ] ] } },
{ "type": "Feature", "properties": { "fid": 277409.0, "oid": "DENW41AL30008OqLBL", "aktualit": "2024-08-20", "gebnutzbez": "Gebäude", "funktion": "Gebäude zum Parken", "gfkzshh": "31001_2460", "rellage": null, "name": null, "anzahlgs": null, "gmdschl": "05362032", "lagebeztxt": null, "bld area": 18, "flstkennz_": "05468201900328______", "area": 349 }, "geometry": { "type": "MultiPolygon", "coordinates": [ [ [ [ 6.706667871496989, 50.909019940004626 ], [ 6.706710322572305, 50.909023670345242 ], [ 6.70672201234043, 50.908970214211735 ], [ 6.706679603948455, 50.908966484713829 ], [ 6.706667871496989, 50.909019940004626 ] ] ] ] } },
{ "type": "Feature", "properties": { "fid": 276519.0, "oid": "DENW41AL30008NtSBL", "aktualit": "2024-08-20", "gebnutzbez": "Gebäude", "funktion": "Wohngebäude", "gfkzshh": "31001_1000", "rellage": null, "name": null, "anzahlgs": null, "gmdschl": "05362032", "lagebeztxt": "Heinrich-Heine-Straße 15", "bld area": 61, "flstkennz_": "05468201900327______", "area": 349 }, "geometry": { "type": "MultiPolygon", "coordinates": [ [ [ [ 6.706508995912438, 50.909005530078332 ], [ 6.706588288700313, 50.909012790680634 ], [ 6.706609368428095, 50.908916203449401 ], [ 6.706529831104649, 50.90890900101315 ], [ 6.706526299707208, 50.90892527391243 ], [ 6.706508995912438, 50.909005530078332 ] ] ] ] } },
{ "type": "Feature", "properties": { "fid": 275581.0, "oid": "DENW41AL30008MrgBL", "aktualit": "2024-08-20", "gebnutzbez": "Gebäude", "funktion": "Gebäude zum Parken", "gfkzshh": "31001_2460", "rellage": null, "name": null, "anzahlgs": null, "gmdschl": "05362032", "lagebeztxt": null, "bld area": 27, "flstkennz_": "05468201900327______", "area": 349 }, "geometry": { "type": "MultiPolygon", "coordinates": [ [ [ [ 6.706467505984993, 50.909001926483583 ], [ 6.706508995912438, 50.909005530078332 ], [ 6.706526299707208, 50.90892527391243 ], [ 6.706484441664014, 50.908921636106236 ], [ 6.706467505984993, 50.909001926483583 ] ] ] ] } },
{ "type": "Feature", "properties": { "fid": 61923.0, "oid": "DENW41AL30008MojBL", "aktualit": "2024-08-20", "gebnutzbez": "Gebäude", "funktion": "Gebäude zum Parken", "gfkzshh": "31001_2460", "rellage": null, "name": null, "anzahlgs": null, "gmdschl": "05362032", "lagebeztxt": null, "bld area": 17, "flstkennz_": "05468201900310______", "area": 333 }, "geometry": { "type": "MultiPolygon", "coordinates": [ [ [ [ 6.70632071834154, 50.908884312581634 ], [ 6.706399087774673, 50.90889067374281 ], [ 6.706404532494232, 50.908864131198754 ], [ 6.706326179967515, 50.908857716408548 ], [ 6.70632071834154, 50.908884312581634 ] ] ] ] } },
{ "type": "Feature", "properties": { "fid": 275687.0, "oid": "DENW41AL30008MyqBL", "aktualit": "2024-08-20", "gebnutzbez": "Gebäude", "funktion": "Wohngebäude", "gfkzshh": "31001_1000", "rellage": null, "name": null, "anzahlgs": null, "gmdschl": "05362032", "lagebeztxt": "Rote-Kreuz-Straße 32", "bld area": 104, "flstkennz_": "05468201900310______", "area": 333 }, "geometry": { "type": "MultiPolygon", "coordinates": [ [ [ [ 6.706295304343326, 50.908986291989173 ], [ 6.706430707559496, 50.90899751566937 ], [ 6.706438639402378, 50.908959158771601 ], [ 6.706426553708924, 50.90895816573483 ], [ 6.706439625322528, 50.908893970833113 ], [ 6.706399087774673, 50.90889067374281 ], [ 6.70632071834154, 50.908884312581634 ], [ 6.706316099387554, 50.908883933984868 ], [ 6.706295304343326, 50.908986291989173 ] ] ] ] } },
{ "type": "Feature", "properties": { "fid": 62177.0, "oid": "DENW41AL30008NBmBL", "aktualit": "2024-08-20", "gebnutzbez": "Gebäude", "funktion": "Wohngebäude", "gfkzshh": "31001_1000", "rellage": null, "name": null, "anzahlgs": null, "gmdschl": "05362032", "lagebeztxt": "Grabenweg 25", "bld area": 135, "flstkennz_": "05468202000294______", "area": 678 }, "geometry": { "type": "MultiPolygon", "coordinates": [ [ [ [ 6.706298403306192, 50.909943668190721 ], [ 6.706426689229902, 50.909948959757756 ], [ 6.706440541606633, 50.909814788034183 ], [ 6.70631199271833, 50.909809644211194 ], [ 6.706306790899237, 50.909861042252551 ], [ 6.706298403306192, 50.909943668190721 ] ] ] ] } },
{ "type": "Feature", "properties": { "fid": 272384.0, "oid": "DENW41AL30008JGOBL", "aktualit": "2024-08-20", "gebnutzbez": "Gebäude", "funktion": "Gebäude zum Parken", "gfkzshh": "31001_2460", "rellage": null, "name": null, "anzahlgs": null, "gmdschl": "05362032", "lagebeztxt": null, "bld area": 14, "flstkennz_": "05468202000294______", "area": 678 }, "geometry": { "type": "MultiPolygon", "coordinates": [ [ [ [ 6.706271253903767, 50.909859606254798 ], [ 6.706306790899237, 50.909861042252551 ], [ 6.70631199271833, 50.909809644211194 ], [ 6.706276383816989, 50.909808224789664 ], [ 6.706271253903767, 50.909859606254798 ] ] ] ] } },
{ "type": "Feature", "properties": { "fid": 159825.0, "oid": "DENW41AL30008MbuBL", "aktualit": "2024-08-20", "gebnutzbez": "Gebäude", "funktion": "Gebäude zum Parken", "gfkzshh": "31001_2460", "rellage": null, "name": null, "anzahlgs": null, "gmdschl": "05362032", "lagebeztxt": null, "bld area": 38, "flstkennz_": "05468202000342______", "area": 536 }, "geometry": { "type": "MultiPolygon", "coordinates": [ [ [ [ 6.706188413034099, 50.909409522559564 ], [ 6.706276177820029, 50.909413747990413 ], [ 6.706282845955927, 50.909358277452753 ], [ 6.706195354764682, 50.909353697639446 ], [ 6.70619234720423, 50.909376672444552 ], [ 6.706188413034099, 50.909409522559564 ] ] ] ] } },
{ "type": "Feature", "properties": { "fid": 275792.0, "oid": "DENW41AL30008N5tBL", "aktualit": "2024-08-20", "gebnutzbez": "Gebäude", "funktion": "Wohngebäude", "gfkzshh": "31001_1000", "rellage": null, "name": null, "anzahlgs": null, "gmdschl": "05362032", "lagebeztxt": "Rote-Kreuz-Straße 28", "bld area": 106, "flstkennz_": "05468202000342______", "area": 536 }, "geometry": { "type": "MultiPolygon", "coordinates": [ [ [ [ 6.706046239986787, 50.909369024606491 ], [ 6.70619234720423, 50.909376672444552 ], [ 6.706195354764682, 50.909353697639446 ], [ 6.706204419989131, 50.909284486247941 ], [ 6.706058283749648, 50.909276855840709 ], [ 6.706046239986787, 50.909369024606491 ] ] ] ] } },
{ "type": "Feature", "properties": { "fid": 60695.0, "oid": "DENW41AL30008L3aBL", "aktualit": "2024-08-20", "gebnutzbez": "Gebäude", "funktion": "Wohngebäude", "gfkzshh": "31001_1000", "rellage": null, "name": null, "anzahlgs": null, "gmdschl": "05362032", "lagebeztxt": "Rote-Kreuz-Straße 26", "bld area": 110, "flstkennz_": "05468202000341______", "area": 627 }, "geometry": { "type": "MultiPolygon", "coordinates": [ [ [ [ 6.706002799520209, 50.909548268787375 ], [ 6.70610112431037, 50.909553277554544 ], [ 6.70615348315704, 50.909556015625355 ], [ 6.706153628964145, 50.909554786298017 ], [ 6.706164660863889, 50.90946265160008 ], [ 6.706013937242756, 50.909455434641075 ], [ 6.706002799520209, 50.909548268787375 ] ] ] ] } },
{ "type": "Feature", "properties": { "fid": 272363.0, "oid": "DENW41AL30008JEkBL", "aktualit": "2024-08-20", "gebnutzbez": "Gebäude", "funktion": "Gebäude zum Parken", "gfkzshh": "31001_2460", "rellage": null, "name": null, "anzahlgs": null, "gmdschl": "05362032", "lagebeztxt": null, "bld area": 31, "flstkennz_": "05468202000341______", "area": 627 }, "geometry": { "type": "MultiPolygon", "coordinates": [ [ [ [ 6.706097308847027, 50.909583422771803 ], [ 6.706223945876125, 50.909589824409281 ], [ 6.706227926209193, 50.909558639112085 ], [ 6.706153628964145, 50.909554786298017 ], [ 6.70615348315704, 50.909556015625355 ], [ 6.70610112431037, 50.909553277554544 ], [ 6.706097308847027, 50.909583422771803 ] ] ] ] } },
{ "type": "Feature", "properties": { "fid": 160116.0, "oid": "DENW41AL30008NBvBL", "aktualit": "2024-08-20", "gebnutzbez": "Gebäude", "funktion": "Gebäude zum Parken", "gfkzshh": "31001_2460", "rellage": null, "name": null, "anzahlgs": null, "gmdschl": "05362032", "lagebeztxt": null, "bld area": 36, "flstkennz_": "05468202000403______", "area": 503 }, "geometry": { "type": "MultiPolygon", "coordinates": [ [ [ [ 6.706328750755186, 50.909263131585988 ], [ 6.706419680594609, 50.909267500066065 ], [ 6.706425713425366, 50.909217134683857 ], [ 6.706334797453483, 50.909212775474487 ], [ 6.706331498446225, 50.909240232616831 ], [ 6.706328750755186, 50.909263131585988 ] ] ] ] } },
{ "type": "Feature", "properties": { "fid": 275567.0, "oid": "DENW41AL30008MqgBL", "aktualit": "2024-08-20", "gebnutzbez": "Gebäude", "funktion": "Wohngebäude", "gfkzshh": "31001_1000", "rellage": null, "name": null, "anzahlgs": null, "gmdschl": "05362032", "lagebeztxt": "Heinrich-Heine-Straße 12", "bld area": 133, "flstkennz_": "05468202000403______", "area": 503 }, "geometry": { "type": "MultiPolygon", "coordinates": [ [ [ [ 6.706133360677327, 50.909230707785035 ], [ 6.706331498446225, 50.909240232616831 ], [ 6.706334797453483, 50.909212775474487 ], [ 6.706341714522339, 50.909155133250025 ], [ 6.706143577111729, 50.90914560844012 ], [ 6.706133360677327, 50.909230707785035 ] ] ] ] } },
{ "type": "Feature", "properties": { "fid": 272804.0, "oid": "DENW41AL30008JkIBL", "aktualit": "2024-08-20", "gebnutzbez": "Gebäude", "funktion": "Gebäude zum Parken", "gfkzshh": "31001_2460", "rellage": null, "name": null, "anzahlgs": null, "gmdschl": "05362032", "lagebeztxt": null, "bld area": 27, "flstkennz_": "05468201900363______", "area": 454 }, "geometry": { "type": "MultiPolygon", "coordinates": [ [ [ [ 6.709375352971389, 50.909242402815764 ], [ 6.709374713664615, 50.909269327621395 ], [ 6.70938118025667, 50.909269742363108 ], [ 6.709500264194319, 50.909270613712145 ], [ 6.709500923817654, 50.909243563387562 ], [ 6.709375352971389, 50.909242402815764 ] ] ] ] } },
{ "type": "Feature", "properties": { "fid": 277171.0, "oid": "DENW41AL30008OauBL", "aktualit": "2024-08-20", "gebnutzbez": "Gebäude", "funktion": "Wohngebäude", "gfkzshh": "31001_1000", "rellage": null, "name": null, "anzahlgs": null, "gmdschl": "05362032", "lagebeztxt": "Sistenichstraße 68 a", "bld area": 113, "flstkennz_": "05468201900363______", "area": 454 }, "geometry": { "type": "MultiPolygon", "coordinates": [ [ [ [ 6.709361668255683, 50.909161277168167 ], [ 6.709359882729479, 50.909242252054739 ], [ 6.709375352971389, 50.909242402815764 ], [ 6.709500923817654, 50.909243563387562 ], [ 6.709537549577927, 50.909243967462487 ], [ 6.709539898331263, 50.909162814753593 ], [ 6.709361668255683, 50.909161277168167 ] ] ] ] } },
{ "type": "Feature", "properties": { "fid": 60268.0, "oid": "DENW41AL30008KRPBL", "aktualit": "2024-08-20", "gebnutzbez": "Gebäude", "funktion": "Wohngebäude", "gfkzshh": "31001_1000", "rellage": null, "name": null, "anzahlgs": null, "gmdschl": "05362032", "lagebeztxt": "Sistenichstraße 66", "bld area": 90, "flstkennz_": "05468201900361______", "area": 700 }, "geometry": { "type": "MultiPolygon", "coordinates": [ [ [ [ 6.709352315980454, 50.909432265958664 ], [ 6.709352218908066, 50.909434242757037 ], [ 6.709350264960789, 50.909476350793774 ], [ 6.70938572647986, 50.909477001885719 ], [ 6.709384773313941, 50.909512635820498 ], [ 6.709507776109863, 50.909513961831564 ], [ 6.709509924400634, 50.909458042658144 ], [ 6.709512042892686, 50.909458066250508 ], [ 6.709512546582201, 50.909433612163227 ], [ 6.709352315980454, 50.909432265958664 ] ] ] ] } },
{ "type": "Feature", "properties": { "fid": 63072.0, "oid": "DENW41AL30008ORNBL", "aktualit": "2024-08-20", "gebnutzbez": "Gebäude", "funktion": "Gebäude zum Parken", "gfkzshh": "31001_2460", "rellage": null, "name": null, "anzahlgs": null, "gmdschl": "05362032", "lagebeztxt": null, "bld area": 27, "flstkennz_": "05468201900361______", "area": 700 }, "geometry": { "type": "MultiPolygon", "coordinates": [ [ [ [ 6.709235361468751, 50.909398742677972 ], [ 6.709235192488832, 50.909432889990036 ], [ 6.709334019431339, 50.909434047415445 ], [ 6.709334465870428, 50.909399752650131 ], [ 6.709235361468751, 50.909398742677972 ] ] ] ] } },
{ "type": "Feature", "properties": { "fid": 61528.0, "oid": "DENW41AL30008MFMBL", "aktualit": "2024-08-20", "gebnutzbez": "Gebäude", "funktion": "Gebäude zum Parken", "gfkzshh": "31001_2460", "rellage": null, "name": null, "anzahlgs": null, "gmdschl": "05362032", "lagebeztxt": null, "bld area": 15, "flstkennz_": "05468201900184______", "area": 1811 }, "geometry": { "type": "MultiPolygon", "coordinates": [ [ [ [ 6.708739019742217, 50.909326102718218 ], [ 6.708813358390699, 50.909333453407413 ], [ 6.708818395302282, 50.909307946071124 ], [ 6.708744126871169, 50.9093006147517 ], [ 6.708739019742217, 50.909326102718218 ] ] ] ] } },
{ "type": "Feature", "properties": { "fid": 62131.0, "oid": "DENW41AL30008N7cBL", "aktualit": "2024-08-20", "gebnutzbez": "Gebäude", "funktion": "Gebäude zur Freizeitgestaltung", "gfkzshh": "31001_1310", "rellage": null, "name": null, "anzahlgs": null, "gmdschl": "05362032", "lagebeztxt": null, "bld area": 57, "flstkennz_": "05468201900184______", "area": 1811 }, "geometry": { "type": "MultiPolygon", "coordinates": [ [ [ [ 6.708873315025237, 50.909034362217291 ], [ 6.708980580813985, 50.909045579147367 ], [ 6.708987614419827, 50.909018806856906 ], [ 6.708949246308253, 50.90901477975207 ], [ 6.708966002752496, 50.908957168667598 ], [ 6.70889044447102, 50.90894917353306 ], [ 6.708873315025237, 50.909034362217291 ] ] ] ] } },
{ "type": "Feature", "properties": { "fid": 275181.0, "oid": "DENW41AL30008MQDBL", "aktualit": "2024-08-20", "gebnutzbez": "Gebäude", "funktion": "Gebäude zum Parken", "gfkzshh": "31001_2460", "rellage": null, "name": null, "anzahlgs": null, "gmdschl": "05362032", "lagebeztxt": null, "bld area": 14, "flstkennz_": "05468201900184______", "area": 1811 }, "geometry": { "type": "MultiPolygon", "coordinates": [ [ [ [ 6.708749052151614, 50.909275932684331 ], [ 6.708823250808015, 50.909283235648651 ], [ 6.7088280411638, 50.909258982646371 ], [ 6.708753898951956, 50.909251689787162 ], [ 6.708749052151614, 50.909275932684331 ] ] ] ] } },
{ "type": "Feature", "properties": { "fid": 275698.0, "oid": "DENW41AL30008N2IBL", "aktualit": "2024-08-20", "gebnutzbez": "Gebäude", "funktion": "Gebäude zum Parken", "gfkzshh": "31001_2460", "rellage": null, "name": null, "anzahlgs": null, "gmdschl": "05362032", "lagebeztxt": null, "bld area": 15, "flstkennz_": "05468201900184______", "area": 1811 }, "geometry": { "type": "MultiPolygon", "coordinates": [ [ [ [ 6.708744126871169, 50.9093006147517 ], [ 6.708818395302282, 50.909307946071124 ], [ 6.708823250808015, 50.909283235648651 ], [ 6.708749052151614, 50.909275932684331 ], [ 6.708744126871169, 50.9093006147517 ] ] ] ] } },
{ "type": "Feature", "properties": { "fid": 61504.0, "oid": "DENW41AL30008MDLBL", "aktualit": "2024-08-20", "gebnutzbez": "Gebäude", "funktion": "Gebäude für Wirtschaft oder Gewerbe", "gfkzshh": "31001_2000", "rellage": null, "name": null, "anzahlgs": null, "gmdschl": "05362032", "lagebeztxt": "Merodestraße 18 a", "bld area": 107, "flstkennz_": "05468201900184______", "area": 1811 }, "geometry": { "type": "MultiPolygon", "coordinates": [ [ [ [ 6.709084029437421, 50.908969703038572 ], [ 6.709164851705722, 50.908978269075611 ], [ 6.709209134039611, 50.908814645091766 ], [ 6.709128713494268, 50.908804566965081 ], [ 6.709084029437421, 50.908969703038572 ] ] ] ] } },
{ "type": "Feature", "properties": { "fid": 274195.0, "oid": "DENW41AL30008LIjBL", "aktualit": "2024-08-20", "gebnutzbez": "Gebäude", "funktion": "Gebäude für Wirtschaft oder Gewerbe", "gfkzshh": "31001_2000", "rellage": null, "name": null, "anzahlgs": null, "gmdschl": "05362032", "lagebeztxt": null, "bld area": 94, "flstkennz_": "05468201900184______", "area": 1811 }, "geometry": { "type": "MultiPolygon", "coordinates": [ [ [ [ 6.708949246308253, 50.90901477975207 ], [ 6.708987614419827, 50.909018806856906 ], [ 6.709152679891537, 50.909036383914966 ], [ 6.709168162750923, 50.908978630878586 ], [ 6.709164851705722, 50.908978269075611 ], [ 6.709084029437421, 50.908969703038572 ], [ 6.709000051607321, 50.908960796178285 ], [ 6.708966002752496, 50.908957168667598 ], [ 6.708949246308253, 50.90901477975207 ] ] ] ] } },
{ "type": "Feature", "properties": { "fid": 276436.0, "oid": "DENW41AL30008NnvBL", "aktualit": "2024-08-20", "gebnutzbez": "Gebäude", "funktion": "Wohngebäude", "gfkzshh": "31001_1000", "rellage": null, "name": null, "anzahlgs": null, "gmdschl": "05362032", "lagebeztxt": "Merodestraße 18", "bld area": 66, "flstkennz_": "05468201900184______", "area": 1811 }, "geometry": { "type": "MultiPolygon", "coordinates": [ [ [ [ 6.709058952498529, 50.908778175866466 ], [ 6.709133336697324, 50.908787478973672 ], [ 6.709175583542164, 50.908792760388735 ], [ 6.709192969149764, 50.908740000453683 ], [ 6.709171598538804, 50.90873717951348 ], [ 6.709178232625896, 50.908717090985924 ], [ 6.709082672310652, 50.908704485086162 ], [ 6.709058952498529, 50.908778175866466 ] ] ] ] } },
{ "type": "Feature", "properties": { "fid": 157111.0, "oid": "DENW41AL10005vxdBL", "aktualit": "2024-08-20", "gebnutzbez": "Gebäude", "funktion": "Gebäude zum Parken", "gfkzshh": "31001_2460", "rellage": null, "name": null, "anzahlgs": null, "gmdschl": "05362032", "lagebeztxt": null, "bld area": 31, "flstkennz_": "05468201900362______", "area": 475 }, "geometry": { "type": "MultiPolygon", "coordinates": [ [ [ [ 6.70938118025667, 50.909269742363108 ], [ 6.709380218067615, 50.909298027935371 ], [ 6.709381989284751, 50.909298170631153 ], [ 6.709381973608309, 50.909300517785709 ], [ 6.709508420747474, 50.909302666912431 ], [ 6.70950943672681, 50.909270676822871 ], [ 6.709500264194319, 50.909270613712145 ], [ 6.70938118025667, 50.909269742363108 ] ] ] ] } },
{ "type": "Feature", "properties": { "fid": 59660.0, "oid": "DENW41AL30008JbrBL", "aktualit": "2024-08-20", "gebnutzbez": "Gebäude", "funktion": "Wohngebäude", "gfkzshh": "31001_1000", "rellage": null, "name": null, "anzahlgs": null, "gmdschl": "05362032", "lagebeztxt": "Sistenichstraße 68", "bld area": 111, "flstkennz_": "05468201900362______", "area": 475 }, "geometry": { "type": "MultiPolygon", "coordinates": [ [ [ [ 6.70927806800923, 50.909338475020206 ], [ 6.709376805858818, 50.909339414803242 ], [ 6.709375494300715, 50.909375104662715 ], [ 6.70951301912741, 50.909376185064843 ], [ 6.709515187470902, 50.909302763749622 ], [ 6.709508420747474, 50.909302666912431 ], [ 6.709381973608309, 50.909300517785709 ], [ 6.709381989284751, 50.909298170631153 ], [ 6.709380218067615, 50.909298027935371 ], [ 6.70928031667875, 50.909297029338575 ], [ 6.70927806800923, 50.909338475020206 ] ] ] ] } },
{ "type": "Feature", "properties": { "fid": 273048.0, "oid": "DENW41AL30008K02BL", "aktualit": "2024-08-20", "gebnutzbez": "Gebäude", "funktion": "Gemischt genutztes Gebäude mit Wohnen", "gfkzshh": "31001_1100", "rellage": null, "name": null, "anzahlgs": null, "gmdschl": "05362032", "lagebeztxt": "Bahnhofstraße 16", "bld area": 129, "flstkennz_": "05468200800304______", "area": 229 }, "geometry": { "type": "MultiPolygon", "coordinates": [ [ [ [ 6.710831071224693, 50.914838523983221 ], [ 6.71093393799553, 50.914880223669201 ], [ 6.710985473757183, 50.914829707310652 ], [ 6.710997396289347, 50.914818113918656 ], [ 6.711034646323244, 50.91478153700929 ], [ 6.71103708223904, 50.914779156379637 ], [ 6.711036232397319, 50.914778788941334 ], [ 6.710968767789164, 50.914750339495939 ], [ 6.711003961474724, 50.914715655993959 ], [ 6.710969992635611, 50.91470190331421 ], [ 6.710913819740027, 50.914757329429506 ], [ 6.710831071224693, 50.914838523983221 ] ] ] ] } },
{ "type": "Feature", "properties": { "fid": 274490.0, "oid": "DENW41AL30008LcmBL", "aktualit": "2024-08-20", "gebnutzbez": "Gebäude", "funktion": "Wohngebäude", "gfkzshh": "31001_1000", "rellage": null, "name": null, "anzahlgs": null, "gmdschl": "05362032", "lagebeztxt": "Fischbachstraße 4", "bld area": 74, "flstkennz_": "054682019000210003__", "area": 796 }, "geometry": { "type": "MultiPolygon", "coordinates": [ [ [ [ 6.710481142404476, 50.909916454248446 ], [ 6.710603302695164, 50.909922214649804 ], [ 6.71061311922876, 50.909845390701477 ], [ 6.710489256068928, 50.909840127552691 ], [ 6.710481142404476, 50.909916454248446 ] ] ] ] } },
{ "type": "Feature", "properties": { "fid": 63631.0, "oid": "DENW41AL3Bm0000ABL", "aktualit": "2024-08-20", "gebnutzbez": "Gebäude", "funktion": "Wohngebäude", "gfkzshh": "31001_1000", "rellage": null, "name": null, "anzahlgs": null, "gmdschl": "05362032", "lagebeztxt": "Fischbachstraße 4 a", "bld area": 162, "flstkennz_": "054682019000210003__", "area": 796 }, "geometry": { "type": "MultiPolygon", "coordinates": [ [ [ [ 6.710523251768816, 50.909754711919653 ], [ 6.710725225897068, 50.909764682281271 ], [ 6.710737739455973, 50.909662754715256 ], [ 6.710535822613874, 50.909652785496135 ], [ 6.710523251768816, 50.909754711919653 ] ] ] ] } },
{ "type": "Feature", "properties": { "fid": 62311.0, "oid": "DENW41AL30008NNrBL", "aktualit": "2024-08-20", "gebnutzbez": "Gebäude", "funktion": "Gebäude zum Parken", "gfkzshh": "31001_2460", "rellage": null, "name": null, "anzahlgs": null, "gmdschl": "05362032", "lagebeztxt": null, "bld area": 20, "flstkennz_": "054682019000210004__", "area": 720 }, "geometry": { "type": "MultiPolygon", "coordinates": [ [ [ [ 6.710393974488644, 50.909798603169982 ], [ 6.710446357398647, 50.909801150905565 ], [ 6.710452333934037, 50.909751845547511 ], [ 6.710400007927881, 50.90974929893067 ], [ 6.710393974488644, 50.909798603169982 ] ] ] ] } },
{ "type": "Feature", "properties": { "fid": 160486.0, "oid": "DENW41AL30008NvMBL", "aktualit": "2024-08-20", "gebnutzbez": "Gebäude", "funktion": "Wohngebäude", "gfkzshh": "31001_1000", "rellage": null, "name": null, "anzahlgs": null, "gmdschl": "05362032", "lagebeztxt": "Fischbachstraße 5", "bld area": 71, "flstkennz_": "054682019000210004__", "area": 720 }, "geometry": { "type": "MultiPolygon", "coordinates": [ [ [ [ 6.71009948430543, 50.909822343610749 ], [ 6.710218730677818, 50.909827759427657 ], [ 6.710227917676632, 50.909752470140639 ], [ 6.71010876020017, 50.909746696311863 ], [ 6.71009948430543, 50.909822343610749 ] ] ] ] } },
{ "type": "Feature", "properties": { "fid": 277530.0, "oid": "DENW41AL30008OyzBL", "aktualit": "2024-08-20", "gebnutzbez": "Gebäude", "funktion": "Gebäude zum Parken", "gfkzshh": "31001_2460", "rellage": null, "name": null, "anzahlgs": null, "gmdschl": "05362032", "lagebeztxt": null, "bld area": 29, "flstkennz_": "05468202000297______", "area": 590 }, "geometry": { "type": "MultiPolygon", "coordinates": [ [ [ [ 6.70622414417541, 50.909858023724972 ], [ 6.706271253903767, 50.909859606254798 ], [ 6.706276383816989, 50.909808224789664 ], [ 6.706279123329412, 50.909780864583041 ], [ 6.706231912354086, 50.909779028230652 ], [ 6.706227086599868, 50.909828562885799 ], [ 6.70622414417541, 50.909858023724972 ] ] ] ] } },
{ "type": "Feature", "properties": { "fid": 159208.0, "oid": "DENW41AL30008LLTBL", "aktualit": "2024-08-20", "gebnutzbez": "Gebäude", "funktion": "Wohngebäude", "gfkzshh": "31001_1000", "rellage": null, "name": null, "anzahlgs": null, "gmdschl": "05362032", "lagebeztxt": "Grabenweg 27", "bld area": 106, "flstkennz_": "05468202000297______", "area": 590 }, "geometry": { "type": "MultiPolygon", "coordinates": [ [ [ [ 6.706079719364537, 50.90992027526795 ], [ 6.706174522596021, 50.909923721722485 ], [ 6.70617421742799, 50.909927034551252 ], [ 6.706217183062057, 50.909928706534188 ], [ 6.70622414417541, 50.909858023724972 ], [ 6.706227086599868, 50.909828562885799 ], [ 6.706089510734198, 50.909823286357529 ], [ 6.706079719364537, 50.90992027526795 ] ] ] ] } },
{ "type": "Feature", "properties": { "fid": 274650.0, "oid": "DENW41AL30008LoVBL", "aktualit": "2024-08-20", "gebnutzbez": "Gebäude", "funktion": "Wohngebäude", "gfkzshh": "31001_1000", "rellage": null, "name": null, "anzahlgs": null, "gmdschl": "05362032", "lagebeztxt": "Rote-Kreuz-Straße 26 a", "bld area": 89, "flstkennz_": "05468202000425______", "area": 335 }, "geometry": { "type": "MultiPolygon", "coordinates": [ [ [ [ 6.705910792165478, 50.909701752456435 ], [ 6.70593837499989, 50.909720579714609 ], [ 6.705936218618262, 50.909743310416154 ], [ 6.706054497079423, 50.909747857028108 ], [ 6.706063017042616, 50.909660232978219 ], [ 6.705981754650502, 50.909657421370305 ], [ 6.705953555493314, 50.909637241883736 ], [ 6.705914291145724, 50.909659243113232 ], [ 6.705942231386131, 50.909679480478239 ], [ 6.705959321404511, 50.90969182357275 ], [ 6.705940001809918, 50.909702542523256 ], [ 6.705910792165478, 50.909701752456435 ] ] ] ] } },
{ "type": "Feature", "properties": { "fid": 274870.0, "oid": "DENW41AL30008M3hBL", "aktualit": "2024-08-20", "gebnutzbez": "Gebäude", "funktion": "Gebäude für Land- und Forstwirtschaft", "gfkzshh": "31001_2700", "rellage": null, "name": null, "anzahlgs": null, "gmdschl": "05362032", "lagebeztxt": null, "bld area": 8, "flstkennz_": "05468202000425______", "area": 335 }, "geometry": { "type": "MultiPolygon", "coordinates": [ [ [ [ 6.706009135509758, 50.909779865805973 ], [ 6.706051007102294, 50.909781507350928 ], [ 6.706053425887546, 50.909756911030556 ], [ 6.706011510354689, 50.909755295604889 ], [ 6.706009135509758, 50.909779865805973 ] ] ] ] } },
{ "type": "Feature", "properties": { "fid": 63132.0, "oid": "DENW41AL30008OXEBL", "aktualit": "2024-08-20", "gebnutzbez": "Gebäude", "funktion": "Wohngebäude", "gfkzshh": "31001_1000", "rellage": null, "name": null, "anzahlgs": null, "gmdschl": "05362032", "lagebeztxt": "Grabenweg 29", "bld area": 108, "flstkennz_": "05468202000424______", "area": 309 }, "geometry": { "type": "MultiPolygon", "coordinates": [ [ [ [ 6.705938846610175, 50.909922731652301 ], [ 6.706026057838027, 50.909926082948225 ], [ 6.706023824432941, 50.909953273215827 ], [ 6.706075779745677, 50.909954969063186 ], [ 6.706087174915431, 50.909840410202293 ], [ 6.705947092167443, 50.909834328723512 ], [ 6.705938846610175, 50.909922731652301 ] ] ] ] } },
{ "type": "Feature", "properties": { "fid": 158607.0, "oid": "DENW41AL30008KA1BL", "aktualit": "2024-08-20", "gebnutzbez": "Gebäude", "funktion": "Gebäude zur Freizeitgestaltung", "gfkzshh": "31001_1310", "rellage": null, "name": null, "anzahlgs": null, "gmdschl": "05362032", "lagebeztxt": null, "bld area": 65, "flstkennz_": "05468202100019______", "area": 470 }, "geometry": { "type": "MultiPolygon", "coordinates": [ [ [ [ 6.707569683583613, 50.913601548018043 ], [ 6.707671754712276, 50.913628349754077 ], [ 6.707719448290159, 50.913559078589053 ], [ 6.707704320223391, 50.913555120838637 ], [ 6.707617415948425, 50.913532358602509 ], [ 6.707569683583613, 50.913601548018043 ] ] ] ] } },
{ "type": "Feature", "properties": { "fid": 59237.0, "oid": "DENW41AL2h300003BL", "aktualit": "2024-08-20", "gebnutzbez": "Gebäude", "funktion": "Gebäude zur Freizeitgestaltung", "gfkzshh": "31001_1310", "rellage": null, "name": null, "anzahlgs": null, "gmdschl": "05362032", "lagebeztxt": null, "bld area": 26, "flstkennz_": "05468202100019______", "area": 470 }, "geometry": { "type": "MultiPolygon", "coordinates": [ [ [ [ 6.707990902349189, 50.913712785972287 ], [ 6.70808132924101, 50.91373654349978 ], [ 6.708081329682562, 50.913736534514349 ], [ 6.708081360317181, 50.913736490145475 ], [ 6.708101897526915, 50.913705360146672 ], [ 6.708011460886262, 50.913681512502166 ], [ 6.707990902349189, 50.913712785972287 ] ] ] ] } },
{ "type": "Feature", "properties": { "fid": 61706.0, "oid": "DENW41AL30008MVOBL", "aktualit": "2024-08-20", "gebnutzbez": "Gebäude", "funktion": "Wohngebäude", "gfkzshh": "31001_1000", "rellage": null, "name": null, "anzahlgs": null, "gmdschl": "05362032", "lagebeztxt": "Sistenichstraße 4", "bld area": 66, "flstkennz_": "05468202100019______", "area": 470 }, "geometry": { "type": "MultiPolygon", "coordinates": [ [ [ [ 6.708081360317181, 50.913736490145475 ], [ 6.708187811008724, 50.913764510692971 ], [ 6.708187335069534, 50.913765220874708 ], [ 6.708195608327021, 50.913767389031264 ], [ 6.708203869240144, 50.913754752649723 ], [ 6.7081877300625, 50.913750523271666 ], [ 6.708226139485759, 50.913691826529046 ], [ 6.708127829834773, 50.913666061521283 ], [ 6.708101897526915, 50.913705360146672 ], [ 6.708081360317181, 50.913736490145475 ] ] ] ] } },
{ "type": "Feature", "properties": { "fid": 60742.0, "oid": "DENW41AL30008L7YBL", "aktualit": "2024-08-20", "gebnutzbez": "Gebäude", "funktion": "Gebäude zum Parken", "gfkzshh": "31001_2460", "rellage": null, "name": null, "anzahlgs": null, "gmdschl": "05362032", "lagebeztxt": null, "bld area": 53, "flstkennz_": "05468202100018______", "area": 463 }, "geometry": { "type": "MultiPolygon", "coordinates": [ [ [ [ 6.707624637331373, 50.913450851967127 ], [ 6.707624219795875, 50.913451299276964 ], [ 6.707624231047794, 50.913451302685843 ], [ 6.707646382719635, 50.913457089302625 ], [ 6.707666035695546, 50.91346190044127 ], [ 6.707676044750446, 50.91346435456596 ], [ 6.707732037700787, 50.913382240940521 ], [ 6.707669928400099, 50.913366198679455 ], [ 6.707598675643935, 50.913443560442346 ], [ 6.707624637331373, 50.913450851967127 ] ] ] ] } },
{ "type": "Feature", "properties": { "fid": 158767.0, "oid": "DENW41AL30008KUBBL", "aktualit": "2024-08-20", "gebnutzbez": "Gebäude", "funktion": "Gebäude zum Parken", "gfkzshh": "31001_2460", "rellage": null, "name": null, "anzahlgs": null, "gmdschl": "05362032", "lagebeztxt": null, "bld area": 57, "flstkennz_": "05468202100018______", "area": 463 }, "geometry": { "type": "MultiPolygon", "coordinates": [ [ [ [ 6.707617415948425, 50.913532358602509 ], [ 6.707704320223391, 50.913555120838637 ], [ 6.707752313839957, 50.913485531765964 ], [ 6.707752971824823, 50.913484591314955 ], [ 6.707676044750446, 50.91346435456596 ], [ 6.707666035695546, 50.91346190044127 ], [ 6.707617415948425, 50.913532358602509 ] ] ] ] } },
{ "type": "Feature", "properties": { "fid": 272547.0, "oid": "DENW41AL30008JS7BL", "aktualit": "2024-08-20", "gebnutzbez": "Gebäude", "funktion": "Wohngebäude", "gfkzshh": "31001_1000", "rellage": null, "name": null, "anzahlgs": null, "gmdschl": "05362032", "lagebeztxt": "Sistenichstraße 6", "bld area": 65, "flstkennz_": "05468202100018______", "area": 463 }, "geometry": { "type": "MultiPolygon", "coordinates": [ [ [ [ 6.708127829834773, 50.913666061521283 ], [ 6.708226139485759, 50.913691826529046 ], [ 6.708265157082726, 50.91363233224758 ], [ 6.708280918204871, 50.913636437267833 ], [ 6.708288193915, 50.913625319525359 ], [ 6.708276099666938, 50.913622158942196 ], [ 6.70816640436173, 50.913593292266931 ], [ 6.708165508456854, 50.91359473171768 ], [ 6.708173626219033, 50.913596878834177 ], [ 6.708127829834773, 50.913666061521283 ] ] ] ] } },
{ "type": "Feature", "properties": { "fid": 275362.0, "oid": "DENW41AL30008MciBL", "aktualit": "2024-08-20", "gebnutzbez": "Gebäude", "funktion": "Wohngebäude", "gfkzshh": "31001_1000", "rellage": null, "name": null, "anzahlgs": null, "gmdschl": "05362032", "lagebeztxt": null, "bld area": 76, "flstkennz_": "05468202100018______", "area": 463 }, "geometry": { "type": "MultiPolygon", "coordinates": [ [ [ [ 6.707981509828055, 50.913627724141385 ], [ 6.708127829834773, 50.913666061521283 ], [ 6.708173626219033, 50.913596878834177 ], [ 6.708165508456854, 50.91359473171768 ], [ 6.70816640436173, 50.913593292266931 ], [ 6.708075824001908, 50.913569477824737 ], [ 6.708074963586292, 50.91357077406613 ], [ 6.708046886428692, 50.913613187487321 ], [ 6.70799936771324, 50.913600741784919 ], [ 6.707981710498698, 50.913627404294793 ], [ 6.707981509828055, 50.913627724141385 ] ] ] ] } },
{ "type": "Feature", "properties": { "fid": 160916.0, "oid": "DENW41AL30008OmoBL", "aktualit": "2024-08-20", "gebnutzbez": "Gebäude", "funktion": "Gebäude zum Parken", "gfkzshh": "31001_2460", "rellage": null, "name": null, "anzahlgs": null, "gmdschl": "05362032", "lagebeztxt": null, "bld area": 40, "flstkennz_": "05468202100302______", "area": 370 }, "geometry": { "type": "MultiPolygon", "coordinates": [ [ [ [ 6.706861015150714, 50.91237900607689 ], [ 6.706955191538581, 50.912407748962494 ], [ 6.706955275933197, 50.912407768608986 ], [ 6.706989191589741, 50.912363221633413 ], [ 6.706895070795763, 50.912334506849334 ], [ 6.706861015150714, 50.91237900607689 ] ] ] ] } },
{ "type": "Feature", "properties": { "fid": 61066.0, "oid": "DENW41AL30008La5BL", "aktualit": "2024-08-20", "gebnutzbez": "Gebäude", "funktion": "Wohngebäude", "gfkzshh": "31001_1000", "rellage": null, "name": null, "anzahlgs": null, "gmdschl": "05362032", "lagebeztxt": null, "bld area": 47, "flstkennz_": "05468202100302______", "area": 370 }, "geometry": { "type": "MultiPolygon", "coordinates": [ [ [ [ 6.706763809222256, 50.912496375817724 ], [ 6.706864489193384, 50.912527108354013 ], [ 6.706877402494238, 50.912510129386291 ], [ 6.706901464614269, 50.912478493231752 ], [ 6.706800952627335, 50.912447817992216 ], [ 6.706763809222256, 50.912496375817724 ] ] ] ] } },
{ "type": "Feature", "properties": { "fid": 273989.0, "oid": "DENW41AL30008L4PBL", "aktualit": "2024-08-20", "gebnutzbez": "Gebäude", "funktion": "Wohngebäude", "gfkzshh": "31001_1000", "rellage": null, "name": null, "anzahlgs": null, "gmdschl": "05362032", "lagebeztxt": "Wiesenstraße 13", "bld area": 97, "flstkennz_": "05468202100302______", "area": 370 }, "geometry": { "type": "MultiPolygon", "coordinates": [ [ [ [ 6.706687666686268, 50.912595928346065 ], [ 6.706788922409705, 50.912626528354558 ], [ 6.706864489193384, 50.912527108354013 ], [ 6.706763809222256, 50.912496375817724 ], [ 6.706687666686268, 50.912595928346065 ] ] ] ] } },
{ "type": "Feature", "properties": { "fid": 63054.0, "oid": "DENW41AL30008OQ3BL", "aktualit": "2024-08-20", "gebnutzbez": "Gebäude", "funktion": "Gebäude zum Parken", "gfkzshh": "31001_2460", "rellage": null, "name": null, "anzahlgs": null, "gmdschl": "05362032", "lagebeztxt": null, "bld area": 64, "flstkennz_": "05468202100358______", "area": 260 }, "geometry": { "type": "MultiPolygon", "coordinates": [ [ [ [ 6.707042245678508, 50.912329888584864 ], [ 6.707077088432534, 50.912340565630394 ], [ 6.707158616130934, 50.912365570117068 ], [ 6.707158995023359, 50.912365676496428 ], [ 6.707202045144144, 50.912308951023334 ], [ 6.707084693581764, 50.912272971439435 ], [ 6.707042245678508, 50.912329888584864 ] ] ] ] } },
{ "type": "Feature", "properties": { "fid": 159418.0, "oid": "DENW41AL30008LnjBL", "aktualit": "2024-08-20", "gebnutzbez": "Gebäude", "funktion": "Gebäude für Wirtschaft oder Gewerbe", "gfkzshh": "31001_2000", "rellage": null, "name": null, "anzahlgs": null, "gmdschl": "05362032", "lagebeztxt": "Am grünen Weg 1", "bld area": 83, "flstkennz_": "05468202100358______", "area": 260 }, "geometry": { "type": "MultiPolygon", "coordinates": [ [ [ [ 6.7069082031003, 50.912302943739121 ], [ 6.707017033686002, 50.91233630068615 ], [ 6.707033641970545, 50.912341393888397 ], [ 6.70703429597731, 50.91234053431009 ], [ 6.707042245678508, 50.912329888584864 ], [ 6.707084693581764, 50.912272971439435 ], [ 6.707069234877614, 50.912268224619091 ], [ 6.706959241078624, 50.91223451208176 ], [ 6.7069082031003, 50.912302943739121 ] ] ] ] } },
{ "type": "Feature", "properties": { "fid": 61075.0, "oid": "DENW41AL30008Lb0BL", "aktualit": "2024-08-20", "gebnutzbez": "Gebäude", "funktion": "Gebäude zum Parken", "gfkzshh": "31001_2460", "rellage": null, "name": null, "anzahlgs": null, "gmdschl": "05362032", "lagebeztxt": null, "bld area": 20, "flstkennz_": "05468202100301______", "area": 370 }, "geometry": { "type": "MultiPolygon", "coordinates": [ [ [ [ 6.706944547508774, 50.912585767046437 ], [ 6.706983026557506, 50.912597432966983 ], [ 6.707022774220369, 50.912545094753135 ], [ 6.706981225835473, 50.912532487114454 ], [ 6.706975627457623, 50.912539869204707 ], [ 6.706978697710028, 50.912540792965565 ], [ 6.706944547508774, 50.912585767046437 ] ] ] ] } },
{ "type": "Feature", "properties": { "fid": 275503.0, "oid": "DENW41AL30008MluBL", "aktualit": "2024-08-20", "gebnutzbez": "Gebäude", "funktion": "Wohngebäude", "gfkzshh": "31001_1000", "rellage": null, "name": null, "anzahlgs": null, "gmdschl": "05362032", "lagebeztxt": "Wiesenstraße 11", "bld area": 114, "flstkennz_": "05468202100301______", "area": 370 }, "geometry": { "type": "MultiPolygon", "coordinates": [ [ [ [ 6.706788922409705, 50.912626528354558 ], [ 6.706890473209077, 50.912657206025067 ], [ 6.706944547508774, 50.912585767046437 ], [ 6.706978697710028, 50.912540792965565 ], [ 6.706975627457623, 50.912539869204707 ], [ 6.706877402494238, 50.912510129386291 ], [ 6.706864489193384, 50.912527108354013 ], [ 6.706788922409705, 50.912626528354558 ] ] ] ] } },
{ "type": "Feature", "properties": { "fid": 61272.0, "oid": "DENW41AL30008LsSBL", "aktualit": "2024-08-20", "gebnutzbez": "Gebäude", "funktion": "Gebäude zum Parken", "gfkzshh": "31001_2460", "rellage": null, "name": null, "anzahlgs": null, "gmdschl": "05362032", "lagebeztxt": null, "bld area": 25, "flstkennz_": "054682020001020017__", "area": 268 }, "geometry": { "type": "MultiPolygon", "coordinates": [ [ [ [ 6.707893808755624, 50.911536481992563 ], [ 6.70792947525794, 50.911538783464543 ], [ 6.70793353349016, 50.911512942154083 ], [ 6.707942260361293, 50.911457233167177 ], [ 6.707943651948175, 50.911448311362051 ], [ 6.707908141412593, 50.911446021951356 ], [ 6.707900428236404, 50.911494708460019 ], [ 6.707893808755624, 50.911536481992563 ] ] ] ] } },
{ "type": "Feature", "properties": { "fid": 59617.0, "oid": "DENW41AL30008JYIBL", "aktualit": "2024-08-20", "gebnutzbez": "Gebäude", "funktion": "Wohngebäude", "gfkzshh": "31001_1000", "rellage": null, "name": null, "anzahlgs": null, "gmdschl": "05362032", "lagebeztxt": null, "bld area": 16, "flstkennz_": "054682020001020017__", "area": 268 }, "geometry": { "type": "MultiPolygon", "coordinates": [ [ [ [ 6.707803952866429, 50.911498587767596 ], [ 6.707832216174943, 50.911500420069466 ], [ 6.707834619650251, 50.911485671970802 ], [ 6.707884209469986, 50.911488930483522 ], [ 6.707883700490787, 50.911492050435953 ], [ 6.70788835255814, 50.911492339677991 ], [ 6.707891880635402, 50.91147004962238 ], [ 6.707809372832934, 50.911464723481643 ], [ 6.707803952866429, 50.911498587767596 ] ] ] ] } },
{ "type": "Feature", "properties": { "fid": 60885.0, "oid": "DENW41AL30008LKKBL", "aktualit": "2024-08-20", "gebnutzbez": "Gebäude", "funktion": "Wohngebäude", "gfkzshh": "31001_1000", "rellage": null, "name": null, "anzahlgs": null, "gmdschl": "05362032", "lagebeztxt": null, "bld area": 8, "flstkennz_": "054682020001020017__", "area": 268 }, "geometry": { "type": "MultiPolygon", "coordinates": [ [ [ [ 6.707873900054341, 50.911553971248935 ], [ 6.707875346224151, 50.911554071606275 ], [ 6.707890860992095, 50.911555068879728 ], [ 6.707893808755624, 50.911536481992563 ], [ 6.707900428236404, 50.911494708460019 ], [ 6.707885083599686, 50.911493723523371 ], [ 6.707883453107536, 50.911493610551737 ], [ 6.707873900054341, 50.911553971248935 ] ] ] ] } },
{ "type": "Feature", "properties": { "fid": 62440.0, "oid": "DENW41AL30008NYcBL", "aktualit": "2024-08-20", "gebnutzbez": "Gebäude", "funktion": "Wohngebäude", "gfkzshh": "31001_1000", "rellage": null, "name": null, "anzahlgs": null, "gmdschl": "05362032", "lagebeztxt": "Adenauerstraße 13", "bld area": 55, "flstkennz_": "054682020001020017__", "area": 268 }, "geometry": { "type": "MultiPolygon", "coordinates": [ [ [ [ 6.707791341458284, 50.911578045835711 ], [ 6.707870659973294, 50.911583138458326 ], [ 6.707874353072908, 50.911560096139681 ], [ 6.707872934886897, 50.911560005326074 ], [ 6.707873900054341, 50.911553971248935 ], [ 6.707883453107536, 50.911493610551737 ], [ 6.707883700490787, 50.911492050435953 ], [ 6.707884209469986, 50.911488930483522 ], [ 6.707834619650251, 50.911485671970802 ], [ 6.707832216174943, 50.911500420069466 ], [ 6.707803952866429, 50.911498587767596 ], [ 6.707791341458284, 50.911578045835711 ] ] ] ] } },
{ "type": "Feature", "properties": { "fid": 273627.0, "oid": "DENW41AL30008KfFBL", "aktualit": "2024-08-20", "gebnutzbez": "Gebäude", "funktion": "Wohngebäude", "gfkzshh": "31001_1000", "rellage": null, "name": null, "anzahlgs": null, "gmdschl": "05362032", "lagebeztxt": "Sistenichstraße 31", "bld area": 92, "flstkennz_": "054682021000740035__", "area": 491 }, "geometry": { "type": "MultiPolygon", "coordinates": [ [ [ [ 6.709206369855354, 50.912694909231497 ], [ 6.709328302261516, 50.912727181063659 ], [ 6.709373750551173, 50.912739189850519 ], [ 6.709413835025728, 50.912679940985015 ], [ 6.709245825943568, 50.912635423234619 ], [ 6.709206369855354, 50.912694909231497 ] ] ] ] } },
{ "type": "Feature", "properties": { "fid": 60303.0, "oid": "DENW41AL30008KUQBL", "aktualit": "2024-08-20", "gebnutzbez": "Gebäude", "funktion": "Gebäude zum Parken", "gfkzshh": "31001_2460", "rellage": null, "name": null, "anzahlgs": null, "gmdschl": "05362032", "lagebeztxt": null, "bld area": 50, "flstkennz_": "05468200800076______", "area": 475 }, "geometry": { "type": "MultiPolygon", "coordinates": [ [ [ [ 6.714101217568283, 50.912109803208871 ], [ 6.7141503143398, 50.91211646714904 ], [ 6.714227095192432, 50.91212634455605 ], [ 6.714242474642452, 50.912078725230252 ], [ 6.714168015106339, 50.912069091170878 ], [ 6.714168599750602, 50.912067321790879 ], [ 6.714117313787911, 50.912060623971236 ], [ 6.714101217568283, 50.912109803208871 ] ] ] ] } },
{ "type": "Feature", "properties": { "fid": 60475.0, "oid": "DENW41AL30008KjhBL", "aktualit": "2024-08-20", "gebnutzbez": "Gebäude", "funktion": "Wohngebäude", "gfkzshh": "31001_1000", "rellage": null, "name": null, "anzahlgs": null, "gmdschl": "05362032", "lagebeztxt": "Höhenweg 56", "bld area": 83, "flstkennz_": "05468200800076______", "area": 475 }, "geometry": { "type": "MultiPolygon", "coordinates": [ [ [ [ 6.714678134761305, 50.912191427103231 ], [ 6.714694354022719, 50.912193732414998 ], [ 6.714807622373622, 50.9122097923631 ], [ 6.714831014828195, 50.912131021417807 ], [ 6.714702038020958, 50.912113268789717 ], [ 6.714678134761305, 50.912191427103231 ] ] ] ] } },
{ "type": "Feature", "properties": { "fid": 274815.0, "oid": "DENW41AL30008LzcBL", "aktualit": "2024-08-20", "gebnutzbez": "Gebäude", "funktion": "Gebäude zum Parken", "gfkzshh": "31001_2460", "rellage": null, "name": null, "anzahlgs": null, "gmdschl": "05362032", "lagebeztxt": null, "bld area": 20, "flstkennz_": "05468200800788______", "area": 266 }, "geometry": { "type": "MultiPolygon", "coordinates": [ [ [ [ 6.714422720280433, 50.912060552709214 ], [ 6.714471999054153, 50.912066986231984 ], [ 6.714487753247341, 50.912018681668812 ], [ 6.71443739093718, 50.912012586695397 ], [ 6.714422720280433, 50.912060552709214 ] ] ] ] } },
{ "type": "Feature", "properties": { "fid": 274967.0, "oid": "DENW41AL30008MAwBL", "aktualit": "2024-08-20", "gebnutzbez": "Gebäude", "funktion": "Wohngebäude", "gfkzshh": "31001_1000", "rellage": null, "name": null, "anzahlgs": null, "gmdschl": "05362032", "lagebeztxt": "Mühlengraben 11", "bld area": 59, "flstkennz_": "05468200800788______", "area": 266 }, "geometry": { "type": "MultiPolygon", "coordinates": [ [ [ [ 6.714516861576739, 50.912061928729202 ], [ 6.714644147267408, 50.912077606786262 ], [ 6.714663565057315, 50.912021018427929 ], [ 6.714535408875803, 50.91200510748493 ], [ 6.714529351956834, 50.912023615643363 ], [ 6.714516861576739, 50.912061928729202 ] ] ] ] } },
{ "type": "Feature", "properties": { "fid": 62784.0, "oid": "DENW41AL30008O32BL", "aktualit": "2024-08-20", "gebnutzbez": "Gebäude", "funktion": "Wohngebäude", "gfkzshh": "31001_1000", "rellage": null, "name": null, "anzahlgs": null, "gmdschl": "05362032", "lagebeztxt": null, "bld area": 9, "flstkennz_": "05468200800811______", "area": 293 }, "geometry": { "type": "MultiPolygon", "coordinates": [ [ [ [ 6.710734948476076, 50.91281480062483 ], [ 6.71076817745155, 50.912818960154638 ], [ 6.710778579905933, 50.912784123189596 ], [ 6.710745313266346, 50.912780151799886 ], [ 6.710734948476076, 50.91281480062483 ] ] ] ] } },
{ "type": "Feature", "properties": { "fid": 63222.0, "oid": "DENW41AL30008OedBL", "aktualit": "2024-08-20", "gebnutzbez": "Gebäude", "funktion": "Gemischt genutztes Gebäude mit Wohnen", "gfkzshh": "31001_1100", "rellage": null, "name": null, "anzahlgs": null, "gmdschl": "05362032", "lagebeztxt": "Hauptstraße 192", "bld area": 97, "flstkennz_": "05468200800811______", "area": 293 }, "geometry": { "type": "MultiPolygon", "coordinates": [ [ [ [ 6.71076817745155, 50.912818960154638 ], [ 6.710882188726362, 50.912833221677744 ], [ 6.710893268141322, 50.912798793722288 ], [ 6.710960436867687, 50.912807414434923 ], [ 6.710974459494481, 50.912763744300598 ], [ 6.710794043276164, 50.912740958024891 ], [ 6.710791526564481, 50.912740638834094 ], [ 6.710780586498834, 50.912777443956969 ], [ 6.710778579905933, 50.912784123189596 ], [ 6.71076817745155, 50.912818960154638 ] ] ] ] } },
{ "type": "Feature", "properties": { "fid": 274198.0, "oid": "DENW41AL30008LIoBL", "aktualit": "2024-08-20", "gebnutzbez": "Gebäude", "funktion": "Gebäude für Wirtschaft oder Gewerbe", "gfkzshh": "31001_2000", "rellage": null, "name": null, "anzahlgs": null, "gmdschl": "05362032", "lagebeztxt": null, "bld area": 39, "flstkennz_": "05468200800811______", "area": 293 }, "geometry": { "type": "MultiPolygon", "coordinates": [ [ [ [ 6.71050232627143, 50.912741738085955 ], [ 6.710625811329545, 50.912757759690216 ], [ 6.710626165377608, 50.912756633378841 ], [ 6.710632869778628, 50.912757430465128 ], [ 6.710643016964531, 50.912721419270326 ], [ 6.710513866685086, 50.912705169617986 ], [ 6.71050232627143, 50.912741738085955 ] ] ] ] } },
{ "type": "Feature", "properties": { "fid": 60362.0, "oid": "DENW41AL30008KZaBL", "aktualit": "2024-08-20", "gebnutzbez": "Gebäude", "funktion": "Wohngebäude", "gfkzshh": "31001_1000", "rellage": null, "name": null, "anzahlgs": null, "gmdschl": "05362032", "lagebeztxt": "Adenauerstraße 7", "bld area": 53, "flstkennz_": "054682020001570017__", "area": 268 }, "geometry": { "type": "MultiPolygon", "coordinates": [ [ [ [ 6.708856326711707, 50.911645440831137 ], [ 6.708931575763137, 50.911650551770919 ], [ 6.708944857849742, 50.911571592441632 ], [ 6.708919559710417, 50.911570214363557 ], [ 6.708921948192791, 50.911555474944663 ], [ 6.708875409107616, 50.911552375703273 ], [ 6.708872005544406, 50.911552155982655 ], [ 6.708868452234694, 50.911573231364883 ], [ 6.708861772600237, 50.911613061038345 ], [ 6.70886062968016, 50.911619820155572 ], [ 6.708856326711707, 50.911645440831137 ] ] ] ] } },
{ "type": "Feature", "properties": { "fid": 160686.0, "oid": "DENW41AL30008OKOBL", "aktualit": "2024-08-20", "gebnutzbez": "Gebäude", "funktion": "Gebäude zum Parken", "gfkzshh": "31001_2460", "rellage": null, "name": null, "anzahlgs": null, "gmdschl": "05362032", "lagebeztxt": null, "bld area": 27, "flstkennz_": "054682020001570017__", "area": 268 }, "geometry": { "type": "MultiPolygon", "coordinates": [ [ [ [ 6.70881567125179, 50.91156919109094 ], [ 6.708817102770318, 50.91156930014305 ], [ 6.708868452234694, 50.911573231364883 ], [ 6.708872005544406, 50.911552155982655 ], [ 6.708875409107616, 50.911552375703273 ], [ 6.708882849847224, 50.91151066321487 ], [ 6.708827054503777, 50.911506590748331 ], [ 6.708822758236025, 50.911530916403407 ], [ 6.70881567125179, 50.91156919109094 ] ] ] ] } },
{ "type": "Feature", "properties": { "fid": 272111.0, "oid": "DENW41AL2e30002mBL", "aktualit": "2024-08-20", "gebnutzbez": "Gebäude", "funktion": "Gebäude zur Freizeitgestaltung", "gfkzshh": "31001_1310", "rellage": null, "name": null, "anzahlgs": null, "gmdschl": "05362032", "lagebeztxt": null, "bld area": 56, "flstkennz_": "054682020001570017__", "area": 268 }, "geometry": { "type": "MultiPolygon", "coordinates": [ [ [ [ 6.708849480499758, 50.911377893660308 ], [ 6.708849594201544, 50.911377895892592 ], [ 6.708889978291981, 50.911380019867728 ], [ 6.708895871739329, 50.911337368595788 ], [ 6.708933400807559, 50.911339400528554 ], [ 6.708942723230265, 50.91127038289418 ], [ 6.70886833920445, 50.911265630716052 ], [ 6.708865615712614, 50.911281397879563 ], [ 6.708862552832486, 50.911281193841162 ], [ 6.708849480499758, 50.911377893660308 ] ] ] ] } },
{ "type": "Feature", "properties": { "fid": 272943.0, "oid": "DENW41AL30008JsyBL", "aktualit": "2024-08-20", "gebnutzbez": "Gebäude", "funktion": "Wohngebäude", "gfkzshh": "31001_1000", "rellage": null, "name": null, "anzahlgs": null, "gmdschl": "05362032", "lagebeztxt": null, "bld area": 20, "flstkennz_": "054682020001570017__", "area": 268 }, "geometry": { "type": "MultiPolygon", "coordinates": [ [ [ [ 6.708806992435434, 50.911616122831568 ], [ 6.708809644048903, 50.911616300808596 ], [ 6.70886062968016, 50.911619820155572 ], [ 6.708861772600237, 50.911613061038345 ], [ 6.708868452234694, 50.911573231364883 ], [ 6.708817102770318, 50.91156930014305 ], [ 6.70881567125179, 50.91156919109094 ], [ 6.708810827473025, 50.911595394758358 ], [ 6.708808249506882, 50.911609356961868 ], [ 6.708806992435434, 50.911616122831568 ] ] ] ] } },
{ "type": "Feature", "properties": { "fid": 272112.0, "oid": "DENW41AL2e30002tBL", "aktualit": "2024-08-20", "gebnutzbez": "Gebäude", "funktion": "Gebäude zum Parken", "gfkzshh": "31001_2460", "rellage": null, "name": null, "anzahlgs": null, "gmdschl": "05362032", "lagebeztxt": null, "bld area": 42, "flstkennz_": "054682020001460016__", "area": 414 }, "geometry": { "type": "MultiPolygon", "coordinates": [ [ [ [ 6.708417350280124, 50.911191748321478 ], [ 6.708476412265926, 50.91119563329606 ], [ 6.708476608334327, 50.911194827676468 ], [ 6.708531177094692, 50.911199244987252 ], [ 6.708553015161142, 50.911200681128683 ], [ 6.708559503777002, 50.911161558252893 ], [ 6.708423796370103, 50.91115262461738 ], [ 6.708417350280124, 50.911191748321478 ] ] ] ] } },
{ "type": "Feature", "properties": { "fid": 272111.0, "oid": "DENW41AL2e30002mBL", "aktualit": "2024-08-20", "gebnutzbez": "Gebäude", "funktion": "Gebäude zur Freizeitgestaltung", "gfkzshh": "31001_1310", "rellage": null, "name": null, "anzahlgs": null, "gmdschl": "05362032", "lagebeztxt": null, "bld area": 56, "flstkennz_": "054682020001460016__", "area": 414 }, "geometry": { "type": "MultiPolygon", "coordinates": [ [ [ [ 6.708849480499758, 50.911377893660308 ], [ 6.708849594201544, 50.911377895892592 ], [ 6.708889978291981, 50.911380019867728 ], [ 6.708895871739329, 50.911337368595788 ], [ 6.708933400807559, 50.911339400528554 ], [ 6.708942723230265, 50.91127038289418 ], [ 6.70886833920445, 50.911265630716052 ], [ 6.708865615712614, 50.911281397879563 ], [ 6.708862552832486, 50.911281193841162 ], [ 6.708849480499758, 50.911377893660308 ] ] ] ] } },
{ "type": "Feature", "properties": { "fid": 273235.0, "oid": "DENW41AL30008KDZBL", "aktualit": "2024-08-20", "gebnutzbez": "Gebäude", "funktion": "Wohngebäude", "gfkzshh": "31001_1000", "rellage": null, "name": null, "anzahlgs": null, "gmdschl": "05362032", "lagebeztxt": null, "bld area": 26, "flstkennz_": "054682020001460016__", "area": 414 }, "geometry": { "type": "MultiPolygon", "coordinates": [ [ [ [ 6.70846678696289, 50.911255165162395 ], [ 6.708498623364367, 50.91125723835335 ], [ 6.708521461554667, 50.911258298398089 ], [ 6.708531177094692, 50.911199244987252 ], [ 6.708476608334327, 50.911194827676468 ], [ 6.708476412265926, 50.91119563329606 ], [ 6.708471428486372, 50.91122642119727 ], [ 6.70846678696289, 50.911255165162395 ] ] ] ] } },
{ "type": "Feature", "properties": { "fid": 275345.0, "oid": "DENW41AL30008MbiBL", "aktualit": "2024-08-20", "gebnutzbez": "Gebäude", "funktion": "Wohngebäude", "gfkzshh": "31001_1000", "rellage": null, "name": null, "anzahlgs": null, "gmdschl": "05362032", "lagebeztxt": "Herderstraße 15", "bld area": 56, "flstkennz_": "054682020001460016__", "area": 414 }, "geometry": { "type": "MultiPolygon", "coordinates": [ [ [ [ 6.708348012160554, 50.91124731943534 ], [ 6.70846678696289, 50.911255165162395 ], [ 6.708471428486372, 50.91122642119727 ], [ 6.708476412265926, 50.91119563329606 ], [ 6.708417350280124, 50.911191748321478 ], [ 6.708357863249677, 50.911187827987966 ], [ 6.708348012160554, 50.91124731943534 ] ] ] ] } },
{ "type": "Feature", "properties": { "fid": 158765.0, "oid": "DENW41AL30008KTYBL", "aktualit": "2024-08-20", "gebnutzbez": "Gebäude", "funktion": "Wohngebäude", "gfkzshh": "31001_1000", "rellage": null, "name": null, "anzahlgs": null, "gmdschl": "05362032", "lagebeztxt": "Adenauerstraße 9", "bld area": 54, "flstkennz_": "054682020001580017__", "area": 273 }, "geometry": { "type": "MultiPolygon", "coordinates": [ [ [ [ 6.708674943012337, 50.911634927186249 ], [ 6.708752885304987, 50.911639947215775 ], [ 6.708756647185065, 50.911616654387679 ], [ 6.708755214341087, 50.911616572291145 ], [ 6.708759071469497, 50.911592498845756 ], [ 6.708766623900126, 50.911545329134789 ], [ 6.708762950736737, 50.911545095123664 ], [ 6.708716533409957, 50.911542124126761 ], [ 6.708714145305017, 50.911556854555208 ], [ 6.708687541284346, 50.911555126999225 ], [ 6.708674943012337, 50.911634927186249 ] ] ] ] } },
{ "type": "Feature", "properties": { "fid": 160686.0, "oid": "DENW41AL30008OKOBL", "aktualit": "2024-08-20", "gebnutzbez": "Gebäude", "funktion": "Gebäude zum Parken", "gfkzshh": "31001_2460", "rellage": null, "name": null, "anzahlgs": null, "gmdschl": "05362032", "lagebeztxt": null, "bld area": 27, "flstkennz_": "054682020001580017__", "area": 273 }, "geometry": { "type": "MultiPolygon", "coordinates": [ [ [ [ 6.70881567125179, 50.91156919109094 ], [ 6.708817102770318, 50.91156930014305 ], [ 6.708868452234694, 50.911573231364883 ], [ 6.708872005544406, 50.911552155982655 ], [ 6.708875409107616, 50.911552375703273 ], [ 6.708882849847224, 50.91151066321487 ], [ 6.708827054503777, 50.911506590748331 ], [ 6.708822758236025, 50.911530916403407 ], [ 6.70881567125179, 50.91156919109094 ] ] ] ] } },
{ "type": "Feature", "properties": { "fid": 272943.0, "oid": "DENW41AL30008JsyBL", "aktualit": "2024-08-20", "gebnutzbez": "Gebäude", "funktion": "Wohngebäude", "gfkzshh": "31001_1000", "rellage": null, "name": null, "anzahlgs": null, "gmdschl": "05362032", "lagebeztxt": null, "bld area": 20, "flstkennz_": "054682020001580017__", "area": 273 }, "geometry": { "type": "MultiPolygon", "coordinates": [ [ [ [ 6.708806992435434, 50.911616122831568 ], [ 6.708809644048903, 50.911616300808596 ], [ 6.70886062968016, 50.911619820155572 ], [ 6.708861772600237, 50.911613061038345 ], [ 6.708868452234694, 50.911573231364883 ], [ 6.708817102770318, 50.91156930014305 ], [ 6.70881567125179, 50.91156919109094 ], [ 6.708810827473025, 50.911595394758358 ], [ 6.708808249506882, 50.911609356961868 ], [ 6.708806992435434, 50.911616122831568 ] ] ] ] } },
{ "type": "Feature", "properties": { "fid": 276786.0, "oid": "DENW41AL30008OBsBL", "aktualit": "2024-08-20", "gebnutzbez": "Gebäude", "funktion": "Gebäude zum Parken", "gfkzshh": "31001_2460", "rellage": null, "name": null, "anzahlgs": null, "gmdschl": "05362032", "lagebeztxt": null, "bld area": 27, "flstkennz_": "054682020001580017__", "area": 273 }, "geometry": { "type": "MultiPolygon", "coordinates": [ [ [ [ 6.708759071469497, 50.911592498845756 ], [ 6.708810827473025, 50.911595394758358 ], [ 6.70881567125179, 50.91156919109094 ], [ 6.708822758236025, 50.911530916403407 ], [ 6.708765093145566, 50.911527256903796 ], [ 6.708762950736737, 50.911545095123664 ], [ 6.708766623900126, 50.911545329134789 ], [ 6.708759071469497, 50.911592498845756 ] ] ] ] } },
{ "type": "Feature", "properties": { "fid": 277158.0, "oid": "DENW41AL30008Oa5BL", "aktualit": "2024-08-20", "gebnutzbez": "Gebäude", "funktion": "Gebäude für Wirtschaft oder Gewerbe", "gfkzshh": "31001_2000", "rellage": null, "name": null, "anzahlgs": null, "gmdschl": "05362032", "lagebeztxt": null, "bld area": 63, "flstkennz_": "054682020001340016__", "area": 449 }, "geometry": { "type": "MultiPolygon", "coordinates": [ [ [ [ 6.70886833920445, 50.911265630716052 ], [ 6.708942723230265, 50.91127038289418 ], [ 6.708960307404445, 50.911163788182712 ], [ 6.708886070086249, 50.911158948953791 ], [ 6.70888253597545, 50.911180213590583 ], [ 6.70886833920445, 50.911265630716052 ] ] ] ] } },
{ "type": "Feature", "properties": { "fid": 61938.0, "oid": "DENW41AL30008MqBBL", "aktualit": "2024-08-20", "gebnutzbez": "Gebäude", "funktion": "Gebäude zum Parken", "gfkzshh": "31001_2460", "rellage": null, "name": null, "anzahlgs": null, "gmdschl": "05362032", "lagebeztxt": null, "bld area": 59, "flstkennz_": "054682020001340016__", "area": 449 }, "geometry": { "type": "MultiPolygon", "coordinates": [ [ [ [ 6.708889978291981, 50.911380019867728 ], [ 6.70906683442142, 50.911387979919262 ], [ 6.709074196132691, 50.911347003384272 ], [ 6.708933400807559, 50.911339400528554 ], [ 6.708895871739329, 50.911337368595788 ], [ 6.708889978291981, 50.911380019867728 ] ] ] ] } },
{ "type": "Feature", "properties": { "fid": 272111.0, "oid": "DENW41AL2e30002mBL", "aktualit": "2024-08-20", "gebnutzbez": "Gebäude", "funktion": "Gebäude zur Freizeitgestaltung", "gfkzshh": "31001_1310", "rellage": null, "name": null, "anzahlgs": null, "gmdschl": "05362032", "lagebeztxt": null, "bld area": 56, "flstkennz_": "054682020001340016__", "area": 449 }, "geometry": { "type": "MultiPolygon", "coordinates": [ [ [ [ 6.708849480499758, 50.911377893660308 ], [ 6.708849594201544, 50.911377895892592 ], [ 6.708889978291981, 50.911380019867728 ], [ 6.708895871739329, 50.911337368595788 ], [ 6.708933400807559, 50.911339400528554 ], [ 6.708942723230265, 50.91127038289418 ], [ 6.70886833920445, 50.911265630716052 ], [ 6.708865615712614, 50.911281397879563 ], [ 6.708862552832486, 50.911281193841162 ], [ 6.708849480499758, 50.911377893660308 ] ] ] ] } },
{ "type": "Feature", "properties": { "fid": 59799.0, "oid": "DENW41AL30008Jn8BL", "aktualit": "2024-08-20", "gebnutzbez": "Gebäude", "funktion": "Wohngebäude", "gfkzshh": "31001_1000", "rellage": null, "name": null, "anzahlgs": null, "gmdschl": "05362032", "lagebeztxt": "Sistenichstraße 42", "bld area": 80, "flstkennz_": "054682020001340016__", "area": 449 }, "geometry": { "type": "MultiPolygon", "coordinates": [ [ [ [ 6.709184025286876, 50.911365807469529 ], [ 6.709305258918966, 50.911373709600326 ], [ 6.709305764271499, 50.911370661523954 ], [ 6.709319901263436, 50.911371613575014 ], [ 6.709326273725652, 50.91133368459775 ], [ 6.709312122091044, 50.911332741254057 ], [ 6.709318494461298, 50.911294524463806 ], [ 6.709196932374653, 50.911286651874221 ], [ 6.709193110014627, 50.911310312287107 ], [ 6.709184025286876, 50.911365807469529 ] ] ] ] } },
{ "type": "Feature", "properties": { "fid": 272113.0, "oid": "DENW41AL2e30002xBL", "aktualit": "2024-08-20", "gebnutzbez": "Gebäude", "funktion": "Gebäude zur Freizeitgestaltung", "gfkzshh": "31001_1310", "rellage": null, "name": null, "anzahlgs": null, "gmdschl": "05362032", "lagebeztxt": null, "bld area": 70, "flstkennz_": "054682020001340016__", "area": 449 }, "geometry": { "type": "MultiPolygon", "coordinates": [ [ [ [ 6.709085707631806, 50.911519880220617 ], [ 6.709179834874895, 50.911526153075116 ], [ 6.70918740206855, 50.911480701503322 ], [ 6.709147995724868, 50.911478075167203 ], [ 6.709162053387729, 50.911393743569384 ], [ 6.709107262234959, 50.911390662311909 ], [ 6.709107201502809, 50.91139102987804 ], [ 6.709093289128532, 50.911474428935058 ], [ 6.709085707631806, 50.911519880220617 ] ] ], [ [ [ 6.709081775020896, 50.911543466512398 ], [ 6.709085707631806, 50.911519880220617 ], [ 6.709085424259073, 50.911519856669571 ], [ 6.709081775020896, 50.911543466512398 ] ] ] ] } },
{ "type": "Feature", "properties": { "fid": 272596.0, "oid": "DENW41AL30008JZZBL", "aktualit": "2024-08-20", "gebnutzbez": "Gebäude", "funktion": "Wohngebäude", "gfkzshh": "31001_1000", "rellage": null, "name": null, "anzahlgs": null, "gmdschl": "05362032", "lagebeztxt": null, "bld area": 11, "flstkennz_": "054682020001340016__", "area": 449 }, "geometry": { "type": "MultiPolygon", "coordinates": [ [ [ [ 6.709132484414964, 50.91130639698256 ], [ 6.709193110014627, 50.911310312287107 ], [ 6.709196932374653, 50.911286651874221 ], [ 6.709136334348073, 50.91128275510092 ], [ 6.709132484414964, 50.91130639698256 ] ] ] ] } },
{ "type": "Feature", "properties": { "fid": 160471.0, "oid": "DENW41AL30008NtPBL", "aktualit": "2024-08-20", "gebnutzbez": "Gebäude", "funktion": "Gebäude zum Parken", "gfkzshh": "31001_2460", "rellage": null, "name": null, "anzahlgs": null, "gmdschl": "05362032", "lagebeztxt": null, "bld area": 37, "flstkennz_": "054682020001470016__", "area": 409 }, "geometry": { "type": "MultiPolygon", "coordinates": [ [ [ [ 6.70838508105948, 50.911353404325759 ], [ 6.708387550098147, 50.911353533756774 ], [ 6.708459207752721, 50.911357315306525 ], [ 6.708499137879217, 50.911359412514898 ], [ 6.708505863420536, 50.911319232990188 ], [ 6.708505908178877, 50.911318901087093 ], [ 6.708489159617105, 50.911317825703669 ], [ 6.708457024708152, 50.911315746648853 ], [ 6.708397760504559, 50.911311920653375 ], [ 6.708394541726646, 50.911311704547252 ], [ 6.70839210243992, 50.911311548718267 ], [ 6.708392084695601, 50.911311620322685 ], [ 6.70838508105948, 50.911353404325759 ] ] ] ] } },
{ "type": "Feature", "properties": { "fid": 272111.0, "oid": "DENW41AL2e30002mBL", "aktualit": "2024-08-20", "gebnutzbez": "Gebäude", "funktion": "Gebäude zur Freizeitgestaltung", "gfkzshh": "31001_1310", "rellage": null, "name": null, "anzahlgs": null, "gmdschl": "05362032", "lagebeztxt": null, "bld area": 56, "flstkennz_": "054682020001470016__", "area": 409 }, "geometry": { "type": "MultiPolygon", "coordinates": [ [ [ [ 6.708849480499758, 50.911377893660308 ], [ 6.708849594201544, 50.911377895892592 ], [ 6.708889978291981, 50.911380019867728 ], [ 6.708895871739329, 50.911337368595788 ], [ 6.708933400807559, 50.911339400528554 ], [ 6.708942723230265, 50.91127038289418 ], [ 6.70886833920445, 50.911265630716052 ], [ 6.708865615712614, 50.911281397879563 ], [ 6.708862552832486, 50.911281193841162 ], [ 6.708849480499758, 50.911377893660308 ] ] ] ] } },
{ "type": "Feature", "properties": { "fid": 60164.0, "oid": "DENW41AL30008KIZBL", "aktualit": "2024-08-20", "gebnutzbez": "Gebäude", "funktion": "Wohngebäude", "gfkzshh": "31001_1000", "rellage": null, "name": null, "anzahlgs": null, "gmdschl": "05362032", "lagebeztxt": null, "bld area": 15, "flstkennz_": "054682020001470016__", "area": 409 }, "geometry": { "type": "MultiPolygon", "coordinates": [ [ [ [ 6.708457024708152, 50.911315746648853 ], [ 6.708489159617105, 50.911317825703669 ], [ 6.708494058829712, 50.911286442530532 ], [ 6.708498623364367, 50.91125723835335 ], [ 6.70846678696289, 50.911255165162395 ], [ 6.708462077633044, 50.911284420459879 ], [ 6.708457024708152, 50.911315746648853 ] ] ] ] } },
{ "type": "Feature", "properties": { "fid": 60211.0, "oid": "DENW41AL30008KMLBL", "aktualit": "2024-08-20", "gebnutzbez": "Gebäude", "funktion": "Wohngebäude", "gfkzshh": "31001_1000", "rellage": null, "name": null, "anzahlgs": null, "gmdschl": "05362032", "lagebeztxt": "Herderstraße 13", "bld area": 57, "flstkennz_": "054682020001470016__", "area": 409 }, "geometry": { "type": "MultiPolygon", "coordinates": [ [ [ [ 6.708337974415037, 50.911308003432339 ], [ 6.70839210243992, 50.911311548718267 ], [ 6.708394541726646, 50.911311704547252 ], [ 6.708397760504559, 50.911311920653375 ], [ 6.708457024708152, 50.911315746648853 ], [ 6.708462077633044, 50.911284420459879 ], [ 6.70846678696289, 50.911255165162395 ], [ 6.708348012160554, 50.91124731943534 ], [ 6.708337974415037, 50.911308003432339 ] ] ] ] } },
{ "type": "Feature", "properties": { "fid": 63139.0, "oid": "DENW41AL30008OXvBL", "aktualit": "2024-08-20", "gebnutzbez": "Gebäude", "funktion": "Wohngebäude", "gfkzshh": "31001_1000", "rellage": null, "name": null, "anzahlgs": null, "gmdschl": "05362032", "lagebeztxt": "Merodestraße 14", "bld area": 71, "flstkennz_": "05468201900366______", "area": 666 }, "geometry": { "type": "MultiPolygon", "coordinates": [ [ [ [ 6.709942655954741, 50.908879453889483 ], [ 6.710078776278639, 50.908884193656611 ], [ 6.710084612796932, 50.90881803959735 ], [ 6.709948624638979, 50.908813509293793 ], [ 6.709942655954741, 50.908879453889483 ] ] ] ] } },
{ "type": "Feature", "properties": { "fid": 277136.0, "oid": "DENW41AL30008OYzBL", "aktualit": "2024-08-20", "gebnutzbez": "Gebäude", "funktion": "Gebäude für Land- und Forstwirtschaft", "gfkzshh": "31001_2700", "rellage": null, "name": null, "anzahlgs": null, "gmdschl": "05362032", "lagebeztxt": null, "bld area": 24, "flstkennz_": "05468201900366______", "area": 666 }, "geometry": { "type": "MultiPolygon", "coordinates": [ [ [ [ 6.710017881172157, 50.908965231845372 ], [ 6.710037005769338, 50.908965993875654 ], [ 6.710037498681062, 50.908953924461237 ], [ 6.710072089553071, 50.908955205838133 ], [ 6.710076945424873, 50.908902073993261 ], [ 6.710024192466205, 50.908900130422381 ], [ 6.710017881172157, 50.908965231845372 ] ] ] ] } },
{ "type": "Feature", "properties": { "fid": 160866.0, "oid": "DENW41AL30008Oh3BL", "aktualit": "2024-08-20", "gebnutzbez": "Gebäude", "funktion": "Gebäude zum Parken", "gfkzshh": "31001_2460", "rellage": null, "name": null, "anzahlgs": null, "gmdschl": "05362032", "lagebeztxt": null, "bld area": 40, "flstkennz_": "05468201900226______", "area": 907 }, "geometry": { "type": "MultiPolygon", "coordinates": [ [ [ [ 6.710056753752394, 50.909145606972629 ], [ 6.710151088822293, 50.909148420423129 ], [ 6.710155275588299, 50.90909471781309 ], [ 6.710060916613432, 50.909091813955072 ], [ 6.710056753752394, 50.909145606972629 ] ] ] ] } },
{ "type": "Feature", "properties": { "fid": 59743.0, "oid": "DENW41AL30008JilBL", "aktualit": "2024-08-20", "gebnutzbez": "Gebäude", "funktion": "Wohngebäude", "gfkzshh": "31001_1000", "rellage": null, "name": null, "anzahlgs": null, "gmdschl": "05362032", "lagebeztxt": "Merodestraße 12", "bld area": 200, "flstkennz_": "05468201900226______", "area": 907 }, "geometry": { "type": "MultiPolygon", "coordinates": [ [ [ [ 6.710169988738278, 50.908972344874165 ], [ 6.710461768385325, 50.908998792192655 ], [ 6.71046380109197, 50.908988389914526 ], [ 6.710468836887824, 50.908967523449384 ], [ 6.710481834058424, 50.908913427053704 ], [ 6.71018859320463, 50.908886618328253 ], [ 6.710169988738278, 50.908972344874165 ] ] ] ] } },
{ "type": "Feature", "properties": { "fid": 160169.0, "oid": "DENW41AL30008NIoBL", "aktualit": "2024-08-20", "gebnutzbez": "Gebäude", "funktion": "Gebäude zum Parken", "gfkzshh": "31001_2460", "rellage": null, "name": null, "anzahlgs": null, "gmdschl": "05362032", "lagebeztxt": null, "bld area": 29, "flstkennz_": "05468201900226______", "area": 907 }, "geometry": { "type": "MultiPolygon", "coordinates": [ [ [ [ 6.710127316616228, 50.908968476545461 ], [ 6.710169988738278, 50.908972344874165 ], [ 6.71018859320463, 50.908886618328253 ], [ 6.71014670061233, 50.908882810272353 ], [ 6.710127316616228, 50.908968476545461 ] ] ] ] } },
{ "type": "Feature", "properties": { "fid": 160078.0, "oid": "DENW41AL30008N72BL", "aktualit": "2024-08-20", "gebnutzbez": "Gebäude", "funktion": "Wohngebäude", "gfkzshh": "31001_1000", "rellage": null, "name": null, "anzahlgs": null, "gmdschl": "05362032", "lagebeztxt": "Sistenichstraße 34", "bld area": 67, "flstkennz_": "054682021002140053__", "area": 321 }, "geometry": { "type": "MultiPolygon", "coordinates": [ [ [ [ 6.709086046840182, 50.912087936585394 ], [ 6.709229927702189, 50.912096778035988 ], [ 6.709234989736762, 50.912064678505757 ], [ 6.70921473911851, 50.912063354603021 ], [ 6.70921999918093, 50.912032437188195 ], [ 6.709095737919325, 50.912024736375621 ], [ 6.709086046840182, 50.912087936585394 ] ] ] ] } },
{ "type": "Feature", "properties": { "fid": 60805.0, "oid": "DENW41AL30008LDbBL", "aktualit": "2024-08-20", "gebnutzbez": "Gebäude", "funktion": "Wohngebäude", "gfkzshh": "31001_1000", "rellage": null, "name": null, "anzahlgs": null, "gmdschl": "05362032", "lagebeztxt": "Sistenichstraße 16", "bld area": 134, "flstkennz_": "05468202100041______", "area": 503 }, "geometry": { "type": "MultiPolygon", "coordinates": [ [ [ [ 6.708519784532414, 50.912980690668853 ], [ 6.708632062087452, 50.913010255299071 ], [ 6.708673831623634, 50.913021274728521 ], [ 6.708696977699027, 50.912986256431466 ], [ 6.708689588959641, 50.912979986376307 ], [ 6.708701424444119, 50.912962347468074 ], [ 6.708713676669825, 50.912961130981273 ], [ 6.70873686082168, 50.912925915553686 ], [ 6.708678009846001, 50.912910450463208 ], [ 6.708660081401156, 50.912896022679661 ], [ 6.708603900975832, 50.912881221584634 ], [ 6.708584111249553, 50.912911341019765 ], [ 6.70858209535826, 50.912911832090089 ], [ 6.708579604251539, 50.912912439747046 ], [ 6.708564441763389, 50.912916135414051 ], [ 6.70856156204422, 50.912916834375331 ], [ 6.70856091564841, 50.912917829023009 ], [ 6.708521733523781, 50.912977796860062 ], [ 6.708519784532414, 50.912980690668853 ] ] ] ] } },
{ "type": "Feature", "properties": { "fid": 275026.0, "oid": "DENW41AL30008MF7BL", "aktualit": "2024-09-20", "gebnutzbez": "Gebäude", "funktion": "Gebäude zum Parken", "gfkzshh": "31001_2460", "rellage": null, "name": null, "anzahlgs": null, "gmdschl": "05362032", "lagebeztxt": null, "bld area": 37, "flstkennz_": "05468202100041______", "area": 503 }, "geometry": { "type": "MultiPolygon", "coordinates": [ [ [ [ 6.708615005302162, 50.913036127956843 ], [ 6.708632062087452, 50.913010255299071 ], [ 6.708519784532414, 50.912980690668853 ], [ 6.708521733523781, 50.912977796860062 ], [ 6.70848331599054, 50.912967760593375 ], [ 6.708464423001459, 50.912996710394864 ], [ 6.70856112711082, 50.913022032047188 ], [ 6.708615005302162, 50.913036127956843 ] ] ] ] } },
{ "type": "Feature", "properties": { "fid": 63031.0, "oid": "DENW41AL30008OO8BL", "aktualit": "2024-08-20", "gebnutzbez": "Gebäude", "funktion": "Gebäude zum Parken", "gfkzshh": "31001_2460", "rellage": null, "name": null, "anzahlgs": null, "gmdschl": "05362032", "lagebeztxt": null, "bld area": 18, "flstkennz_": "05468201900333______", "area": 701 }, "geometry": { "type": "MultiPolygon", "coordinates": [ [ [ [ 6.706793847374191, 50.908441908611678 ], [ 6.706836174005566, 50.908445555517787 ], [ 6.706847210604337, 50.908392068545808 ], [ 6.706805365896181, 50.908388458095907 ], [ 6.706793847374191, 50.908441908611678 ] ] ] ] } },
{ "type": "Feature", "properties": { "fid": 274055.0, "oid": "DENW41AL30008L8pBL", "aktualit": "2024-08-20", "gebnutzbez": "Gebäude", "funktion": "Gebäude zum Parken", "gfkzshh": "31001_2460", "rellage": null, "name": null, "anzahlgs": null, "gmdschl": "05362032", "lagebeztxt": null, "bld area": 18, "flstkennz_": "05468201900333______", "area": 701 }, "geometry": { "type": "MultiPolygon", "coordinates": [ [ [ [ 6.706834089779023, 50.908455542997153 ], [ 6.706876174825505, 50.908459185141346 ], [ 6.706887759016966, 50.908405843837926 ], [ 6.706845404876697, 50.908402178421525 ], [ 6.706836174005566, 50.908445555517787 ], [ 6.706834089779023, 50.908455542997153 ] ] ] ] } },
{ "type": "Feature", "properties": { "fid": 158621.0, "oid": "DENW41AL30008KCOBL", "aktualit": "2024-08-20", "gebnutzbez": "Gebäude", "funktion": "Wohngebäude", "gfkzshh": "31001_1000", "rellage": null, "name": null, "anzahlgs": null, "gmdschl": "05362032", "lagebeztxt": "Merodestraße 36", "bld area": 62, "flstkennz_": "05468201900333______", "area": 701 }, "geometry": { "type": "MultiPolygon", "coordinates": [ [ [ [ 6.706866521016429, 50.908503642216338 ], [ 6.706946152698227, 50.908510648411252 ], [ 6.706967407397825, 50.908412796382983 ], [ 6.706887759016966, 50.908405843837926 ], [ 6.706876174825505, 50.908459185141346 ], [ 6.706866521016429, 50.908503642216338 ] ] ] ] } },
{ "type": "Feature", "properties": { "fid": 272965.0, "oid": "DENW41AL30008JuHBL", "aktualit": "2024-08-20", "gebnutzbez": "Gebäude", "funktion": "Gebäude zum Parken", "gfkzshh": "31001_2460", "rellage": null, "name": null, "anzahlgs": null, "gmdschl": "05362032", "lagebeztxt": null, "bld area": 18, "flstkennz_": "05468201900333______", "area": 701 }, "geometry": { "type": "MultiPolygon", "coordinates": [ [ [ [ 6.707041127083817, 50.908474379543854 ], [ 6.707083104448946, 50.908478766008642 ], [ 6.707089834539476, 50.908450953537255 ], [ 6.707096113045157, 50.90842509290902 ], [ 6.707054007015753, 50.908421009720307 ], [ 6.707041127083817, 50.908474379543854 ] ] ] ] } },
{ "type": "Feature", "properties": { "fid": 274809.0, "oid": "DENW41AL30008Lz4BL", "aktualit": "2024-08-20", "gebnutzbez": "Gebäude", "funktion": "Wohngebäude", "gfkzshh": "31001_1000", "rellage": null, "name": null, "anzahlgs": null, "gmdschl": "05362032", "lagebeztxt": "Merodestraße 34", "bld area": 62, "flstkennz_": "05468201900333______", "area": 701 }, "geometry": { "type": "MultiPolygon", "coordinates": [ [ [ [ 6.706946152698227, 50.908510648411252 ], [ 6.707025854581507, 50.908517673919221 ], [ 6.707047169056934, 50.908419760093345 ], [ 6.706967407397825, 50.908412796382983 ], [ 6.706946152698227, 50.908510648411252 ] ] ] ] } },
{ "type": "Feature", "properties": { "fid": 159330.0, "oid": "DENW41AL30008LbSBL", "aktualit": "2024-08-20", "gebnutzbez": "Gebäude", "funktion": "Gebäude zum Parken", "gfkzshh": "31001_2460", "rellage": null, "name": null, "anzahlgs": null, "gmdschl": "05362032", "lagebeztxt": null, "bld area": 18, "flstkennz_": "05468201900329______", "area": 349 }, "geometry": { "type": "MultiPolygon", "coordinates": [ [ [ [ 6.706710322572305, 50.909023670345242 ], [ 6.706752349503967, 50.909027347364862 ], [ 6.706764024571421, 50.908973899932732 ], [ 6.70672201234043, 50.908970214211735 ], [ 6.706710322572305, 50.909023670345242 ] ] ] ] } },
{ "type": "Feature", "properties": { "fid": 273826.0, "oid": "DENW41AL30008Kt3BL", "aktualit": "2024-08-20", "gebnutzbez": "Gebäude", "funktion": "Wohngebäude", "gfkzshh": "31001_1000", "rellage": null, "name": null, "anzahlgs": null, "gmdschl": "05362032", "lagebeztxt": "Heinrich-Heine-Straße 11", "bld area": 61, "flstkennz_": "05468201900329______", "area": 349 }, "geometry": { "type": "MultiPolygon", "coordinates": [ [ [ [ 6.706752349503967, 50.909027347364862 ], [ 6.706832071746739, 50.909034265469813 ], [ 6.706853102604152, 50.90893779416124 ], [ 6.706773483098006, 50.908930815129587 ], [ 6.706764024571421, 50.908973899932732 ], [ 6.706752349503967, 50.909027347364862 ] ] ] ] } },
{ "type": "Feature", "properties": { "fid": 159678.0, "oid": "DENW41AL30008MKcBL", "aktualit": "2024-08-20", "gebnutzbez": "Gebäude", "funktion": "Wohngebäude", "gfkzshh": "31001_1000", "rellage": null, "name": null, "anzahlgs": null, "gmdschl": "05362032", "lagebeztxt": "Merodestraße 32", "bld area": 60, "flstkennz_": "05468201900114______", "area": 599 }, "geometry": { "type": "MultiPolygon", "coordinates": [ [ [ [ 6.707124521052572, 50.908501507417476 ], [ 6.707226196442805, 50.908512975897054 ], [ 6.707246299633118, 50.908439987906171 ], [ 6.707143547310915, 50.908428147513156 ], [ 6.707136299447561, 50.908456075731898 ], [ 6.707124521052572, 50.908501507417476 ] ] ] ] } },
{ "type": "Feature", "properties": { "fid": 63322.0, "oid": "DENW41AL30008OnUBL", "aktualit": "2024-08-20", "gebnutzbez": "Gebäude", "funktion": "Gebäude zum Parken", "gfkzshh": "31001_2460", "rellage": null, "name": null, "anzahlgs": null, "gmdschl": "05362032", "lagebeztxt": null, "bld area": 17, "flstkennz_": "05468201900114______", "area": 599 }, "geometry": { "type": "MultiPolygon", "coordinates": [ [ [ [ 6.707079122871272, 50.908496388189789 ], [ 6.707124521052572, 50.908501507417476 ], [ 6.707136299447561, 50.908456075731898 ], [ 6.707089834539476, 50.908450953537255 ], [ 6.707083104448946, 50.908478766008642 ], [ 6.707079122871272, 50.908496388189789 ] ] ] ] } },
{ "type": "Feature", "properties": { "fid": 272965.0, "oid": "DENW41AL30008JuHBL", "aktualit": "2024-08-20", "gebnutzbez": "Gebäude", "funktion": "Gebäude zum Parken", "gfkzshh": "31001_2460", "rellage": null, "name": null, "anzahlgs": null, "gmdschl": "05362032", "lagebeztxt": null, "bld area": 18, "flstkennz_": "05468201900114______", "area": 599 }, "geometry": { "type": "MultiPolygon", "coordinates": [ [ [ [ 6.707041127083817, 50.908474379543854 ], [ 6.707083104448946, 50.908478766008642 ], [ 6.707089834539476, 50.908450953537255 ], [ 6.707096113045157, 50.90842509290902 ], [ 6.707054007015753, 50.908421009720307 ], [ 6.707041127083817, 50.908474379543854 ] ] ] ] } },
{ "type": "Feature", "properties": { "fid": 61345.0, "oid": "DENW41AL30008LylBL", "aktualit": "2024-08-20", "gebnutzbez": "Gebäude", "funktion": "Gebäude zum Parken", "gfkzshh": "31001_2460", "rellage": null, "name": null, "anzahlgs": null, "gmdschl": "05362032", "lagebeztxt": null, "bld area": 27, "flstkennz_": "05468201900330______", "area": 356 }, "geometry": { "type": "MultiPolygon", "coordinates": [ [ [ [ 6.706912076929639, 50.909041216062136 ], [ 6.706954513834686, 50.909044946035159 ], [ 6.70697208779265, 50.908964677128907 ], [ 6.706929690944532, 50.908961001913561 ], [ 6.706912076929639, 50.909041216062136 ] ] ] ] } },
{ "type": "Feature", "properties": { "fid": 62696.0, "oid": "DENW41AL30008Nv1BL", "aktualit": "2024-08-20", "gebnutzbez": "Gebäude", "funktion": "Wohngebäude", "gfkzshh": "31001_1000", "rellage": null, "name": null, "anzahlgs": null, "gmdschl": "05362032", "lagebeztxt": "Heinrich-Heine-Straße 9", "bld area": 62, "flstkennz_": "05468201900330______", "area": 356 }, "geometry": { "type": "MultiPolygon", "coordinates": [ [ [ [ 6.706832071746739, 50.909034265469813 ], [ 6.706912076929639, 50.909041216062136 ], [ 6.706929690944532, 50.908961001913561 ], [ 6.706933227063402, 50.908944630160605 ], [ 6.706853102604152, 50.90893779416124 ], [ 6.706832071746739, 50.909034265469813 ] ] ] ] } },
{ "type": "Feature", "properties": { "fid": 158694.0, "oid": "DENW41AL30008KLVBL", "aktualit": "2024-08-20", "gebnutzbez": "Gebäude", "funktion": "Wohngebäude", "gfkzshh": "31001_1000", "rellage": null, "name": null, "anzahlgs": null, "gmdschl": "05362032", "lagebeztxt": "Sistenichstraße 11", "bld area": 58, "flstkennz_": "05468202100028______", "area": 415 }, "geometry": { "type": "MultiPolygon", "coordinates": [ [ [ [ 6.708740572909368, 50.913407550752694 ], [ 6.708755657939531, 50.913411516517648 ], [ 6.708746764523152, 50.913424869041698 ], [ 6.708853712662318, 50.91345376218522 ], [ 6.708865000336324, 50.913436850022798 ], [ 6.708889567727939, 50.913400123731094 ], [ 6.708766286895832, 50.91336833764295 ], [ 6.708740572909368, 50.913407550752694 ] ] ] ] } },
{ "type": "Feature", "properties": { "fid": 59881.0, "oid": "DENW41AL30008JtoBL", "aktualit": "2024-08-20", "gebnutzbez": "Gebäude", "funktion": "Gebäude für Land- und Forstwirtschaft", "gfkzshh": "31001_2700", "rellage": null, "name": null, "anzahlgs": null, "gmdschl": "05362032", "lagebeztxt": null, "bld area": 17, "flstkennz_": "05468202100028______", "area": 415 }, "geometry": { "type": "MultiPolygon", "coordinates": [ [ [ [ 6.708909585884482, 50.91345079376827 ], [ 6.708960590254936, 50.913466716293598 ], [ 6.708980692776386, 50.913438338799615 ], [ 6.708962981158644, 50.913433682918608 ], [ 6.708969808294574, 50.913423293844843 ], [ 6.7089348085609, 50.913413180921509 ], [ 6.708909585884482, 50.91345079376827 ] ] ] ] } },
{ "type": "Feature", "properties": { "fid": 274050.0, "oid": "DENW41AL30008L8RBL", "aktualit": "2024-08-20", "gebnutzbez": "Gebäude", "funktion": "Gebäude zur Freizeitgestaltung", "gfkzshh": "31001_1310", "rellage": null, "name": null, "anzahlgs": null, "gmdschl": "05362032", "lagebeztxt": null, "bld area": 16, "flstkennz_": "05468202100028______", "area": 415 }, "geometry": { "type": "MultiPolygon", "coordinates": [ [ [ [ 6.708981039063717, 50.91353932239538 ], [ 6.709055437836126, 50.913558330418738 ], [ 6.709056069576048, 50.913557344474832 ], [ 6.709070013307214, 50.913534728207516 ], [ 6.708996609233678, 50.913514876286492 ], [ 6.708982426846145, 50.913537137090088 ], [ 6.708981039063717, 50.91353932239538 ] ] ] ] } },
{ "type": "Feature", "properties": { "fid": 158878.0, "oid": "DENW41AL30008KhUBL", "aktualit": "2024-08-20", "gebnutzbez": "Gebäude", "funktion": "Wohngebäude", "gfkzshh": "31001_1000", "rellage": null, "name": null, "anzahlgs": null, "gmdschl": "05362032", "lagebeztxt": "Am grünen Weg 6", "bld area": 71, "flstkennz_": "05468202100338______", "area": 454 }, "geometry": { "type": "MultiPolygon", "coordinates": [ [ [ [ 6.706652777505011, 50.912129608773775 ], [ 6.706797573251657, 50.912173368344952 ], [ 6.70684182023565, 50.912116900367096 ], [ 6.706725625560134, 50.912082580076209 ], [ 6.706703610538423, 50.912110487892278 ], [ 6.706675003475615, 50.912101462271629 ], [ 6.706652777505011, 50.912129608773775 ] ] ] ] } },
{ "type": "Feature", "properties": { "fid": 158882.0, "oid": "DENW41AL30008KhuBL", "aktualit": "2024-08-20", "gebnutzbez": "Gebäude", "funktion": "Gebäude zum Parken", "gfkzshh": "31001_2460", "rellage": null, "name": null, "anzahlgs": null, "gmdschl": "05362032", "lagebeztxt": null, "bld area": 14, "flstkennz_": "05468202100338______", "area": 454 }, "geometry": { "type": "MultiPolygon", "coordinates": [ [ [ [ 6.70656289066238, 50.912126772022148 ], [ 6.706637745048909, 50.912149469157526 ], [ 6.706652777505011, 50.912129608773775 ], [ 6.706577877852759, 50.912106964722888 ], [ 6.70656289066238, 50.912126772022148 ] ] ] ] } },
{ "type": "Feature", "properties": { "fid": 62712.0, "oid": "DENW41AL30008NwUBL", "aktualit": "2024-08-20", "gebnutzbez": "Gebäude", "funktion": "Wohngebäude", "gfkzshh": "31001_1000", "rellage": null, "name": null, "anzahlgs": null, "gmdschl": "05362032", "lagebeztxt": "Höhenweg 8", "bld area": 79, "flstkennz_": "05468200800385______", "area": 701 }, "geometry": { "type": "MultiPolygon", "coordinates": [ [ [ [ 6.713992810524722, 50.914579707288709 ], [ 6.71388922858065, 50.914554878220741 ], [ 6.71387318423893, 50.914551020250968 ], [ 6.713871554697454, 50.9145534976821 ], [ 6.713847663532415, 50.914589266879752 ], [ 6.713827567224492, 50.91461930922096 ], [ 6.713948792880466, 50.914651652254143 ], [ 6.713992810524722, 50.914579707288709 ] ] ] ] } },
{ "type": "Feature", "properties": { "fid": 277318.0, "oid": "DENW41AL30008OkmBL", "aktualit": "2024-08-20", "gebnutzbez": "Gebäude", "funktion": "Wohngebäude", "gfkzshh": "31001_1000", "rellage": null, "name": null, "anzahlgs": null, "gmdschl": "05362032", "lagebeztxt": null, "bld area": 4, "flstkennz_": "05468200800385______", "area": 701 }, "geometry": { "type": "MultiPolygon", "coordinates": [ [ [ [ 6.713812020669153, 50.914615164189243 ], [ 6.713816206156765, 50.91461627150894 ], [ 6.713827567224492, 50.91461930922096 ], [ 6.713847663532415, 50.914589266879752 ], [ 6.713831948181963, 50.914585082567619 ], [ 6.713812020669153, 50.914615164189243 ] ] ] ] } },
{ "type": "Feature", "properties": { "fid": 62236.0, "oid": "DENW41AL30008NH0BL", "aktualit": "2024-08-20", "gebnutzbez": "Gebäude", "funktion": "Gebäude zum Parken", "gfkzshh": "31001_2460", "rellage": null, "name": null, "anzahlgs": null, "gmdschl": "05362032", "lagebeztxt": null, "bld area": 18, "flstkennz_": "05468200800385______", "area": 701 }, "geometry": { "type": "MultiPolygon", "coordinates": [ [ [ [ 6.71381410714182, 50.914537190276988 ], [ 6.713871554697454, 50.9145534976821 ], [ 6.71387318423893, 50.914551020250968 ], [ 6.71388922858065, 50.914554878220741 ], [ 6.713904017214778, 50.914523400770882 ], [ 6.713818610369941, 50.914516142369251 ], [ 6.71381410714182, 50.914537190276988 ] ] ] ] } },
{ "type": "Feature", "properties": { "fid": 275101.0, "oid": "DENW41AL30008MKiBL", "aktualit": "2024-08-20", "gebnutzbez": "Gebäude", "funktion": "Gebäude für Land- und Forstwirtschaft", "gfkzshh": "31001_2700", "rellage": null, "name": null, "anzahlgs": null, "gmdschl": "05362032", "lagebeztxt": null, "bld area": 4, "flstkennz_": "05468200800385______", "area": 701 }, "geometry": { "type": "MultiPolygon", "coordinates": [ [ [ [ 6.713735776541246, 50.914526922503214 ], [ 6.713763337153493, 50.914530070713042 ], [ 6.713767237448528, 50.914511745200635 ], [ 6.713739524375345, 50.91450938548531 ], [ 6.713735776541246, 50.914526922503214 ] ] ] ] } },
{ "type": "Feature", "properties": { "fid": 159246.0, "oid": "DENW41AL30008LQXBL", "aktualit": "2024-08-20", "gebnutzbez": "Gebäude", "funktion": "Gebäude zum Parken", "gfkzshh": "31001_2460", "rellage": null, "name": null, "anzahlgs": null, "gmdschl": "05362032", "lagebeztxt": null, "bld area": 84, "flstkennz_": "05468200800842______", "area": 2482 }, "geometry": { "type": "MultiPolygon", "coordinates": [ [ [ [ 6.713202455118543, 50.913554158835019 ], [ 6.713399832958379, 50.913587419033746 ], [ 6.713421386732028, 50.913536350137171 ], [ 6.713224789066143, 50.91350314123725 ], [ 6.713202455118543, 50.913554158835019 ] ] ] ] } },
{ "type": "Feature", "properties": { "fid": 272992.0, "oid": "DENW41AL30008JvvBL", "aktualit": "2024-08-20", "gebnutzbez": "Gebäude", "funktion": "Wohngebäude", "gfkzshh": "31001_1000", "rellage": null, "name": null, "anzahlgs": null, "gmdschl": "05362032", "lagebeztxt": "Mittelstraße 15, 17", "bld area": 262, "flstkennz_": "05468200800842______", "area": 2482 }, "geometry": { "type": "MultiPolygon", "coordinates": [ [ [ [ 6.712673155702139, 50.913119192499174 ], [ 6.712707767577206, 50.913171748842217 ], [ 6.712698601005484, 50.913174159482267 ], [ 6.712713727454482, 50.913197013153088 ], [ 6.712722880257325, 50.913194593247859 ], [ 6.712757435276015, 50.91324686064933 ], [ 6.71270491261836, 50.913260716477026 ], [ 6.712739492124215, 50.913313065309936 ], [ 6.712730296658687, 50.913315484380412 ], [ 6.712745291168216, 50.913338128596088 ], [ 6.712754487078153, 50.913335700539015 ], [ 6.712788729865458, 50.913387665004528 ], [ 6.712899897145729, 50.913358418312278 ], [ 6.71281519433832, 50.913231245645804 ], [ 6.712867621844286, 50.913217297963065 ], [ 6.712783024703698, 50.913090298227111 ], [ 6.712673155702139, 50.913119192499174 ] ] ] ] } },
{ "type": "Feature", "properties": { "fid": 270395.0, "oid": "DENW41AL10005n0VBL", "aktualit": "2024-08-20", "gebnutzbez": "Gebäude", "funktion": "Wohngebäude", "gfkzshh": "31001_1000", "rellage": null, "name": null, "anzahlgs": null, "gmdschl": "05362032", "lagebeztxt": "Wiesenstraße 14", "bld area": 69, "flstkennz_": "05468202100408______", "area": 200 }, "geometry": { "type": "MultiPolygon", "coordinates": [ [ [ [ 6.707167434850111, 50.912860067210126 ], [ 6.707164679593594, 50.912859240855937 ], [ 6.707150396600905, 50.912878210146104 ], [ 6.707167434850111, 50.912860067210126 ] ] ], [ [ [ 6.707100362573883, 50.912949035399542 ], [ 6.707174431001919, 50.912971409066429 ], [ 6.707177122389211, 50.91297222644306 ], [ 6.70720461301503, 50.912935674852619 ], [ 6.707246057241711, 50.912882686344801 ], [ 6.707167574592027, 50.912860109037609 ], [ 6.707100362573883, 50.912949035399542 ] ] ] ] } },
{ "type": "Feature", "properties": { "fid": 270396.0, "oid": "DENW41AL10005n0eBL", "aktualit": "2024-08-20", "gebnutzbez": "Gebäude", "funktion": "Gebäude zum Parken", "gfkzshh": "31001_2460", "rellage": null, "name": null, "anzahlgs": null, "gmdschl": "05362032", "lagebeztxt": null, "bld area": 19, "flstkennz_": "05468202100408______", "area": 200 }, "geometry": { "type": "MultiPolygon", "coordinates": [ [ [ [ 6.707163596592443, 50.912986036477896 ], [ 6.707204050855291, 50.912998046929033 ], [ 6.707241429995273, 50.912947586848048 ], [ 6.70720461301503, 50.912935674852619 ], [ 6.707177122389211, 50.91297222644306 ], [ 6.707174431001919, 50.912971409066429 ], [ 6.707163596592443, 50.912986036477896 ] ] ] ] } },
{ "type": "Feature", "properties": { "fid": 59666.0, "oid": "DENW41AL30008JcQBL", "aktualit": "2024-08-20", "gebnutzbez": "Gebäude", "funktion": "Gebäude zum Parken", "gfkzshh": "31001_2460", "rellage": null, "name": null, "anzahlgs": null, "gmdschl": "05362032", "lagebeztxt": null, "bld area": 22, "flstkennz_": "05468201900130______", "area": 694 }, "geometry": { "type": "MultiPolygon", "coordinates": [ [ [ [ 6.709253146218107, 50.909588435752759 ], [ 6.709252203094885, 50.90962386301922 ], [ 6.709331669904161, 50.909624712362664 ], [ 6.709332613408328, 50.909589276109337 ], [ 6.709253146218107, 50.909588435752759 ] ] ] ] } },
{ "type": "Feature", "properties": { "fid": 60110.0, "oid": "DENW41AL30008KDeBL", "aktualit": "2024-08-20", "gebnutzbez": "Gebäude", "funktion": "Wohngebäude", "gfkzshh": "31001_1000", "rellage": null, "name": null, "anzahlgs": null, "gmdschl": "05362032", "lagebeztxt": "Sistenichstraße 64", "bld area": 78, "flstkennz_": "05468201900130______", "area": 694 }, "geometry": { "type": "MultiPolygon", "coordinates": [ [ [ [ 6.709384773313941, 50.909512635820498 ], [ 6.709382547216855, 50.909593602055381 ], [ 6.709505531601786, 50.909595017647078 ], [ 6.709507776109863, 50.909513961831564 ], [ 6.709384773313941, 50.909512635820498 ] ] ] ] } },
{ "type": "Feature", "properties": { "fid": 272113.0, "oid": "DENW41AL2e30002xBL", "aktualit": "2024-08-20", "gebnutzbez": "Gebäude", "funktion": "Gebäude zur Freizeitgestaltung", "gfkzshh": "31001_1310", "rellage": null, "name": null, "anzahlgs": null, "gmdschl": "05362032", "lagebeztxt": null, "bld area": 70, "flstkennz_": "054682020001550017__", "area": 285 }, "geometry": { "type": "MultiPolygon", "coordinates": [ [ [ [ 6.709085707631806, 50.911519880220617 ], [ 6.709179834874895, 50.911526153075116 ], [ 6.70918740206855, 50.911480701503322 ], [ 6.709147995724868, 50.911478075167203 ], [ 6.709162053387729, 50.911393743569384 ], [ 6.709107262234959, 50.911390662311909 ], [ 6.709107201502809, 50.91139102987804 ], [ 6.709093289128532, 50.911474428935058 ], [ 6.709085707631806, 50.911519880220617 ] ] ], [ [ [ 6.709081775020896, 50.911543466512398 ], [ 6.709085707631806, 50.911519880220617 ], [ 6.709085424259073, 50.911519856669571 ], [ 6.709081775020896, 50.911543466512398 ] ] ] ] } },
{ "type": "Feature", "properties": { "fid": 64071.0, "oid": "DENW41ALvN00002tBL", "aktualit": "2024-08-20", "gebnutzbez": "Gebäude", "funktion": "Gebäude zum Parken", "gfkzshh": "31001_2460", "rellage": null, "name": null, "anzahlgs": null, "gmdschl": "05362032", "lagebeztxt": null, "bld area": 49, "flstkennz_": "054682020001550017__", "area": 285 }, "geometry": { "type": "MultiPolygon", "coordinates": [ [ [ [ 6.70901860296951, 50.911561266897714 ], [ 6.709025708126018, 50.911561721175119 ], [ 6.709019123514844, 50.911599618989442 ], [ 6.709072591440702, 50.911602998098338 ], [ 6.709081775020896, 50.911543466512398 ], [ 6.709085424259073, 50.911519856669571 ], [ 6.709089370886453, 50.911494246978968 ], [ 6.709029638697158, 50.911490385137334 ], [ 6.709022578297527, 50.91153072900272 ], [ 6.709024166597268, 50.911530832135988 ], [ 6.70901860296951, 50.911561266897714 ] ] ] ] } },
{ "type": "Feature", "properties": { "fid": 160348.0, "oid": "DENW41AL30008NddBL", "aktualit": "2024-08-20", "gebnutzbez": "Gebäude", "funktion": "Wohngebäude", "gfkzshh": "31001_1000", "rellage": null, "name": null, "anzahlgs": null, "gmdschl": "05362032", "lagebeztxt": "Adenauerstraße 3", "bld area": 55, "flstkennz_": "054682020001550017__", "area": 285 }, "geometry": { "type": "MultiPolygon", "coordinates": [ [ [ [ 6.709117664759794, 50.911663459874255 ], [ 6.709196471932487, 50.911668541555187 ], [ 6.709209329659356, 50.911588944281448 ], [ 6.709180597651612, 50.911587094119433 ], [ 6.709182986052699, 50.911572354694172 ], [ 6.709132628545449, 50.911569081665007 ], [ 6.709122443162614, 50.91164032190207 ], [ 6.70912102408861, 50.911640249074459 ], [ 6.709117664759794, 50.911663459874255 ] ] ] ] } },
{ "type": "Feature", "properties": { "fid": 273499.0, "oid": "DENW41AL30008KWGBL", "aktualit": "2024-08-20", "gebnutzbez": "Gebäude", "funktion": "Wohngebäude", "gfkzshh": "31001_1000", "rellage": null, "name": null, "anzahlgs": null, "gmdschl": "05362032", "lagebeztxt": "Adenauerstraße 1 b", "bld area": 55, "flstkennz_": "054682020001540017__", "area": 280 }, "geometry": { "type": "MultiPolygon", "coordinates": [ [ [ [ 6.709196471932487, 50.911668541555187 ], [ 6.709275365283545, 50.911673606886154 ], [ 6.709279110045951, 50.911650367671662 ], [ 6.709277677641102, 50.91165027659607 ], [ 6.709289106454801, 50.911579204660157 ], [ 6.7092391726671, 50.911575993958941 ], [ 6.709236798496299, 50.911590733664553 ], [ 6.709209329659356, 50.911588944281448 ], [ 6.709196471932487, 50.911668541555187 ] ] ] ] } },
{ "type": "Feature", "properties": { "fid": 63276.0, "oid": "DENW41AL30008OjjBL", "aktualit": "2024-08-20", "gebnutzbez": "Gebäude", "funktion": "Wohngebäude", "gfkzshh": "31001_1000", "rellage": null, "name": null, "anzahlgs": null, "gmdschl": "05362032", "lagebeztxt": "Sistenichstraße 49", "bld area": 98, "flstkennz_": "05468202000335______", "area": 294 }, "geometry": { "type": "MultiPolygon", "coordinates": [ [ [ [ 6.709550644384996, 50.911507393536404 ], [ 6.709715173403217, 50.911516666638228 ], [ 6.709722377353539, 50.9114635359348 ], [ 6.709695506040252, 50.91146203720966 ], [ 6.709699402599783, 50.911435122372609 ], [ 6.709561516337643, 50.911427082693962 ], [ 6.709550644384996, 50.911507393536404 ] ] ] ] } },
{ "type": "Feature", "properties": { "fid": 272553.0, "oid": "DENW41AL30008JSkBL", "aktualit": "2024-08-20", "gebnutzbez": "Gebäude", "funktion": "Wohngebäude", "gfkzshh": "31001_1000", "rellage": null, "name": null, "anzahlgs": null, "gmdschl": "05362032", "lagebeztxt": "Dechant-Buff-Straße 1", "bld area": 303, "flstkennz_": "05468202000418______", "area": 837 }, "geometry": { "type": "MultiPolygon", "coordinates": [ [ [ [ 6.709893740241406, 50.911637283182316 ], [ 6.710209089995679, 50.911653409615724 ], [ 6.710223744972937, 50.911531080540037 ], [ 6.709908497387693, 50.911515207980379 ], [ 6.709893740241406, 50.911637283182316 ] ] ] ] } },
{ "type": "Feature", "properties": { "fid": 273769.0, "oid": "DENW41AL30008KpLBL", "aktualit": "2024-08-20", "gebnutzbez": "Gebäude", "funktion": "Wohngebäude", "gfkzshh": "31001_1000", "rellage": null, "name": null, "anzahlgs": null, "gmdschl": "05362032", "lagebeztxt": "Sistenichstraße 63", "bld area": 101, "flstkennz_": "05468202000433______", "area": 412 }, "geometry": { "type": "MultiPolygon", "coordinates": [ [ [ [ 6.709774154571593, 50.910387858691962 ], [ 6.709914307085064, 50.91039111277825 ], [ 6.709923826356346, 50.910322107923918 ], [ 6.709903864342811, 50.910321005657657 ], [ 6.709907083435953, 50.910298322734256 ], [ 6.709785074698324, 50.910291485291303 ], [ 6.709774154571593, 50.910387858691962 ] ] ] ] } },
{ "type": "Feature", "properties": { "fid": 273769.0, "oid": "DENW41AL30008KpLBL", "aktualit": "2024-08-20", "gebnutzbez": "Gebäude", "funktion": "Wohngebäude", "gfkzshh": "31001_1000", "rellage": null, "name": null, "anzahlgs": null, "gmdschl": "05362032", "lagebeztxt": "Sistenichstraße 63", "bld area": 101, "flstkennz_": "05468202000434______", "area": 410 }, "geometry": { "type": "MultiPolygon", "coordinates": [ [ [ [ 6.709774154571593, 50.910387858691962 ], [ 6.709914307085064, 50.91039111277825 ], [ 6.709923826356346, 50.910322107923918 ], [ 6.709903864342811, 50.910321005657657 ], [ 6.709907083435953, 50.910298322734256 ], [ 6.709785074698324, 50.910291485291303 ], [ 6.709774154571593, 50.910387858691962 ] ] ] ] } },
{ "type": "Feature", "properties": { "fid": 271997.0, "oid": "DENW41AL2O30004IBL", "aktualit": "2024-08-20", "gebnutzbez": "Gebäude", "funktion": "Gebäude zum Parken", "gfkzshh": "31001_2460", "rellage": null, "name": null, "anzahlgs": null, "gmdschl": "05362032", "lagebeztxt": null, "bld area": 32, "flstkennz_": "05468202000434______", "area": 410 }, "geometry": { "type": "MultiPolygon", "coordinates": [ [ [ [ 6.709865207340459, 50.91022750881762 ], [ 6.709992854176433, 50.910234249951046 ], [ 6.709996602803796, 50.910202808162751 ], [ 6.709868923657946, 50.910196147345737 ], [ 6.709868797452245, 50.91019726913234 ], [ 6.709865207340459, 50.91022750881762 ] ] ] ] } },
{ "type": "Feature", "properties": { "fid": 271996.0, "oid": "DENW41AL2O30004EBL", "aktualit": "2024-08-20", "gebnutzbez": "Gebäude", "funktion": "Wohngebäude", "gfkzshh": "31001_1000", "rellage": null, "name": null, "anzahlgs": null, "gmdschl": "05362032", "lagebeztxt": "Sistenichstraße 65", "bld area": 94, "flstkennz_": "05468202000434______", "area": 410 }, "geometry": { "type": "MultiPolygon", "coordinates": [ [ [ [ 6.709785074698324, 50.910291485291303 ], [ 6.709907083435953, 50.910298322734256 ], [ 6.709927669021172, 50.910299473213271 ], [ 6.709931021977169, 50.910272035033884 ], [ 6.709987845926451, 50.910274832015446 ], [ 6.709992854176433, 50.910234249951046 ], [ 6.709865207340459, 50.91022750881762 ], [ 6.70979366639436, 50.910223991239924 ], [ 6.709785074698324, 50.910291485291303 ] ] ] ] } },
{ "type": "Feature", "properties": { "fid": 62158.0, "oid": "DENW41AL30008NA1BL", "aktualit": "2024-08-20", "gebnutzbez": "Gebäude", "funktion": "Gebäude für Wirtschaft oder Gewerbe", "gfkzshh": "31001_2000", "rellage": null, "name": null, "anzahlgs": null, "gmdschl": "05362032", "lagebeztxt": null, "bld area": 20, "flstkennz_": "054682020001680042__", "area": 636 }, "geometry": { "type": "MultiPolygon", "coordinates": [ [ [ [ 6.711436899529907, 50.910341555024878 ], [ 6.711525053527598, 50.910343400685072 ], [ 6.711526532277622, 50.910314999320214 ], [ 6.711438478702152, 50.910313137641943 ], [ 6.711437726210409, 50.910326155342055 ], [ 6.711436899529907, 50.910341555024878 ] ] ] ] } },
{ "type": "Feature", "properties": { "fid": 62469.0, "oid": "DENW41AL30008Nb9BL", "aktualit": "2024-08-20", "gebnutzbez": "Gebäude", "funktion": "Wohngebäude", "gfkzshh": "31001_1000", "rellage": null, "name": null, "anzahlgs": null, "gmdschl": "05362032", "lagebeztxt": "Hauptstraße 216", "bld area": 49, "flstkennz_": "054682020001680042__", "area": 636 }, "geometry": { "type": "MultiPolygon", "coordinates": [ [ [ [ 6.711523710887437, 50.910368737729414 ], [ 6.71164129715068, 50.910371196442185 ], [ 6.711642328962214, 50.910317395956838 ], [ 6.711526532277622, 50.910314999320214 ], [ 6.711525053527598, 50.910343400685072 ], [ 6.711523710887437, 50.910368737729414 ] ] ] ] } },
{ "type": "Feature", "properties": { "fid": 273285.0, "oid": "DENW41AL30008KHABL", "aktualit": "2024-08-20", "gebnutzbez": "Gebäude", "funktion": "Gebäude für Land- und Forstwirtschaft", "gfkzshh": "31001_2700", "rellage": null, "name": null, "anzahlgs": null, "gmdschl": "05362032", "lagebeztxt": null, "bld area": 3, "flstkennz_": "054682020001680042__", "area": 636 }, "geometry": { "type": "MultiPolygon", "coordinates": [ [ [ [ 6.711413422638557, 50.910312637275979 ], [ 6.711413001434243, 50.910325571531835 ], [ 6.711437726210409, 50.910326155342055 ], [ 6.711438478702152, 50.910313137641943 ], [ 6.711413422638557, 50.910312637275979 ] ] ] ] } },
{ "type": "Feature", "properties": { "fid": 59237.0, "oid": "DENW41AL2h300003BL", "aktualit": "2024-08-20", "gebnutzbez": "Gebäude", "funktion": "Gebäude zur Freizeitgestaltung", "gfkzshh": "31001_1310", "rellage": null, "name": null, "anzahlgs": null, "gmdschl": "05362032", "lagebeztxt": null, "bld area": 26, "flstkennz_": "054682021001320020__", "area": 302 }, "geometry": { "type": "MultiPolygon", "coordinates": [ [ [ [ 6.707990902349189, 50.913712785972287 ], [ 6.70808132924101, 50.91373654349978 ], [ 6.708081329682562, 50.913736534514349 ], [ 6.708081360317181, 50.913736490145475 ], [ 6.708101897526915, 50.913705360146672 ], [ 6.708011460886262, 50.913681512502166 ], [ 6.707990902349189, 50.913712785972287 ] ] ] ] } },
{ "type": "Feature", "properties": { "fid": 59594.0, "oid": "DENW41AL30008JWHBL", "aktualit": "2024-08-20", "gebnutzbez": "Gebäude", "funktion": "Wohngebäude", "gfkzshh": "31001_1000", "rellage": null, "name": null, "anzahlgs": null, "gmdschl": "05362032", "lagebeztxt": "Sistenichstraße 2", "bld area": 67, "flstkennz_": "054682021001320020__", "area": 302 }, "geometry": { "type": "MultiPolygon", "coordinates": [ [ [ [ 6.708035301259661, 50.913801458397288 ], [ 6.708113610929411, 50.913821946908676 ], [ 6.708117979213309, 50.913823094000705 ], [ 6.708112476708362, 50.91383171021905 ], [ 6.708132736024362, 50.913837504548425 ], [ 6.708145282177243, 50.913819888646621 ], [ 6.70813611735477, 50.913817334219218 ], [ 6.708137829802849, 50.913814912458918 ], [ 6.708152255266486, 50.913818694460232 ], [ 6.708187335069534, 50.913765220874708 ], [ 6.708187811008724, 50.913764510692971 ], [ 6.708081360317181, 50.913736490145475 ], [ 6.708077396725476, 50.913735503899566 ], [ 6.708035301259661, 50.913801458397288 ] ] ] ] } },
{ "type": "Feature", "properties": { "fid": 61706.0, "oid": "DENW41AL30008MVOBL", "aktualit": "2024-08-20", "gebnutzbez": "Gebäude", "funktion": "Wohngebäude", "gfkzshh": "31001_1000", "rellage": null, "name": null, "anzahlgs": null, "gmdschl": "05362032", "lagebeztxt": "Sistenichstraße 4", "bld area": 66, "flstkennz_": "054682021001320020__", "area": 302 }, "geometry": { "type": "MultiPolygon", "coordinates": [ [ [ [ 6.708081360317181, 50.913736490145475 ], [ 6.708187811008724, 50.913764510692971 ], [ 6.708187335069534, 50.913765220874708 ], [ 6.708195608327021, 50.913767389031264 ], [ 6.708203869240144, 50.913754752649723 ], [ 6.7081877300625, 50.913750523271666 ], [ 6.708226139485759, 50.913691826529046 ], [ 6.708127829834773, 50.913666061521283 ], [ 6.708101897526915, 50.913705360146672 ], [ 6.708081360317181, 50.913736490145475 ] ] ] ] } },
{ "type": "Feature", "properties": { "fid": 159812.0, "oid": "DENW41AL30008MaSBL", "aktualit": "2024-08-20", "gebnutzbez": "Gebäude", "funktion": "Wohngebäude", "gfkzshh": "31001_1000", "rellage": null, "name": null, "anzahlgs": null, "gmdschl": "05362032", "lagebeztxt": "Friedrich-Ebert-Platz 4", "bld area": 280, "flstkennz_": "05468202000436______", "area": 300 }, "geometry": { "type": "MultiPolygon", "coordinates": [ [ [ [ 6.710459674218719, 50.911443025234476 ], [ 6.71063529315743, 50.911452433664401 ], [ 6.710650444460983, 50.911340547436673 ], [ 6.710662405745815, 50.911251335721175 ], [ 6.710485267679624, 50.911241879535112 ], [ 6.710459674218719, 50.911443025234476 ] ] ] ] } },
{ "type": "Feature", "properties": { "fid": 276845.0, "oid": "DENW41AL30008OFEBL", "aktualit": "2024-08-20", "gebnutzbez": "Gebäude", "funktion": "Wohngebäude", "gfkzshh": "31001_1000", "rellage": null, "name": null, "anzahlgs": null, "gmdschl": "05362032", "lagebeztxt": "Höhenweg 42", "bld area": 98, "flstkennz_": "05468200800396______", "area": 688 }, "geometry": { "type": "MultiPolygon", "coordinates": [ [ [ [ 6.714414988866945, 50.912847177971237 ], [ 6.714432273892875, 50.912849513184788 ], [ 6.714412514432039, 50.91290841528744 ], [ 6.714418776554687, 50.912909239469876 ], [ 6.714552057840257, 50.912926582017668 ], [ 6.714580916387392, 50.912843412129135 ], [ 6.714440423817272, 50.912825748500261 ], [ 6.714440123507828, 50.912826651022613 ], [ 6.714422738116738, 50.912824331832738 ], [ 6.714414988866945, 50.912847177971237 ] ] ] ] } },
{ "type": "Feature", "properties": { "fid": 158944.0, "oid": "DENW41AL30008KplBL", "aktualit": "2024-08-20", "gebnutzbez": "Gebäude", "funktion": "Wohngebäude", "gfkzshh": "31001_1000", "rellage": null, "name": null, "anzahlgs": null, "gmdschl": "05362032", "lagebeztxt": "Höhenweg 40", "bld area": 77, "flstkennz_": "05468200800062______", "area": 621 }, "geometry": { "type": "MultiPolygon", "coordinates": [ [ [ [ 6.714394299886441, 50.912980209202537 ], [ 6.714474553825805, 50.912991242741811 ], [ 6.714475152684452, 50.912989473638881 ], [ 6.714527328235905, 50.912996620431386 ], [ 6.714553034151698, 50.912926691078411 ], [ 6.714552057840257, 50.912926582017668 ], [ 6.714418776554687, 50.912909239469876 ], [ 6.714394299886441, 50.912980209202537 ] ] ] ] } },
{ "type": "Feature", "properties": { "fid": 61316.0, "oid": "DENW41AL30008LwXBL", "aktualit": "2024-08-20", "gebnutzbez": "Gebäude", "funktion": "Wohngebäude", "gfkzshh": "31001_1000", "rellage": null, "name": null, "anzahlgs": null, "gmdschl": "05362032", "lagebeztxt": "Höhenweg 38", "bld area": 85, "flstkennz_": "05468200800415______", "area": 887 }, "geometry": { "type": "MultiPolygon", "coordinates": [ [ [ [ 6.714359335627821, 50.91311480463316 ], [ 6.714485016026019, 50.913127879090929 ], [ 6.71448773699803, 50.913119675798292 ], [ 6.714494959931489, 50.913120635716417 ], [ 6.71450419684612, 50.913092979883992 ], [ 6.714496973916717, 50.913092019966491 ], [ 6.714511966957658, 50.913047352101863 ], [ 6.714394783340007, 50.913029569281086 ], [ 6.71438732033258, 50.913050928003379 ], [ 6.714381074166193, 50.913050068155499 ], [ 6.714359335627821, 50.91311480463316 ] ] ] ] } },
{ "type": "Feature", "properties": { "fid": 60285.0, "oid": "DENW41AL30008KSxBL", "aktualit": "2024-08-20", "gebnutzbez": "Gebäude", "funktion": "Wohngebäude", "gfkzshh": "31001_1000", "rellage": null, "name": null, "anzahlgs": null, "gmdschl": "05362032", "lagebeztxt": "Höhenweg 10", "bld area": 116, "flstkennz_": "05468200800384______", "area": 6 }, "geometry": { "type": "MultiPolygon", "coordinates": [ [ [ [ 6.714024147038946, 50.914528461157921 ], [ 6.714070856514449, 50.9144520988254 ], [ 6.7139292850309, 50.914420940327069 ], [ 6.713903962914561, 50.914460072279631 ], [ 6.713894206506771, 50.914457677607139 ], [ 6.713874401280869, 50.914491071462059 ], [ 6.713838809107092, 50.914482558362195 ], [ 6.713820905275211, 50.914512326682178 ], [ 6.71388499549378, 50.914516138675083 ], [ 6.71390503150749, 50.914521773394888 ], [ 6.713918239108458, 50.914500582525498 ], [ 6.714024147038946, 50.914528461157921 ] ] ] ] } },
{ "type": "Feature", "properties": { "fid": 60328.0, "oid": "DENW41AL30008KWdBL", "aktualit": "2024-08-20", "gebnutzbez": "Gebäude", "funktion": "Gebäude zum Parken", "gfkzshh": "31001_2460", "rellage": null, "name": null, "anzahlgs": null, "gmdschl": "05362032", "lagebeztxt": null, "bld area": 16, "flstkennz_": "05468202000218______", "area": 487 }, "geometry": { "type": "MultiPolygon", "coordinates": [ [ [ [ 6.707658705010326, 50.909661179397993 ], [ 6.707720906374953, 50.909666853306248 ], [ 6.707728396514259, 50.909633992049777 ], [ 6.7076754759093, 50.909629076072115 ], [ 6.707666213378557, 50.909628237556277 ], [ 6.707658705010326, 50.909661179397993 ] ] ] ] } },
{ "type": "Feature", "properties": { "fid": 62140.0, "oid": "DENW41AL30008N8NBL", "aktualit": "2024-08-20", "gebnutzbez": "Gebäude", "funktion": "Wohngebäude", "gfkzshh": "31001_1000", "rellage": null, "name": null, "anzahlgs": null, "gmdschl": "05362032", "lagebeztxt": "Hebbelstraße 6", "bld area": 66, "flstkennz_": "05468202000218______", "area": 487 }, "geometry": { "type": "MultiPolygon", "coordinates": [ [ [ [ 6.7076754759093, 50.909629076072115 ], [ 6.707728396514259, 50.909633992049777 ], [ 6.707730685403835, 50.909624179465276 ], [ 6.707803117540305, 50.909630962694557 ], [ 6.707816901928894, 50.909569309001348 ], [ 6.707692013503586, 50.9095577178648 ], [ 6.7076754759093, 50.909629076072115 ] ] ] ] } },
{ "type": "Feature", "properties": { "fid": 276824.0, "oid": "DENW41AL30008ODrBL", "aktualit": "2024-08-20", "gebnutzbez": "Gebäude", "funktion": "Wohngebäude", "gfkzshh": "31001_1000", "rellage": null, "name": null, "anzahlgs": null, "gmdschl": "05362032", "lagebeztxt": "Heinrich-Heine-Straße 2", "bld area": 75, "flstkennz_": "05468202000221______", "area": 733 }, "geometry": { "type": "MultiPolygon", "coordinates": [ [ [ [ 6.707319715054433, 50.909355546790316 ], [ 6.707435514599862, 50.909366806877173 ], [ 6.707454224837464, 50.909286560229262 ], [ 6.707338332906777, 50.909274578815648 ], [ 6.707319715054433, 50.909355546790316 ] ] ] ] } },
{ "type": "Feature", "properties": { "fid": 277174.0, "oid": "DENW41AL30008ObTBL", "aktualit": "2024-08-20", "gebnutzbez": "Gebäude", "funktion": "Gebäude zum Parken", "gfkzshh": "31001_2460", "rellage": null, "name": null, "anzahlgs": null, "gmdschl": "05362032", "lagebeztxt": null, "bld area": 34, "flstkennz_": "05468202000221______", "area": 733 }, "geometry": { "type": "MultiPolygon", "coordinates": [ [ [ [ 6.707407365292837, 50.909467752411544 ], [ 6.70745515899808, 50.909472199035633 ], [ 6.707475728769416, 50.909383930193052 ], [ 6.707427935152114, 50.909379483578476 ], [ 6.707407365292837, 50.909467752411544 ] ] ] ] } },
{ "type": "Feature", "properties": { "fid": 275383.0, "oid": "DENW41AL30008MdvBL", "aktualit": "2024-08-20", "gebnutzbez": "Gebäude", "funktion": "Gebäude zum Parken", "gfkzshh": "31001_2460", "rellage": null, "name": null, "anzahlgs": null, "gmdschl": "05362032", "lagebeztxt": null, "bld area": 21, "flstkennz_": "05468202000219______", "area": 479 }, "geometry": { "type": "MultiPolygon", "coordinates": [ [ [ [ 6.707687601689944, 50.909530253132175 ], [ 6.707777389250273, 50.909538483566678 ], [ 6.707783999774591, 50.90950962539592 ], [ 6.707694244666624, 50.909501314656573 ], [ 6.707687601689944, 50.909530253132175 ] ] ] ] } },
{ "type": "Feature", "properties": { "fid": 59667.0, "oid": "DENW41AL30008JcSBL", "aktualit": "2024-08-20", "gebnutzbez": "Gebäude", "funktion": "Wohngebäude", "gfkzshh": "31001_1000", "rellage": null, "name": null, "anzahlgs": null, "gmdschl": "05362032", "lagebeztxt": "Hebbelstraße 8", "bld area": 86, "flstkennz_": "05468202000219______", "area": 479 }, "geometry": { "type": "MultiPolygon", "coordinates": [ [ [ [ 6.707687283347825, 50.909468412371652 ], [ 6.70770153173819, 50.909469690599416 ], [ 6.707694244666624, 50.909501314656573 ], [ 6.707783999774591, 50.90950962539592 ], [ 6.707827687494969, 50.909513676422073 ], [ 6.707845254865851, 50.909438147165126 ], [ 6.707696832346706, 50.909424339926773 ], [ 6.707687283347825, 50.909468412371652 ] ] ] ] } },
{ "type": "Feature", "properties": { "fid": 160893.0, "oid": "DENW41AL30008OkTBL", "aktualit": "2024-08-20", "gebnutzbez": "Gebäude", "funktion": "Wohngebäude", "gfkzshh": "31001_1000", "rellage": null, "name": null, "anzahlgs": null, "gmdschl": "05362032", "lagebeztxt": "Höhenweg 36", "bld area": 81, "flstkennz_": "05468200800414______", "area": 878 }, "geometry": { "type": "MultiPolygon", "coordinates": [ [ [ [ 6.714340085175051, 50.913190895416612 ], [ 6.714375068101124, 50.913195564953597 ], [ 6.714370918119784, 50.913207670676492 ], [ 6.714410197381128, 50.913213215827859 ], [ 6.714414441439313, 50.913200932064186 ], [ 6.714458523170197, 50.913206895042286 ], [ 6.714485016026019, 50.913127879090929 ], [ 6.714359335627821, 50.91311480463316 ], [ 6.714342247829996, 50.913165925189993 ], [ 6.714348014721092, 50.913166694706156 ], [ 6.714340085175051, 50.913190895416612 ] ] ] ] } },
{ "type": "Feature", "properties": { "fid": 60577.0, "oid": "DENW41AL30008KsmBL", "aktualit": "2024-08-20", "gebnutzbez": "Gebäude", "funktion": "Gebäude zum Parken", "gfkzshh": "31001_2460", "rellage": null, "name": null, "anzahlgs": null, "gmdschl": "05362032", "lagebeztxt": null, "bld area": 23, "flstkennz_": "05468200800414______", "area": 878 }, "geometry": { "type": "MultiPolygon", "coordinates": [ [ [ [ 6.714229018461281, 50.913215504489557 ], [ 6.714313413270497, 50.91322449663484 ], [ 6.714322471654606, 50.913190325593632 ], [ 6.714238088916603, 50.913181378661363 ], [ 6.714229018461281, 50.913215504489557 ] ] ] ] } },
{ "type": "Feature", "properties": { "fid": 59758.0, "oid": "DENW41AL30008JkCBL", "aktualit": "2024-08-20", "gebnutzbez": "Gebäude", "funktion": "Wohngebäude", "gfkzshh": "31001_1000", "rellage": null, "name": null, "anzahlgs": null, "gmdschl": "05362032", "lagebeztxt": null, "bld area": 62, "flstkennz_": "05468202100446______", "area": 234 }, "geometry": { "type": "MultiPolygon", "coordinates": [ [ [ [ 6.708185151723175, 50.913345243271301 ], [ 6.708218696197503, 50.913353987721273 ], [ 6.708308774778951, 50.91337787314896 ], [ 6.708308867122929, 50.913377731056663 ], [ 6.708344001572612, 50.913324582284872 ], [ 6.708364067343108, 50.913294063575997 ], [ 6.708363997159577, 50.913294044209607 ], [ 6.708303107883061, 50.913278071214052 ], [ 6.708285152807687, 50.913299799150742 ], [ 6.708253296371876, 50.913338351887738 ], [ 6.708233995286672, 50.913332459471754 ], [ 6.708200732901603, 50.913322317485481 ], [ 6.708185197895317, 50.913345172225213 ], [ 6.708185151723175, 50.913345243271301 ] ] ] ] } },
{ "type": "Feature", "properties": { "fid": 160225.0, "oid": "DENW41AL30008NPOBL", "aktualit": "2024-08-20", "gebnutzbez": "Gebäude", "funktion": "Wohngebäude", "gfkzshh": "31001_1000", "rellage": null, "name": null, "anzahlgs": null, "gmdschl": "05362032", "lagebeztxt": "Wiesenstraße 2", "bld area": 67, "flstkennz_": "05468202100446______", "area": 234 }, "geometry": { "type": "MultiPolygon", "coordinates": [ [ [ [ 6.708134304587113, 50.913276330227326 ], [ 6.708230329515863, 50.91330804044307 ], [ 6.708247423687975, 50.913287329930476 ], [ 6.708286842808906, 50.913239634796746 ], [ 6.708288159803383, 50.91323831154341 ], [ 6.708191967065645, 50.913206544114175 ], [ 6.708134304587113, 50.913276330227326 ] ] ] ] } },
{ "type": "Feature", "properties": { "fid": 60443.0, "oid": "DENW41AL30008Kh2BL", "aktualit": "2024-08-20", "gebnutzbez": "Gebäude", "funktion": "Gebäude zum Parken", "gfkzshh": "31001_2460", "rellage": null, "name": null, "anzahlgs": null, "gmdschl": "05362032", "lagebeztxt": null, "bld area": 18, "flstkennz_": "05468202100446______", "area": 234 }, "geometry": { "type": "MultiPolygon", "coordinates": [ [ [ [ 6.708247423687975, 50.913287329930476 ], [ 6.708285152807687, 50.913299799150742 ], [ 6.708303107883061, 50.913278071214052 ], [ 6.708324572342894, 50.913252095018578 ], [ 6.708286842808906, 50.913239634796746 ], [ 6.708247423687975, 50.913287329930476 ] ] ] ] } },
{ "type": "Feature", "properties": { "fid": 61579.0, "oid": "DENW41AL30008MKHBL", "aktualit": "2024-08-20", "gebnutzbez": "Gebäude", "funktion": "Wohngebäude", "gfkzshh": "31001_1000", "rellage": null, "name": null, "anzahlgs": null, "gmdschl": "05362032", "lagebeztxt": "Hebbelstraße 9, 11", "bld area": 287, "flstkennz_": "05468201900385______", "area": 1325 }, "geometry": { "type": "MultiPolygon", "coordinates": [ [ [ [ 6.708145123247034, 50.909038825082405 ], [ 6.708173248959119, 50.909041401120959 ], [ 6.708260440178795, 50.909049472271001 ], [ 6.708332195635379, 50.908738165184893 ], [ 6.708217105959948, 50.908727540512984 ], [ 6.708145123247034, 50.909038825082405 ] ] ] ] } },
{ "type": "Feature", "properties": { "fid": 272734.0, "oid": "DENW41AL30008JezBL", "aktualit": "2024-08-20", "gebnutzbez": "Gebäude", "funktion": "Wohngebäude", "gfkzshh": "31001_1000", "rellage": null, "name": null, "anzahlgs": null, "gmdschl": "05362032", "lagebeztxt": "Hebbelstraße 7", "bld area": 144, "flstkennz_": "05468201900385______", "area": 1325 }, "geometry": { "type": "MultiPolygon", "coordinates": [ [ [ [ 6.708137428643346, 50.9091974649794 ], [ 6.708252551409813, 50.90920801841856 ], [ 6.708288423784458, 50.909052045490967 ], [ 6.708260440178795, 50.909049472271001 ], [ 6.708173248959119, 50.909041401120959 ], [ 6.708137428643346, 50.9091974649794 ] ] ] ] } },
{ "type": "Feature", "properties": { "fid": 158825.0, "oid": "DENW41AL30008KavBL", "aktualit": "2024-08-20", "gebnutzbez": "Gebäude", "funktion": "Wohngebäude", "gfkzshh": "31001_1000", "rellage": null, "name": null, "anzahlgs": null, "gmdschl": "05362032", "lagebeztxt": "Merodestraße 22", "bld area": 76, "flstkennz_": "05468201900335______", "area": 481 }, "geometry": { "type": "MultiPolygon", "coordinates": [ [ [ [ 6.707938875471996, 50.908592740793893 ], [ 6.708067686565805, 50.908607538676144 ], [ 6.708083806353126, 50.908533950658004 ], [ 6.707955128744671, 50.908519335296084 ], [ 6.707938875471996, 50.908592740793893 ] ] ] ] } },
{ "type": "Feature", "properties": { "fid": 160712.0, "oid": "DENW41AL30008ONLBL", "aktualit": "2024-08-20", "gebnutzbez": "Gebäude", "funktion": "Wohngebäude", "gfkzshh": "31001_1000", "rellage": null, "name": null, "anzahlgs": null, "gmdschl": "05362032", "lagebeztxt": "Merodestraße 20", "bld area": 149, "flstkennz_": "05468201900384______", "area": 549 }, "geometry": { "type": "MultiPolygon", "coordinates": [ [ [ [ 6.708338778951195, 50.908639485169118 ], [ 6.708344927218036, 50.908640586264326 ], [ 6.708345311120963, 50.908639721374549 ], [ 6.708575779668812, 50.908681140827461 ], [ 6.708575395769768, 50.908682005718056 ], [ 6.708581544048171, 50.908683106800936 ], [ 6.708614899064243, 50.908608759855781 ], [ 6.708608624211946, 50.90860762930695 ], [ 6.708608225660912, 50.908608502904066 ], [ 6.708378061626457, 50.908566972569012 ], [ 6.708378445528124, 50.908566107679086 ], [ 6.708372297270194, 50.908565006585746 ], [ 6.708338778951195, 50.908639485169118 ] ] ] ] } },
{ "type": "Feature", "properties": { "fid": 160615.0, "oid": "DENW41AL30008OC2BL", "aktualit": "2024-08-20", "gebnutzbez": "Gebäude", "funktion": "Wohngebäude", "gfkzshh": "31001_1000", "rellage": null, "name": null, "anzahlgs": null, "gmdschl": "05362032", "lagebeztxt": "Merkurweg 3", "bld area": 107, "flstkennz_": "05468200800573______", "area": 177 }, "geometry": { "type": "MultiPolygon", "coordinates": [ [ [ [ 6.709236371073888, 50.91393822237081 ], [ 6.709432853501886, 50.913969124253214 ], [ 6.70944098319604, 50.913949883539964 ], [ 6.709460143432932, 50.913904479624172 ], [ 6.709263032591438, 50.913873052786855 ], [ 6.709236371073888, 50.91393822237081 ] ] ] ] } },
{ "type": "Feature", "properties": { "fid": 277532.0, "oid": "DENW41AL30008Oz4BL", "aktualit": "2024-08-20", "gebnutzbez": "Gebäude", "funktion": "Wohngebäude", "gfkzshh": "31001_1000", "rellage": null, "name": null, "anzahlgs": null, "gmdschl": "05362032", "lagebeztxt": null, "bld area": 28, "flstkennz_": "05468200800573______", "area": 177 }, "geometry": { "type": "MultiPolygon", "coordinates": [ [ [ [ 6.709438980246033, 50.913970098945164 ], [ 6.709447086864257, 50.913950835921568 ], [ 6.70944098319604, 50.913949883539964 ], [ 6.709432853501886, 50.913969124253214 ], [ 6.709438980246033, 50.913970098945164 ] ] ] ] } },
{ "type": "Feature", "properties": { "fid": 158763.0, "oid": "DENW41AL30008KTJBL", "aktualit": "2024-08-20", "gebnutzbez": "Gebäude", "funktion": "Gebäude für Land- und Forstwirtschaft", "gfkzshh": "31001_2700", "rellage": null, "name": null, "anzahlgs": null, "gmdschl": "05362032", "lagebeztxt": null, "bld area": 51, "flstkennz_": "05468202000052______", "area": 625 }, "geometry": { "type": "MultiPolygon", "coordinates": [ [ [ [ 6.71129651324773, 50.909755066463468 ], [ 6.711296604998162, 50.909783930346357 ], [ 6.711296649492837, 50.909801289841901 ], [ 6.711311310276304, 50.909801415475535 ], [ 6.711350855313858, 50.909801768301314 ], [ 6.711436842310206, 50.909802528220546 ], [ 6.711467285767581, 50.909802819439875 ], [ 6.711467683907125, 50.909783975603744 ], [ 6.711429042190264, 50.909783478638566 ], [ 6.711429367612051, 50.90977220641274 ], [ 6.711410883298258, 50.909772014804417 ], [ 6.711411254968679, 50.909756030574563 ], [ 6.71129651324773, 50.909755066463468 ] ] ] ] } },
{ "type": "Feature", "properties": { "fid": 276658.0, "oid": "DENW41AL30008O3FBL", "aktualit": "2024-08-20", "gebnutzbez": "Gebäude", "funktion": "Wohngebäude", "gfkzshh": "31001_1000", "rellage": null, "name": null, "anzahlgs": null, "gmdschl": "05362032", "lagebeztxt": "Hauptstraße 230", "bld area": 69, "flstkennz_": "05468202000052______", "area": 625 }, "geometry": { "type": "MultiPolygon", "coordinates": [ [ [ [ 6.711468656563416, 50.909733124020477 ], [ 6.711467683907125, 50.909783975603744 ], [ 6.711467285767581, 50.909802819439875 ], [ 6.711595093100253, 50.909803949652151 ], [ 6.711597115674351, 50.909736623469044 ], [ 6.711468656563416, 50.909733124020477 ] ] ] ] } },
{ "type": "Feature", "properties": { "fid": 277058.0, "oid": "DENW41AL30008OTGBL", "aktualit": "2024-08-20", "gebnutzbez": "Gebäude", "funktion": "Gebäude für Land- und Forstwirtschaft", "gfkzshh": "31001_2700", "rellage": null, "name": null, "anzahlgs": null, "gmdschl": "05362032", "lagebeztxt": null, "bld area": 7, "flstkennz_": "05468202000052______", "area": 625 }, "geometry": { "type": "MultiPolygon", "coordinates": [ [ [ [ 6.711245883407704, 50.909783475225652 ], [ 6.711245501515501, 50.909800826358826 ], [ 6.71126818198497, 50.909801028336894 ], [ 6.711296649492837, 50.909801289841901 ], [ 6.711296604998162, 50.909783930346357 ], [ 6.711245883407704, 50.909783475225652 ] ] ] ] } },
{ "type": "Feature", "properties": { "fid": 158570.0, "oid": "DENW41AL30008K5NBL", "aktualit": "2024-08-20", "gebnutzbez": "Gebäude", "funktion": "Gebäude für Land- und Forstwirtschaft", "gfkzshh": "31001_2700", "rellage": null, "name": null, "anzahlgs": null, "gmdschl": "05362032", "lagebeztxt": null, "bld area": 3, "flstkennz_": "05468202000051______", "area": 610 }, "geometry": { "type": "MultiPolygon", "coordinates": [ [ [ [ 6.711311310276304, 50.909801415475535 ], [ 6.711311057650386, 50.909812653152414 ], [ 6.711350616909733, 50.909813006257131 ], [ 6.711350855313858, 50.909801768301314 ], [ 6.711311310276304, 50.909801415475535 ] ] ] ] } },
{ "type": "Feature", "properties": { "fid": 158955.0, "oid": "DENW41AL30008KqoBL", "aktualit": "2024-08-20", "gebnutzbez": "Gebäude", "funktion": "Gebäude für Land- und Forstwirtschaft", "gfkzshh": "31001_2700", "rellage": null, "name": null, "anzahlgs": null, "gmdschl": "05362032", "lagebeztxt": null, "bld area": 9, "flstkennz_": "05468202000051______", "area": 610 }, "geometry": { "type": "MultiPolygon", "coordinates": [ [ [ [ 6.711219503875942, 50.909825320089226 ], [ 6.711267608689229, 50.909825759876476 ], [ 6.71126818198497, 50.909801028336894 ], [ 6.711245501515501, 50.909800826358826 ], [ 6.71122128523982, 50.909800612243224 ], [ 6.711219503875942, 50.909825320089226 ] ] ] ] } },
{ "type": "Feature", "properties": { "fid": 160081.0, "oid": "DENW41AL30008N7pBL", "aktualit": "2024-08-20", "gebnutzbez": "Gebäude", "funktion": "Wohngebäude", "gfkzshh": "31001_1000", "rellage": null, "name": null, "anzahlgs": null, "gmdschl": "05362032", "lagebeztxt": "Hauptstraße 228", "bld area": 114, "flstkennz_": "05468202000051______", "area": 610 }, "geometry": { "type": "MultiPolygon", "coordinates": [ [ [ [ 6.711419729433437, 50.909877608190499 ], [ 6.711419282774743, 50.9098913514174 ], [ 6.711440920943155, 50.909891631856127 ], [ 6.711590692902119, 50.909893642519251 ], [ 6.711593536243448, 50.909893680287638 ], [ 6.711593909877053, 50.909842277312194 ], [ 6.711596739002976, 50.909842314801764 ], [ 6.711605523502667, 50.909835210830387 ], [ 6.71160603504174, 50.909818114074255 ], [ 6.71159775775425, 50.909810819436082 ], [ 6.711594913977147, 50.909810790653331 ], [ 6.711595093100253, 50.909803949652151 ], [ 6.711467285767581, 50.909802819439875 ], [ 6.711436842310206, 50.909802528220546 ], [ 6.711436093512553, 50.909877812182131 ], [ 6.711419729433437, 50.909877608190499 ] ] ] ] } },
{ "type": "Feature", "properties": { "fid": 62736.0, "oid": "DENW41AL30008Nz0BL", "aktualit": "2024-08-20", "gebnutzbez": "Gebäude", "funktion": "Gemischt genutztes Gebäude mit Wohnen", "gfkzshh": "31001_1100", "rellage": null, "name": null, "anzahlgs": null, "gmdschl": "05362032", "lagebeztxt": "Hauptstraße 166", "bld area": 114, "flstkennz_": "05468200800744______", "area": 234 }, "geometry": { "type": "MultiPolygon", "coordinates": [ [ [ [ 6.70979879940697, 50.913997073647771 ], [ 6.709943477957181, 50.914021084890287 ], [ 6.709949439254126, 50.914006595448477 ], [ 6.709988946755665, 50.91401300100582 ], [ 6.70998295360895, 50.914027849588628 ], [ 6.70998176733968, 50.914030857322921 ], [ 6.709964241720042, 50.914028201936837 ], [ 6.709960058585272, 50.914037770522278 ], [ 6.709977223134122, 50.914040535747063 ], [ 6.710103203377864, 50.914059700813219 ], [ 6.710108283222498, 50.914048674785207 ], [ 6.710129608577412, 50.914052178198673 ], [ 6.710152201652313, 50.914014792316713 ], [ 6.710123926926861, 50.914010262134212 ], [ 6.709998288085894, 50.913990231360842 ], [ 6.709813218556298, 50.913960714642968 ], [ 6.70979879940697, 50.913997073647771 ] ] ] ] } },
{ "type": "Feature", "properties": { "fid": 60362.0, "oid": "DENW41AL30008KZaBL", "aktualit": "2024-08-20", "gebnutzbez": "Gebäude", "funktion": "Wohngebäude", "gfkzshh": "31001_1000", "rellage": null, "name": null, "anzahlgs": null, "gmdschl": "05362032", "lagebeztxt": "Adenauerstraße 7", "bld area": 53, "flstkennz_": "054682020001560017__", "area": 277 }, "geometry": { "type": "MultiPolygon", "coordinates": [ [ [ [ 6.708856326711707, 50.911645440831137 ], [ 6.708931575763137, 50.911650551770919 ], [ 6.708944857849742, 50.911571592441632 ], [ 6.708919559710417, 50.911570214363557 ], [ 6.708921948192791, 50.911555474944663 ], [ 6.708875409107616, 50.911552375703273 ], [ 6.708872005544406, 50.911552155982655 ], [ 6.708868452234694, 50.911573231364883 ], [ 6.708861772600237, 50.911613061038345 ], [ 6.70886062968016, 50.911619820155572 ], [ 6.708856326711707, 50.911645440831137 ] ] ] ] } },
{ "type": "Feature", "properties": { "fid": 276415.0, "oid": "DENW41AL30008NmLBL", "aktualit": "2024-08-20", "gebnutzbez": "Gebäude", "funktion": "Wohngebäude", "gfkzshh": "31001_1000", "rellage": null, "name": null, "anzahlgs": null, "gmdschl": "05362032", "lagebeztxt": "Adenauerstraße 5", "bld area": 75, "flstkennz_": "054682020001560017__", "area": 277 }, "geometry": { "type": "MultiPolygon", "coordinates": [ [ [ [ 6.708931575763137, 50.911650551770919 ], [ 6.709009412356657, 50.911655407659616 ], [ 6.709019123514844, 50.911599618989442 ], [ 6.709025708126018, 50.911561721175119 ], [ 6.70901860296951, 50.911561266897714 ], [ 6.709024166597268, 50.911530832135988 ], [ 6.709022578297527, 50.91153072900272 ], [ 6.70895297251715, 50.911526295537477 ], [ 6.708947579397027, 50.911556733643508 ], [ 6.708944857849742, 50.911571592441632 ], [ 6.708931575763137, 50.911650551770919 ] ] ] ] } },
{ "type": "Feature", "properties": { "fid": 64071.0, "oid": "DENW41ALvN00002tBL", "aktualit": "2024-08-20", "gebnutzbez": "Gebäude", "funktion": "Gebäude zum Parken", "gfkzshh": "31001_2460", "rellage": null, "name": null, "anzahlgs": null, "gmdschl": "05362032", "lagebeztxt": null, "bld area": 49, "flstkennz_": "054682020001560017__", "area": 277 }, "geometry": { "type": "MultiPolygon", "coordinates": [ [ [ [ 6.70901860296951, 50.911561266897714 ], [ 6.709025708126018, 50.911561721175119 ], [ 6.709019123514844, 50.911599618989442 ], [ 6.709072591440702, 50.911602998098338 ], [ 6.709081775020896, 50.911543466512398 ], [ 6.709085424259073, 50.911519856669571 ], [ 6.709089370886453, 50.911494246978968 ], [ 6.709029638697158, 50.911490385137334 ], [ 6.709022578297527, 50.91153072900272 ], [ 6.709024166597268, 50.911530832135988 ], [ 6.70901860296951, 50.911561266897714 ] ] ] ] } },
{ "type": "Feature", "properties": { "fid": 61268.0, "oid": "DENW41AL30008LrqBL", "aktualit": "2024-08-20", "gebnutzbez": "Gebäude", "funktion": "Gemischt genutztes Gebäude mit Wohnen", "gfkzshh": "31001_1100", "rellage": null, "name": null, "anzahlgs": null, "gmdschl": "05362032", "lagebeztxt": "Bahnhofstraße 30", "bld area": 124, "flstkennz_": "05468200800392______", "area": 337 }, "geometry": { "type": "MultiPolygon", "coordinates": [ [ [ [ 6.712515534388187, 50.915271592558639 ], [ 6.712655322813913, 50.915292725370364 ], [ 6.712691065942934, 50.915185901496187 ], [ 6.712692412053467, 50.915181952488474 ], [ 6.71265438549758, 50.915176943985848 ], [ 6.712653160034691, 50.915180463641171 ], [ 6.71254810712676, 50.915165596999117 ], [ 6.712542630527357, 50.915183270983391 ], [ 6.712515534388187, 50.915271592558639 ] ] ] ] } },
{ "type": "Feature", "properties": { "fid": 275454.0, "oid": "DENW41AL30008MiKBL", "aktualit": "2024-08-20", "gebnutzbez": "Gebäude", "funktion": "Gebäude zum Parken", "gfkzshh": "31001_2460", "rellage": null, "name": null, "anzahlgs": null, "gmdschl": "05362032", "lagebeztxt": null, "bld area": 57, "flstkennz_": "05468200800392______", "area": 337 }, "geometry": { "type": "MultiPolygon", "coordinates": [ [ [ [ 6.712587809582843, 50.915036356523011 ], [ 6.712732251268806, 50.915062680105308 ], [ 6.712748009699767, 50.915015509118639 ], [ 6.712602353690114, 50.914988999860135 ], [ 6.712595197608018, 50.915012199280717 ], [ 6.712593831222381, 50.915016561618465 ], [ 6.712587809582843, 50.915036356523011 ] ] ] ] } },
{ "type": "Feature", "properties": { "fid": 60679.0, "oid": "DENW41AL30008L23BL", "aktualit": "2024-08-20", "gebnutzbez": "Gebäude", "funktion": "Gebäude zum Parken", "gfkzshh": "31001_2460", "rellage": null, "name": null, "anzahlgs": null, "gmdschl": "05362032", "lagebeztxt": null, "bld area": 57, "flstkennz_": "05468200800391______", "area": 337 }, "geometry": { "type": "MultiPolygon", "coordinates": [ [ [ [ 6.712732251268806, 50.915062680105308 ], [ 6.712876715822508, 50.915089120878918 ], [ 6.712893857597898, 50.915041590237941 ], [ 6.712748009699767, 50.915015509118639 ], [ 6.712732251268806, 50.915062680105308 ] ] ] ] } },
{ "type": "Feature", "properties": { "fid": 158302.0, "oid": "DENW41AL30008JZkBL", "aktualit": "2024-08-20", "gebnutzbez": "Gebäude", "funktion": "Gemischt genutztes Gebäude mit Wohnen", "gfkzshh": "31001_1100", "rellage": null, "name": null, "anzahlgs": null, "gmdschl": "05362032", "lagebeztxt": "Bahnhofstraße 32", "bld area": 124, "flstkennz_": "05468200800391______", "area": 337 }, "geometry": { "type": "MultiPolygon", "coordinates": [ [ [ [ 6.712654467127811, 50.915295667656885 ], [ 6.712795043180576, 50.915315538575712 ], [ 6.71283293210927, 50.915210501569383 ], [ 6.712729478634732, 50.915195801348922 ], [ 6.71272612976515, 50.91519533098004 ], [ 6.71272763608008, 50.915191016353852 ], [ 6.712691065942934, 50.915185901496187 ], [ 6.712655322813913, 50.915292725370364 ], [ 6.712654467127811, 50.915295667656885 ] ] ] ] } },
{ "type": "Feature", "properties": { "fid": 274781.0, "oid": "DENW41AL30008Lx8BL", "aktualit": "2024-08-20", "gebnutzbez": "Gebäude", "funktion": "Gebäude für Wirtschaft oder Gewerbe", "gfkzshh": "31001_2000", "rellage": null, "name": null, "anzahlgs": null, "gmdschl": "05362032", "lagebeztxt": null, "bld area": 31, "flstkennz_": "05468200800391______", "area": 337 }, "geometry": { "type": "MultiPolygon", "coordinates": [ [ [ [ 6.712729478634732, 50.915195801348922 ], [ 6.71283293210927, 50.915210501569383 ], [ 6.712833624625922, 50.915210596088265 ], [ 6.7128452450973, 50.915173822115534 ], [ 6.712752659079296, 50.91516149347823 ], [ 6.712738932999366, 50.915167223524826 ], [ 6.712729478634732, 50.915195801348922 ] ] ] ] } },
{ "type": "Feature", "properties": { "fid": 272466.0, "oid": "DENW41AL30008JLyBL", "aktualit": "2024-08-20", "gebnutzbez": "Gebäude", "funktion": "Gebäude für Wirtschaft oder Gewerbe", "gfkzshh": "31001_2000", "rellage": null, "name": null, "anzahlgs": null, "gmdschl": "05362032", "lagebeztxt": null, "bld area": 29, "flstkennz_": "05468201900189______", "area": 569 }, "geometry": { "type": "MultiPolygon", "coordinates": [ [ [ [ 6.709270161679141, 50.908759611886524 ], [ 6.709344457256942, 50.908768112643706 ], [ 6.709358469026455, 50.908719162921045 ], [ 6.709284173523492, 50.908710662173704 ], [ 6.709270161679141, 50.908759611886524 ] ] ] ] } },
{ "type": "Feature", "properties": { "fid": 59925.0, "oid": "DENW41AL30008JxTBL", "aktualit": "2024-08-20", "gebnutzbez": "Gebäude", "funktion": "Wohngebäude", "gfkzshh": "31001_1000", "rellage": null, "name": null, "anzahlgs": null, "gmdschl": "05362032", "lagebeztxt": "Sistenichstraße 72", "bld area": 199, "flstkennz_": "05468201900189______", "area": 569 }, "geometry": { "type": "MultiPolygon", "coordinates": [ [ [ [ 6.709395504716105, 50.908826802856154 ], [ 6.709394058533642, 50.908892467440339 ], [ 6.709408263353104, 50.90889260235349 ], [ 6.70940732244618, 50.908930305176902 ], [ 6.709528422831944, 50.908931521882337 ], [ 6.709549252214125, 50.908931750824372 ], [ 6.709552323630546, 50.908842832391706 ], [ 6.709566526230041, 50.908843012212657 ], [ 6.709568835898797, 50.908767578984929 ], [ 6.709409365759145, 50.908766436645323 ], [ 6.709409311351058, 50.908769862332868 ], [ 6.709411146014276, 50.908769871362061 ], [ 6.709409837864371, 50.908826931294051 ], [ 6.709395504716105, 50.908826802856154 ] ] ] ] } },
{ "type": "Feature", "properties": { "fid": 59923.0, "oid": "DENW41AL30008Jx2BL", "aktualit": "2024-08-20", "gebnutzbez": "Gebäude", "funktion": "Gebäude zum Parken", "gfkzshh": "31001_2460", "rellage": null, "name": null, "anzahlgs": null, "gmdschl": "05362032", "lagebeztxt": null, "bld area": 30, "flstkennz_": "05468201900188______", "area": 618 }, "geometry": { "type": "MultiPolygon", "coordinates": [ [ [ [ 6.709178257899706, 50.90908417704744 ], [ 6.709177025260662, 50.909132451214276 ], [ 6.709255113544219, 50.909133255566353 ], [ 6.709256332331741, 50.909084972133236 ], [ 6.709178257899706, 50.90908417704744 ] ] ] ] } },
{ "type": "Feature", "properties": { "fid": 160307.0, "oid": "DENW41AL30008NZDBL", "aktualit": "2024-08-20", "gebnutzbez": "Gebäude", "funktion": "Wohngebäude", "gfkzshh": "31001_1000", "rellage": null, "name": null, "anzahlgs": null, "gmdschl": "05362032", "lagebeztxt": "Sistenichstraße 70", "bld area": 199, "flstkennz_": "05468201900188______", "area": 618 }, "geometry": { "type": "MultiPolygon", "coordinates": [ [ [ [ 6.709370322803148, 50.908967938800387 ], [ 6.709368425227091, 50.909033234758553 ], [ 6.709382089591455, 50.909033368060257 ], [ 6.709380970185808, 50.909089190507835 ], [ 6.709366779518712, 50.909089055869558 ], [ 6.709366665099073, 50.909093703577753 ], [ 6.709537272600445, 50.909095766105303 ], [ 6.709539598412816, 50.909020585032422 ], [ 6.709525410412694, 50.909020396500999 ], [ 6.709528422831944, 50.908931521882337 ], [ 6.70940732244618, 50.908930305176902 ], [ 6.709385257064849, 50.908930042954466 ], [ 6.709384127944674, 50.908968101847591 ], [ 6.709370322803148, 50.908967938800387 ] ] ] ] } },
{ "type": "Feature", "properties": { "fid": 62730.0, "oid": "DENW41AL30008NyoBL", "aktualit": "2024-08-20", "gebnutzbez": "Gebäude", "funktion": "Wohngebäude", "gfkzshh": "31001_1000", "rellage": null, "name": null, "anzahlgs": null, "gmdschl": "05362032", "lagebeztxt": "Höhenweg 46", "bld area": 66, "flstkennz_": "05468200800398______", "area": 504 }, "geometry": { "type": "MultiPolygon", "coordinates": [ [ [ [ 6.714451577447275, 50.912719782628329 ], [ 6.714618630555277, 50.912742976100347 ], [ 6.714638566326141, 50.912686856592245 ], [ 6.714506278670211, 50.912668121524497 ], [ 6.714492208834518, 50.912707887699163 ], [ 6.714457450465215, 50.912702997740062 ], [ 6.714451577447275, 50.912719782628329 ] ] ] ] } },
{ "type": "Feature", "properties": { "fid": 274878.0, "oid": "DENW41AL30008M4IBL", "aktualit": "2024-08-20", "gebnutzbez": "Gebäude", "funktion": "Gebäude zum Parken", "gfkzshh": "31001_2460", "rellage": null, "name": null, "anzahlgs": null, "gmdschl": "05362032", "lagebeztxt": null, "bld area": 44, "flstkennz_": "05468200800071______", "area": 237 }, "geometry": { "type": "MultiPolygon", "coordinates": [ [ [ [ 6.714564300710276, 50.912653500162875 ], [ 6.714574831207989, 50.912623540185727 ], [ 6.714570817565449, 50.912622993891254 ], [ 6.714572585812581, 50.912617973837193 ], [ 6.71450542121883, 50.912608680731125 ], [ 6.714494303877953, 50.912643647915758 ], [ 6.714564300710276, 50.912653500162875 ] ] ] ] } },
{ "type": "Feature", "properties": { "fid": 275313.0, "oid": "DENW41AL30008MZuBL", "aktualit": "2024-08-20", "gebnutzbez": "Gebäude", "funktion": "Wohngebäude", "gfkzshh": "31001_1000", "rellage": null, "name": null, "anzahlgs": null, "gmdschl": "05362032", "lagebeztxt": "Höhenweg 48", "bld area": 120, "flstkennz_": "05468200800071______", "area": 237 }, "geometry": { "type": "MultiPolygon", "coordinates": [ [ [ [ 6.71450542121883, 50.912608680731125 ], [ 6.714572585812581, 50.912617973837193 ], [ 6.714570817565449, 50.912622993891254 ], [ 6.714574831207989, 50.912623540185727 ], [ 6.714617109107536, 50.912629431806046 ], [ 6.714618931436584, 50.912624178963888 ], [ 6.714641808260783, 50.912627370161999 ], [ 6.714650680838937, 50.912601919730335 ], [ 6.714665941671236, 50.912604044382412 ], [ 6.714671212682475, 50.912602447718925 ], [ 6.71467587491985, 50.912600209546994 ], [ 6.714679710783343, 50.912597415546436 ], [ 6.714682571537518, 50.912594197716203 ], [ 6.714684351967048, 50.912590670919222 ], [ 6.714684958868551, 50.912586995224096 ], [ 6.714684370984967, 50.91258331412017 ], [ 6.714682609258437, 50.912579780917142 ], [ 6.714679765696786, 50.912576550316402 ], [ 6.714675933628532, 50.912573750062819 ], [ 6.71468733911299, 50.91253580246385 ], [ 6.714676985706269, 50.912523241827216 ], [ 6.714651857723535, 50.912519538858383 ], [ 6.714633939957599, 50.912528667753705 ], [ 6.714538001214344, 50.912515177560813 ], [ 6.714505850641059, 50.912607465943758 ], [ 6.71450542121883, 50.912608680731125 ] ] ] ] } },
{ "type": "Feature", "properties": { "fid": 276248.0, "oid": "DENW41AL30008NbFBL", "aktualit": "2024-08-20", "gebnutzbez": "Gebäude", "funktion": "Gemischt genutztes Gebäude mit Wohnen", "gfkzshh": "31001_1100", "rellage": null, "name": null, "anzahlgs": null, "gmdschl": "05362032", "lagebeztxt": "Hauptstraße 226", "bld area": 109, "flstkennz_": "05468202000050______", "area": 651 }, "geometry": { "type": "MultiPolygon", "coordinates": [ [ [ [ 6.711435481994283, 50.909984803054236 ], [ 6.711582044470075, 50.909986705815164 ], [ 6.711585584221076, 50.90998675724002 ], [ 6.711590692902119, 50.909893642519251 ], [ 6.711440920943155, 50.909891631856127 ], [ 6.711435481994283, 50.909984803054236 ] ] ] ] } },
{ "type": "Feature", "properties": { "fid": 61978.0, "oid": "DENW41AL30008MtKBL", "aktualit": "2024-08-20", "gebnutzbez": "Gebäude", "funktion": "Gebäude für Land- und Forstwirtschaft", "gfkzshh": "31001_2700", "rellage": null, "name": null, "anzahlgs": null, "gmdschl": "05362032", "lagebeztxt": null, "bld area": 49, "flstkennz_": "05468202000050______", "area": 651 }, "geometry": { "type": "MultiPolygon", "coordinates": [ [ [ [ 6.711239230856687, 50.909944573080487 ], [ 6.711238989988746, 50.909982244662238 ], [ 6.711345673646607, 50.909983635411514 ], [ 6.711346493488344, 50.909911545751221 ], [ 6.711282992149978, 50.909910606168388 ], [ 6.711282771332823, 50.909944680501432 ], [ 6.711239230856687, 50.909944573080487 ] ] ] ] } },
{ "type": "Feature", "properties": { "fid": 60491.0, "oid": "DENW41AL30008KkWBL", "aktualit": "2024-08-20", "gebnutzbez": "Gebäude", "funktion": "Gemischt genutztes Gebäude mit Wohnen", "gfkzshh": "31001_1100", "rellage": null, "name": null, "anzahlgs": null, "gmdschl": "05362032", "lagebeztxt": "Hauptstraße 224", "bld area": 103, "flstkennz_": "05468202000047______", "area": 567 }, "geometry": { "type": "MultiPolygon", "coordinates": [ [ [ [ 6.711401351811019, 50.910021378314632 ], [ 6.711399883079956, 50.910065231747829 ], [ 6.711583590613849, 50.910067701062779 ], [ 6.711584163292258, 50.910044138745072 ], [ 6.711572233404839, 50.910044021727771 ], [ 6.711582044470075, 50.909986705815164 ], [ 6.711435481994283, 50.909984803054236 ], [ 6.711435415147873, 50.910021830472303 ], [ 6.711401351811019, 50.910021378314632 ] ] ] ] } },
{ "type": "Feature", "properties": { "fid": 158958.0, "oid": "DENW41AL30008KrYBL", "aktualit": "2024-08-20", "gebnutzbez": "Gebäude", "funktion": "Wohngebäude", "gfkzshh": "31001_1000", "rellage": null, "name": null, "anzahlgs": null, "gmdschl": "05362032", "lagebeztxt": "Sistenichstraße 12", "bld area": 53, "flstkennz_": "05468202100363______", "area": 296 }, "geometry": { "type": "MultiPolygon", "coordinates": [ [ [ [ 6.708308774778951, 50.91337787314896 ], [ 6.708417440047306, 50.913406557574064 ], [ 6.708452791042507, 50.913353053258376 ], [ 6.708344001572612, 50.913324582284872 ], [ 6.708308867122929, 50.913377731056663 ], [ 6.708308774778951, 50.91337787314896 ] ] ] ] } },
{ "type": "Feature", "properties": { "fid": 59758.0, "oid": "DENW41AL30008JkCBL", "aktualit": "2024-08-20", "gebnutzbez": "Gebäude", "funktion": "Wohngebäude", "gfkzshh": "31001_1000", "rellage": null, "name": null, "anzahlgs": null, "gmdschl": "05362032", "lagebeztxt": null, "bld area": 62, "flstkennz_": "05468202100363______", "area": 296 }, "geometry": { "type": "MultiPolygon", "coordinates": [ [ [ [ 6.708185151723175, 50.913345243271301 ], [ 6.708218696197503, 50.913353987721273 ], [ 6.708308774778951, 50.91337787314896 ], [ 6.708308867122929, 50.913377731056663 ], [ 6.708344001572612, 50.913324582284872 ], [ 6.708364067343108, 50.913294063575997 ], [ 6.708363997159577, 50.913294044209607 ], [ 6.708303107883061, 50.913278071214052 ], [ 6.708285152807687, 50.913299799150742 ], [ 6.708253296371876, 50.913338351887738 ], [ 6.708233995286672, 50.913332459471754 ], [ 6.708200732901603, 50.913322317485481 ], [ 6.708185197895317, 50.913345172225213 ], [ 6.708185151723175, 50.913345243271301 ] ] ] ] } },
{ "type": "Feature", "properties": { "fid": 62138.0, "oid": "DENW41AL30008N8IBL", "aktualit": "2024-08-20", "gebnutzbez": "Gebäude", "funktion": "Gebäude zum Parken", "gfkzshh": "31001_2460", "rellage": null, "name": null, "anzahlgs": null, "gmdschl": "05362032", "lagebeztxt": null, "bld area": 26, "flstkennz_": "05468201900334______", "area": 499 }, "geometry": { "type": "MultiPolygon", "coordinates": [ [ [ [ 6.708025050473606, 50.909025511279452 ], [ 6.707978670273437, 50.909021120409022 ], [ 6.70796998823215, 50.909057978640192 ], [ 6.707974888368557, 50.909058425652617 ], [ 6.707966822479118, 50.909094324621122 ], [ 6.708008149185138, 50.909098050381928 ], [ 6.708015510460577, 50.909066456352555 ], [ 6.708025050473606, 50.909025511279452 ] ] ] ] } },
{ "type": "Feature", "properties": { "fid": 158637.0, "oid": "DENW41AL30008KE6BL", "aktualit": "2024-08-20", "gebnutzbez": "Gebäude", "funktion": "Wohngebäude", "gfkzshh": "31001_1000", "rellage": null, "name": null, "anzahlgs": null, "gmdschl": "05362032", "lagebeztxt": "Heinrich-Heine-Straße 1", "bld area": 108, "flstkennz_": "05468201900334______", "area": 499 }, "geometry": { "type": "MultiPolygon", "coordinates": [ [ [ [ 6.707817326874769, 50.90914580268845 ], [ 6.707952439565739, 50.909158323035392 ], [ 6.707966822479118, 50.909094324621122 ], [ 6.707974888368557, 50.909058425652617 ], [ 6.70796998823215, 50.909057978640192 ], [ 6.70783984701924, 50.909045906730903 ], [ 6.707837953055682, 50.909054341982085 ], [ 6.707817368544709, 50.909145533683635 ], [ 6.707817326874769, 50.90914580268845 ] ] ] ] } },
{ "type": "Feature", "properties": { "fid": 159961.0, "oid": "DENW41AL30008MtNBL", "aktualit": "2024-08-20", "gebnutzbez": "Gebäude", "funktion": "Gebäude zum Parken", "gfkzshh": "31001_2460", "rellage": null, "name": null, "anzahlgs": null, "gmdschl": "05362032", "lagebeztxt": null, "bld area": 21, "flstkennz_": "05468201900244______", "area": 452 }, "geometry": { "type": "MultiPolygon", "coordinates": [ [ [ [ 6.707612153209838, 50.909099976849809 ], [ 6.707657691625602, 50.909103992344292 ], [ 6.707660454138134, 50.9091042264916 ], [ 6.707671998515806, 50.90905081238521 ], [ 6.70762388018965, 50.909046611305328 ], [ 6.707612153209838, 50.909099976849809 ] ] ] ] } },
{ "type": "Feature", "properties": { "fid": 63337.0, "oid": "DENW41AL30008OoeBL", "aktualit": "2024-08-20", "gebnutzbez": "Gebäude", "funktion": "Wohngebäude", "gfkzshh": "31001_1000", "rellage": null, "name": null, "anzahlgs": null, "gmdschl": "05362032", "lagebeztxt": "Heinrich-Heine-Straße 3", "bld area": 110, "flstkennz_": "05468201900244______", "area": 452 }, "geometry": { "type": "MultiPolygon", "coordinates": [ [ [ [ 6.707651802154833, 50.909130625140136 ], [ 6.707817368544709, 50.909145533683635 ], [ 6.707837953055682, 50.909054341982085 ], [ 6.707832216620504, 50.909053833566851 ], [ 6.70783175623744, 50.909055965122349 ], [ 6.707776997185436, 50.909051129998865 ], [ 6.707777508596119, 50.909048828557758 ], [ 6.707772338434819, 50.909048376233066 ], [ 6.707769889611573, 50.90905941787063 ], [ 6.707675623541915, 50.909051153415874 ], [ 6.707671998515806, 50.90905081238521 ], [ 6.707660454138134, 50.9091042264916 ], [ 6.707657691625602, 50.909103992344292 ], [ 6.707651802154833, 50.909130625140136 ] ] ] ] } },
{ "type": "Feature", "properties": { "fid": 59507.0, "oid": "DENW41AL30008JOuBL", "aktualit": "2024-08-20", "gebnutzbez": "Gebäude", "funktion": "Wohngebäude", "gfkzshh": "31001_1000", "rellage": null, "name": null, "anzahlgs": null, "gmdschl": "05362032", "lagebeztxt": null, "bld area": 13, "flstkennz_": "05468201900244______", "area": 452 }, "geometry": { "type": "MultiPolygon", "coordinates": [ [ [ [ 6.707675623541915, 50.909051153415874 ], [ 6.707769889611573, 50.90905941787063 ], [ 6.707772338434819, 50.909048376233066 ], [ 6.707774907577019, 50.909041834014126 ], [ 6.707754838934768, 50.909040018746609 ], [ 6.707680226138411, 50.909033048739673 ], [ 6.707677604849852, 50.909042099289216 ], [ 6.707675623541915, 50.909051153415874 ] ] ] ] } },
{ "type": "Feature", "properties": { "fid": 274317.0, "oid": "DENW41AL30008LQnBL", "aktualit": "2024-08-20", "gebnutzbez": "Gebäude", "funktion": "Gebäude zur Freizeitgestaltung", "gfkzshh": "31001_1310", "rellage": null, "name": null, "anzahlgs": null, "gmdschl": "05362032", "lagebeztxt": null, "bld area": 66, "flstkennz_": "05468201900244______", "area": 452 }, "geometry": { "type": "MultiPolygon", "coordinates": [ [ [ [ 6.707666445533753, 50.90904107061364 ], [ 6.707671133368175, 50.909041495480331 ], [ 6.707677604849852, 50.909042099289216 ], [ 6.707680226138411, 50.909033048739673 ], [ 6.707754838934768, 50.909040018746609 ], [ 6.70777560931732, 50.908944756373003 ], [ 6.707689102493847, 50.908937237948834 ], [ 6.707666445533753, 50.90904107061364 ] ] ] ] } },
{ "type": "Feature", "properties": { "fid": 274120.0, "oid": "DENW41AL30008LDNBL", "aktualit": "2024-08-20", "gebnutzbez": "Gebäude", "funktion": "Wohngebäude", "gfkzshh": "31001_1000", "rellage": null, "name": null, "anzahlgs": null, "gmdschl": "05362032", "lagebeztxt": "Höhenweg 58", "bld area": 90, "flstkennz_": "05468200800523______", "area": 263 }, "geometry": { "type": "MultiPolygon", "coordinates": [ [ [ [ 6.714702038020958, 50.912113268789717 ], [ 6.714831014828195, 50.912131021417807 ], [ 6.714855295579364, 50.912060542431199 ], [ 6.714829632704013, 50.912057017901063 ], [ 6.714837149295894, 50.912039203873533 ], [ 6.714732385860886, 50.912024947422815 ], [ 6.714702038020958, 50.912113268789717 ] ] ] ] } },
{ "type": "Feature", "properties": { "fid": 273967.0, "oid": "DENW41AL30008L3BBL", "aktualit": "2024-08-20", "gebnutzbez": "Gebäude", "funktion": "Wohngebäude", "gfkzshh": "31001_1000", "rellage": null, "name": null, "anzahlgs": null, "gmdschl": "05362032", "lagebeztxt": "Friedrich-Ebert-Platz 5", "bld area": 157, "flstkennz_": "05468202000435______", "area": 344 }, "geometry": { "type": "MultiPolygon", "coordinates": [ [ [ [ 6.71044465165537, 50.911554886982493 ], [ 6.71062044068232, 50.911564316757023 ], [ 6.710622129800107, 50.911564394864008 ], [ 6.710637578766258, 50.911452532466953 ], [ 6.71063529315743, 50.911452433664401 ], [ 6.710459674218719, 50.911443025234476 ], [ 6.71044465165537, 50.911554886982493 ] ] ] ] } },
{ "type": "Feature", "properties": { "fid": 276143.0, "oid": "DENW41AL30008NUNBL", "aktualit": "2024-08-20", "gebnutzbez": "Gebäude", "funktion": "Wohngebäude", "gfkzshh": "31001_1000", "rellage": null, "name": null, "anzahlgs": null, "gmdschl": "05362032", "lagebeztxt": "Fischbachstraße 6", "bld area": 71, "flstkennz_": "05468201900383______", "area": 323 }, "geometry": { "type": "MultiPolygon", "coordinates": [ [ [ [ 6.709980992978895, 50.909816906511814 ], [ 6.71009948430543, 50.909822343610749 ], [ 6.71010876020017, 50.909746696311863 ], [ 6.709989777370438, 50.909741132652734 ], [ 6.709980992978895, 50.909816906511814 ] ] ] ] } },
{ "type": "Feature", "properties": { "fid": 272108.0, "oid": "DENW41AL2dD0004OBL", "aktualit": "2024-08-20", "gebnutzbez": "Gebäude", "funktion": "Gebäude zum Parken", "gfkzshh": "31001_2460", "rellage": null, "name": null, "anzahlgs": null, "gmdschl": "05362032", "lagebeztxt": null, "bld area": 31, "flstkennz_": "05468201900383______", "area": 323 }, "geometry": { "type": "MultiPolygon", "coordinates": [ [ [ [ 6.70993716635108, 50.909814934609194 ], [ 6.7099410741036, 50.909790265105194 ], [ 6.709939915959693, 50.909790191829117 ], [ 6.70993716635108, 50.909814934609194 ] ] ] ] } },
{ "type": "Feature", "properties": { "fid": 61032.0, "oid": "DENW41AL30008LX3BL", "aktualit": "2024-08-20", "gebnutzbez": "Gebäude", "funktion": "Gebäude zum Parken", "gfkzshh": "31001_2460", "rellage": null, "name": null, "anzahlgs": null, "gmdschl": "05362032", "lagebeztxt": null, "bld area": 33, "flstkennz_": "05468201900391______", "area": 366 }, "geometry": { "type": "MultiPolygon", "coordinates": [ [ [ [ 6.709817965552795, 50.909596652463719 ], [ 6.709939151992168, 50.909604265229866 ], [ 6.709938739380065, 50.909606874418046 ], [ 6.709966008114971, 50.909608659710734 ], [ 6.709970875088332, 50.909578777858833 ], [ 6.709822250682976, 50.909569061690263 ], [ 6.709817965552795, 50.909596652463719 ] ] ] ] } },
{ "type": "Feature", "properties": { "fid": 273021.0, "oid": "DENW41AL30008JxzBL", "aktualit": "2024-08-20", "gebnutzbez": "Gebäude", "funktion": "Wohngebäude", "gfkzshh": "31001_1000", "rellage": null, "name": null, "anzahlgs": null, "gmdschl": "05362032", "lagebeztxt": "Sistenichstraße 67 b", "bld area": 125, "flstkennz_": "05468201900391______", "area": 366 }, "geometry": { "type": "MultiPolygon", "coordinates": [ [ [ [ 6.709783980540725, 50.909712540145861 ], [ 6.709816085111659, 50.909714636235293 ], [ 6.709899141288848, 50.909720034696761 ], [ 6.709919517501776, 50.909721387934731 ], [ 6.709938739380065, 50.909606874418046 ], [ 6.709939151992168, 50.909604265229866 ], [ 6.709817965552795, 50.909596652463719 ], [ 6.709803599925896, 50.909595731958753 ], [ 6.709783980540725, 50.909712540145861 ] ] ] ] } },
{ "type": "Feature", "properties": { "fid": 275450.0, "oid": "DENW41AL30008MhoBL", "aktualit": "2024-08-20", "gebnutzbez": "Gebäude", "funktion": "Gebäude zum Parken", "gfkzshh": "31001_2460", "rellage": null, "name": null, "anzahlgs": null, "gmdschl": "05362032", "lagebeztxt": null, "bld area": 17, "flstkennz_": "05468201900391______", "area": 366 }, "geometry": { "type": "MultiPolygon", "coordinates": [ [ [ [ 6.709811845746448, 50.909741004707612 ], [ 6.709894849091204, 50.90974632118801 ], [ 6.709899141288848, 50.909720034696761 ], [ 6.709816085111659, 50.909714636235293 ], [ 6.709811845746448, 50.909741004707612 ] ] ] ] } },
{ "type": "Feature", "properties": { "fid": 272108.0, "oid": "DENW41AL2dD0004OBL", "aktualit": "2024-08-20", "gebnutzbez": "Gebäude", "funktion": "Gebäude zum Parken", "gfkzshh": "31001_2460", "rellage": null, "name": null, "anzahlgs": null, "gmdschl": "05362032", "lagebeztxt": null, "bld area": 31, "flstkennz_": "05468201900390______", "area": 89 }, "geometry": { "type": "MultiPolygon", "coordinates": [ [ [ [ 6.70993716635108, 50.909814934609194 ], [ 6.7099410741036, 50.909790265105194 ], [ 6.709939915959693, 50.909790191829117 ], [ 6.70993716635108, 50.909814934609194 ] ] ] ] } },
{ "type": "Feature", "properties": { "fid": 57911.0, "oid": "DENW41AL10007KF8BL", "aktualit": "2024-08-20", "gebnutzbez": "Gebäude", "funktion": "Gebäude zum Parken", "gfkzshh": "31001_2460", "rellage": null, "name": null, "anzahlgs": null, "gmdschl": "05362032", "lagebeztxt": null, "bld area": 21, "flstkennz_": "054682020001350016__", "area": 439 }, "geometry": { "type": "MultiPolygon", "coordinates": [ [ [ [ 6.709028066504579, 50.91119567138329 ], [ 6.709126787659711, 50.911201665711509 ], [ 6.709130739605621, 50.911174787954096 ], [ 6.709032698066438, 50.911168860935206 ], [ 6.709028066504579, 50.91119567138329 ] ] ] ] } },
{ "type": "Feature", "properties": { "fid": 277158.0, "oid": "DENW41AL30008Oa5BL", "aktualit": "2024-08-20", "gebnutzbez": "Gebäude", "funktion": "Gebäude für Wirtschaft oder Gewerbe", "gfkzshh": "31001_2000", "rellage": null, "name": null, "anzahlgs": null, "gmdschl": "05362032", "lagebeztxt": null, "bld area": 63, "flstkennz_": "054682020001350016__", "area": 439 }, "geometry": { "type": "MultiPolygon", "coordinates": [ [ [ [ 6.70886833920445, 50.911265630716052 ], [ 6.708942723230265, 50.91127038289418 ], [ 6.708960307404445, 50.911163788182712 ], [ 6.708886070086249, 50.911158948953791 ], [ 6.70888253597545, 50.911180213590583 ], [ 6.70886833920445, 50.911265630716052 ] ] ] ] } },
{ "type": "Feature", "properties": { "fid": 274738.0, "oid": "DENW41AL30008LuTBL", "aktualit": "2024-08-20", "gebnutzbez": "Gebäude", "funktion": "Wohngebäude", "gfkzshh": "31001_1000", "rellage": null, "name": null, "anzahlgs": null, "gmdschl": "05362032", "lagebeztxt": "Sistenichstraße 44", "bld area": 80, "flstkennz_": "054682020001350016__", "area": 439 }, "geometry": { "type": "MultiPolygon", "coordinates": [ [ [ [ 6.709196932374653, 50.911286651874221 ], [ 6.709318494461298, 50.911294524463806 ], [ 6.709324621858149, 50.911256950440148 ], [ 6.709338957793833, 50.911257906394184 ], [ 6.709345443390104, 50.911219700818833 ], [ 6.709331136332608, 50.911218736438251 ], [ 6.709331678049665, 50.911215527181582 ], [ 6.709209807017317, 50.911207576586925 ], [ 6.709196932374653, 50.911286651874221 ] ] ] ] } },
{ "type": "Feature", "properties": { "fid": 274261.0, "oid": "DENW41AL30008LMfBL", "aktualit": "2024-08-20", "gebnutzbez": "Gebäude", "funktion": "Gemischt genutztes Gebäude mit Wohnen", "gfkzshh": "31001_1100", "rellage": null, "name": null, "anzahlgs": null, "gmdschl": "05362032", "lagebeztxt": "Adenauerstraße 23 a, 23 b", "bld area": 193, "flstkennz_": "05468202000316______", "area": 425 }, "geometry": { "type": "MultiPolygon", "coordinates": [ [ [ [ 6.706693490423958, 50.911474594429379 ], [ 6.706967712236169, 50.911503106780771 ], [ 6.706979614715046, 50.911459512360942 ], [ 6.706981425993356, 50.911459709844451 ], [ 6.706984814202293, 50.91144750845482 ], [ 6.706977993264116, 50.911446771825915 ], [ 6.706986619060522, 50.911413977905092 ], [ 6.706834495605062, 50.911398064225672 ], [ 6.706833929918138, 50.911400310631159 ], [ 6.706715445702128, 50.911387998879981 ], [ 6.706693490423958, 50.911474594429379 ] ] ] ] } },
{ "type": "Feature", "properties": { "fid": 62137.0, "oid": "DENW41AL30008N8FBL", "aktualit": "2024-08-20", "gebnutzbez": "Gebäude", "funktion": "Wohngebäude", "gfkzshh": "31001_1000", "rellage": null, "name": null, "anzahlgs": null, "gmdschl": "05362032", "lagebeztxt": null, "bld area": 7, "flstkennz_": "05468200800399______", "area": 462 }, "geometry": { "type": "MultiPolygon", "coordinates": [ [ [ [ 6.714644274676534, 50.912205667245502 ], [ 6.714688628632453, 50.91221157251583 ], [ 6.714694354022719, 50.912193732414998 ], [ 6.714678134761305, 50.912191427103231 ], [ 6.714650242019959, 50.912187535079674 ], [ 6.714644274676534, 50.912205667245502 ] ] ] ] } },
{ "type": "Feature", "properties": { "fid": 273650.0, "oid": "DENW41AL30008KgzBL", "aktualit": "2024-08-20", "gebnutzbez": "Gebäude", "funktion": "Wohngebäude", "gfkzshh": "31001_1000", "rellage": null, "name": null, "anzahlgs": null, "gmdschl": "05362032", "lagebeztxt": "Höhenweg 54", "bld area": 57, "flstkennz_": "05468200800399______", "area": 462 }, "geometry": { "type": "MultiPolygon", "coordinates": [ [ [ [ 6.714674723481044, 50.912255533187626 ], [ 6.714787987005881, 50.912271404183144 ], [ 6.714807622373622, 50.9122097923631 ], [ 6.714694354022719, 50.912193732414998 ], [ 6.714688628632453, 50.91221157251583 ], [ 6.714674723481044, 50.912255533187626 ] ] ] ] } },
{ "type": "Feature", "properties": { "fid": 159168.0, "oid": "DENW41AL30008LGhBL", "aktualit": "2024-08-20", "gebnutzbez": "Gebäude", "funktion": "Wohngebäude", "gfkzshh": "31001_1000", "rellage": null, "name": null, "anzahlgs": null, "gmdschl": "05362032", "lagebeztxt": "Mühlengraben 9", "bld area": 59, "flstkennz_": "05468200800079______", "area": 738 }, "geometry": { "type": "MultiPolygon", "coordinates": [ [ [ [ 6.713902395378818, 50.912218460723984 ], [ 6.713999327532684, 50.912225018466991 ], [ 6.714009876926883, 50.912225737777376 ], [ 6.714021332388942, 50.912156590689754 ], [ 6.713914340966211, 50.912149476146688 ], [ 6.713902395378818, 50.912218460723984 ] ] ] ] } },
{ "type": "Feature", "properties": { "fid": 159998.0, "oid": "DENW41AL30008MxZBL", "aktualit": "2024-08-20", "gebnutzbez": "Gebäude", "funktion": "Gebäude zum Parken", "gfkzshh": "31001_2460", "rellage": null, "name": null, "anzahlgs": null, "gmdschl": "05362032", "lagebeztxt": null, "bld area": 36, "flstkennz_": "05468200800079______", "area": 738 }, "geometry": { "type": "MultiPolygon", "coordinates": [ [ [ [ 6.713838519674378, 50.912236124010924 ], [ 6.713878603551268, 50.912241199429033 ], [ 6.71388350081267, 50.91222632918408 ], [ 6.713899003986787, 50.91222844069685 ], [ 6.713901702904029, 50.912218366211938 ], [ 6.713902395378818, 50.912218460723984 ], [ 6.713914340966211, 50.912149476146688 ], [ 6.71386894950449, 50.912146455350268 ], [ 6.713854068631997, 50.912190279892307 ], [ 6.713838519674378, 50.912236124010924 ] ] ] ] } },
{ "type": "Feature", "properties": { "fid": 272504.0, "oid": "DENW41AL30008JP2BL", "aktualit": "2024-08-20", "gebnutzbez": "Gebäude", "funktion": "Wohngebäude", "gfkzshh": "31001_1000", "rellage": null, "name": null, "anzahlgs": null, "gmdschl": "05362032", "lagebeztxt": null, "bld area": 55, "flstkennz_": "05468200800079______", "area": 738 }, "geometry": { "type": "MultiPolygon", "coordinates": [ [ [ [ 6.713867263394492, 50.912276351069501 ], [ 6.713977668603653, 50.912291321414763 ], [ 6.713999327532684, 50.912225018466991 ], [ 6.713902395378818, 50.912218460723984 ], [ 6.713901702904029, 50.912218366211938 ], [ 6.713899003986787, 50.91222844069685 ], [ 6.71388350081267, 50.91222632918408 ], [ 6.713878603551268, 50.912241199429033 ], [ 6.713867263394492, 50.912276351069501 ] ] ] ] } },
{ "type": "Feature", "properties": { "fid": 60231.0, "oid": "DENW41AL30008KOFBL", "aktualit": "2024-08-20", "gebnutzbez": "Gebäude", "funktion": "Gebäude für Wirtschaft oder Gewerbe", "gfkzshh": "31001_2000", "rellage": null, "name": null, "anzahlgs": null, "gmdschl": "05362032", "lagebeztxt": null, "bld area": 121, "flstkennz_": "05468200800344______", "area": 234 }, "geometry": { "type": "MultiPolygon", "coordinates": [ [ [ [ 6.70960591721024, 50.914132732860239 ], [ 6.709742584013077, 50.914146936440105 ], [ 6.709749137983184, 50.914147613700329 ], [ 6.709894721491032, 50.914162765581466 ], [ 6.709900458555138, 50.914147048544251 ], [ 6.709876333101211, 50.914143490141015 ], [ 6.709887896043631, 50.914111985857993 ], [ 6.709834689560447, 50.914103512618787 ], [ 6.709830172105598, 50.914102794381094 ], [ 6.709752456808749, 50.914090458357677 ], [ 6.709629525746814, 50.914070912043847 ], [ 6.70960591721024, 50.914132732860239 ] ] ] ] } },
{ "type": "Feature", "properties": { "fid": 274019.0, "oid": "DENW41AL30008L6JBL", "aktualit": "2024-08-20", "gebnutzbez": "Gebäude", "funktion": "Gemischt genutztes Gebäude mit Wohnen", "gfkzshh": "31001_1100", "rellage": null, "name": null, "anzahlgs": null, "gmdschl": "05362032", "lagebeztxt": "Hauptstraße 162", "bld area": 73, "flstkennz_": "05468200800344______", "area": 234 }, "geometry": { "type": "MultiPolygon", "coordinates": [ [ [ [ 6.709876333101211, 50.914143490141015 ], [ 6.709900458555138, 50.914147048544251 ], [ 6.709894721491032, 50.914162765581466 ], [ 6.709919054044211, 50.91416529372313 ], [ 6.71004734191582, 50.914195998591445 ], [ 6.71007881887811, 50.914142264880738 ], [ 6.710071717536609, 50.914141145181745 ], [ 6.709899432198698, 50.914113768217113 ], [ 6.709887896043631, 50.914111985857993 ], [ 6.709876333101211, 50.914143490141015 ] ] ] ] } },
{ "type": "Feature", "properties": { "fid": 61847.0, "oid": "DENW41AL30008MhSBL", "aktualit": "2024-08-20", "gebnutzbez": "Gebäude", "funktion": "Wohngebäude", "gfkzshh": "31001_1000", "rellage": null, "name": null, "anzahlgs": null, "gmdschl": "05362032", "lagebeztxt": "Höhenweg 52", "bld area": 71, "flstkennz_": "05468200800073______", "area": 483 }, "geometry": { "type": "MultiPolygon", "coordinates": [ [ [ [ 6.714624224395299, 50.912338459196633 ], [ 6.714756566138189, 50.912356943361793 ], [ 6.714779418586233, 50.912291230276587 ], [ 6.714647061485233, 50.912272772817538 ], [ 6.714641515120984, 50.912288700679092 ], [ 6.714624224395299, 50.912338459196633 ] ] ] ] } },
{ "type": "Feature", "properties": { "fid": 272838.0, "oid": "DENW41AL30008JmCBL", "aktualit": "2024-08-20", "gebnutzbez": "Gebäude", "funktion": "Gebäude zur Freizeitgestaltung", "gfkzshh": "31001_1310", "rellage": null, "name": null, "anzahlgs": null, "gmdschl": "05362032", "lagebeztxt": null, "bld area": 21, "flstkennz_": "05468200800073______", "area": 483 }, "geometry": { "type": "MultiPolygon", "coordinates": [ [ [ [ 6.714566221389155, 50.912330343879972 ], [ 6.714579334069773, 50.912332174640646 ], [ 6.714624224395299, 50.912338459196633 ], [ 6.714641515120984, 50.912288700679092 ], [ 6.714598420901603, 50.912283215801587 ], [ 6.714593010859101, 50.912300135681313 ], [ 6.714577552467419, 50.912297980167708 ], [ 6.714566221389155, 50.912330343879972 ] ] ] ] } },
{ "type": "Feature", "properties": { "fid": 274757.0, "oid": "DENW41AL30008LvfBL", "aktualit": "2024-08-20", "gebnutzbez": "Gebäude", "funktion": "Wohngebäude", "gfkzshh": "31001_1000", "rellage": null, "name": null, "anzahlgs": null, "gmdschl": "05362032", "lagebeztxt": "Adenauerstraße 15", "bld area": 55, "flstkennz_": "054682020001030017__", "area": 270 }, "geometry": { "type": "MultiPolygon", "coordinates": [ [ [ [ 6.707713342542132, 50.911573024049844 ], [ 6.707791341458284, 50.911578045835711 ], [ 6.707803952866429, 50.911498587767596 ], [ 6.70777519432202, 50.911496700760893 ], [ 6.707777612027832, 50.911481952942808 ], [ 6.707728051091488, 50.911478685957881 ], [ 6.707721628854943, 50.911524258869477 ], [ 6.707718016399095, 50.911550001000172 ], [ 6.707716611543348, 50.911549928434717 ], [ 6.707713342542132, 50.911573024049844 ] ] ] ] } },
{ "type": "Feature", "properties": { "fid": 63014.0, "oid": "DENW41AL30008OMXBL", "aktualit": "2024-08-20", "gebnutzbez": "Gebäude", "funktion": "Gebäude zum Parken", "gfkzshh": "31001_2460", "rellage": null, "name": null, "anzahlgs": null, "gmdschl": "05362032", "lagebeztxt": null, "bld area": 44, "flstkennz_": "054682020001030017__", "area": 270 }, "geometry": { "type": "MultiPolygon", "coordinates": [ [ [ [ 6.707668761164032, 50.911520827971515 ], [ 6.70769329491504, 50.911522416159379 ], [ 6.70772023909589, 50.911524168612381 ], [ 6.707721628854943, 50.911524258869477 ], [ 6.707728051091488, 50.911478685957881 ], [ 6.707736614640567, 50.911417910093867 ], [ 6.707685675141446, 50.911414616012181 ], [ 6.707668761164032, 50.911520827971515 ] ] ] ] } },
{ "type": "Feature", "properties": { "fid": 158441.0, "oid": "DENW41AL30008JqLBL", "aktualit": "2024-08-20", "gebnutzbez": "Gebäude", "funktion": "Gebäude zum Parken", "gfkzshh": "31001_2460", "rellage": null, "name": null, "anzahlgs": null, "gmdschl": "05362032", "lagebeztxt": null, "bld area": 28, "flstkennz_": "05468202000405______", "area": 289 }, "geometry": { "type": "MultiPolygon", "coordinates": [ [ [ [ 6.709308952252062, 50.910318206797136 ], [ 6.709381700119619, 50.910322063155149 ], [ 6.709443687790567, 50.910325447439064 ], [ 6.709447395739533, 50.910298897662031 ], [ 6.709312127799294, 50.910291781484915 ], [ 6.709308952252062, 50.910318206797136 ] ] ] ] } },
{ "type": "Feature", "properties": { "fid": 61458.0, "oid": "DENW41AL30008M9aBL", "aktualit": "2024-08-20", "gebnutzbez": "Gebäude", "funktion": "Wohngebäude", "gfkzshh": "31001_1000", "rellage": null, "name": null, "anzahlgs": null, "gmdschl": "05362032", "lagebeztxt": "Sistenichstraße 56", "bld area": 84, "flstkennz_": "05468202000405______", "area": 289 }, "geometry": { "type": "MultiPolygon", "coordinates": [ [ [ [ 6.709289011988322, 50.910290590224868 ], [ 6.709312127799294, 50.910291781484915 ], [ 6.709447395739533, 50.910298897662031 ], [ 6.70945464680425, 50.910299273831534 ], [ 6.709463896648, 50.910227367618731 ], [ 6.709355371051316, 50.910221468925293 ], [ 6.709352305734474, 50.910243912013009 ], [ 6.709295722506911, 50.910240849623193 ], [ 6.709289011988322, 50.910290590224868 ] ] ] ] } },
{ "type": "Feature", "properties": { "fid": 159002.0, "oid": "DENW41AL30008KwLBL", "aktualit": "2024-08-20", "gebnutzbez": "Gebäude", "funktion": "Wohngebäude", "gfkzshh": "31001_1000", "rellage": null, "name": null, "anzahlgs": null, "gmdschl": "05362032", "lagebeztxt": "Grabenweg 4", "bld area": 84, "flstkennz_": "05468202000404______", "area": 283 }, "geometry": { "type": "MultiPolygon", "coordinates": [ [ [ [ 6.709009335309069, 50.910275647244582 ], [ 6.70917436911497, 50.910284400398254 ], [ 6.70918305795207, 50.910212339286296 ], [ 6.709074712782042, 50.910206533814048 ], [ 6.709071786807533, 50.910229033595421 ], [ 6.709015476835417, 50.910226201286378 ], [ 6.709009335309069, 50.910275647244582 ] ] ] ] } },
{ "type": "Feature", "properties": { "fid": 59866.0, "oid": "DENW41AL30008JslBL", "aktualit": "2024-11-06", "gebnutzbez": "Gebäude", "funktion": "Wohngebäude", "gfkzshh": "31001_1000", "rellage": null, "name": null, "anzahlgs": null, "gmdschl": "05362032", "lagebeztxt": "Höhenweg 44", "bld area": 79, "flstkennz_": "05468200800397______", "area": 504 }, "geometry": { "type": "MultiPolygon", "coordinates": [ [ [ [ 6.714431681487305, 50.912777117088609 ], [ 6.714598359081456, 50.91280042915119 ], [ 6.714618630555277, 50.912742976100347 ], [ 6.714451577447275, 50.912719782628329 ], [ 6.714431681487305, 50.912777117088609 ] ] ] ] } },
{ "type": "Feature", "properties": { "fid": 275658.0, "oid": "DENW41AL30008MwlBL", "aktualit": "2024-08-20", "gebnutzbez": "Gebäude", "funktion": "Gebäude für Wirtschaft oder Gewerbe", "gfkzshh": "31001_2000", "rellage": null, "name": null, "anzahlgs": null, "gmdschl": "05362032", "lagebeztxt": "Hauptstraße 199", "bld area": 860, "flstkennz_": "05468200800760______", "area": 1774 }, "geometry": { "type": "MultiPolygon", "coordinates": [ [ [ [ 6.711543421969012, 50.912295697061545 ], [ 6.711687845221529, 50.912321922711747 ], [ 6.711811560815493, 50.912344540262623 ], [ 6.711829231350285, 50.912347710880383 ], [ 6.711879318058971, 50.912356814599946 ], [ 6.711921013078549, 50.912199120056933 ], [ 6.711790061317125, 50.91218510300309 ], [ 6.711774034382638, 50.912171630383511 ], [ 6.71179033986177, 50.91216376546204 ], [ 6.711802267988975, 50.912173209302011 ], [ 6.712232969606422, 50.912212584156109 ], [ 6.712253964522245, 50.912121291880318 ], [ 6.71210302600265, 50.912107243128233 ], [ 6.712102877479535, 50.91210795075046 ], [ 6.711723119797167, 50.912073270908294 ], [ 6.711722775251742, 50.912074784155585 ], [ 6.711682141756982, 50.912070479703516 ], [ 6.711686274613262, 50.912056125209126 ], [ 6.711652531108004, 50.912052603423454 ], [ 6.71160099601012, 50.912075058487424 ], [ 6.711593727033641, 50.912102878611229 ], [ 6.711616079930228, 50.912105430545289 ], [ 6.711565539275441, 50.912298703083998 ], [ 6.711543459212294, 50.912295517909847 ], [ 6.711543421969012, 50.912295697061545 ] ] ] ] } },
{ "type": "Feature", "properties": { "fid": 62424.0, "oid": "DENW41AL30008NXJBL", "aktualit": "2024-08-20", "gebnutzbez": "Gebäude", "funktion": "Gebäude zum Parken", "gfkzshh": "31001_2460", "rellage": null, "name": null, "anzahlgs": null, "gmdschl": "05362032", "lagebeztxt": null, "bld area": 18, "flstkennz_": "05468202000338______", "area": 700 }, "geometry": { "type": "MultiPolygon", "coordinates": [ [ [ [ 6.710383501628677, 50.91047973481227 ], [ 6.710380661598512, 50.910533834976398 ], [ 6.710422741669699, 50.910534723531384 ], [ 6.710425662782292, 50.910480700297889 ], [ 6.710383501628677, 50.91047973481227 ] ] ] ] } },
{ "type": "Feature", "properties": { "fid": 62819.0, "oid": "DENW41AL30008O6FBL", "aktualit": "2024-08-20", "gebnutzbez": "Gebäude", "funktion": "Wohngebäude", "gfkzshh": "31001_1000", "rellage": null, "name": null, "anzahlgs": null, "gmdschl": "05362032", "lagebeztxt": "An der Malzmühle 11", "bld area": 233, "flstkennz_": "05468202000338______", "area": 700 }, "geometry": { "type": "MultiPolygon", "coordinates": [ [ [ [ 6.710432857111201, 50.910678755720596 ], [ 6.710438949207624, 50.910684775376403 ], [ 6.710494565135864, 50.910686109349996 ], [ 6.710503595701318, 50.910680665203159 ], [ 6.710555519457333, 50.910681863753069 ], [ 6.710561451604428, 50.910687664405913 ], [ 6.71059359240971, 50.910688456841939 ], [ 6.710599354964669, 50.91068293058774 ], [ 6.710649290295889, 50.91068406310476 ], [ 6.710658348771041, 50.910689934077404 ], [ 6.710711691150863, 50.910691214352056 ], [ 6.710718740077479, 50.910686145043783 ], [ 6.710724561413087, 50.910580866320501 ], [ 6.710667079793821, 50.910579576802817 ], [ 6.710667453083087, 50.910572550735722 ], [ 6.710664042966041, 50.91057246584996 ], [ 6.710663203173267, 50.910586678049405 ], [ 6.71051987256606, 50.910583236600274 ], [ 6.71052073685809, 50.910569105829154 ], [ 6.710517312529208, 50.910569020660283 ], [ 6.710516807249379, 50.910578445563637 ], [ 6.710438291149192, 50.910576743262972 ], [ 6.710432857111201, 50.910678755720596 ] ] ] ] } },
{ "type": "Feature", "properties": { "fid": 60090.0, "oid": "DENW41AL30008KBlBL", "aktualit": "2024-08-20", "gebnutzbez": "Gebäude", "funktion": "Gebäude zum Parken", "gfkzshh": "31001_2460", "rellage": null, "name": null, "anzahlgs": null, "gmdschl": "05362032", "lagebeztxt": null, "bld area": 17, "flstkennz_": "05468201900237______", "area": 457 }, "geometry": { "type": "MultiPolygon", "coordinates": [ [ [ [ 6.708981833201472, 50.90980619052673 ], [ 6.709023120048177, 50.909807864494489 ], [ 6.709027761142069, 50.909755367056576 ], [ 6.708986401073835, 50.909753736623202 ], [ 6.708981833201472, 50.90980619052673 ] ] ] ] } },
{ "type": "Feature", "properties": { "fid": 274392.0, "oid": "DENW41AL30008LVcBL", "aktualit": "2024-08-20", "gebnutzbez": "Gebäude", "funktion": "Wohngebäude", "gfkzshh": "31001_1000", "rellage": null, "name": null, "anzahlgs": null, "gmdschl": "05362032", "lagebeztxt": "Grabenweg 3", "bld area": 116, "flstkennz_": "05468201900237______", "area": 457 }, "geometry": { "type": "MultiPolygon", "coordinates": [ [ [ [ 6.708878524032404, 50.910031533374173 ], [ 6.70903470900894, 50.91003766660689 ], [ 6.709044341017119, 50.909939163352185 ], [ 6.708963989595356, 50.909936038928649 ], [ 6.708961007222048, 50.909935935407923 ], [ 6.708960124878331, 50.909944921187716 ], [ 6.708887326005121, 50.909942115871587 ], [ 6.708878524032404, 50.910031533374173 ] ] ] ] } },
{ "type": "Feature", "properties": { "fid": 275598.0, "oid": "DENW41AL30008MsSBL", "aktualit": "2024-08-20", "gebnutzbez": "Gebäude", "funktion": "Gebäude zum Parken", "gfkzshh": "31001_2460", "rellage": null, "name": null, "anzahlgs": null, "gmdschl": "05362032", "lagebeztxt": null, "bld area": 15, "flstkennz_": "05468201900237______", "area": 457 }, "geometry": { "type": "MultiPolygon", "coordinates": [ [ [ [ 6.708986401073835, 50.909753736623202 ], [ 6.708949754216118, 50.909752298115038 ], [ 6.708944507161352, 50.90980468424506 ], [ 6.708981833201472, 50.90980619052673 ], [ 6.708986401073835, 50.909753736623202 ] ] ] ] } },
{ "type": "Feature", "properties": { "fid": 272656.0, "oid": "DENW41AL30008JZrBL", "aktualit": "2024-08-20", "gebnutzbez": "Gebäude", "funktion": "Wohngebäude", "gfkzshh": "31001_1000", "rellage": null, "name": null, "anzahlgs": null, "gmdschl": "05362032", "lagebeztxt": "Grabenweg 5", "bld area": 287, "flstkennz_": "05468201900236______", "area": 896 }, "geometry": { "type": "MultiPolygon", "coordinates": [ [ [ [ 6.708564773563833, 50.910032892229765 ], [ 6.70870451387142, 50.910038433181612 ], [ 6.70870584876334, 50.910024869293828 ], [ 6.708878524032404, 50.910031533374173 ], [ 6.708887326005121, 50.909942115871587 ], [ 6.708888627561028, 50.9099286502626 ], [ 6.708889494381808, 50.909919691160823 ], [ 6.70865207325377, 50.909910208856516 ], [ 6.708651639379391, 50.909914697391699 ], [ 6.708576749608221, 50.909911886803393 ], [ 6.708564773563833, 50.910032892229765 ] ] ] ] } },
{ "type": "Feature", "properties": { "fid": 60165.0, "oid": "DENW41AL30008KIbBL", "aktualit": "2024-08-20", "gebnutzbez": "Gebäude", "funktion": "Gebäude zum Parken", "gfkzshh": "31001_2460", "rellage": null, "name": null, "anzahlgs": null, "gmdschl": "05362032", "lagebeztxt": null, "bld area": 16, "flstkennz_": "05468201900236______", "area": 896 }, "geometry": { "type": "MultiPolygon", "coordinates": [ [ [ [ 6.708823641994985, 50.909772855621796 ], [ 6.708901729405952, 50.90977601664256 ], [ 6.708904306726833, 50.909750479004153 ], [ 6.708826172219005, 50.909747119189774 ], [ 6.708823641994985, 50.909772855621796 ] ] ] ] } },
{ "type": "Feature", "properties": { "fid": 61665.0, "oid": "DENW41AL30008MRfBL", "aktualit": "2024-08-20", "gebnutzbez": "Gebäude", "funktion": "Gebäude zum Parken", "gfkzshh": "31001_2460", "rellage": null, "name": null, "anzahlgs": null, "gmdschl": "05362032", "lagebeztxt": null, "bld area": 16, "flstkennz_": "05468201900236______", "area": 896 }, "geometry": { "type": "MultiPolygon", "coordinates": [ [ [ [ 6.708818631235492, 50.909824185555273 ], [ 6.70889659523489, 50.909827254214811 ], [ 6.708899145903158, 50.909801680076974 ], [ 6.708821113091752, 50.909798565097297 ], [ 6.708818631235492, 50.909824185555273 ] ] ] ] } },
{ "type": "Feature", "properties": { "fid": 158429.0, "oid": "DENW41AL30008JpPBL", "aktualit": "2024-08-20", "gebnutzbez": "Gebäude", "funktion": "Gebäude zum Parken", "gfkzshh": "31001_2460", "rellage": null, "name": null, "anzahlgs": null, "gmdschl": "05362032", "lagebeztxt": null, "bld area": 16, "flstkennz_": "05468201900236______", "area": 896 }, "geometry": { "type": "MultiPolygon", "coordinates": [ [ [ [ 6.7088161498174, 50.909849797027597 ], [ 6.708894073429222, 50.909852819925057 ], [ 6.70889659523489, 50.909827254214811 ], [ 6.708818631235492, 50.909824185555273 ], [ 6.7088161498174, 50.909849797027597 ] ] ] ] } },
{ "type": "Feature", "properties": { "fid": 273469.0, "oid": "DENW41AL30008KU4BL", "aktualit": "2024-08-20", "gebnutzbez": "Gebäude", "funktion": "Gebäude zum Parken", "gfkzshh": "31001_2460", "rellage": null, "name": null, "anzahlgs": null, "gmdschl": "05362032", "lagebeztxt": null, "bld area": 16, "flstkennz_": "05468201900236______", "area": 896 }, "geometry": { "type": "MultiPolygon", "coordinates": [ [ [ [ 6.708821113091752, 50.909798565097297 ], [ 6.708899145903158, 50.909801680076974 ], [ 6.708901729405952, 50.90977601664256 ], [ 6.708823641994985, 50.909772855621796 ], [ 6.708821113091752, 50.909798565097297 ] ] ] ] } },
{ "type": "Feature", "properties": { "fid": 61792.0, "oid": "DENW41AL30008MccBL", "aktualit": "2024-08-20", "gebnutzbez": "Gebäude", "funktion": "Wohngebäude", "gfkzshh": "31001_1000", "rellage": null, "name": null, "anzahlgs": null, "gmdschl": "05362032", "lagebeztxt": "An der Malzmühle 3, 5", "bld area": 271, "flstkennz_": "05468202000437______", "area": 1250 }, "geometry": { "type": "MultiPolygon", "coordinates": [ [ [ [ 6.710718740077479, 50.910686145043783 ], [ 6.710718700387954, 50.910686953734618 ], [ 6.710724370747016, 50.910687073963494 ], [ 6.710724450667598, 50.910685735409686 ], [ 6.710786909452238, 50.910687068567348 ], [ 6.710786843745975, 50.910688407400023 ], [ 6.710792527877049, 50.910688536889857 ], [ 6.710792579811598, 50.910687188792913 ], [ 6.710854625996877, 50.910688522814731 ], [ 6.710854311824108, 50.910694344831732 ], [ 6.710859995956201, 50.910694474318277 ], [ 6.710860062101347, 50.910693126500092 ], [ 6.710887745473614, 50.910693723489992 ], [ 6.710887661148068, 50.910695151898516 ], [ 6.71089335949294, 50.910695281662235 ], [ 6.710893664739847, 50.910689351540817 ], [ 6.710956407346847, 50.910690699169017 ], [ 6.71095634120449, 50.9106920469873 ], [ 6.710962011565158, 50.910692167204658 ], [ 6.710962091919888, 50.910690819665135 ], [ 6.711025261349048, 50.91069216663422 ], [ 6.711025180996138, 50.910693514173808 ], [ 6.711030865569809, 50.910693634666572 ], [ 6.711037402064825, 50.91058188521049 ], [ 6.710964692668305, 50.910580423075523 ], [ 6.710964418738739, 50.910585715230013 ], [ 6.710901530178857, 50.910584445689175 ], [ 6.710902456291876, 50.910565864046859 ], [ 6.710859421735823, 50.910565001912872 ], [ 6.710858481834165, 50.910583574290385 ], [ 6.710795593281902, 50.910582304692532 ], [ 6.710795853459058, 50.910577003274426 ], [ 6.710724849582301, 50.91057557444573 ], [ 6.710724561413087, 50.910580866320501 ], [ 6.710718740077479, 50.910686145043783 ] ] ] ] } },
{ "type": "Feature", "properties": { "fid": 59634.0, "oid": "DENW41AL30008JZjBL", "aktualit": "2024-08-20", "gebnutzbez": "Gebäude", "funktion": "Gebäude zum Parken", "gfkzshh": "31001_2460", "rellage": null, "name": null, "anzahlgs": null, "gmdschl": "05362032", "lagebeztxt": null, "bld area": 16, "flstkennz_": "05468202000437______", "area": 1250 }, "geometry": { "type": "MultiPolygon", "coordinates": [ [ [ [ 6.710935069293063, 50.910443104641622 ], [ 6.710975012580136, 50.91044405001972 ], [ 6.710977709516307, 50.910391991076608 ], [ 6.710937668550384, 50.91039100780673 ], [ 6.710935069293063, 50.910443104641622 ] ] ] ] } },
{ "type": "Feature", "properties": { "fid": 62406.0, "oid": "DENW41AL30008NVkBL", "aktualit": "2024-08-20", "gebnutzbez": "Gebäude", "funktion": "Gebäude zum Parken", "gfkzshh": "31001_2460", "rellage": null, "name": null, "anzahlgs": null, "gmdschl": "05362032", "lagebeztxt": null, "bld area": 16, "flstkennz_": "05468202000437______", "area": 1250 }, "geometry": { "type": "MultiPolygon", "coordinates": [ [ [ [ 6.710777704123174, 50.910387069507749 ], [ 6.710775467596823, 50.910439308367366 ], [ 6.710815410875641, 50.91044025380004 ], [ 6.710817730868125, 50.910388052553635 ], [ 6.710777704123174, 50.910387069507749 ] ] ] ] } },
{ "type": "Feature", "properties": { "fid": 158428.0, "oid": "DENW41AL30008JpOBL", "aktualit": "2024-08-20", "gebnutzbez": "Gebäude", "funktion": "Gebäude zum Parken", "gfkzshh": "31001_2460", "rellage": null, "name": null, "anzahlgs": null, "gmdschl": "05362032", "lagebeztxt": null, "bld area": 16, "flstkennz_": "05468202000437______", "area": 1250 }, "geometry": { "type": "MultiPolygon", "coordinates": [ [ [ [ 6.710857615490786, 50.910389032797944 ], [ 6.710855197819486, 50.910441196152355 ], [ 6.710895283227008, 50.910442144345581 ], [ 6.710897784364422, 50.910390018604289 ], [ 6.710857615490786, 50.910389032797944 ] ] ] ] } },
{ "type": "Feature", "properties": { "fid": 159742.0, "oid": "DENW41AL30008MSGBL", "aktualit": "2024-08-20", "gebnutzbez": "Gebäude", "funktion": "Gebäude zum Parken", "gfkzshh": "31001_2460", "rellage": null, "name": null, "anzahlgs": null, "gmdschl": "05362032", "lagebeztxt": null, "bld area": 18, "flstkennz_": "05468202000437______", "area": 1250 }, "geometry": { "type": "MultiPolygon", "coordinates": [ [ [ [ 6.710733826691101, 50.910385992921725 ], [ 6.710731702051416, 50.910438269952124 ], [ 6.710775467596823, 50.910439308367366 ], [ 6.710777704123174, 50.910387069507749 ], [ 6.710733826691101, 50.910385992921725 ] ] ] ] } },
{ "type": "Feature", "properties": { "fid": 273116.0, "oid": "DENW41AL30008K50BL", "aktualit": "2024-08-20", "gebnutzbez": "Gebäude", "funktion": "Gebäude zum Parken", "gfkzshh": "31001_2460", "rellage": null, "name": null, "anzahlgs": null, "gmdschl": "05362032", "lagebeztxt": null, "bld area": 16, "flstkennz_": "05468202000437______", "area": 1250 }, "geometry": { "type": "MultiPolygon", "coordinates": [ [ [ [ 6.710817730868125, 50.910388052553635 ], [ 6.710815410875641, 50.91044025380004 ], [ 6.710855197819486, 50.910441196152355 ], [ 6.710857615490786, 50.910389032797944 ], [ 6.710817730868125, 50.910388052553635 ] ] ] ] } },
{ "type": "Feature", "properties": { "fid": 273203.0, "oid": "DENW41AL30008KB1BL", "aktualit": "2024-08-20", "gebnutzbez": "Gebäude", "funktion": "Gebäude zum Parken", "gfkzshh": "31001_2460", "rellage": null, "name": null, "anzahlgs": null, "gmdschl": "05362032", "lagebeztxt": null, "bld area": 16, "flstkennz_": "05468202000437______", "area": 1250 }, "geometry": { "type": "MultiPolygon", "coordinates": [ [ [ [ 6.710975012580136, 50.91044405001972 ], [ 6.711014941656813, 50.910444995105401 ], [ 6.711017735830985, 50.910392983039443 ], [ 6.710977709516307, 50.910391991076608 ], [ 6.710975012580136, 50.91044405001972 ] ] ] ] } },
{ "type": "Feature", "properties": { "fid": 273833.0, "oid": "DENW41AL30008KvgBL", "aktualit": "2024-08-20", "gebnutzbez": "Gebäude", "funktion": "Gebäude zum Parken", "gfkzshh": "31001_2460", "rellage": null, "name": null, "anzahlgs": null, "gmdschl": "05362032", "lagebeztxt": null, "bld area": 18, "flstkennz_": "05468202000437______", "area": 1250 }, "geometry": { "type": "MultiPolygon", "coordinates": [ [ [ [ 6.711014941656813, 50.910444995105401 ], [ 6.711059716303039, 50.910446053206783 ], [ 6.711062749834371, 50.910394090805376 ], [ 6.711017735830985, 50.910392983039443 ], [ 6.711014941656813, 50.910444995105401 ] ] ] ] } },
{ "type": "Feature", "properties": { "fid": 275972.0, "oid": "DENW41AL30008NIVBL", "aktualit": "2024-08-20", "gebnutzbez": "Gebäude", "funktion": "Gebäude zum Parken", "gfkzshh": "31001_2460", "rellage": null, "name": null, "anzahlgs": null, "gmdschl": "05362032", "lagebeztxt": null, "bld area": 16, "flstkennz_": "05468202000437______", "area": 1250 }, "geometry": { "type": "MultiPolygon", "coordinates": [ [ [ [ 6.710897784364422, 50.910390018604289 ], [ 6.710895283227008, 50.910442144345581 ], [ 6.710935069293063, 50.910443104641622 ], [ 6.710937668550384, 50.91039100780673 ], [ 6.710897784364422, 50.910390018604289 ] ] ] ] } },
{ "type": "Feature", "properties": { "fid": 275242.0, "oid": "DENW41AL30008MUrBL", "aktualit": "2024-08-20", "gebnutzbez": "Gebäude", "funktion": "Gebäude zum Parken", "gfkzshh": "31001_2460", "rellage": null, "name": null, "anzahlgs": null, "gmdschl": "05362032", "lagebeztxt": null, "bld area": 44, "flstkennz_": "054682020001600017__", "area": 271 }, "geometry": { "type": "MultiPolygon", "coordinates": [ [ [ [ 6.707617225947658, 50.911517495176724 ], [ 6.707617736723575, 50.911517523198299 ], [ 6.707668761164032, 50.911520827971515 ], [ 6.707685675141446, 50.911414616012181 ], [ 6.707634948841057, 50.911411326096093 ], [ 6.707633289485457, 50.911411221548072 ], [ 6.707624058327771, 50.911472263108728 ], [ 6.707617225947658, 50.911517495176724 ] ] ] ] } },
{ "type": "Feature", "properties": { "fid": 160959.0, "oid": "DENW41AL30008OrXBL", "aktualit": "2024-08-20", "gebnutzbez": "Gebäude", "funktion": "Wohngebäude", "gfkzshh": "31001_1000", "rellage": null, "name": null, "anzahlgs": null, "gmdschl": "05362032", "lagebeztxt": "Adenauerstraße 17", "bld area": 55, "flstkennz_": "054682020001600017__", "area": 271 }, "geometry": { "type": "MultiPolygon", "coordinates": [ [ [ [ 6.707530271329603, 50.911561252275071 ], [ 6.707609831840511, 50.911566340835186 ], [ 6.707617225947658, 50.911517495176724 ], [ 6.707624058327771, 50.911472263108728 ], [ 6.707573790833308, 50.911469189043416 ], [ 6.707571487207527, 50.911483930104609 ], [ 6.707543080027384, 50.911482130889617 ], [ 6.707530271329603, 50.911561252275071 ] ] ] ] } },
{ "type": "Feature", "properties": { "fid": 60296.0, "oid": "DENW41AL30008KTgBL", "aktualit": "2024-08-20", "gebnutzbez": "Gebäude", "funktion": "Gebäude zum Parken", "gfkzshh": "31001_2460", "rellage": null, "name": null, "anzahlgs": null, "gmdschl": "05362032", "lagebeztxt": null, "bld area": 25, "flstkennz_": "05468202000220______", "area": 580 }, "geometry": { "type": "MultiPolygon", "coordinates": [ [ [ [ 6.707615964550794, 50.909390057820282 ], [ 6.707733716979407, 50.909400951236826 ], [ 6.707739896866391, 50.909374198224974 ], [ 6.707622144061901, 50.90936331380091 ], [ 6.707615964550794, 50.909390057820282 ] ] ] ] } },
{ "type": "Feature", "properties": { "fid": 276314.0, "oid": "DENW41AL30008NfLBL", "aktualit": "2024-08-20", "gebnutzbez": "Gebäude", "funktion": "Wohngebäude", "gfkzshh": "31001_1000", "rellage": null, "name": null, "anzahlgs": null, "gmdschl": "05362032", "lagebeztxt": "Hebbelstraße 10", "bld area": 84, "flstkennz_": "05468202000220______", "area": 580 }, "geometry": { "type": "MultiPolygon", "coordinates": [ [ [ [ 6.707706016784677, 50.909357289362184 ], [ 6.707847207616857, 50.909370324960051 ], [ 6.707864675743598, 50.909295944995954 ], [ 6.70772323734338, 50.909283030472245 ], [ 6.707706016784677, 50.909357289362184 ] ] ] ] } },
{ "type": "Feature", "properties": { "fid": 273685.0, "oid": "DENW41AL30008KjNBL", "aktualit": "2024-08-20", "gebnutzbez": "Gebäude", "funktion": "Wohngebäude", "gfkzshh": "31001_1000", "rellage": null, "name": null, "anzahlgs": null, "gmdschl": "05362032", "lagebeztxt": "Sistenichstraße 32", "bld area": 68, "flstkennz_": "05468202100365______", "area": 469 }, "geometry": { "type": "MultiPolygon", "coordinates": [ [ [ [ 6.709015605638033, 50.912209979856208 ], [ 6.709021252252486, 50.91221029757083 ], [ 6.709141834583567, 50.912216442213953 ], [ 6.709148931218126, 50.912147263956633 ], [ 6.709022581611553, 50.912142103381768 ], [ 6.709015605638033, 50.912209979856208 ] ] ] ] } },
{ "type": "Feature", "properties": { "fid": 60689.0, "oid": "DENW41AL30008L2uBL", "aktualit": "2024-08-20", "gebnutzbez": "Gebäude", "funktion": "Gebäude zum Parken", "gfkzshh": "31001_2460", "rellage": null, "name": null, "anzahlgs": null, "gmdschl": "05362032", "lagebeztxt": null, "bld area": 16, "flstkennz_": "05468202100464______", "area": 484 }, "geometry": { "type": "MultiPolygon", "coordinates": [ [ [ [ 6.709104022672378, 50.912322981633139 ], [ 6.709171858494312, 50.912326399898141 ], [ 6.709184658775039, 50.912327055900853 ], [ 6.709189058190186, 50.912327277172103 ], [ 6.709191995123635, 50.912303977133952 ], [ 6.709187609923674, 50.912303756141824 ], [ 6.709106945434894, 50.912299681318643 ], [ 6.709104022672378, 50.912322981633139 ] ] ] ] } },
{ "type": "Feature", "properties": { "fid": 273873.0, "oid": "DENW41AL30008KwFBL", "aktualit": "2024-08-20", "gebnutzbez": "Gebäude", "funktion": "Wohngebäude", "gfkzshh": "31001_1000", "rellage": null, "name": null, "anzahlgs": null, "gmdschl": "05362032", "lagebeztxt": null, "bld area": 49, "flstkennz_": "05468202100464______", "area": 484 }, "geometry": { "type": "MultiPolygon", "coordinates": [ [ [ [ 6.708889712459756, 50.912296603946388 ], [ 6.709040577351923, 50.91230403575306 ], [ 6.709041473970161, 50.912297946357498 ], [ 6.709084987583874, 50.912300383530194 ], [ 6.709087241160669, 50.912284625127441 ], [ 6.709043716879227, 50.912282115793232 ], [ 6.709013853240633, 50.912280414266014 ], [ 6.70901576677472, 50.912262310721715 ], [ 6.708945248335534, 50.912258767747524 ], [ 6.708893914976152, 50.912256230967415 ], [ 6.708889712459756, 50.912296603946388 ] ] ] ] } },
{ "type": "Feature", "properties": { "fid": 158505.0, "oid": "DENW41AL30008JxiBL", "aktualit": "2024-08-20", "gebnutzbez": "Gebäude", "funktion": "Gebäude für Land- und Forstwirtschaft", "gfkzshh": "31001_2700", "rellage": null, "name": null, "anzahlgs": null, "gmdschl": "05362032", "lagebeztxt": null, "bld area": 48, "flstkennz_": "05468202100464______", "area": 484 }, "geometry": { "type": "MultiPolygon", "coordinates": [ [ [ [ 6.708827668046871, 50.91225290669319 ], [ 6.708893914976152, 50.912256230967415 ], [ 6.708945248335534, 50.912258767747524 ], [ 6.708951815401601, 50.912206748850664 ], [ 6.708834210347938, 50.912200815363015 ], [ 6.708827668046871, 50.91225290669319 ] ] ] ] } },
{ "type": "Feature", "properties": { "fid": 274167.0, "oid": "DENW41AL30008LGSBL", "aktualit": "2024-08-20", "gebnutzbez": "Gebäude", "funktion": "Wohngebäude", "gfkzshh": "31001_1000", "rellage": null, "name": null, "anzahlgs": null, "gmdschl": "05362032", "lagebeztxt": "Sistenichstraße 30", "bld area": 67, "flstkennz_": "05468202100464______", "area": 484 }, "geometry": { "type": "MultiPolygon", "coordinates": [ [ [ [ 6.709013853240633, 50.912280414266014 ], [ 6.709043716879227, 50.912282115793232 ], [ 6.709087241160669, 50.912284625127441 ], [ 6.709134411127892, 50.912287349916895 ], [ 6.709141834583567, 50.912216442213953 ], [ 6.709021252252486, 50.91221029757083 ], [ 6.70901576677472, 50.912262310721715 ], [ 6.709013853240633, 50.912280414266014 ] ] ] ] } },
{ "type": "Feature", "properties": { "fid": 274065.0, "oid": "DENW41AL30008L9YBL", "aktualit": "2024-08-20", "gebnutzbez": "Gebäude", "funktion": "Gemischt genutztes Gebäude mit Wohnen", "gfkzshh": "31001_1100", "rellage": null, "name": null, "anzahlgs": null, "gmdschl": "05362032", "lagebeztxt": "Hauptstraße 174", "bld area": 40, "flstkennz_": "05468200800815______", "area": 218 }, "geometry": { "type": "MultiPolygon", "coordinates": [ [ [ [ 6.710336696332732, 50.913561331972097 ], [ 6.710448648333152, 50.913580770082554 ], [ 6.710475290943299, 50.913541161095736 ], [ 6.710407000412412, 50.913529289219724 ], [ 6.710358700314017, 50.913520867503678 ], [ 6.710336696332732, 50.913561331972097 ] ] ] ] } },
{ "type": "Feature", "properties": { "fid": 275204.0, "oid": "DENW41AL30008MRgBL", "aktualit": "2024-08-20", "gebnutzbez": "Gebäude", "funktion": "Gebäude zum Parken", "gfkzshh": "31001_2460", "rellage": null, "name": null, "anzahlgs": null, "gmdschl": "05362032", "lagebeztxt": null, "bld area": 15, "flstkennz_": "05468200800815______", "area": 218 }, "geometry": { "type": "MultiPolygon", "coordinates": [ [ [ [ 6.710306279479348, 50.913511762313767 ], [ 6.710358700314017, 50.913520867503678 ], [ 6.710407000412412, 50.913529289219724 ], [ 6.710417236736856, 50.913512626107313 ], [ 6.710313566950838, 50.913494888453812 ], [ 6.710306279479348, 50.913511762313767 ] ] ] ] } },
{ "type": "Feature", "properties": { "fid": 276468.0, "oid": "DENW41AL30008NpxBL", "aktualit": "2024-08-20", "gebnutzbez": "Gebäude", "funktion": "Gebäude für Wirtschaft oder Gewerbe", "gfkzshh": "31001_2000", "rellage": null, "name": null, "anzahlgs": null, "gmdschl": "05362032", "lagebeztxt": null, "bld area": 116, "flstkennz_": "05468200800815______", "area": 218 }, "geometry": { "type": "MultiPolygon", "coordinates": [ [ [ [ 6.71008636902565, 50.913517898601988 ], [ 6.710156748917486, 50.913530099473711 ], [ 6.710205826752679, 50.913538617480391 ], [ 6.710260138516672, 50.913548038633351 ], [ 6.710336696332732, 50.913561331972097 ], [ 6.710358700314017, 50.913520867503678 ], [ 6.710306279479348, 50.913511762313767 ], [ 6.710313566950838, 50.913494888453812 ], [ 6.710248741261334, 50.913483732039701 ], [ 6.710111734222019, 50.913460267432896 ], [ 6.710111057274122, 50.913460146220785 ], [ 6.710086481313029, 50.913517639976327 ], [ 6.71008636902565, 50.913517898601988 ] ] ] ] } },
{ "type": "Feature", "properties": { "fid": 275533.0, "oid": "DENW41AL30008MoHBL", "aktualit": "2024-08-20", "gebnutzbez": "Gebäude", "funktion": "Wohngebäude", "gfkzshh": "31001_1000", "rellage": null, "name": null, "anzahlgs": null, "gmdschl": "05362032", "lagebeztxt": "Merkurweg 9", "bld area": 98, "flstkennz_": "05468200800814______", "area": 225 }, "geometry": { "type": "MultiPolygon", "coordinates": [ [ [ [ 6.709845136080484, 50.91347602420732 ], [ 6.709858206174824, 50.913445237096887 ], [ 6.709869483199143, 50.913418682953079 ], [ 6.709827666750918, 50.913411503517857 ], [ 6.70966628348967, 50.913383809478475 ], [ 6.709654932110319, 50.91341013729167 ], [ 6.709641739503807, 50.913440713875289 ], [ 6.709845136080484, 50.91347602420732 ] ] ] ] } },
{ "type": "Feature", "properties": { "fid": 160205.0, "oid": "DENW41AL30008NNTBL", "aktualit": "2024-08-20", "gebnutzbez": "Gebäude", "funktion": "Wohngebäude", "gfkzshh": "31001_1000", "rellage": null, "name": null, "anzahlgs": null, "gmdschl": "05362032", "lagebeztxt": "Adenauerstraße 8", "bld area": 111, "flstkennz_": "054682021002210053__", "area": 332 }, "geometry": { "type": "MultiPolygon", "coordinates": [ [ [ [ 6.708266586061514, 50.911835859749552 ], [ 6.70831290009664, 50.911838622030849 ], [ 6.708315099618252, 50.911822520802836 ], [ 6.708348281235802, 50.911824440566498 ], [ 6.708345650483571, 50.911840632262098 ], [ 6.70841096066411, 50.911845926117444 ], [ 6.708413458180884, 50.911829839733521 ], [ 6.708426585755142, 50.911749411385713 ], [ 6.708374096465612, 50.911745511552496 ], [ 6.7083762139235, 50.911732817478125 ], [ 6.708323276199183, 50.911729358521342 ], [ 6.70832144201504, 50.911741788334389 ], [ 6.708281147250489, 50.911739288166082 ], [ 6.708266586061514, 50.911835859749552 ] ] ] ] } },
{ "type": "Feature", "properties": { "fid": 273868.0, "oid": "DENW41AL30008Kw8BL", "aktualit": "2024-08-20", "gebnutzbez": "Gebäude", "funktion": "Gebäude zum Parken", "gfkzshh": "31001_2460", "rellage": null, "name": null, "anzahlgs": null, "gmdschl": "05362032", "lagebeztxt": null, "bld area": 22, "flstkennz_": "054682021002210053__", "area": 332 }, "geometry": { "type": "MultiPolygon", "coordinates": [ [ [ [ 6.708325646314493, 50.911875991008969 ], [ 6.708405261140671, 50.911880855235971 ], [ 6.70841096066411, 50.911845926117444 ], [ 6.708345650483571, 50.911840632262098 ], [ 6.708331449899974, 50.911839813756643 ], [ 6.708325646314493, 50.911875991008969 ] ] ] ] } },
{ "type": "Feature", "properties": { "fid": 272816.0, "oid": "DENW41AL30008JktBL", "aktualit": "2024-08-20", "gebnutzbez": "Gebäude", "funktion": "Wohngebäude", "gfkzshh": "31001_1000", "rellage": null, "name": null, "anzahlgs": null, "gmdschl": "05362032", "lagebeztxt": "Friedrich-Ebert-Platz 6", "bld area": 161, "flstkennz_": "054682020000620020__", "area": 271 }, "geometry": { "type": "MultiPolygon", "coordinates": [ [ [ [ 6.710428516999893, 50.911674911543258 ], [ 6.710605295149839, 50.911676661790679 ], [ 6.71062044068232, 50.911564316757023 ], [ 6.71044465165537, 50.911554886982493 ], [ 6.710428516999893, 50.911674911543258 ] ] ] ] } },
{ "type": "Feature", "properties": { "fid": 59803.0, "oid": "DENW41AL30008JnhBL", "aktualit": "2024-08-20", "gebnutzbez": "Gebäude", "funktion": "Wohngebäude", "gfkzshh": "31001_1000", "rellage": null, "name": null, "anzahlgs": null, "gmdschl": "05362032", "lagebeztxt": "Höhenweg 50", "bld area": 72, "flstkennz_": "05468200800072______", "area": 571 }, "geometry": { "type": "MultiPolygon", "coordinates": [ [ [ [ 6.714601379313251, 50.9124043073083 ], [ 6.714733743935223, 50.912422908869303 ], [ 6.714756566138189, 50.912356943361793 ], [ 6.714624224395299, 50.912338459196633 ], [ 6.714612355432965, 50.912372800075126 ], [ 6.714601379313251, 50.9124043073083 ] ] ] ] } },
{ "type": "Feature", "properties": { "fid": 63233.0, "oid": "DENW41AL30008OfqBL", "aktualit": "2024-08-20", "gebnutzbez": "Gebäude", "funktion": "Gebäude zur Freizeitgestaltung", "gfkzshh": "31001_1310", "rellage": null, "name": null, "anzahlgs": null, "gmdschl": "05362032", "lagebeztxt": null, "bld area": 12, "flstkennz_": "05468200800072______", "area": 571 }, "geometry": { "type": "MultiPolygon", "coordinates": [ [ [ [ 6.714521094659466, 50.912354724544883 ], [ 6.71456591657431, 50.912360953818848 ], [ 6.714569674358902, 50.912361495103049 ], [ 6.714579334069773, 50.912332174640646 ], [ 6.714566221389155, 50.912330343879972 ], [ 6.714530769052564, 50.912325395379732 ], [ 6.714521094659466, 50.912354724544883 ] ] ] ] } },
{ "type": "Feature", "properties": { "fid": 158241.0, "oid": "DENW41AL30008JRlBL", "aktualit": "2024-08-20", "gebnutzbez": "Gebäude", "funktion": "Gebäude zur Freizeitgestaltung", "gfkzshh": "31001_1310", "rellage": null, "name": null, "anzahlgs": null, "gmdschl": "05362032", "lagebeztxt": null, "bld area": 13, "flstkennz_": "05468200800072______", "area": 571 }, "geometry": { "type": "MultiPolygon", "coordinates": [ [ [ [ 6.714564000730842, 50.912366663527969 ], [ 6.714612355432965, 50.912372800075126 ], [ 6.714624224395299, 50.912338459196633 ], [ 6.714579334069773, 50.912332174640646 ], [ 6.714569674358902, 50.912361495103049 ], [ 6.71456591657431, 50.912360953818848 ], [ 6.714564000730842, 50.912366663527969 ] ] ] ] } },
{ "type": "Feature", "properties": { "fid": 63412.0, "oid": "DENW41AL30008OuzBL", "aktualit": "2024-08-20", "gebnutzbez": "Gebäude", "funktion": "Wohngebäude", "gfkzshh": "31001_1000", "rellage": null, "name": null, "anzahlgs": null, "gmdschl": "05362032", "lagebeztxt": "Höhenweg 34", "bld area": 74, "flstkennz_": "05468200800059______", "area": 798 }, "geometry": { "type": "MultiPolygon", "coordinates": [ [ [ [ 6.714214743429887, 50.913278318481481 ], [ 6.714430131661619, 50.913299976546178 ], [ 6.714442897340398, 50.913258377026089 ], [ 6.71437528889719, 50.913250864984512 ], [ 6.714378555575354, 50.913239074743487 ], [ 6.71432946921236, 50.913233625315478 ], [ 6.714326187868568, 50.913245424262094 ], [ 6.714254518730366, 50.91323745486698 ], [ 6.71424856972375, 50.913258690334267 ], [ 6.714221021394802, 50.91325559643893 ], [ 6.714216521261751, 50.913271652700899 ], [ 6.714214743429887, 50.913278318481481 ] ] ] ] } },
{ "type": "Feature", "properties": { "fid": 277443.0, "oid": "DENW41AL30008OshBL", "aktualit": "2024-08-20", "gebnutzbez": "Gebäude", "funktion": "Gebäude für Land- und Forstwirtschaft", "gfkzshh": "31001_2700", "rellage": null, "name": null, "anzahlgs": null, "gmdschl": "05362032", "lagebeztxt": null, "bld area": 4, "flstkennz_": "05468200800059______", "area": 798 }, "geometry": { "type": "MultiPolygon", "coordinates": [ [ [ [ 6.714174869548583, 50.9132825831716 ], [ 6.714212587608181, 50.913286020173757 ], [ 6.714214743429887, 50.913278318481481 ], [ 6.714216521261751, 50.913271652700899 ], [ 6.71417830650529, 50.913267900171903 ], [ 6.714174869548583, 50.9132825831716 ] ] ] ] } },
{ "type": "Feature", "properties": { "fid": 159193.0, "oid": "DENW41AL30008LJmBL", "aktualit": "2024-08-20", "gebnutzbez": "Gebäude", "funktion": "Gebäude zum Parken", "gfkzshh": "31001_2460", "rellage": null, "name": null, "anzahlgs": null, "gmdschl": "05362032", "lagebeztxt": null, "bld area": 17, "flstkennz_": "05468200800058______", "area": 802 }, "geometry": { "type": "MultiPolygon", "coordinates": [ [ [ [ 6.714094029233756, 50.913347367175227 ], [ 6.714173021952782, 50.913353375495625 ], [ 6.714178882658616, 50.913326975691064 ], [ 6.714101283212628, 50.913320697859881 ], [ 6.714094029233756, 50.913347367175227 ] ] ] ] } },
{ "type": "Feature", "properties": { "fid": 276499.0, "oid": "DENW41AL30008Ns4BL", "aktualit": "2024-08-20", "gebnutzbez": "Gebäude", "funktion": "Wohngebäude", "gfkzshh": "31001_1000", "rellage": null, "name": null, "anzahlgs": null, "gmdschl": "05362032", "lagebeztxt": "Höhenweg 32", "bld area": 75, "flstkennz_": "05468200800058______", "area": 802 }, "geometry": { "type": "MultiPolygon", "coordinates": [ [ [ [ 6.714205460935301, 50.913312125361088 ], [ 6.714229998142574, 50.913314827501281 ], [ 6.714228178551399, 50.913321474475914 ], [ 6.714309401327481, 50.913330458458468 ], [ 6.714306219782684, 50.913341962553879 ], [ 6.714356935951016, 50.913347542846161 ], [ 6.714360104591401, 50.913336011514424 ], [ 6.714418246676627, 50.913342474734435 ], [ 6.714430131661619, 50.913299976546178 ], [ 6.714214743429887, 50.913278318481481 ], [ 6.714212587608181, 50.913286020173757 ], [ 6.714205460935301, 50.913312125361088 ] ] ] ] } },
{ "type": "Feature", "properties": { "fid": 160437.0, "oid": "DENW41AL30008NpJBL", "aktualit": "2024-08-20", "gebnutzbez": "Gebäude", "funktion": "Gemischt genutztes Gebäude mit Wohnen", "gfkzshh": "31001_1100", "rellage": null, "name": null, "anzahlgs": null, "gmdschl": "05362032", "lagebeztxt": "Hauptstraße 164", "bld area": 109, "flstkennz_": "05468200800875______", "area": 168 }, "geometry": { "type": "MultiPolygon", "coordinates": [ [ [ [ 6.709899432198698, 50.914113768217113 ], [ 6.710071717536609, 50.914141145181745 ], [ 6.710103203377864, 50.914059700813219 ], [ 6.709977223134122, 50.914040535747063 ], [ 6.709960058585272, 50.914037770522278 ], [ 6.709956236808921, 50.91404809270891 ], [ 6.709973799877293, 50.914051144571431 ], [ 6.709970785210523, 50.914058937265587 ], [ 6.709926040278798, 50.914051988216301 ], [ 6.709919920759374, 50.91406622271721 ], [ 6.709899432198698, 50.914113768217113 ] ] ] ] } },
{ "type": "Feature", "properties": { "fid": 160549.0, "oid": "DENW41AL30008O4XBL", "aktualit": "2024-08-20", "gebnutzbez": "Gebäude", "funktion": "Gebäude für Wirtschaft oder Gewerbe", "gfkzshh": "31001_2000", "rellage": null, "name": null, "anzahlgs": null, "gmdschl": "05362032", "lagebeztxt": null, "bld area": 2, "flstkennz_": "05468200800875______", "area": 168 }, "geometry": { "type": "MultiPolygon", "coordinates": [ [ [ [ 6.70985101881199, 50.914055489767705 ], [ 6.709831971746901, 50.914052520973506 ], [ 6.709828692541644, 50.914060780880597 ], [ 6.709845560024219, 50.914063801124037 ], [ 6.709830172105598, 50.914102794381094 ], [ 6.709834689560447, 50.914103512618787 ], [ 6.70985101881199, 50.914055489767705 ] ] ] ] } },
{ "type": "Feature", "properties": { "fid": 272678.0, "oid": "DENW41AL30008JbNBL", "aktualit": "2024-08-20", "gebnutzbez": "Gebäude", "funktion": "Gebäude für Wirtschaft oder Gewerbe", "gfkzshh": "31001_2000", "rellage": null, "name": null, "anzahlgs": null, "gmdschl": "05362032", "lagebeztxt": null, "bld area": 27, "flstkennz_": "05468200800875______", "area": 168 }, "geometry": { "type": "MultiPolygon", "coordinates": [ [ [ [ 6.709834689560447, 50.914103512618787 ], [ 6.709887896043631, 50.914111985857993 ], [ 6.709899432198698, 50.914113768217113 ], [ 6.709919920759374, 50.91406622271721 ], [ 6.70985101881199, 50.914055489767705 ], [ 6.709834689560447, 50.914103512618787 ] ] ] ] } },
{ "type": "Feature", "properties": { "fid": 274753.0, "oid": "DENW41AL30008LvWBL", "aktualit": "2024-08-20", "gebnutzbez": "Gebäude", "funktion": "Gebäude für Wirtschaft oder Gewerbe", "gfkzshh": "31001_2000", "rellage": null, "name": null, "anzahlgs": null, "gmdschl": "05362032", "lagebeztxt": null, "bld area": 10, "flstkennz_": "05468200800875______", "area": 168 }, "geometry": { "type": "MultiPolygon", "coordinates": [ [ [ [ 6.709831971746901, 50.914052520973506 ], [ 6.70985101881199, 50.914055489767705 ], [ 6.709919920759374, 50.91406622271721 ], [ 6.709926040278798, 50.914051988216301 ], [ 6.709837637393756, 50.914038249911677 ], [ 6.709831971746901, 50.914052520973506 ] ] ] ] } },
{ "type": "Feature", "properties": { "fid": 60401.0, "oid": "DENW41AL30008Kd2BL", "aktualit": "2024-08-20", "gebnutzbez": "Gebäude", "funktion": "Gebäude zum Parken", "gfkzshh": "31001_2460", "rellage": null, "name": null, "anzahlgs": null, "gmdschl": "05362032", "lagebeztxt": null, "bld area": 15, "flstkennz_": "05468202000451______", "area": 3550 }, "geometry": { "type": "MultiPolygon", "coordinates": [ [ [ [ 6.706802143067839, 50.910640241409268 ], [ 6.706802885987351, 50.910688212601315 ], [ 6.706843120806792, 50.910687860976687 ], [ 6.706842332116266, 50.910639951844537 ], [ 6.706802143067839, 50.910640241409268 ] ] ] ] } },
{ "type": "Feature", "properties": { "fid": 62061.0, "oid": "DENW41AL30008N1WBL", "aktualit": "2024-08-20", "gebnutzbez": "Gebäude", "funktion": "Wohngebäude", "gfkzshh": "31001_1000", "rellage": null, "name": null, "anzahlgs": null, "gmdschl": "05362032", "lagebeztxt": "Thomas-Mann-Straße 7, 8", "bld area": 430, "flstkennz_": "05468202000451______", "area": 3550 }, "geometry": { "type": "MultiPolygon", "coordinates": [ [ [ [ 6.706435540911307, 50.910484148409438 ], [ 6.706505291277463, 50.910496599983873 ], [ 6.706579442828008, 50.910509812568684 ], [ 6.706580384740309, 50.910507726457759 ], [ 6.706736737760715, 50.910155999407536 ], [ 6.706592973658311, 50.910130446072088 ], [ 6.706435540911307, 50.910484148409438 ] ] ] ] } },
{ "type": "Feature", "properties": { "fid": 63450.0, "oid": "DENW41AL30008OydBL", "aktualit": "2024-08-20", "gebnutzbez": "Gebäude", "funktion": "Gebäude zum Parken", "gfkzshh": "31001_2460", "rellage": null, "name": null, "anzahlgs": null, "gmdschl": "05362032", "lagebeztxt": null, "bld area": 15, "flstkennz_": "05468202000451______", "area": 3550 }, "geometry": { "type": "MultiPolygon", "coordinates": [ [ [ [ 6.706720942414187, 50.910640768356537 ], [ 6.706721463227485, 50.910688915067198 ], [ 6.706762466405348, 50.910688560581328 ], [ 6.706761798565616, 50.910640509917137 ], [ 6.706720942414187, 50.910640768356537 ] ] ] ] } },
{ "type": "Feature", "properties": { "fid": 160913.0, "oid": "DENW41AL30008OmIBL", "aktualit": "2024-08-20", "gebnutzbez": "Gebäude", "funktion": "Gebäude zum Parken", "gfkzshh": "31001_2460", "rellage": null, "name": null, "anzahlgs": null, "gmdschl": "05362032", "lagebeztxt": null, "bld area": 15, "flstkennz_": "05468202000451______", "area": 3550 }, "geometry": { "type": "MultiPolygon", "coordinates": [ [ [ [ 6.706842332116266, 50.910639951844537 ], [ 6.706843120806792, 50.910687860976687 ], [ 6.706883371605505, 50.910687473675743 ], [ 6.706882535377121, 50.910639662545215 ], [ 6.706842332116266, 50.910639951844537 ] ] ] ] } },
{ "type": "Feature", "properties": { "fid": 273611.0, "oid": "DENW41AL30008Ke5BL", "aktualit": "2024-08-20", "gebnutzbez": "Gebäude", "funktion": "Wohngebäude", "gfkzshh": "31001_1000", "rellage": null, "name": null, "anzahlgs": null, "gmdschl": "05362032", "lagebeztxt": "Am grünen Weg 16, 18", "bld area": 336, "flstkennz_": "05468202000451______", "area": 3550 }, "geometry": { "type": "MultiPolygon", "coordinates": [ [ [ [ 6.707002745627788, 50.910677308484907 ], [ 6.707128991195732, 50.910691157542779 ], [ 6.70721844495517, 50.910361230302058 ], [ 6.7070923533351, 50.910346871695111 ], [ 6.707002745627788, 50.910677308484907 ] ] ] ] } },
{ "type": "Feature", "properties": { "fid": 274047.0, "oid": "DENW41AL30008L8ABL", "aktualit": "2024-08-20", "gebnutzbez": "Gebäude", "funktion": "Wohngebäude", "gfkzshh": "31001_1000", "rellage": null, "name": null, "anzahlgs": null, "gmdschl": "05362032", "lagebeztxt": "Thomas-Mann-Straße 9", "bld area": 168, "flstkennz_": "05468202000451______", "area": 3550 }, "geometry": { "type": "MultiPolygon", "coordinates": [ [ [ [ 6.706433457148944, 50.910656722422026 ], [ 6.706557176592773, 50.910678833010557 ], [ 6.706629576020229, 50.910516464086918 ], [ 6.706580384740309, 50.910507726457759 ], [ 6.706579442828008, 50.910509812568684 ], [ 6.706505291277463, 50.910496599983873 ], [ 6.706473469055618, 50.910567450770003 ], [ 6.706433457148944, 50.910656722422026 ] ] ] ] } },
{ "type": "Feature", "properties": { "fid": 275239.0, "oid": "DENW41AL30008MUPBL", "aktualit": "2024-08-20", "gebnutzbez": "Gebäude", "funktion": "Gebäude zum Parken", "gfkzshh": "31001_2460", "rellage": null, "name": null, "anzahlgs": null, "gmdschl": "05362032", "lagebeztxt": null, "bld area": 15, "flstkennz_": "05468202000451______", "area": 3550 }, "geometry": { "type": "MultiPolygon", "coordinates": [ [ [ [ 6.706882535377121, 50.910639662545215 ], [ 6.706883371605505, 50.910687473675743 ], [ 6.706924628840705, 50.910687160101482 ], [ 6.706923734394923, 50.910639374809925 ], [ 6.706882535377121, 50.910639662545215 ] ] ] ] } },
{ "type": "Feature", "properties": { "fid": 276115.0, "oid": "DENW41AL30008NSABL", "aktualit": "2024-08-20", "gebnutzbez": "Gebäude", "funktion": "Gebäude zum Parken", "gfkzshh": "31001_2460", "rellage": null, "name": null, "anzahlgs": null, "gmdschl": "05362032", "lagebeztxt": null, "bld area": 15, "flstkennz_": "05468202000451______", "area": 3550 }, "geometry": { "type": "MultiPolygon", "coordinates": [ [ [ [ 6.706761798565616, 50.910640509917137 ], [ 6.706762466405348, 50.910688560581328 ], [ 6.706802885987351, 50.910688212601315 ], [ 6.706802143067839, 50.910640241409268 ], [ 6.706761798565616, 50.910640509917137 ] ] ] ] } },
{ "type": "Feature", "properties": { "fid": 62968.0, "oid": "DENW41AL30008OIaBL", "aktualit": "2024-08-20", "gebnutzbez": "Gebäude", "funktion": "Gebäude zum Parken", "gfkzshh": "31001_2460", "rellage": null, "name": null, "anzahlgs": null, "gmdschl": "05362032", "lagebeztxt": null, "bld area": 15, "flstkennz_": "05468202000450______", "area": 754 }, "geometry": { "type": "MultiPolygon", "coordinates": [ [ [ [ 6.70678184706654, 50.910189597427895 ], [ 6.706822188988842, 50.910191109698836 ], [ 6.706826705562087, 50.910143511677965 ], [ 6.706786280615466, 50.910141952806271 ], [ 6.70678184706654, 50.910189597427895 ] ] ] ] } },
{ "type": "Feature", "properties": { "fid": 158791.0, "oid": "DENW41AL30008KX3BL", "aktualit": "2024-08-20", "gebnutzbez": "Gebäude", "funktion": "Wohngebäude", "gfkzshh": "31001_1000", "rellage": null, "name": null, "anzahlgs": null, "gmdschl": "05362032", "lagebeztxt": "Grabenweg 20", "bld area": 175, "flstkennz_": "05468202000450______", "area": 754 }, "geometry": { "type": "MultiPolygon", "coordinates": [ [ [ [ 6.706941850760899, 50.910206898240332 ], [ 6.707211555419869, 50.910215444330234 ], [ 6.707218080892699, 50.910132466961159 ], [ 6.706948896825053, 50.910124048035769 ], [ 6.706941850760899, 50.910206898240332 ] ] ] ] } },
{ "type": "Feature", "properties": { "fid": 160634.0, "oid": "DENW41AL30008ODyBL", "aktualit": "2024-08-20", "gebnutzbez": "Gebäude", "funktion": "Gebäude zum Parken", "gfkzshh": "31001_2460", "rellage": null, "name": null, "anzahlgs": null, "gmdschl": "05362032", "lagebeztxt": null, "bld area": 15, "flstkennz_": "05468202000450______", "area": 754 }, "geometry": { "type": "MultiPolygon", "coordinates": [ [ [ [ 6.706822188988842, 50.910191109698836 ], [ 6.706862232013286, 50.910192625076547 ], [ 6.70686653403581, 50.910145049820805 ], [ 6.706826705562087, 50.910143511677965 ], [ 6.706822188988842, 50.910191109698836 ] ] ] ] } },
{ "type": "Feature", "properties": { "fid": 272863.0, "oid": "DENW41AL30008JnqBL", "aktualit": "2024-08-20", "gebnutzbez": "Gebäude", "funktion": "Gebäude zum Parken", "gfkzshh": "31001_2460", "rellage": null, "name": null, "anzahlgs": null, "gmdschl": "05362032", "lagebeztxt": null, "bld area": 15, "flstkennz_": "05468202000450______", "area": 754 }, "geometry": { "type": "MultiPolygon", "coordinates": [ [ [ [ 6.706862232013286, 50.910192625076547 ], [ 6.706902588154056, 50.910194137599021 ], [ 6.706907242351836, 50.910146632220986 ], [ 6.70686653403581, 50.910145049820805 ], [ 6.706862232013286, 50.910192625076547 ] ] ] ] } },
{ "type": "Feature", "properties": { "fid": 276067.0, "oid": "DENW41AL30008NOnBL", "aktualit": "2024-08-20", "gebnutzbez": "Gebäude", "funktion": "Gebäude zum Parken", "gfkzshh": "31001_2460", "rellage": null, "name": null, "anzahlgs": null, "gmdschl": "05362032", "lagebeztxt": null, "bld area": 31, "flstkennz_": "054682020001610017__", "area": 272 }, "geometry": { "type": "MultiPolygon", "coordinates": [ [ [ [ 6.707411228427356, 50.911482724632066 ], [ 6.707463702953619, 50.911486048988415 ], [ 6.707464341202127, 50.911486088508944 ], [ 6.707468293694156, 50.911462403721465 ], [ 6.707476630143446, 50.911412623206864 ], [ 6.707475353648411, 50.911412544165962 ], [ 6.707423148362054, 50.911409243091711 ], [ 6.707411228427356, 50.911482724632066 ] ] ] ] } },
{ "type": "Feature", "properties": { "fid": 272463.0, "oid": "DENW41AL30008JLtBL", "aktualit": "2024-08-20", "gebnutzbez": "Gebäude", "funktion": "Wohngebäude", "gfkzshh": "31001_1000", "rellage": null, "name": null, "anzahlgs": null, "gmdschl": "05362032", "lagebeztxt": "Adenauerstraße 19", "bld area": 54, "flstkennz_": "054682020001610017__", "area": 272 }, "geometry": { "type": "MultiPolygon", "coordinates": [ [ [ [ 6.707452585597695, 50.911556227472524 ], [ 6.707530271329603, 50.911561252275071 ], [ 6.707543080027384, 50.911482130889617 ], [ 6.707515596677835, 50.911480349815683 ], [ 6.707518041565152, 50.911465629518666 ], [ 6.707478149463695, 50.911463047039852 ], [ 6.707468293694156, 50.911462403721465 ], [ 6.707464341202127, 50.911486088508944 ], [ 6.707452585597695, 50.911556227472524 ] ] ] ] } },
{ "type": "Feature", "properties": { "fid": 277161.0, "oid": "DENW41AL30008OaHBL", "aktualit": "2024-08-20", "gebnutzbez": "Gebäude", "funktion": "Wohngebäude", "gfkzshh": "31001_1000", "rellage": null, "name": null, "anzahlgs": null, "gmdschl": "05362032", "lagebeztxt": null, "bld area": 16, "flstkennz_": "054682020001610017__", "area": 272 }, "geometry": { "type": "MultiPolygon", "coordinates": [ [ [ [ 6.707478149463695, 50.911463047039852 ], [ 6.707518041565152, 50.911465629518666 ], [ 6.707515596677835, 50.911480349815683 ], [ 6.707543080027384, 50.911482130889617 ], [ 6.707549343817214, 50.911442679861338 ], [ 6.707482150084032, 50.911438382839592 ], [ 6.707478149463695, 50.911463047039852 ] ] ] ] } },
{ "type": "Feature", "properties": { "fid": 158453.0, "oid": "DENW41AL30008JroBL", "aktualit": "2024-08-20", "gebnutzbez": "Gebäude", "funktion": "Wohngebäude", "gfkzshh": "31001_1000", "rellage": null, "name": null, "anzahlgs": null, "gmdschl": "05362032", "lagebeztxt": null, "bld area": 58, "flstkennz_": "05468202000438______", "area": 555 }, "geometry": { "type": "MultiPolygon", "coordinates": [ [ [ [ 6.711505790218673, 50.910416495765595 ], [ 6.711506386066745, 50.910442626328418 ], [ 6.711535948981555, 50.910443475882055 ], [ 6.711637965060762, 50.910446366782132 ], [ 6.711638887454365, 50.910411325852529 ], [ 6.71163962779128, 50.910388405404873 ], [ 6.711520892305309, 50.910382983082336 ], [ 6.711520565004705, 50.910409662170707 ], [ 6.711520619436484, 50.910416381833826 ], [ 6.711505790218673, 50.910416495765595 ] ] ] ] } },
{ "type": "Feature", "properties": { "fid": 273551.0, "oid": "DENW41AL30008KZmBL", "aktualit": "2024-08-20", "gebnutzbez": "Gebäude", "funktion": "Gebäude zum Parken", "gfkzshh": "31001_2460", "rellage": null, "name": null, "anzahlgs": null, "gmdschl": "05362032", "lagebeztxt": null, "bld area": 17, "flstkennz_": "05468202000438______", "area": 555 }, "geometry": { "type": "MultiPolygon", "coordinates": [ [ [ [ 6.71137770964749, 50.910408722459238 ], [ 6.711446602576071, 50.91041083801727 ], [ 6.711450650908578, 50.910379357096382 ], [ 6.711432244700437, 50.910378438502327 ], [ 6.711380141229668, 50.910376850069703 ], [ 6.71137770964749, 50.910408722459238 ] ] ] ] } },
{ "type": "Feature", "properties": { "fid": 272862.0, "oid": "DENW41AL30008JnQBL", "aktualit": "2024-08-20", "gebnutzbez": "Gebäude", "funktion": "Gemischt genutztes Gebäude mit Wohnen", "gfkzshh": "31001_1100", "rellage": null, "name": null, "anzahlgs": null, "gmdschl": "05362032", "lagebeztxt": "Hauptstraße 214", "bld area": 49, "flstkennz_": "05468202000438______", "area": 555 }, "geometry": { "type": "MultiPolygon", "coordinates": [ [ [ [ 6.711532860848859, 50.910504970971324 ], [ 6.711635285819384, 50.910507069415921 ], [ 6.711637965060762, 50.910446366782132 ], [ 6.711535948981555, 50.910443475882055 ], [ 6.711532860848859, 50.910504970971324 ] ] ] ] } },
{ "type": "Feature", "properties": { "fid": 274482.0, "oid": "DENW41AL30008Lc2BL", "aktualit": "2024-08-20", "gebnutzbez": "Gebäude", "funktion": "Gebäude für Land- und Forstwirtschaft", "gfkzshh": "31001_2700", "rellage": null, "name": null, "anzahlgs": null, "gmdschl": "05362032", "lagebeztxt": null, "bld area": 14, "flstkennz_": "054682020000350002__", "area": 930 }, "geometry": { "type": "MultiPolygon", "coordinates": [ [ [ [ 6.711456360340492, 50.910503362845809 ], [ 6.711455403419398, 50.910539104637415 ], [ 6.7115058354147, 50.910539679899912 ], [ 6.711506924829137, 50.910504426387966 ], [ 6.711456360340492, 50.910503362845809 ] ] ] ] } },
{ "type": "Feature", "properties": { "fid": 60539.0, "oid": "DENW41AL30008KpPBL", "aktualit": "2024-08-20", "gebnutzbez": "Gebäude", "funktion": "Gemischt genutztes Gebäude mit Wohnen", "gfkzshh": "31001_1100", "rellage": null, "name": null, "anzahlgs": null, "gmdschl": "05362032", "lagebeztxt": "Hauptstraße 212", "bld area": 106, "flstkennz_": "054682020000350002__", "area": 930 }, "geometry": { "type": "MultiPolygon", "coordinates": [ [ [ [ 6.711332590335096, 50.910573868765475 ], [ 6.711331655487148, 50.910608288855954 ], [ 6.711365339481067, 50.910608652644747 ], [ 6.711364785886913, 50.910630083731853 ], [ 6.711497560604771, 50.910631500329131 ], [ 6.711498942439754, 50.910582167785506 ], [ 6.711504373821752, 50.910582229325513 ], [ 6.7115058354147, 50.910539679899912 ], [ 6.711455403419398, 50.910539104637415 ], [ 6.71136807281355, 50.910538156497118 ], [ 6.711367041338505, 50.910574256590344 ], [ 6.711332590335096, 50.910573868765475 ] ] ] ] } },
{ "type": "Feature", "properties": { "fid": 59384.0, "oid": "DENW41AL30008JEIBL", "aktualit": "2024-08-20", "gebnutzbez": "Gebäude", "funktion": "Gebäude zum Parken", "gfkzshh": "31001_2460", "rellage": null, "name": null, "anzahlgs": null, "gmdschl": "05362032", "lagebeztxt": null, "bld area": 28, "flstkennz_": null, "area": null }, "geometry": { "type": "MultiPolygon", "coordinates": [ [ [ [ 6.709704160449331, 50.912107174296736 ], [ 6.70977649739194, 50.912111633923175 ], [ 6.709810439287841, 50.912113721088986 ], [ 6.709815615037604, 50.912080166723044 ], [ 6.709781673606992, 50.912078070573592 ], [ 6.709709336715738, 50.912073610950998 ], [ 6.709704160449331, 50.912107174296736 ] ] ] ] } },
{ "type": "Feature", "properties": { "fid": 160794.0, "oid": "DENW41AL30008OXqBL", "aktualit": "2024-08-20", "gebnutzbez": "Gebäude", "funktion": "Wohngebäude", "gfkzshh": "31001_1000", "rellage": null, "name": null, "anzahlgs": null, "gmdschl": "05362032", "lagebeztxt": "Dechant-Buff-Straße 2, 4", "bld area": 291, "flstkennz_": null, "area": null }, "geometry": { "type": "MultiPolygon", "coordinates": [ [ [ [ 6.709503417403458, 50.911916939573011 ], [ 6.709587486473085, 50.911922070297692 ], [ 6.709575606322534, 50.912000022882708 ], [ 6.709550414037188, 50.911998512109228 ], [ 6.709540862644798, 50.912063226104031 ], [ 6.709709336715738, 50.912073610950998 ], [ 6.709781673606992, 50.912078070573592 ], [ 6.709791624049815, 50.912013625221668 ], [ 6.709684225709717, 50.912006993481022 ], [ 6.709696235803381, 50.911928998465889 ], [ 6.709719440456999, 50.911930425229734 ], [ 6.709728401368245, 50.911871356924259 ], [ 6.709512514791141, 50.911857415261515 ], [ 6.709503417403458, 50.911916939573011 ] ] ] ] } },
{ "type": "Feature", "properties": { "fid": 272296.0, "oid": "DENW41AL30005Gv6BL", "aktualit": "2024-08-20", "gebnutzbez": "Gebäude", "funktion": "Gebäude für soziale Zwecke", "gfkzshh": "31001_3060", "rellage": null, "name": null, "anzahlgs": null, "gmdschl": "05362032", "lagebeztxt": null, "bld area": 72, "flstkennz_": null, "area": null }, "geometry": { "type": "MultiPolygon", "coordinates": [ [ [ [ 6.709781673606992, 50.912078070573592 ], [ 6.709815615037604, 50.912080166723044 ], [ 6.709923765972476, 50.912086831098136 ], [ 6.709933715780441, 50.912022394717098 ], [ 6.709791624049815, 50.912013625221668 ], [ 6.709781673606992, 50.912078070573592 ] ] ] ] } },
{ "type": "Feature", "properties": { "fid": 272307.0, "oid": "DENW41AL30005HBuBL", "aktualit": "2024-08-20", "gebnutzbez": "Gebäude", "funktion": "Gebäude für soziale Zwecke", "gfkzshh": "31001_3060", "rellage": null, "name": null, "anzahlgs": null, "gmdschl": "05362032", "lagebeztxt": null, "bld area": 139, "flstkennz_": null, "area": null }, "geometry": { "type": "MultiPolygon", "coordinates": [ [ [ [ 6.709719440456999, 50.911930425229734 ], [ 6.709921631556838, 50.911942829584667 ], [ 6.709921666600169, 50.911942695360771 ], [ 6.709930627258657, 50.911883627036595 ], [ 6.709938911616491, 50.911829060480372 ], [ 6.709834844434464, 50.911822683120484 ], [ 6.709826556868189, 50.911877312565935 ], [ 6.709826495699755, 50.911877689117922 ], [ 6.709728401368245, 50.911871356924259 ], [ 6.709719440456999, 50.911930425229734 ] ] ] ] } },
{ "type": "Feature", "properties": { "fid": 272316.0, "oid": "DENW41AL30005HJpBL", "aktualit": "2024-08-20", "gebnutzbez": "Gebäude", "funktion": "Gebäude für soziale Zwecke", "gfkzshh": "31001_3060", "rellage": null, "name": null, "anzahlgs": null, "gmdschl": "05362032", "lagebeztxt": null, "bld area": 20, "flstkennz_": null, "area": null }, "geometry": { "type": "MultiPolygon", "coordinates": [ [ [ [ 6.709520723362166, 50.912192031141707 ], [ 6.709563214014825, 50.912194439064756 ], [ 6.709571806063932, 50.912133906487497 ], [ 6.709529329678735, 50.912131498847224 ], [ 6.709520723362166, 50.912192031141707 ] ] ] ] } },
{ "type": "Feature", "properties": { "fid": 275319.0, "oid": "DENW41AL30008MaHBL", "aktualit": "2024-08-20", "gebnutzbez": "Gebäude", "funktion": "Wohngebäude", "gfkzshh": "31001_1000", "rellage": null, "name": null, "anzahlgs": null, "gmdschl": "05362032", "lagebeztxt": "Sistenichstraße 39", "bld area": 169, "flstkennz_": null, "area": null }, "geometry": { "type": "MultiPolygon", "coordinates": [ [ [ [ 6.709436164980058, 50.912281445787166 ], [ 6.709501709482415, 50.912285169657309 ], [ 6.70950508005496, 50.912261437412155 ], [ 6.709622262254325, 50.912267874586568 ], [ 6.709632149132824, 50.912198355326034 ], [ 6.709563214014825, 50.912194439064756 ], [ 6.709520723362166, 50.912192031141707 ], [ 6.709529329678735, 50.912131498847224 ], [ 6.709534853009853, 50.912092608816401 ], [ 6.709462776370268, 50.912088064207751 ], [ 6.709436164980058, 50.912281445787166 ] ] ] ] } }
]
}
